[MCS8 A] 97 FW 3.104 SV 1.257 
range=1024
periods=2
sweepmode=27e20d0
fstchan=0
holdafter=0
streamstatus=3
calreg0=0
calreg1=0
calreg2=0
calreg3=0
swpreset=8000        
prena=1
syncout=0
cycles=18
sequences=1
tagbits=16
vdac0=92c
vdac1=807
vdac2=8c8
vdac3=8c8
vdac4=8c8
vdac5=8c8
vdac6=8c8
vdac7=8c8
timepreset=150.000     
digio=0
digval=0
autoinc=0 
savedata=2 
mpafmt=asc
sephead=0 
fmt=asc
smoothpts=5 
[CHN1]
REPORT-FILE from 07/27/2026 12:44:55.332  written 07/27/2026 12:44:55
cmline0=07/27/2026 12:44:55.332 
cmline1=A1
range=1024
active=1
bitshift=4
cftfak=2580100
evpreset=10          
roimin=0
roimax=1000
caloff=0.800000
calfact=12.800000
calfact2=0
calfact3=0
calunit=nsec
caluse=1 
[CHN2]
REPORT-FILE from  written 07/27/2026 12:44:55
cmline1=A2
range=1024
active=0
bitshift=4
cftfak=2580100
evpreset=10          
roimin=0
roimax=1000
caloff=0.800000
calfact=12.800000
calfact2=0
calfact3=0
calunit=nsec
caluse=1 
[CHN3]
REPORT-FILE from  written 07/27/2026 12:44:55
cmline1=A3
range=1024
active=0
bitshift=4
cftfak=2580100
evpreset=10          
roimin=0
roimax=1000
caloff=0.800000
calfact=12.800000
calfact2=0
calfact3=0
calunit=nsec
caluse=1 
[CHN4]
REPORT-FILE from  written 07/27/2026 12:44:55
cmline1=A4
range=1024
active=0
bitshift=4
cftfak=2580100
evpreset=10          
roimin=0
roimax=1000
caloff=0.800000
calfact=12.800000
calfact2=0
calfact3=0
calunit=nsec
caluse=1 
[CHN5]
REPORT-FILE from  written 07/27/2026 12:44:55
cmline1=A5
range=1024
active=0
bitshift=4
cftfak=2580100
evpreset=10          
roimin=0
roimax=1000
caloff=0.800000
calfact=12.800000
calfact2=0
calfact3=0
calunit=nsec
caluse=1 
[CHN6]
REPORT-FILE from  written 07/27/2026 12:44:55
cmline1=A6
range=1024
active=0
bitshift=4
cftfak=2580100
evpreset=10          
roimin=0
roimax=1000
caloff=0.800000
calfact=12.800000
calfact2=0
calfact3=0
calunit=nsec
caluse=1 
[CHN7]
REPORT-FILE from  written 07/27/2026 12:44:55
cmline1=A7
range=1024
active=0
bitshift=4
cftfak=2580100
evpreset=0           
roimin=0
roimax=1000
caloff=0.800000
calfact=12.800000
calfact2=0
calfact3=0
calunit=nsec
caluse=1 
[CHN8]
REPORT-FILE from  written 07/27/2026 12:44:55
cmline1=A8
range=1024
active=0
bitshift=4
cftfak=2580100
evpreset=0           
roimin=0
roimax=1000
caloff=0.800000
calfact=12.800000
calfact2=0
calfact3=0
calunit=nsec
caluse=1 
;MCS8 #97 Sversion=1.257 Fversion=3.68
time_patch=1
;datalength=8 bytes
;bit0..3: channel# 1..8 ( 4 bit)
;bit4: edge 0=up / 1=dn ( 1 bit)
;bit5 ..57: timedata    (53 bit), max sweep length 2001.6 h
;bit58..62: tag0..tag4  ( 5 bit)
;bit63:     data_lost   ( 1 bit)
[DATA]
0000000000000016
000000003138bed9
000000003138cbd9
00000000931d0159
0000000149dc8d59
000000014b398299
000000014c0c0a99
000000014c0c11f9
000000014c0c4a99
000000014c0c4c19
000000014c0c66f9
0000000158316479
00000001ac1645f9
00000001ac1660f9
00000001d0b35e99
00000001d28ecbd9
00000001d43c01d9
00000001e1785e59
00000002187465f9
000000027432f0f9
00000002d45eac59
00000003a5530df9
00000003bfc4b4d9
00000003f7030279
00000003f81fdb99
00000003f81fe8d9
00000003f8203e39
000000042091e6f9
000000042fdfc359
000000049d221bb9
00000004d45cec99
000000053902f5f9
0000000561a09979
000000059404c1b9
0000000598b17059
0000000598b180d9
00000005b19e1319
00000005cf690519
00000005d4517819
000000062ded8e59
000000062deda259
00000006627061f9
0000000664a60a99
0000000673529a79
0000000675e15e79
00000006b335c7d9
000000070e575579
0000000775b4a1f9
00000007af8b1319
00000007f4630759
00000008095c3fd9
000000086adf1fb9
00000008711c39f9
00000008806a21d9
000000088ed62539
00000008d852d4b9
00000008e54241f9
000000091a662b79
00000009608543f9
0000000960854599
0000000a540e2319
0000000a6b8424b9
0000000b3922f2d9
0000000bf72fb8f9
0000000bf72fb979
0000000bf72fbab9
0000000bfd5d2319
0000000bfd5d36d9
0000000c256d16b9
0000000c549e8519
0000000c57a8ec59
0000000d00b7ceb9
0000000d6317d499
0000000d85a5f119
0000000dcf05fe19
0000000e330085f9
0000000e60c49bf9
0000000e716fd8b9
0000000ed5f89a99
0000000ed5f8a1f9
0000000ef6c34519
0000000f40560ab9
0000000f53823159
0000000fa0cdd299
0000000fadbe0dd9
0000000fadbe9639
000000103630b279
0000002157d78361
0000000003162771
0000000000000181
00000010f8942179
0000001107a44db9
000000114311cbb9
000000117df277f9
000000118bb0db59
0000001199fce979
000000126e218899
00000012bf8b3b79
00000012cd7d13f9
00000012f301a419
000000134555fcd9
00000013907c87f9
000000139fa514d9
00000013df3d43d9
00000013df3d9299
0000001440282c79
000000150686cd59
0000001535f90b79
000000154ee2dd19
00000015bf00ac39
0000001644fe77d9
00000016cce24ef9
00000016df9e0d59
000000172bf5e859
000000172e902d99
000000175de6f3b9
000000175de6fa99
00000017a4326c39
00000018a3f6ae79
00000018eb52da79
0000001900eb2479
000000193994e019
000000196f5cbd79
00000033f8421f61
0000000003162771
0000000000000181
0000001b076ac4d9
0000001b3258bfb9
0000001b45e81339
0000001b45e824d9
0000001b4a59e519
0000001b8bdfb599
0000001c0758ab79
0000001ca4c677b9
0000001d7fa811d9
0000001d7fa866f9
0000001df4fe4959
0000001e15de8b79
0000001e1a3e2659
0000001e3e22c119
0000001e6853cab9
0000001e6853cc39
0000001e8eb65259
0000001ec4f606b9
0000001f3c036e79
0000001fba0a5af9
0000002035700919
0000002065fec8f9
00000020b9ec6ab9
00000020c6efe339
00000020ed267e39
000000211aeb1fb9
000000212951d999
00000021851fdff9
00000021a38c4239
00000021d60bd8d9
00000021e43852d9
00000021f7730db9
0000002208bf4b99
0000002208bf7af9
00000022974d1799
00000022b0378719
00000022b0379eb9
00000022b2c7bd39
00000022c90848f9
00000022edf5e859
0000004698acbc61
0000000003162771
0000000000000181
000000238e88d299
000000238e88db59
00000023af28dfd9
00000023c353af39
00000023f6345159
00000023fb8e3b59
000000240a66fc39
000000243a543279
00000024af566399
00000024af567ad9
00000024af568519
00000024fe6837b9
0000002567ff2479
0000002567ff36b9
0000002582edde19
00000026015a96b9
000000275036ab19
000000279fba0c19
00000027cb751499
00000027f7f41a59
0000002837812659
000000283781cf39
0000002845e10499
000000290850c019
000000290b17f6b9
0000002979413659
0000002a21352d39
0000002a21354519
0000002a21356799
0000002a3ba92eb9
0000002a83830c59
0000002b0b83f0f9
0000002b2de2fdb9
0000002beea25e99
0000002c06773bb9
0000002c375795b9
0000002c3757cc39
0000002c7dd93799
0000002c99c73319
0000005939175861
0000000003162771
0000000000000181
0000002cabe64659
0000002cff8877d9
0000002cff8879b9
0000002d0611f4d9
0000002d0f833b59
0000002d14b299b9
0000002d2324b519
0000002db9731cd9
0000002dbc6c7f79
0000002e2ff9b519
0000002e68dd05b9
0000002e68deee59
0000002f4f4f2099
0000002f92cc5e39
000000301bf69239
000000302249f1d9
0000003030cf8b19
00000030b5d89919
00000030ca2c9599
00000030cbb95eb9
00000030cbb970f9
00000030cbe551b9
00000031721e9579
000000319e922699
00000032b5459719
00000032cd094a19
00000032f66df499
0000003337cadab9
0000003357dce6f9
000000344f510459
000000345d02a0b9
00000034f0e27859
00000034f0e28819
000000356d3b6d19
0000003578506599
0000003585814639
0000006bd981f561
0000000003162771
0000000000000181
0000003602345039
000000363e491619
000000366f151d79
00000036e70f0e39
0000003719552199
0000003719556dd9
000000378a22fc39
000000385b666959
0000003873401b59
0000003879471859
00000038980161b9
00000038a50ac619
00000038a50ad6d9
00000038e0d18619
00000038f2f23b79
00000039019ac6f9
0000003981b46779
000000398b03b699
0000003a6d890539
0000003a6d892479
0000003a82fdf339
0000003b847e5219
0000003ba01ba7d9
0000003c06f255d9
0000003c18e58379
0000003c2d4671b9
0000003c46f66399
0000003ca1fafe79
0000003cbd416af9
0000003d38a60bf9
0000003d76e9bd39
0000003d7c7f4699
0000003dfeb06579
0000003e14bc57b9
0000003e3759bbd9
0000003e39b8e599
0000003e7f3710d9
0000003e7f3718f9
0000003e8fa5af59
0000003ea052a139
0000003ea63fb6b9
0000003ea63fbd19
0000003eb172efb9
0000007e79ec9161
0000000003162771
0000000000000181
0000003f4e59ac99
0000003fcc809b39
0000003fd5475eb9
0000003ffc1219d9
000000406b820339
00000040d2721d59
000000415875b299
000000419c434499
00000042b831ff39
0000004303dd5779
0000004321404c19
00000043a8ad4e99
00000043aab90599
00000043aab906f9
00000044457adef9
00000044723c0c39
00000044da19e9b9
00000044eb9fbcd9
00000045778da6d9
00000045778dd2b9
00000045789643d9
00000046029f1b99
0000004629840199
00000046298418d9
000000465a88f979
00000046986689f9
00000046ccc36f99
000000477a61fcb9
00000047cd569379
00000047f90424d9
000000485d8fc8d9
000000911a572d61
0000000003162771
0000000000000181
00000048d0a66e39
00000048d0a68179
00000048f6993c79
0000004919f2f539
000000498583b179
0000004a09f3ad59
0000004a8fdb4199
0000004a9661ed39
0000004aa0069259
0000004ab22adbd9
0000004ada30c1f9
0000004b01cd9e99
0000004b3bd2bc39
0000004c704285b9
0000004d2f51d1b9
0000004d6b5bba59
0000004d7bacd319
0000004e1272c2f9
0000004f399fc079
0000004f45f8d319
0000004f4dc05a39
0000004f4dc0db39
0000004fad7f7759
0000004feb386c79
0000004ffabf9259
00000050a6054699
000000512527c7d9
000000512527de19
000000a3bac1ca61
0000000003162771
0000000000000181
00000051f921f999
000000533616d5d9
0000005336171e79
00000053acacdbd9
0000005494083dd9
00000054e506ee39
00000054f22047b9
000000561466c679
000000561466c719
0000005619308c79
000000564c34d359
0000005652725a19
000000568183edf9
00000056a5c0e319
00000056a5c0ea99
00000056a86d4779
00000056c6c791f9
000000570e460179
000000570e462019
00000057904b75b9
00000057d0664859
00000057fc400599
0000005806e1e279
0000005806e20159
0000005806e25819
00000058773ec0d9
0000005933f8ed79
0000005933f907b9
000000598d156c59
00000059d9269b19
00000059d926d9b9
0000005a0c34a379
0000005a18fa68b9
0000005afada44d9
0000005b185a6af9
0000005b185ae0b9
000000b65b2c6661
0000000003162771
0000000000000181
0000005bedb18cd9
0000005bedb1aa39
0000005c16b335b9
0000005c321966f9
0000005cf57361d9
0000005d8fa7d639
0000005d9a843ff9
0000005dae28f7f9
0000005dc81050d9
0000005dd2dfa579
0000005e03dfc719
0000005e60846d59
0000005e608482b9
0000005e62b30d19
0000005f34692bb9
0000005f933091b9
0000005f93309339
0000006008190559
000000602793d5b9
00000060c536c419
000000611fd87cd9
000000612c552059
0000006147010d99
0000006164273fd9
00000061810e2159
00000061810e2319
0000006183cd0279
0000006196021a79
000000619c2e6679
000000619cbab279
00000061aa79fe79
00000062002a7eb9
000000624dc5d4f9
000000624dc5e899
000000624dc62a39
0000006256b89499
00000062b65d0319
00000062c7647eb9
00000062c7d038f9
00000062cb29ae79
00000062f1e80d59
000000636c82c219
00000063761386b9
0000006416a55ed9
0000006416a57319
000000c8fb970361
0000000003162771
0000000000000181
000000649db5fef9
00000065502f7519
00000065521a7819
00000065521a8679
000000661fad9b39
00000066267cc0f9
0000006648399a19
000000668906c959
00000066c25e5af9
00000066f37b3d59
0000006825a2ee99
000000683e0a7279
00000068c1bbfc39
00000068effc7eb9
00000068fe1764d9
0000006909a592b9
0000006909a5a5f9
0000006931be3079
0000006933449479
000000698ea32439
000000698ea325d9
000000698ea32e79
00000069d6ceecd9
00000069dd27b899
0000006a34b1dc59
0000006a34b1ec99
0000006a76d457b9
0000006ae93ac8b9
0000006b0d1970f9
0000006bc2a1b0d9
0000006bca541d79
0000006bca542679
0000006c50f29d19
0000006c7ec297b9
0000006ca28bd179
0000006ca28befd9
0000006d3ee708d9
0000006d63f47bf9
0000006d63f49319
0000006d98053fb9
0000006db240b2d9
000000db9c019f61
0000000003162771
0000000000000181
0000006e3ae1cd99
0000006e3e941179
0000006e8c519a99
0000006ea42731b9
0000006ea67d4939
0000006ebc015d79
0000006ec853a9f9
0000006f4c3016f9
0000006f73416299
0000006f73417459
0000006f8dc6ed39
0000006fc4b75cb9
00000070ba0828f9
00000070cda41c79
00000070ddd516f9
00000070ddd51e59
00000070ed9d8139
000000712a800eb9
0000007140066ed9
000000719510ea79
00000071aa74c359
0000007226c437b9
0000007226c43999
0000007274f6d939
000000728eb0c019
00000072f4ea1079
0000007350f3e059
000000738fba6e99
00000073fe48ffd9
000000750cfb32f9
00000075452dd279
000000754a65ceb9
000000755fd3bc59
000000755fd3d119
000000755fd3f5f9
000000756f8cebd9
000000758618bb19
0000007586195ab9
00000075b812fbb9
00000075d4581899
00000076073002d9
000000760f254b39
00000076197e9dd9
0000007677b96b79
0000007684be8bd9
00000076c649a539
000000ee3c6c3c61
0000000003162771
0000000000000181
0000007737186b79
00000077ccda6719
000000784d010f19
00000078b17c3a59
00000078b3b06159
0000007921b6a059
0000007922a85d39
00000079c0217b39
00000079f39de9b9
00000079f39e2019
0000007a04eb1319
0000007a5c61f959
0000007a5c622459
0000007aaf91ae39
0000007ad28808d9
0000007af006ecb9
0000007afa586499
0000007b1b370419
0000007b5c1ec779
0000007ba5837a79
0000007ba583e639
0000007be7fd1cf9
0000007bf6b15719
0000007c5ee2b399
0000007ca7dd9039
0000007cdeead379
0000007ce749add9
0000007ce8ee3df9
0000007d0217dab9
0000007d408306f9
0000007d60047159
0000007d7c5a4e99
0000007d7ebccc19
0000007e8dfb75b9
0000007ee4d19eb9
0000007f1a7d7cf9
0000007f1a7d8cb9
0000007fa6ad3d79
0000007fc8453cf9
0000007fc8454b59
00000080232a0039
0000008064c17c59
00000100dcd6d861
0000000003162771
0000000000000181
00000081531bec39
00000081a99174f9
00000081af27a399
000000820a09f199
0000008220668a79
0000008220669c79
000000827f09e559
000000828b0f5799
000000829655bf79
00000082ea0fcf99
00000083111d9019
00000083791eb059
00000083a6a2afb9
00000083c99d3339
000000848256b999
0000008494851639
00000084c18b9059
00000084e6602319
00000084f5fd8799
00000084faf62739
00000084faf628f9
00000084fd1e1859
00000085441b9339
00000085cf6ba699
000000860ff44319
000000862e79fb59
000000870ea14939
000000870ea15099
000000876abef2d9
000000879ee55479
00000088c1e31219
00000089004985d9
00000089085854f9
0000008908586b99
0000008927ce6879
00000089b4be18d9
00000089b8a07e79
000001137d417561
0000000003162771
0000000000000181
0000008a032f42b9
0000008a18db49b9
0000008a26d89d19
0000008a498a4e79
0000008ae9e50c79
0000008b0031ca99
0000008b398eedf9
0000008b402a1dd9
0000008b55b82bd9
0000008ba1d92f19
0000008bcf91e179
0000008bd0d030b9
0000008c0c388ef9
0000008c3b4aabf9
0000008c70d3e8d9
0000008c8a0dd879
0000008c94ffd8f9
0000008ce6b5ee39
0000008d0991d019
0000008d15819679
0000008d9c2e8999
0000008db63be6b9
0000008db63bf719
0000008db63bf979
0000008dbde561f9
0000008dc8c16019
0000008df022edd9
0000008e334f3c79
0000008ec098ebb9
0000008ec098ff79
0000008ecd1643d9
0000008f8c35cbf9
0000008fbae9e5f9
0000008fbae9e779
0000008fdff97279
0000009005c01b19
0000009068011fd9
00000090fa0760b9
000000910a542079
000000914db4a3b9
000000918cf9dc39
00000091d8013379
00000091d8014479
00000092118c11b9
0000009252657b99
0000009284df1c39
000000929b314379
00000092ea863039
000001261dac1261
0000000003162771
0000000000000181
00000093606f2699
000000936cba32b9
0000009385cf0399
000000938f7d6939
00000093e449a879
00000094168d4a19
00000094168d4bf9
000000942fb220d9
000000944ad6ff79
000000945d94a159
000000946407a759
00000094b5778759
000000954cd7f999
000000956323b239
0000009566c978f9
000000965f741c99
0000009673735a79
00000096ac83d379
00000096b6ec64f9
0000009737b6f8d9
0000009741fa1cd9
000000978a345459
000000978ed851b9
00000097b320ab39
00000097b632eff9
00000098c44bf319
00000098d8bfbe79
00000098e3f25779
00000099478d61d9
0000009968bbef59
0000009968bc02f9
000000998e9f6ff9
000000998e9f7e99
000000998e9f9399
00000099ca5171d9
0000009a2fb174b9
0000009a2fb194b9
0000009a49f07cd9
0000009a8da13959
0000009ac9888af9
0000009b0b949c79
0000009b65e2e539
0000009c0dcdf6d9
0000009c0ef7a499
0000009c38e2bd39
0000009c5c221cf9
00000138be16ae61
0000000003162771
0000000000000181
0000009c6635a2b9
0000009c6cec9579
0000009c7bbad739
0000009cbdd43679
0000009cc25855f9
0000009cf12a5619
0000009cf12a6a19
0000009cf872e019
0000009d55e0ab59
0000009d55e0be79
0000009dfdf77d59
0000009e2aaf8f19
0000009e2aafa539
0000009eba57fed9
0000009ed2dcf219
0000009f2a8489f9
0000009f73095039
0000009f7c8865f9
0000009f9067d2b9
0000009fd1baa6d9
0000009fe80d4619
000000a00affaab9
000000a00affb219
000000a047e94419
000000a051e03e59
000000a0e83c5c19
000000a0e83c5dd9
000000a199ae16b9
000000a214adf099
000000a237cc6019
000000a24a8f5599
000000a270befc59
000000a403454c19
000000a41e9dce59
000000a44d476b59
000000a471bb1039
000000a489899a19
000000a4e485f399
000000a50b467199
000000a524de0cf9
000000a5503c10f9
000000a551ece099
000000a5969d3899
0000014b5e814b61
0000000003162771
0000000000000181
000000a5e08e62f9
000000a5eff89db9
000000a5eff8b4d9
000000a5f98cecb9
000000a6c5372799
000000a6cf1c3439
000000a7110c4819
000000a7a2fca459
000000a835b16619
000000a83ff57e59
000000a87a431019
000000a8a9c21379
000000a8a9c22e99
000000a8bac58eb9
000000a8d81953f9
000000a91a318bf9
000000a920313a39
000000a920315299
000000a954d29319
000000a987b0dc99
000000a99fcee019
000000a9d325a559
000000a9ef738699
000000aa1f673c39
000000aac5df2739
000000aac5df2e99
000000aac5df3b19
000000ab7c7b9759
000000abd5486e99
000000abd548a179
000000abe09d0459
000000ac057bf579
000000ac79f1fe59
000000ac89a98699
000000acda151e19
000000acda1538d9
000000acda153959
000000ad2dc247b9
000000ad66db4699
000000adcf9a1a19
000000addd1f9f99
000000adebf9bf79
000000ae44dfe0d9
000000ae4e617b39
000000ae581ade59
000000ae581af019
000000ae581af479
000000aef91b5979
0000015dfeebe761
0000000003162771
0000000000000181
000000af0d459fb9
000000af2636c679
000000af2810b519
000000af37b095d9
000000af622abc79
000000af8082b7b9
000000af96da3ed9
000000afc12d8679
000000afc29be099
000000b07c3baa99
000000b07c3ca259
000000b13e3aa219
000000b14d8c4c79
000000b14d8c5f39
000000b1e4119e99
000000b1e411a5f9
000000b1e92c02f9
000000b217e7c3b9
000000b244521479
000000b244522b19
000000b263f85f59
000000b282ce7579
000000b2debc6179
000000b2ebd2dbb9
000000b379860639
000000b38e9910d9
000000b410b47ed9
000000b43aea4a39
000000b43aea6299
000000b451562f19
000000b451564979
000000b549c27e99
000000b5813ce6f9
000000b5971c99d9
000000b5971ca1d9
000000b5aaf47739
000000b654345459
000000b65db910b9
000000b688efc9d9
000000b6cab743f9
000000b6cab75379
000000b6d4d19fd9
000000b6d4d1b419
000000b6ee49cd99
000000b74c4e4d59
000000b77ba816d9
000000b77ba82979
000000b77ba82a19
000000b77ba82a59
000000b77ba830f9
000000b7ef12d259
000000b7ef12d9b9
000001709f568461
0000000003162771
0000000000000181
000000b8f71204f9
000000b940cbcf99
000000b975776699
000000b9f6b01a79
000000bb0758b699
000000bb0a4f63d9
000000bb0a4f6559
000000bb222ac699
000000bbc799d739
000000bbdfbe5879
000000bbfa82d039
000000bc0aef2f39
000000bcc12e3b39
000000bcf3638d19
000000bcff3a41b9
000000bd6d2c7eb9
000000bd8f487d79
000000bdaeb524d9
000000bdc9e46ab9
000000bdc9e483f9
000000bdc9e4def9
000000bdd578c419
000000bdd8d97fd9
000000be0c92a459
000000be33f59eb9
000000be69c098d9
000000be69c09ab9
000000bf09edfed9
000000bf40b7e039
000000bf81703e39
000000bf8abf2679
000000bf8abf2d79
000000bfa7e710f9
000000bfdfb2df79
000000bfdfb2f599
000000bfe56e85b9
000000c0017b3cb9
000000c0324f1459
000000c055e65479
000000c05609a219
000000c0d8de83d9
000000c0d8dedf79
000000c121ae0819
000000c19b79daf9
000001833fc12161
0000000003162771
0000000000000181
000000c1b93e69b9
000000c1cf34cdd9
000000c22f10d539
000000c2a3f0d7d9
000000c2ca53d399
000000c2cd6f6039
000000c2d968daf9
000000c2fc1836f9
000000c308c866d9
000000c314982719
000000c31498dd59
000000c38751f179
000000c3aab56419
000000c46d102279
000000c4d5670f99
000000c4e6f3e139
000000c5c3dacad9
000000c5c3db13f9
000000c5e85bd979
000000c5ed16cf79
000000c628c08719
000000c66c2f31f9
000000c66c2fa959
000000c679c60519
000000c69b099659
000000c69b09ae59
000000c6f01d75b9
000000c6f01d7779
000000c6fc7b1739
000000c708c5d499
000000c708c5e7b9
000000c708c61339
000000c78ec01699
000000c85a10f0d9
000000c85a10ff79
000000c85a1103d9
000000c93650f579
000000c963e53699
000000c9c91f9d19
000000ca1ccf2e39
00000195e02bbd61
0000000003162771
0000000000000181
000000cb22db8cb9
000000cb40ce24d9
000000cb5e63db59
000000cb69ca7f19
000000cbffac7b39
000000cc0487abf9
000000cc0b9dee39
000000cc6511afd9
000000cc6511b739
000000cc6e441fb9
000000cca4868459
000000cca4869959
000000cca4872a59
000000ccb8971559
000000ccb8971e79
000000ccd57241d9
000000cd57a131f9
000000cde5096779
000000cdeb5076b9
000000ce1f8d41d9
000000ce38029579
000000ce44dcb0b9
000000ce6ba24a79
000000ce73bc3879
000000ce96d99919
000000ce978683d9
000000cef2585a79
000000cef2587799
000000cef72dc359
000000cf0e1ed6d9
000000cf4487a799
000000cfdefe0eb9
000000d013e0ae39
000000d013e0aeb9
000000d013e0aef9
000000d013e0b599
000000d013e0c8f9
000000d081cf9d39
000000d09d0437d9
000000d0f262cbb9
000000d1c4fac1b9
000000d1d89e82b9
000000d20882e539
000000d2112c3fd9
000000d249c30cd9
000000d2ad6194d9
000000d2cadf7879
000000d2f347bcd9
000000d335ba5b59
000000d335ba6ef9
000000d335ba6fd9
000000d37c522379
000000d3be37f799
000001a880965a61
0000000003162771
0000000000000181
000000d4dff2e4f9
000000d4fa285b19
000000d5168be419
000000d5168c4fb9
000000d535b32bf9
000000d5c66dc0d9
000000d649a3c539
000000d6f17b9679
000000d6f1bea8f9
000000d71de8dd39
000000d72080c979
000000d7387d6619
000000d7b99353b9
000000d7ce5bd9d9
000000d7f4338d79
000000d8033c8b59
000000d8ad5c26d9
000000d8bf8943b9
000000d8d4684e59
000000d8fbc35c39
000000d94c6d37d9
000000d99e905019
000000da0646a539
000000da0646b819
000000da11176659
000000da9556dff9
000000da9ae23099
000000da9af913f9
000000daabac5699
000000dad2aba439
000000dad2abb699
000000dad60113d9
000000dadb7c1b59
000000daea425059
000000dbbf7e7c59
000000dbd24ebf19
000000dbe83ca419
000000dc006a0519
000000dc3910b1f9
000000dd2a3ec019
000000dd576990d9
000001bb2100f761
0000000003162771
0000000000000181
000000dd92d4a1b9
000000dd959c1699
000000ddab8c7d99
000000ddab8c9b39
000000ddab8d7b59
000000ddf59a8ad9
000000de6e197179
000000de714ba539
000000de866c9df9
000000de866d1299
000000dea141b099
000000dec21a74b9
000000df1b37e9f9
000000df4489aa39
000000e005eaec59
000000e073cf5cf9
000000e073cf74f9
000000e073cf7a99
000000e074f7f859
000000e0d2c5f459
000000e0e3274339
000000e131119779
000000e1f0be5219
000000e260bdcfb9
000000e26f0325b9
000000e2be65e979
000000e35a082e19
000000e35a083e19
000000e36cd03ab9
000000e3f6a893d9
000000e443c1d7f9
000000e45b3a0e19
000000e45b3a15f9
000000e4619ed3b9
000000e576debef9
000000e57d87e5d9
000000e59d19c339
000000e5ae85fdb9
000000e5cc9443b9
000000e5d5b0f499
000000e6533d8219
000000e67d13c6b9
000000e6897711f9
000000e6897713b9
000000e6c0601079
000001cdc16b9361
0000000003162771
0000000000000181
000000e709db0479
000000e710cec0b9
000000e787ccfe19
000000e7dfd3ea59
000000e83484ad19
000000e852744ff9
000000e8d4b7a999
000000e8d4b7bab9
000000e90c666839
000000e90c66b559
000000e90c66b5f9
000000e9bb2edf19
000000e9cb376a99
000000e9d1cedf79
000000ea00c62839
000000ea94440799
000000eaf0ec1599
000000eb50322cf9
000000eb7e893199
000000eb7e89a139
000000eb96d85fb9
000000eb9c8ada59
000000ebf0d34719
000000ebf54c99b9
000000ebfc5c7cd9
000000ec5b2111d9
000000ec8e9e9199
000000eceec74d79
000000ed050b21f9
000000ed6410aeb9
000000ed7284ff39
000000ee2fb89b19
000000ee33678939
000000ee7f6dd539
000000ee9ac5aa79
000000eea0162dd9
000000eed91be9f9
000000ef088a1159
000000ef270637d9
000000ef270649d9
000000ef30ac2879
000000ef6d415239
000000ef948c75b9
000000ef948c7759
000000efe228cad9
000000f007c244f9
000001e061d63061
0000000003162771
0000000000000181
000000f05ce08c99
000000f0dec8d5b9
000000f0e99f8699
000000f0e9ff4899
000000f12167c779
000000f129e7d659
000000f27cdcbbf9
000000f2e2792cd9
000000f361bb5a19
000000f38e194039
000000f3f0a090d9
000000f3f2220b19
000000f413915119
000000f4183d2519
000000f4183d7419
000000f4818eab19
000000f492854379
000000f4a44c0e99
000000f50550d4b9
000000f5216546f9
000000f5396a1d79
000000f54ff0a699
000000f611193219
000000f665813b19
000000f666925779
000000f6eab53c79
000000f72165b6f9
000000f755261839
000000f774d93919
000000f793c04a19
000000f7c457d039
000000f7c5fce359
000000f7c5fd03d9
000000f7d0e23fd9
000000f7e0a72899
000000f7e175f379
000000f81f025739
000000f84b3cb1f9
000000f84b3cd019
000000f92eb41cb9
000000f954a32199
000001f30240cd61
0000000003162771
0000000000000181
000000fa321dac59
000000fa34a05679
000000fa4dfb51d9
000000fa5b68bc39
000000fa73f94ef9
000000fb0f658819
000000fb695aa859
000000fb93ee0e79
000000fbd68daef9
000000fbdd1d4a99
000000fc062a5859
000000fc062a67f9
000000fc10e42659
000000fc4effdf39
000000fc4f000bb9
000000fcf0206039
000000fd20330579
000000fd47f02eb9
000000fd57c015d9
000000fd57c01d39
000000fd5bf5cb79
000000fda10b21d9
000000fda5b89759
000000fda5b8ab59
000000fda5b8c9b9
000000fda5ccf779
000000fdc5d772d9
000000fe7ab537b9
000000fecf694599
000000ffc8624999
000000ffc86287f9
000000ffcfdc40f9
000001001b324a39
000001002c40e439
000001008329ac59
0000010157afce79
000001019f175059
000001021093de99
000001021c1f0239
000001021c1f1299
00000102388340f9
00000205a2ab6961
0000000003162771
0000000000000181
00000102f3ebf819
00000102f3ec0ab9
00000102f3ec1699
00000103037dbb39
000001038f22af79
00000103ab1e6fb9
00000103b32bab99
00000103e3e994f9
00000104507934b9
0000010452eca379
00000104ac7bdd99
00000104d86fc779
00000104e9077599
00000105059fe079
00000105211d9e59
0000010584b38639
000001059f81ab39
00000105d1c65ff9
00000105d1c6b6b9
00000105d5ce5a39
00000105e64e6a19
00000105e9d88239
0000010606960bf9
00000106969d0359
000001069ea761f9
000001069ea763b9
00000106c7feaa19
00000106c7febd19
00000106c9d23119
00000106dfe4c019
00000107807bc639
00000107807bd6b9
00000107b3569879
00000107b356a239
0000010844a76db9
000001084be1ca99
00000108e35c0959
000001092fb15159
000001092fb163f9
000001095201af99
00000109b0b6c319
0000010a10191639
0000010a2afc30f9
0000010a846c20b9
0000010a8610e199
0000010adc1350d9
0000010b800b3559
0000010bd9a114d9
0000010bf152d8d9
0000010bf9b01179
0000010c0949b279
0000010c0949b459
0000021843160661
0000000003162771
0000000000000181
0000010c6b9d9ad9
0000010c6b9dc179
0000010c8380b699
0000010cbe963879
0000010d15a110f9
0000010d15a122d9
0000010d4d643af9
0000010d6831d779
0000010e1960b5b9
0000010e48760d99
0000010ea9d7a1f9
0000010ed96334f9
0000010eebef7919
0000010eef6c4339
0000010eef6d8659
0000010f016f3539
0000010f309eb6d9
0000010f4ca34559
0000010f50bf8299
0000010f67feb939
0000010f88121599
0000010fb7c170d9
0000010fbf190c79
0000010ff2c06379
0000010ff2c06ab9
0000011064a9e219
000001109e8c6df9
000001114039ff59
0000011142fcaeb9
000001115e69a0f9
00000111e8cf2f79
0000011366bf3259
0000011395089c39
000001139e919a59
00000113e2838399
00000114308af4f9
000001147187e3f9
000001148113fb99
00000114eb1850d9
00000114f02eadb9
00000114f2c84ff9
000001150595bc19
0000011513cd5df9
0000011513cd5fb9
0000011534c24899
000001155f122e39
0000022ae380a361
0000000003162771
0000000000000181
000001160d7cec59
000001160ee72cd9
000001161de38d79
0000011684f2ac39
00000116b124bdb9
00000116cb4078d9
00000116cb408d99
00000116f4f43b59
00000116fd15b3f9
000001171b4c7759
00000117b6bc9159
00000117fbdc1ed9
00000117fbdc4739
0000011831401e19
00000118361accd9
000001185f1e8199
00000118d7a34dd9
000001192b803659
000001195f203ad9
000001198838ee59
0000011aad998139
0000011b54834c59
0000011c10bc5b99
0000011c8ad76d99
0000011c90780279
0000011ca7db6079
0000011cbb264b79
0000011cd4e1c4f9
0000011d3d2d1d19
0000011d912adc19
0000011daa964d59
0000011e3fd9bbf9
0000011e59f70739
0000011ea7520479
0000011ebc8db4b9
0000023d83eb4061
0000000003162771
0000000000000181
0000011ec5cc87f9
0000011f1a7d1439
0000011fd10222f9
0000011fdbac2659
0000012010afab79
0000012010afc459
00000120121bb459
00000120183b57b9
00000120183b5839
00000120183b5959
00000120183b5ef9
0000012070175f19
0000012070176679
000001208337c0d9
000001209f3ea0b9
00000120cc471179
00000120ef1e0b99
00000120f2986639
00000120f2987c59
00000120f7b73859
00000121061668d9
000001210fdbd439
0000012143a8cd99
00000121672c52f9
00000121aed94bb9
00000121aed95319
00000121cabff859
00000121cac07459
00000121cc4db759
000001227bed6a39
0000012292dfc399
0000012292dfcc99
0000012292e040d9
000001230b42ff39
000001231a339259
000001231a3398f9
0000012334b91cf9
0000012343d17a79
0000012381ea42f9
000001239f72e819
00000123b23b7639
00000123b92d75d9
00000123fcd5ce59
00000124077fd259
0000012440e777f9
00000124f174fdd9
000001257a0717d9
00000125feb2c6b9
00000126c43fe259
00000126d5caf719
00000126d66c2db9
00000126de801f99
000001270b4af6b9
0000012769738b79
000001277c051d39
0000012780caec59
00000127981977b9
00000127a96cce39
00000127d56b0c39
00000127d56b1d39
00000127e44aa919
000002502455dc61
0000000003162771
0000000000000181
0000012846804899
000001288474cc59
00000128a812f0f9
000001290e203879
00000129ddfd1819
0000012a0f795419
0000012ad665cb19
0000012b16aeb099
0000012b16aeb259
0000012b795d30b9
0000012bda198599
0000012be3758499
0000012be3759759
0000012c645d6c59
0000012c645d7439
0000012ccc577e79
0000012cd2d03539
0000012d56efbdb9
0000012d78f5e2d9
0000012d7c976b19
0000012dd4537bb9
0000012dd8f2a139
0000012ddf8a9c39
0000012e40743219
0000012e73957cb9
0000012e9b3c3c79
0000012ee977a259
0000012f009dd0d9
0000012f3aa8a199
0000012f4e843619
0000012f4fb62d99
0000012f69abad99
0000012f6f4deef9
0000012f6f4e0519
0000012fe5511a19
0000012fe91a90f9
0000012fe91aa539
0000012fffe15139
000001300e4ff379
00000130495bf5b9
000001307409d9d9
000001309afcadd9
00000130be9a94f9
00000130cfe3a819
0000013102868099
00000131028693f9
00000262c4c07961
0000000003162771
0000000000000181
000001317631b399
00000131d0cd8d79
000001323d543499
000001323d543659
000001325bdf69b9
000001326636d559
000001332c8d22d9
00000133492c0559
00000133492c0cd9
00000133492c48f9
0000013384dc0819
00000133c8f38419
00000133d80b6539
00000134728f5619
00000135ae476059
00000135c2999dd9
00000135df52b179
0000013620cf1459
0000013620cf3399
0000013688d28e79
00000136ec3c90d9
00000136f7ae7e79
00000136fe304559
000001376a3a6c99
00000137cad2b019
000001390f501cd9
000001391e09a219
000001397f178dd9
0000013a362c0f19
0000013a362c3df9
0000013a7123d119
00000275652b1661
0000000003162771
0000000000000181
0000013b0722da79
0000013ba9bdd139
0000013be93cfcf9
0000013c42d6e2b9
0000013c51d569f9
0000013c5c35f8f9
0000013c5c366b19
0000013c8dc6b299
0000013cbce7a8f9
0000013d04012919
0000013d0e909279
0000013d0f8cd4f9
0000013d8b463e79
0000013dd726e459
0000013deb30c179
0000013deb30d219
0000013df18fa539
0000013df863c8d9
0000013df863dcf9
0000013e709da099
0000013e82b1b8f9
0000013ed1dc5d19
0000013f5daf6059
0000013f6fb32679
0000013f82568379
0000013f8256e8d9
0000013f8256eb39
0000013fa3d03a39
0000013fb97cf599
0000013fd22fb599
0000013fd22fb719
0000014027d0eaf9
0000014027d0ff79
00000140472a0f59
000001405fcd0bd9
000001406a613af9
00000140c718c979
00000140d6f3cd59
00000140d6f3cdd9
00000140d6f3d039
00000140d6f3df19
00000140fa099c99
00000141358dca19
0000014166bd2099
0000014190734d19
0000014190735cd9
00000141d7400479
0000014289dbb299
00000142e38b2e79
00000142fb19aed9
00000143013c65d9
0000014334d75859
00000143a055daf9
00000143a3274c39
00000143de086a19
000002880595b361
0000000003162771
0000000000000181
000001444f7b2cb9
0000014468c656d9
0000014489f21319
00000144a2ebe859
00000145678769d9
00000145ba99e3f9
00000145bef09119
00000145c4240b19
0000014613b40639
0000014649d871f9
000001468f8c9459
00000147132df119
00000147198447b9
00000147288edb59
00000147ca935f19
00000147ca9384b9
00000147de0e3999
00000147f78e1b79
00000147f9c67af9
0000014887ea2e79
00000148a91489d9
000001490f133f39
000001490f134fb9
000001492a3f3959
0000014962a89719
0000014962a92559
00000149f2441ff9
00000149f6a651d9
0000014a0ce63999
0000014aa051e339
0000014ac6d2eff9
0000014ae4ded099
0000014b116c2cd9
0000014b3dc227f9
0000014b84f6c239
0000014bab3e9439
0000014bab3e9b99
0000014babb642d9
0000014bdecb30d9
0000014beadc4b19
0000014c1dabe1f9
0000014c48ebf519
0000014ce426c219
0000014cee7a34f9
0000014d0ae4e619
0000014d0ae4ed99
0000014d0ae4f9f9
0000014d4bba11b9
0000014d513013d9
0000029aa6004f61
0000000003162771
0000000000000181
0000014d8ba365f9
0000014e1fc12559
0000014e2bd7f299
0000014e3c37d059
0000014e85016cb9
0000014ed8746e79
0000014eddda3f59
0000014eddda5919
0000014f2447c1b9
0000014f8a2a0379
0000014f9868ccd9
0000014fd7b094d9
000001501d35da59
00000151014121d9
0000015101412a39
0000015119eea639
00000152128a64d9
0000015229a3f599
0000015229a404d9
000001526fd9c799
00000152a540e379
000001531da46179
00000153874c2af9
00000154491946b9
0000015449194e19
0000015449195579
0000015482e4e5d9
0000015516bae619
000001557ddced59
000001558220f099
0000015621b7cf99
0000015656c31cf9
000001568c778f79
000002ad466aec61
0000000003162771
0000000000000181
000001577b9141b9
00000157a4bf02d9
00000157f41bd299
0000015800802bd9
000001592b7fc779
0000015931e7aab9
000001594604ec59
0000015a11a44119
0000015a11a44319
0000015a11a49a39
0000015a263fdd39
0000015a2bfd5fb9
0000015a2eb3f979
0000015a38eb4259
0000015a441f0619
0000015a4dabd459
0000015a8abe68b9
0000015a8abe7099
0000015a8abe7879
0000015b13a02319
0000015b30668419
0000015b79811e79
0000015b798132b9
0000015b79813a19
0000015b79818db9
0000015b7991f399
0000015bc9e24ab9
0000015c13243299
0000015c13244639
0000015c150b4999
0000015c53bbe879
0000015c860f14d9
0000015d69f4a059
0000015d87f33c79
0000015de6576a19
0000015e054be4f9
0000015e271df719
0000015eb16c3459
0000015eb62f9ab9
0000015f031a3cf9
0000015f6b4f8059
0000015f7c040ff9
0000015f837d8579
0000015f837d9d79
0000015fa35ac1b9
0000015fcbd02bb9
0000015fe492bd19
000002bfe6d58961
0000000003162771
0000000000000181
00000160110ae9d9
000001606e7a1a59
0000016077021719
00000161198b2e19
000001613aa2cb99
0000016160fac0d9
00000161f4aa2b39
000001623f421379
000001629afff899
00000162cbaafa99
00000162f4d86999
00000162f4d87ed9
00000162f4d89ff9
000001639db07779
000001640b8dec39
0000016420153159
00000164242fccf9
0000016459b7a5b9
00000164682dfff9
0000016481670259
0000016496770a39
00000164a0fa65f9
00000164a0faf9b9
00000164d199f039
00000165851c2bf9
00000165c2aae139
000001665946b339
000001666a5dd859
000001666a5e46d9
00000166b694e399
00000166ccf12999
0000016705164d79
000001670e0bf639
00000167992b5b79
000001682ae6c9d9
00000168819cc9d9
000001688b208259
0000016892ab8c59
00000168bd4eab99
00000168ddf11179
00000168e1fb6b19
00000168f1defb19
0000016910c580d9
000002d287402561
0000000003162771
0000000000000181
0000016948e3dfb9
0000016977aec159
00000169bd300999
00000169c431f939
00000169c4321079
0000016a07544279
0000016a22fd0719
0000016ae48fb8d9
0000016ae48fbf99
0000016ae49039f9
0000016ae490a579
0000016b135059b9
0000016b42921a39
0000016b6f66df99
0000016b6f66f2d9
0000016bc8b8e7f9
0000016c9bef9a59
0000016cb20f1af9
0000016ccff575d9
0000016ccff586b9
0000016d152921d9
0000016d7b6f3459
0000016d9e50ca19
0000016d9e50ca99
0000016db66ceb99
0000016dbdca90d9
0000016e7f2766b9
0000016eb1b6ceb9
0000016f3d926739
0000016fa0f96ab9
0000016fc0d5ef39
0000016fe4949e39
000001701ff14319
000001701ff14479
000001703c2ade79
000001703c711c19
0000017064d789b9
00000171dbc8bf99
0000017220de7c59
00000172773921b9
000002e527aac261
0000000003162771
0000000000000181
00000172f336d639
00000173a402a459
00000173a402b7d9
0000017452eafb99
000001748c61c2d9
00000174c0c3f179
00000174cf98eab9
000001751de19a39
000001752154b639
0000017557fb4899
00000175af0689f9
00000175af069cb9
00000175dc01f859
000001762d3aa0f9
000001765d9b9059
00000176a0687c59
00000176cb6811f9
00000176f700a6b9
00000177026d9079
000001772bf6ba39
000001775b66ef39
000001776e785859
00000178594099f9
00000178e21d52b9
0000017900aac799
0000017903cf30d9
000001795daedef9
000001795daf53b9
00000179602257b9
000001797ce7ce19
0000017a570a3ed9
0000017a7f8cb939
0000017ad4ff1019
0000017b2c711119
0000017bc0fb1219
000002f7c8155f61
0000000003162771
0000000000000181
0000017bf85953d9
0000017c57aed559
0000017d50c0d939
0000017d50c0db19
0000017d62287fd9
0000017e36d8fbd9
0000017e6bfb6b59
0000017ef4ede2f9
0000017ef4ee00f9
0000017f12609079
0000017f20d3e219
0000017f5be482d9
0000017f636fac39
0000017fc8495879
0000017ff8181599
0000017ff81825d9
0000017ff81865d9
0000018004189e99
000001808d9f8899
0000018092fe1b99
00000180962adf79
00000181398c6d59
000001815b0039f9
000001816a2c2fb9
00000181b2d329d9
0000018215121899
000001822054f0d9
000001824a359819
00000182e5e07ab9
00000182e5e0c439
00000182f90d6d59
00000183356a4ad9
0000018344c47859
0000018344c48559
000001837a676cf9
00000183ba1ec979
00000183ba1ee499
00000183c8f700d9
00000183d75344f9
00000183e2123039
0000018478b44cd9
000001848eaaab59
0000018494896319
00000184b83f18d9
0000030a687ffb61
0000000003162771
0000000000000181
000001859743a099
00000185c9168ab9
000001860789dc39
000001861be80059
0000018679808ff9
000001867980ca19
00000186b9c12879
00000186c7db77d9
00000186df879eb9
00000187150384d9
000001875eadf4d9
000001878d5da3d9
0000018794c33039
00000187aca721f9
00000187aca72959
00000187b2f234f9
00000187c0fc6e99
0000018898440ed9
00000188af4187f9
00000188b468f2b9
00000188ca508679
00000189330b4e79
000001893bf53979
00000189a8de35d9
00000189a8de39b9
0000018a35cf51d9
0000018a97223159
0000018a97224679
0000018ad4101ad9
0000018b47ac5ed9
0000018ba280e419
0000018ba280fd99
0000018ba6dd1bd9
0000018bb6798979
0000018bd05b4ef9
0000018bd5c66639
0000018bdf12de99
0000018c4d3c06b9
0000018ca4e1f8d9
0000018cc89b3e19
0000018cce01bdb9
0000018cf14aa599
0000018d1888edd9
0000018dcac42bb9
0000018dd3cd6579
0000018e3c14fd79
0000031d08ea9861
0000000003162771
0000000000000181
0000018ebcdf2599
0000018fe4280779
0000018fe5c926b9
000001907a6304d9
00000191126f75f9
000001915141d019
000001915141e399
000001916ecb3d39
00000191ce6d5699
0000019203d58219
0000019205791a19
00000192ac508019
00000192af487ab9
00000192af487c79
0000019349b9fa59
00000193711c5999
00000193711c6fb9
00000193e3ca0839
0000019484a1e539
00000194854526b9
00000194991bde79
00000194991c50f9
00000194a7e58eb9
00000194c54e1979
000001951da09159
000001953d6c95f9
0000019572affc59
000001958f55d959
00000195a7e353f9
00000195e988d1d9
0000019611cddbb9
0000019665c60fb9
00000196893544b9
000001968a329df9
000001971f348979
0000032fa9553461
0000000003162771
0000000000000181
00000197d8f648f9
00000198049cfad9
000001980b70ac19
000001989616baf9
00000198d22bc359
00000198e5694b39
000001991d33a2b9
0000019921eb31d9
000001996b14cf99
0000019a03c79359
0000019a61d2ca79
0000019aebaad559
0000019bd42c31b9
0000019c11f11579
0000019c50023c39
0000019c8400c319
0000019c94e74439
0000019c94e745f9
0000019ca73d2639
0000019ca73d8379
0000019ca9379f59
0000019cd9454d99
0000019d111d51d9
0000019d23b6f4d9
0000019dc8901239
0000019df12b4dd9
0000019e2efca499
0000019f14a82519
0000019f14a832d9
0000019f2e505219
0000019f486a1f39
0000019f5b6df7f9
0000019f6bf14fb9
0000019f82be9b99
0000019f82beb2f9
0000019fb9953b19
0000019ffaae7cb9
000001a015141159
000001a04ecb41b9
000001a0e5cec639
0000034249bfd161
0000000003162771
0000000000000181
000001a15483da19
000001a18991ff19
000001a19de01239
000001a1afeca579
000001a1c6a48039
000001a2173d59f9
000001a218376e79
000001a2d6563879
000001a302db0e19
000001a38a538799
000001a3952136d9
000001a395213d79
000001a3e5787139
000001a402a89a59
000001a402a8ac59
000001a402a8bd79
000001a407731cd9
000001a486cebd79
000001a5bc454539
000001a5e801c219
000001a5f9666bb9
000001a631214919
000001a65441e759
000001a65441e939
000001a70dbcb0d9
000001a7c2e1c8f9
000001a7ca712d79
000001a7d5073099
000001a7e6ca73d9
000001a7ee4b3339
000001a85cc83a79
000001a8711a9ed9
000001a8984154f9
000001a8984165d9
000001a898416679
000001a898416db9
000001a8e701f1d9
000001a8e7020819
000001a90440a1b9
000001a904cb3519
000001a94504e3d9
000001a9bb2050b9
000001a9da7908f9
000001aa0629fd59
000001aa48a7a6f9
000001aa48a7b759
000001aa48a7b7f9
000001aa48a7beb9
00000354ea2a6e61
0000000003162771
0000000000000181
000001aaa0842239
000001aaa157a399
000001aae3a51e79
000001ab007e9bd9
000001ab4ea848f9
000001ab70cbdb79
000001ab93dcdf19
000001aba8c3a039
000001aba8c3a799
000001abfedafed9
000001aca466ccf9
000001acf12016b9
000001ad10e4c119
000001ad4e7aa079
000001ad79ff2db9
000001ad79ff3679
000001ada85f0439
000001ada85f05d9
000001ae2104d439
000001ae7d1e3939
000001ae7d1e53d9
000001ae7f2a18f9
000001aeb72429b9
000001aed2f91699
000001aed5036779
000001aed5038139
000001b0ab202a59
000001b0fc1eaab9
000001b122175b79
000001b122175eb9
000001b1a456ed79
000001b1c57d51b9
000001b1c57d6159
000001b1e5617759
000001b228035719
000001b24b4bbf39
000001b2692030b9
000001b26f5f8ef9
000001b27c202099
000001b293d1f699
000001b3a05b2159
000001b3beacca19
000003678a950a61
0000000003162771
0000000000000181
000001b3d3f7e299
000001b401d0c399
000001b4446a0bd9
000001b4446a6b39
000001b4446a7299
000001b44a933339
000001b4854e01d9
000001b4ab447bf9
000001b4d4b4a679
000001b52c08c699
000001b52e6117b9
000001b55bc96ad9
000001b56a718ad9
000001b5952b7e79
000001b5c007cdf9
000001b5c938bb19
000001b5c938ccf9
000001b5c938ce19
000001b5cb662919
000001b5cbb9f5d9
000001b654ad4279
000001b6c8706ef9
000001b6c8708779
000001b6d26f6719
000001b6ef9f1619
000001b722843179
000001b761713bf9
000001b77a64c179
000001b7be29add9
000001b7f9b0c519
000001b84bf347b9
000001b92c4ffa19
000001b94ee3de99
000001b94ee40639
000001baf431d9f9
000001baf4323659
000001bb33729059
000001bb4c154399
000001bb5e6353d9
000001bb837967b9
000001bb83797b59
000001bb898710f9
000001bbeffd6999
000001bbf489b999
000001bbf4d02e19
000001bc0045de19
000001bc049b77b9
000001bca2c2a979
000001bcbc8443f9
0000037a2affa761
0000000003162771
0000000000000181
000001bd59d9b559
000001bdc328bb39
000001bdc328bcd9
000001bdc4c1ca99
000001be53dfe6d9
000001be53dfff99
000001be6b4f7059
000001be6d7d6b99
000001be7cb0e019
000001beb06d1ab9
000001bf14a26ff9
000001bf960952d9
000001bfc8d02739
000001c0d1dd3bb9
000001c121ce7ff9
000001c121ce9419
000001c121cf2419
000001c121cf76b9
000001c156dca559
000001c190251bf9
000001c1a9675439
000001c2108815d9
000001c210881df9
000001c24b9840f9
000001c2a2a0f3b9
000001c2a2a10979
000001c2e3502999
000001c2e3503b39
000001c376a1a759
000001c3f0bf9f59
000001c3f0bfb179
000001c412749559
000001c451bd5f19
000001c451bd7639
000001c4ad67c359
000001c4b1a65eb9
000001c4b1a67379
000001c5231e6af9
000001c5231e92f9
000001c5e411f7f9
0000038ccb6a4361
0000000003162771
0000000000000181
000001c73df6f3f9
000001c763e20799
000001c763e21e19
000001c91b69a359
000001c94fe44079
000001c98f4763f9
000001c9a2acc739
000001ca5e0af859
000001ca87acc0f9
000001cac5966b99
000001caf42f5639
000001cb18d11e59
000001cb52963cb9
000001cb8871c679
000001cba9bb65f9
000001cbf89c93f9
000001cbff7ff8b9
000001ccd39b0439
000001cd605a7519
000001cd6a288d19
000001cd7cf8b1d9
000001cd7cf8c2d9
000001cd9ebe2ad9
000001cdaa90d6f9
000001cde662a5f9
000001cde73b3b79
000001ce490c36d9
000001ce8e9d6219
000001cf2cce4af9
000001cfa0f5ea59
0000039f6bd4e061
0000000003162771
0000000000000181
000001cfbf696039
000001cfc3f8bc19
000001cfd853f879
000001cfddc60d59
000001d0bec50079
000001d0bec507d9
000001d0daa7afd9
000001d116ae8979
000001d1428b4279
000001d179190599
000001d188aab719
000001d188ab0639
000001d1b8c6fdb9
000001d1b8c73d39
000001d1e87fd6b9
000001d1ea7fd4d9
000001d1ea7fd699
000001d1ec28a679
000001d278a63679
000001d2ab9a0079
000001d2e80a21b9
000001d364b52899
000001d417ed0fb9
000001d44b8f89b9
000001d44b8fb799
000001d44b8fc739
000001d472f887d9
000001d477e1f439
000001d537f79b59
000001d55b9bb459
000001d584c49099
000001d5e8d32c19
000001d611431559
000001d611432679
000001d611433a99
000001d643556bb9
000001d64355f119
000001d6614100f9
000001d6b8308eb9
000001d6b830a039
000001d6b830a0b9
000001d6b830a0f9
000001d6b830a799
000001d732e7aad9
000001d732e7b239
000001d732e7b8f9
000001d732e7bf39
000001d732e80379
000001d73a1e9ed9
000001d792f83f99
000001d7965ea319
000001d7ae2be6b9
000001d800155759
000001d810a5c2b9
000001d82e05dbb9
000003b20c3f7d61
0000000003162771
0000000000000181
000001d9617ffc39
000001d97a484d19
000001d98d761eb9
000001d98d762d19
000001d9cb7e3659
000001d9f7606779
000001dabb931979
000001daf6bf8499
000001db02cdd439
000001db386a0799
000001db99f249f9
000001dbbbc82a39
000001dc41307959
000001dc41308a39
000001dc93a36979
000001dcc1418419
000001dcdf5431b9
000001dd06d06779
000001dd2b348cb9
000001dd466c33d9
000001dd797b4319
000001dd91f47059
000001de86190c99
000001dee5f9f799
000001df0985d5f9
000001df63dfa5b9
000001df8492c3d9
000001e0287cfd79
000001e02ab93879
000001e119040b79
000001e13cca5359
000001e13e928879
000001e13fc31399
000001e1726d8199
000001e226f70f79
000001e22e1a5659
000001e23d6b8179
000003c4acaa1961
0000000003162771
0000000000000181
000001e28d8429f9
000001e28d843239
000001e2a3185fb9
000001e2c847d279
000001e31b8fcf59
000001e31b8fe599
000001e31b903779
000001e31eb8edb9
000001e32528b419
000001e34e1ff939
000001e35ff5d2b9
000001e35ff60a59
000001e3976594f9
000001e3a8fa5659
000001e3d51501f9
000001e40a89c879
000001e40a89ca59
000001e47bbc4c99
000001e4a1deff59
000001e50148c099
000001e5f00f9d59
000001e5f01004b9
000001e635ec55f9
000001e6549eaf79
000001e667d95819
000001e6ab8abf79
000001e6d229d979
000001e6d229ddf9
000001e6d6dc15f9
000001e718a7cc99
000001e72aa68939
000001e740dbc8d9
000001e740dc4059
000001e757a8c239
000001e773de6799
000001e786c6b6f9
000001e786c6b8b9
000001e8183e6ad9
000001e83d140df9
000001e841fedf79
000001e8428221b9
000001e881cb4379
000001e8b58af3f9
000001e8bbcd9139
000001e9a1a2b519
000001e9c7de0a39
000001e9ddb29459
000001e9ddb2a2f9
000001ea053466d9
000001ea07aff3b9
000001eab706ba79
000001eb09269779
000001eb25ff6339
000001eb6adea1b9
000001eb7089cc79
000001eb708a0e99
000001eb8dd7a399
000003d74d14b661
0000000003162771
0000000000000181
000001ebd42053b9
000001ec6aef0a39
000001ec91d55d79
000001ec9817d979
000001ecbeac3ff9
000001ecc0d7bb99
000001ecec3d2399
000001ed7fa35019
000001edab4dc799
000001ede6ae68b9
000001ee7ae1d859
000001ee7f5825b9
000001eec38193b9
000001eecc9c66b9
000001ef17b12919
000001ef2f144979
000001ef3a5e08b9
000001ef8309fd79
000001ef8f0619d9
000001efa03ebc99
000001effd48bdd9
000001f01046b7b9
000001f040d378b9
000001f0eff98db9
000001f0eff98f79
000001f20a0be779
000001f20fa8abd9
000001f3367c77b9
000001f341357a19
000001f3fe7cca19
000001f415fb8c39
000001f47c5b7b59
000001f4872057b9
000001f4a63cf7f9
000001f4ba47e839
000001f4d9cc2839
000003e9ed7f5261
0000000003162771
0000000000000181
000001f4f8308439
000001f54e334039
000001f58070a959
000001f5d4325179
000001f68f4d5359
000001f774759cd9
000001f798bc2f59
000001f7ee357599
000001f911871979
000001f91fbcaf99
000001f91fbce699
000001f946224f39
000001f978aa50d9
000001fa05da9c59
000001fa31a8a279
000001fa526a0699
000001fac8744f79
000001fac8749079
000001facd42df39
000001facf2538f9
000001fad2b92859
000001fb1b039bb9
000001fb3b138a99
000001fbee552b79
000001fc06c3a3b9
000001fc06c41cf9
000001fc1e2c7399
000001fc229ac039
000001fcb8090bb9
000001fcf007dc39
000001fcfc499f99
000001fcfedea5f9
000001fd32be45f9
000001fd32be5899
000001fd3a293999
000001fd58449259
000001fd5844ae19
000001fde90362d9
000001fdf91429d9
000001fe096c48d9
000001fe18002759
000003fc8de9ef61
0000000003162771
0000000000000181
000001fe58a269b9
000001fe89281999
000001fe89282df9
000001ff920d3bf9
000001ff9fef41d9
000001ffa90fdb39
000001ffa90ff0f9
000001ffa90ff359
000001ffdac45ed9
000001fffc690fd9
0000020017a20e19
0000020030230c79
000002003a2830d9
000002003c1e0499
000002003c1e1959
0000020043290439
0000020092f152d9
00000200939240f9
000002009bbbf3b9
00000200a22aab99
00000200b927ee99
00000200b9280079
000002011ba3ced9
00000201403b53f9
0000020177e14199
0000020194f3df79
00000201cbafed99
00000201dc3811f9
00000201dc381ad9
00000201fd6cead9
0000020200200c39
000002024e7f57b9
0000020278b26e79
000002028ca4ca79
000002028e809f99
00000202cd1246d9
00000203c1810719
00000203c26cce99
00000203f4f0f159
0000020418056f39
0000020418057699
000002044a7036d9
000002049b48ccf9
000002049b48e699
00000204b1f98859
00000204b1f99599
00000204b1f99f79
00000204c2c85d59
00000204c2c86b99
00000204c2c86c99
000002050248a339
000002057540b3b9
00000205baf395b9
00000205f1559679
000002068d7b2e79
00000206e376b379
0000040f2e548c61
0000000003162771
0000000000000181
00000207eeb5b239
00000207eeb5b579
00000207eeb5cb79
000002081d614619
000002081d619f59
00000208468b0839
0000020872b4cf79
00000208bcfe7f39
000002093511fc39
000002093511fdd9
00000209351211d9
00000209489bff59
0000020990e00df9
00000209df48aaf9
00000209f8446819
00000209f84470b9
0000020aca2b6ef9
0000020adcb90d99
0000020b43f72399
0000020bbdcf84d9
0000020c2cd3b3d9
0000020c2cd3bd99
0000020c2ff5dfd9
0000020c4f8b6719
0000020c50468c79
0000020c88d8cef9
0000020d1ab8b2f9
0000020d973ccb39
0000020e5d5cd139
0000020e5d5ced99
0000020e65a1a8d9
0000020e65a1c559
0000020e6fd7cbf9
0000020e9403a259
0000020f8b538d59
0000020f8ffac859
0000020f9b76b7b9
0000020fa03144d9
0000020fbca19079
00000210a5ce4259
00000210cb558599
00000210cb558739
00000210cc311e79
00000421cebf2861
0000000003162771
0000000000000181
00000210fbf795f9
000002112fcdfc39
0000021196dfd299
00000211bf090cb9
000002126e922af9
000002128f89c6b9
00000212ac4b0db9
00000213a76cb999
00000213defbcef9
000002145f4393b9
0000021483d57559
00000214a8070379
00000214a8070719
00000214f3801599
000002153eb79c19
000002154ad58c59
000002164cc98719
000002166659e8b9
00000216ac5be579
000002171d8e79f9
00000217418cf5d9
00000217b788cd19
00000217bd180839
000002180adfbd79
000002183f07c579
00000218938d5379
00000218faa70af9
0000021933139579
000002196aaa8919
00000219bb1e19b9
000004346f29c561
0000000003162771
0000000000000181
0000021b3af80099
0000021b53400459
0000021b908bb299
0000021c1ac03739
0000021c26bd8759
0000021c2a084d99
0000021cce691ef9
0000021cd45033d9
0000021d35cb06b9
0000021d5d451ef9
0000021d8498b4f9
0000021d9aea9ab9
0000021d9aeaa999
0000021d9aeaab79
0000021dc2f3f679
0000021e88061a39
0000021f36f4c9f9
0000021f41299ff9
0000021f624887f9
0000021f6248a999
0000021f6248d779
0000021f6248d7f9
0000021f95f73bf9
0000022011936c79
000002202c1c25b9
000002208c1bc319
000002211924f159
000002216f332c79
000002219e643e19
00000221b7321179
00000221ffe82959
000002220e101719
0000022214d849b9
0000022268178c59
00000222886e45d9
00000222c1a4a5d9
00000222f549c9f9
0000022301950659
000002232c384339
000004470f946261
0000000003162771
0000000000000181
000002239e6b94b9
00000223db8adb39
00000223db8ae3b9
00000223fd3f3d99
000002242da2a1b9
000002243b75cc79
000002243b75e179
00000224e866e7f9
00000225109f75f9
000002259d32a439
00000225a29205b9
000002265d4f7139
000002265d4f72d9
0000022674b0aed9
0000022736287319
000002273a7a70f9
0000022749550619
0000022801368f39
000002281adb09b9
000002287d269699
00000228e17f7fb9
0000022912059d99
0000022966f15e59
00000229b29cc019
0000022a0f40d819
0000022a1a4187b9
0000022a1a41de79
0000022a306c5c59
0000022a480ddb59
0000022aa2944499
0000022aab2fbd39
0000022ac263f939
0000022ac26437b9
0000022af52a6d79
0000022af52a7f99
0000022b37176bb9
0000022b7e581ef9
0000022b89652079
0000022bbe30f739
0000022bc31ec6d9
0000022c5a864699
00000459affefe61
0000000003162771
0000000000000181
0000022cd85de1d9
0000022db4926319
0000022e163d4799
0000022ec9620359
0000022ec96204f9
0000022f53077559
0000022f9f13e9f9
0000022fcf2bfad9
0000022fcf2bfc79
0000022fd89a56d9
0000023006dc25b9
0000023054c082d9
0000023080e3a1b9
0000023185a04499
0000023261894279
00000232846461d9
000002331962cd99
00000233dc052579
000002349080b579
00000234e6948e39
000002352c9639b9
000002357413dbb9
00000235883b2d99
00000235fc3bf539
0000046c50699b61
0000000003162771
0000000000000181
0000023649c97919
000002369cef34f9
000002369cef4559
000002369cef4759
0000023717c56479
00000237405dc0d9
0000023771d99ad9
0000023771d99b59
0000023789d7c0d9
00000237b608d7f9
00000238090da9b9
000002382fe288b9
0000023852f139d9
000002390c49b1d9
00000239671c2019
00000239671c3d59
00000239c1426999
00000239c8b58739
00000239d80ebb99
0000023a7782bc39
0000023adc20ed19
0000023af132b3b9
0000023af132c519
0000023af7fd3999
0000023b30425c59
0000023b30426a19
0000023b30428e19
0000023b4c2eba99
0000023b4c2ecdb9
0000023b51d29879
0000023bca251bd9
0000023bca3aa5d9
0000023bca3ac459
0000023becaf5f19
0000023c3cfbac59
0000023d17f4c639
0000023d733398f9
0000023d91a91979
0000023ddf17c759
0000023dec227f59
0000023e55540cd9
0000023ec915df79
0000023eeba36a79
0000023efc32f559
0000023f06e2cdf9
0000023f50692319
0000047ef0d43861
0000000003162771
0000000000000181
0000023f8c1b63b9
0000023fa1947c59
0000023fa962ced9
00000240291ac6f9
00000240291aeef9
00000240291affb9
000002403fcd96b9
00000240abcbf639
00000240fdb3b979
00000241746d0d19
0000024179fa38f9
00000241fc926579
000002420db36a59
000002425f34b579
0000024277c47779
00000242fb2be1f9
0000024321c689b9
000002433aa60539
000002433aa60cb9
000002437391e039
0000024376761219
00000244afbf6399
000002452395e399
0000024546a33219
0000024583fba259
00000245cd16c579
00000245dff3c019
000002461a356d79
0000024629278d59
0000024672c44679
00000246a11b4199
00000246c9705dd9
00000246f8968419
00000246f8969459
000002474dc94599
000002475e7e7939
00000247dd7715f9
000002482b9194b9
000002489c6301d9
00000248a1b9c9b9
00000491913ed461
0000000003162771
0000000000000181
00000248df8b2a59
00000249212e58b9
00000249325b6c59
00000249a5fef339
00000249afd1dcb9
00000249fe8c09f9
0000024a4f527b99
0000024a69303c99
0000024a69304499
0000024a72c1d739
0000024b7e6c4039
0000024b7e6c40d9
0000024b7e6c4799
0000024ba088c9d9
0000024bd1c7e9d9
0000024bd6471d79
0000024c17e4c899
0000024c255f6539
0000024c255f76f9
0000024c50f7bbf9
0000024c9e884239
0000024d027fec39
0000024d287345d9
0000024d2f2c5b79
0000024d52afe219
0000024d70bb0039
0000024d70bb11d9
0000024d85aa82b9
0000024d8af47879
0000024db6472839
0000024e19e0dcb9
0000024e2922fc79
0000024eb9869fb9
0000024ef1255b79
0000024f22227dd9
0000024f22227f99
0000024fb99f1a99
0000024fbffce7f9
0000025014fad6f9
0000025045d2f6f9
000002508e526459
000002509edbc499
00000250d344b1f9
00000250d344c679
00000250ddbfc719
00000250ddbfcf59
0000025139246c79
0000025177d24f59
0000025177d26ad9
000002519871d179
00000251e0d1d899
000004a431a97161
0000000003162771
0000000000000181
00000252457b9d79
00000252457bb139
00000252457be839
00000252457be8b9
00000252457bfd19
0000025285710319
000002529095d9b9
00000253161511b9
000002539c182159
000002539c188999
0000025411f7d4f9
0000025420561fd9
000002542f6ac7b9
00000254eeea3f59
00000254f7d4c119
00000254f7d4c899
00000254f7d4ced9
000002552b1f38f9
000002552b1f4f39
000002552c8b11b9
000002552c8b3cf9
0000025538dc3059
00000255a34e41b9
00000255ad234a39
00000255ad235b99
00000255b34b8d59
00000255ba4f2079
000002562880d519
000002566f9e11f9
000002568be7dbd9
00000256f951e719
000002570f962119
000002571e450079
000002572a6355d9
0000025735d11839
00000257a2abfb19
00000257cb0a16d9
0000025816dfe7f9
000002585c4b9259
000002585c4b92f9
000002585c4b9419
000002585c4b99b9
000002585c4b9b79
000002585c4ba8f9
00000259631991b9
000002596319a759
000002598fb33f79
000002598fb34179
00000259c75b6d59
00000259c75b76b9
0000025a4f0a2479
0000025a7a2aac59
0000025aef2af239
0000025b51458ad9
0000025b5c274f79
000004b6d2140e61
0000000003162771
0000000000000181
0000025b70b36079
0000025b735ba739
0000025bdedc9139
0000025bff2fcf79
0000025c0dbdde39
0000025c5d775979
0000025d0feafab9
0000025d28648eb9
0000025d2f6217f9
0000025d552dbb79
0000025d7f547ad9
0000025dabb28ed9
0000025dc9bb1c59
0000025e06ea93f9
0000025e554b5859
0000025ec1544319
0000025ec8698bb9
000002600a874639
0000026058417b79
000002605841de99
000002605f439fb9
000002608fc4d399
0000026096453c79
00000260aca1ded9
00000260aca1ee59
00000260aca20119
000002610902bc79
000002612547af19
000002613a8c5399
00000261690ef9d9
00000261690f1179
00000261f4eed259
00000261f64ee559
00000261f64effb9
00000261f64f0059
000002620c663c19
000002623cc1b099
00000262a23f58b9
000002630b0b9ab9
000002631cc1f0b9
00000263a7101b59
0000026453095239
000002649e3c38d9
000004c9727eaa61
0000000003162771
0000000000000181
000002654ce1f099
00000265acd0b899
00000265acd0dad9
00000265aee696d9
00000265aee6f559
00000265bae78739
00000266f22d09d9
00000266f22d1ad9
0000026738e5a879
000002675c078cb9
00000267b53931f9
00000267c7a75779
00000267ef6acef9
00000267fe3ec659
000002680f1bf079
0000026816e4b179
00000268535fe619
0000026878dcdbb9
000002693b9c1999
000002693b9c2c99
000002695d9790f9
0000026985e52399
00000269e5c0d959
00000269f1584319
0000026a0b9ef539
0000026a185c4479
0000026a9f235339
0000026ac06269f9
0000026af0b1fef9
0000026b04211ab9
0000026b1e0380d9
0000026b28bb3bf9
0000026b69e20759
0000026b89fc7839
0000026baab40d19
0000026bdb8eced9
0000026cb2de3cd9
0000026d0f6ffaf9
0000026d52b093d9
0000026d833d75b9
0000026d833d9079
0000026d9787c959
000004dc12e94761
0000000003162771
0000000000000181
0000026e780d28f9
0000026e9dfecb79
0000026eee3d0519
0000027060f1bd19
0000027060f1cdd9
0000027060f1d139
000002706eaf1859
00000270e6ab0d39
00000270e6ab4059
00000270f1850779
000002715f124419
000002715f124cb9
000002719e09aeb9
00000271b647f4b9
0000027213ed4a99
0000027223450399
0000027223455b59
000002724b564919
0000027251d03d39
00000272667b1599
00000272a51dbc99
00000272abc97af9
000002730057fb39
000002730546dfb9
000002730546e159
00000273a9ed1d59
00000273b5dbba59
00000273bc6c2759
00000273cd0e9739
00000273cd0e9bd9
00000274f5bcb399
00000274f5bcb439
00000274f5bcbaf9
00000274fa12d219
000002752aea2bb9
000002753734f019
000002754cfd9439
000002754cfd9c39
000002757273ddf9
00000275b68b4539
00000275f16bcef9
00000275f741d5b9
00000276771f60d9
0000027683d9b139
00000276a3f3b7f9
00000276a56765d9
00000276c3aa8479
0000027723044519
000004eeb353e461
0000000003162771
0000000000000181
00000277b428a319
00000277d04afad9
00000277f2ca1879
00000277fd1e4c59
00000278485a6339
00000278aa7bc279
00000278ac64c299
000002793ff5aa79
00000279f97914b9
00000279f97930b9
0000027af55c63f9
0000027b0f17f1b9
0000027b71a44df9
0000027b7f4a30f9
0000027b8c4c1c39
0000027bbcff3719
0000027bbcffc6b9
0000027df49069b9
0000027e76fe9099
0000027ebef154f9
0000027ef11284f9
0000027f3f498f99
0000027f3f499cb9
0000027fadbc7b99
0000027fbf870d19
0000027fdc638c59
000002801b033359
0000028022f084b9
0000050153be8061
0000000003162771
0000000000000181
00000280b6c8ffb9
00000280b6c91f59
000002811eb45579
0000028140d01a79
0000028140d03099
000002818c743059
0000028198653599
00000281aef351b9
00000281d0748fd9
00000281dfe6a1f9
000002824896a1f9
0000028276387799
00000282c57ec259
000002835a2d9799
00000283760fc979
00000283760fcb19
000002838b2e1819
000002838b2e3a59
00000284253b30b9
00000284253bd239
000002848d127019
0000028499bdd1b9
000002849a1cb779
00000284bd0e1bf9
00000285303df1b9
0000028566050c59
000002860f054a79
000002863903af79
00000286755e4cd9
000002868c0aafd9
000002868c0af939
00000286a6b5fa79
00000286a95a8f79
00000287b89637b9
00000287b8966679
00000287ef957e99
00000288216f22f9
0000028821b99059
0000028827cae9f9
00000288d0c4cfd9
000002898f76acd9
000002898f76bd39
0000028991cd2f59
00000289c13122d9
00000289f6de3a79
00000513f4291d61
0000000003162771
0000000000000181
0000028a3c7fb939
0000028a3c7fc099
0000028a50961099
0000028a89285559
0000028abbdec199
0000028b34323f99
0000028b34324159
0000028c309213f9
0000028c82078e39
0000028cfcb058f9
0000028d092343b9
0000028d38407ff9
0000028dbcc6c7b9
0000028dfe122bd9
0000028ed71bac19
0000028fac75ac19
0000028fb74b36b9
00000290878800d9
00000290a2c15899
0000029170ad0739
000002923c9939d9
000002925e578639
00000292ae4ff439
0000029301c78759
00000293244c34d9
0000029334d627f9
0000029347d9a299
000005269493ba61
0000000003162771
0000000000000181
000002935995b819
0000029370445f99
0000029370447099
00000293d9bf6839
00000293e9c75e79
0000029434f62459
000002944bce2839
00000294d098d099
00000294f57c87b9
0000029539e93db9
000002954004a8f9
000002954f439779
000002954f43b4f9
000002956299c559
000002958e37db39
00000295d5911e19
00000295da9cf279
00000295e94c31d9
00000295f6124f79
00000295f90f4779
0000029682d991d9
0000029688796b59
00000296e64808b9
0000029704ed2ad9
000002981e2bd339
000002981e2bf919
000002981e2bff19
000002987835d139
000002988473f219
00000299059b1779
000002995c975a59
0000029990bc7d59
00000299981adef9
00000299f28d0799
0000029a6f65c6d9
0000029ac0083ff9
0000029b331aa119
0000029ba39169d9
0000029ba391f7d9
0000029bca4b7739
0000029c3489e539
0000029c6cd72f79
0000053934fe5761
0000000003162771
0000000000000181
0000029ce278b539
0000029ce278c599
0000029d16e22ef9
0000029d6863bd19
0000029e4192c899
0000029e4192d119
0000029e863b27b9
0000029f0dcbd5d9
0000029f0dcbea19
0000029f82e175f9
0000029fcfec9639
000002a00a352439
000002a02267f699
000002a0e2fad239
000002a0f1818099
000002a12b7447f9
000002a12b9b11d9
000002a12b9b2339
000002a15311b899
000002a161408f39
000002a1f7c674d9
000002a22b0ab8d9
000002a22e1c2059
000002a25ea61759
000002a25ea62ab9
000002a2e2ef68f9
000002a3466c0e99
000002a3e18e7259
000002a408aae539
000002a408ab2219
000002a42e92b379
000002a4839944f9
000002a503c09d39
000002a51de06c99
000002a56ec19159
000002a56ec1a1d9
000002a56ec1ae99
000002a5b38db8b9
0000054bd568f361
0000000003162771
0000000000000181
000002a707d31f79
000002a7251be7b9
000002a72fe58599
000002a84529f0f9
000002a87e8ebe39
000002a883de65f9
000002a88c367ab9
000002a8aef469b9
000002a8aef47c59
000002a8e4c916b9
000002a933f37219
000002a93558e1f9
000002a9d859e399
000002a9e1e68319
000002a9f447b319
000002a9f541d539
000002a9fef10fd9
000002aa35456fd9
000002aa53998f59
000002aae337d179
000002ab499f0939
000002ab721753f9
000002ab8f9a3779
000002ab94be5759
000002ab94be6539
000002ab9a8f0739
000002ab9a8f0959
000002abc33dd4d9
000002ac3d4555f9
000002ac5ec8f5f9
000002ad0d7ebc79
000002ad23431d59
000002ad551c7ff9
000002ae0abcaf99
000002ae97d36e39
000002ae97d37599
000002aed916a039
000002af0f93d819
000002af18ce1879
000002af29e485f9
000002af29e495b9
000002af311b72b9
000002af311b8299
000002af311b8319
000002af311b89f9
0000055e75d39061
0000000003162771
0000000000000181
000002af7d026a99
000002b0194ec4b9
000002b03e0e7dd9
000002b0595767f9
000002b05fdd73d9
000002b062548159
000002b09a4e9db9
000002b0da2d3959
000002b0da2db2f9
000002b0e92887d9
000002b11b6db779
000002b146583939
000002b1cb91b3f9
000002b2f70d7c19
000002b32974f619
000002b3779524b9
000002b3c78907b9
000002b3de699cf9
000002b47c8e2159
000002b47e6a1019
000002b4ebd926b9
000002b50761e319
000002b54193f899
000002b541946359
000002b554f3a799
000002b5c1e9e4b9
000002b5f08774d9
000002b6426d0ff9
000002b65e282a99
000002b66a1997d9
000002b6815bfe99
000002b6967fe6d9
000002b6ecba9179
000002b71f778639
000002b762b30f39
000002b7654672d9
000002b765468059
000002b76fccbcb9
000002b7fbcb5579
000002b85280a579
00000571163e2d61
0000000003162771
0000000000000181
000002b89153f7f9
000002b8adef3459
000002b8b72fabf9
000002b8bacda699
000002b8bacdae19
000002b8d4deea99
000002b8fa2a5f39
000002b8fa2a73b9
000002b908b0aef9
000002ba3f42ab19
000002ba9cb3e3d9
000002ba9fb81d39
000002baaef9a0b9
000002baf60a7999
000002baf8d7a639
000002bb06dc8bb9
000002bb40d0dc19
000002bb451f7079
000002bb591b5c39
000002bb5fd60d19
000002bb899cb759
000002bba30656d9
000002bbb000e959
000002bbc6a03579
000002bbc6a05459
000002bbc6a05fb9
000002bc2071ad19
000002bc2071b5b9
000002bc34c67cf9
000002bc5c473db9
000002bc5c4f0f19
000002bc5c4f1119
000002bc7922fb99
000002bcb66e8b19
000002bcceb9de99
000002bd101ef0d9
000002bd2e4dff99
000002bd85124d39
000002bdd3aada79
000002bdffd77879
000002bdffd780b9
000002be5466f0f9
000002bf0a7ffc19
000002bf6638e859
000002bfac7601d9
000002c02baa2999
000002c080fcc7f9
000002c0a8386e39
000002c0b13a5039
000002c0cae135f9
000002c0cae13d39
000002c0f9483099
000002c11f4a2639
000002c11f4a2f19
000002c14e4bfdd9
00000583b6a8c961
0000000003162771
0000000000000181
000002c1e2bf0219
000002c21637f7d9
000002c24ded8a59
000002c2912b20d9
000002c2912b29d9
000002c2a48ba9b9
000002c2bef52e59
000002c2c9be84d9
000002c3502cad19
000002c369bdb4d9
000002c3c5ec0f59
000002c43ff35cd9
000002c43ff36f19
000002c43ff36fd9
000002c43ff381d9
000002c466999ad9
000002c482b87b59
000002c491064459
000002c4a6463f79
000002c51a3f66f9
000002c55a082839
000002c575169799
000002c57516fc59
000002c5b06cde19
000002c5d5e69c39
000002c5e42fe799
000002c61cd58a99
000002c62f5f77d9
000002c6431f9c79
000002c64414a6d9
000002c6542bf659
000002c6b47cdb39
000002c7061a00f9
000002c75b435119
000002c791600699
000002c7aeb85539
000002c7f56f0219
000002c83e99cb79
000002c889a44259
000002c8a2dc42d9
000002c8b67db859
000002c9cdf2ca99
000002c9cdf2cb39
000002ca47668179
000002cac5f1b559
000002cac5f223b9
000002cada6ada59
000002cb0ff04b39
000002cb1a1c19f9
0000059657136661
0000000003162771
0000000000000181
000002cb3058c939
000002cb3d0b7759
000002cb62269ed9
000002cb6226a719
000002cb8604cb99
000002cbb6e6d4b9
000002cc07a4ef99
000002cc9832ddf9
000002cc98333359
000002cd0b01b919
000002cd1e4ffd99
000002cd1e500e59
000002cddb305e39
000002ce029a9ed9
000002ce456b4719
000002ce4cbdbcf9
000002ce6226f5f9
000002ce9b5ba319
000002ceb6eb2679
000002ceb6eb2859
000002cec57a6239
000002cee0c64579
000002cf715b6099
000002cf886491d9
000002cfb1caa6b9
000002cff4b06bb9
000002d0066674f9
000002d006668a99
000002d01b911139
000002d022c5edd9
000002d02d9f0919
000002d043c9ee19
000002d078573019
000002d0d3bdfc79
000002d0d3be0db9
000002d0d3be3bf9
000002d11ddc7ff9
000002d1540ea599
000002d184bdb759
000002d1e96af6f9
000002d2334cafb9
000002d25c6ec1b9
000002d26a7a8699
000002d2d7c6be99
000002d32d557ed9
000002d32d55e079
000002d333b7acd9
000002d35bc631b9
000002d35bc63f99
000002d45e2da859
000002d46c5e8cb9
000005a8f77e0361
0000000003162771
0000000000000181
000002d4ab42f039
000002d4bd75a2f9
000002d556aca6b9
000002d5e4761059
000002d6b6ae2779
000002d6b6ae3959
000002d6bdffa219
000002d74b4ca359
000002d800fdfbb9
000002d815d30099
000002d815d31c99
000002d81742c2f9
000002d8488bf259
000002d876b2e2d9
000002d8aaba4439
000002d9217197d9
000002d9378e8a99
000002d98ba9bf19
000002d99e202759
000002d9daa51bd9
000002d9daa56919
000002da1fbec399
000002da634d1c99
000002da81d35239
000002db6a9052b9
000002db9d98eb59
000002dbbe0287d9
000002dc03ba7bb9
000002dc39d39059
000002dcd42e1179
000002dd6d544a39
000002ddc39c4ff9
000005bb97e89f61
0000000003162771
0000000000000181
000002dddc706239
000002dddc7063b9
000002de04fc6759
000002de8f7d2239
000002decafc1239
000002decafc2399
000002df147c4ef9
000002df5b545499
000002dfed823839
000002dfed824739
000002e013922859
000002e079c7d759
000002e0c1b29c99
000002e0c1b29e99
000002e147d38679
000002e162848239
000002e16284ae79
000002e221f9dab9
000002e23f522859
000002e245812659
000002e261568c99
000002e264a56279
000002e2ba326479
000002e3145d2fb9
000002e33541f159
000002e38850eef9
000002e39aa53f19
000002e40f597bd9
000002e4cead0d19
000002e577c540b9
000002e5ff19f739
000002e698b1ea79
000002e698b221b9
000002e6ab24ba19
000002e717986b79
000005ce38533c61
0000000003162771
0000000000000181
000002e76e25a6f9
000002e789e73a99
000002e7ba050d19
000002e8322c04b9
000002e859561839
000002e8605a01b9
000002e87d6e6b39
000002e96fd1e1b9
000002e99dfb2879
000002e9d821c099
000002e9dc13c1b9
000002ea4f24ffd9
000002eb72933a19
000002eb7a320459
000002ebc2684539
000002ebef6a3f79
000002ebf6a95119
000002ec10da2a79
000002ec158f40f9
000002ec19277e59
000002edfa9f2179
000002eef7b6fed9
000002eef8c06d99
000002efdce26979
000002efdce289f9
000002efeee7a959
000002f007bcddb9
000002f0095beb99
000002f043311e39
000002f057c70859
000005e0d8bdd961
0000000003162771
0000000000000181
000002f08727d779
000002f08e9b98f9
000002f0a8f61439
000002f10010f719
000002f10010f8d9
000002f109defa59
000002f144bbb2b9
000002f14ea2c199
000002f15c52e279
000002f1ea592bb9
000002f1ea593319
000002f1edcc8cf9
000002f20e3f90d9
000002f20e3fa3b9
000002f2250a3499
000002f26017d299
000002f26017e6d9
000002f26922df99
000002f335293d19
000002f33b3af659
000002f35d0cb439
000002f3a661a699
000002f3dad4f1b9
000002f46c046859
000002f4ccf63959
000002f4efda3119
000002f50bc4ba99
000002f516dbb519
000002f516dbc639
000002f567fb4139
000002f57aedc319
000002f61c120679
000002f64e6458d9
000002f64e646039
000002f6c31ea719
000002f73b404859
000002f762894819
000002f78eba8339
000002f797e23af9
000002f7ae3fb659
000002f96e619419
000002f999fa2119
000005f379287561
0000000003162771
0000000000000181
000002fa07e61a39
000002faa896d359
000002faf9fc85d9
000002faf9fc9699
000002fb16b7f259
000002fb5f9c3c59
000002fb96fc1279
000002fbe137a4f9
000002fbe1381d99
000002fc130d6a19
000002fc6371e159
000002fc91cbc459
000002fcb6b90c19
000002fd3d122799
000002fd3d126ef9
000002fd3d128399
000002fe92ded659
000002fe9d515d59
000002ff6fb00299
0000030002362b19
0000030002367259
0000030068615059
00000300aff47299
00000300c9d025f9
0000030104a008d9
000003020d444c99
000003021bb95599
00000302b6a24939
00000302ede20d59
00000302f03acdf9
0000060619931261
0000000003162771
0000000000000181
000003031d5cc719
000003031d5cc799
000003031d5cce79
0000030340a42959
0000030340a43959
000003035f7ac339
00000303fa56f679
000003040656f2f9
00000304157751d9
00000304157756b9
0000030415775939
00000304157767f9
0000030415778139
0000030424dffed9
000003042b71bb39
000003048a222e59
00000305247d8e19
000003053a2b8559
00000305593931f9
00000305ed634c99
0000030671baddb9
000003067a298359
00000306a3e2cbd9
00000306aa06d939
0000030787c719b9
00000307abb87c39
000003080aaa02b9
000003088587e4b9
00000308f09ce939
00000309434ba7d9
00000309638ae439
00000309c6438ff9
00000309dc985d79
0000030a48ddd539
0000030ac22b7939
0000030af0d6d959
0000030b3b80a2d9
0000030b3b80a539
0000030b438e80b9
0000030b50951bd9
0000030b50952f99
0000030bb21215f9
0000030be488e079
0000030be488f459
0000030be8ac7539
0000030c0eee7339
0000030c23e30d39
0000030c40ee1059
00000618b9fdaf61
0000000003162771
0000000000000181
0000030d23b21139
0000030d5d8f02d9
0000030db1f03139
0000030eaf7885d9
0000030ec9e15299
0000030eeefec3d9
0000030ef9907879
0000030ef990dc39
0000030fa20e36f9
0000031051451d99
00000311a2123e19
000003120d72b219
000003126af26cf9
000003126ce82479
000003126ce837f9
0000031274631e79
0000031282715b59
00000312b1a1a899
00000312c8b1c839
00000312eb7c8659
0000031344814779
0000031344814959
00000313c1bf8779
00000313edeb17d9
00000313edeb4eb9
00000313f094c679
0000031400f97e39
00000314e8f65139
000003152f32a579
00000315352ac0b9
000003158044d8b9
00000315a5ad5b59
0000062b5a684b61
0000000003162771
0000000000000181
000003163f436a19
000003165f2278d9
000003165f229519
0000031669d871f9
0000031688acd8d9
000003169d512f99
000003169d513119
00000316b96aa8d9
000003175445edd9
00000317576307b9
0000031886049399
000003188844ad79
000003189cde2439
00000318bf26b5d9
00000318df364719
00000318df36ab39
000003193b7ec439
000003197ffbaf99
00000319e884f319
00000319f862e859
00000319f862ed39
00000319f8636259
0000031a2a66a5d9
0000031a2a66b7b9
0000031a8fc2b0f9
0000031b74597479
0000031bccefb659
0000031be98379b9
0000031be9838bb9
0000031c42b0df79
0000031ca87adf99
0000031cd367a899
0000031ce3754299
0000031d11b13b99
0000031d4f049059
0000031de48c7479
0000031de9b1def9
0000031e2d6e9b99
0000031eba858a99
0000031eba858c39
0000063dfad2e861
0000000003162771
0000000000000181
00000320097f68d9
000003201a41e0f9
000003208d91a859
0000032099361d59
00000320a0e224f9
00000320b5241d59
00000320b5241dd9
00000320b5241ef9
00000320b52424b9
0000032136006c59
000003216edf5a39
000003216edf7059
00000321c4167e39
00000322209565f9
00000322b8236139
00000322d1ef4079
000003232b990af9
000003232b990cd9
000003232b991c59
0000032338184b99
0000032352990f39
0000032352993439
0000032358a38c19
000003238f342219
0000032406c1b399
00000324352faff9
000003251878a879
00000325451aa719
000003257ff68659
00000325ae8ebb59
00000325d53d0ad9
00000325f0dc6299
00000325f81e3cf9
000003262965e6f9
0000032644d24ab9
000003264d1eb3d9
000003266597eb59
00000326f1a20bf9
00000326f59e0bb9
000003272d0a5a79
000003273e3d1899
00000327fa870799
000006509b3d8461
0000000003162771
0000000000000181
000003286ce0b839
000003293bd24419
0000032957fa76b9
00000329679b9bd9
00000329715a12b9
000003297ad26439
00000329c5fa58f9
0000032aa194dad9
0000032ac8f87cf9
0000032af1a74599
0000032b7abf4079
0000032ba811ad59
0000032c3d9de039
0000032c6d9c09f9
0000032c7c5a8539
0000032cb0d9bc59
0000032cd0814d99
0000032d27498459
0000032d6a302179
0000032d6a303259
0000032db6fbebd9
0000032db78a4039
0000032e0e297799
0000032e0e298d19
0000032e4f91ec39
0000032e69324b59
0000032eaeb4bf39
0000032ec92f5759
0000032ec92f58b9
0000032f2347be19
0000032f24d9c099
0000032f764af179
0000032f8e6dc6d9
0000032fb5320699
0000032fb5320df9
0000032fb5321119
0000032fb91b5559
00000330271fd399
0000033041f374d9
00000330d18625f9
0000033167ebe159
000003316dd592d9
000003319a42a8b9
000006633ba82161
0000000003162771
0000000000000181
0000033219f03cf9
000003328c257e79
000003328c25e439
00000332931f08f9
0000033354154859
0000033375950eb9
0000033419af7f19
000003348422fef9
000003349e5fd5f9
00000334a73be5d9
00000335ed452979
00000335ed454ad9
0000033647ea90f9
00000336f84a2759
00000336fa5047d9
00000336fa505bf9
0000033726b45d79
0000033734c9e9b9
0000033779b180b9
000003381841bfb9
000003381841ceb9
000003381c919f19
000003390c371c39
000003392ac40859
000003393b86a179
00000339b32902d9
00000339f93ee5b9
0000033a1a832519
0000033a1eb09039
0000033a4493b6f9
0000033ad0a40639
0000033ad0a40e99
00000675dc12bd61
0000000003162771
0000000000000181
0000033b4b7240b9
0000033c05a406f9
0000033c380233d9
0000033c39b27e99
0000033c61a74579
0000033c6cd76599
0000033c7a84d759
0000033c7d2b3b19
0000033caee69699
0000033cd14e2df9
0000033d6c7a3299
0000033da531c399
0000033da531cad9
0000033dc0cf4e39
0000033df8b49f59
0000033ec6f03639
0000033ed31cb879
0000033ee62ce999
0000033f06ba56f9
0000033f94a32099
0000033fc67ba739
0000033fd022d0d9
0000034029c1ea59
0000034029c20f39
0000034029c24d39
0000034050131519
00000340847de199
00000340c4521c79
00000340c4524c19
0000034107a38bb9
000003410fcb1959
000003415c4b16d9
0000034177b84019
00000341a0617cb9
00000341ce0fea19
00000342294b3a99
000003425933e2d9
000003425933f259
00000342bcd822f9
00000342d95210f9
00000342eb38d299
000003436b0fd5d9
000003436b6f0359
0000034415eb0659
000006887c7d5a61
0000000003162771
0000000000000181
00000345584f83d9
00000345584fde79
000003459573c259
000003459573e359
00000345dca9b279
000003465efa2d19
00000346b6c6e3f9
000003483d499519
000003483ea174b9
000003486df2a3f9
00000348cc2148b9
00000348cc215cb9
0000034984bf7f99
00000349969272b9
00000349dc25b6f9
00000349ede1e219
0000034a5a5ac3d9
0000034a72203bd9
0000034b55750df9
0000034b7069ee79
0000034c2c0108f9
0000034c5fc97f39
0000034caa898799
0000034cbae9eaf9
0000034cc74291d9
0000034cc742b379
0000034d079b46f9
0000034d0da94db9
0000034d44e96e99
0000034d44e97059
0000034d748627b9
0000069b1ce7f661
0000000003162771
0000000000000181
0000034e758838d9
0000034e75885319
0000034e8c745a59
0000034eb1476a59
0000034f06f9a3f9
0000034f17a5ea19
0000035002eb6939
000003511f1d8c99
000003512683b799
0000035132395719
000003514f3f00b9
00000351675b01f9
00000351859715b9
00000352384b0859
0000035257e4c679
000003527751f4d9
0000035277520b59
00000352c92a3d39
0000035315fca039
000003533283dc19
000003534259f179
00000353ae011e59
00000354454b1299
00000354862cdf39
00000354ae01e7d9
00000354c0e9b999
0000035507430f59
000003556ef86019
0000035575f49e59
0000035589ed15f9
00000355a9126eb9
00000355a9128399
00000355bbdfc699
00000355d9afbdd9
00000355d9afcdd9
000003561aac8b79
0000035627683dd9
0000035627684639
000003569c9c2b39
00000356c63d5839
00000356c63d5b79
000006adbd529361
0000000003162771
0000000000000181
00000356f9d59999
00000357064e3f99
0000035710db4839
000003573921a299
0000035747b54819
000003576cb0a6b9
00000357bb9d8459
000003580286a939
000003581b2c1319
0000035842b34b39
0000035842b395b9
000003586d773399
00000358f7067539
000003598f44fe39
00000359d2f83ab9
0000035a2d8ce8f9
0000035a49382b39
0000035a9b4d07f9
0000035aa3daa199
0000035aa3dad739
0000035aa3dad7b9
0000035aa3dad7f9
0000035aa3dade99
0000035b14601759
0000035b14605f79
0000035b3b793639
0000035b630dd479
0000035bd1eba959
0000035bdb556579
0000035be19d83b9
0000035be19dac59
0000035be607dcf9
0000035c0dda4039
0000035c0dda5819
0000035cb4af3459
0000035cb7648c39
0000035cefd9f0b9
0000035d00003199
0000035d1fff7cb9
0000035e78750a99
0000035e84e08c99
0000035ed17a05b9
0000035ee1f97319
0000035ee1f980b9
0000035f7c7c4879
000006c05dbd2f61
0000000003162771
0000000000000181
0000036040f0e919
000003605bc8c5d9
000003611ba800f9
000003611ba81179
000003612d3721f9
000003612d373339
000003613c0e1759
0000036179525539
00000361795272b9
000003619cc08819
00000361d69582f9
00000361dcc76699
000003621541ae19
000003621541c9d9
0000036242388eb9
0000036242389ef9
00000362d9991359
00000363680b2d39
000003639144ee59
000003647f31e8b9
000003648eb83079
0000036491e4f959
00000364acd985b9
00000364b55939d9
00000364d1a1db39
00000365a1e5ead9
000003663c591c59
000003663c5934d9
000003665a7c1559
000003669d5ceb99
00000366a455bdb9
00000366f62f32f9
00000366f740ae19
000003671598aa79
000003671598ac39
00000367485866b9
0000036772d584b9
00000367a162b1d9
00000367a162b379
00000367a162b939
00000367da31e159
00000367efa2e459
000003684632e0d9
0000036847b48d59
000003687fa301f9
00000368d07ef4b9
000003690603bbd9
000003690603c9b9
000003690c370cd9
000003690c371579
000006d2fe27cc61
0000000003162771
0000000000000181
00000369e0c9b259
0000036a90431e79
0000036aac8a2779
0000036bd1bc3b59
0000036bdcc50399
0000036c28be7079
0000036c71564199
0000036c8182dad9
0000036c8d171b59
0000036cc371c639
0000036d8f054879
0000036db06c5479
0000036dc55d2879
0000036de933a479
0000036e095ef539
0000036e3d5a7e59
0000036e3d5a9259
0000036e80c3f739
0000036e80c3feb9
0000036e9a7731f9
0000036eaaea1659
0000036f04d77cb9
0000036f96a5eff9
0000036fb1b5a559
000003703173f4d9
00000370b08106b9
00000370d9020d99
00000370e32210d9
00000370e4bd0fd9
0000037148550ed9
000003716f251559
00000371779aa6b9
000003719b788079
00000371f6408519
00000371f6408c79
00000371f64099f9
00000371f640f159
0000037246365199
0000037277337899
0000037297c307f9
000006e59e926861
0000000003162771
0000000000000181
00000372d37c6379
00000372d37c7b59
00000373657b2859
00000373657b3cf9
0000037396ea6859
000003742bd75579
00000374677f02f9
00000374677f1579
000003747ab746f9
00000374a6272019
00000374a62721d9
000003752e9f0e39
000003753b9a5c59
000003756a92e819
0000037572005599
00000375853f6239
0000037586200cb9
00000376188804b9
000003766502af59
000003768ba409f9
00000376caf93919
00000376f683a839
000003778fbcf1f9
00000377aad2ffb9
00000377be62de79
00000377e933b159
00000377fe15a539
000003780de38919
000003780de38a99
000003780de39779
000003785c977039
00000378a1f69b99
00000378b01bfcb9
00000378bb2beb99
00000378bb2beff9
00000378bb2c0059
00000378bb2c1499
000003792196c119
0000037982ccc419
00000379a97492b9
0000037a6abf6159
0000037a6f3892f9
000006f83efd0561
0000000003162771
0000000000000181
0000037c4a70eb39
0000037c6cf16c79
0000037c83c86e39
0000037ccebadbf9
0000037cdd8a9759
0000037ce5b5b939
0000037d2d18bdd9
0000037dd7a93f39
0000037de46d69b9
0000037e186ba439
0000037e186ba7d9
0000037e186bb719
0000037e186bbb79
0000037e4e031a79
0000037e89f82879
0000037eb11d7919
0000037ee4a455b9
0000037ee4a47dd9
0000037fb2b91479
000003803cf06539
000003808a988f39
000003808d196f79
00000380a80d11f9
0000038116f51ad9
0000038116f52af9
0000038116f52cb9
000003814a3ae819
0000038152bd6859
0000038187b9c7b9
00000381bc8f0479
00000382ac044199
000003830669e219
000003831d8abd79
0000038367c0bef9
0000038383cf46b9
00000383c97cc8b9
00000384959b22b9
00000384bd8468d9
00000384cacdb699
00000384cce5b0f9
000003851f037ff9
000003854bf2f2f9
000003854bf30119
0000070adf67a161
0000000003162771
0000000000000181
00000385b53288b9
00000385bbe885d9
00000385c227f459
00000385faa2d7b9
0000038652318ef9
00000386c6691479
00000386e25dd719
00000386e25debd9
00000387c29887b9
00000387c298d499
00000387f322bcd9
000003880994a279
000003880994b8d9
00000388455abf79
0000038849d96419
0000038854e89639
000003885c007e39
00000388746f80d9
00000389a9e0a299
00000389edddf719
00000389edde16f9
0000038a087c25f9
0000038a087c3a79
0000038a0c1f3839
0000038a0c1f4899
0000038a0f61cf39
0000038a5be5dfb9
0000038a8848bed9
0000038ab1768e79
0000038ad1666359
0000038b5ba05d59
0000038b95e06a19
0000038bb96bf019
0000038bc3bf3279
0000038bf03e3e59
0000038c076aa3d9
0000038c076aba79
0000038c5389f0b9
0000038cf3df3859
0000038d55d48bd9
0000038dd3b5c359
0000038e35b11ef9
0000038e35b14259
0000038e751875d9
0000038e82979e79
0000038eb36053b9
0000071d7fd23e61
0000000003162771
0000000000000181
0000038ed39466b9
0000038ee5f00e79
0000038f26cf1899
0000038f2d64e599
0000038f38963c59
0000038fb5d991b9
0000038fb5d9a579
0000038fced963d9
0000038fd9131e59
0000038fe845d9d9
00000390339cf379
0000039042494599
00000390c22040f9
00000390cdb1e559
0000039139a61c39
0000039139a62459
0000039139a65019
000003916d4d9559
00000391951f2139
00000391a0081dd9
0000039203969519
000003923e47e1b9
0000039245fcd4d9
00000392a8a85c59
00000393162ad639
00000393360ebb79
0000039365286399
000003939ffa8599
0000039400580879
00000394031b5019
000003948159d339
00000394bfd416d9
00000394c0fd8d59
00000394dfbcfe19
0000039506009959
00000395f446ca19
00000395f446e7d9
0000039652188139
0000039705dd2779
000003970f96b959
00000397a116ac19
00000397a1172439
00000397d3a077d9
00000397dcbae599
00000397f4800739
00000397fdd384d9
00000730203cda61
0000000003162771
0000000000000181
00000398356d1d19
00000398ad46a9d9
00000398ad470c79
00000398e7a0f319
00000398ef362a19
0000039916e68e39
000003994d733ef9
000003996ac97cb9
0000039a2d4a34f9
0000039a4d8f9eb9
0000039a65c23699
0000039a8a2a99b9
0000039b16dfbff9
0000039b1a6b97b9
0000039b1a6b9f39
0000039b2331adb9
0000039bc4706ed9
0000039be8eeb0d9
0000039c4a07c6f9
0000039d079023d9
0000039db347a139
0000039e562d8d59
0000039e562db019
0000039e9888e999
0000039f33ef6279
0000039fd11bc079
0000039fd155aa19
0000039fe33e6579
000003a0149a9cb9
000003a0833ba739
000003a0833bcfb9
000003a0833be139
000003a0bea47c19
000003a113353fd9
000003a14ec37a39
000003a14ec38279
00000742c0a77661
0000000003162771
0000000000000181
000003a197d82019
000003a197d833b9
000003a197d851f9
000003a1d301f379
000003a1d7ab75b9
000003a20fdb2b59
000003a2aff36779
000003a2c79c7c19
000003a2c79c7dd9
000003a31d5b8539
000003a37a1892f9
000003a3d62c3bd9
000003a3e93ea1f9
000003a43f4cddb9
000003a4411a2619
000003a442efaad9
000003a46a8909d9
000003a4de6c33f9
000003a4f6d85d39
000003a596e9b159
000003a5f56b4cf9
000003a5f56b5479
000003a613d56339
000003a613d57a59
000003a613d57c19
000003a6521986b9
000003a69af02a19
000003a69af02a99
000003a6b67c9a39
000003a761a23839
000003a7a81ec199
000003a7ff894319
000003a805dafcf9
000003a826d0bb99
000003a87541f7f9
000003a8853d4e99
000003a8bdc711d9
000003a932a5ba39
000003aa5c8403d9
000003aa68fb5bd9
000003aa9189fb79
0000075561121361
0000000003162771
0000000000000181
000003aae9398979
000003ab56eed2f9
000003ab66d99ab9
000003ac27614339
000003ac37db7499
000003ac7c7f4799
000003acb9edc539
000003ace2112df9
000003ace2114e59
000003ad12df8eb9
000003ad1559c1d9
000003ad34ce3139
000003ad5484ced9
000003adb6a0b2b9
000003adf21ede39
000003ae03361759
000003ae4815be59
000003ae93eed7b9
000003af31c5bdf9
000003b021223119
000003b0212246f9
000003b08de0cfb9
000003b0c5fd0379
000003b0d0bd31d9
000003b0eb5a3d59
000003b13d2d7579
000003b13d2d8a79
000003b1a8e702b9
000003b20b2f3c99
000003b2692665f9
000003b269267619
000003b28140c7f9
000003b28140db59
000003b2bd3188b9
000003b2f13e1bf9
000003b3965c3d59
00000768017caf61
0000000003162771
0000000000000181
000003b410c24039
000003b4390e1359
000003b46206c919
000003b485c7c059
000003b4a184d979
000003b4a2c9bad9
000003b4cb45d0b9
000003b4cbd9d139
000003b53bee5c59
000003b540f24139
000003b540f255f9
000003b563f6f479
000003b579661a19
000003b592c54c39
000003b592c55e79
000003b59470de79
000003b5af4c6919
000003b5af4c8399
000003b630267379
000003b682136f59
000003b6c3fd3859
000003b6f021a7f9
000003b71a680899
000003b776568419
000003b79743f379
000003b79c660d79
000003b7d5c263d9
000003b7fd1ac9d9
000003b8482b54b9
000003b8edf50b99
000003b935bca7f9
000003b986edf1d9
000003b9fd9ee059
000003ba03ff53f9
000003ba3213b219
000003ba5acb70f9
000003ba5acb72d9
000003ba6cf68b59
000003ba9cb54b39
000003bb1bce32d9
000003bb2e773f79
000003bb3b63b899
000003bb636b6859
000003bbaa944a99
000003bbaa944c79
000003bc160f1919
000003bc86c5f539
000003bcaea9ce79
0000077aa1e74b61
0000000003162771
0000000000000181
000003bd52b061b9
000003bdd2fdc4f9
000003bdd2fdd259
000003bdee544899
000003bdf406ba19
000003bea67e4799
000003beace7bd79
000003beace7bf19
000003becfe2bfd9
000003becfe2dd39
000003bf365902b9
000003bf3a9a7179
000003bf5b6302b9
000003bf813fee59
000003bf8cb3bd39
000003bfb3cabd39
000003bfb5279079
000003bfb5279119
000003bfb52797f9
000003bfcaa6fd59
000003bfcaa71039
000003bfcd984a39
000003bfd0dfc8d9
000003c00b4d9939
000003c024d0fdb9
000003c09c5766f9
000003c18cc8efd9
000003c193b34059
000003c1a01bba59
000003c1dfbbd9d9
000003c1dfbbdb59
000003c1ec310e59
000003c2be3f1719
000003c343be80f9
000003c3d8ca8239
000003c3de1107f9
000003c3f7c4eb39
000003c4599b8fb9
000003c4599b96f9
000003c463839a39
000003c46383aaf9
000003c4696b1fd9
000003c5013ed899
000003c5013eda19
000003c52d1b38f9
000003c55eabc399
000003c5c1092ed9
000003c5db730959
000003c5ffc55e19
000003c6243e1379
000003c6243e2999
000003c65f67f679
000003c65f98d5d9
000003c6610b79b9
0000078d4251e861
0000000003162771
0000000000000181
000003c730e490b9
000003c790b49fb9
000003c825634c39
000003c96b252d39
000003c9c2774f59
000003c9d7349c79
000003ca06d9b7b9
000003ca09203bb9
000003ca2bcfbbb9
000003ca8f36cf19
000003ca9df3d079
000003ca9df3d239
000003ca9df3e5f9
000003ca9df43e19
000003cacd72fc39
000003cb4a981cd9
000003cb4a982e19
000003cb578e7819
000003cbcebcb639
000003cc07af5ab9
000003cc242f5039
000003cc3dc4d179
000003cc8b0f55d9
000003ccab0101f9
000003cd0ac6b299
000003cd1b99bfb9
000003cd5e1c17b9
000003cd7b5110b9
000003cdeb14aa79
000003cdfb06d7f9
000003ce156ecab9
000003ce352902d9
000003ce408167f9
000003ce710030d9
000003cfa595eb39
0000079fe2bc8461
0000000003162771
0000000000000181
000003d10d275d39
000003d110c20439
000003d14a54dc59
000003d14f596cf9
000003d14f597f59
000003d15accc6b9
000003d16834eeb9
000003d168351e59
000003d1909aa379
000003d1e2c6c759
000003d1e320edd9
000003d31f70c7f9
000003d33f502099
000003d33f503519
000003d364f7dcd9
000003d3bd28d159
000003d3c28a3279
000003d41c1d0ff9
000003d4482bfcf9
000003d53c287dd9
000003d555510559
000003d555512079
000003d55ae563d9
000003d5cd119379
000003d60962e339
000003d66ffa3fd9
000003d69d88df19
000003d6de00b8d9
000003d71ecf2679
000003d791d31c99
000003d7daa915d9
000003d87a5d90b9
000003d88e846ed9
000003d88e8470f9
000003d8c5fc5ab9
000003d8cc6c78d9
000003d916423879
000003d9213452b9
000003d921346c59
000007b283272061
0000000003162771
0000000000000181
000003d97e6e3939
000003d98eaec299
000003d9b2999899
000003d9c2462059
000003da29dcba99
000003da29dcd2d9
000003da29dcd359
000003da531bb079
000003da63bb5099
000003da8f70c779
000003daa2d22119
000003db4ce61899
000003dbfd783419
000003dc155ecd19
000003dc88cdb399
000003dc9c2e8f99
000003dccf8257d9
000003dcd63a6119
000003dd3bbd84b9
000003dd7631d4b9
000003deb87a66d9
000003dec0e9e259
000003df01ed9639
000003df48011259
000003dff8cda799
000003e00d9d8039
000003e06603a639
000003e08c5fa1b9
000003e0919497b9
000003e0b361d259
000003e15f278f59
000003e16afe4939
000003e1d2460379
000003e1d2465959
000003e1e0a85e39
000003e1fe3e6979
000003e26bf6feb9
000003e26bf71279
000003e289c19939
000007c52391bc61
0000000003162771
0000000000000181
000003e296914159
000003e37d14e899
000003e37d14fd79
000003e38d0e4399
000003e3cd307159
000003e3f6aa4e99
000003e4103487d9
000003e4371e13d9
000003e44d3adfd9
000003e4a2273c59
000003e4a2279e99
000003e4bff77739
000003e5087e1ef9
000003e5561dc739
000003e603a7e799
000003e6594ca799
000003e6838a08b9
000003e6a5442919
000003e6b9daefd9
000003e6e3f125d9
000003e6e528d5d9
000003e702fca6d9
000003e7040ce059
000003e75b36a919
000003e7cad4f819
000003e7fc757ef9
000003e81bcc1199
000003e86ba0aa19
000003e88d394059
000003e89b6fab59
000003e95524a8f9
000003e977bb1c19
000003e9a7122899
000003e9b8d3a3f9
000003e9bfbc5839
000003eaaf5fc299
000003eaaf603999
000003eae724f019
000003eb0af3e5d9
000003eb1db536d9
000003eb4662de79
000003eb9aef8219
000007d7c3fc5961
0000000003162771
0000000000000181
000003ec0e1d29d9
000003ec3802a159
000003ed0904f4d9
000003ed3596eb19
000003ed4e3b58b9
000003ed4e3b6159
000003ed4e3bba99
000003ede6a70679
000003ede6a70819
000003edf6b4b3d9
000003ee99cc65b9
000003eec1739859
000003eec540aa99
000003eef3943579
000003ef021b4ed9
000003ef5835a9b9
000003ef5835c359
000003efc0ed6799
000003efc10c9a19
000003efdff6e559
000003efe65912f9
000003f05c02c799
000003f091f65519
000003f091f666f9
000003f091f66859
000003f093ba4179
000003f0f0d2c7b9
000003f151fe9879
000003f1a5f64e79
000003f1beb93879
000003f1d549def9
000003f1d549f8b9
000003f24307c1d9
000003f254817b59
000003f263abebb9
000003f2ca2fb8d9
000003f2f817d2f9
000003f322144e99
000003f33a5ff639
000003f3b32fe4d9
000003f3bcc13199
000003f406e00459
000003f446875dd9
000003f4d0bc67d9
000003f52af4d8f9
000007ea6466f561
0000000003162771
0000000000000181
000003f586a7a839
000003f59f5c50b9
000003f5aed141b9
000003f623bbe479
000003f6dcbfabf9
000003f7106b8699
000003f7106bf9f9
000003f735be6439
000003f767a49b39
000003f7a7c042b9
000003f84e7c5d79
000003f890128d59
000003f8901292b9
000003f8eabfc8b9
000003f920187999
000003f9fea709f9
000003fa3295d759
000003fa764935b9
000003facfaa5dd9
000003facfaa6f79
000003faea6ecab9
000003fc38649c19
000003fcf3fb4779
000003fda6a203b9
000003fe5a250a19
000003fe6976f3f9
000007fd04d19161
0000000003162771
0000000000000181
000003ff1573ccd9
000003ff1aabab79
000003ff3a51f899
000003ff911657d9
000003ffa34555d9
000003ffcb847239
0000040007715099
0000040034392a19
0000040041e82d79
0000040041e83dd9
000004006723c379
00000400905c7819
00000400e651c619
00000400f22dda99
0000040116ff3bb9
0000040128fd9479
0000040184d34619
00000401952b9879
00000401952babd9
00000401d512cb39
00000402f24c86b9
0000040338991639
000004034463f6d9
00000403c36c4899
00000403e1cf82b9
000004041ebde259
000004042e1db019
0000040452072299
00000404bd00c659
00000404e6351c19
000004057e1928f9
00000405c7dd82d9
00000405c8418cf9
00000405c841a5d9
00000405fa3ec5d9
00000405fe987d99
0000040600586a79
000004060058b899
000004060b529619
0000040629df47d9
0000040629df6539
0000040629dfa499
000004062c8a0c39
0000040630d0ec19
000004066fb2eb99
000004069868e299
00000406ed6e41b9
000004071ec53539
000004071ec53c99
000004071fe889f9
00000407463703b9
00000407665bd399
00000407665be3d9
00000407987f3b19
0000080fa53c2d61
0000000003162771
0000000000000181
00000407e6f154d9
0000040862f72ad9
00000408b2479c59
00000408dffc4719
00000409105afff9
0000040911fa1ef9
000004091cdfa4f9
000004091cdfae19
000004092c2bdf79
00000409b9051f99
00000409b90536f9
00000409ffba0c99
0000040a05d69c39
0000040a05d6b519
0000040a4b5c4c99
0000040aa866de39
0000040aa8670319
0000040b0f505b39
0000040b1e77ddb9
0000040b352de4d9
0000040bc80a5af9
0000040bf812b7d9
0000040c8b7753f9
0000040ca87e7fd9
0000040ceba651b9
0000040d57bd6a39
0000040d57bd7f79
0000040d57bd9599
0000040d57bdba59
0000040d57bdbad9
0000040d57bdd9d9
0000040d6010d1f9
0000040d72a86759
0000040d9eb2e799
0000040dc5afb739
0000040de6200679
0000040e44957059
0000040e57908259
0000040ef5733f59
0000040ef5735079
0000040f3eda4f59
0000040f4c466a99
000004100507c3b9
000004109f93f439
0000082245a6c961
0000000003162771
0000000000000181
00000411306a12b9
0000041136f45759
00000411520d3d19
00000411a0719699
00000411d4025b19
0000041218486599
000004122fcd9639
000004124f421db9
00000412729ce859
0000041274797db9
00000412813312d9
000004131be54519
000004131be545b9
0000041326069799
0000041350eb1c99
00000413835a2019
0000041410f211f9
0000041447fb6d59
00000414cc727739
00000414fb35a5d9
00000414fb35fb59
0000041553349d79
00000415b2f2b399
00000415be1f7a19
00000415ced08899
00000415efd32239
000004161c36bf39
000004163de79cd9
0000041642086b19
0000041705a22819
0000041705a25199
0000041705b57019
0000041751a81759
0000041775222b19
000004183b7d0579
000004183b7d17b9
000004187de0d579
00000418d4692af9
00000419240e8279
000004193bbead99
000004194ca7b6d9
00000419819329f9
00000419d40b7ef9
00000419d40b9019
0000041a5edabc59
00000834e6116561
0000000003162771
0000000000000181
0000041a734d0739
0000041abbc1c2f9
0000041aefe0e479
0000041b3d70eb19
0000041b559d71d9
0000041b559d7279
0000041b602a2939
0000041b8a4a7359
0000041bc4e07079
0000041bd506ce39
0000041c608d1d59
0000041c6cbe14b9
0000041ce899bcd9
0000041cfbb8ef59
0000041cfbb90ad9
0000041d22b4d9b9
0000041d3c698a39
0000041d3c699a39
0000041d579d2079
0000041d7f7c90d9
0000041da9cfc379
0000041dc3511739
0000041e01703a99
0000041e50060599
0000041e5ae261d9
0000041e5b08fd79
0000041e9457cc99
0000041e9457f299
0000041ec8a58039
0000041f1b463879
0000041f466666b9
0000041f5d4a7919
0000041f5d4a89b9
0000041f5d4a8c19
0000041f5d4ae9b9
0000041f6ac43479
0000041f7a7097f9
0000041f7dbb2a79
0000041f85c313b9
0000041f85c32c59
0000041f85c34bf9
0000041fefc96559
0000041ff062a519
000004200f87ab79
000004207db6c9f9
000004207eef5479
0000042118a253f9
000004212e6e2439
0000042185855a99
0000042185856179
00000421dcc98b19
00000421e7de9fb9
00000422351474f9
00000422545345b9
00000422d3914c59
00000422fdacc2d9
000004230c5b8cf9
000004230c5ba939
0000042328378559
000004237555b319
000004237555f379
000004238043d0b9
00000847867c0261
0000000003162771
0000000000000181
00000423cc01d319
00000423daee8eb9
000004246faa3559
00000424b736e559
00000424b736f7b9
00000424dfa45d39
000004259dcb40f9
00000426130402f9
0000042642748f79
00000426a28d81b9
00000426c1e8f019
00000426ca8620f9
0000042703648559
00000427b66e09d9
00000427dc0220b9
00000427fee96d39
0000042811fc9479
0000042813b57cb9
000004287c50dc99
0000042886efa339
00000428b5e35639
00000428b5e3b779
000004292b9e2139
0000042938b444d9
0000042959cb65d9
0000042976212259
0000042982fe35d9
00000429975f3859
0000042a518caf99
0000042a62413879
0000042b235b1eb9
0000042b66f2cbf9
0000042ba96b5679
0000042bc0f2d799
0000042bc0f2d979
0000042bcf4503d9
0000042c7cd4fb79
0000042c9ec0d079
0000042ca45e3599
0000042ce971ddd9
0000042d0715b0b9
0000085a26e69e61
0000000003162771
0000000000000181
0000042d6a5fd199
0000042d7da75999
0000042daa14d4b9
0000042dd6794c39
0000042e1882d239
0000042e395d80b9
0000042ec6ff7439
0000042f0ca0ff99
0000042f2a0aaa39
0000042f3939fb99
0000042fbbcd7cb9
0000042fdfc90539
0000042fed45ebd9
00000430dc050959
00000431a2a5ad39
00000431ce9ec799
00000431ce9f2999
00000431e075fc19
00000431e075fdb9
00000432359d42b9
000004327a3b0fb9
000004328d81f999
00000432990161b9
000004329901bd59
00000432b17bfdd9
00000432b66bc0d9
00000432bc97f6d9
00000432c81cb459
00000433477fe159
0000043347ed5339
00000433646952b9
000004337d2234f9
000004337d224919
0000043390797519
00000433c16b8479
00000433f5642939
000004342effb599
00000434478a0ed9
0000043453a4ab39
00000434a98e7d79
00000434dcf29e19
0000043525df3879
0000043556db4cf9
0000043556db5c99
0000043563f29d39
0000043578481459
00000435aa8a15f9
00000435b7b35799
0000043627d2b559
0000043627ff0419
00000436361d9d39
0000086cc7513a61
0000000003162771
0000000000000181
00000436f1a74ad9
000004374a1f7819
000004374a1f7f99
00000437691a1299
000004379b92b439
00000437b562b599
00000437b7cb2f99
00000437f2718bd9
000004386566d979
0000043966d80759
0000043a0a769299
0000043a9385ebd9
0000043ab0eaf539
0000043b9d6f7df9
0000043bc4744d79
0000043bd8fc57b9
0000043c53a37c39
0000043c78f79cf9
0000043cb3626d39
0000043d2b95c199
0000043d4b23f539
0000043e43eeac99
0000043e69120d39
0000043e8f8d08b9
0000043eb2d85639
0000043ee77cfcb9
0000043ee77cfe79
0000043f06290d19
0000043f8d88f6d9
0000087f67bbd661
0000000003162771
0000000000000181
0000043fb7031999
0000043fc682aff9
0000043fc8404979
0000043ff6d4cef9
0000044046d07639
0000044061d10c59
00000440e331c899
0000044120fc7119
00000441733138d9
000004417ad7b219
00000441840f7059
0000044212dbe899
0000044233095f99
00000442d04f6959
00000442d2ed1ef9
00000442f6455679
00000442f6455739
00000442f6455dd9
00000442f6456859
000004436ab55c59
000004436ab56e99
000004437da8c6b9
0000044398182c19
0000044398183bb9
0000044398184739
00000443dc3a4ff9
00000443fcf48839
00000443ff6f9479
00000444115a0a79
000004441b86f0b9
000004441bd63739
000004443d3e1839
000004443d3e31f9
0000044443adb299
00000444742898f9
00000444d9bbf479
00000444dfb05859
00000444dfb059f9
00000444dfb0aa79
00000444dfb0ad79
000004452c30d119
000004459b221d59
00000445b8138859
00000445b9ed4e39
000004460459a919
0000044633a8f859
000004464819e5d9
000004467c8e0df9
000004467c8e2659
00000446aaf8a8b9
00000446aaf8bb19
00000446d92b2539
00000446f4739639
000004472aa88679
000004473ffaa199
000004475cd79d99
0000044785014839
00000447850149f9
00000447c5ab2899
00000447e7e37cd9
000004483790d539
0000044883af4c59
00000448d16f84d9
00000448eac8d639
0000089208267261
0000000003162771
0000000000000181
000004490906bef9
000004490c91c719
00000449433d46b9
0000044980954759
000004498cf19c39
000004498cf29679
000004499a2038b9
00000449b87bca79
00000449e61e0799
0000044a1530d9f9
0000044a89b2c939
0000044a89b2caf9
0000044a935c8819
0000044ac11cfef9
0000044b92bdbe99
0000044bc2134c99
0000044bd71a0ef9
0000044c494f71b9
0000044c889bd8f9
0000044cba9ec4b9
0000044d24b10ab9
0000044d9cb08799
0000044dbdbd0cb9
0000044e622b9cb9
0000044e685d6359
0000044e9e3a16d9
0000044f3ce238f9
0000044fdc9faa39
0000044fe2fa8fd9
0000044fe73a60b9
0000045084a93c59
0000045084a94d59
00000450882da039
00000450e78e3d59
00000450e78e3f19
00000450f8705099
000004511294ad59
00000451321fa119
0000045184fa8799
00000451a568cdb9
000008a4a8910e61
0000000003162771
0000000000000181
000004528d040a59
000004528d041a19
0000045294ff82f9
000004531362eaf9
000004535c114ed9
00000453d056e199
00000453d68382b9
0000045438f24379
0000045454cf6eb9
0000045456394fb9
00000454f0f8a399
00000454f98046f9
00000454fd7a81d9
00000455117efa59
000004556e251cb9
00000455c5315999
00000455f4389479
0000045609d40879
0000045615d3a919
00000456916c4d79
00000456c3f1f459
00000456c3f20359
00000457801d3599
00000457d4041b99
00000457ea49f299
00000457ea8948d9
00000457ea896219
00000457ea8973d9
00000457ea897479
00000457ea897b39
00000457ef922219
00000457f9063199
0000045828a023f9
000004582a9fd199
000004582e297419
00000458bf9d2979
00000458bf9d51f9
000004599144c699
0000045a0aafce79
0000045a0aafd759
0000045a7d5ddad9
0000045b1337ea39
0000045b674b3919
0000045ba053e899
000008b748fbaa61
0000000003162771
0000000000000181
0000045beece07f9
0000045beece17b9
0000045beece1879
0000045c1aa8b899
0000045c41a7b799
0000045c5daa51d9
0000045c9daec179
0000045c9daec1f9
0000045cdb495059
0000045cdb496519
0000045d2cc6a899
0000045d9141f4f9
0000045dadc962b9
0000045e21b2bed9
0000045e45a167f9
0000045e851f9fd9
0000045ec8878719
0000045ed3371a59
0000045ff3f640d9
000004600b96ae19
000004604be3d7d9
0000046070565b19
000004607e90f679
000004608e15f519
00000460f88ffa79
0000046147e06d19
0000046147e07bb9
000004616198a839
000004617f4bd1b9
00000461f51f5059
0000046222573539
0000046222574959
000004627b091919
000004627b099059
000004629b88a8f9
00000462a422bf99
00000462bbe90b39
000004631df22559
00000463420ed3f9
00000463420f30b9
0000046389fb6439
00000463cee0ebf9
000004643b5c1cb9
0000046450e7eed9
000004648e17b279
0000046490df1659
00000464c83eac39
00000464cedfa059
00000464d59f6839
000008c9e9664661
0000000003162771
0000000000000181
00000464f7670939
000004652250b719
000004652250cab9
00000465623ed579
00000465695ccb19
000004659e079359
00000465c89a9919
00000465d414ce99
00000465f6130879
0000046622f4a599
0000046622f4acf9
0000046622f4b839
00000466d320c0b9
00000466f4ce85d9
0000046715e22339
00000467258d16d9
0000046728da31b9
00000467db716a39
00000467de760519
000004688b04de19
000004689854c559
000004695c622919
000004695c626419
0000046994c3b999
0000046994c3bb59
00000469e6469e39
00000469eecdc059
00000469eecdc8b9
0000046a065ec4d9
0000046a065f0219
0000046ab26ec2d9
0000046ab26eca39
0000046b4035e479
0000046b6c60a3b9
0000046bbbf5f999
0000046c70ee32f9
0000046c897634b9
0000046cf8b48bd9
0000046d2b1b3df9
0000046d53b42a39
0000046dad165399
0000046dca248d39
000008dc89d0e261
0000000003162771
0000000000000181
0000046e929fed79
0000046ea3e35bd9
0000046ea3e36e99
0000046ecadaef79
0000046ef1c931b9
0000046fb826fe59
0000046fe9d8b1d9
0000047048360f99
000004704eb84879
00000470909e9b19
00000470950897f9
00000470b2f8e1b9
00000470b75534f9
0000047127ff4af9
0000047127ff5999
000004722b3dbe99
000004739798cfb9
0000047462c60d39
000004746bb54579
000004746bb59199
0000047470a665b9
0000047470a67c19
0000047482270f99
00000474ddd97dd9
00000474fdedc819
000004750152f579
0000047563f78b59
000004766665d0f9
000004769d284a59
00000476a5153b99
00000476ff166c19
000004771b364919
0000047724552659
000004775a711099
0000047767f89af9
00000477841cd3b9
000008ef2a3b7e61
0000000003162771
0000000000000181
00000477ee0bb479
000004780fb25779
000004786db7a939
000004786db80d19
000004786f8bf4b9
00000478816162f9
000004789a46d2d9
0000047909b4b679
000004790f202c19
0000047945621f99
00000479bbcf1099
0000047a3e1f5c99
0000047b96872719
0000047bc0bab719
0000047bc2197c59
0000047c11db2cd9
0000047c532b5179
0000047c532ba039
0000047c72be37d9
0000047cf800f599
0000047d23cd5db9
0000047d5a2a1899
0000047d61ed2659
0000047d61ed2859
0000047d61ed3bf9
0000047d9735d3f9
0000047de68eb699
0000047df358fb19
0000047e99ca6a19
0000047eb7ddb079
0000047f8a76bfd9
0000047fa60781f9
0000047ff5626459
00000480680aa059
0000048088277699
00000480d30c3c79
00000901caa61a61
0000000003162771
0000000000000181
00000480ea4f1399
00000480f180b0d9
000004810d392639
00000481aac78599
000004820b226439
000004821e6fc799
00000482aaa78559
00000482ead47d39
0000048300ae4b19
0000048421b461d9
00000484a3968059
00000484f6ce2799
00000484f6ce3a79
0000048597ac67b9
0000048597ac6999
00000485ced36259
000004876bcf1519
00000487dc15c819
00000487dc15daf9
0000048817cd8d99
0000048927085b59
0000048986a61859
00000489e3762039
000009146b10b661
0000000003162771
0000000000000181
0000048a35d863f9
0000048a87e07a39
0000048a95b38159
0000048a95b39719
0000048ab6c5c379
0000048ab6c5df99
0000048ab6c5fd79
0000048b483bbb79
0000048b930ac4b9
0000048bab10ddf9
0000048c0668fcb9
0000048d70954399
0000048dcde77799
0000048df9bd75d9
0000048e35bd71f9
0000048e39c5a819
0000048e55da97d9
0000048e61d10e79
0000048f0200d4f9
0000048f45349b79
0000048f8bf63839
0000048fbca12f99
0000048fdbdc6d79
00000490250bfd59
000004902a7ad239
000004903f968379
00000490642113d9
00000491675df2f9
000004917a1b1b59
00000492a5a0d279
00000492d3b8cad9
00000492d3b90a99
00000492d899d0f9
00000492df733439
000004932a30b179
000004935badd819
000009270b7b5261
0000000003162771
0000000000000181
0000049395386d99
00000493ab792259
000004943b2efd99
0000049441df5b79
00000494a7164ed9
000004956c095cb9
000004965ad9c719
0000049716a24479
000004971ecb8559
00000497cd228259
0000049844d7be19
000004986fccb739
00000498d3c1efb9
0000049904bfb3f9
000004990aab0459
0000049a82ef2d99
0000049a82ef4419
0000049a91ad8799
0000049a951532b9
0000049a95154a39
0000049b09494d59
0000049bd1083cf9
0000049bfeda1859
0000049c497e7319
0000049c7e35d699
0000049c8d45ecd9
00000939abe5ee61
0000000003162771
0000000000000181
0000049cdff854d9
0000049d2225b999
0000049d5cb9a259
0000049d8fe6dc39
0000049de05a4239
0000049de8cc1939
0000049ded4cc659
0000049e0a5a6299
0000049e0a5a7d39
0000049ec3eece19
0000049ed5854d79
0000049f185f2e39
0000049f6ed46339
000004a00f887f79
000004a020987359
000004a0352de199
000004a0427dc019
000004a045043459
000004a0544a5dd9
000004a11c4cecf9
000004a11c4cfef9
000004a1f6e53b99
000004a201c3a419
000004a20fe91c19
000004a213421b39
000004a26d2052f9
000004a26d206579
000004a26eff8e79
000004a28a890e39
000004a2ccb59699
000004a2d7f37e39
000004a2e7239f39
000004a2e723b359
000004a3119815d9
000004a3607c4bd9
000004a3d9c68359
000004a3fa1300f9
000004a4269f5679
000004a42dd03a39
000004a44b19b019
000004a454bb0f79
000004a454bb8fd9
000004a5a803bff9
000004a5cf8007f9
000004a5f649dcb9
000004a61c2c6919
0000094c4c508a61
0000000003162771
0000000000000181
000004a62619b4f9
000004a666741e39
000004a666742dd9
000004a6cec78d39
000004a71edf1af9
000004a73aff4d39
000004a73fc58119
000004a83257a039
000004a8af2013d9
000004a8bdd61139
000004a8be39f819
000004a95b37c3f9
000004a95b608ab9
000004a9adfc4219
000004a9e8b8ac79
000004aab4768fd9
000004aacbfa3a39
000004aacbfa4239
000004ab6ed1d839
000004abeeb50d59
000004acfd870879
000004acfd874399
000004ad3855ae99
000004ade1c28459
000004ae076a9c19
000004ae75879f79
000004af5e2decd9
000004af5e2e0119
000004af66aff099
0000095eecbb2661
0000000003162771
0000000000000181
000004afbbb37c59
000004afbc4c0019
000004b00ced0dd9
000004b013ff4f39
000004b013ff62b9
000004b03634da59
000004b045730759
000004b0b19fe359
000004b0d6d59959
000004b11dc9f6b9
000004b12d223279
000004b1fc046919
000004b2b88c2059
000004b2dcca37d9
000004b32d4dc639
000004b32d4dc779
000004b3503d4ab9
000004b356293019
000004b3a5526e39
000004b3cb3671d9
000004b4022dfe39
000004b4022e0c79
000004b4022e1539
000004b4044af799
000004b46c2a61f9
000004b4ea038a19
000004b4ff1bcb79
000004b50f4ae619
000004b533e90db9
000004b5f984fbd9
000004b65501cd39
000004b65501d579
000004b6550238b9
000004b66123f819
000004b6e74bf1d9
000004b72b80c739
000004b736eba6b9
000004b73dc7d379
000004b7cb4f3339
000004b8230664d9
000009718d25c261
0000000003162771
0000000000000181
000004b8ce96ba19
000004b9ac94d259
000004bb374ddf79
000004bb8e970b99
000004bb8e978679
000004bbbbb20d59
000004bbd6670099
000004bbeaad90b9
000004bc42dba2d9
000004bca5c99739
000004bcb891a4f9
000004bcc78fe499
000004bd0d75e4f9
000004bd6554e759
000004bd8068be19
000004bd967babf9
000004be22d15ad9
000004be31a65699
000004be56004679
000004bf3607f559
000004bf6e7106b9
000004bf848d9719
000004bfe13794b9
000004c01c2098d9
000004c028b28bb9
000004c046899119
000004c079b2b479
000004c0baefc819
000004c0baefd019
000004c0daaa92f9
000004c0eb165019
000004c0eb165779
000004c0f5092459
000004c10f33ce59
000004c1187b1579
000004c122654939
000004c144b4aa59
000004c164f0e879
000004c1679256d9
000004c1d23f79b9
000004c20fe34599
000009842d905d61
0000000003162771
0000000000000181
000004c265463359
000004c32c1680d9
000004c337cd3519
000004c337cd4839
000004c339e18979
000004c3cea9bd59
000004c3ff723e99
000004c4358fd919
000004c4aa7ee859
000004c4fd34b919
000004c50728d139
000004c50728e559
000004c55a8dda39
000004c55ffcde79
000004c56904c8b9
000004c58a537a39
000004c628c86d59
000004c68ae74599
000004c68ae75a79
000004c77d6d9b59
000004c7d5e0fc99
000004c89c5dccd9
000004c8d4ea32d9
000004c94a8dbf59
000004c997fe55b9
000004c9b4c73fb9
000004c9ca0ec399
000004c9cd6a0cd9
000004c9ed7d7cb9
000004ca3f5367d9
000004ca48cf4579
000004ca48cf56d9
000004ca67053eb9
000004ca85114b39
000004ca94478399
000004cab33a7019
000004caee0edc39
000004cb155ba539
000004cb1d108939
00000996cdfaf961
0000000003162771
0000000000000181
000004cbdc3b98d9
000004cc1f9590b9
000004cc8125dfb9
000004ccd2d8c559
000004cd314dcef9
000004cd8c678db9
000004cd9c8a64b9
000004cdcedeb719
000004cdcedebb19
000004cde525ad79
000004ce182f7b79
000004ce182ff199
000004ce25eb2d59
000004ce4981a7d9
000004ce4c2b11f9
000004cea7e649f9
000004cec38901d9
000004cf27f45c39
000004cf71b567f9
000004cf80b1bbb9
000004cfc283a639
000004d003da57f9
000004d0a0865d99
000004d0af73ff19
000004d15fb44559
000004d18c2d4eb9
000004d1ce4851d9
000004d1d0b4b719
000004d1d9b752b9
000004d1d9b76539
000004d1d9b76919
000004d24d3d5759
000004d2ebab2859
000004d2ec8bacb9
000004d32ed09939
000004d35d9cb359
000004d35d9d04b9
000004d378a8ad39
000004d3c0054099
000004d3c7857399
000004d41b18b359
000004d4324b4d59
000004d44ee78c19
000004d46579af79
000004d4b5018499
000009a96e659561
0000000003162771
0000000000000181
000004d4f19bbb59
000004d512c6df99
000004d56484e099
000004d57288c7b9
000004d6885a0ed9
000004d68fa68199
000004d68fa69739
000004d68fa6a0d9
000004d69210b499
000004d69795bb79
000004d76ea793f9
000004d7b5bb7cf9
000004d7fdd757b9
000004d824eded39
000004d8635f3a19
000004d8725264b9
000004d8c25f0b79
000004d8d3199459
000004d9631586f9
000004d9bf2b8c79
000004da03ab6c19
000004da1515ec79
000004da23b1d579
000004da83f703d9
000004da929a0759
000004db18c6bd59
000004db90104419
000004db959daef9
000004db959e0079
000004dbb6cd1e59
000004dbe9a85699
000004dc36c8c819
000004dc3dd2edf9
000004dc5e8281d9
000004dcd7dc64d9
000004dd0558fc79
000004dd6c0c6bb9
000009bc0ed03161
0000000003162771
0000000000000181
000004de2eafc6b9
000004de34bc1099
000004decc4f68d9
000004decc4f7d59
000004dedcd0c8f9
000004df35bcd5d9
000004df8a85c539
000004e00381d0b9
000004e04cd610b9
000004e081ea0c19
000004e0900e35d9
000004e0cb9bb519
000004e0d97aba19
000004e15c6efeb9
000004e1cf73a279
000004e2182ae679
000004e33168a479
000004e33168ff19
000004e36f12fcd9
000004e3911089b9
000004e3b75acd99
000004e3ec0d34b9
000004e440154f79
000004e441d87bf9
000004e492210ed9
000004e4e08fd5f9
000004e55da90439
000004e57d884219
000004e65df1d0b9
000004e7183c3759
000004e73d883019
000004e748ed9479
000009ceaf3acc61
0000000003162771
0000000000000181
000004e79f7beaf9
000004e7adc6ee59
000004e7caf50519
000004e7d4289299
000004e87bbe1b39
000004e92fdb53b9
000004e9731ee459
000004ea3b4e5779
000004ea47b9f439
000004ea4e917bb9
000004ea889a55f9
000004eaf340bd59
000004eb4ea3af39
000004eb96c2ba59
000004ec0e790db9
000004ecac47ccb9
000004ecbf968119
000004ecbf969359
000004ed2bc0eef9
000004ed63658499
000004edc816a699
000004edcdc68299
000004edde9a2699
000004ee20c789d9
000004eed5d3cc79
000004ef1c6fa039
000004ef5b897219
000004ef5b8a2639
000004ef5f077979
000004ef78e06039
000004efaa5e1799
000004eff78679b9
000004f02e56e2b9
000004f071b43979
000004f0a1005279
000009e14fa56861
0000000003162771
0000000000000181
000004f0a9a5c759
000004f0a9a5c8f9
000004f0b60cc899
000004f0babc19b9
000004f102f7a819
000004f132d86ad9
000004f132d87339
000004f132d88299
000004f156b4d659
000004f1969bbcb9
000004f1969bcdf9
000004f1969be299
000004f222bac8f9
000004f2534ae7f9
000004f2534b4199
000004f2534b64f9
000004f269d95399
000004f2f91066d9
000004f353b53139
000004f361d50719
000004f372bc3c39
000004f372bc55d9
000004f3770ec6d9
000004f3caee2419
000004f3e5fb5059
000004f432ffa819
000004f432ffe599
000004f47f157279
000004f576f3e719
000004f5ef69b759
000004f601922159
000004f64ea7be39
000004f686114359
000004f6944550b9
000004f6c300d6d9
000004f6d155b9f9
000004f764e7ef59
000004f7e7fc32b9
000004f7fd86fdd9
000004f80a495119
000004f8365371d9
000004f8bfd41e19
000004f8c2d15e99
000004f8eacc4159
000004f926d55f39
000004f9777a9559
000004f9981670d9
000009f3f0100461
0000000003162771
0000000000000181
000004fa11b203d9
000004fa349d0df9
000004fa96dafcb9
000004fb9548a0b9
000004fb9e248799
000004fbc51f9619
000004fbcc495839
000004fbfe276fb9
000004fc4c85ca79
000004fc629e73f9
000004fc95155fb9
000004fcace30cb9
000004fcace30d59
000004fcace31419
000004fcb1f0d739
000004fcfae99e59
000004fcfae9d7f9
000004fd088e7f79
000004fe95935699
000004fec82a4a19
000004fec82a9b79
000004feeccf7779
000004feecd012d9
000004ff76ab4b59
000004ff9337e959
000004ffaef0dd99
000004ffc34a3779
000004ffd6c82779
00000500a2bcf5d9
00000500fdcaca79
00000500fdcadb99
0000050111e04f19
0000050111e08399
0000050123ba9939
000005013cb592b9
0000050194edbcb9
00000501fabc8099
00000a06907a9f61
0000000003162771
0000000000000181
0000050359d7ee39
0000050393450b59
00000503b30bbcf9
00000503fe773cd9
00000504708895b9
00000504b983b699
00000504f3da5cd9
00000504f3da6fb9
00000504f3da7359
00000504f6e802b9
00000504f8625979
0000050509b5d4d9
00000505699c7ed9
000005064febfc19
000005068f042459
00000506c2c37979
000005070038fd19
0000050723501719
0000050723502c39
0000050732f89d19
0000050732f8b499
000005074371f459
00000507a9f85eb9
000005082d5a6079
000005082d5a6d59
0000050844041059
00000508be4ddfb9
00000508e5e33919
0000050a4d741319
0000050a4d7426d9
0000050a5c31fc59
0000050a660c7239
0000050ac56f6c19
0000050afe12c459
0000050b095288b9
0000050b5a92f439
0000050ba1000e59
0000050be0b51839
0000050c3ca34279
0000050c3ca34419
0000050c8752c5b9
0000050c96cff4f9
00000a1930e53b61
0000000003162771
0000000000000181
0000050cb2802f59
0000050d6620da19
0000050d6d0a6b59
0000050dfcbe8219
0000050dfcbe9259
0000050dfcbe9379
0000050e2a7157b9
0000050ed8181979
0000050ed832e259
0000050f5306eb39
0000050f5b2b3a19
0000050fc52454d9
0000050fc5245679
0000050fcb9fa5d9
0000050fed7c2139
00000511c398aaf9
0000051291b8e959
00000512b19e8dd9
00000512bac76f79
000005133b43b619
00000513629966b9
0000051362996e19
0000051381e28079
00000513f546b9b9
00000513fb4869b9
000005145e2a5519
00000514a7d330f9
0000051526c11719
00000515363e8ed9
000005156b096179
00000a2bd14fd761
0000000003162771
0000000000000181
000005160ee3d4d9
000005160ee3e5d9
00000516100b6559
000005161f61b859
000005162994ee19
000005169dfe2bd9
00000516ac621959
00000516c8c08499
00000516c8c09799
00000516c8c09919
00000516f2a76659
0000051728f5c8d9
00000517b51d9219
00000517e2c61379
00000517feaa67d9
00000517feaa6979
00000517feaa7079
00000517feaae419
0000051827c1d4f9
0000051847d496b9
00000518d6f05a59
000005191fc4e599
0000051942e99799
00000519c2354c59
00000519f3018d79
0000051a09fb0cf9
0000051a91ca00b9
0000051a978ec259
0000051a978ed259
0000051a978ed2d9
0000051a978ee019
0000051aece7edb9
0000051af4abf559
0000051b172ca659
0000051bb382ded9
0000051c33e38b99
0000051c35179139
0000051cd5489559
0000051cda89bab9
0000051cda89bc79
0000051cda89c219
0000051e2fb07879
0000051e7fc53479
0000051e97b0bef9
0000051eaec664d9
0000051ef5672719
00000a3e71ba7261
0000000003162771
0000000000000181
0000051fdc48e719
0000051ffc5136f9
0000051ffc5186f9
0000052017591039
0000052090388719
00000520df94b2b9
00000520e8406879
0000052112a2c859
0000052130abb239
000005213499edd9
00000521a9119a59
000005222a760259
000005225b7fad99
00000522cbd19f39
0000052303b06199
0000052303b063b9
0000052303b0e6d9
0000052434593599
00000524f990a899
00000525232cf2b9
00000525291c7919
00000525b2fabb19
00000525c0ef5059
00000525c0efa8f9
00000525c19bcaf9
00000525c19bccb9
00000525c19be979
00000525c19bfcb9
00000525c19c54f9
00000525d2cbdf79
00000525e2729e99
0000052620253379
00000526926c01b9
00000526b4734839
00000526b519fdf9
00000526f1844ad9
000005271df6bab9
0000052733557d19
000005274eb0e459
00000527a001a859
0000052804991a39
00000528828ba979
00000a5112250e61
0000000003162771
0000000000000181
000005299686b779
00000529dd635b19
0000052a08226f39
0000052a50928019
0000052a7e763e59
0000052a92396119
0000052aac2d1939
0000052ab75bfcd9
0000052abf346c99
0000052aef952599
0000052b040ba539
0000052b04bfb239
0000052b0c8028b9
0000052b13e4a1d9
0000052b45d17d19
0000052b47a2f839
0000052b6c933f59
0000052b878667f9
0000052bb1c1bad9
0000052bf7e9f5b9
0000052c93c670f9
0000052c9e24da99
0000052d244502d9
0000052d60616339
0000052d96714059
0000052da94860b9
0000052dafdfb599
0000052df2c7cd99
0000052dfbfa2919
0000052e21101cd9
0000052e3df89859
0000052e5b481459
0000052e6802c799
0000052e7ebfc6b9
0000052eac82db99
0000052f1e2da719
0000052fb2d550f9
0000052ff22d6759
0000053003e5ea99
0000053018ec7d99
0000053018ecd659
00000530879e0279
000005308d706719
000005308d706899
000005308d707a39
00000530987ea099
00000530dca94bf9
00000530f7c5c799
000005316eb5e199
000005317e1dde39
000005317e1de019
00000531970f1dd9
00000a63b28fa961
0000000003162771
0000000000000181
00000532a2de41d9
00000532a2de4399
00000532f3742399
0000053319d76ef9
00000533332ef139
000005333793c759
0000053373932119
00000533cb6c7259
0000053414d5dfd9
00000534197f09b9
00000534197f4119
00000534285a9499
0000053457396599
000005348e08a6f9
00000535054c62f9
0000053602298379
00000536ccbe2419
000005379447c0f9
000005383f53b3b9
0000053844be21b9
00000539743b6919
000005398631d6b9
00000539c72d9eb9
00000539c72da079
00000539e04d7ed9
00000539e37637f9
0000053a61f06279
0000053aa164e9b9
0000053aaac78499
0000053ab62593f9
00000a7652fa4561
0000000003162771
0000000000000181
0000053c7e49f079
0000053c886eecb9
0000053cf82c6df9
0000053dae4966b9
0000053e2e5bfab9
0000053e55db58f9
0000053e61010019
0000053eb491ffb9
0000053ee1736459
0000053ef0d553b9
0000053f4531e7f9
0000053f4531ef59
0000053f45323a99
0000053f45324719
0000053f4532a799
0000053f8eb9e659
0000053fc2970119
0000053ff11d1fd9
00000540036c2079
00000540b0fc2599
00000540b0fcab99
00000540e6e9b839
000005411d19e7f9
00000541a688b259
00000541d22a3699
00000541d49fd799
00000541dcd9f559
000005421b3cfdb9
000005424c47de19
0000054268555f59
00000542be98bc39
000005435f8d77d9
000005436fafd979
000005438a1d4b39
00000a88f364e061
0000000003162771
0000000000000181
00000544a6a20439
00000544db907499
00000544db908739
00000544f41cd939
00000544f4b4f1f9
0000054523c2c519
0000054523c2d799
0000054523c33b79
00000545790fe259
00000545a4d36259
00000545c504f6d9
000005462e13f359
000005462e140ad9
000005465ee6d3f9
00000546e3e39d59
000005474b09fab9
000005475ed73b39
00000547b8592439
00000548066698d9
0000054881632b99
000005490eaef4d9
000005498a93b479
00000549c52c01b9
00000549c52c12b9
00000549c52c14f9
00000549e65d8119
0000054a5354a819
0000054ac4ea39b9
0000054ac7576119
0000054b4d981939
0000054b9dbd4819
0000054baad27079
0000054bf3b26039
0000054c2e90bc99
0000054c4a4714b9
0000054c5d98b8f9
0000054c824b0299
0000054cb20745f9
0000054cdd7475d9
0000054d389aed19
0000054d5057a379
0000054db57a4739
0000054dc09830b9
0000054dc620d799
0000054dc620e9b9
00000a9b93cf7c61
0000000003162771
0000000000000181
0000054dff1d13b9
0000054e04b82199
0000054e29d12e59
0000054e87865e59
0000054e8db18979
0000054ea41aaff9
0000054ea41ac5b9
0000054f9f44bb19
0000054f9f44da59
0000054fa1b24259
0000054fc3fe45d9
00000550617ea7f9
00000550cfefacb9
00000550cfefbeb9
00000550cfefbf59
00000550cfefc079
00000551774c8d99
00000551774c8f19
000005521ba39519
000005531403ec19
000005534523fb39
0000055346fd4ef9
00000553ab591fb9
00000553af2f0ff9
0000055417b9d359
00000554ae3d8279
00000554c2ea2dd9
00000555197032d9
000005551970a259
0000055590416019
00000555c518a839
00000555d2eec319
000005560fe53c19
000005564d8ba839
000005566acd7999
00000aae343a1761
0000000003162771
0000000000000181
0000055738e6f239
0000055739a37cb9
00000557a2a59499
00000557f5e96cb9
000005584c8cb039
0000055897ea5a79
000005593c0a40d9
000005597f4922b9
00000559a5780279
00000559a57809f9
00000559aa1d0c39
0000055a52afb9b9
0000055a5a75c399
0000055a91c283d9
0000055acb39de59
0000055b445dcb79
0000055b8845a499
0000055c11881ed9
0000055c334d58b9
0000055c5ac12139
0000055c5ebbb699
0000055c9723c979
0000055cacff0359
0000055cad037279
0000055d02e00639
0000055d02e02519
0000055d598850b9
0000055d7b050a19
0000055e31662dd9
0000055e4252a5d9
0000055e8d61cf39
0000055eca5a8cb9
0000055fd2e04e19
000005606425cc99
00000ac0d4a4b361
0000000003162771
0000000000000181
000005609886fd39
00000560e725ac79
00000560e725c139
00000560e725e439
0000056186d92739
00000561bea4c699
000005620b5d15f9
000005620b5d17b9
0000056260e81939
00000562d68a3219
0000056340300259
00000563de98a339
000005642409b0f9
0000056445768b19
0000056511e7f8f9
000005653af2bc59
00000565448bbe19
000005654c9e3c19
000005656033e6f9
000005658174dd59
000005659a945bf9
000005659c371679
00000565a4ae5d99
00000565a4ae6e79
00000565a92de659
00000565b6176479
00000565cc917519
00000565cc9176d9
00000565d26c7059
00000566656de8f9
00000566b71af079
00000566cf7eb9d9
0000056704ffbfd9
00000567394b7239
0000056792798259
000005682dad9519
00000568360027d9
00000568ad4fc719
00000568c1f118f9
000005690469d8d9
0000056919d90f19
0000056942ce86f9
000005698b852199
000005698d466959
00000ad3750f4e61
0000000003162771
0000000000000181
00000569da924079
0000056a29781bb9
0000056a29782df9
0000056a5de1bd79
0000056a5ff81c79
0000056ab7074039
0000056ad161eaf9
0000056ad1623f79
0000056af4160359
0000056af7ee1559
0000056b1197bf59
0000056b2ea3cd19
0000056cae1c1a19
0000056cf8498e39
0000056d08271c99
0000056dcbabcaf9
0000056ddedcb019
0000056e21a781d9
0000056e26d74479
0000056e2b4a52f9
0000056e3b50cab9
0000056e9b7565d9
0000056ed0158439
0000056eed3f2dd9
0000056f15042f39
0000056f2fe4fd59
0000056fa8a8f3f9
000005700d03a0f9
000005703d2d2939
000005705a51c1b9
0000057062018479
0000057078cadab9
00000570ab0a69d9
00000570d2a93399
00000570e6a036b9
0000057157637579
000005717a8c3979
0000057187a73c19
000005724002ea19
0000057258db84f9
00000572bb6f7fd9
00000572c7bdc879
00000572f0899599
00000ae61579ea61
0000000003162771
0000000000000181
000005730f7af439
0000057332dcacd9
00000573889cbdd9
00000573889cbe59
00000573b64e2359
000005757891f119
00000575a3e0ddf9
00000575cf48ccf9
00000575d5763079
00000aebb93b7f61
0000000003162771
0000000000000181
