[MCS8 A] 97 FW 3.104 SV 1.257 
range=1024
periods=2
sweepmode=27e20d0
fstchan=0
holdafter=0
streamstatus=3
calreg0=0
calreg1=0
calreg2=0
calreg3=0
swpreset=8000        
prena=1
syncout=0
cycles=18
sequences=1
tagbits=16
vdac0=92c
vdac1=807
vdac2=8c8
vdac3=8c8
vdac4=8c8
vdac5=8c8
vdac6=8c8
vdac7=8c8
timepreset=100.000     
digio=0
digval=0
autoinc=0 
savedata=2 
mpafmt=asc
sephead=0 
fmt=asc
smoothpts=5 
[CHN1]
REPORT-FILE from 07/27/2026 16:02:55.538  written 07/27/2026 16:02:55
cmline0=07/27/2026 16:02:55.538 
cmline1=A1
range=1024
active=1
bitshift=4
cftfak=2580100
evpreset=10          
roimin=0
roimax=1000
caloff=0.800000
calfact=12.800000
calfact2=0
calfact3=0
calunit=nsec
caluse=1 
[CHN2]
REPORT-FILE from  written 07/27/2026 16:02:55
cmline1=A2
range=1024
active=0
bitshift=4
cftfak=2580100
evpreset=10          
roimin=0
roimax=1000
caloff=0.800000
calfact=12.800000
calfact2=0
calfact3=0
calunit=nsec
caluse=1 
[CHN3]
REPORT-FILE from  written 07/27/2026 16:02:55
cmline1=A3
range=1024
active=0
bitshift=4
cftfak=2580100
evpreset=10          
roimin=0
roimax=1000
caloff=0.800000
calfact=12.800000
calfact2=0
calfact3=0
calunit=nsec
caluse=1 
[CHN4]
REPORT-FILE from  written 07/27/2026 16:02:55
cmline1=A4
range=1024
active=0
bitshift=4
cftfak=2580100
evpreset=10          
roimin=0
roimax=1000
caloff=0.800000
calfact=12.800000
calfact2=0
calfact3=0
calunit=nsec
caluse=1 
[CHN5]
REPORT-FILE from  written 07/27/2026 16:02:55
cmline1=A5
range=1024
active=0
bitshift=4
cftfak=2580100
evpreset=10          
roimin=0
roimax=1000
caloff=0.800000
calfact=12.800000
calfact2=0
calfact3=0
calunit=nsec
caluse=1 
[CHN6]
REPORT-FILE from  written 07/27/2026 16:02:55
cmline1=A6
range=1024
active=0
bitshift=4
cftfak=2580100
evpreset=10          
roimin=0
roimax=1000
caloff=0.800000
calfact=12.800000
calfact2=0
calfact3=0
calunit=nsec
caluse=1 
[CHN7]
REPORT-FILE from  written 07/27/2026 16:02:55
cmline1=A7
range=1024
active=0
bitshift=4
cftfak=2580100
evpreset=0           
roimin=0
roimax=1000
caloff=0.800000
calfact=12.800000
calfact2=0
calfact3=0
calunit=nsec
caluse=1 
[CHN8]
REPORT-FILE from  written 07/27/2026 16:02:55
cmline1=A8
range=1024
active=0
bitshift=4
cftfak=2580100
evpreset=0           
roimin=0
roimax=1000
caloff=0.800000
calfact=12.800000
calfact2=0
calfact3=0
calunit=nsec
caluse=1 
;MCS8 #97 Sversion=1.257 Fversion=3.68
time_patch=1
;datalength=8 bytes
;bit0..3: channel# 1..8 ( 4 bit)
;bit4: edge 0=up / 1=dn ( 1 bit)
;bit5 ..57: timedata    (53 bit), max sweep length 2001.6 h
;bit58..62: tag0..tag4  ( 5 bit)
;bit63:     data_lost   ( 1 bit)
[DATA]
0000000000000016
00000000055f8559
000000005392bd39
0000000070b22e59
0000000070b29d19
00000000a412c799
00000000fcabc699
0000000112f87479
000000013c1bc139
000000014357f179
000000017b99c6d9
000000017b99e0d9
000000017b99e279
00000001edef1339
00000002342071d9
0000000243f49539
0000000279b355b9
000000028ccc0df9
00000002a419d819
00000002c63b74b9
00000002d4571e99
00000003306481f9
000000033068f599
000000033be678f9
0000000355732999
000000035a9f4c79
000000035a9f4e59
000000037484c359
000000037b2a2c39
00000003c3d7df19
00000003df53f6f9
0000000408e720d9
0000000435834b99
0000000483972419
000000048dca4639
000000049fa41f99
00000004df5a6ad9
00000004f7d0b919
0000000579d5b299
00000005c282b8d9
00000005cc140d59
00000005d7051839
00000006109515b9
0000000618c03f59
000000061de93c99
000000063de092f9
000000067d50f979
0000000687263019
00000006a0bee8b9
00000006a3c34659
000000071e452999
00000007249b1f79
00000007755dfe19
0000000811126c39
0000000843afc8d9
0000000846252b39
000000087bf0aab9
000000087bf0eb19
000000090ac52079
000000091937d519
000000094a89fad9
0000000968d71739
000000097ef25939
0000000981618f19
00000009a087b639
00000009ac3c59f9
00000009cf5fb819
00000009d090e079
0000000a356652b9
0000000a96639419
0000000ad23f04d9
0000000adc4cc9f9
0000000aeae2e9f9
0000000b1f4b85d9
0000000b35cf5e59
0000000b4e34f839
0000000b4edbe459
0000000bd344e259
0000000be97fd4b9
0000000c03582279
0000000c3a6c8ef9
0000000cabe65ad9
0000000cdfcc2a99
0000000cdfd39e59
0000000d509b2f79
0000000d58c3e899
0000000d5ad5a3d9
0000000d6fa57279
0000000e2c717af9
0000000e2c718dd9
0000000e5930e419
0000000edbc7e7d9
0000000edbc7fa39
0000000f0c27b639
0000000f8a7dced9
0000000f8cce6019
0000000f95c30279
0000000fca46de79
0000000fca46e739
0000000fd56af279
0000000fec9bd9b9
0000000ff620d6b9
0000000ffcb57cd9
000000104488f4f9
00000010839e64d9
0000002156f75061
0000000001f2b571
0000000000000181
00000010d6378e19
00000010d637a0f9
00000010e185fcb9
000000112a183819
000000113eecff59
000000113eecffd9
000000113eed0439
000000113eed06b9
0000001157901059
0000001183740b99
00000011871d4a19
00000011d8b4e499
00000011dbb19459
00000012009ee7b9
00000012069251f9
00000012d8266539
000000130067a999
0000001330f7ead9
00000013745efe19
00000013cb12de79
00000013d66f7f19
00000013e65caff9
00000013e65cb759
00000014966f45b9
00000014966f5379
00000014a3c57379
00000014b980af19
00000014b980b0f9
00000015558fd8b9
000000156e7fbd99
00000015a35cec19
00000015acb2db39
00000015acb2e299
00000015acb2ef19
00000015da3023f9
000000160004f4d9
0000001614f709b9
0000001689b524b9
0000001695c43019
00000016c0a68c59
00000016eb6687d9
0000001700a3af39
0000001700a3b0f9
00000017212f27f9
000000174e6d0719
00000017a54c2f39
00000017ad02f619
00000017c1f2aa99
0000001813e9ea79
0000001813e9fdf9
000000181deb8f79
000000187cec5179
00000018b6518f19
00000018b651a299
00000018b651a3b9
00000018b65325d9
00000019115341d9
0000001920522619
00000019477bb2d9
000000195411def9
00000019b0579259
00000019ba0e6ff9
00000019c3142b79
00000019c8051a79
00000019eef95e79
00000019eef974b9
00000033f761f461
0000000001f2b571
0000000000000181
0000001a31c0a999
0000001acc6468d9
0000001b041c1b19
0000001b08712ff9
0000001b2413b919
0000001b2413bad9
0000001b3be4bdd9
0000001bac4cf879
0000001bc5a61ef9
0000001c406e8dd9
0000001c406ea7b9
0000001c44c47199
0000001c7f044ad9
0000001ca8fe99f9
0000001cabb2c3b9
0000001caff56199
0000001ccb854b19
0000001d33a6e419
0000001d3a333b39
0000001d4f9b2539
0000001d58f09119
0000001d8072b279
0000001d8d5a3719
0000001d9d3ba539
0000001dc99471d9
0000001deb42c0f9
0000001e1230e019
0000001e21648db9
0000001e31c389f9
0000001e3391a619
0000001e35dc3079
0000001e47b2a5f9
0000001e7faee919
0000001ed5c71ff9
0000001ef16559b9
0000001ef203e879
0000001ef498a6f9
0000001efea1a259
0000001f2c5ec939
0000001f58bf6939
0000001f6f7bd399
0000001f8170fe99
0000001f81711439
0000001fb05ffcd9
0000001fc2f99e19
0000001fd5adcbd9
0000001fd5addb99
0000001ff92eacd9
0000001ff92eaeb9
0000001ff92f2319
00000020212f7bd9
0000002048dc1cb9
00000020552f4299
00000020552f54f9
0000002061937f19
0000002061939039
00000020bcdc5399
00000020d182cfd9
00000020efe80c39
000000213a6989f9
00000021630bd0f9
00000021959c9299
00000021959cf879
00000021d5e1fe79
00000021d5e25799
000000222bc30a39
000000224bfcbb39
000000224bfccbb9
000000224bfccd39
0000004697cc9861
0000000001f2b571
0000000000000181
0000002371b01579
000000239652fed9
00000023d5a409f9
0000002400138899
0000002400138bf9
000000246b7f4859
000000246c774899
000000249d70e359
00000024ab6d9819
00000024fa916eb9
0000002529bc9459
00000025398606d9
000000256146c8b9
000000256146d159
0000002569f11459
0000002586e524d9
000000258c6ba379
00000025b9da48f9
00000025d27c4399
00000025d27c4759
00000025d27c9959
00000025df3b0dd9
000000260a577f39
000000264d276099
0000002652fdf659
0000002673e04919
000000267409f119
00000026eac2ce99
00000027059c7eb9
00000027295a62f9
0000002755a712d9
000000276c00c5b9
000000278fb37bf9
00000027ac540679
00000027c5e356d9
00000027e295cb39
00000027e8ac3759
00000027f7b3f459
00000028116d40f9
00000028229049f9
0000002830fd2cd9
000000285c381df9
00000028be4c5579
00000028e7b2a739
00000028ee5fcab9
0000002924d40e39
000000292fe11a39
0000002998fcc2d9
00000029bbb12879
0000002a599611b9
0000002a611265d9
0000002a6b43c6b9
0000002ab008f4d9
0000002ab008f879
0000002ac70d9a59
0000002b38b35b19
0000002bd451c619
0000002be07620f9
0000002c099aa059
0000002c099abad9
0000002c099abf19
0000002c30b52fb9
0000002c34b1a939
0000002c60917ff9
0000002c801facd9
0000002c8c342379
0000005938373c61
0000000001f2b571
0000000000000181
0000002d27725ed9
0000002d2ab54b59
0000002d3c7ddbd9
0000002d87f39299
0000002da3e20dd9
0000002da3e21cf9
0000002da3e26639
0000002da4970639
0000002dc8b5b7d9
0000002e46edd699
0000002e65733079
0000002e8aa39559
0000002ed42e6bf9
0000002edbf463d9
0000002fc0afdeb9
000000300f23e159
0000003031017339
00000030709dabf9
00000030cf086a19
00000030cf08dfd9
00000030d228e479
00000030d6ea0a99
00000030e4017399
00000031343d59f9
000000313e1d7e39
000000314707b6d9
00000031d0804159
00000031de9076b9
00000031e3659399
00000031ea8c8af9
00000031eafdabd9
00000032132ee5d9
000000323f12b179
000000323fcec199
000000328bf3b959
00000032a842eff9
00000032a8435ab9
00000032f7289659
00000033166840b9
0000003355591539
00000033e4e50459
00000033ee439739
00000033fa146859
0000003404f8fdb9
0000003421912739
0000003424b03019
0000003449af3559
0000003449af3739
00000034800e2739
00000034cf05b239
00000034cf05c4b9
00000034df752859
00000034e5bdcef9
0000003572a337b9
00000035756df599
00000035756e0ab9
00000035ac4049b9
00000035e397f599
0000006bd8a1e161
0000000001f2b571
0000000000000181
00000035f9bdaff9
00000035f9bdc119
0000003636e87e19
0000003636e87fb9
0000003636e88179
0000003636e93759
00000036aeaa4459
00000036aeaa5759
00000036e9689a99
00000036fa4f62d9
0000003738c105d9
000000375a4d8339
00000037640a42f9
00000037ab5ccdf9
00000037e8907ed9
00000037f6ed2099
000000384fbfc819
000000387af7fd59
0000003885e16999
0000003890595ab9
000000389923fa19
00000038dfc15db9
00000038e2598f19
00000038f49ed4d9
00000038f49f3339
0000003912171919
00000039124a6cb9
00000039453b2079
000000395f3b4d79
000000399ba04679
00000039b3d12cd9
0000003a308520d9
0000003a480de059
0000003a4ae1ccf9
0000003b010d9b39
0000003b2ce79219
0000003b4d072a39
0000003b6530e7b9
0000003b6530e959
0000003ba3b21eb9
0000003bcdb2ea79
0000003bf4d23b19
0000003c0e753d79
0000003c155020b9
0000003c32cb2b79
0000003d409377d9
0000003d779d63f9
0000003d86aed759
0000003db2b55079
0000003dbb29b599
0000003dbb2a1e99
0000003e29a3b399
0000003e478e0739
0000003e53b544d9
0000003e7199a679
0000003e8488e159
0000003e8f4ea619
0000003eb7b13999
0000003eccb81b19
0000003ed5a04699
0000003eddca6339
0000003edf894059
0000003f039e1ef9
0000003f1d108819
0000003f2a84ead9
0000007e790c8561
0000000001f2b571
0000000000000181
0000003f4fa97839
0000003f84f908f9
0000003fd17f8dd9
000000401c22f1f9
0000004051b6b3b9
00000040c25c66f9
0000004118113779
000000411f138a59
000000414463f899
0000004168f53e39
00000041d84fae79
000000420b4e8bd9
000000421e566319
000000421e567739
000000422fa71b39
0000004256954ed9
000000428e225bb9
00000042b07ea639
00000042bb732919
000000430679e9f9
000000432a390e39
000000433a010139
000000433b7e75b9
0000004373a8c599
0000004373a8d9d9
0000004384004139
00000043ce591099
00000043ce5924b9
00000043dbe7e519
000000440c586a39
00000044365c7139
00000044365cd439
00000044365cdc59
000000449fbe06d9
00000044acff72f9
00000044c1a61459
00000044c26de979
00000044c2aedb99
0000004541c5c3d9
0000004541c5c479
0000004541c5cb39
0000004541c5e2b9
000000455df1a959
00000046118e0999
000000463eb9dc39
000000464b0d6039
00000046e51076f9
0000004722fedb79
00000047518a6cd9
000000475f93d939
000000475f93ec19
000000476c24a859
0000004772055579
00000047b50e7ad9
000000482db29bb9
000000487a9a8e99
0000009119772a61
0000000001f2b571
0000000000000181
00000048913ec559
00000048fbb5d579
00000048fd3bf019
000000496d66de79
00000049926b43d9
00000049a4727d39
0000004a31c29d99
0000004a3cdd7f99
0000004a5820b719
0000004a9ac87fb9
0000004aa94d4d19
0000004ad4250599
0000004b2c93e439
0000004b5b038b59
0000004be00b6659
0000004be2e26a39
0000004bfbfd1a19
0000004c50e4d259
0000004c557466f9
0000004cc387b3b9
0000004cd3eb92b9
0000004cd3ec0099
0000004d08138df9
0000004d7afb9019
0000004d80e045d9
0000004d9061fdf9
0000004d9e8a5839
0000004da408dff9
0000004df790d019
0000004dfed335f9
0000004e337c69d9
0000004e3755ca99
0000004e3ef9e899
0000004e60660ad9
0000004e66026579
0000004e66027639
0000004ecab614d9
0000004ee9db4179
0000004f0fd7b399
0000004f58aa8199
0000004fa7ffe199
0000004fab1c7fb9
0000004ff081f139
0000004ff5f58bd9
000000503fbf11b9
000000504d7ba7d9
0000005095fde839
00000050a4eef9b9
00000050b51d53b9
0000005117589379
000000512a5bd1b9
000000513b54d759
0000005147c7fb19
000000515a5022f9
000000516c7eeb39
000000517b22f399
00000051cc2de179
00000051d108eb19
000000a3b9e1ce61
0000000001f2b571
0000000000000181
00000051f038d6f9
00000051fbe2a9b9
000000522cf81f59
000000522cf873b9
00000052682236f9
0000005268223939
0000005299b744d9
0000005299b74699
0000005299ccdb79
00000052d6932e19
0000005311cebeb9
0000005335ddff99
0000005358179d79
0000005361313e99
0000005371700579
0000005371700cf9
00000053852251d9
00000053871d1079
00000053a4b257d9
00000053cb529639
00000053d5008bf9
00000053d5008e79
00000053d50095d9
00000053da7e5039
00000053da7e6f79
000000542ccb8279
000000544a04c519
0000005455f11699
0000005472f59059
00000054a1134b19
000000550a852539
000000551b2ba279
000000551d8a7cd9
00000055bd8c5639
00000055c200b499
00000055c6d69499
00000055e65c8639
00000055fcb0f639
000000560bc9ecb9
000000561617d679
000000561617e5b9
0000005691584f59
0000005694408819
00000056a83f2c79
000000572d436939
00000057adcbef19
00000057e9f637d9
0000005838033719
000000587c9cdb79
000000588550d859
0000005891899039
00000058a1306719
00000058cafd75d9
00000058d2b34019
0000005900c0c939
0000005925e09999
000000592904d4b9
000000594376f5d9
00000059fa7c4059
0000005a0b71a099
0000005a37e06079
0000005ab21a35f9
0000005b046abb19
0000005b14599619
0000005b1bca8c39
0000005b261ba1f9
0000005b261bb8d9
000000b65a4c7261
0000000001f2b571
0000000000000181
0000005cb3e2bd99
0000005cb85f24d9
0000005cb85f8619
0000005cb85f98d9
0000005d0f815c79
0000005d2a914f99
0000005d81136579
0000005dc9ea7d79
0000005dc9eaa079
0000005dee3643d9
0000005e3018d259
0000005ed48c40b9
0000005ee0b74379
0000005ee53ea199
0000005ee7693b99
0000005f1ae59ab9
0000005f1ae5a319
0000005f33a244f9
0000005f3559cff9
0000005f751a8239
0000005f784c5b19
0000005f8b69e059
0000005f924039f9
0000005f982c9fb9
0000005f9a9ff659
0000005fbf055339
0000005fe26252b9
0000005fe2626519
000000601a87a119
0000006033914279
00000060444f4779
000000606bdf76b9
000000608ea3af79
0000006098c021d9
00000060992328b9
00000060b233fff9
00000060b2340bb9
0000006138741d99
00000061457d1939
0000006157104f79
00000061571053b9
00000061a7a0ef99
00000061b96f5479
0000006244257bf9
0000006256cad899
0000006264d55019
000000627826fa59
0000006304fb30f9
0000006307710139
0000006335a9e479
00000063526d3ef9
0000006383fab7d9
00000063920ee639
00000063dac980b9
00000063e5cb0bf9
0000006451b0e0d9
0000006458c72579
000000645f59b759
00000064643ffb19
000000c8fab71761
0000000001f2b571
0000000000000181
00000064e9ddfa39
00000064ebe4a199
00000064ebe4aa39
00000065169a4a39
000000651b87ee99
00000065745fd6d9
000000657db40b19
000000657db40cd9
0000006582fd36d9
000000658721add9
0000006598669519
00000065a421e479
000000667bc793b9
000000667bc7a4f9
000000667c2b4079
000000671e1b8519
0000006731b59239
00000067421fc2d9
0000006751797e39
000000678b69df19
000000678b69fe59
00000067a1256619
00000067b1b2d0b9
00000067ed949339
000000680ca2b8f9
000000680ca30779
0000006831863ed9
00000068968a01f9
00000068a9bab979
00000068e2e07a99
00000068ed7403b9
000000690c260919
0000006910e32e19
000000693ad0ea59
000000698957ac99
00000069db737079
00000069f0b72659
0000006a9cb047b9
0000006a9cb04979
0000006a9cb049f9
0000006aa8870d19
0000006ab7bcf9d9
0000006accc6bc79
0000006b1230aa99
0000006b44076339
0000006b7cfb52b9
0000006b7cfb66b9
0000006b7cfb6959
0000006bd6d97e99
0000006be0c718b9
0000006c16dbfd79
0000006c5f2ca659
0000006c625c0099
0000006c712009d9
0000006c82714c59
0000006c8f517239
0000006c8f5179b9
0000006c8f5182f9
0000006c8f518759
0000006ca3a6e879
0000006ce2ed2cb9
0000006cfa557499
0000006cfa558819
0000006d0849e059
0000006d3dec1f99
0000006d4df4b899
000000db9b21bb61
0000000001f2b571
0000000000000181
0000006dd795f0f9
0000006e00364319
0000006e1227b6f9
0000006e1f7cd199
0000006e36253b19
0000006e3d724b39
0000006e533e81f9
0000006e7bd0b7b9
0000006e88b16a59
0000006eab072b59
0000006eab1406d9
0000006ef4ec0359
0000006f0d4c8879
0000006f75352e39
0000006f8c5db059
0000006f8c5db0f9
0000006f8c5db7b9
0000006f8c5db839
0000006f91997db9
000000704e549d39
000000706c55df99
000000707301eef9
0000007089ffb159
000000713449bef9
00000071847654f9
00000071cb21c339
00000071dfc347b9
00000071fadbcbd9
000000723ae81ed9
000000725158ee99
000000726c1472b9
000000732232c499
000000733a168079
00000073d3ac64f9
0000007417456a59
000000743de78079
000000744e6ae039
0000007457a44f79
000000745aafbdd9
00000074b43d6af9
00000074ee5ed7f9
0000007537f55159
000000753e020859
00000075c9f54d19
00000075cf9f5259
00000075dac63a59
00000075fcfd3d99
0000007652bf7c19
0000007697fd0499
00000076bc1f0139
00000076fc0032d9
00000077124f67d9
000000ee3b8c5f61
0000000001f2b571
0000000000000181
000000774b1c3299
000000777aac7319
00000077e797cf99
00000077e81467f9
000000781c6fae39
00000078297e49f9
000000783fd020f9
0000007842296a39
0000007885c63659
000000788e43dc39
00000078d9e17659
00000078fc4212f9
000000790df0e979
000000792efb7b59
000000795782de79
0000007969be8a19
000000796b6f3959
00000079cf5fe339
00000079d2be41b9
00000079d2be5439
00000079e57d2099
0000007a15cd6119
0000007a5948b139
0000007a6be78ef9
0000007a8aeb9999
0000007abf4d1519
0000007abf4d29b9
0000007acebef8f9
0000007ad59724b9
0000007ae8238999
0000007af26cf219
0000007b84c70d99
0000007b84c71299
0000007b84c78279
0000007c0589d5b9
0000007c2403c1b9
0000007c240d7759
0000007c3e040ab9
0000007c4b211159
0000007c529f48b9
0000007c5e4a6bd9
0000007d18de8479
0000007d49cd6159
0000007d6a5d0479
0000007d738d1bd9
0000007d9c22d339
0000007dbf73c219
0000007dc56e8919
0000007dd14768b9
0000007de4021419
0000007dfef69a59
0000007dfef6c7d9
0000007e41746cb9
0000007ebb2445f9
0000007ebb2459b9
0000007ecd8be599
0000007ed2316cb9
0000007ed2317d99
0000007f27c85f19
0000007f43a7c859
0000007f5ffcd119
0000007f8c8e2059
0000007f947597b9
0000007f9475a9b9
0000007f94e9acf9
0000007fc7260699
0000007fee979259
0000008051df1299
00000100dbf70461
0000000001f2b571
0000000000000181
000000807b4f4fb9
000000809b250d19
000000809b251259
00000080a75abbf9
00000080a75ac1b9
00000080f621e2d9
0000008119428439
000000812f888e79
00000081341398f9
0000008147fac539
000000816337c919
00000081b8346979
00000081dee0a559
00000081fbeb0579
0000008205198139
000000824ad26b39
00000082526796f9
00000082626274d9
00000082a1a2fd79
00000082d7a47339
00000082df9453d9
00000082e451c419
00000082e451c9d9
00000082e451cbd9
00000082fe178739
00000083009865f9
0000008333a808d9
000000835fecfcf9
0000008386a54f99
00000083afc2cdd9
00000083e7f12c39
00000084075778f9
0000008479ce59d9
000000849937cdd9
00000084b4d77d39
00000084d5986499
000000850be7c3d9
0000008565d97759
000000859b037c79
00000085a1893079
00000085a1895039
00000085b0efee59
00000085cf620239
0000008674ee78d9
00000086829867b9
0000008682986f19
0000008682988d59
00000086c8589719
00000086da5a8859
000000870e16db39
000000870e1751d9
00000087653b0af9
00000087653b18b9
0000008765b462b9
0000008777ccff39
0000008797e0ad59
0000008797e0b639
00000087bb728d99
00000087cade39d9
00000087cb1d1879
00000087f8794999
000000880255f4f9
0000008813311b99
000000882845c199
0000008828463859
0000008856cf00f9
000000886bbedc59
0000008875669019
000000887d9bbc79
000000888941d119
00000088aad7f859
00000088acad6179
00000088acad7839
00000088acad78d9
00000088ad7a94b9
00000088c9ae5b39
00000088c9ae6359
0000008925b89679
000000892ee06739
000000892ee068d9
000000898a0d6db9
00000089ac671f79
00000089ac6726d9
00000089ac673159
000001137c61a861
0000000001f2b571
0000000000000181
00000089e07e3b39
0000008a48f62b79
0000008a7f3a9439
0000008acc61da99
0000008acc61e1f9
0000008b70745379
0000008b86233679
0000008bbec6ef19
0000008bc0e8bdd9
0000008c26139219
0000008c3f793499
0000008c70fa45d9
0000008ce6bb1139
0000008ce6bb2239
0000008d498aea59
0000008d498aebd9
0000008e47eb3a39
0000008e5b70eb99
0000008e70e99f59
0000008e80310839
0000008eb61a3c19
0000008eb61a4379
0000008ef9ce39b9
0000008f3e870cf9
0000008f47ce21d9
0000008f47ce4b79
0000008f7407bfd9
0000008f798707d9
0000008fa688e7f9
0000008fab2ce839
00000090792fab59
00000090a8b8cc79
0000009111231559
000000911be17199
000000911be17fb9
000000911f1f9e39
000000912701b1b9
000000912701c1b9
000000912992bf59
000000917a424039
000000918eba9bf9
00000091b66feff9
00000091c3142a79
0000009217fe3199
000000922e330c99
00000092815c2559
00000092b0fb4e39
00000092b99e7579
000001261ccc4d61
0000000001f2b571
0000000000000181
0000009315b751f9
000000932903c459
00000093a60f9839
00000093ab21e259
00000093ab21e499
00000093ab21fc79
00000093cab5d1b9
00000093d3bda8b9
00000093e3215279
000000940c408519
00000094725ece39
00000094725f28d9
0000009500748c59
0000009541808979
000000954b49ca39
0000009564379e79
000000956437a019
0000009565f0e139
00000095ab677919
00000095c9d4bdd9
000000960fefb4f9
000000961cd21039
000000967ae77699
0000009699e4a879
0000009712d74559
0000009722ca9af9
0000009783c4ea79
0000009796b8f899
000000979978dd99
00000097a680c8b9
0000009886151359
00000098ab8dabd9
00000098b6696f79
00000098d2348a99
0000009918365019
0000009933bcf4d9
00000099892c3699
000000998a832559
00000099ed226f79
00000099ed22a519
00000099ed230fb9
00000099f9781d59
0000009a5a46ff39
0000009a5b021219
0000009a5b026e79
0000009a5b0280f9
0000009a5b0283f9
0000009a7ff1c619
0000009adb3b50b9
0000009b123306f9
0000009b1f904f59
0000009b3d558b39
0000009b4008e739
0000009b4a27bfd9
0000009b782a5899
0000009b7a261959
0000009b9c0bd819
0000009ba9519a79
0000009bc5142759
0000009bc5143619
0000009beb715ad9
0000009bf9e50c59
0000009c06d64fb9
0000009c44eeabd9
00000138bd36f161
0000000001f2b571
0000000000000181
0000009c907b5659
0000009cad4736f9
0000009d57185639
0000009d5d4fcb99
0000009dacdd27f9
0000009dadaa9099
0000009db7f0b8b9
0000009db83c6079
0000009db83c60f9
0000009db83c67d9
0000009e63d68919
0000009eafcb0179
0000009ec98a3cd9
0000009f27187ab9
0000009f6f525619
0000009f6f526ab9
0000009f9dc36859
0000009fc2e60bd9
0000009fc7122e99
0000009fd1be6f99
0000009fdef9c819
000000a00aabd759
000000a00aabd8d9
000000a074180919
000000a0a4d4b979
000000a1069a2bd9
000000a1411ff4b9
000000a19f33a439
000000a1b20dd0d9
000000a1fa07c2d9
000000a2196ba399
000000a22258f699
000000a235625759
000000a239019419
000000a26d098e39
000000a2aa36cd59
000000a2b0439979
000000a2c1a5d479
000000a3079845d9
000000a31fb5aa39
000000a31fb5c199
000000a341787f19
000000a3468eb759
000000a382a95bf9
000000a3994bd399
000000a3a09a2c39
000000a3b96e7db9
000000a3d59636b9
000000a3d5eaeaf9
000000a3e0e8e119
000000a3ef651459
000000a3efa7d079
000000a3f1d17d99
000000a437478f39
000000a45cc500b9
000000a48570c9b9
000000a48570d9b9
000000a4bbff6639
000000a50f3ba499
000000a51d2a1019
000000a51d2a3a79
000000a55bd49479
000000a5a0e58db9
0000014b5da19661
0000000001f2b571
0000000000000181
000000a66bcab839
000000a6b97c5c39
000000a6b97c6d59
000000a6cf308239
000000a6fa846cd9
000000a75bc42db9
000000a766e240d9
000000a7960dcf99
000000a7960e1f59
000000a7e8488e39
000000a7e848a299
000000a7e848a319
000000a7e8490ff9
000000a8030f3839
000000a85b8b8019
000000a86651f859
000000a8bedaa059
000000a8c6e9b339
000000a94bf91939
000000a956ddfa39
000000a9b496e519
000000a9b9ab3b59
000000a9c7321ff9
000000a9de98d9f9
000000a9de98eb99
000000aa13461279
000000aa50127d19
000000aa640d8f19
000000aa91661099
000000aae9a70459
000000aaf24ccf19
000000ab47427519
000000ab4e103679
000000ab88f20519
000000abd1b23119
000000ac13040bb9
000000ac2335a859
000000ac4c32f5f9
000000acac16cb99
000000acdef6ecd9
000000ad2d2d80b9
000000ad3bbba839
000000ad3bbbc2d9
000000ad3bbbc359
000000ad3bbbc759
000000ad3bbbd199
000000ad3bbbd279
000000ad510e6539
000000ad5e2cc339
000000ad6d752fb9
000000add8772d19
000000ae0a66d5b9
000000ae22a78ab9
000000ae2b864559
000000ae3694dd79
000000ae431fa039
000000ae5cf11339
000000ae67712fd9
0000015dfe0c3a61
0000000001f2b571
0000000000000181
000000af2787c379
000000af31596159
000000af31596319
000000afb2b85bf9
000000afbbe3d479
000000afdca511d9
000000afdca59479
000000afdd349799
000000b0163a0dd9
000000b02b387d59
000000b06cd2f4f9
000000b076651d99
000000b07a600dd9
000000b095bada39
000000b0d47bdfd9
000000b0e1e835f9
000000b0e1e83699
000000b0e1e83d59
000000b13eee2099
000000b147258179
000000b148f8cb39
000000b177517a59
000000b1b0c2e8b9
000000b1b0c2e939
000000b1b0c2f019
000000b1ba346fd9
000000b2e11742f9
000000b305478459
000000b323f781d9
000000b325fa4079
000000b32f003079
000000b3411ba859
000000b3411bbd59
000000b46f9941b9
000000b4b533e899
000000b5010f57d9
000000b56d51c079
000000b56fff51b9
000000b5826f7f79
000000b5df55a0d9
000000b5df55b2d9
000000b5df55b879
000000b68065d599
000000b6a9995c19
000000b6f3a6a239
000000b7015f25f9
000000b705f28ef9
000000b707ab4c19
000000b718e61df9
000000b725a43d39
000000b72c4c1bd9
000000b72c4c2d19
000001709e76df61
0000000001f2b571
0000000000000181
000000b86c658a19
000000b8887abbb9
000000b8fc720819
000000b9054ebc59
000000b93456adb9
000000b957c3d459
000000b9a7d149f9
000000b9d5f13b79
000000b9fc3cf859
000000ba48f500d9
000000ba637ac8d9
000000ba637acdb9
000000ba6e4fcf19
000000ba6e4fd759
000000bac14e1f59
000000bb41ee7ef9
000000bb45153ff9
000000bb451554f9
000000bb7522bc79
000000bb80b7d779
000000bb83221419
000000bb8fa2f3b9
000000bba8f639b9
000000bbaf9db7f9
000000bbc9b61039
000000bc1bbcb8f9
000000bc5424dcf9
000000bc752a80d9
000000bc752a8299
000000bcd2b34579
000000bcd2b35cf9
000000bd190b9239
000000bd627e50d9
000000bd6f0e60f9
000000bd74f7fbd9
000000bd75c65799
000000bda5e08899
000000bda5e0ae59
000000bda5e0c399
000000bdc543e599
000000be03c756d9
000000be0be18319
000000be5ee27739
000000be8ec04fd9
000000be8ec05199
000000bea000c2d9
000000becf9178b9
000000bef019a0b9
000000bf6da771b9
000000bf87f97f99
000000bf89a739d9
000000bf8f677f79
000000c004d22dd9
000000c022fda159
000000c0e14d3139
000000c127bd1e99
000000c1346b3cb9
000000c145dd2179
000001833ee18361
0000000001f2b571
0000000000000181
000000c1b87b9d79
000000c1c8113b59
000000c1c8113d39
000000c1c81142b9
000000c1e1ed02f9
000000c1e1ed1799
000000c1e1ed1939
000000c201b25b59
000000c201b26af9
000000c21fb350d9
000000c220e3a459
000000c2841349d9
000000c2a1bd5a39
000000c2be55d3d9
000000c2ef928719
000000c306a84499
000000c30c78f199
000000c31125e8d9
000000c311266c19
000000c342e9eb39
000000c3b740c7b9
000000c3c55e8f19
000000c3c55e9cb9
000000c400fffe19
000000c4667fac19
000000c475d1e4d9
000000c49056f379
000000c49446a139
000000c4b9325439
000000c4cbdec8b9
000000c5189e8399
000000c54033bb19
000000c54033bbd9
000000c54033c279
000000c55c0ffc39
000000c5bf9e53d9
000000c5bf9e5899
000000c5dc54bb19
000000c5dc54bcd9
000000c664186a79
000000c66e434f79
000000c6a517b579
000000c6b720f0d9
000000c6b720f2d9
000000c6badb56f9
000000c6d494ba99
000000c713829459
000000c7d5f44f59
000000c7ea51b079
000000c7fa1132f9
000000c82271d6b9
000000c8370308d9
000000c8871a1d79
000000c8871a3059
000000c8c068e0d9
000000c90756af39
000000c98d2926f9
000000c9da7e3339
000000c9e7124bd9
000000ca34846279
000000ca577063f9
000000ca6dd2b019
000000ca7bcfd0f9
000000ca7bcff0b9
000000caa7829719
000000caafff2459
000000cabf341a19
00000195df4c2861
0000000001f2b571
0000000000000181
000000cb16e049b9
000000cb283e2b39
000000cb4c454bf9
000000cba13b2079
000000cbee286ab9
000000cbee286b59
000000cbee286b99
000000cbee287219
000000cbee288139
000000cbee289619
000000cbee2918b9
000000cc23e245d9
000000cc31f47879
000000cc3b325f99
000000cc54f6efb9
000000cc629be559
000000cc76c9a219
000000ccc173ba79
000000ccc2985d19
000000ccd74d2a99
000000ccd74d3b19
000000ccee214719
000000ccee216999
000000ccfecd1cf9
000000cd2a8f53b9
000000cd41698499
000000cd464f7cd9
000000ce3c6b5899
000000ce4f5d8d19
000000ce6e28bc99
000000ceb5cf1ff9
000000cee3073479
000000cefadf0659
000000cf04ba24f9
000000cf04ba38d9
000000cf072ecbb9
000000cf1037d1b9
000000cf2acd4659
000000cf6d1b7f19
000000cf6d1b8679
000000cff49c87d9
000000d00c8fb6d9
000000d02eb52219
000000d0496f9079
000000d06f925bf9
000000d08c5e33b9
000000d0b4fe2419
000000d0d36f5459
000000d0daf82ef9
000000d0f9cb25b9
000000d13459c919
000000d1596680b9
000000d15bbc6179
000000d1ef2b5279
000000d1f243d3b9
000000d238e09199
000000d279a32f39
000000d28e254899
000000d2b4c7fbf9
000000d2b4c80df9
000000d339990839
000000d339991b39
000000d35b1ea439
000000d35b1eb339
000000d3659a94f9
000000d3b555cd19
000000d3bba25c19
000000d3df0d67b9
000000d3ed092559
000000d438f8d459
000001a87fb6cc61
0000000001f2b571
0000000000000181
000000d445de7479
000000d445de7619
000000d45ee02259
000000d463070ef9
000000d48d4d39b9
000000d4b60d3f99
000000d4c7568db9
000000d4c756a6f9
000000d4c756b5f9
000000d4c756dc39
000000d5132b01b9
000000d521fdf4d9
000000d56337fd59
000000d57f692359
000000d5870cdb99
000000d5986406d9
000000d6307d9759
000000d647a3e359
000000d6ab07fad9
000000d6e989cf79
000000d725ad52b9
000000d728d06f39
000000d74bf73af9
000000d74bf73cf9
000000d74bf74279
000000d74bf74339
000000d74bf75c39
000000d74d60e919
000000d75afc49f9
000000d7796d1859
000000d779716e79
000000d799b7e419
000000d7df9d3579
000000d7f6cafaf9
000000d8986b5e99
000000d8986bc199
000000d8b14925d9
000000d8ba7d43f9
000000d8c2916379
000000d8d4587599
000000d8e345c6f9
000000d8f6d78939
000000d8f744f559
000000d929739199
000000d92973a5f9
000000d9527fec19
000000d95bdbd179
000000d984695a19
000000d9846972f9
000000d98a85c899
000000d98e582ef9
000000d9a02f25b9
000000d9e3b5c2b9
000000d9f455bab9
000000d9f455bc99
000000d9f4562199
000000da0b3c4bd9
000000da3e4dfbf9
000000da57ff5c39
000000da9086a119
000000da908739d9
000000daa37ec599
000000daa6c0dc39
000000daada39d79
000000db5f090fb9
000000db98000319
000000dbb5b06799
000000dbe36d62b9
000000dc05512059
000000dc12de9599
000000dc4174f0b9
000000dc6e29a499
000000dc925d73b9
000000dc925d7459
000000dc925d7b19
000000dc925d88b9
000000dca4b8a379
000000dca715b119
000000dca715b2f9
000000dcb374beb9
000000dcb374c079
000000dcbe78c319
000000dcf2a68559
000000dd337a1259
000001bb20217161
0000000001f2b571
0000000000000181
000000dd9f6f0459
000000ddb6e109d9
000000ddecb70219
000000ddfb6f5b59
000000de14613859
000000de2a1d9999
000000de47a6cab9
000000de653f0ff9
000000dece9d5399
000000def750d459
000000df1659a799
000000df21f9b3d9
000000df253fb679
000000df41f10fd9
000000df7e7f9039
000000df845f72d9
000000dfb4a01559
000000dfb4a016d9
000000dfb4a01cb9
000000dfb4a04db9
000000dfb4a063b9
000000dffc6c1e79
000000e0176d0859
000000e019c87779
000000e01c73b0b9
000000e0747eaa19
000000e07e741439
000000e089163259
000000e091ff7f39
000000e0b79dbb39
000000e0d65821d9
000000e0dcb11dd9
000000e0e5a9e199
000000e15e826b39
000000e16450d339
000000e167f933b9
000000e17b97fe79
000000e186ae7b39
000000e1a7d1c979
000000e1bc92c5f9
000000e1c1161719
000000e2321ccd99
000000e237aa04f9
000000e23f455819
000000e267748bd9
000000e28edebc19
000000e2abb966b9
000000e2abb978d9
000000e2abb97959
000000e2abb97999
000000e32c4ec4b9
000000e3b2864d59
000000e3d37dee19
000000e3d37e4879
000000e47d226f99
000000e4bdef1ed9
000000e4da409539
000000e4e9aa6379
000000e4f001ead9
000000e4f001ec39
000000e57de4d879
000000e592aecd19
000000e597359cb9
000000e5b2581139
000000e61e1b7b79
000000e621e45cf9
000000e628112b39
000000e668ff3a79
000000e69e5bb399
000000e6b8238ed9
000000e6c973ca19
000000e6d71d5799
000000e6d9b3fb99
000000e6d9b410d9
000000e6de2798b9
000001cdc08c1561
0000000001f2b571
0000000000000181
000000e6f8380f79
000000e7074d4b79
000000e710916299
000000e71e060399
000000e795443219
000000e7a6b2e9f9
000000e7caf486d9
000000e7cfa4e0f9
000000e826654279
000000e86c5d1bf9
000000e87fe95099
000000e89f1216b9
000000e8dadcb2b9
000000e95fd81c79
000000e98b77b7b9
000000e991a610d9
000000e991a629b9
000000e99de8dff9
000000e9d0b94c79
000000e9d0b95f79
000000e9ddbf8619
000000e9e3ab0959
000000e9e51f7159
000000ea2d439059
000000ea2d43a1d9
000000ea60276a59
000000ea8313e679
000000ea83426959
000000ea9d9a3799
000000ea9e955a59
000000ea9e956a19
000000eac5e0e959
000000eaca9704d9
000000eaff405a19
000000eaff406f19
000000eb2ad285d9
000000ebc5c5d559
000000ebcbff9f99
000000ec02333e39
000000ec2bb35fb9
000000ec475b3f99
000000ec58f351b9
000000ec7e6b3619
000000ec933cd1b9
000000eca0678859
000000eca07082f9
000000eca30e35b9
000000ecb4e6d539
000000ece0818779
000000ed1706e299
000000ed3531e2f9
000000ed52c3dbd9
000000edb8e0b5b9
000000edb8e0bd19
000000edd33655f9
000000edd8c8f459
000000ede305f639
000000edfc491039
000000edfc491839
000000ee308a0739
000000ee32e90879
000000ee437aa6f9
000000ee49368499
000000ee64a27f79
000000ee87c533b9
000000ee87c545d9
000000ee933e7f59
000000eeae217e59
000000eecd20bb99
000000eed9657959
000000ef6089b1b9
000000ef86321fd9
000000f026e73979
000001e060f6ba61
0000000001f2b571
0000000000000181
000000f073739e99
000000f10e228639
000000f112d1abf9
000000f161904ef9
000000f1b7de40d9
000000f1ec800f59
000000f2249c5819
000000f2249c6679
000000f25ac36b99
000000f288cecc99
000000f28dbf5819
000000f28dbf5899
000000f28dbf5f79
000000f28dbf6a79
000000f2a82835b9
000000f2bb82ac99
000000f2dfdc1019
000000f3140be459
000000f3371080b9
000000f337109119
000000f36558d2f9
000000f390be6f99
000000f3c3d39379
000000f3d9a7b939
000000f41a153219
000000f41a158af9
000000f41ca80f99
000000f446595599
000000f4c8e362f9
000000f4cf7b17f9
000000f4f8840c59
000000f514c42cb9
000000f514c42e79
000000f5ec10ca39
000000f65ae59d79
000000f66152f0f9
000000f668a08019
000000f6e8bcffb9
000000f6e8bd0179
000000f71d744a19
000000f837677759
000000f8378a3219
000000f83942bf59
000000f83942d2f9
000000f84257a3b9
000000f85502bc99
000000f88b8502f9
000000f90bd46779
000000f9217f9ad9
000000f958b81d79
000000f9640bbd99
000000f9661f11d9
000000f9661f26d9
000001f301615e61
0000000001f2b571
0000000000000181
000000f9c606d219
000000f9cd9a8579
000000f9cd9a9939
000000f9e299b719
000000f9e75c0339
000000f9e75c6d19
000000fa01c25db9
000000fa1f4683b9
000000fa9af10ef9
000000faab4f2459
000000fafafb45b9
000000fafafdc859
000000fb40169499
000000fb764a2e19
000000fb9469b119
000000fbaf921d99
000000fbb1b36679
000000fbb31284b9
000000fbb90172f9
000000fbb90183f9
000000fc01945ef9
000000fc377c9dd9
000000fcb21dccd9
000000fcd359fdd9
000000fcd5c4bd99
000000fcd5c4bf99
000000fcd5c4c519
000000fcf0abb779
000000fd0b47c459
000000fd150fe7f9
000000fd15438e39
000000fd7a437d99
000000fe10d56eb9
000000fe10d58fd9
000000fe7fb07319
000000fe9f60d339
000000fee0c7acf9
000000fefea08339
000000ff179b8679
000000ff1adbe779
000000ff70869d59
000000ffb128eb19
000000ffb128ecd9
00000100480ede59
000001004dbd91b9
0000010055e5ed99
000001008d272319
000001009f0587d9
00000100b8fedb19
00000100be242199
00000100c7e2e919
00000100d6f83b79
00000100df3a7939
0000010149cdf2d9
000001015fd90839
0000010196ddbcb9
00000101f1d51a19
00000101fbd0f079
000001021a077d79
000001021a079939
000001024d677119
000001026117c779
000001026117df39
000001026117dfb9
000001026ff68ef9
00000102819fe6f9
0000010295494639
00000102954958d9
000001029a9ddad9
00000102bb58e259
00000205a1cc0361
0000000001f2b571
0000000000000181
00000102fb118e99
00000103189a97b9
000001031c5a2fd9
000001031c5a3879
000001031c5a42d9
0000010327d1b419
0000010327d1dc19
000001034a081ad9
0000010362651839
0000010376c07cb9
00000103be6c4419
00000103e90d32b9
00000103e90d55b9
0000010413a76439
00000104a1aca4f9
00000104ad06bcb9
00000105781420b9
000001058fb99579
00000105944a2839
00000105948eadd9
00000105948ec079
000001059d183c59
000001059d184139
00000105b35c5c59
00000105bde0ea19
00000105ffe1e639
000001061f436b99
000001064fb9ae99
000001069189cbd9
00000106afa6a3b9
00000106d516e659
00000106d9e2a8b9
00000106d9e2aa79
0000010726c3c1f9
000001072eefe559
00000107501e0839
0000010788899a99
000001084115d659
000001084b8ee499
000001086d603b39
000001086f0eff39
0000010887721159
00000108877221f9
00000108877284f9
000001088f64a2d9
00000108cfdf6c59
00000108f4835879
000001094369c799
0000010943c04519
000001094eb92f39
000001094eb94439
000001098b7f21b9
00000109aec07d39
00000109bf8a20b9
00000109c06a2479
00000109e6663ab9
00000109e9e9e6f9
00000109f7d11359
0000010a2679eff9
0000010af6bacd39
0000010b147c1b39
0000010b435aa5d9
0000010b619f5a39
0000010b9f8f75f9
0000010bb61afeb9
0000010bc5f4b8b9
000002184236a761
0000000001f2b571
0000000000000181
0000010cc323b659
0000010ccd4db939
0000010d1cc28cb9
0000010d3d5b05d9
0000010d3d5b0679
0000010d3d5b07d9
0000010d68dc0339
0000010dd64cc4d9
0000010dd64cc6b9
0000010deb776b19
0000010df3e39459
0000010df3e3abf9
0000010e0d732099
0000010e3d185df9
0000010e4a193cf9
0000010e65e65b99
0000010e81c06bb9
0000010ec7cd46d9
0000010ecb868159
0000010eddf5cdb9
0000010f1ca9a679
0000010f2a43bd19
0000010fb4fd9159
0000010fbb3e4e59
0000011011fb1459
0000011072291299
000001107229a9d9
000001108180ccd9
00000110bf75ad99
00000110dca3fad9
0000011156857c59
000001115affd139
0000011168a732b9
00000111776de479
000001118ce01a39
000001118ce02af9
000001119588d759
00000111c8910b59
00000111ef6fa459
00000111f5f19f39
0000011226aa6ef9
000001122e4f5df9
000001126ec93219
0000011318b5f199
00000113277e4e39
0000011360aa7619
000001138d9b6419
00000113a7cc5339
00000113ad7d42b9
0000011464f74a99
000001147b2f5839
000001150aef7d39
000001150aef7eb9
0000022ae2a14c61
0000000001f2b571
0000000000000181
000001158e64d019
00000115937db1f9
00000115996f26d9
00000115b58942d9
0000011623d227d9
000001162b0a3439
00000116361a1559
00000116940c8c59
000001169c0ed379
000001169ee7a2f9
000001169fbafd79
00000116c26de4b9
00000116dbf813f9
00000116e4953899
00000116f433f379
000001173ed36ef9
00000117446907b9
0000011746224c59
0000011750241999
00000117645d3199
00000117645dc879
00000117645dd479
00000117718bc919
00000117911c9679
00000117d7ccbcf9
0000011876497639
000001188bdce3b9
00000118c87ef919
00000118c9434af9
00000118d58416d9
0000011913adbe59
00000119364903b9
00000119501d4af9
000001195dfbc959
00000119bb69eeb9
00000119f13dd579
0000011a3a93bfb9
0000011a48d31e79
0000011a48d325f9
0000011a51f24ed9
0000011a905db3b9
0000011afedae519
0000011b44c4c259
0000011b565a8779
0000011b68a2c2d9
0000011b77ea5f39
0000011bc6697c39
0000011be82b27b9
0000011c01f42419
0000011c9a7e2dd9
0000011ca0946cf9
0000011ca0947e79
0000011d0ebd2919
0000011d3bac85f9
0000011d66c17199
0000011d66c18559
0000011d9a8e4e99
0000011e31732bf9
0000011e5cbbf0d9
0000011eb22a91d9
0000023d830bf061
0000000001f2b571
0000000000000181
0000011f0b2b97d9
0000011f0b2ba9f9
0000011f2c632ed9
0000011f2c633ed9
0000011f7c6be819
0000011f7c6c01b9
0000011fa182d2f9
0000011ffb01fe99
0000012005f46f39
000001201fa05039
000001204c838c79
000001204fb4fc59
000001209e613fb9
00000120d520ccb9
00000120d520e059
00000120e4ea2439
00000120fc4b7899
000001210005b419
000001213b9026d9
0000012167d66e99
0000012167d67fd9
00000121901356b9
00000121b64d4779
00000121cbdca659
00000121cbdcba19
00000121efad8839
0000012214738019
0000012245438a59
000001228fea7df9
00000122ddb29d99
000001230aaa0819
0000012330c835b9
00000123581b4af9
000001235bcd0b59
000001235ff7cb59
0000012385cd7a59
00000123a81bff39
00000123c1eeba19
00000123c1eec159
00000123c1eed4f9
00000123d3193f99
00000123f5b80d19
0000012456888f39
000001247afd84d9
000001248313d079
00000124b9664239
00000124b9665479
00000124f19da699
00000124f19daf79
00000125289486f9
000001257031aa99
000001257ade8f99
00000125c74d7cd9
00000125dabf17b9
00000125db7fadf9
00000125e0c83a99
000001260bdc3319
000001260c235b59
000001261aea6299
000001261aea7879
000001265981e579
000001267c28d159
0000012697cf9699
000001269df71a19
00000126a0cde8f9
00000126aaae9279
00000126ccd78259
00000126d39046b9
0000012712129dd9
0000012744768e59
0000025023769561
0000000001f2b571
0000000000000181
00000128af695739
00000128b94f4779
00000128c8352c59
00000129232fccf9
000001297f2ce039
00000129c2de0d19
00000129c4857719
00000129fb59bc59
00000129fb59dcf9
0000012a50379819
0000012b1234c7d9
0000012b1a40c4f9
0000012b1b00ee59
0000012b4fc1d9b9
0000012b8369a239
0000012b9385d259
0000012c3673ef39
0000012c418b6939
0000012c420b5159
0000012c46972ab9
0000012c6bec04b9
0000012c6bec2439
0000012c6bec4cd9
0000012d2c3a6b19
0000012d369e2e19
0000012d9fee6479
0000012dc679a0b9
0000012df2f31cf9
0000012df2f32ef9
0000012df2f33659
0000012df2f34dd9
0000012e011c5e19
0000012e11839a19
0000012e39e3efd9
0000012e3b4bc039
0000012e3b4bc219
0000012e45b4fc99
0000012ea41e41f9
0000012ec0ef5c39
0000012f452699b9
0000012f6801d739
0000012fcf8ca899
0000012fea2bcfd9
000001301c7580d9
0000013020a324b9
0000013052624ff9
000001305a6c3279
000001305ceaadf9
0000013062f0ff79
00000130a25e7399
00000130b4aad579
00000130bcc73579
00000130ebac9259
000001310b3419f9
000001312b040159
00000262c3e13a61
0000000001f2b571
0000000000000181
000001316f53d539
00000131c09e67f9
00000131c09e9359
000001323293e1b9
000001323fb94759
0000013240519af9
0000013241210179
0000013281083839
00000132a0024599
00000132bcdedf59
00000132ec48a999
00000133237a22d9
0000013383570bb9
0000013390249659
00000133a703ee39
00000133e7a66439
000001341b118019
0000013432bcf379
000001346a364b99
00000134a297a659
00000134d6770ab9
00000134dce0fa39
000001352b57e479
00000135930820f9
000001359e911879
00000135a5f46179
00000135dd738fb9
00000135efc657d9
00000135ff91b319
0000013605d92959
0000013649362419
0000013664e024f9
00000136e5c2ed59
00000136e9b04259
00000137212f0459
0000013745e083b9
000001376e2fcc99
000001377416dc19
00000137741705d9
0000013774172eb9
0000013796c30519
00000137d75c5c59
00000137dfdf8339
0000013872b5b959
000001387ebb93d9
00000138a8b828f9
00000138a8b82ab9
00000138a956bf99
00000138faf20519
000001390cf994f9
0000013959e6cc39
000001395cb49e59
00000139c3b4ad19
00000139c3b55e99
00000139c66d57d9
0000013a95d3a7b9
0000013a95d3ec99
00000275644bde61
0000000001f2b571
0000000000000181
0000013ac4adfe59
0000013ac4ae0e79
0000013b2cda7219
0000013b2cda8a39
0000013b9efb5199
0000013bb9492079
0000013bdde786b9
0000013bdde7bdd9
0000013c2b1256d9
0000013c5852a3d9
0000013c791a64f9
0000013c9f9826b9
0000013cc9033f39
0000013cf884e739
0000013d02b951d9
0000013d10224279
0000013d42516919
0000013dae7dbaf9
0000013dcbc989d9
0000013e08758f59
0000013e41a6d4f9
0000013e670be1d9
0000013e68a08d59
0000013efcbf9919
0000013f3e30fa39
0000013f55bfd639
0000013f55c04db9
0000013f57a70bb9
0000013f57a72159
0000013f5ec485b9
0000013f70385f79
0000013f703875b9
0000013f7f312df9
0000013f7fca52f9
0000013fdfd5f699
00000140032efa99
00000140739345f9
000001408ea75e99
00000140971f4519
00000140971f5719
00000140bb510739
00000140e54d1bb9
00000141deab4219
00000141e9150f99
00000141e9efbdf9
000001420276d599
0000014206f406d9
0000014228fb5fb9
0000014238a10579
0000014256aec2f9
00000142742b9bb9
0000014285d3d3b9
000001428bfaba99
0000014294316059
0000014294317279
000001429dbd6c39
00000142bc6aa1d9
000001430b380779
000001432b875d19
0000014397329ad9
00000143dcb95d39
00000143dd638899
00000143fb4b3999
0000028804b68361
0000000001f2b571
0000000000000181
000001440e94d6b9
000001446a936fb9
000001446eb85779
000001447e40ecd9
000001449a48e319
00000144eee27eb9
00000144eee2a679
000001455316e119
00000145612f7f79
0000014585b83b79
0000014594e3f3f9
00000145bc5a0cf9
00000145d0bf1659
00000146b5f9baf9
000001474da9c159
00000147617744b9
00000147c5425e19
00000147e9c9f359
000001480d2210f9
00000148523bff59
0000014881f6cb79
00000148866280d9
000001489af86139
000001489af88dd9
00000148a4c54919
00000148ce1397b9
0000014937368df9
00000149532aa539
00000149853398b9
000001498c076739
00000149a665cd19
00000149a665ed99
00000149a6660f59
00000149a86663f9
00000149c20b6259
0000014a1dace279
0000014a34a69419
0000014a71e65079
0000014a71e663f9
0000014a9d501ed9
0000014ad09863b9
0000014adfd55479
0000014b5227f4d9
0000014b61e75719
0000014b63d7c659
0000014b6f482539
0000014b84676df9
0000014b89c01b79
0000014ba2971539
0000014bbc692359
0000014bc3bf3199
0000014be8522599
0000014c26937d59
0000014c358a7219
0000014c4d3e0d79
0000014c56a11519
0000014c759996f9
0000014c8a931379
0000014ca39b5d39
0000029aa5212761
0000000001f2b571
0000000000000181
0000014d5c95cd79
0000014dbe3fa6f9
0000014dd9abf8d9
0000014dfe619e99
0000014dfe619ff9
0000014e23d43899
0000014e4a2c9819
0000014e8a657b99
0000014e94a3bfb9
0000014ec807a519
0000014f2203d819
0000014f24af9459
0000014f3511d299
0000014f3edfdc99
0000014f5f5501b9
0000014f81ab6c99
0000015003ba3859
0000015003ba4d59
000001500945e159
00000150920f6159
00000150920f7539
00000150aab93fd9
00000150fb2b5859
0000015110470d99
00000151170c68f9
0000015153fdbd99
000001517840b599
000001519b5aae79
00000151da227879
00000151ec4866b9
00000151ec4867d9
0000015202c0c4f9
000001521d169a79
0000015264933779
00000152b681da59
00000152e1bd8a99
00000152e1bdba79
000001530ded4b99
00000153171233b9
0000015354750279
0000015365e29359
0000015385d88019
000001544d741119
000001545f34fa59
000001549743ebd9
00000154c6bf1259
000001554a1195d9
000001556acf1bd9
000001559b96f0b9
00000155cdf5c4d9
00000155cdf5d9b9
00000155cdf5eb39
00000155cdf5f299
00000155cdf64939
00000155fc8fb759
000001560ef47819
000001562c0d7479
0000015676ecd119
0000015676ece179
0000015689b6b9b9
000001569a770959
000001569e25f7f9
000002ad458bcc61
0000000001f2b571
0000000000000181
00000156a9703619
00000156b6691af9
00000156fadc6559
00000157113065d9
00000157223278b9
0000015727011839
0000015728a0e379
0000015728a0e539
000001573e5f7059
000001575969f419
00000157ad4c1ab9
00000157c5a142f9
00000157d132e339
000001580262b1b9
00000158943dd0f9
00000158afd41bf9
0000015905334e59
0000015905335319
0000015905336299
000001592d916959
000001596a5adef9
000001596f514799
00000159864a4f59
00000159864a8f79
00000159864a96d9
0000015994158e99
000001599444a5d9
00000159b0a1f0f9
00000159bc944dd9
00000159ec75d559
00000159ec7631d9
0000015a00c4ab39
0000015a25b89599
0000015a61c33279
0000015aafcad479
0000015aca510119
0000015b275b1b39
0000015b50e2bf39
0000015b78e6eed9
0000015b7f2e2579
0000015bae62a2d9
0000015bd2122a99
0000015bd8291099
0000015c1f92fd39
0000015c36ff0339
0000015ca6979179
0000015d2d6aff79
0000015d2d6b1e39
0000015de972b0d9
0000015dfed05cf9
0000015e2aaac059
0000015e51651599
0000015ea7018c39
0000015ec50bdeb9
0000015ec50be059
0000015ed5a22b79
0000015edc27a0f9
0000015ef19e9cf9
0000015f06a6f159
0000015f0eda3cf9
0000015f7b6d4519
0000015f7b6d4c79
0000015fdce380f9
000002bfe5f67161
0000000001f2b571
0000000000000181
0000016078600719
0000016098466979
00000160d6aa93b9
00000160e8dba4b9
000001613be795d9
000001613be80ad9
0000016172d3d5b9
00000161921e3f99
00000161b9469a59
0000016215ee1df9
0000016221384919
0000016286ebcf39
0000016296fb62f9
00000162b745e299
0000016300067159
00000163163b2179
00000163163b2319
00000163163b28f9
00000163163b37d9
0000016330419559
00000163332c6a39
0000016375790b59
00000163c99225f9
00000163e43d6059
00000163ea8fe1d9
0000016420c76679
00000164286040d9
000001644f6a1539
00000164e1e807b9
00000164f02bbbd9
00000164fcd71779
00000164ff2498b9
0000016521d06bd9
000001655bc38bf9
000001655bc39dd9
0000016593044bf9
00000165d0f1b9b9
00000165df1aa779
00000165f5d65819
000001660b6fe959
0000016621d25359
00000166232954b9
000001662994f6f9
000001663a67c7b9
000001667efd71d9
000001668d37de59
00000166af0baef9
00000166af0bc099
00000166cda0b5b9
00000166dd714ad9
000001670ab722d9
000001671f4f6599
000001671f4f7af9
000001671f4f8339
000001673fa7f879
0000016753381399
000001677262eb59
0000016772630879
0000016792ef4a39
00000167f373d2d9
000001682a2c8179
000001683c117899
000001683c118639
00000168d68da1d9
00000168f1954179
000002d286611561
0000000001f2b571
0000000000000181
00000169487e4859
000001694d3b99f9
00000169529c5579
00000169c5e485b9
0000016a22ffd339
0000016a4325a2f9
0000016a4a6e9679
0000016a63966979
0000016a69442d39
0000016ad3195a59
0000016b02a628b9
0000016b07974359
0000016c15cf6ff9
0000016cb5a0fcd9
0000016d122b9af9
0000016d2af6f979
0000016d53a2ab79
0000016d77348159
0000016dae9e5279
0000016dae9e9599
0000016de089fa39
0000016e01434e99
0000016e34c891d9
0000016e34c89399
0000016e59889619
0000016e974f4459
0000016eaff873b9
0000016eaff8a419
0000016ebe080179
0000016ec2694079
0000016f18b45b59
0000016f764b51d9
0000016f96aee779
0000016f96aee7f9
0000016fa8464e99
0000016fbde332b9
00000170015b5279
0000017004ad4979
00000170693d0c39
000001706e28aa59
000001706e28aaf9
000001706e28b1b9
000001709d91fab9
00000170b351c3b9
00000170b351d599
00000170b38b87b9
00000170babd5119
00000170bb252ad9
00000170c44e3219
00000171675ee8b9
00000171f88d2059
0000017204b984b9
000002e526cbba61
0000000001f2b571
0000000000000181
00000172ad94b8d9
00000172ad94c939
00000172df6ea239
0000017309d83559
00000173116e5c99
000001733ede3eb9
000001734a7ef9f9
0000017378783039
0000017387e1d739
0000017387e1fef9
00000173aac0e479
00000173aac0f8f9
00000173aac0fa59
00000173cd51e699
00000173cd51f619
00000173d9aabb19
00000173d9aabe79
00000173fd347bd9
0000017418c7a7f9
00000174a705b039
00000174be381c99
00000175405b6f59
00000175405b7119
00000175405b76b9
00000175405bc0f9
00000175969d3999
00000175a23c9a99
00000175f4effe59
00000176137398d9
00000176436f5cf9
00000176a0a41239
0000017704850eb9
0000017718d94a39
000001772491b319
000001772491bb59
000001773b7ec159
000001778f573299
000001779934ed99
000001779b5eb6f9
00000177c7e3db39
0000017812e97359
0000017812e97a99
000001782098b4f9
00000178c85e0f39
00000178c85e2579
00000178d3ba8359
00000178f8352099
0000017922d70339
0000017935d53f79
0000017941a8fa59
00000179a2a44259
00000179b2c97a59
00000179b2c98cd9
00000179bfe59a39
0000017a13abe879
0000017a13abfd39
0000017a35bb4af9
0000017a61dda4f9
0000017a61de0019
0000017a8b71e819
0000017a8bd2c3f9
0000017ab2ee4cb9
0000017ac3578399
0000017acbf18e79
0000017b05b9ceb9
0000017b558afb79
0000017b63159fd9
0000017b753f9ad9
0000017b753faf99
0000017b81b01319
0000017bc36105d9
000002f7c7365e61
0000000001f2b571
0000000000000181
0000017bf7b76199
0000017c4a0dfff9
0000017c7616e439
0000017c87095659
0000017cb1a86839
0000017cb3949ad9
0000017cb90d89b9
0000017ce9227639
0000017d28c00079
0000017d28c016d9
0000017d3b37db79
0000017d44a21079
0000017d745cfe19
0000017dcc866499
0000017e1080b4b9
0000017e884f45b9
0000017eb5e8d119
0000017edf017af9
0000017ef17e13f9
0000017f18e13439
0000017f3586f0f9
0000017f4deb7b59
0000017fdf228479
0000017fed202ab9
00000180b8c857d9
00000180e63f19f9
00000180f7722a99
00000180f7723e19
0000018151462bf9
0000018151464539
000001818c2a8ab9
00000181adbf14b9
00000181e00e84f9
0000018212913799
00000182e9fd5699
000001830ba9c1b9
0000018316a1c2f9
0000018323f74439
0000018323f74cd9
000001832ec0db19
0000018330647ed9
000001833f6324b9
0000018344ea64f9
0000018345146f39
00000183490f5fb9
000001835d063a59
00000183755ec239
00000183ad8de439
00000183b1137d59
00000183b33d05d9
00000183b7137039
00000183b89bc1f9
00000183e46ce8f9
00000183e685ebf9
00000183e685f979
00000183e6860e19
00000183f45ad359
00000183f45ad579
00000183f45b2779
0000018422af4cd9
00000184a0210639
00000184cd6a6679
00000184f6171b99
000001850fba8599
0000030a67a10361
0000000001f2b571
0000000000000181
000001856d18f1d9
000001856d18f559
000001856d190959
00000185cfcd7ab9
0000018610bd30b9
0000018610bd3839
0000018610bd58f9
0000018651c3c2d9
00000186aaee3799
00000186df342819
00000186df3429f9
00000186fbdedb19
00000187377d8179
0000018767f03af9
000001880a9ed4f9
000001881bd763f9
000001887f42ad59
00000188b0a97199
00000188cb970799
00000188f3230b99
00000189161a74d9
000001891db13e39
0000018941c04b19
000001898349a3d9
00000189dddb6bb9
0000018a4016fe99
0000018acebef339
0000018ae36ecbf9
0000018af2127559
0000018b01d36859
0000018b08941ed9
0000018b09541839
0000018b09542b39
0000018b5e821c39
0000018b5eeb2199
0000018c2a465859
0000018c8c978e59
0000018ce619c8b9
0000018ceb8f4b39
0000018ceb8f5cd9
0000018ceb8f7579
0000018d3ca173b9
0000018d5e832f39
0000018d90ce3bb9
0000018d90ce4c59
0000018dff2029f9
0000018e3ebcc2d9
0000018e6ba47db9
0000031d080ba861
0000000001f2b571
0000000000000181
0000018ed9ec2939
0000018f08718559
0000018f126ca359
0000018f1339a319
0000018f1bcc5819
0000018f4ffbf7b9
0000018f61dda8d9
0000018fa04504d9
0000018fac6546b9
0000018fb824b259
0000018fc0f8f9b9
0000018fd835ed39
0000019043307159
0000019043308539
0000019091423a39
00000190994bb4d9
00000190b459f799
00000190b6b0afb9
0000019139bda9d9
000001914ffbcc99
0000019163859b79
000001919adf4af9
00000191e7f8b639
0000019263ec51f9
000001929df41879
00000192baf95b39
00000192d7dc0439
00000192d7dc69f9
00000192dde45579
0000019312755819
0000019380023f59
00000193a2d3edd9
00000193a2d42659
00000193c1ac6579
00000193c37cd1d9
00000193c46d1119
00000193d0cff119
00000193e3dba379
000001941565a119
000001944efae819
00000194503db5b9
00000194612fb699
000001946d7ef4f9
0000019491eb98f9
00000194ef82c579
0000019518607679
000001955fb52e99
000001955fb53479
000001959b8c0979
00000195b7775839
00000195ca606299
00000195ca607e79
000001961a5d1b79
000001962c9a92b9
0000019663d97b39
00000196a3f6cff9
00000196bc31fb99
00000196cf8db579
000001972d4a78f9
00000197607d0279
00000197844520f9
0000032fa8764c61
0000000001f2b571
0000000000000181
00000197d41d7279
0000019891123bb9
00000198b7c3eb79
00000198ba6a5539
00000198ecc3ee79
00000199529f4a79
000001999ad84f39
00000199bd2288d9
0000019a29054e19
0000019a340471b9
0000019a4f92b039
0000019a6057e199
0000019a8132c0f9
0000019a9d256ad9
0000019ad3413839
0000019af7ff8db9
0000019b087ae0b9
0000019b2b9e6039
0000019b49974f39
0000019b7f44d939
0000019bc9514f59
0000019c47978159
0000019c73a9cff9
0000019d028d1b99
0000019d1ce1c439
0000019d1f823e19
0000019d4386dd19
0000019d5f54f459
0000019e10cef139
0000019e36921739
0000019e609d7059
0000019e90d796f9
0000019eaeee9f39
0000019eb25919d9
0000019eee4dbc39
0000019ef8dbd1f9
0000019f08ecf479
0000019f08ecf639
0000019f3b671d99
0000019f4499f279
0000019f4b9f1219
0000019f4fc014d9
0000019f58f31419
0000019fb1d6b7d9
0000019fd38e6c39
0000019fe2d73259
0000019fe992c579
000001a03da74e39
000001a04023a279
000001a05bad90b9
000001a078b313f9
000001a0b2c18f39
000001a0b6d8bdb9
000001a0b96ead59
0000034248e0f161
0000000001f2b571
0000000000000181
000001a198a2faf9
000001a1f3d28959
000001a2063128f9
000001a213612ef9
000001a213617a79
000001a213618239
000001a213618ab9
000001a236c49039
000001a25fbfcc39
000001a27d645e39
000001a27d6492d9
000001a2d740a099
000001a30ab1b219
000001a32f18c2d9
000001a32f18d299
000001a32f18d8d9
000001a3397a1159
000001a35b48c099
000001a35df594b9
000001a39a0989f9
000001a3a1463a79
000001a3c230c719
000001a3c230db19
000001a45a4f38b9
000001a4b63e8d79
000001a5044cd1f9
000001a512a655d9
000001a51fdf1ff9
000001a55e765299
000001a5a1a28d39
000001a5afb98959
000001a5cc70b4b9
000001a5cc711dd9
000001a5f473a959
000001a6411425b9
000001a667085719
000001a69939d979
000001a6993a0179
000001a6993a4c19
000001a73a4cee59
000001a78c0baf19
000001a7aa9b9479
000001a86d28d3b9
000001a8a0981559
000001a8a1845919
000001a8ba4e8c59
000001a8f1fcd579
000001a8f9db6dd9
000001a91c5f0e99
000001a925a59fd9
000001a93365bbb9
000001a968ace099
000001a9ad20d639
000001a9ad20d7d9
000001a9ce841e59
000001aa471bd459
000001aa64f91139
00000354e94b9561
0000000001f2b571
0000000000000181
000001aaa8bdea59
000001aad2679739
000001aaf23e9459
000001aaf23ea979
000001ab49a8e1b9
000001ab49a95879
000001ab4eda5f39
000001ab7a509bb9
000001ab7a50aa19
000001ab8dcf21d9
000001aba4f3f219
000001aba7564319
000001abf1622459
000001ac01f96bf9
000001ac45034d39
000001ac64d81a39
000001acda672319
000001ad951fc779
000001ad9612dd99
000001addba07319
000001ae01244999
000001ae01245279
000001ae01246819
000001ae4a3aa439
000001ae564ffbb9
000001aed39b7e59
000001af1fdcf719
000001af1fdcf799
000001af569e50d9
000001af6ec5f639
000001af6ec61cb9
000001afe6875659
000001b0168bfdd9
000001b0b638eaf9
000001b10f3ad539
000001b11533a839
000001b13730f699
000001b19a2cb619
000001b19a2cca39
000001b1b809f2f9
000001b1c4300fd9
000001b1c43012d9
000001b1d5b4d539
000001b22ee907b9
000001b25287c119
000001b270a856d9
000001b270d69c99
000001b270d6a3f9
000001b2afde35f9
000001b2b46b5db9
000001b3239791b9
000001b3465434d9
000001b379e13939
000001b3ad628f19
000001b3ad62a239
0000036789b63a61
0000000001f2b571
0000000000000181
000001b3fa994b39
000001b43aa6c099
000001b43aa6c319
000001b44f99b0b9
000001b4567eb419
000001b4adfd9999
000001b50ba04919
000001b577da70f9
000001b5fca19cb9
000001b604020019
000001b67fdd1119
000001b687accc79
000001b6d830b599
000001b71dd97279
000001b768c920b9
000001b7815f1079
000001b7815fa919
000001b7c71a6319
000001b7d4a0ebb9
000001b80041ef59
000001b817979b39
000001b84e818b59
000001b86c2faa19
000001b86c2fabf9
000001b899eaed79
000001b8b1cdb999
000001b9796f6019
000001b98d725e19
000001b9e2990359
000001ba20c7d839
000001ba2d5458d9
000001ba80997e99
000001baf8790759
000001bb2186ef79
000001bbe6ca4339
000001bc02c5b239
000001bc02c5b999
000001bc02c5c959
000001bc180ace59
000001bc310cae39
000001bc387ab839
000001bc56909e59
000001bc5a6b5559
000001bc94e8aeb9
000001bc991d1d99
000001bcba0d2099
000001bcd31bf299
0000037a2a20df61
0000000001f2b571
0000000000000181
000001bd21887b99
000001bd5d5094b9
000001bd5e699919
000001bd7a183759
000001bdafd51f99
000001bde1a11979
000001bdf79a3719
000001be07ac9719
000001be2f2e7b59
000001be4ca3a819
000001be81fb54d9
000001befde53d39
000001bf3b7d50b9
000001bf479fe659
000001bf80883bd9
000001bf837f5219
000001bfcc640a39
000001bfcc6419d9
000001bfe5398499
000001bfe612a6d9
000001bff7e11ff9
000001c029f54279
000001c069304bd9
000001c069305bf9
000001c072d3d3d9
000001c0bf58cc39
000001c10c457e59
000001c17faf9e79
000001c1c6f8f699
000001c1ed2253b9
000001c1f94b7fb9
000001c1f94b9899
000001c1ffc6abf9
000001c23775af19
000001c24885ff59
000001c294ced7d9
000001c29d5a42f9
000001c2f309e819
000001c3155e34b9
000001c31d3e59b9
000001c33b800119
000001c352d634b9
000001c36e3e5d79
000001c379ebdfd9
000001c379ebe1b9
000001c379ec0f39
000001c3f7e81af9
000001c3ff11f179
000001c445982119
000001c4733340f9
000001c49ca27e19
000001c4b64703b9
000001c51114dd99
000001c51fdca439
000001c531f246b9
000001c562341eb9
000001c5db5af799
000001c602e484f9
000001c62146cab9
0000038cca8b8361
0000000001f2b571
0000000000000181
000001c66c94bcd9
000001c68158f059
000001c6f2ebe979
000001c716d97d19
000001c716d99239
000001c7587d4df9
000001c7587d5db9
000001c76799dc39
000001c7ba7a1cd9
000001c7d9ea46f9
000001c7e3a313f9
000001c7f41d9dd9
000001c8aec7e319
000001c8aec7e959
000001c8d390c059
000001c8eead1239
000001c8ff13a079
000001c8ff13bcd9
000001c94bb2cd99
000001c965d1daf9
000001c98f338a19
000001c9a781cdf9
000001c9bc80a879
000001ca12b901b9
000001ca35212979
000001ca6bd08e99
000001ca86299e99
000001ca89523439
000001cb1f465e79
000001cbdd0e0a59
000001cc02e432d9
000001cc428093d9
000001cc760ba899
000001ccdebd89b9
000001ccec4091b9
000001ccec4093b9
000001ccf715d3d9
000001ccf74d2259
000001cd0d5dc1f9
000001cd37d2d279
000001cd4499bfb9
000001cd5ca74ed9
000001cdb95eb499
000001cdbf87cfb9
000001ce45c2d719
000001ce45c2ea99
000001ceabd5dcb9
000001cefa326b99
000001cf1e822099
000001cf28241c79
000001cf74a02059
0000039f6af62861
0000000001f2b571
0000000000000181
000001cfc48c3399
000001cfc48c3af9
000001cfc48c4a79
000001cfcc76bcd9
000001d012114099
000001d0272b0759
000001d074b4aa19
000001d074b4abb9
000001d1253ac479
000001d14b557739
000001d14b558859
000001d19c2f2099
000001d19c2fb259
000001d1a2dc20f9
000001d1c88cf839
000001d1efe64019
000001d27dcd0e99
000001d2d15ecf59
000001d2d93b0919
000001d2fd793db9
000001d301b7dd79
000001d304bf0ff9
000001d304bf11b9
000001d30a60ed59
000001d31caf1dd9
000001d31eb8a519
000001d333dbe179
000001d35b5d4bf9
000001d3b7ad4dd9
000001d404789cd9
000001d4358b8c19
000001d454720519
000001d455339579
000001d474ebc2b9
000001d48018efb9
000001d4dea50cb9
000001d52140f639
000001d598b29039
000001d5cc263399
000001d5fcddd819
000001d63d659bb9
000001d6489818d9
000001d64fda23d9
000001d6571e4119
000001d66d273739
000001d66d2738b9
000001d67bcb2c19
000001d68b556739
000001d6d432edd9
000001d70eb2ff39
000001d721c9a1b9
000001d74edc1199
000001d783f1d3b9
000001d7fa9c6939
000001d86bec8519
000001d8b57347b9
000001d8b5734959
000001d8e155c9f9
000001d8ede11419
000001d8fb0c04f9
000003b20b60cc61
0000000001f2b571
0000000000000181
000001d95a2c6b59
000001d95dc5f339
000001d95ed95d19
000001d9b74320f9
000001d9f36b60d9
000001da38970db9
000001daba83e499
000001dabdd3e7d9
000001dad8552cd9
000001daebd479b9
000001db0b93ebb9
000001db0b944439
000001dbc7438399
000001dbe0e2d4b9
000001dbe73ee6f9
000001dc235db239
000001dc2ebf98b9
000001dc5d5a2619
000001dc75717b79
000001dc82c76759
000001dccaffdb99
000001dccb88aef9
000001dcdc9c0a99
000001dcdf2be9d9
000001dcdf2bfbb9
000001dcedd21bb9
000001dd12992ab9
000001dd7a4b26d9
000001dd7f95dd79
000001ddad76ee79
000001ddd92db259
000001de23d0b599
000001def85f77d9
000001def85f9359
000001df018ccc79
000001df40d711f9
000001df78c73f59
000001df8fb94559
000001dfbb1b3039
000001dfbb1b3dd9
000001dfbb1b5f19
000001e0062a2539
000001e0062a4e79
000001e0519ffa39
000001e057018359
000001e063ff8399
000001e0e64cd819
000001e143b2fbb9
000001e14724ab59
000001e183b80b39
000001e19f7472b9
000001e1b6a586b9
000001e1e1d0b479
000001e1fe171b19
000001e206fbe659
000003c4abcb7161
0000000001f2b571
0000000000000181
000001e27a4389f9
000001e2829186f9
000001e2829188d9
000001e282918e59
000001e28291cd79
000001e282922359
000001e2b2a99c39
000001e2c50f3ab9
000001e2c50fb0d9
000001e2da0b3c19
000001e2e7c40ff9
000001e2e7c421f9
000001e2e7c434f9
000001e2eb4303b9
000001e2eb431b19
000001e32329dfb9
000001e3ee9e7a19
000001e441451e19
000001e47be5fcd9
000001e4a56bdb39
000001e4b33e2c79
000001e4b33e2e79
000001e54313cc39
000001e584b23759
000001e609fdeb39
000001e611153a59
000001e6282a8259
000001e648d599f9
000001e6663bdf59
000001e67c8c6299
000001e6db6c85d9
000001e70f3118d9
000001e7284a34d9
000001e7284a3699
000001e78c004699
000001e791b48eb9
000001e7df59a659
000001e80e86c9b9
000001e84bfa16d9
000001e86b660639
000001e88cfeba79
000001e8974527f9
000001e8b4ee3e99
000001e8e3673c79
000001e90a53df59
000001e93d62ecb9
000001e9569fac59
000001e9876e5cb9
000001e9876e7399
000001e9876e7af9
000001e9876e8839
000001e9b71b9eb9
000001e9b71ba079
000001ea58705599
000001ea74b69559
000001ea806e29f9
000001eaab43a239
000001eabbe2aff9
000001eae0bd5499
000001eb032a2a99
000001eb42d80d59
000001eb70b0c819
000001eba055b899
000003d74c361661
0000000001f2b571
0000000000000181
000001ebb34b1df9
000001ec0ff5ead9
000001ec23824e59
000001ec24d2c299
000001ec48313839
000001ec7fcb78f9
000001ec7fcb9659
000001ec89d33479
000001ecd112a799
000001ecda13fd19
000001ed00476999
000001ed15138d19
000001ed91d5bc19
000001ee0e2bec19
000001ee1c2f03d9
000001ee404618d9
000001ee4aaa1859
000001ee4b2c2b99
000001ee9b19b799
000001eecb2ff159
000001ef77eccb59
000001ef86d4e6d9
000001f07cd97f59
000001f0b0b53d59
000001f0f1dd9719
000001f161193699
000001f18f89dcb9
000001f19145d759
000001f1a0eb6b19
000001f1ab3a7779
000001f1f8189dd9
000001f200df5799
000001f22519a1f9
000001f229953839
000001f24e4dbf59
000001f283d5d679
000001f28ab59bd9
000001f322f21139
000001f33be69e39
000001f356ffedf9
000001f37a3459f9
000001f3c46b8db9
000001f3c46be579
000001f3fe27b2d9
000001f492122999
000001f49d673239
000001f4ef8eead9
000001f4ef8f0ad9
000001f4ef8f13d9
000003e9eca0ba61
0000000001f2b571
0000000000000181
000001f53af47e19
000001f588230bb9
000001f58c01f839
000001f58c0209b9
000001f5c36d1a19
000001f5c6783659
000001f67314a6f9
000001f6ac4325d9
000001f6f1912079
000001f6f9416079
000001f7955640d9
000001f7b7952f99
000001f802803679
000001f82adf9539
000001f82adfb199
000001f8398fb499
000001f853760ab9
000001f853762899
000001f876ea3779
000001f88acc6d59
000001f8987ce5d9
000001f8c8f83179
000001f90cd73299
000001f93d8393f9
000001f99f5a82d9
000001fa0c49bab9
000001fa5eff8719
000001faa4a2dd79
000001faa827d2b9
000001faaccb1359
000001faf78b78d9
000001faf78b8939
000001fb064e0f99
000001fb17bffc39
000001fb327da7f9
000001fb382dd999
000001fb7f11fa19
000001fc3a12ab39
000001fc43899299
000001fc46a53a39
000001fc506a92b9
000001fc7fd0b6f9
000001fc89f22c59
000001fcc5f6c9f9
000001fcc5f6cbd9
000001fcdff7ae39
000001fce9747a99
000001fd309f2579
000001fd309f3ef9
000001fd478d0999
000001fdd89a2979
000001fddab3b6f9
000001fe10ea54b9
000001fe22439bb9
000003fc8d0b5f61
0000000001f2b571
0000000000000181
000001fe512ff0f9
000001fe54d89a79
000001fe7618d299
000001fec4a6d599
000001ff45ece259
000001ff4deb0199
000001ff74dcc6f9
000001ff74dcf1f9
000002000d733f79
000002001a9c9d79
000002001a9cd0f9
00000200e4b0e1f9
000002010de7e719
000002016c4cd099
00000201ba2d59f9
00000201baa1b3d9
00000201e125ba99
00000201ea5f38b9
00000201fcecc4f9
0000020223431839
0000020223432c99
0000020223434099
00000202639a3639
0000020278ddb1b9
00000202f3c848f9
00000202f3c851f9
00000202f3c8da79
0000020348c33399
0000020371a67cd9
000002039cd84579
000002039cd86119
00000203ed959299
00000203eede6a59
00000204aa1a08f9
00000204c67e6819
00000204cb776d39
00000204fbb81ef9
00000204fbc6c279
000002052fa52bb9
000002054c0502d9
000002056d02f259
0000020582b66399
00000205941e2739
000002059839ae19
000002059a890b99
00000205f7c0c939
00000205f7c0e4d9
000002061eaea6f9
0000020649bf7419
000002064cc67539
0000020658d10e79
000002065dacc799
000002068f3652d9
000002068f3668b9
0000020690671e39
00000206906730d9
000002069f359bf9
00000206e3c034b9
00000206f938fcd9
0000020756a8eab9
000002076dbb9119
0000040f2d760361
0000000001f2b571
0000000000000181
000002082e658f39
000002088e8454b9
00000208b50bf9b9
00000208bd21c2f9
00000208e471e919
00000208ed52f8b9
0000020931d8b539
000002095ef6bad9
00000209f6450c19
00000209f9f9c6f9
0000020a0055adf9
0000020a7e06a0f9
0000020aa7ceac39
0000020ab241e7b9
0000020ae176bc19
0000020ae198e739
0000020bae8bc3f9
0000020c4ed5c8f9
0000020c80538679
0000020c89b5a219
0000020d1d0d1279
0000020d64113ff9
0000020d85b205f9
0000020e4318db39
0000020e4318ec79
0000020e4318f0b9
0000020ec3071af9
0000020ef3572479
0000020ef3573ad9
0000020f7db50379
0000020f89487459
0000020fd84931f9
000002100e9cf999
000002100e9eecf9
0000021017d86339
000002102a7a99d9
000002105f105c99
0000021095601dd9
00000210aff693b9
00000210b4ac0119
00000210def6f0d9
00000421cde0a861
0000000001f2b571
0000000000000181
00000210f0733339
000002110c6a57f9
000002110c6a5999
000002110e443c79
0000021135f5a039
0000021135f5de59
00000211586cc979
0000021187c8bf59
00000211914631b9
000002119d5d53f9
00000211a30b11d9
00000211c97429b9
00000211f589def9
00000211f5bfdef9
00000211f5c030d9
000002128c80fdf9
00000212a7292e19
00000212cff04399
0000021315996339
000002133ae4fa79
000002133ae51ab9
0000021343293f19
00000213650b9759
0000021390f809f9
00000213b529aa19
0000021493b1b279
000002149d8de839
00000214bb407c79
00000214fd3cee79
0000021523555699
0000021525514ab9
000002156349e639
00000215658d0699
00000215774a2799
000002158a2d07d9
00000215a3290d59
00000215a3292019
00000215a3293119
00000215a7814319
00000215c83db339
00000215e3e88039
00000216b488e199
00000216bd6e5119
00000216c714deb9
00000216f6df8fb9
0000021700fc9039
000002171814d579
000002171814e839
000002171814e8d9
0000021751ae5cb9
0000021751ae7359
00000217610f9579
000002176202c699
00000217a5ef3cf9
00000217b446b519
000002182077e299
00000218318d3619
000002184cc1e839
00000218719740b9
00000218b02bd399
00000218b68cffd9
00000218ee2be419
000002197a00bff9
000002197a00c759
000002197a011899
00000219c9c44a59
00000219ca3eb6d9
00000219d49619f9
00000219d49f2079
00000219d49f3759
000004346e4b4d61
0000000001f2b571
0000000000000181
0000021a7b4bd7b9
0000021a82c1ddd9
0000021ab6f3b2d9
0000021adfbdd0b9
0000021adfbdded9
0000021b187a5ff9
0000021b419d1a39
0000021b419d3d19
0000021b50640b59
0000021b68910339
0000021b7fa394f9
0000021bd0d67419
0000021be15edc99
0000021c0933b919
0000021c26cf8d99
0000021c6e81c979
0000021c80e3f5b9
0000021cb68f2df9
0000021d02766319
0000021d8d3f5139
0000021d9503f2f9
0000021d9503f4b9
0000021da178d839
0000021da178ec59
0000021dbbe957f9
0000021dd8ec08f9
0000021de1575899
0000021de83fe879
0000021e05fd2119
0000021e316a55f9
0000021e35c4ed99
0000021e3802d539
0000021e4955aef9
0000021e883d6d99
0000021e890a49f9
0000021e890a5d79
0000021e8bbd8599
0000021eef899bb9
0000021f01a376d9
0000021f01a385b9
0000021f065cb4b9
0000021f6a6ce4b9
0000021f6ba254d9
0000021f8418ad99
0000021fd8596b99
0000022004500899
000002205a6bd0d9
000002206384caf9
000002206a23ed19
00000220a8a02cf9
00000220ded54bb9
00000220ded54c99
00000220e8e54cd9
00000220e8e54e79
00000220e8e55019
000002214f162779
000002216cc9ecf9
00000221d9cb7219
0000022229f9ad99
000002223b9365f9
000002223b936799
000002227253d939
00000222b212c459
00000222b212d5b9
000002235cf2e639
000002237d99f299
000004470eb5f161
0000000001f2b571
0000000000000181
00000223a9a6e319
00000223c0478059
00000223da6c8359
00000224296ada19
000002243a779f99
000002243bcaa279
000002244a58c3b9
00000224721f8bf9
00000224721fd399
00000224721fe099
00000225a9886039
00000225c5ab5f79
00000225d08a2159
00000225f30dfab9
000002260491a079
00000226722c2639
00000226969295b9
00000226c47c8bb9
00000227734a2699
000002278167dd39
0000022788a2e679
00000227b63da659
00000227df6523b9
0000022808970399
0000022881048d99
0000022890076b19
00000228aaeb3b99
00000228ea201639
00000228f1e6f439
00000228f1eaaa59
00000228ff0ffcd9
000002293ccfb379
00000229793ced79
00000229c2a5c099
0000022a43ad6199
0000022a45f595b9
0000022a75efbed9
0000022a9bcf89b9
0000022afb3491b9
0000022b33b63e99
0000022b4cee6619
0000022b8db51019
0000022bc3a18cb9
0000022cb2e67d99
0000022cd30f1659
00000459af209661
0000000001f2b571
0000000000000181
0000022ce54914b9
0000022cffdbbf39
0000022d28eb7b19
0000022d291e5319
0000022d7256ba79
0000022d7de7ccf9
0000022e22010579
0000022e527d3339
0000022e7b60b5b9
0000022ea3b85dd9
0000022f4d438239
0000022f4e29a1b9
0000022f9d0b04f9
0000022faf9216d9
0000022fb6ff3879
0000022fe70119d9
0000022ff3de4779
0000023086352999
00000230d45c43f9
00000231384d7f59
0000023142df4d79
000002314cca0f99
000002314f38e599
000002314f38f5b9
0000023199971ad9
00000231a96b9579
00000231d41835b9
00000231dbdf2f79
000002327fa175d9
0000023285767ad9
0000023292f6eab9
0000023292f70079
00000232a6fecff9
00000232aab6fe19
00000232aab70619
00000232cb42a979
00000232cc9af3d9
00000232d90cc8f9
00000232daf56e39
00000232df70cd99
00000232fc206439
00000233024bffd9
000002335d565659
0000023374ec4ed9
000002338e8608f9
000002339182fd59
000002339ac6a659
00000233fc648bd9
0000023410d5f139
00000234124e2d39
000002342b50cc59
0000023481b2abb9
00000234a37b2bd9
00000234c52f5039
00000234db675039
0000023530755eb9
0000023530756eb9
000002353565ac99
0000023569adf239
00000235730afab9
000002359a6963d9
00000235a8b13019
00000235aadfe419
0000046c4f8b3a61
0000000001f2b571
0000000000000181
000002365dc2e719
0000023667ed7d79
0000023667ee1f79
000002368bc4d959
00000237199f5459
00000237199f54d9
00000237199f5bb9
00000237199f6479
00000237199fe8b9
00000237525ca079
0000023763c55cd9
00000237f7b6d239
0000023862498d59
0000023877ff5819
00000238f555b1b9
00000239bd6c3499
0000023a1adee0f9
0000023a446079b9
0000023a54239379
0000023a7179e8d9
0000023a83f5c879
0000023a963576b9
0000023a9635cc59
0000023ae046b999
0000023af6c11f99
0000023b0a1579b9
0000023b29389539
0000023b5b734fd9
0000023b5f6bbcf9
0000023b5f6bd619
0000023b7aab7399
0000023c06456df9
0000023c316a7839
0000023c316a9b59
0000023c316aa439
0000023cd2f80d99
0000023cd7f095b9
0000023d90977e59
0000023d9c7408d9
0000023d9c741059
0000023de1c12eb9
0000023de71c52d9
0000023de71c6599
0000023e0b153199
0000023e0b153339
0000023e0b157e59
0000023e531abb19
0000023e531abc99
0000023e73a21199
0000023e76944419
0000023e89146319
0000023eff1d8a19
0000047eeff5df61
0000000001f2b571
0000000000000181
0000023fb6bb8f59
0000023fb6bb9f79
0000023fd0a9c539
0000024020f57259
0000024052fedb39
0000024062390239
0000024062391479
00000240813e21d9
00000240813e4dd9
000002408d5a26d9
000002408ef0fd59
000002408ef11839
000002413f9e6259
000002417f3dddd9
000002417f3def59
00000241810fc199
000002419eecdb79
00000241a7a494b9
00000241f38e5db9
00000242144a8f79
000002426c6f9b19
00000242ab6566b9
000002431d1e83f9
000002431d1e96d9
000002435789fab9
00000243a6232f99
00000243e9593ff9
0000024424a047b9
000002444f784bb9
0000024458cd6fb9
00000244a11222b9
00000244d81a3679
00000245219498f9
00000245aac663f9
00000245b4ec8d59
00000245c5074cb9
00000245ed1692b9
0000024616fec839
00000246f53e2419
00000246f53e3499
000002472712fc79
00000247403fb119
000002474b4255d9
00000247ac484a19
000002481b3f4b19
0000024822c63919
000002484c0b5419
000002484db96799
0000049190608361
0000000001f2b571
0000000000000181
00000248fb862ed9
0000024902c22919
000002491a59c2b9
000002497840be19
00000249b5c699d9
00000249d7357ab9
0000024a08eb7539
0000024a2642bdb9
0000024aa0a94cf9
0000024ad98dd939
0000024ad98def59
0000024b98da4d99
0000024c08fe4bb9
0000024c08fe9a59
0000024c29efbaf9
0000024c33afe819
0000024c3b7a5519
0000024c64c357d9
0000024c717afbd9
0000024c9c428919
0000024cb055d1b9
0000024cb3b83cd9
0000024cc7474fb9
0000024ccae173f9
0000024ccfac7c79
0000024d11cc6c79
0000024d25e40fb9
0000024d2bfc5659
0000024d3c466659
0000024d3fab3799
0000024d91509e19
0000024d91fb0499
0000024d92e20c59
0000024dd502d3b9
0000024dd502dc59
0000024e2e861c19
0000024e2e862f99
0000024e34261899
0000024e37b32039
0000024e4618b0b9
0000024e90b7aaf9
0000024ed11f12d9
0000024ed8040c19
0000024f3d54a0b9
0000024f47f2d859
0000024f4e6937f9
0000024fbf0f8539
000002509354b999
00000250a90cbe99
00000250c04a8b19
00000250c04a96f9
00000250c04aa7f9
00000251065634f9
0000025167e6feb9
00000251ca432639
00000251ce5b8659
00000251e72c8079
0000025211ac5999
0000025215f5f439
0000025215f60899
000004a430cb2861
0000000001f2b571
0000000000000181
00000252c69408d9
00000252c9ba6899
00000252d47bb799
0000025337a59139
000002536abcf9f9
00000253a77ecc19
0000025419cbb019
0000025419cbb259
0000025496601b59
00000254ca1be879
00000254d6dae9f9
00000254fcc0d499
0000025520743b19
000002555baa5519
000002557dcd0af9
00000255a4f6e4f9
00000255a7f89939
00000255b13b84d9
00000255d4d07e39
00000255d4d07fd9
00000255d4d10239
00000255d4d19d99
0000025624fab019
0000025717a4dbf9
0000025717a4f9d9
0000025717a50a39
00000257c65ef179
00000257d02e15b9
00000257d40f1599
00000257d799e779
00000257dc5afcd9
000002586b44fd39
000002588c099699
000002588c09a999
000002591d10e559
00000259344d4159
00000259422f2b59
0000025980a9fdf9
00000259b030e859
00000259bd653db9
00000259bd653e39
00000259bd653fb9
00000259ed1c0b79
0000025a1bee46d9
0000025a2606a479
0000025a5d4681b9
0000025a5f279319
0000025a6e19deb9
0000025a9daca619
0000025abd991599
0000025ad6c0cc99
0000025b1b5f2799
000004b6d135cc61
0000000001f2b571
0000000000000181
0000025b6fbf0559
0000025b8178b3d9
0000025b8d111a79
0000025b8ddb4279
0000025bd7163b39
0000025bd786e659
0000025bd7870c19
0000025bd7871e79
0000025bdb8d6fb9
0000025be8402839
0000025c626827b9
0000025c7ecbbad9
0000025c9cd7e279
0000025d05e0e899
0000025d05e0ea39
0000025d09711f59
0000025d0efc6f59
0000025dd725ebd9
0000025f8a3afdb9
0000025f9e6b9999
0000025fa49bf9d9
0000025fc8979519
0000025fd2d580f9
0000026037c0bfb9
000002605effac79
00000260c7fb1b59
00000260ed21a059
0000026129ad2c59
00000261b9fab0b9
00000261b9fac8d9
00000261e2635519
00000261e26362f9
000002620ab36b59
000002620ab36d19
000002621a061819
000002622eb53b99
000002622eb54af9
00000262adbf7479
00000262cd929d39
00000262cd92b5b9
00000262cd92bd19
00000262e0554959
0000026312c54cf9
0000026375b63bd9
0000026398690219
0000026398691e59
0000026398692c99
00000264a0c9dbb9
000004c971a07161
0000000001f2b571
0000000000000181
00000264c3bacd79
00000264f2b09439
0000026536765f39
00000265709f48b9
0000026588704cf9
000002658bbab079
000002658bbaec99
000002659fec6659
00000265a8cf19f9
00000265e1e6b8f9
0000026651028739
0000026660332959
00000266679537d9
00000267061edbd9
0000026739981cd9
000002675daea3f9
0000026779969119
000002678fc91a39
00000267a6051d99
00000267b07339d9
00000267bc273399
00000267bce0ac59
00000267c210d199
00000267c210e079
00000267c210e5d9
00000267eda7b3f9
00000267f55216d9
0000026827c7c139
0000026850370559
0000026853fa8719
000002687e9f0739
000002688cd14999
00000268fc64e199
000002693dd3b0b9
0000026994fcf759
00000269a138f0b9
00000269d4d85099
00000269e99369b9
00000269f57c6819
00000269f9bed819
0000026a0808f179
0000026a209dac19
0000026a26da5179
0000026a26da67b9
0000026a4f40a479
0000026a9ae52df9
0000026ab113b119
0000026ab5a5e7f9
0000026ab5a63e79
0000026ac0235e39
0000026af603b979
0000026af603cc99
0000026b0e821579
0000026b3a77f759
0000026b3f286e79
0000026b4c864d59
0000026b7b096b19
0000026bc2216f59
0000026c0210e819
0000026c0210fa79
0000026c2c1b4619
0000026c2c1b47d9
0000026c2c1b5c79
0000026c30099739
0000026c4ffc06f9
0000026c5a504939
0000026cb7f51b59
0000026cd3395619
0000026cfbe3b319
0000026d182e8819
0000026d1e6bb5d9
0000026d4587c5f9
0000026d8e966379
0000026de3135cb9
0000026e0157cfb9
000004dc120b1561
0000000001f2b571
0000000000000181
0000026e2bd25c79
0000026e74176259
0000026eedfa2199
0000026eedfa28f9
0000026f00ef57d9
0000026f00ef6a99
0000026f4a45ad39
0000026f5bfd9919
0000026f5d706bd9
0000026f8e169999
0000026ff7a7a759
0000026ffbc6db79
000002703a8dbb99
0000027060a96159
000002707c38f539
00000270e55a25f9
00000270fd46b5f9
00000270fd46b839
000002710f5ac359
0000027133386779
0000027142086d59
0000027180ac2899
000002719196e479
00000271a20f1019
00000271f4696899
00000271fe1dcb39
00000272a77e3a39
00000272b5668d79
00000272de492e79
00000272de4930b9
00000272de4935d9
0000027325bcd9b9
000002733bbffed9
000002733eef05d9
000002738a978a59
000002738db7bf39
0000027394328499
00000273ddbbb139
0000027453c6df39
00000274d07d58b9
000002750139c159
000002750139d639
0000027517bd3e39
0000027527452599
00000275395b0699
000002755e5d9139
00000275aa815b99
00000275ef64e2d9
000002762eac6b59
000002767ba70959
00000276abc0e019
00000276b7923739
00000276b9620cb9
00000276d8917e79
00000276d8918f39
00000276d9495639
00000276d9495859
00000276d949ac19
00000276ee5a8619
00000276fb174b99
000002770510ac79
000002774f7d35f9
000004eeb275ba61
0000000001f2b571
0000000000000181
000002775d8cbc79
0000027780ee5d19
0000027782b37159
00000277c5f01819
00000277c5f028d9
00000277ce58fdd9
00000277d79602f9
00000277e1000ef9
00000277ec1be519
00000277ed150039
0000027847b96ef9
0000027847b96f79
0000027847b96fb9
0000027847b97659
00000278a0917c59
00000278a72fe5b9
00000278ddedd3d9
00000278efef49d9
00000278fb925879
00000278fdd67bd9
0000027919e766b9
0000027940066e59
000002799e518819
000002799e519ad9
000002799e519db9
000002799e51b979
00000279db43fdb9
00000279e622f159
00000279ee317c19
0000027a1038ea59
0000027a360690f9
0000027a40fef019
0000027a42629f99
0000027a4262b239
0000027ad54fa9b9
0000027b078f0e59
0000027b078f15b9
0000027b161c1db9
0000027b1b915a19
0000027b1b916c59
0000027b6abd2bb9
0000027b6be84099
0000027b9a43e559
0000027baf5a6f79
0000027bc41ef259
0000027c280882f9
0000027c6db49c99
0000027cbc882f99
0000027cbf30ff39
0000027cf697c319
0000027d027368f9
0000027d0d6a0ad9
0000027d1830d699
0000027d39238ef9
0000027db1b598f9
0000027e21a03e99
0000027e26072679
0000027e260736f9
0000027eb6de44f9
0000027ebd92a459
0000027f623d2af9
0000027fca0da1d9
0000027fcf434579
0000027fcf435a79
0000028029e30e79
0000028029e33d19
000002802f0c7299
0000050152e05e61
0000000001f2b571
0000000000000181
00000280deb41039
00000280e3491f99
00000280e3b63bd9
000002811ffe3259
000002814b70c259
000002814ef06639
000002814ef066b9
000002814ef066f9
000002814ef06d99
000002814ef079d9
00000281dd121759
0000028212b88599
0000028213ca2cb9
00000282442e34b9
000002824dd36479
000002825718ea79
00000282bcc1b7f9
00000282bcc1be79
00000282ecb1e3b9
00000282ecb1f3d9
00000282ecb20699
000002830a322019
000002830a323399
000002832fb4cf19
00000283351c1179
00000283452fbad9
0000028385db7959
00000284158375b9
0000028420d08cd9
0000028420d11e99
000002846adcaf79
0000028539569e99
0000028573d20c99
00000285b1f16819
00000285c924b199
00000285e1e1e1b9
000002867c013519
00000286cbeabe39
00000286cd3ff219
00000286f34c31d9
00000286fddada79
00000286fddae1d9
00000286fddaea79
00000286fe84db99
000002871e5db0d9
000002874ca17df9
00000287599cebf9
00000287928f3c39
0000028796250359
00000287be5d4e39
00000288319349f9
000002888e72c919
00000288c5e7a059
000002890677a1d9
0000028910b73ab9
0000028918b42779
0000028946bf6619
000002895ab38259
000002895ab39539
000002895ab3e7b9
00000289d6d58f99
00000513f34b0361
0000000001f2b571
0000000000000181
0000028a1f23c0f9
0000028a6f4e22f9
0000028a8de9f619
0000028a9db63e59
0000028b8deb71b9
0000028bb3ee9219
0000028bd79df7f9
0000028c09b22c39
0000028cb791d039
0000028ccdfc63b9
0000028d152e9399
0000028d1d495979
0000028d33edb339
0000028d5cb87e39
0000028d944c96b9
0000028d9badfe19
0000028da6723d39
0000028e64e212b9
0000028ea051c1b9
0000028ebdcbb919
0000028ebe2b0139
0000028ef79cf2d9
0000028ef79d0979
0000028f1f91df39
0000028f21055159
0000028f2bb83659
0000028f559a8e59
0000028f5c68bfb9
0000028f5cdb3139
0000028f830646b9
0000028f83065979
000002907e21c199
00000290b3287cd9
00000290b3288339
00000290b6d3a019
00000290b6d3a0b9
00000290b6d3a779
00000290ecf84459
000002910a15ab79
00000291a93ea619
000002921806ae19
000002921806bfb9
000002921806c159
0000029222b79c79
000002926bd92299
000002927b4d1a59
000002928437f959
00000292ef87ef99
0000052693b5a761
0000000001f2b571
0000000000000181
0000029366bcbdb9
000002938fa86799
0000029394c9e0f9
00000293a36699d9
00000293a5be13f9
00000293aa336b99
00000293bc7ae059
00000293bc7ae239
00000293efb777d9
000002940caab2f9
000002940f0b9a39
0000029479719839
0000029481453bb9
00000294a0447a39
0000029549b1b1d9
00000295de5d55b9
00000295f4c36059
00000296284123f9
0000029628414359
00000296316112b9
00000296ca877399
00000296ca8794d9
00000296e9ad3499
000002972b031459
000002972b031bb9
000002976429e5b9
00000297bb81e899
0000029814b6eb99
000002984385a119
000002984a95f8d9
000002984cb23e79
000002984df989d9
0000029861b38279
00000298ac52eb99
00000298d227a2d9
00000299881c89f9
000002999cfb3119
00000299ee32bdf9
0000029a2faf6179
0000029a7b1662b9
0000029a895f75b9
0000029a90ac3739
0000029ab0ff6339
0000029ab2b95919
0000029b23c43099
0000029b3bad9659
0000029b86721a39
0000029b9416dd59
0000029badd1e939
0000029badd1fb79
0000029bae7d4439
0000029bc6a91859
0000029beea39ad9
0000029c112116b9
0000029c26eb9e19
0000029c26ebadf9
0000029c51ca7999
0000029c51ca8d19
0000029c8b16f7b9
0000053934204b61
0000000001f2b571
0000000000000181
0000029c998192f9
0000029cfa36f5d9
0000029d13252d79
0000029d4d3c3779
0000029d5cdf8839
0000029d5db8e379
0000029dbacebe19
0000029de1165f59
0000029de278aab9
0000029df7551c19
0000029e0f010979
0000029e52967359
0000029e8ddebdd9
0000029e9ba27139
0000029f24e17419
0000029f38b413b9
0000029f4b925dd9
0000029f59ea3af9
0000029f64b40219
0000029f9f307ab9
0000029fff8f5e99
000002a013a33a39
000002a02777b519
000002a02eed5a19
000002a03675b839
000002a03675ca59
000002a059f52979
000002a068ac35d9
000002a07a2cda39
000002a091cf25f9
000002a0bc73e3b9
000002a0c5c0d339
000002a0ea988fb9
000002a0fb1b1b79
000002a117329819
000002a15c99d619
000002a1641755f9
000002a16f2f02b9
000002a1d1914699
000002a1f01e2b59
000002a29cdc7eb9
000002a2aae887b9
000002a2afa26339
000002a2e2595ef9
000002a2f27d74b9
000002a342b5cb79
000002a35141efb9
000002a367a14d59
000002a398c7c0b9
000002a39a18c7b9
000002a39a18e599
000002a3edbc0799
000002a3fdd8fe39
000002a44b6f3379
000002a45a7fccf9
000002a477db7e19
000002a4eb2b4979
000002a4f746f7d9
000002a4f9de9139
000002a4f9dea9d9
000002a521211e39
000002a52e6fe879
000002a56577f439
000002a56e9a7999
000002a589c63c79
000002a5bd5e9219
000002a5df62e1b9
000002a5dfaf47b9
0000054bd48af061
0000000001f2b571
0000000000000181
000002a60ef860b9
000002a6184b4039
000002a63b174f19
000002a66dc5b5b9
000002a6c1342919
000002a6ca541f39
000002a6f8087b79
000002a6f8088379
000002a72849a459
000002a7388e0d39
000002a775805339
000002a78dcb9959
000002a7bd3f0d99
000002a7e1928c39
000002a7e3701f59
000002a827b5ec59
000002a827b600b9
000002a87983cd99
000002a893064139
000002a990459c19
000002a992b2d6f9
000002a992b34179
000002a99e0b7c99
000002a9aeab7239
000002a9aeab82f9
000002a9aeab8639
000002a9aeab94f9
000002a9e84576f9
000002aa2bce1419
000002aa3adbe179
000002aa3b185bb9
000002aa5a3f92f9
000002aa7d965d19
000002aaa687bfb9
000002aaccd6d579
000002aadc42fe79
000002ab7e8964d9
000002ab93d518f9
000002abac8c5519
000002ac310a6df9
000002ac73e2ef19
000002acb2cb8ab9
000002ad0babaaf9
000002ad395e0579
000002ad395e1119
000002ad9a89d979
000002addd9c5159
000002addd9c6419
000002adf70ff639
000002ae2a952979
000002ae3a861419
000002ae58d65c39
000002ae9362c2d9
000002aebbe53cf9
000002aebd204139
0000055e74f59461
0000000001f2b571
0000000000000181
000002af886e8839
000002afba775099
000002afc7410439
000002afccc7f179
000002b03db620b9
000002b03e8ae239
000002b03ee07f59
000002b06a441f99
000002b0ce96b059
000002b0f02de259
000002b1008bf9d9
000002b129e36b99
000002b1306edaf9
000002b130c0eb19
000002b141a25c39
000002b15b6a68d9
000002b16dea9ad9
000002b1d56f8a59
000002b21dc1b679
000002b223c4b3f9
000002b22979ea39
000002b2556e4619
000002b32a328599
000002b32a329779
000002b32ccd4d79
000002b35118a019
000002b3d3aaaab9
000002b3d3aab219
000002b41f3dba79
000002b41f3dceb9
000002b470a5b439
000002b4e50e8879
000002b53b33bfd9
000002b559d7ea59
000002b559d7f219
000002b564299f19
000002b56429d3f9
000002b56e612ff9
000002b576ac4919
000002b576ac5899
000002b576ac5e99
000002b576acd779
000002b580b672f9
000002b582659c19
000002b5a674ad39
000002b63ae504b9
000002b63b0bb2b9
000002b63b694959
000002b64e4d6e39
000002b68113e559
000002b6bc9e8d19
000002b6bc9ea2f9
000002b6f8a3ebd9
000002b71077b379
000002b77a059059
000002b7b555b0f9
000002b7c15c7459
000002b7dbcda7f9
000002b7dbcdb979
000002b7e88e1739
000002b7e88e2c99
000002b812198819
000002b819b548b9
000002b82892a2f9
000002b82af67ad9
000002b84b46e519
000002b86afc6579
000002b86b3c1979
0000057115603861
0000000001f2b571
0000000000000181
000002b901ba7d59
000002b908cdf5d9
000002b908ce0e39
000002b9104a3d79
000002b9104a4e19
000002b918b4ca39
000002b931426dd9
000002b97d4f8b79
000002b9a5660559
000002b9a7555199
000002b9afc0bb19
000002b9afc11b39
000002b9b4b0cc39
000002b9b4b0ce19
000002b9b4b141d9
000002b9d4ea7099
000002ba08258df9
000002ba5eee4119
000002ba5eee50b9
000002ba5eee5139
000002ba5eee53b9
000002ba5eee63b9
000002bb607efa59
000002bb607f0ff9
000002bb6e089419
000002bb80db3619
000002bba4cdc159
000002bba4cdd2b9
000002bbaad2afd9
000002bbc233c599
000002bbd1333eb9
000002bbf8aa94d9
000002bc1102be59
000002bcd10351d9
000002bd5e961919
000002bec1bffcb9
000002bf1db6a379
000002bf3b403b19
000002bf5d105779
000002bf6079a279
000002bf60c7e659
000002bff0e649f9
000002c010e5d779
000002c0a321a119
000002c0c205f599
000002c0c2064039
000002c13b581e59
000002c1d5a11b19
00000583b5cadd61
0000000001f2b571
0000000000000181
000002c231e70299
000002c272a74f99
000002c28c732d19
000002c29c4a6f59
000002c29f3b7339
000002c2ad59ed39
000002c2bd6d0b19
000002c2c5899999
000002c2f0f04f39
000002c324e7fe59
000002c3b007d899
000002c3d317b359
000002c3d317be99
000002c3d317f919
000002c3e5f495f9
000002c461876999
000002c4618795d9
000002c46dbdc999
000002c476163c59
000002c48beac759
000002c495ede1d9
000002c4a11209d9
000002c4b0bbbef9
000002c54bdaa959
000002c575f00759
000002c59b1d9679
000002c59b1d9dd9
000002c5bc8bbe79
000002c5be716d99
000002c5fed6d6f9
000002c615925399
000002c6373502d9
000002c65942bf39
000002c68bf39d79
000002c6a9337dd9
000002c6d128a659
000002c6d128bc39
000002c7120f32b9
000002c71c8a6279
000002c76d2282b9
000002c78174f699
000002c781750a19
000002c78a54d139
000002c78e539579
000002c835673739
000002c8472dda79
000002c88338ef79
000002c88e736c99
000002c8caf79899
000002c8d406c319
000002c8d4073199
000002c8f12e3a99
000002c9143e1c79
000002c932f53f39
000002c9589356b9
000002c95954bb99
000002c9609e13f9
000002c9ce98b819
000002c9f96f67d9
000002ca82849e99
000002ca9d3bb619
000002ca9ee2a8d9
000002caa784a779
000002cad5bf97b9
000002cad5bf9d99
000002cad5bf9f39
000002cb096a0239
000002cb1274db79
0000059656358161
0000000001f2b571
0000000000000181
000002cb76520599
000002cb93883f19
000002cbc964cd99
000002cbc964f9f9
000002cbcdc768b9
000002cbd60c0939
000002cc413dbd99
000002cc850bd619
000002cc850bd7d9
000002cc850bdd79
000002cc850c1b99
000002ccea177a19
000002cd2d49ccf9
000002cd3a609b39
000002cd5f45a799
000002cd70f75519
000002cd78999db9
000002cd7899af19
000002cdabb57079
000002ce2585b379
000002ce6e0d0939
000002cebed8db19
000002cf53d231d9
000002cf53d24859
000002cf8fbd7239
000002cf9151eeb9
000002cfdd999eb9
000002d01bcc6b19
000002d03ce8b359
000002d04fe605d9
000002d05bc00959
000002d05bc010d9
000002d05bc01dd9
000002d0bd2b7af9
000002d0d892d859
000002d106e9f639
000002d116b83fb9
000002d12da527b9
000002d180103239
000002d1f99567f9
000002d20bd9dc19
000002d245ea99f9
000002d24ec427f9
000002d25df46e99
000002d262b5e2d9
000002d2695dc1b9
000002d26b8975f9
000002d2bf0fd0d9
000002d329ace8f9
000002d32d78d5d9
000002d3afeae959
000002d3f17b45b9
000002d3fb89d899
000002d404c0d739
000002d41bb21db9
000002d42640e639
000002d4695f9759
000005a8f6a02561
0000000001f2b571
0000000000000181
000002d47bc98a39
000002d4bb4c9699
000002d4bb4c9d99
000002d4e7965279
000002d55e59ec79
000002d579b50c59
000002d599350fb9
000002d5a2d8f8b9
000002d5b12987f9
000002d5b1298999
000002d5bd039639
000002d5d245c919
000002d61f20a079
000002d682359d19
000002d68235f2f9
000002d68235fa59
000002d682360a59
000002d682361439
000002d68670dd19
000002d6b0fe3219
000002d737fb90f9
000002d751e2b899
000002d751e2b919
000002d751e2c019
000002d751e2cbd9
000002d75588cdf9
000002d764a1a539
000002d79fa61ff9
000002d7e7d3b959
000002d831d0be39
000002d8421c3199
000002d8643b0299
000002d878ae7879
000002d88a923399
000002d8d2379039
000002d8dae07979
000002d8db736b59
000002d90ffe3ef9
000002d9210a8299
000002d92ce99879
000002d98cf17b19
000002d9cc6d8a59
000002d9f127a539
000002d9fc9ed579
000002da0c5e6a19
000002da0c5e8379
000002da11ee5199
000002da16406719
000002da1a59bf19
000002da27606e19
000002da8b806b79
000002daacdd7139
000002dac0bcc2f9
000002dac2060079
000002dac5782419
000002dac5782819
000002dac5785b19
000002dadaa51119
000002db005939d9
000002db430dbf99
000002db729bd739
000002db8fc6b219
000002db98dbd499
000002dbb6548cd9
000002dbf1528019
000002dc006d7f59
000002dc2f375719
000002dc729df619
000002dcac7c0079
000002dcf5702399
000002dd538c43b9
000002dd538c4bb9
000002dd538c5299
000002dd72602719
000002ddc97c43f9
000005bb970aca61
0000000001f2b571
0000000000000181
000002dde2156299
000002de26cc2579
000002de8fb43919
000002def3334b59
000002dfabc19139
000002dff1d3ffb9
000002dff1d41119
000002dff1e1d259
000002dff1e1edf9
000002dff472afb9
000002e011d5d459
000002e04e40e1f9
000002e055e2f519
000002e0d0377c59
000002e0d037aad9
000002e0f6a75cf9
000002e0fd046159
000002e100f7f6d9
000002e148bdd1f9
000002e1a08ae679
000002e1b1280ed9
000002e1b1282559
000002e202d352f9
000002e38da2cd59
000002e3931285d9
000002e3d5b293d9
000002e3f19b2979
000002e4093a8999
000002e40a17cad9
000002e4a14889d9
000002e4c1c071d9
000002e4c7197719
000002e4c8a58899
000002e4d430db99
000002e4d4311299
000002e51237d4b9
000002e58566d2f9
000002e5de5c3379
000002e5de5c4619
000002e5f869f199
000002e5f869f359
000002e63747aab9
000002e63a959df9
000002e63b529859
000002e697747959
000002e6c1f28399
000002e6fef3cdf9
000005ce37756e61
0000000001f2b571
0000000000000181
000002e765cf4a39
000002e771d15859
000002e78f8c3819
000002e79bdcb079
000002e7f9ee16d9
000002e832ef8a99
000002e832f01b59
000002e8e681c7f9
000002e911d6ad99
000002e929f006d9
000002e93af41699
000002e9537b67d9
000002e9567065d9
000002e959490659
000002e967c96f19
000002ea1eaedef9
000002ea622075f9
000002ea64832679
000002ea64833619
000002ea65ea0c39
000002ea74a3d1d9
000002eb0790c219
000002eb5ae3c939
000002eb736b9e39
000002eb79910559
000002eb863b16f9
000002ebe40f58d9
000002ebfd445dd9
000002ec184b5a79
000002ec19c79a39
000002ec2a49c4f9
000002ec35ed7e19
000002ec59558ef9
000002ec75ac6cd9
000002ec75ac8339
000002ec7c024739
000002ec7c024f79
000002ec7f344599
000002ec7f344639
000002ec96c104b9
000002ecbb306619
000002ecc8c31dd9
000002ecc8c339d9
000002ecc8c346d9
000002ecceb863d9
000002ecfeba3499
000002ed703fddb9
000002ed9734ca79
000002eda95cfbb9
000002edae559519
000002ee103b8d59
000002ee151fa0d9
000002ee61720a99
000002ee93fafbd9
000002ee966d7239
000002eebea76dd9
000002eebf3f39b9
000002eee868c559
000002eeff125839
000002ef1185a219
000002ef1ae5e0d9
000002ef374ada99
000002ef4f28fe19
000002ef6f947fb9
000002ef81218bd9
000002efb0525b19
000002f0253a4159
000005e0d7e01261
0000000001f2b571
0000000000000181
000002f0899c2179
000002f124c85799
000002f1b2547459
000002f1c1892419
000002f1d2498c99
000002f1dd06d9d9
000002f20641a899
000002f20641b939
000002f24a998e79
000002f25fd23c59
000002f25fd24d99
000002f25fd24e39
000002f25fd24e59
000002f25fd254f9
000002f25fd27539
000002f273c233f9
000002f27d2adad9
000002f352109d59
000002f363916459
000002f3728dd279
000002f427cc2579
000002f42d63be39
000002f42e7dae19
000002f466a7fe59
000002f4921d9499
000002f4d0f78f39
000002f4eaa1d019
000002f50d969479
000002f5113702d9
000002f53a9a81d9
000002f53eb3cb79
000002f5446321f9
000002f55bac8ad9
000002f564129af9
000002f5650a2959
000002f60d098439
000002f60d18bf19
000002f67b441739
000002f6bbf59c79
000002f6c7334459
000002f6edc11cd9
000002f76fb0b5b9
000002f76fb0c939
000002f799278bb9
000002f8206f1559
000002f8206fa1b9
000002f85b58e6f9
000002f8c45139d9
000002f8ef63d539
000002f8ef6432f9
000002f909ee2819
000002f909ee4499
000002f940ad4ab9
000002f947597af9
000002f950b81d19
000005f3784ab761
0000000001f2b571
0000000000000181
000002f9e0cfb539
000002fa8cce7399
000002facac44079
000002facbcd9779
000002fb092b67f9
000002fb18d9b119
000002fb4f64e759
000002fb4f6534d9
000002fb644799b9
000002fb791da719
000002fbbf5bec79
000002fbc3095059
000002fbd43c7f79
000002fc0422f439
000002fc319602b9
000002fc3dab2b19
000002fc5720d6f9
000002fc97a99679
000002fccd78f9f9
000002fcf00746f9
000002fd9bd86779
000002fdc71547f9
000002fdcfe4eb19
000002fdd5f60c99
000002fe59f6b699
000002fe73478f19
000002feaa840cf9
000002feaa842099
000002feb3d93799
000002febf82b679
000002ff55ece1d9
000002ff668611b9
000002ff817d1819
000002ff900e41f9
000002ffe7ee9559
000003004416cb79
000003005b41cf59
000003007212c439
000003007639a219
00000300c0676af9
00000300de347319
0000030164a54519
00000301b8c274d9
00000301e31b74f9
00000301fd010899
000003022f3e5419
000003023218da79
000003027d19f379
0000030290d7d259
0000030295060039
00000302b65cf799
00000302cb2a9e79
0000060618b55b61
0000000001f2b571
0000000000000181
00000303258d1899
000003043a8d02b9
000003043af7f379
000003044050f1b9
00000304859a2519
00000304a4e580f9
00000304a4e59299
00000304e3fa3379
000003050fafda59
000003050fafe8f9
000003050fafe999
000003050fafe9b9
000003050faff059
0000030515e33479
000003051f038bf9
000003053b7a9dd9
000003055196a0f9
0000030581269a99
0000030585ca37d9
00000305a19a0359
00000305d783ba79
00000305d783bc39
00000305dd214199
000003060c02dfb9
000003068b44cc79
00000306da437939
0000030703285359
000003070f9ef919
00000307185b67f9
000003071d12df39
000003077b4960d9
000003077fde1ab9
0000030799e734f9
00000307ff8c8b99
000003081e4c2cb9
000003088aecba59
0000030891b32219
00000308aa17c859
00000308bf8ca059
00000308db46de59
000003093bb0ea99
000003094bd8f219
00000309e11f9d19
0000030a5d480bb9
0000030a8755a439
0000030a87562cd9
0000030aa88dac59
0000030ad6e72879
0000030af931d399
0000030aff96ec59
0000030b885a06b9
0000030b885a0879
0000030b9fcd2d79
00000618b91fff61
0000000001f2b571
0000000000000181
0000030ca4fa77f9
0000030cc12a3399
0000030cc615d5b9
0000030cde0a9f59
0000030d366d6979
0000030d4c50d559
0000030d5907bab9
0000030d922eebd9
0000030de22c8d19
0000030de59c92d9
0000030de59c9459
0000030e018fb659
0000030e115004d9
0000030e836e7219
0000030e836e7959
0000030ea9693f19
0000030f4cb6d539
0000030f86c16c19
0000030f9e7dda99
0000030fb0c617f9
0000030fceebefd9
0000030fd53b3919
0000031031211c59
0000031038f1d259
0000031038f20119
000003105b3c71d9
000003105b45d799
0000031156eda3f9
0000031184f66939
00000311c0145c99
00000311c7d19a39
00000311e32d0f19
00000311fb25c0d9
00000311fb25d539
00000311ff17dbb9
000003120d58a899
00000312240683b9
00000312425858d9
0000031274e504f9
0000031274e51679
0000031305f2cab9
00000313150a7bf9
000003132dab1359
00000313482c6339
000003134badcfd9
000003136fb6b639
000003136fb721b9
000003137adfca79
000003138352f979
00000313835300d9
00000313f1c67df9
00000313f1c68559
00000313f1c6f4b9
00000314aa4f3299
0000031507ef3079
00000315194a7579
00000315251329d9
0000031527378979
0000031527379a39
000003153af1f7b9
000003153d49d499
0000031589953db9
0000062b598aa361
0000000001f2b571
0000000000000181
000003169ae5f3d9
000003169ae60799
00000316c9e978f9
00000316fcb45d19
000003171e08ab99
000003172245bcd9
00000317b2f39d99
00000317b97298d9
00000317cbc8e259
0000031807ef0259
000003182b5e11f9
000003183af75e39
00000318b35eed79
00000318b35ef899
00000318b35efe99
00000318fe467d39
000003193c9d69d9
000003197a7ce219
00000319bf9a5999
00000319d4e67fd9
00000319f7072cd9
00000319faf9b919
0000031b764a2279
0000031b764a29d9
0000031b88384e79
0000031bb48722d9
0000031c69c3cd59
0000031ca0efc399
0000031ca0efd639
0000031d5130b0f9
0000031d6dbf08f9
0000031d94908ad9
0000031d9490a139
0000031d9490a879
0000031d9490b459
0000031d9f3abfb9
0000031dc1ba6499
0000031de4fbf1b9
0000031e0d264fd9
0000031eb8a61739
0000031ed0d3f619
0000031ed272faf9
0000031ef827b9d9
0000063df9f54761
0000000001f2b571
0000000000000181
0000031f06e8c219
0000031f16f53c59
0000031f207592d9
0000031f34c60579
0000031f5c8e2999
0000031f67f3fe79
0000031fa2f26919
0000031fafe637b9
0000031fdbd80499
0000031fe555a579
0000031fecac85f9
0000031ff34c1599
0000031ff34c25d9
0000032033c09419
00000320539fdff9
000003205b836f39
000003205b839e79
000003206898f319
00000320775f4179
00000320e6b6c979
00000320e8061299
000003212571c919
000003215a45d1f9
00000321935cf5b9
00000321b7937d79
00000321bd7c18f9
00000321bd7c28f9
00000321d19c9959
000003221d1825b9
0000032233eb7bf9
000003229947b9d9
000003229947bbd9
0000032299c1b3b9
000003234562cc79
00000323730a2999
00000323730a43d9
00000323730a4699
0000032374cb7479
00000323a9171279
00000323cacf3379
00000323d33b4ef9
00000323d3667d99
00000323e6cd6939
00000324145ae1f9
000003243bf0ccb9
000003243fef1ed9
00000324555cc639
00000324742a5cf9
00000324a10d56f9
00000324a6a25159
00000324bdce8979
00000325397e9659
00000325b431eeb9
00000325b431f7b9
00000325b4320719
00000325b43221b9
00000325d54c1219
00000325d8454cb9
000003264f2e31d9
0000032683bbf7b9
000003268c1618d9
00000326fee6f399
00000327042d8f99
00000327042da519
00000327042dacb9
0000032747e6af39
00000327a7e4f6f9
00000328152e8119
000003282eb27679
000006509a5fec61
0000000001f2b571
0000000000000181
0000032851fea2f9
0000032851fea4d9
0000032882a544d9
000003289b3fc459
00000328b85a6c39
0000032915a7fb19
00000329269ea5f9
00000329269edef9
00000329303e1ef9
0000032937291b59
00000329a119a759
00000329b32ee059
00000329b32ee1b9
00000329d8da6a39
0000032a260616b9
0000032a3dc55bf9
0000032a585c95f9
0000032a627b0519
0000032ab3109899
0000032abbd207f9
0000032af75b3259
0000032b32f5b079
0000032b3ca7cc99
0000032b6c7b3cf9
0000032b823a4f39
0000032ba13875d9
0000032ba9d94ab9
0000032bca38a3d9
0000032be1454a59
0000032c219d8bd9
0000032c44b7a199
0000032cd69ed819
0000032d22902fb9
0000032d4e035039
0000032da7e09139
0000032dde4764d9
0000032dde6ba9d9
0000032e3a3b0c19
0000032e634f0f19
0000032e66c787f9
0000032eff55b459
0000032eff561759
0000032f0894a219
0000032f0894a3f9
0000032f21a64599
0000032f2d3a26f9
0000032f4a1548f9
0000032f687663f9
0000032f7f302039
0000032fa4a5e8f9
0000032fcd46d579
0000032fdb6968d9
0000032fdc524b39
0000032ff8b79979
0000032ff8b7ac39
000003300810ffb9
000003303aa77c59
000003305d4d2259
0000033066204db9
000003309e462359
00000330aad15bb9
00000330bd6e8479
0000033125b6dbf9
000003316706ad19
000003317eb98899
000006633aca9061
0000000001f2b571
0000000000000181
00000331a04bd119
00000331d55980d9
0000033206f9bb79
0000033206f9cb99
0000033207994619
0000033207994f99
0000033246317419
0000033250c14359
000003325e203099
00000332c88b11f9
00000332c88b2539
00000332e2e98279
0000033301eee579
000003330bfd4479
0000033314591039
00000333349c4ab9
000003333b5d57d9
0000033347a237f9
0000033358422719
000003338651a859
00000334017b3019
0000033415705819
000003341940d479
0000033428d71f39
000003345876e659
000003349fb8cb59
00000334ff9bead9
00000334ff9bf679
000003354d7d4739
000003355bfeb439
00000335a6ee5239
00000335d477e9b9
000003363bd0d539
000003363bd0e7b9
000003363bd0fed9
000003366fd84059
00000336c9f02bf9
00000336d0799dd9
00000336d5f3ec19
00000336fb1e19f9
00000336fb26fc19
000003373c39e839
000003376753e4b9
0000033823855dd9
0000033847ab42f9
00000338528a74d9
00000338a9929699
00000338ad72f659
00000338c72e2ed9
00000338d290de19
00000339258a76b9
000003392fc3fcf9
0000033936df3bf9
0000033936df4359
000003395cae4399
0000033963686ad9
00000339781113f9
00000339f73f1e59
0000033a3ec6a579
0000033a54482e59
0000033a610bc939
0000033aa1703199
00000675db353461
0000000001f2b571
0000000000000181
0000033b03b53299
0000033b3a0c2f39
0000033b44aeab39
0000033bddee7b99
0000033bde2b2039
0000033c32bfb999
0000033c32bfbd19
0000033c4f5b5319
0000033c6304f5d9
0000033c9fd64c79
0000033cab7dbd99
0000033cb112d439
0000033cb112e619
0000033ccb1901f9
0000033ccb1944b9
0000033cd393d199
0000033cea10ef39
0000033d10ca0199
0000033d2e52c099
0000033da151d819
0000033dae084839
0000033df15511f9
0000033e5df031b9
0000033e6a747979
0000033e9a595659
0000033f17ec7099
0000033fc85a75f9
0000033fd0cc1059
000003401707a699
000003409df386f9
00000340a5fe3399
00000340c6d1d239
00000340c6d1db79
00000340dc73d939
00000341782c6619
000003417a86bb99
00000341916ffc19
000003419e3e0859
00000341a1f8c439
00000341a4d62bb9
00000341e9ec63d9
00000341ea181ef9
000003423845bad9
000003426168e539
000003426168f719
0000034292af26b9
00000342bfd8d899
00000342cb9b37f9
0000034360196259
0000034398cabe59
00000343e703fbd9
00000343e98235b9
00000343fb7f8fb9
000006887b9fd861
0000000001f2b571
0000000000000181
00000344421105f9
0000034455602af9
00000344556052b9
000003446f5f7619
00000344a0cfc199
00000344d0742439
0000034513553179
00000345195f6c39
000003451d0de6d9
00000345776b93f9
0000034586266dd9
0000034586268c19
0000034592a6edf9
00000345a1981959
00000345cc224779
00000345edf58979
000003468f34b919
00000346a52881d9
00000346c2169c59
00000346d3638119
00000346fb98dcb9
000003472d5697f9
00000347601e5799
00000347833bdf79
00000347f20101b9
0000034811f2a979
00000348362b64b9
00000348362b69b9
00000348362b7e59
0000034893ff7bf9
0000034893ffce59
00000348c29ce8d9
00000348fcc0d459
000003493725e0d9
000003494f0d23b9
00000349528643d9
0000034985f78999
000003498c7a8c59
00000349b59cefb9
00000349ce020c59
00000349e4cdcb19
0000034a4154f659
0000034a450591f9
0000034a72db3659
0000034ac5b31099
0000034ac5b32139
0000034ac7da9819
0000034b04d64739
0000034b67b74539
0000034b67b75bd9
0000034b743617f9
0000034b7e7c4cf9
0000034bb3fbb1d9
0000034bb572cf59
0000034bc5cee459
0000034c45d1a3f9
0000034c59069639
0000034c5906aaf9
0000034c82486299
0000034c8b991cd9
0000034ca100c879
0000034ca9e2e299
0000034d0861a819
0000034d12409d39
0000034d124116f9
0000069b1c0a7c61
0000000001f2b571
0000000000000181
0000034d97306479
0000034db1b62019
0000034df0cec779
0000034e22318359
0000034e7a12fb19
0000034e8c6b52f9
0000034ecc4791b9
0000034ecc479939
0000034ecda4cf59
0000034eda075ab9
0000034ee6dc07f9
0000034efc4a47d9
0000034f2d875599
0000034f33e579f9
0000034f87dcecb9
0000034fbc3d5f59
0000034fc842c839
0000034fc842d839
0000035005385d59
000003502f8cf059
000003502f8d08b9
00000350701a42f9
000003507ab93b99
00000350b2de34b9
00000350c7792519
000003510428bb79
0000035187317cb9
0000035187319019
00000351ce728f79
00000351ce72a6d9
0000035218cf93b9
0000035223947e39
000003522394f619
0000035233b442d9
0000035233b46af9
000003524aa29039
0000035280dac7b9
000003529b81a3b9
00000352a2126f19
00000352a2127099
00000352a2128fb9
00000352a8d2d6b9
00000352d7221899
00000353069290d9
000003533477c239
00000353421501b9
0000035342157f59
00000353783d9579
00000353783dab79
000003538a34a759
00000353960bbab9
00000353960bdff9
00000353e2a9ecb9
0000035415eea299
000003543ee57a19
000003549d1a34d9
00000354bcca8299
00000354e8de3c79
000003554a9f3159
000003556dd24b59
00000355d2b0c539
00000355fd75b539
000003564d5ee499
000003567ebd0bf9
00000356d26c0499
000006adbc752061
0000000001f2b571
0000000000000181
00000356de876db9
000003571e58a739
00000357340d8d39
0000035739470519
00000357394715f9
0000035739472799
0000035739472fd9
0000035753cd0219
00000357c9c443d9
00000357f162b399
0000035816028b59
000003588e4ce1f9
000003588e5bb019
00000358d7cd90b9
00000358d7cda4d9
00000358fe19cef9
0000035921ef9c39
000003595bbbefd9
000003595df1fe59
0000035996376659
00000359ee244bb9
00000359eeb66a19
0000035a419393f9
0000035a41939d59
0000035a4d247bf9
0000035a4d248c99
0000035a4d248e79
0000035a6e66dc19
0000035a8a2f1d39
0000035a8a2f2699
0000035a8a2f4219
0000035abcc79e59
0000035af772b6d9
0000035b1093f459
0000035bba9929f9
0000035bf489b439
0000035bf9cac559
0000035c535c8cf9
0000035cf1c69e39
0000035d09b85ad9
0000035d09b85c79
0000035d21d79419
0000035d4de30179
0000035d69d0e239
0000035d90fb2039
0000035de3604e59
0000035e2193fd39
0000035e8a307119
0000035ef9a7a479
0000035f07a7d6d9
0000035f4325ced9
0000035f9dc01799
0000035fbece9859
0000035ffb0e0039
0000035ffd4ed899
000006c05cdfc461
0000000001f2b571
0000000000000181
00000360745093b9
00000360a763cad9
00000360ec0275b9
0000036101babe79
000003613b1561b9
0000036163e7e499
0000036171b18b39
0000036174802cd9
000003618ba478f9
000003618d939cb9
00000361ab4ef059
00000361ab4ef2d9
00000361ab4f0219
00000361fc0a4df9
000003621d283639
0000036223f3e7d9
0000036259274019
00000362bb7f1af9
000003632d771459
000003635bd30579
000003635bd30cd9
0000036373810b79
0000036388228419
00000363919a4cb9
00000363a56fb659
00000363bcef1239
00000363f67178d9
0000036408452279
000003648bda92b9
00000364c6e990f9
00000364ee080d19
00000364ee793b59
00000364ee793bd9
00000364ee7950b9
000003650cd92319
0000036517406e79
00000365577cefd9
000003657ee1cfd9
00000365a0aa2ff9
00000366e7c6aa99
0000036731bdab59
0000036769a7d119
00000367a87081f9
00000367a8709079
00000367a87096b9
00000368265cf219
000003685d596999
00000368bc1c1559
000003692500ae79
0000036958318b19
00000369691915d9
000003696c766299
0000036978553739
000006d2fd4a6961
0000000001f2b571
0000000000000181
000003698e80a759
0000036993ac0759
0000036993ac1a79
00000369cb7f36f9
00000369de173939
00000369e087c8b9
0000036a07aff759
0000036a0fc49c99
0000036aaa166659
0000036abd6bcc99
0000036b05339519
0000036b0d9fcff9
0000036b0ef47c19
0000036b225c9f59
0000036b3921eef9
0000036bbcc64bf9
0000036bc6b533d9
0000036c05184d79
0000036c05186339
0000036c4d58f3d9
0000036c4d58fb59
0000036c5b6996d9
0000036c5bd39159
0000036c6bdff459
0000036cae4e6cf9
0000036cb370e999
0000036ccd3383d9
0000036ccd33d779
0000036d4534e899
0000036d71e6d379
0000036d71e6daf9
0000036d7e93d919
0000036dd046f3d9
0000036dd046f599
0000036dd046f739
0000036dde374299
0000036e87894139
0000036f10a9f0f9
0000036f1d388fb9
0000036f53e642d9
0000036f6e3d0699
0000036fc54d6479
0000036ff05c97f9
0000036ff0798939
0000036ffe0b8e79
00000370176cbab9
00000370344e6319
0000037048b685b9
0000037048b698f9
00000370d755f519
0000037122ad7039
0000037143d31b79
0000037156d6fbf9
0000037156d78d39
00000371af61da39
00000371da3b80f9
00000372449dadd9
000003726af69ef9
0000037289574b99
000003728ac254f9
000003729c6b6579
000006e59db50d61
0000000001f2b571
0000000000000181
00000373280b0ab9
00000373458bf2d9
000003738f53abf9
00000373bc78b299
000003745d602f39
000003745daff719
000003747e99e4b9
00000374d50b1a99
00000374dd9c6e39
00000374dd9c7599
00000374ec93c759
0000037500faea39
000003750de26199
000003752d558299
000003752d5596d9
0000037543b0b779
00000375708afe19
00000375dffa04d9
00000375eb9ac739
00000375eb9ad439
000003761bb70eb9
00000376570db359
000003766addf8b9
0000037687881bd9
00000376878824b9
00000376bab7af39
00000376d1a94199
00000376d1a99c99
000003770164b979
000003772dfc2019
0000037763869139
00000377c582e1d9
00000378250e39d9
00000378250e8cb9
00000378250eb899
0000037844b8fc99
00000378506e9719
00000378506f5fb9
0000037860e30019
0000037873f9e199
000003794e9ac419
000003794edd6e99
00000379641abc39
0000037965cb3619
000003796928e1b9
00000379807cc0f9
00000379c0997019
00000379ed03aeb9
00000379ff6ae2d9
0000037b113c1c39
0000037b356fe9f9
0000037b3fd95c99
0000037b3fedaaf9
0000037b4b2a88b9
0000037b4dd4c779
0000037b8441b159
0000037b8c984659
0000037b9fe9b919
0000037ba19fac79
0000037ba2c5df19
0000037bb71e2a99
0000037bc3e46a59
0000037bd5841399
000006f83e1fb161
0000000001f2b571
0000000000000181
0000037c3fa7fbf9
0000037c3fa80cf9
0000037c3fa80d99
0000037c581bd119
0000037c581bd279
0000037c834e6dd9
0000037c925a7339
0000037cbd6680b9
0000037d0039dd39
0000037d003a6139
0000037d88922df9
0000037d96e69099
0000037da086a2b9
0000037dee223d59
0000037dee428819
0000037df1117b79
0000037df1119139
0000037df111bd19
0000037e0e2be4b9
0000037e2fede119
0000037e32ed5079
0000037e71dd8039
0000037e7f89def9
0000037eb6793959
0000037ec7857639
0000037ef7ca0b99
0000037f89a80899
0000037fb58357d9
0000037fb90c2ff9
0000037fb90c3639
0000037fb9537619
0000038007998139
000003802cd82139
0000038031d90a79
0000038031d91eb9
0000038039af5bd9
0000038076fe7f79
00000380cd186199
000003812905b4f9
000003812cbec5f9
0000038174a71fb9
00000381956f2599
000003819a3bacd9
00000381f074f2b9
000003822ee28a79
000003826d6a2d19
000003828df42479
0000038297b980d9
0000038326f966f9
000003832d1fc459
000003833f4adbd9
000003833f4aecf9
00000383c40a3e59
000003842fb62e39
000003849889c5f9
00000384a5075019
00000384a6b6d7d9
0000070ade8a5461
0000000001f2b571
0000000000000181
000003859d456d59
00000385b49b64f9
00000386892cced9
00000386bb9e05d9
00000386c7b94879
00000386c7b9c3b9
00000386da2e5339
00000387141855f9
000003878c4576b9
000003883bd25d39
00000388f938d2d9
00000389574c7999
00000389574c92b9
000003895b168399
000003897951e279
0000038984071299
000003898c279539
00000389c9874579
00000389c9875c79
00000389c9878599
00000389cd59b419
00000389cd5a2e39
00000389cd5a4ff9
00000389eabbd3b9
00000389eabbe599
00000389f22b6259
00000389f22b69d9
0000038a37080fb9
0000038a53a76699
0000038aabaff3f9
0000038ae2332ef9
0000038afeb7a919
0000038b004ab279
0000038b3d82e159
0000038b4ad62d99
0000038b4ad63dd9
0000038b5320b6b9
0000038c1d843719
0000038c291d75f9
0000038c617127b9
0000038c73acc999
0000038c909f7bb9
0000038cadf89899
0000038cdc4d9c39
0000038d02ac4d79
0000038d83fe9bf9
0000038e0af71eb9
0000038e2442cf79
0000038e506bd119
0000071d7ef4f961
0000000001f2b571
0000000000000181
0000038eca91d799
0000038eca91d919
0000038f55ddf939
0000038fd5c70db9
0000038ff1784459
0000038ff1784bb9
0000039011f56239
000003901eb22c99
000003910438a759
000003910438bbd9
000003912a907139
000003912a90a479
000003912a90f879
000003913fddd5d9
000003918309a619
000003918328b1d9
00000391af533c59
00000391e60b1e59
00000391f2185c59
00000391f3ac5819
0000039335645739
0000039358b35d39
000003936eb28979
000003939d9c8d79
00000393c8e3e959
0000039400997ed9
0000039413c8aad9
00000394a0aeb5b9
00000394a0aeb7b9
00000394b1c755d9
00000394b4b25939
00000394b6c93879
00000394b8d86859
0000039513b1ba79
00000395ad291f99
00000395afaa2d99
00000395fabffd39
00000396090eb779
00000396090ecc39
00000396455c6cb9
00000396adb66d79
00000397176c78f9
0000039748fcf2f9
00000397630050b9
0000039763006c39
00000397702a19f9
00000397a607f399
00000397b4257ed9
0000039806d2a579
000007301f5f9c61
0000000001f2b571
0000000000000181
000003986597f0f9
000003987c5081b9
000003988d1c60d9
0000039890c47719
00000398f0238239
000003990dd0b1b9
0000039994410459
00000399968d5979
00000399e4f49e79
00000399eda1d7b9
0000039a81e236f9
0000039a84f23839
0000039aa5eb4979
0000039ae163d339
0000039aeab42cb9
0000039afbd20459
0000039aff576639
0000039bd7281159
0000039c0f67f399
0000039c109ca4f9
0000039c753b7ad9
0000039c806c6139
0000039c806c6999
0000039cc645aeb9
0000039cea141499
0000039cee63fe39
0000039d1d5c4379
0000039d3b4b2a19
0000039d52ea95b9
0000039d860a8339
0000039d860a9179
0000039d9f19a899
0000039dae85b4f9
0000039dd6eab6f9
0000039e8d14cbf9
0000039e8d14ddb9
0000039ea41e7d79
0000039ea41e7f39
0000039ea41e9bf9
0000039eb2f31d19
0000039ed0bba919
0000039ee04afdd9
0000039f28d03639
0000039f431ba419
0000039f50e14c19
0000039f763935b9
0000039f9ad1f2f9
0000039fece48b99
000003a070d1c279
000003a07dc2ec39
000003a080b9e899
000003a084938119
000003a08fa2cd39
000003a0e9834b19
000003a0fc588df9
000003a1315630b9
000003a15da145f9
00000742bfca4061
0000000001f2b571
0000000000000181
000003a1a349fe19
000003a1a9b3cc79
000003a1f8faef79
000003a1f9e76e99
000003a2030ff319
000003a22ab429b9
000003a231049d59
000003a28990b899
000003a2a878a139
000003a2bdc1ae59
000003a2d9f56d19
000003a343b94eb9
000003a346f7da99
000003a356596939
000003a374ef3c19
000003a3b6205359
000003a3cb8b6bf9
000003a3cc245379
000003a3d2ef92b9
000003a3f08296d9
000003a3f8c182f9
000003a3fa49e159
000003a3fa49f3f9
000003a3fa4a0bd9
000003a44cd422d9
000003a4c42e7dd9
00000749abd2e861
0000000001f2b571
0000000000000181
