[MCS8 A] 97 FW 3.104 SV 1.257 
range=1024
periods=2
sweepmode=27e20d0
fstchan=0
holdafter=0
streamstatus=3
calreg0=0
calreg1=0
calreg2=0
calreg3=0
swpreset=8000        
prena=1
syncout=0
cycles=18
sequences=1
tagbits=16
vdac0=92c
vdac1=807
vdac2=8c8
vdac3=8c8
vdac4=8c8
vdac5=8c8
vdac6=8c8
vdac7=8c8
timepreset=100.000     
digio=0
digval=0
autoinc=0 
savedata=2 
mpafmt=asc
sephead=0 
fmt=asc
smoothpts=5 
[CHN1]
REPORT-FILE from 07/27/2026 15:27:18.205  written 07/27/2026 15:27:18
cmline0=07/27/2026 15:27:18.205 
cmline1=A1
range=1024
active=1
bitshift=4
cftfak=2580100
evpreset=10          
roimin=0
roimax=1000
caloff=0.800000
calfact=12.800000
calfact2=0
calfact3=0
calunit=nsec
caluse=1 
[CHN2]
REPORT-FILE from  written 07/27/2026 15:27:18
cmline1=A2
range=1024
active=0
bitshift=4
cftfak=2580100
evpreset=10          
roimin=0
roimax=1000
caloff=0.800000
calfact=12.800000
calfact2=0
calfact3=0
calunit=nsec
caluse=1 
[CHN3]
REPORT-FILE from  written 07/27/2026 15:27:18
cmline1=A3
range=1024
active=0
bitshift=4
cftfak=2580100
evpreset=10          
roimin=0
roimax=1000
caloff=0.800000
calfact=12.800000
calfact2=0
calfact3=0
calunit=nsec
caluse=1 
[CHN4]
REPORT-FILE from  written 07/27/2026 15:27:18
cmline1=A4
range=1024
active=0
bitshift=4
cftfak=2580100
evpreset=10          
roimin=0
roimax=1000
caloff=0.800000
calfact=12.800000
calfact2=0
calfact3=0
calunit=nsec
caluse=1 
[CHN5]
REPORT-FILE from  written 07/27/2026 15:27:18
cmline1=A5
range=1024
active=0
bitshift=4
cftfak=2580100
evpreset=10          
roimin=0
roimax=1000
caloff=0.800000
calfact=12.800000
calfact2=0
calfact3=0
calunit=nsec
caluse=1 
[CHN6]
REPORT-FILE from  written 07/27/2026 15:27:18
cmline1=A6
range=1024
active=0
bitshift=4
cftfak=2580100
evpreset=10          
roimin=0
roimax=1000
caloff=0.800000
calfact=12.800000
calfact2=0
calfact3=0
calunit=nsec
caluse=1 
[CHN7]
REPORT-FILE from  written 07/27/2026 15:27:18
cmline1=A7
range=1024
active=0
bitshift=4
cftfak=2580100
evpreset=0           
roimin=0
roimax=1000
caloff=0.800000
calfact=12.800000
calfact2=0
calfact3=0
calunit=nsec
caluse=1 
[CHN8]
REPORT-FILE from  written 07/27/2026 15:27:18
cmline1=A8
range=1024
active=0
bitshift=4
cftfak=2580100
evpreset=0           
roimin=0
roimax=1000
caloff=0.800000
calfact=12.800000
calfact2=0
calfact3=0
calunit=nsec
caluse=1 
;MCS8 #97 Sversion=1.257 Fversion=3.68
time_patch=1
;datalength=8 bytes
;bit0..3: channel# 1..8 ( 4 bit)
;bit4: edge 0=up / 1=dn ( 1 bit)
;bit5 ..57: timedata    (53 bit), max sweep length 2001.6 h
;bit58..62: tag0..tag4  ( 5 bit)
;bit63:     data_lost   ( 1 bit)
[DATA]
0000000000000016
000000003b243d19
00000000570733b9
0000000064beda39
0000000094c862b9
00000000e6a3a139
00000000fec20a39
000000011778d339
0000000130a04bf9
000000016de5bd99
000000017adc6fb9
000000018fe0e9b9
0000000190516899
00000001cf2abe79
00000001d3f3e919
00000001eb63f1f9
000000025c042079
0000000273c1ee79
00000002c46c2cb9
00000002c77f57d9
00000002ce8378d9
00000002e581ea59
0000000301c5acd9
000000031f8d6b19
00000003256de039
000000032d6d13d9
000000034ad5b7b9
000000039e77d299
00000003a02ee4f9
00000003a425e419
00000003a42601b9
00000003a6a25c99
00000003b89ff3d9
00000003b8a096b9
00000003c0d063d9
0000000400c5f7d9
000000045e5bfc59
00000004aa1c2e39
00000004ae1b35d9
00000004ae1b3d99
00000004ae1b3e39
00000004ae1ba039
00000004af0d0859
00000004f19ae5b9
0000000510bfa479
0000000527af7e99
0000000527afb2f9
0000000527afc8b9
000000053517b2b9
0000000587c5ac19
000000058d738f59
000000058f0c9899
00000005ad40bc79
00000005e68d6739
000000065886deb9
00000006871ebef9
00000006facaf6d9
000000071aceee79
000000072df75b19
000000073934a6b9
00000007b2a335b9
00000007b2a351f9
000000084a690af9
000000087eec92f9
000000087eeca899
000000088dd542f9
00000008d813a639
00000008db9a7279
00000008f7079419
00000008f707a879
000000090d348099
0000000912763079
0000000923493c99
00000009312bf9b9
000000093afa5f99
0000000992fac099
000000099c9dbc99
00000009a322c219
00000009b1e23199
00000009c0d77859
00000009c0d78bd9
00000009c0d7e4b9
00000009f6601a19
0000000a1e1af4b9
0000000a26329c39
0000000a3e355ab9
0000000a3e356239
0000000a3e357759
0000000a3e3577f9
0000000a746a1ef9
0000000a746a1f79
0000000a85710bb9
0000000a86c89419
0000000ad6a05999
0000000ad6a05b19
0000000ad6a0da79
0000000b1e2c4e99
0000000b757097b9
0000000b8dfe2a59
0000000b8dfe2bf9
0000000be2cca8d9
0000000c1a9a4099
0000000c24ec06b9
0000000c36d1b519
0000000c4bc2eff9
0000000c5c3608f9
0000000c5f24a199
0000000c7b0098b9
0000000c828a5e99
0000000c938a8739
0000000c9d7988f9
0000000cb4aae0b9
0000000cbf07cef9
0000000cc1e754d9
0000000ce4f75a79
0000000cfd342fd9
0000000d0eb96839
0000000d393be939
0000000d3be9fb99
0000000d42203079
0000000d42203259
0000000d422032d9
0000000d4ad727f9
0000000d515f06f9
0000000d5be35ab9
0000000d74d5e6f9
0000000d750dfcd9
0000000dbc832499
0000000dc307fcd9
0000000de62d84f9
0000000ded6cd199
0000000dfc2c3e39
0000000e13aedb99
0000000e1ba28799
0000000e3358a7f9
0000000e4063e719
0000000eb5d50279
0000000eb5d518b9
0000000eda4b64f9
0000000ef8186859
0000000f02af7dd9
0000000f1cba7f19
0000000f217c2359
0000000f2ba16659
0000000f2edfae39
0000000f3c90a3b9
0000000f48540679
0000000f91c6ff39
0000000fa7378299
0000000fa737a139
0000000fbe0d1539
0000000fcdd5b579
0000000fce2641f9
0000000fd80a8f59
0000000fdc348a39
0000000ff8603939
000000102ababa59
00000010590d0759
0000001086e33f59
0000001086e35419
000000108e399af9
00000010a33f1ed9
0000002157b7bd61
00000000031d4e71
0000000000000181
00000011059ba539
00000011059bb219
000000113b7e8f99
000000118fb6d759
00000011c36411b9
00000011d24a7659
00000011d8c36ff9
00000011dbedfc19
00000011e5f0a9d9
0000001205d50b79
00000012078b3c19
0000001274bdaeb9
0000001277bb7ab9
00000012cf7104f9
00000012cf711599
00000012d0de4a39
00000012e22caa39
00000012e22cc4b9
00000012f76198b9
000000132edf9ad9
0000001362a36bd9
0000001362a3e179
0000001367cb5779
00000013d8f42379
000000141ddc4419
000000143bcee5f9
0000001447d5f8d9
0000001447d5fa99
000000144bd78e59
0000001473c4f359
0000001473c537b9
000000148ed24919
000000149f204b59
00000014a9aeb999
00000014bde93919
00000014bfe97cb9
00000014bfe98f59
00000014eddf2c99
0000001515968979
000000151ad6b4b9
0000001524ca20d9
000000157006d019
000000157006d859
00000015b5d18c59
00000015dec886b9
00000015f4d6f5b9
0000001600397079
0000001609f25699
000000161ff5b239
000000166eefbaf9
000000169a78e0b9
000000169c02db99
000000169f893499
00000016b44f6ed9
00000016c2a2f5d9
00000016c4d3eb79
00000016f5e3c659
00000017081a3259
000000172a00e019
000000172a070499
000000172a070659
000000173d4026f9
0000001770e85259
0000001791af3f39
0000001798b09199
0000001830daaa99
0000001876201bb9
000000187a0b0bd9
00000018b277c659
00000018b31ab299
00000018db941779
00000018e8c42919
000000191e72fb79
000000191e730f39
000000192935c8b9
00000019309699d9
000000194676f119
000000194ef73919
0000001973e9d819
00000019b1471179
00000033f8225161
00000000031d4e71
0000000000000181
0000001a0c59f1d9
0000001a1b284ad9
0000001a3bd90979
0000001a6e39d4b9
0000001aae6613d9
0000001aae662819
0000001ab9b5dbb9
0000001ac2b5bb39
0000001ac2b5d379
0000001ac4e31119
0000001adad56ad9
0000001af555ee99
0000001b02fa8e39
0000001b5baaac79
0000001b79cec139
0000001b82582f39
0000001b8754a499
0000001b89907a79
0000001c17c77439
0000001c17c77b19
0000001c3bc4e959
0000001c52a9c6d9
0000001c5cf72b79
0000001c65d9f5d9
0000001c7b3e5ad9
0000001cab7c4e59
0000001ce03e88d9
0000001ce079bdd9
0000001ce4871db9
0000001d0b4b9039
0000001d0b4ba2b9
0000001d3c8a0e19
0000001d6f593b59
0000001db76b0f99
0000001db8ba9759
0000001e5e554459
0000001e753bdf99
0000001e92233519
0000001eac88bf99
0000001eb1169a39
0000001eb321a2d9
0000001ed188edf9
0000001f06c77af9
0000001f29431c19
0000001f445da999
0000001f48f1c499
0000001f9a105f19
0000001f9a302e99
0000001fa6b829f9
0000001fcfd423d9
0000001ff4a61819
000000202e8e0fb9
00000020332936f9
000000204c6cd539
000000205ca40f99
000000205ca41859
000000206b1c1839
0000002072890059
000000207e8f4399
000000207e8f4559
0000002084c8c259
000000216c0e0e99
000000218cd96b59
00000021c1b8fe59
00000021d50d7fb9
00000021d50d81b9
00000021e65f41d9
000000220f9d7659
0000002272bec739
00000022ee8f7119
000000231aa637f9
000000231e004b19
000000231e006339
00000023360cfd99
000000233e6d94f9
00000046988ce561
00000000031d4e71
0000000000000181
000000234e4a60f9
00000023601bd4d9
0000002366bba119
000000236c90e5f9
000000238cdc9499
00000023c6f65dd9
00000024203d8bd9
000000242560ab79
00000024270fcd79
000000244392b399
000000244ea04c19
000000245cf37599
000000246a04ff99
000000246a1dfe39
00000024e24840d9
00000024fc50a779
0000002509926519
000000252f45f6d9
000000253680fcd9
0000002583b07d59
0000002596583f59
00000025c7deb979
00000025c7dec8f9
00000025dd68d279
00000025e20d50b9
00000025f303ebd9
000000261cf03ed9
0000002632274bd9
0000002632343bf9
00000026353ef6d9
00000026509e92d9
00000026515a90f9
000000266a791d99
000000266a792f79
000000267f102279
00000026a1335d79
00000026dfa04af9
00000026e5a3beb9
00000026fd02a219
000000270c4270b9
0000002741c5d059
0000002741fb7039
0000002760be8d79
0000002777e0e3d9
000000278f916259
000000279a88c779
00000027a14e7e79
00000027a14e8639
00000027ae9effb9
00000027af17d6f9
00000027c60351d9
00000027c6035359
00000027d09c8939
00000027da711299
00000027dfb8dfd9
00000027e0a21659
00000027e4300499
00000027eaf425f9
000000281e06e7f9
0000002825dd6919
000000282c1bdfb9
000000282c1c3519
0000002863bec9d9
00000028674fa459
00000028830d7019
000000289eb73699
00000028be953699
00000028d91fec79
0000002933afa499
00000029512e3459
0000002954302239
00000029543030b9
000000298f9f8b59
00000029952aaef9
00000029c8142519
00000029c81426b9
00000029d2185ed9
00000029f5013d19
00000029f5015539
00000029f5016739
0000002a02b83959
0000002a1275c2d9
0000002a154cd4d9
0000002adf5237b9
0000002aee56cf19
0000002af7dc7639
0000002afe952799
0000002b05f1fb39
0000002b15e351f9
0000002b5d466679
0000002b77208339
0000002bb1134599
0000002bbf678cd9
0000002bbf678d79
0000002c261f34f9
0000002c2a5d7839
0000002c4287ff79
0000002c534e54b9
0000002c536cddf9
0000002c536ce6f9
0000002c790a9559
0000005938f77961
00000000031d4e71
0000000000000181
0000002cc9ee7119
0000002d2603fad9
0000002d2603fc99
0000002d320ae719
0000002d4ddab759
0000002d5aa7ded9
0000002d7aaa82d9
0000002da1b56839
0000002dbc829f59
0000002dd65e0139
0000002de0086cd9
0000002de46adc39
0000002e2708d2b9
0000002e39066419
0000002e879c5359
0000002ef577f1f9
0000002f01b8a8d9
0000002f248bdd79
0000002f2a29b059
0000002f2e3f9ff9
0000002f3371b2f9
0000002f7544e5b9
0000002fb1357c19
0000002fd2376419
0000002fd23777b9
0000002fd2377899
0000002fe2cd8d39
0000002ff8119519
000000300061cf79
000000304dcd6d79
00000030da3e75d9
000000310daf2f79
0000003113fbd3b9
000000313cdcb699
0000003171eedfd9
000000318925fc99
00000031a1a82e19
00000031ad2df079
00000031d27d5459
00000031fc4d6399
0000003214374e39
00000032231d23d9
0000003226ef4199
0000003226ef5259
000000323be40e39
00000032544b0b99
0000003260286c59
000000326e258859
0000003278cdb299
0000003278cdc919
0000003278cdc9b9
0000003278cdc9f9
0000003278cdd099
00000032969323d9
00000032a14a54f9
00000032b18bbb79
00000032bd6d1579
00000032eb150e79
00000032f46b2439
000000330341efb9
000000330cacbfb9
0000003367d7f919
000000338c6fbeb9
00000033cddd52b9
00000034cf99c479
00000034e57860f9
00000034e578c639
00000034e801d199
00000034f26844f9
0000003508241a39
0000003508242b59
000000352adab3d9
000000354afee559
0000003578424b79
000000357fef59b9
000000358065e219
00000035b3e4dcb9
00000035dcb52c59
0000006bd9620d61
00000000031d4e71
0000000000000181
00000035ecafdb19
00000035ed5933b9
00000035f9cc88f9
000000360fe28c39
00000036391cdab9
000000367b735479
000000367f071339
000000367f072899
000000368510af79
00000036a21e4599
00000036a9f1a819
00000036b2320b39
0000003700a558d9
00000037150275d9
0000003761cd8199
000000376b10cfd9
00000037a92a8599
00000037ecd7b979
0000003819ed7f99
0000003819ed9c39
0000003819edafb9
000000381fb168f9
000000385251a579
0000003858f332b9
000000386e43e079
0000003882f7b639
0000003882f7cdd9
000000389625fc99
00000038dc345759
000000391410cbb9
00000039455acb19
000000394d008359
0000003963bf3499
0000003963bf48f9
0000003964aa4319
0000003965944319
000000398abcdb59
000000398abce459
0000003a16906eb9
0000003a16907719
0000003a169088f9
0000003a22dd7079
0000003a233b2439
0000003a655615f9
0000003a90a6b259
0000003aa36d3039
0000003aa7f41e19
0000003ab9212579
0000003abe64d879
0000003ae86f0179
0000003aefd82b39
0000003af155c439
0000003af830a3f9
0000003b2a1d0519
0000003b3d4e9fb9
0000003b4ca6fb79
0000003b51029939
0000003b8a144ad9
0000003b956e7cd9
0000003bfe2fa0b9
0000003bfe2ff6f9
0000003cb49a51b9
0000003cc6eef5b9
0000003cc6ef0519
0000003cdbb68f59
0000003cfae82619
0000003d08897bf9
0000003d2422b919
0000003d24ae3e79
0000003d595ab759
0000003d59739699
0000003d8361a3d9
0000003d97f43159
0000003da6832c79
0000003dabf5d079
0000003db1834e59
0000003dd7e26679
0000003dd7e2aef9
0000003ddbb3a819
0000003de0d4ff39
0000003de0d51279
0000003df79a82b9
0000003e18968ed9
0000003e1896bd19
0000003e41def9b9
0000003e7fdea139
0000003e85b4a479
0000003e9c6ff299
0000003ebaaa0379
0000003ec1bc39f9
0000003ece214ab9
0000003ed2d2a1d9
0000003ee918e659
0000003eeabcef79
0000003f10fb5559
0000007e79cca161
00000000031d4e71
0000000000000181
0000003f66c49b79
0000003f7d963d99
0000003f7db2f339
0000003f890d38b9
0000003f9a4bb6d9
0000003f9a4bb899
0000003f9a4bcd99
0000003fa1317e79
0000003fe85ad459
0000003feb302499
0000004001bc5a59
0000004001bc5c19
0000004001bc5dd9
0000004018756cb9
000000401884e219
0000004024817df9
0000004030949559
0000004042a0f079
0000004048b3aa79
0000004048b402d9
0000004048b40499
000000406c129119
00000040e77672f9
00000040fbda89b9
000000411c92a459
000000412319d299
00000041262e86d9
0000004142da69f9
0000004149465819
000000415eca20b9
00000041c68f1d79
00000041e6c19b59
00000042134e9019
000000421cb7d3f9
00000042575ae419
0000004257dac2d9
000000427a28e759
00000042a5085ff9
00000042a5087b99
00000042c8994219
00000042edc32e19
00000043047c1259
00000043047c23d9
00000043047c2979
000000430695ddd9
0000004335f22959
00000043ad7d7a19
00000043e7c0e859
000000440f82d7f9
00000044106cc939
00000044106cd9f9
00000044106cdc59
0000004417476619
00000044716399d9
00000044bc7ca259
00000044d44f0559
0000004535479f99
000000454d4d6d19
000000456a8423d9
000000456bf78419
00000045ebae2699
000000460cd18f59
000000462efbd0b9
00000046492802b9
00000046a8d7b9f9
00000046aea1f359
000000470353d0d9
000000474c7eddd9
000000474c7ef419
0000004785559eb9
00000047a1720139
00000047db56ee39
00000047dd96f3d9
0000004818ac40d9
000000481cb35c79
000000482b36a879
0000004846dbf4d9
000000911a373561
00000000031d4e71
0000000000000181
00000048979935f9
00000048a49d5519
00000048ae793d79
00000048c04ebb99
00000048f19efaf9
000000495df4ce39
0000004977c78eb9
00000049a51a61f9
00000049d615e4b9
0000004a15692e79
0000004a16402c99
0000004a21a4ff59
0000004ac87db3f9
0000004adc223db9
0000004ae0ee3fd9
0000004b030ced39
0000004b0540af59
0000004b1a8dbd79
0000004b1a8e0d99
0000004b3a76a119
0000004b4ac26a19
0000004b5c3adbb9
0000004b669ef819
0000004b669f3799
0000004b7a642cd9
0000004b90e00bd9
0000004c3b500859
0000004c57ee74b9
0000004c5ff94479
0000004c61a1dcf9
0000004c71e02c59
0000004c7e03d479
0000004c852b80f9
0000004c8ef84bf9
0000004c9a37a7f9
0000004c9b3df639
0000004c9eee41d9
0000004c9ef84819
0000004cbd774bb9
0000004d024738f9
0000004d02473979
0000004d02474059
0000004d024752f9
0000004d1a9861f9
0000004d3d929bd9
0000004d8560de19
0000004d8d753799
0000004daae647d9
0000004dbd1c32f9
0000004e4420de19
0000004e9f896899
0000004eb4ad6dd9
0000004edb29e5d9
0000004f1d8b2e59
0000004fadf2b179
0000004fdb90fd99
000000503c724399
000000504a3c72f9
000000504a3c8359
0000005097571bf9
000000509a7070d9
00000050fb7116d9
0000005104d590f9
000000511007bb19
0000005138708739
000000516a3c4ab9
00000051a0d4cff9
00000051c33fb4f9
00000051d2f87c99
000000a3baa1ca61
00000000031d4e71
0000000000000181
00000051e9a5c6b9
00000051edbf1ab9
00000051fe2f64f9
0000005201fe8f19
00000052280304b9
0000005238467bb9
00000052385dc759
0000005246ac9239
0000005254093539
000000526b5db879
000000526b5dd439
000000528f4c4e39
000000534f7b5a99
00000053504907f9
0000005354877959
0000005354878cd9
000000535638f6b9
000000538f0ddef9
00000053b74a7f39
00000053bd43cb19
00000053f6147f79
00000053f88cba79
000000544955af79
0000005453299859
000000545fe9a039
0000005460dc7219
0000005460dc8b19
000000547c0accb9
000000547e91bed9
0000005490a19819
00000054b1873f59
00000054bffd7c39
00000054bffddbb9
00000054bffe1bd9
00000054bffe1c79
000000552b616ad9
000000552b617ef9
000000552e5f29f9
000000556c996ff9
0000005570e05999
0000005570e09d19
0000005571430379
0000005597d030f9
00000055a3a32819
00000055ac44b0f9
00000055bd2be7b9
00000055cf6f8459
00000055ed072ad9
00000055ed073e99
00000055ff5c7c39
000000561278f399
0000005655ffe3d9
000000568a9f39d9
000000568e64dbb9
00000056bafae3b9
00000056c2a7b5f9
00000056c2a7c339
00000056eb64e359
000000570a575219
000000574603f5f9
000000574efa4a59
00000057557d3c19
00000057557d4519
00000057557d46f9
000000577a751039
00000057bf0d9a39
00000057efcb7679
00000057f7da6559
00000058422e0c79
00000058422e0e39
000000584279d039
000000584279d7d9
00000058457d4d59
0000005853209ef9
00000058934fd559
00000059aa502859
00000059dfab6cb9
00000059e6a74c39
00000059f83cd519
00000059fdfac399
00000059fed16dd9
0000005a2136ad39
0000005a25629739
0000005a2562b3b9
0000005a6fa81999
0000005a7f001cb9
0000005a83189239
0000005a8338c499
0000005ac40773d9
0000005ad9d1ef19
0000005ae2a78039
0000005ae79f3c39
0000005ae948e959
0000005af06a9859
0000005b1c5ec499
000000b65b0c5e61
00000000031d4e71
0000000000000181
0000005b441df959
0000005b562c2cd9
0000005b562c3639
0000005b973aa6d9
0000005bb06fe419
0000005c21eba3f9
0000005c4c28cf99
0000005c6a77d9f9
0000005c7e51c0d9
0000005c8f147ff9
0000005c8fa9b3f9
0000005ca16a44d9
0000005d07111559
0000005d50c788f9
0000005d6502b959
0000005d940e0e99
0000005da00ae679
0000005da19ed4b9
0000005db1fe8819
0000005dc600c6d9
0000005ddd91c599
0000005e1797a3b9
0000005e5eac13d9
0000005e61a876d9
0000005e61a88bb9
0000005e85102779
0000005e85102819
0000005e85102ed9
0000005e85109419
0000005ed885bc99
0000005ef4c8caf9
0000005f0ab34759
0000005f10a624b9
0000005f21ea1f19
0000005f21ea3a99
0000005f2b53dd19
0000005f49430cb9
0000005f4b0b3219
0000005f6e693659
0000005f6e694999
0000005f9c6e52d9
0000005fc5a20739
000000607bb04739
000000607bb06119
00000060c706c419
00000060c973fd79
00000060cc60eaf9
000000610539a059
0000006112435bd9
000000619a168f59
00000061aba9e1d9
00000061c9cb9139
00000061c9cb9899
00000061ea452659
000000620fc339d9
0000006235d05ab9
0000006269fbb599
0000006269fbc619
0000006269fbc6b9
000000626a478db9
00000062fe308259
0000006307824df9
000000631deb5a39
000000631e5b8179
0000006336143f79
000000633669e999
000000634dcf5e39
0000006359c845d9
0000006359c855d9
000000636d751099
00000063b25b3079
00000063b25b93b9
00000063cc4adbb9
00000063f2255479
00000063fc52cc19
00000064170dcc99
00000064170dd539
00000064651333f9
000000647a94b7b9
000000c8fb76f261
00000000031d4e71
0000000000000181
00000064bc958979
00000064bd6625b9
00000064d1cceff9
0000006533d71679
000000658d13a979
000000658eb7a8b9
000000658eb7b199
0000006595a2b5b9
0000006595a2c6b9
00000065bddd1ef9
000000660f409279
0000006612639e99
0000006639ec96f9
000000663aff4239
000000666b4c6df9
0000006690421df9
0000006690e61139
00000066facb6d99
0000006722550459
0000006722551f19
00000067258dba99
000000672e1f91b9
00000067409d6379
000000676074df59
0000006771a132b9
0000006771a13499
0000006771a14ab9
000000677a8880f9
0000006788850a59
000000678a0b0499
00000067931592b9
00000067dc0bed99
00000067e95a2619
00000067eea17199
000000684c4c50b9
000000684d0652f9
0000006868d3b2b9
000000686b70dd79
000000686b70f559
000000687fd2e359
00000068bca85f79
00000068bca87239
00000068c5bc8879
000000694876a439
00000069611e2659
0000006983e91fb9
00000069923fd1b9
00000069974e8719
000000699e4b6b39
00000069cbbc3df9
00000069e0cb8e39
00000069e0cbbb39
00000069e9643819
0000006a1e58bbf9
0000006a72e8e819
0000006a9e62d099
0000006a9e62d8b9
0000006aa4290919
0000006ad837aa59
0000006ad837acb9
0000006aecb363b9
0000006af8053bf9
0000006af97a8af9
0000006af97a9379
0000006b101c1239
0000006b2791b719
0000006b6d19dc59
0000006bb1a1f8b9
0000006bd050a699
0000006bdf885559
0000006c2fc6e2d9
0000006c9657f4b9
0000006c96580a99
0000006cbc558fb9
0000006ccdcd8039
0000006ce4ac4919
0000006d0fc6a059
0000006d27c08eb9
0000006d4993bf99
0000006d6217b699
0000006d78bb35b9
0000006d7e09a0b9
0000006d899dd1f9
000000db9be18661
00000000031d4e71
0000000000000181
0000006dea6c24f9
0000006e48b8e099
0000006e48b8f3b9
0000006e8419f7f9
0000006e9c340719
0000006ec076db39
0000006ec076ef19
0000006efeaae7f9
0000006f73af7939
0000006f73af7af9
0000006f9ac64c99
0000006fc9ed7579
0000006fd24b3839
0000006fea0bdd39
0000006fed35a9b9
0000006fff47da79
00000070131f21b9
00000070131f3679
0000007019be7ad9
0000007029c8c0f9
0000007029c8ee99
0000007029c993d9
0000007029c99479
0000007029c99b39
0000007029c9a939
0000007029c9b339
0000007029c9c379
000000703e605819
000000703e606939
00000070587a72f9
00000070587a9f39
000000705f5dd5b9
0000007076e868b9
00000070b1376c99
00000070d7a5c479
00000070e648fcd9
00000070ebe94899
000000712663e579
000000714abc84f9
000000714fbd1599
000000719d7caa79
00000071b48166b9
000000722198ffb9
0000007228401f79
00000072a62af4f9
00000072c0a6cad9
00000072c6382899
00000072c9350cd9
00000072ce8a1499
00000072e3912e59
00000072e9063fd9
000000736aff2e99
00000073e2482ad9
00000073ec21e9b9
000000741bc96019
0000007431e5fbb9
0000007431e61f39
0000007442e37fb9
00000074a6376139
00000074c1fe5d19
00000074e41820d9
00000074fd3bf2f9
00000074fd3c10f9
000000750efa6479
000000751a6ca439
00000075567e0cd9
000000755e964dd9
000000755e96c999
00000075c50935d9
00000075d2c0c4d9
00000075ef713ab9
00000075f1010319
00000075fd1f3c39
000000761f0eec19
0000007629bab5b9
000000764910b6d9
000000765957b839
00000076716257b9
00000076741129d9
00000076768efe59
00000076768f0679
000000767d433479
0000007687809a59
00000076d7fb55b9
00000076d7fb6959
00000076f0c6b719
000000ee3c4c1a61
00000000031d4e71
0000000000000181
00000077249d7439
000000772fba0a79
00000077644c0d79
00000077727ea059
0000007794113659
00000077b7080099
00000077c8686c79
00000077d085db79
00000077d648dcd9
00000077e5574319
00000077ec8eb679
000000780ef0d179
0000007821bfc6f9
00000078245081f9
0000007877c7ac59
0000007877c7af59
000000788e242bf9
00000078ba2fe099
00000078ca499659
00000078f16821b9
00000078f26dbcb9
0000007908bf9f79
000000799df52c19
00000079ad34fed9
00000079be14e779
00000079e0be3b99
0000007a0b7dad59
0000007a3e265e59
0000007a47d4d1f9
0000007a52082c99
0000007a587b4df9
0000007aa51d78d9
0000007aa51d8239
0000007aae9adc39
0000007aefd23739
0000007af70a1659
0000007b0501cd79
0000007b6c3ab099
0000007bc52210f9
0000007bf9048739
0000007bf9e01cf9
0000007c01017cb9
0000007c0ff8a1f9
0000007c2218dfd9
0000007c42e34e79
0000007c6d3155d9
0000007c8a5db419
0000007cc5347099
0000007cd47aef39
0000007cf326ab19
0000007d15b21539
0000007d5de7f999
0000007d6f06b6b9
0000007d6f06b8b9
0000007d7376b9d9
0000007d826db899
0000007d826dba39
0000007db2999b39
0000007dcbc5ebd9
0000007de23baf59
0000007e07808a19
0000007e1a708299
0000007e7384d999
0000007e98123bd9
0000007ea15925d9
0000007eaf0c3579
0000007ed9493bf9
0000007edf3a91f9
0000007ee9c61d99
0000007ef6de3e79
0000007ef918a4d9
0000007f56fae6f9
0000007f7c9d7a19
0000007f827b6eb9
0000007f834ed7f9
0000007f8c0b60b9
0000007fa304b5d9
0000007faa16da39
0000007faa16fa59
0000007fac946659
0000007fcee534f9
000000801146a579
00000080305bc099
0000008050092c19
0000008050099779
00000080594b0419
00000080594b1ad9
00000080594b30f9
00000080594b3ad9
00000100dcb6af61
00000000031d4e71
0000000000000181
000000806ed814b9
00000080736c12d9
00000080852b8f19
00000080b6ed2099
00000080bfc1be19
000000815c847a79
0000008165981739
000000818b6f0a99
0000008193d30119
00000081b19c4b19
00000081c31ed319
00000081d6b19379
00000081f4017c99
00000081f40192d9
00000081f401a619
000000825077e2b9
0000008274aa1e99
00000082777247f9
00000082b7d2feb9
00000082e1278bf9
00000082fbde0019
00000083659065d9
000000837b17a2d9
0000008381aa1fd9
00000083af4c8799
00000083b3b076d9
00000083b3b08a39
00000083b3b08ad9
00000083b3b08b19
00000083b3b091b9
00000083c33321b9
0000008404873b19
00000084278f99d9
000000844598f639
000000846719f839
00000084be03ccd9
00000084d821e9f9
000000852024d259
000000852f748239
000000853e055919
000000854a390b99
0000008582be2db9
0000008582be2f59
0000008582be31f9
0000008582d3e619
000000859f9d33d9
00000085efe47939
00000085f943a4f9
000000865eb08a99
0000008689f48b39
00000086a9f740b9
00000086c9f17b99
00000086c9f18df9
00000086ca0b29d9
00000086dc8bd8f9
00000086dc8bdc39
000000870c160079
000000870c161739
0000008719f7de99
000000872a6e6dd9
000000876cc62939
000000876cc63d59
0000008785341859
00000087b73b6579
00000087db7c7019
00000087f340b759
000000881bb74db9
00000088310df279
000000883f649299
000000884e1fc5d9
000000884fe1f6d9
000000887514dc59
0000008876132d79
000000887b6c2399
000000887b6c2819
000000889defc819
00000088a6f86c99
00000088be71b019
00000088f0b4f9f9
000000890e88aef9
00000089149602d9
0000008914961c79
00000089485319d9
0000008953c91cb9
000000896dcdbf99
000000897ee0d339
000001137d214361
00000000031d4e71
0000000000000181
00000089d0f55c79
00000089d3e606f9
00000089e07eb9f9
00000089e275ea99
00000089f1c83739
0000008a5f24fd79
0000008a5f254a39
0000008a6271c899
0000008aa6e7dad9
0000008ac463a3d9
0000008aca8077d9
0000008acf523839
0000008acf524c19
0000008ad46cead9
0000008b6e7a56f9
0000008b785ef619
0000008b785f02f9
0000008b9b189919
0000008b9ffae819
0000008bdc4d9719
0000008bdc4dabb9
0000008bdc4dad39
0000008bdc4daeb9
0000008c0d106479
0000008c20ada379
0000008c589300f9
0000008c6199d339
0000008c6199dcb9
0000008c6308fe59
0000008c802dcdf9
0000008c8177fe39
0000008c88078579
0000008ca4ce93f9
0000008ca4cec439
0000008d07409bd9
0000008d0740ad59
0000008d302e2339
0000008d619d56d9
0000008d81021819
0000008d810219f9
0000008dc05a2399
0000008dc6a7ec19
0000008dd7adc8f9
0000008ddd183799
0000008de6ca5c59
0000008e00c6e379
0000008e061f8079
0000008e19fa8a19
0000008e354262f9
0000008e46920679
0000008e4cb2b879
0000008e57a74979
0000008e748f3e19
0000008e748f4df9
0000008e748f4e99
0000008e7fb2a3d9
0000008eabd4e279
0000008ef1940379
0000008f0b791cd9
0000008fc067fb19
0000008fe4d09959
0000008ff4cf0d39
0000008ff4cf1d19
00000090312bd779
00000090316fab39
0000009046c44139
0000009046c442b9
000000907c9a0899
00000090888978d9
0000009099d1fc59
00000090adca8419
00000090c8f83e99
00000090f0fa7599
00000091083fcf99
0000009128828119
000000915a7166d9
0000009191c38df9
0000009192bed719
00000091ba2866b9
00000091e5f65d79
00000091e926bc59
0000009201646479
0000009235645259
0000009244332139
000000926125c999
000000926f4b4f99
00000092736f6579
00000092fb0ad139
00000092fc582779
000001261d8bd761
00000000031d4e71
0000000000000181
000000933e193039
0000009344f86059
000000936392b839
0000009364d22e59
0000009368135199
0000009398d3c4b9
0000009398d3c6f9
000000939f82ed39
00000093a989c0b9
00000093c647c519
00000093da178e19
00000093dcdf3d99
000000942fe8e0b9
00000094818fe219
00000094ba9d4939
00000094bbe900d9
00000094d4453779
00000094db3b50b9
0000009532299679
0000009534904c59
0000009542acd0d9
000000956ad75d59
00000095741d9479
00000095807b5879
000000958f197459
0000009595e7b9d9
00000095b3111939
00000095c91b7e99
00000095d79c9ff9
00000095ef5f3df9
00000095ef90c6d9
00000095ef90db39
0000009622438d79
0000009626e813f9
0000009635f3fc59
0000009654813319
0000009687a67699
000000971b03b079
000000973b4bc2f9
000000973b4bdef9
0000009757f2ef19
0000009760577e99
0000009774cbb6b9
0000009774e25e59
000000978813b599
00000097a586fb79
00000097f5ac1f79
0000009800886db9
000000986ae5ceb9
0000009880609c39
00000098ee678639
00000098fe590119
0000009918b59fb9
0000009931ab78d9
0000009953a0cf99
000000996f9bbb79
0000009a1647b079
0000009a5130c219
0000009a6c0efe99
0000009a89780499
0000009ad6a5cc99
0000009b0ecd0f39
0000009b116b3859
0000009b143b5c79
0000009b556abf39
0000009ba62eaad9
0000009bcabdd879
0000009bdb30b839
0000009bf2212879
0000009bf9c0e219
0000009bf9c0f559
00000138bdf66b61
00000000031d4e71
0000000000000181
0000009c7c1905f9
0000009c935d5e79
0000009d1a5ff099
0000009da56813f9
0000009da5682839
0000009dd67fefd9
0000009e3f2f3719
0000009e498be319
0000009e6d8591b9
0000009ea4acb479
0000009eb30b8379
0000009eb7a281f9
0000009ec5344299
0000009ed6ff20f9
0000009efbfbaf19
0000009f283ab139
0000009f8724fcd9
0000009fa4794eb9
0000009fcc1cb459
0000009fdb701c79
0000009ff7da6659
000000a02668f219
000000a032b76719
000000a04e659f19
000000a0f2c0eaf9
000000a116b3a299
000000a1174b9cd9
000000a12d4e24d9
000000a12d4e26b9
000000a18ffa6419
000000a223f02d99
000000a246543239
000000a2466665b9
000000a24b7d9879
000000a250a6f4d9
000000a2ac5024b9
000000a2b9965c99
000000a31292e499
000000a31ead72b9
000000a31ead8619
000000a3343ee939
000000a3630b16f9
000000a36bec6dd9
000000a3bf375379
000000a3dc89f6b9
000000a3dc8a0879
000000a4108e9779
000000a4250995b9
000000a44760aef9
000000a4522fc819
000000a49a325119
000000a4b420f859
000000a4b5bf0719
000000a4bd3af259
000000a539ff4fb9
000000a578f76fd9
000000a591ba80d9
0000014b5e610061
00000000031d4e71
0000000000000181
000000a5b8520699
000000a5b9928c19
000000a5b9c523f9
000000a5d5a753d9
000000a5e6f50a59
000000a5f8e0df59
000000a620162f79
000000a6284a7079
000000a63b4f9d59
000000a6496e39f9
000000a662191b99
000000a662192319
000000a6672b8cf9
000000a668ae7939
000000a6a76fc179
000000a6b52882f9
000000a6cf636339
000000a6cf6375f9
000000a6f32bb0b9
000000a70e3a72b9
000000a725aa7579
000000a72d4b61b9
000000a7a192c499
000000a7b1eb45d9
000000a7dcb5c3f9
000000a81bc87f59
000000a82853da59
000000a82ab5a959
000000a82cacedb9
000000a86792cef9
000000a889aa9b79
000000a889aaac59
000000a8b0efd179
000000a8ca9c5579
000000a8ca9c68f9
000000a90c350059
000000a924ca9139
000000a936b50279
000000a944f11cb9
000000a94b102c19
000000a955d0c7f9
000000a955d0da19
000000a982500fb9
000000a9825022f9
000000a993505f39
000000a9fd65ba99
000000aa0e3004f9
000000aa78870a79
000000aa84c52439
000000aad0ffbab9
000000ab0488dc59
000000ab2c7dfbb9
000000ab44278459
000000ab44279759
000000ab47b0ebb9
000000ab51827499
000000ab547592f9
000000ab8cb1b779
000000ab91b265d9
000000ab91b27939
000000aba12a7019
000000abc4f32e79
000000abf63b3ff9
000000abf63b52b9
000000ac4c0dde99
000000ac952478f9
000000acbbc35b99
000000accaa351f9
000000accb152bb9
000000acdc2ce939
000000acdc2cf639
000000acf98b8b79
000000acf98ba939
000000acfd2dfe99
000000ad0eee2b59
000000ad88b76e99
000000ad8e416e79
000000add2a66d99
000000addb627f59
000000adf26d71d9
000000ae680d12b9
000000ae77897ef9
000000ae7d273d99
000000aebb9437b9
000000aebb944979
0000015dfecb9461
00000000031d4e71
0000000000000181
000000af2008cf39
000000af218e0e19
000000af2cdb5099
000000af397a1ef9
000000af7e3ffa39
000000af7e400f59
000000af8b861339
000000afe3c5c099
000000affd1103f9
000000affd112139
000000b00117c699
000000b008307cb9
000000b00db436f9
000000b0220a9079
000000b07625dbb9
000000b076264439
000000b085ad0799
000000b09686d199
000000b0f2839a59
000000b19d6449b9
000000b1a9318079
000000b1aa864f99
000000b1df5f2599
000000b1df5f3659
000000b1f136c959
000000b1ff0cd259
000000b21243b399
000000b21243c419
000000b229bd8a79
000000b22d7b5439
000000b27c9a48b9
000000b2dc04af59
000000b2dc051319
000000b2f4e39219
000000b35a8ad559
000000b35a8ae8d9
000000b35a8d8d19
000000b360b78379
000000b3688f8779
000000b3688f9a79
000000b3688f9c79
000000b380685339
000000b39e8c1ab9
000000b3ab21b979
000000b3b646e4b9
000000b4137a26b9
000000b439f72399
000000b45a037799
000000b47c8d6dd9
000000b49d4334b9
000000b49d434559
000000b4f6773819
000000b517f56999
000000b51989d0d9
000000b51f30ee19
000000b5457eeef9
000000b546ff2c59
000000b561b45d99
000000b5903dcf39
000000b5afda2d79
000000b5cdae8e59
000000b5d20c8b79
000000b5d3b23fd9
000000b5ef8ce499
000000b6145359b9
000000b652a577d9
000000b65a4d4819
000000b65a4d4bd9
000000b65a4d6dd9
000000b66a4117b9
000000b67741bff9
000000b6799592f9
000000b6a2a9ed79
000000b6a2a9f5b9
000000b6bf33dfd9
000000b6cd2ac4f9
000000b6d63d1cd9
000000b6f1f545b9
000000b6f1f566b9
000000b6f1f56759
000000b710610099
000000b71821cfb9
000000b720cef2d9
000000b76fddc919
000000b7a1accfb9
000000b7c667b059
000000b80ff32cd9
000000b81c0fb399
000000b824fa2c39
000000b82d88e219
000000b82fd62a59
000001709f362961
00000000031d4e71
0000000000000181
000000b87e4593f9
000000b8916e4ef9
000000b8916e5679
000000b891931e39
000000b891932699
000000b891932b39
000000b89846a239
000000b8a9221659
000000b8d3572c79
000000b9040bef59
000000b9151fc959
000000b933bfe979
000000b93717f5b9
000000b96bb3c919
000000b9c33af999
000000b9c380c679
000000b9c4b9aab9
000000b9da476079
000000ba086fc0d9
000000ba14e75899
000000ba36e3a3d9
000000ba5863a299
000000ba7166b319
000000ba7166ba79
000000ba7166c5f9
000000ba9946c5d9
000000bac9a4acd9
000000bafc92f339
000000bb112632b9
000000bb50aadb59
000000bb92369079
000000bbd6271819
000000bc0f0e8e19
000000bc218bfd19
000000bc8f07fe19
000000bc9e5107f9
000000bca4340899
000000bcad1d1759
000000bcc5ba5339
000000bd0686fab9
000000bd1e2997d9
000000bd22e07e19
000000bd474a1c99
000000bd58f3c039
000000bdc0fe2539
000000bdd8e9b4f9
000000be00038bb9
000000be00039d59
000000be08cbce79
000000beb210d859
000000bed64f2739
000000bedb9d84d9
000000beeebd9fd9
000000befead3cb9
000000bf3d47e2b9
000000bf41f9a4b9
000000bf43382459
000000bf74989d99
000000bfb9238939
000000bfba529319
000000bfc1863879
000000bfcdbed899
000000bfec55b359
000000c01ccdba59
000000c01e77f9b9
000000c04316d339
000000c048fb86b9
000000c08565dc39
000000c0b533ddb9
000000c0cfb51e39
000000c0cfb51ff9
000000c1413155d9
000000c142019f19
000000c1815be159
000000c1815c58b9
000001833fa0bd61
00000000031d4e71
0000000000000181
000000c1a7d7edf9
000000c25726bf19
000000c274c0ded9
000000c2bc048b39
000000c2d0bc4599
000000c2f500e839
000000c300192a99
000000c35867d439
000000c3621a55f9
000000c37db717b9
000000c3a09ec139
000000c3aa456d59
000000c3cb5491d9
000000c3cbbb0019
000000c3db166739
000000c40f113e19
000000c423eb71b9
000000c4294a0bf9
000000c434a551b9
000000c462dc6bf9
000000c462dc7e99
000000c462dc7f19
000000c462dcdbb9
000000c46de295f9
000000c493ad63b9
000000c4c78e6339
000000c4e1986459
000000c4ed5c7e79
000000c4ef177079
000000c4fb932a19
000000c51480c359
000000c52b1ce8b9
000000c52b1cfeb9
000000c5376e20b9
000000c5857893d9
000000c58578fdf9
000000c5ba643039
000000c5bdcd4ff9
000000c5c415eaf9
000000c5ede710f9
000000c63dc60479
000000c66f7d9e99
000000c6f2d7ca59
000000c706f6bb19
000000c715c3a5d9
000000c73cab5539
000000c74669a479
000000c74b26d359
000000c758208939
000000c75e720f19
000000c79293aff9
000000c79293c2b9
000000c79293d6f9
000000c7ba6cc299
000000c7c5818fb9
000000c7ce6141d9
000000c87e41db79
000000c8837d03d9
000000c895029719
000000c896ceb3f9
000000c8a17f1cd9
000000c8ba180839
000000c8ba180d79
000000c8ba1820b9
000000c8ba182279
000000c8ba1822f9
000000c8ba182339
000000c8ba1829d9
000000c8cc626e59
000000c8f2d47179
000000c8f4230b99
000000c918a020d9
000000c9203be979
000000c9210fe039
000000c922cccf99
000000c922ccef99
000000c948229dd9
000000c979560439
000000c979780919
000000c99651cd99
000000c9b95ec239
000000ca24d40b39
000000ca872aaff9
000000ca9287b2f9
000000cabc6340d9
000000cabf947139
000000cacc9377d9
000000cad64b09b9
00000195e00b5261
00000000031d4e71
0000000000000181
000000cb3f524f79
000000cb3f526139
000000cb3f526239
000000cb3f52eab9
000000cb4698d2b9
000000cb6668f1f9
000000cb826f0759
000000cb85344ab9
000000cb85346179
000000cbb58c16b9
000000cbc25cdb19
000000cbd57bb6d9
000000cbec4fea59
000000cbf54779d9
000000cbf5478cf9
000000cbf5479a39
000000cbf547a099
000000cbf5483999
000000cc49b369f9
000000cc4d2b3bd9
000000cc54bb3d99
000000cc7ab082b9
000000ccad904ff9
000000ccca66a139
000000ccfccb91b9
000000cd916dac79
000000cdce17a659
000000cdddd8a679
000000cde571feb9
000000ce476e3a99
000000cecc6f1d19
000000cef837e079
000000cef837e0f9
000000cf085471d9
000000cf20ad32b9
000000cf7f39ae19
000000cf8aaba4d9
000000cfb3694159
000000cff5a4a279
000000cff99017d9
000000d00d11ffd9
000000d036e1d419
000000d03fa954f9
000000d0463ad999
000000d06193bb39
000000d077151a19
000000d07bfc01b9
000000d08c283899
000000d0af4b4c79
000000d0c89c2619
000000d0f30f5c39
000000d12fc3d8b9
000000d12fc3e099
000000d14bb91d19
000000d14bb98ff9
000000d1519c1939
000000d1dcf80079
000000d1e5083239
000000d1f05ed159
000000d2022865b9
000000d221623c79
000000d22da63879
000000d2349f6f99
000000d2349f76f9
000000d25ec85199
000000d26f4f7f79
000000d2c1b955d9
000000d2d3a096f9
000000d3902f9df9
000000d395f8c719
000000d39ca58f99
000000d39ca59159
000000d3d6c1d519
000001a88075e661
00000000031d4e71
0000000000000181
000000d44b7abfb9
000000d44c49f5b9
000000d45862fbb9
000000d4647a5259
000000d46a0c5cb9
000000d470b95f39
000000d477b182d9
000000d4b005e819
000000d4b976ea59
000000d4cbfbdb39
000000d4ffbc54d9
000000d50e3fff79
000000d50f48a659
000000d50f48b819
000000d52dd6c559
000000d54b53f379
000000d55b771dd9
000000d5ce211959
000000d5d21ea879
000000d63370eb39
000000d689fd22d9
000000d69cabf619
000000d69cac8f59
000000d6a532bc99
000000d6bb2d5eb9
000000d6cc6bf739
000000d6cc9c6759
000000d6ce4352f9
000000d6eac65a79
000000d7165e34f9
000000d73ebca179
000000d752229159
000000d7627c4679
000000d76d15d419
000000d7886f5579
000000d78ee82059
000000d78ee88999
000000d7cff0c399
000000d7e45ee079
000000d7e45ef7b9
000000d8191e30d9
000000d87c5c3339
000000d886d2e6f9
000000d8c376edf9
000000d917165db9
000000d91ec14879
000000d94145f099
000000d9917b8819
000000d9917c3cf9
000000da16ce05b9
000000da6cbdbbf9
000000da8fcbd919
000000daa0b36c79
000000daac4104d9
000000daaea774f9
000000dade8baab9
000000dafcea2ad9
000000db49124ef9
000000db8d58ec59
000000db97e36779
000000dbb01d57f9
000000dbc7655b59
000000dbe48452d9
000000dbf35ab799
000000dc014b0419
000000dc0b719c99
000000dc0f664bf9
000000dc26fc9799
000000dc373ba9f9
000000dc373bbc39
000000dc527dcdd9
000000dc62791199
000000dcbccb5759
000000dcbccbae39
000000dcbe66be99
000000dcbe66d759
000000dcdfd63a79
000000dce9562d59
000000dcea0c8df9
000000dd2e508979
000000dd3e265739
000000dd613dcad9
000000dd703d29d9
000001bb20e07b61
00000000031d4e71
0000000000000181
000000dd9e22a719
000000dda6b18419
000000dda704c8d9
000000ddb13f3f39
000000ddce95caf9
000000de17435119
000000de2ca3de19
000000de36a11279
000000de37ad4959
000000de37ad5cb9
000000de8c480239
000000de8e783ef9
000000deaac586f9
000000deaac597b9
000000dec0126459
000000dec37069f9
000000dee4194359
000000dee4195679
000000df25a78b79
000000df39200899
000000df3b8cff79
000000df564bbcf9
000000df7d128ab9
000000df9e915799
000000dfc4c32759
000000dfc5438059
000000dfd9a0d0d9
000000dff293ccb9
000000e04942b099
000000e05487e5d9
000000e067a06db9
000000e06996a919
000000e0722e3539
000000e07d16f579
000000e0803091d9
000000e08030a559
000000e08ad828d9
000000e0aa251bd9
000000e0b5c9c5f9
000000e0e60684b9
000000e0fb8cbe79
000000e10bf8abd9
000000e12562f419
000000e14cbd7f99
000000e15b82ca19
000000e15b82f999
000000e17e3b5b19
000000e18f032059
000000e1943ce5f9
000000e1e5a33a19
000000e222489979
000000e26ca3caf9
000000e2c07a1a19
000000e2c07ab7d9
000000e2d9403c79
000000e2f0c11ab9
000000e33c3ea799
000000e3463f9259
000000e3684c95f9
000000e375fd7d19
000000e3f0e9d2d9
000000e3f8736b79
000000e4333116f9
000000e477c4a379
000000e477c4b1f9
000000e4a6ef30d9
000000e4d36d9db9
000000e4e9d82df9
000000e4f5d574b9
000000e52cf65939
000000e52dcbf3b9
000000e543321d19
000000e5455b0d39
000000e5455b15f9
000000e5455b3739
000000e5bc501f39
000000e5beab30b9
000000e5c8344e59
000000e5da207659
000000e5da2077f9
000000e5ea80f9d9
000000e5ffdb9bd9
000000e5ffdc5379
000000e6009f8979
000000e6009fa6d9
000000e6021d5999
000000e605b604f9
000000e64f6216b9
000000e6a48f8b79
000000e6c3cd1c59
000001cdc14b0f61
00000000031d4e71
0000000000000181
000000e6f6401979
000000e6fd032799
000000e701f008f9
000000e72fc97559
000000e7330eb3f9
000000e7693c0239
000000e774ff8659
000000e792a24879
000000e792a29979
000000e7ae74d1d9
000000e7b6de9ab9
000000e7b6deab39
000000e84a670059
000000e891a94779
000000e8926ea9f9
000000e8bf884f19
000000e8c66970f9
000000e905a3e659
000000e905a3fe79
000000e98b88c1b9
000000e9b0cde939
000000e9b9f8f439
000000e9ea461419
000000ea099366f9
000000ea0fe606f9
000000ea57dd1299
000000ea58995cd9
000000ea5ea51ed9
000000ea7392f179
000000ea75901399
000000ea909547d9
000000ea93a0f339
000000eabe5490f9
000000eae44ade79
000000eb5d032b19
000000eb966da1f9
000000eb9e419999
000000ebceb2a8d9
000000ebd21e95b9
000000ebe00bb619
000000ebeb841019
000000ebed4a7519
000000ebed606299
000000ec0963de99
000000ec13dada59
000000ec13dadc59
000000ec30cf4359
000000ec3ea9fa79
000000ec40f8fd19
000000ec4f74d359
000000ec8add94b9
000000ec91b31379
000000ecbdf62e79
000000ece6135139
000000ecec3050b9
000000ecec306219
000000ecec3066f9
000000ecf045b4d9
000000ecf045c2b9
000000ecf045c7d9
000000ed21b5c439
000000ed28f39a99
000000ed5bb6cab9
000000ed80c89579
000000ed87611fb9
000000ed882f1ef9
000000ed8be3d0f9
000000edb1dc5eb9
000000edb2a0c959
000000edc92fc459
000000edcb4b46b9
000000edefcc21b9
000000ee0bdcd699
000000ee32c3d599
000000ee3aa67bf9
000000ee3aa67c79
000000ee3aa67cb9
000000ee3aa68359
000000ee3aa715f9
000000ee4378d2f9
000000ee6a5fefd9
000000ee81487b99
000000ee81488c19
000000ee96145159
000000ee96146179
000000ee9687ca59
000000eea56ca3d9
000000eeb7779a99
000000eedbf192f9
000000ef49e5dd39
000000ef852a3039
000000ef8bf8f3f9
000000efe62351b9
000000f001855139
000000f003f4ea39
000001e061b5a461
00000000031d4e71
0000000000000181
000000f034a48619
000000f0394834b9
000000f03da5f359
000000f078203719
000000f08c961d59
000000f09b41cc39
000000f0c3f852d9
000000f0d4119a99
000000f0f44b8f59
000000f0ffbbf979
000000f10316f4b9
000000f12cdf96b9
000000f1352be3f9
000000f15fa81059
000000f170bb3e79
000000f173300c19
000000f17b876a59
000000f18bc30079
000000f1d2c28319
000000f1f7904139
000000f1f7904979
000000f2018be759
000000f214a4c1b9
000000f26a80e2f9
000000f26e1a6279
000000f2a7bd5fd9
000000f2b0444d39
000000f2e33d85b9
000000f32b12f3b9
000000f33b320eb9
000000f33b3221d9
000000f3428cb3b9
000000f36e8741d9
000000f3b7f03559
000000f3da33b219
000000f3e7d5d819
000000f3e7d5e4b9
000000f3e7d5e6b9
000000f40619f2d9
000000f40bbec159
000000f40bbed2f9
000000f45bafe739
000000f47fe00999
000000f4c6d6c579
000000f4cb9a1bb9
000000f4d1a6a079
000000f4d28c0a79
000000f4d6a1f859
000000f4f3ab01d9
000000f502f27599
000000f53bdb33f9
000000f5411c77d9
000000f5411cb159
000000f543126599
000000f55de8e859
000000f58160d8d9
000000f58b79d0b9
000000f599f76fb9
000000f5a3b12f99
000000f608face59
000000f6fc792a39
000000f763f93119
000000f766acaf59
000000f779045b79
000000f792590979
000000f792591e19
000000f79b63b3f9
000000f7a2545859
000000f7a73e7d79
000000f7bf19a0f9
000000f7d8fd8d79
000000f7fc7e3339
000000f81b109459
000000f83c23bff9
000000f84f1fe839
000000f897d3c0f9
000000f897d3dcb9
000000f8c2d4ae99
000000f8cb1e2579
000000f8e8aac099
000000f8e8aac639
000000f9226831f9
000000f93e946b39
000000f9452e4899
000000f95aa9b639
000000f960c44019
000000f9789cd0d9
000000f9789ce099
000000f9789cee79
000000f9789cf539
000000f97c472579
000001f302203861
00000000031d4e71
0000000000000181
000000f99fb6def9
000000f9b7d80439
000000fa0b963019
000000fa113a1839
000000fa33c30a79
000000fa509c5639
000000fa641ef439
000000fa796fb519
000000fa839e2959
000000fa8fb2a1b9
000000faae127d79
000000fab67daf39
000000fabb0b7759
000000face3eb8d9
000000face3eba79
000000fad3c3c819
000000fad40b3e19
000000fad40b3e99
000000fad40b4579
000000fadc15fc99
000000fb1f90c799
000000fb8b4f3bd9
000000fbc1af83f9
000000fbc9ec15b9
000000fbc9ec17b9
000000fbf75b6a99
000000fc169a15b9
000000fc19f949d9
000000fc23825e59
000000fc27687839
000000fc27688e39
000000fc27d6da59
000000fc620247b9
000000fc7c49c8f9
000000fcb4b69959
000000fcb4b699d9
000000fcb4b6a0b9
000000fcb4b6a219
000000fcb4b6a639
000000fd3fdc8459
000000fd588a39b9
000000fd6a4c3359
000000fd8e8ba5d9
000000fd8e8bae59
000000fd916c7f99
000000fdb26239f9
000000fe3d57e999
000000fe3d583cb9
000000fe428b2719
000000fea20972b9
000000feafcc8219
000000fec4e9deb9
000000feddf76979
000000feed06a359
000000ff1af805d9
000000ff20f6b7f9
000000ff2e8af179
000000ff4bd8e2d9
000000ff864edb99
000000ff864f4639
000000ffaa65c4b9
000000ffcfa4a779
000000ffd8847559
000000fffbffdc79
000000fffbffdeb9
000000fffbffdf39
000000fffc004fb9
000000fffdda2039
0000010015f26859
000001001aa1cc99
0000010028087219
00000100350cd2b9
0000010087d33839
00000100b180bcf9
00000100b180bef9
00000100b180cf39
00000100b180d1f9
00000100b18157f9
00000100d76aa959
00000101273a63b9
00000101273a8719
0000010140cd7cb9
0000010140cd80b9
00000101426e25f9
000001015a03d7b9
000001015ac5ef39
000001015ac60ad9
000001016e236b99
000001016e5305f9
00000101787632f9
000001017c510319
00000101801fad79
0000010183319359
00000101b06a1579
00000101c3adcbd9
00000101eb8e5259
00000101ef156079
00000101f75f4099
0000010236e1d3d9
000001024e27f719
0000010279608299
000001028c0f70f9
000001028c0f8db9
000001028c0f9f79
00000102bc4fb0d9
00000205a28acd61
00000000031d4e71
0000000000000181
00000102d779ae19
00000102d97d27b9
00000102e1762d19
000001037bec5cd9
00000103cf7e22f9
00000103f5025af9
00000103f5026e59
00000103fe31a139
000001042a514ff9
0000010430ed9539
00000104335feab9
00000104335ff219
00000104b04185d9
00000104d75ae259
00000104dce772b9
000001050f20ae79
0000010522511ad9
000001052333ab19
0000010537542b99
0000010537549db9
000001053bbe5c59
000001058f1ebc19
00000105cdf4ab99
00000105cdf4bfb9
00000105cfc799d9
00000105e8381759
000001064247a2d9
0000010661bd89b9
0000010685a5b239
00000106c12feaf9
00000106f71271d9
00000106fc0268b9
0000010700563819
00000107074f1259
0000010708c78cd9
0000010708c79119
000001070fafa599
000001072ab22b99
0000010731bd2f79
000001075da592d9
000001076fb85879
000001079a1c8299
00000107b0759dd9
00000107c0c05099
0000010803c882b9
000001081ac85af9
0000010821eb6db9
00000108260abc39
00000108260abdf9
0000010864d04439
00000108892a9ef9
0000010891e2f3f9
000001089eccce19
00000108a099da59
00000108ca58c819
00000108ca596399
00000108e2d81d99
00000108e2d83ed9
00000109254dbf59
00000109254dd559
00000109580fa899
00000109b29dc259
00000109b3e8ddf9
00000109bc304879
00000109ce95d939
00000109ecf287d9
00000109fe686a19
0000010a2ed338d9
0000010a49cabb79
0000010a68488bb9
0000010a7279a0d9
0000010a9ad48839
0000010aa8bceef9
0000010ac56d10f9
0000010add8bee39
0000010aefe13eb9
0000010b6d09c119
0000010bb7d3f7b9
0000010bbdfc1a99
0000010bd9bd6899
0000010bdfeee139
0000010bff979a19
0000010c0c412499
0000021842f56261
00000000031d4e71
0000000000000181
0000010c53c9a679
0000010cb3fd0899
0000010cb8353f99
0000010cd3f16b59
0000010cfc2aaa39
0000010d024d55f9
0000010d024d68d9
0000010d4d55f619
0000010d567f3779
0000010d567f38f9
0000010d594ab0d9
0000010d8effe759
0000010d8f4f6539
0000010d8f4f7959
0000010d98361c99
0000010dd091af99
0000010dd76b01b9
0000010dd76b1599
0000010dd76b19b9
0000010dfb0b32d9
0000010dfba07259
0000010e12ff7919
0000010e30c762d9
0000010e49849ed9
0000010e610eec19
0000010e659dd419
0000010e659ddc79
0000010e66d10a79
0000010e97333339
0000010ea07923b9
0000010ea07dbb79
0000010ea64cd679
0000010eb6f43c99
0000010ebc74c519
0000010ec3bc16d9
0000010ed8a423f9
0000010eef4eb479
0000010f032fd2f9
0000010f2e94add9
0000010f98138839
0000010fa0070cb9
0000011017f6ff39
0000011017f71d79
0000011030b4a3f9
0000011077446519
0000011077baa059
00000110ac4b7d99
00000110b238a739
00000110c8adf0d9
00000110cfcfb6f9
00000110d211e379
00000110d8aa3319
00000110db4fd9d9
00000110f42019b9
00000110f4a67379
0000011149995659
0000011190df0219
000001119f381939
0000011240e646d9
00000112bf9dd1f9
00000112d95e9719
00000112eb6febd9
00000113601fc659
000001137b09d839
0000011406e4ea19
000001141d021b39
000001144f6e27f9
000001147b96f939
000001147b976db9
000001149175b719
00000114a1aa8299
00000114c52ffdb9
00000114c76307b9
00000114e96a5fb9
0000011514502199
000001156be11699
000001156be17d59
0000022ae35ff661
00000000031d4e71
0000000000000181
0000011575b27019
000001157e450879
00000115c5824fb9
00000115c5d5b279
00000115d6ce1d39
00000115ff75d5d9
00000116102963d9
0000011656bdb0d9
00000116bd383659
00000116c6ab6e19
00000116f307a8b9
00000116f307b9d9
00000116f627cdd9
0000011700a38839
0000011721c8d759
00000117365a7f79
0000011748cd1139
00000117564d7e59
0000011771a4c679
0000011776687e99
00000117d60413f9
0000011829cf8af9
00000118342e7cf9
000001184327f1b9
000001185e025919
000001185ef84479
000001185ef848f9
0000011888515239
000001188e117e59
00000118af2d7ef9
00000118b4bfcff9
000001190b74e339
000001192b5d1679
000001194c534bb9
00000119a054a659
00000119b9a259f9
00000119c3bbcc99
00000119ec3dc199
00000119f1b90439
0000011a0c89d159
0000011a4ccd4f99
0000011a9ff07519
0000011ab81bc019
0000011ad067fb99
0000011ad0680419
0000011adcf4c2d9
0000011ae2b2bdf9
0000011afdfcfe59
0000011afdfd06f9
0000011afdfd1139
0000011b3f4f10d9
0000011b50d82939
0000011b72028019
0000011b9540c019
0000011ba5eb3559
0000011bd7b53b19
0000011c0586b739
0000011c20e1ac39
0000011c21cef999
0000011c59a579f9
0000011c59a57bb9
0000011c73286859
0000011c793ba659
0000011ca7a2bc39
0000011cf9831ad9
0000011cf98348f9
0000011d192a7f59
0000011d1ba84f39
0000011d1e64b199
0000011d62c3eb59
0000011d9930f499
0000011db62e68d9
0000011e07adf979
0000011e0ccaa9b9
0000011e29946839
0000011e6055bd79
0000011e6055c539
0000011e662f2279
0000011e959fcc79
0000023d83ca8b61
00000000031d4e71
0000000000000181
0000011ec5ab0df9
0000011edb5c5b39
0000011ef48889f9
0000011efb1d17f9
0000011f013c0bf9
0000011f42eaecd9
0000011f45b8bfd9
0000011f56371ed9
0000011f5d794839
0000011f66aacf39
0000011fb000abf9
00000120031af5f9
00000120469589f9
000001206f0aa8b9
000001207441bcb9
000001207a477019
000001208ce60cb9
00000120a35986f9
00000120aebe7499
00000120cf14c539
00000120e82b1039
0000012114113019
000001212b727699
000001216cd1d059
0000012184524c79
0000012189f87af9
00000121a7087bb9
00000121de1080b9
00000121f14bf839
00000121fd81e559
000001221ff81d59
0000012227d258f9
000001224fe5f7d9
0000012285315f79
00000122961fe1f9
000001229e12f059
00000122dfed6a79
0000012306525299
0000012314f39b79
00000123199a81d9
000001231b9bc599
000001231c74d8b9
000001234809aa39
0000012394155ef9
000001239d9fadb9
000001239effc519
000001239effd8b9
00000123b811b719
00000123b811c799
00000123ba536af9
00000123c56fa599
00000123d1c38279
00000123d9029d79
00000123e4cf0d59
00000123fde26859
00000123fe37d6d9
000001242bc8f259
000001242c1d6f99
000001242f9a1679
000001246503aa59
0000012485083c39
000001252bbcc819
000001254fc4f2d9
00000125558963f9
000001255b048399
000001256503d439
0000012580866759
00000125d29c51d9
00000125ff1921f9
000001260ebed059
00000126215096d9
00000126373c07d9
0000012652ae6599
00000126546d6419
0000012678106dd9
000001267a3084f9
000001268300f119
000001268300f2b9
0000012683010059
00000126859f5ef9
0000012691b42079
0000012692a91979
000001269d2b5eb9
00000126a34c3119
00000126ab7d15b9
00000126b3604499
00000126cc2fc7f9
00000126f0482219
0000012700432cd9
00000127252c1179
00000127470cb279
000001276c8d18b9
0000012777175b79
0000012787c15c99
00000127b0ff46d9
00000127b3d40839
00000127fe14e399
0000025024352061
00000000031d4e71
0000000000000181
00000128148dc0b9
00000128539519d9
000001289fe21119
00000129074532f9
0000012935aef219
0000012936dc8039
0000012936dc9bd9
000001298e061f19
00000129c0d32ad9
00000129c980a279
00000129cf425999
00000129da77feb9
00000129da781e39
0000012a452ac3f9
0000012a5c7262f9
0000012a77d0f6b9
0000012a9ba1e079
0000012aac49cab9
0000012ab37e94f9
0000012abef66e39
0000012ada79e679
0000012af71732d9
0000012b08771199
0000012b20aa6d59
0000012b42ef7ab9
0000012b79cd3679
0000012b899fed39
0000012b95472a19
0000012b9d0e9bd9
0000012ba0fff619
0000012bb002a6f9
0000012bbbcb2639
0000012bcbc7efb9
0000012bd4d455b9
0000012bd5b19159
0000012bd8ce58f9
0000012bde1cc9b9
0000012bf9df2019
0000012c01fb2df9
0000012c337b33f9
0000012c482bbd79
0000012c56b0cb99
0000012c5cb9e779
0000012c60af43b9
0000012c7e384d99
0000012c95f29e39
0000012c95f2ac99
0000012c96f5d779
0000012cdd8ff719
0000012cfa63eed9
0000012cfb520119
0000012d481e6cb9
0000012d6bd2fdb9
0000012d7fd25199
0000012d909911b9
0000012dade8db19
0000012dade8e279
0000012dade8f279
0000012dbd28c3f9
0000012dd52af7b9
0000012df5ee0e19
0000012e07d75b19
0000012e3da8e399
0000012e46888c59
0000012ea4767af9
0000012ea4768c79
0000012ea4768e19
0000012eb1402f99
0000012ee24dacb9
0000012ee4c59c79
0000012eefb51f59
0000012ef63d95f9
0000012f254c8299
0000012f25cfb499
0000012f2813ecb9
0000012f28c50559
0000012f36eb1c19
0000012fc19db019
0000012fc19dcf79
0000012fc297b559
0000012fca622839
0000012fcb8ae999
0000012feddc2ad9
0000012ff0e19879
00000130188e5c79
00000130188e6f99
000001301d7aa039
00000130972d20d9
00000130a6764c79
00000130aaffc7b9
00000130aaffd839
00000130f0f30199
00000130f6cd6cb9
00000131147f6119
00000131403eb279
00000131403eb9d9
000001315470a299
00000262c49fb561
00000000031d4e71
0000000000000181
000001316b845199
000001317198ab39
00000131837a8539
000001319135f819
0000013198f157f9
00000131a94568f9
00000131e6f71e79
00000131e6f72019
000001320d6851b9
0000013226393639
00000132adeb5af9
00000132bebe1579
000001330e89ffd9
0000013310c441d9
00000133185c7039
000001332773cef9
000001332b9295d9
0000013331ff2bf9
0000013340a317f9
00000133a0041839
00000133e5b46259
00000133e6038c19
0000013408a4e6d9
0000013428f6edd9
0000013482772859
00000134827728d9
000001349cdab839
00000134bc7a6439
00000134ccac2719
00000134f9677bb9
0000013505560c19
0000013514e48bb9
0000013531fd5339
0000013561f13eb9
000001356d88b8b9
0000013580d5a119
0000013582b9aa19
00000135c494f4f9
00000135d2496b79
00000135e4b75df9
000001360d13ca99
000001361e5d9cf9
0000013652760c39
00000136578344d9
000001366d9c1959
0000013690161df9
00000136c9be58f9
00000136d90d57b9
00000136d9dfaa99
0000013733e595f9
0000013782ec2d19
0000013790d56ff9
0000013795a87479
00000137f203b659
000001380414fc59
0000013806136c19
000001380f4040b9
000001381ce30c99
000001381f521c19
00000138639d1319
000001386c8f9a59
0000013871e333f9
000001389cce38d9
000001389ff5d659
00000138ae008cf9
00000138d5b0d4f9
00000138e51df4b9
00000138ebef1ed9
00000138f9df3d79
000001390fdda5d9
0000013922591e79
000001397b17d0f9
00000139a402b6f9
00000139a6eea279
00000139fed651f9
0000013a0f9be399
0000013a143d70b9
0000013a143dde39
0000013a49417599
0000013a8611f639
0000013a8fc92519
0000013a9566f839
00000275650a4961
00000000031d4e71
0000000000000181
0000013ad46aacd9
0000013b31b83559
0000013bbd18a519
0000013bede77b79
0000013bfa568c39
0000013bfa56a699
0000013c104f48b9
0000013c4b2a66d9
0000013c4b2b7ab9
0000013c4eb11859
0000013c4eb14659
0000013cba875239
0000013cba876879
0000013cee50e4f9
0000013cee5116d9
0000013cee516219
0000013d2050b659
0000013d685db599
0000013d890d8ad9
0000013dcac82d59
0000013dcf68e7d9
0000013ddf487959
0000013df483aa59
0000013e1149edd9
0000013e1a0df819
0000013e375bba79
0000013e78a6cbf9
0000013eb84b94d9
0000013efd79d4b9
0000013efea37619
0000013efea43e19
0000013f4c35f059
0000013f5e5d0019
0000013fbcafa519
0000013ffb51e019
000001400696c919
000001400b0a1b79
000001405cec1759
0000014067ef9639
000001406c7c6679
000001406c7c67d9
000001407d9e5a99
00000140ac50d159
00000140ac50e119
00000140ac50e859
00000140ac50f1f9
00000140c9420c99
00000140f7520ab9
00000140ffe635b9
00000141134c7079
00000141241b81d9
000001419ad489d9
000001419f90d4d9
00000141a0162d19
00000141c1556c99
00000141d7d5d279
00000142091bb0b9
00000142091bb299
000001422f2d24b9
000001428205b9d9
00000142940db6b9
0000014295d85cb9
00000142f6e88959
0000014315212239
0000014350edda79
0000014366e19c39
00000143850ced99
00000143a07d57d9
00000143a9268a39
00000143cc202579
00000143d742cc59
000002880574de61
00000000031d4e71
0000000000000181
000001440fde5db9
0000014419c9c119
00000144249092b9
00000144426ff319
000001447cce2b99
000001447cce3e99
000001447e4912d9
000001448ee5dc59
000001449f411539
00000144c4addef9
00000144cf6a38d9
00000144e81d90b9
00000144e88a3b59
00000144f64d0e19
0000014530bea339
0000014539ca9e39
0000014550c1f299
0000014580af6fd9
000001458145e779
000001458a021d19
00000145a1bf97b9
00000145fccb5019
00000146039924d9
00000146171b4d19
00000146302010d9
000001465abba339
000001465bd97819
000001465bd99779
0000014677414bb9
00000146aeb09ab9
00000146b161f839
00000146d03dcdb9
00000146f544da59
00000147251a2c19
0000014747ad86f9
000001474d75fe39
0000014770f7e819
0000014786cafa19
000001479e7e01d9
00000147b8900019
00000147b8901339
00000147c456b1b9
0000014806f256d9
000001481e1c5979
000001481f55a879
00000148336a5979
0000014839853c39
0000014855f88679
000001485abe4fb9
0000014862324979
00000148662114b9
000001489dcd2919
00000148adc944f9
00000148e2dc5c99
00000148e2dcb519
00000148f321d9d9
000001491d00d399
0000014945bae259
0000014969584399
00000149695859f9
000001498f649519
0000014990287c19
00000149957e8e79
00000149b57b4d59
0000014a09d69899
0000014a47946819
0000014a4794cc79
0000014a68d4d019
0000014aa17ede19
0000014aa3ea0cd9
0000014aa5459859
0000014aaa1b1cb9
0000014b2229e7f9
0000014b23aa1ef9
0000014b8ed80a19
0000014bc12fd419
0000014bc6e0c379
0000014c14319c99
0000014c1431ae59
0000014c1431c0b9
0000014c6a2e31d9
0000014c7af297b9
0000014c94706c99
0000014c9d173939
0000014cb50a9b59
0000014cbdb08299
0000014cc409f8d9
0000014cccfaa019
0000014ccd8a8239
0000014ce12025f9
0000014cf13d72d9
0000014d09773219
0000014d0b264fd9
0000014d2044ea19
0000029aa5df7361
00000000031d4e71
0000000000000181
0000014d6e19eb19
0000014d7ee17d79
0000014e1ee16b39
0000014e7ebaed99
0000014eb7d6adb9
0000014eb7d72599
0000014eb7d72619
0000014eb7d72659
0000014eb7d72cf9
0000014ec9846a19
0000014ed5e0b819
0000014ee2fd3419
0000014ee2fd3db9
0000014f1f850579
0000014f2db71df9
0000014f3661cc99
0000014f4526d5d9
0000014f4cd75ad9
0000014f55b7f4b9
0000014f660b7bb9
0000014fc0d3e219
0000014fcbd97719
0000015020732d39
0000015030101039
00000150637dce39
000001508470f399
0000015084712039
00000150b9c5abb9
00000150c743f179
00000150d198a3f9
00000150d198b3d9
00000150da16fd39
0000015116a40679
000001511844f9b9
000001512a589599
00000151400eef19
00000151400f0519
000001517dd21239
0000015196da85d9
00000151c5a3d359
00000151c5a40b99
00000151c5b91219
00000151c73a8819
00000151d984f559
00000151e5396639
000001520266b5b9
000001520a080359
000001520a081899
000001524b69ac79
0000015262375c79
00000152639f1139
00000152b21386b9
00000152d7814b99
00000152f68eeed9
0000015337bdcd99
000001535bf45019
000001539feac559
00000153d36753f9
000001540786a999
000001542c717b39
000001546891a439
000001546eab0b59
000001548bb00ef9
00000154c574c099
00000154e6ee4319
0000015509a6d3f9
000001551a0b1599
000001551a0b4dd9
000001551a0b4e79
000001551a0b4e99
000001551a0b5539
000001551b7b1f59
000001553444f319
0000015537aecc79
000001557e500eb9
00000155923d3399
00000155923d4639
00000155af0c0d19
00000155d9d61a79
00000155d9d63279
00000156006f3f79
00000156006f47b9
00000156006f5139
000001564450b8d9
0000015683ca5e39
000002ad464a0861
00000000031d4e71
0000000000000181
00000156c833f6f9
00000156cd2611b9
00000156cd268cf9
00000156f4395119
00000157062158f9
00000157088d4ab9
00000157193f2c39
0000015737eb8339
00000157395b2b19
0000015744e54599
0000015744e5b999
000001577ec549d9
00000157ea641cf9
00000157f48a5e99
000001580b5b0a59
00000158105fea59
00000158166d9339
00000158166dfd39
0000015839ec0eb9
00000158bbd22b39
00000158cb6b82b9
000001590db9b379
00000159184e9db9
0000015928b56259
0000015942b18b99
000001594b4ff5d9
00000159553b1519
000001596535c179
0000015976fce099
000001598c192cd9
00000159963ff2b9
00000159acb7cc19
00000159b1931f99
00000159c182f859
00000159ce821799
00000159ce823019
00000159d6fcbf59
0000015a25da65b9
0000015a310dc3d9
0000015a310dd719
0000015a4391cf99
0000015a4f1618d9
0000015a7025d0f9
0000015a75b5f4b9
0000015a788baef9
0000015a9b4df839
0000015a9b4df8d9
0000015a9b4dffb9
0000015aa92b6259
0000015aae84def9
0000015acaa8c899
0000015ae29092d9
0000015aff1228d9
0000015ba46b0e19
0000015bceddbd59
0000015c109bcff9
0000015c1c88e439
0000015c4afaa719
0000015c52416819
0000015c5579d679
0000015c60ca76b9
0000015c713bad79
0000015ce15acc59
0000015d12c55519
0000015d2c793cf9
0000015d30619199
0000015d30619319
0000015d410a8a59
0000015d410a9ef9
0000015d4ed508f9
0000015d53d1c979
0000015d68c2ac99
0000015d8c1506d9
0000015d9fd26ab9
0000015db7a2c759
0000015dcdceca19
0000015dd3337e59
0000015dd882f739
0000015ddaaccc79
0000015debe07459
0000015df209fc59
0000015df20a0f19
0000015e68e9c639
0000015ea82b1339
0000015f01092bd9
0000015f4c5153d9
0000015f4c516c19
0000015f4e5b1759
0000015f65547e19
0000015f65549619
0000015f6554ad19
0000015f659b4179
0000015f6e17aa39
0000015f89b7fef9
0000015f96c0eaf9
0000015fa09d7f59
0000015faa4de559
0000015fb4cf2e19
0000015fb4cf4ad9
0000015fb5540f99
0000015fc23a5df9
0000015fd32ee699
0000015fee344939
000002bfe6b49d61
00000000031d4e71
0000000000000181
000001601b583139
000001604ca69f99
000001604ca6a139
00000160831a7af9
00000160831a8e39
000001608b4ca799
000001608c847299
00000160dcd1eaf9
00000160ed3bccf9
00000160f1dcce39
00000160f1dcebd9
00000160f40297f9
000001612a8c65d9
000001612df05ff9
000001612df070f9
000001615e6eefb9
000001616b140d79
0000016180f3d4d9
000001619e5c8719
00000161eb473139
00000161f218cff9
0000016201d68479
0000016236716979
0000016262733499
000001628d2b9d79
0000016290e6be99
000001629854a4f9
0000016361fa13f9
00000163aef4b3f9
00000163be49b9f9
00000163c3321219
00000163e3392e79
00000163ffe768b9
000001641d3f2259
000001643a4ff519
000001644f907499
0000016467a55bd9
000001647bfcd0f9
000001647bfd4e79
0000016483f2add9
00000164841a0cd9
00000164aa5af639
00000164dd499e19
00000164e8d50bb9
00000164f3ede299
00000164f3ee3f39
00000164f89e2939
000001650da88859
0000016512f88d79
00000165338fbb59
000001653afb4f79
000001653afb6039
0000016666ed4779
00000166cddc8579
00000166df9827d9
00000166e64408d9
0000016704e49b59
0000016714206459
000001672c6ef339
000001672d9fbbd9
00000167514f7e19
0000016798569dd9
00000167abcb5599
00000167aff6dcd9
00000167cb4147f9
00000167ed6e5bf9
00000167f567f679
000001681174d7b9
00000168118b9779
0000016865da8039
0000016892bd7859
00000168c8f12cb9
00000168d8b59b19
00000168d8b5b1d9
00000168f0d295f9
00000168f9bc6039
000002d2871f3261
00000000031d4e71
0000000000000181
0000016976328a79
0000016994063239
00000169dc9c1819
00000169de2048d9
00000169ed63c0d9
0000016a14172c79
0000016a2c7e0f39
0000016a6e785679
0000016a8f629759
0000016a8f62a739
0000016aa4c99039
0000016ada0455b9
0000016b2bfba8f9
0000016b2ef4ab79
0000016b6a893139
0000016b867fb999
0000016ba61b2e39
0000016bbb00c379
0000016c0e988b59
0000016c1e996d59
0000016c815564d9
0000016c9e4a18b9
0000016ca1fe5219
0000016ca999a339
0000016ca99a25b9
0000016cae437359
0000016cb904a599
0000016cc2ccee59
0000016cc3b294f9
0000016cc3b2a739
0000016d043588f9
0000016d50ecbdb9
0000016d60b36c79
0000016d7fb87359
0000016d9b7e2519
0000016da0160779
0000016db74f7719
0000016dbabd58d9
0000016dc5f2c7b9
0000016dcb9f6a39
0000016dcb9f7db9
0000016e1a0f7179
0000016e2778ec39
0000016e30e15939
0000016e3d9213f9
0000016e5d7749b9
0000016e88211299
0000016e9c8bf1d9
0000016e9e08a039
0000016eabb15879
0000016eadad6119
0000016ecd054a59
0000016ee9e71799
0000016efe625239
0000016f05112339
0000016f4e1a07f9
0000016f54288bf9
0000016fa7bd3b19
0000016fc3d33079
0000016fc3d34739
0000016fec49e879
0000017014b88f99
000001701dac33d9
000001701dac45f9
00000170242bf3d9
000001703f3859f9
0000017040249059
0000017093e73499
00000170b35ee239
00000170cebb4d99
00000170d13973d9
00000170e3a133b9
0000017104f39439
0000017104f395f9
0000017104f39819
0000017104f39999
0000017104f41cb9
000001711009e239
000001712e5414d9
000001713cbb02f9
0000017151b91679
0000017151b92ef9
00000171658d7459
000001716895b2f9
0000017178c65159
00000171d2f3c4b9
00000171e14ad119
00000171ff70a7f9
000001720865d3b9
00000172308692d9
000001723086a859
000001726102d199
0000017291f825d9
000002e52789c761
00000000031d4e71
0000000000000181
00000172dcee97d9
0000017387580599
0000017398aa8739
00000173d8731d79
000001740be451b9
000001743169dcb9
000001743fa5b6d9
00000174436c0919
00000174906ff139
00000174906ff839
00000174dd8b86b9
000001750b8f4479
0000017550dfdad9
000001755395bd39
000001755a9366b9
000001755a937699
000001755a939779
00000175bd5013b9
000001763bcde4d9
0000017647f11399
0000017647f12ff9
00000176553098b9
00000176caa8cb39
00000176de406759
00000176e1df6159
000001770b4e4c19
0000017726c99af9
0000017745b59819
0000017749e3ee59
0000017785cd5c19
00000177b8978619
00000177d314d499
0000017817434b99
0000017857ac50d9
00000178716c94d9
00000178ab582359
00000178ab583f19
000001790389ba59
000001790fa828d9
00000179348e6379
0000017941ac1b39
0000017942127479
0000017945e03699
000001796bee01d9
00000179ba1aba79
00000179d815e199
0000017a078c88f9
0000017a0b939a39
0000017a4d7d0b79
0000017a4e8d6ad9
0000017a637dd759
0000017a9556af39
0000017ad0cdca59
0000017b0877f1b9
0000017b10053219
0000017b4f53f9f9
0000017b64b6c0d9
0000017b6dc30179
0000017b6dc31819
0000017bc42baa99
0000017bc9f289f9
000002f7c7f45c61
00000000031d4e71
0000000000000181
0000017bf1d3df39
0000017bfc070199
0000017bff6532f9
0000017c065acc99
0000017c096a6679
0000017c38b2ab39
0000017c423eed59
0000017cb3407d79
0000017cb846da79
0000017cb9ce8879
0000017ccd80b4f9
0000017cd538edb9
0000017cf7c44899
0000017d00615a59
0000017d81ae8659
0000017d9e86e959
0000017da9cef639
0000017dab1130d9
0000017db5f2d759
0000017db77bcd79
0000017dbabf45b9
0000017dbbf72e39
0000017ddb67e6f9
0000017ddef64d19
0000017e39617dd9
0000017e4de949f9
0000017e4de95179
0000017e4de958d9
0000017ea6cea139
0000017ed2e464d9
0000017eff7cb979
0000017eff7ccef9
0000017f3c069379
0000017f51d31939
0000017f64b5a4b9
0000017f8e61a2b9
0000017fad383eb9
0000017fc160a9b9
0000017fcbd05539
00000180114bea19
00000180346bb719
000001807294b3d9
00000180b4dcc999
00000180b4dcd0f9
00000180d125bd39
00000180d125ce19
00000180ec78ee39
000001810c6fe499
0000018174fa9bb9
0000018174fac479
0000018186e03399
00000181c091c399
0000018239584bb9
000001825b8340f9
0000018267d8e7d9
00000182cfbc6639
00000182d41d04d9
0000018351416d39
000001835a1e8479
00000183ba986ab9
000001845506bd79
000001845506d159
00000184a92dcf99
00000184b2144119
00000184ed116d59
00000184f36d19b9
0000018510aed319
0000018510aeee19
000001851ba56c79
0000030a685ef061
00000000031d4e71
0000000000000181
000001855c47b7f9
0000018598b3a479
00000185c116eb79
0000018631f13b79
00000186424c2a19
0000018645f7a959
00000186626b3059
0000018674707199
000001869272daf9
00000186b9befb99
00000186d0e1e4d9
00000186d3727159
00000186e0d9b619
00000186eb679059
0000018703f767f9
000001870be887f9
0000018715038499
000001874ab40819
000001878352ead9
00000187b1dcdf59
00000187f08ed519
0000018828fef9f9
000001884eb657d9
0000018867ceec99
0000018867cefd59
00000188909bc459
00000188a0100879
00000188b8bdf459
00000188de0f24b9
0000018901a0fef9
0000018904174a39
00000189074c9519
0000018917f91259
000001895f7aefd9
000001897ffeaa99
000001899971a639
00000189d83fca79
00000189ff0df019
0000018a44b16899
0000018a53893579
0000018a605a67d9
0000018ab0a02179
0000018ac0b93339
0000018ae12b58b9
0000018aea6da119
0000018aee4df6d9
0000018af0fae4f9
0000018b0c89e359
0000018b48d0f839
0000018b4a455d99
0000018b50202759
0000018b59550f19
0000018b7c316859
0000018bc591dbf9
0000018bfca06059
0000018bfca071d9
0000018bfdb1fbd9
0000018c06a71c39
0000018c448b4439
0000018c4ace8679
0000018c60531079
0000018c78309f59
0000018ca2360a39
0000018cc37525f9
0000018cd44ec7d9
0000018ce3c62b79
0000018ce9b22bf9
0000018d29826f99
0000018d432d0799
0000018d5f2497f9
0000018d60572a59
0000018dde7696d9
0000018de0925c19
0000018de5de2fd9
0000018e00f26a79
0000018e1f157839
0000018e1f157a19
0000018e242d17d9
0000018e474fa2b9
0000018e500261b9
0000018e54efd599
0000018e59d1b259
0000018e59d21799
0000031d08c98561
00000000031d4e71
0000000000000181
0000018f10843b99
0000018f254906f9
0000018f29438a59
0000018f38543cd9
0000018f5afb5259
0000018f66767099
0000018f995ce299
0000018fa3430b99
0000018fa3430d19
0000018fc727e579
0000018fe39c8239
0000018ff0dccfd9
000001901ae4c559
0000019026d11759
0000019085f8f519
0000019085f97599
00000190b264b239
00000190dba17d19
00000191043f1a79
000001910799f499
00000191079a0939
00000191082474f9
000001911a6f8eb9
0000019123d53999
0000019123d571f9
0000019123d5b659
000001912fd8ac19
000001912fd8bfd9
000001913536f2d9
0000019155387639
0000019155387bf9
0000019155389b19
00000191562ac879
000001916a0769f9
00000191db038f39
0000019206a10859
0000019242aa34b9
000001924bc827b9
000001925a6d3339
0000019273286d59
0000019273286ed9
000001927b73ed59
0000019294ddb179
00000192b80d5f99
00000192cac782d9
00000192dd510a79
00000192f4502d59
0000019375979759
00000193a79b2f99
00000193a8566e39
00000193b4a56399
00000193b4a584f9
00000193c1edb959
00000193c1ede0f9
00000193c439add9
00000193e4f0b5d9
00000193ec402359
00000193ffcb40f9
000001944805d9d9
0000019477d78539
00000194806afbb9
00000194924dd0f9
00000194dbc35139
00000194ed487239
00000194ed488bf9
00000194f6a84019
00000194f6a84759
00000195124483b9
0000019530c5fd99
0000019570a7f379
000001957f0a3b39
00000195c780dc99
00000195c7934db9
00000195d090e379
00000195df7df659
00000195ed1e03d9
00000195f8f2e179
000001961d6dc079
0000019638849179
0000019684aa9df9
0000019710a47039
0000019728f460f9
00000197295feb59
0000019771afe579
00000197c99a93d9
00000197cf2ca199
0000032fa9341a61
00000000031d4e71
0000000000000181
00000197d4ba4f59
00000197e778f699
00000198063f50b9
0000019835d083f9
0000019889815dd9
00000198c85847f9
00000198cb1630f9
00000198dc53a2d9
00000198f3398599
000001991435e8b9
0000019916007379
00000199223585f9
00000199398cd179
0000019968f1b679
000001997f01e239
000001997f01f619
00000199a1cc09d9
00000199a9b513b9
00000199ac5328d9
00000199cc3cc899
00000199cc3cdb19
00000199cc3cdcf9
00000199d9f61079
00000199f0ac9a79
00000199f22f6cb9
00000199f22f7db9
00000199f22f7e39
00000199fff7f0b9
0000019a16f59799
0000019a16f5f839
0000019a48129419
0000019a48129539
0000019a55a541f9
0000019ac3031ff9
0000019adbfe6df9
0000019b12466cf9
0000019b223516f9
0000019b25123b79
0000019b25125979
0000019b2ed32f79
0000019b331fcc79
0000019b51511319
0000019b524c6459
0000019b60000f79
0000019b60001e99
0000019b7f2ab259
0000019bb4952399
0000019be722feb9
0000019bf569c139
0000019bf569fa59
0000019c0a00b499
0000019c12378879
0000019c3fda7339
0000019c4f2eef39
0000019c7b1438d9
0000019cc4caccb9
0000019cc6c76719
0000019cf49a5319
0000019d143019f9
0000019d1765f579
0000019d1b1eee19
0000019d1b1ef599
0000019d310e6ad9
0000019d329bb059
0000019d6330b579
0000019d699764f9
0000019d7e661719
0000019d811c2c99
0000019d85ded6b9
0000019dba937c39
0000019dc428f8f9
0000019dc78bafb9
0000019dd82b3d39
0000019e1afdceb9
0000019e1dd31999
0000019e1dd37d59
0000019e51beb239
0000019e6b94ca99
0000019e765decb9
0000019e8b654339
0000019e9107b459
0000019ebdc63b99
0000019ecf3ed619
0000019ecf3eeb19
0000019ed063bbd9
0000019eda69edd9
0000019efedc2af9
0000019efedc3899
0000019efedc3999
0000019efedc3a79
0000019f0a178ed9
0000019f20fa37f9
0000019f66d85499
0000019f7084e8f9
0000019f711663d9
0000019f7cbac059
0000019f84f7ddf9
0000019f84f7e239
0000019fb14f0239
0000019fe9e9eab9
000001a052571439
000001a0706e8f99
000001a0860767b9
000001a09d4b24d9
000001a0c13c0559
000001a0ed653d99
000001a0ee513119
000001a0ee5132d9
000001a11066d3d9
000001a111fbb779
000001a111fc27f9
000001a1159cc759
000001a1159cd019
00000342499eaf61
00000000031d4e71
0000000000000181
000001a15e783ad9
000001a1679367b9
000001a17c747b59
000001a1bb76e259
000001a23fb51f19
000001a2579a40b9
000001a258246499
000001a2717721f9
000001a271773b59
000001a27a489819
000001a27f3ebf19
000001a2a8208419
000001a2e25fc8f9
000001a2e2603fb9
000001a2fd9ad799
000001a2fd9b26d9
000001a31fe73df9
000001a330b4b199
000001a3368d4239
000001a33fd0cf59
000001a3832c6a59
000001a3b3abf6b9
000001a3bad26599
000001a42ad4dff9
000001a44c6e49b9
000001a46fb80e79
000001a4794d8f19
000001a47c87dd99
000001a4921927b9
000001a4aa94a119
000001a4bdc91cd9
000001a4c5eba7d9
000001a4f04da8b9
000001a509a5a5b9
000001a50d02f1f9
000001a50d030899
000001a530b79179
000001a534ae22b9
000001a534ae41f9
000001a5428c33b9
000001a551d209f9
000001a569732919
000001a57ee32cd9
000001a57ee32e79
000001a5803e5c39
000001a5803e6d19
000001a5d784c239
000001a5e1ba2419
000001a5e1ba3779
000001a5ed2dab99
000001a5ff3c32b9
000001a5ff3c8d59
000001a60e001eb9
000001a627777b39
000001a637731b59
000001a637733039
000001a6377331d9
000001a649899d79
000001a65e7d2699
000001a69fc69919
000001a6cd7a6479
000001a6efcea5f9
000001a7165be5d9
000001a722b9dd19
000001a78b8e3919
000001a792d7c4f9
000001a7a46cd5d9
000001a7afff8519
000001a7c035ddd9
000001a7c9f2ff19
000001a7c9f306d9
000001a7c9f31579
000001a7d2b59019
000001a806acea39
000001a8436443f9
000001a8518452b9
000001a85679f459
000001a88670d099
000001a88670e319
000001a899baf899
000001a8b0469639
000001a8f280a559
000001a92063b8b9
000001a927a6fad9
000001a94d7a2439
000001a965754539
000001a9828c4319
000001a988ab2a99
000001a993b9cbf9
000001a9ad6745f9
000001a9ce6436d9
000001a9d920f919
000001a9eace77f9
000001aa16fd3e39
000001aa43199899
000001aa4319abb9
000001aa57b94c79
00000354ea094461
00000000031d4e71
0000000000000181
000001aa8a633d79
000001aaa2e8c3f9
000001aab6b6b6b9
000001aab804b059
000001aabbafff59
000001aabbb01599
000001aac5b99739
000001aace48dad9
000001aad3d2c7b9
000001aad3d2def9
000001aad91639b9
000001ab15d3bb99
000001ab225f42b9
000001ab30192579
000001ab48f88b79
000001ab70a3d659
000001abd3915fd9
000001ac1f0d5b59
000001ac269eec99
000001ac269f0c99
000001ad1255d099
000001ad1255d819
000001ad18546919
000001ad5de31719
000001ad5de32cb9
000001ad629858f9
000001ad69748279
000001ad6c7c0199
000001ad7f37b519
000001ad7f37bd99
000001ad7f3db499
000001ad8bb6c459
000001ad8cabbd79
000001adafdc0759
000001adafdc2679
000001adc915d9d9
000001ae008f2659
000001ae009fc479
000001ae14348799
000001ae483db719
000001ae483dcf39
000001ae61b29479
000001ae66c7a479
000001ae9fe27739
000001ae9fe291f9
000001ae9fe29f39
000001ae9fe2a0f9
000001aebccca999
000001aebf98f499
000001aec2c83419
000001af56c990f9
000001af826fecf9
000001af826ffdf9
000001afdac59cd9
000001afdac5a9b9
000001b00056ead9
000001b00b10c739
000001b016750d19
000001b016751bd9
000001b02de99fd9
000001b03903dab9
000001b03903dc59
000001b04a33f2d9
000001b0717fcc79
000001b0edf7e6d9
000001b0f24f0bb9
000001b0f24f6c79
000001b10edbdb99
000001b12af85299
000001b1357e1119
000001b139cb76d9
000001b16222b519
000001b1716058d9
000001b171e36399
000001b19d835759
000001b1c245b099
000001b1ef0bf139
000001b1f4bbc1f9
000001b238c24759
000001b25b405bf9
000001b285a6f279
000001b290140e39
000001b30aa437f9
000001b30b518839
000001b33b0929f9
000001b36c8303d9
000001b377641f99
000001b383404499
000001b3953648d9
000001b3afa2f6f9
000003678a73d961
00000000031d4e71
0000000000000181
000001b3cd6f3339
000001b3cd6f5119
000001b3d4901b79
000001b3f693db39
000001b43a456179
000001b449fc5859
000001b45b9492f9
000001b471712e59
000001b488071739
000001b4ba1ee659
000001b4ceee4a39
000001b4ceee8319
000001b4d77543b9
000001b4fb9aecb9
000001b50a478519
000001b5237e2e19
000001b53b30a079
000001b544d9e0d9
000001b588462e99
000001b59513df99
000001b5a5316459
000001b5a53165b9
000001b5b62373b9
000001b5c3453859
000001b5c3e997f9
000001b5cf2c0619
000001b5f78d0ed9
000001b6168f6759
000001b64a470979
000001b657c7bfd9
000001b6693b8e39
000001b6762c5079
000001b6762c57f9
000001b68f4dccd9
000001b6955c7ab9
000001b699972db9
000001b699973db9
000001b69d428479
000001b7134b4459
000001b72179be19
000001b72179da59
000001b722e3edf9
000001b722e3efd9
000001b77143b399
000001b7ca33d079
000001b7ca33d659
000001b80abc66f9
000001b82aa7bfb9
000001b82dcb4d99
000001b82e46acd9
000001b83d3b7c39
000001b8d9d86a59
000001b8d9d8c579
000001b93f309e19
000001b95611c0d9
000001b98ce1eb19
000001b9dd602659
000001ba477a56f9
000001ba712cabf9
000001ba7a4322b9
000001baf2257ef9
000001bb01e97459
000001bb01e98bd9
000001bb090e2eb9
000001bb59541259
000001bb6cd14f59
000001bbbb695bd9
000001bbcca83279
000001bc06b2b019
000001bc27b02af9
000001bc36a55f79
000001bc626a5e59
000001bc91ece019
000001bcb72b9d99
000001bcb72ba4f9
000001bcb894a9d9
000001bcf2020939
0000037a2ade6e61
00000000031d4e71
0000000000000181
000001bd43c323b9
000001bd43c32b19
000001bd43c33899
000001bd557dfd79
000001bd671d4b79
000001bd6b4d9399
000001bd6b4da719
000001bd9400b039
000001bd9c950f39
000001bda79fffd9
000001bdaa576179
000001bdcfd29a59
000001bded8658b9
000001bdf2c67cb9
000001bdfaf69359
000001bdfb2576b9
000001be1bd86ad9
000001be666f7fd9
000001becfb17519
000001bedae2a639
000001beecc05399
000001bef8e673d9
000001bf4bfc9db9
000001bf4d3700f9
000001bf64ae7219
000001bf64ae82d9
000001bf69518c39
000001bf8804bc39
000001bf98deedd9
000001bfa925b939
000001bfd0ac2659
000001bfdddd8439
000001bfe247baf9
000001c0023e7339
000001c00c3d6199
000001c019c58999
000001c054a39ed9
000001c05a6d10b9
000001c0b6f24579
000001c0d0f93579
000001c0e2167659
000001c165d1a8b9
000001c18672f039
000001c191db80b9
000001c191db91b9
000001c19ee53839
000001c1b6009df9
000001c1e82b8e99
000001c2107c8539
000001c22cb12359
000001c22d42f519
000001c236958379
000001c248757b39
000001c2927951d9
000001c293be04f9
000001c2af417599
000001c2b3061639
000001c2c8576ff9
000001c308a4d139
000001c30c0adc39
000001c3105d8e39
000001c310dc9279
000001c335f76239
000001c33d97ea39
000001c33d97fcf9
000001c33d980419
000001c33d980ed9
000001c348ba70f9
000001c3ca749159
000001c42e90db79
000001c4446ffef9
000001c4874dafb9
000001c48ef586b9
000001c494916fd9
000001c494918519
000001c49491e8f9
000001c4b6febf19
000001c4cafd68d9
000001c4e15b6499
000001c535bfb5b9
000001c535bfcf19
000001c538664559
000001c55b4dd079
000001c58a7d8db9
000001c593a65759
000001c5a2406059
000001c5aa41e939
000001c5e0d12059
000001c62d4c2239
000001c6490ebcb9
0000038ccb490461
00000000031d4e71
0000000000000181
000001c6784a71b9
000001c6f1996519
000001c6f2899079
000001c6f676b699
000001c6f8724cb9
000001c72ae9ac59
000001c72ae9bf39
000001c737ee9af9
000001c76d8cd8f9
000001c776582739
000001c776584939
000001c7a28b4539
000001c7a845a879
000001c7bbfc27b9
000001c7c1dd8d39
000001c7c99006f9
000001c7ca252ff9
000001c81ece3279
000001c827e30219
000001c82e15c3b9
000001c854896a59
000001c857357999
000001c86af6d459
000001c8d23611b9
000001c8d2362519
000001c8d62a1159
000001c8d9326c39
000001c8d9326dd9
000001c8d93274b9
000001c8f636ac99
000001c902927f59
000001c90f6a3dd9
000001c92e529d59
000001c96cc31239
000001c985c25119
000001c994b117d9
000001c99cf6b9b9
000001c9d6edf4d9
000001ca189fccd9
000001ca2c62e799
000001ca32159f79
000001ca624b6d39
000001ca8ec2d999
000001caafdd6e99
000001cab5b229d9
000001cad1f3a859
000001cad56924d9
000001cb3ecb2119
000001cb3ecb22d9
000001cb55bb5299
000001cb582d9b79
000001cb8477f379
000001cbaa9821f9
000001cbb5e96279
000001cc0cde4459
000001cc16993bd9
000001cc16995159
000001cc33394519
000001cc333956f9
000001cca63f1db9
000001ccb9900cd9
000001cceeef0b99
000001cd571ec0d9
000001cd63608f19
000001cd6f0d66b9
000001cd6f0d6899
000001cd6f982ef9
000001cd7e675739
000001cd9404af59
000001cdbf23d1f9
000001cdde6e8b99
000001cde46c5d59
000001cde46cd9d9
000001ce0ce404f9
000001ce3f9e2cb9
000001ce47c2d719
000001ce4f98dc59
000001ce81b2bd59
000001ce8d9d57f9
000001ce8d9d6a99
000001ced2035299
000001ced5090059
000001cedc551a59
000001ceec5760b9
000001ceed2a21b9
000001cef7dfead9
000001cef8afc179
000001cf33ad6c39
000001cf88dbcb19
000001cf9e7274f9
0000039f6bb39961
00000000031d4e71
0000000000000181
000001cfb9747c79
000001cfcb97e4b9
000001cfd4382c59
000001cfd84cf2b9
000001cfe5b5bd19
000001cff97ff3f9
000001cfffc69b59
000001d005be9af9
000001d08022d7f9
000001d0ad822599
000001d0b90018d9
000001d0bae9ab99
000001d0dcc9f659
000001d0e491a539
000001d0f23ec879
000001d13b5a19d9
000001d14ddc5bf9
000001d1668bf9d9
000001d1971395f9
000001d1af122f79
000001d1c8c39d79
000001d1c9dbc279
000001d1d4f17cd9
000001d1d4f18d99
000001d1d4f1a079
000001d215b50af9
000001d2244b0db9
000001d2376f7719
000001d27feec499
000001d2b94cbcb9
000001d364d91599
000001d3659ab459
000001d36c91f1b9
000001d39c672159
000001d39d9b8339
000001d3b3fcdbf9
000001d406109bd9
000001d464353299
000001d48b30e519
000001d4970bc859
000001d4afd2f539
000001d4afd303f9
000001d4dab14619
000001d4f81c4519
000001d4fa495df9
000001d508a779b9
000001d508a78ab9
000001d53aef6e19
000001d547d9afd9
000001d56bbb4df9
000001d5736a3e19
000001d587b03a99
000001d58eb45459
000001d594e676b9
000001d5ce183fd9
000001d5d45b8399
000001d5d7417079
000001d5e6497759
000001d5f67865b9
000001d5f858ef19
000001d606c0f0b9
000001d60957cdd9
000001d613422d19
000001d62e9f5fb9
000001d6a5351219
000001d6cb8849b9
000001d6dd2abb59
000001d6f94b87f9
000001d70a941519
000001d710560379
000001d717f5f2d9
000001d7366ff959
000001d77e3c7a19
000001d790c6d819
000001d7b1b40859
000001d7c1a10719
000001d7d666e439
000001d7f807a1b9
000001d800e931b9
000001d803d53579
000001d82c2b1ed9
000001d83c4cbd99
000001d89e167799
000001d8b61bb539
000001d8b65c9619
000001d8bd8afd59
000001d8f533a7d9
000003b20c1e2e61
00000000031d4e71
0000000000000181
000001d940f15519
000001d9411d3799
000001d96ea9cbb9
000001d974afa939
000001d974afb179
000001d982a9b1d9
000001d9dea1af79
000001d9dea1c0d9
000001d9f5ab3fd9
000001da226b9c59
000001da36ebfbd9
000001da71f3a6b9
000001da86098dd9
000001daa41d9a79
000001dae033bd39
000001daf4c75a19
000001dafcdcb7b9
000001db03e18b99
000001db0741e379
000001db11047a79
000001db201b2df9
000001db201b3639
000001db3d5478b9
000001db413a81d9
000001db6bcb0a39
000001db7140d919
000001db8808efd9
000001db99de3e39
000001dbb67a8619
000001dbb78f3e99
000001dbb7d9c259
000001dbd56a2819
000001dbd56a3859
000001dc38a24e99
000001dc4b837639
000001dc6c4789f9
000001dca8922299
000001dd0ce670d9
000001dd47fe0619
000001dd47fe1ad9
000001dd4ddf0ad9
000001dd4ddf2b39
000001dd50d08279
000001dd93fc69b9
000001dd9b8b2579
000001dda0f0ccb9
000001ddb4c85359
000001ddff69a479
000001de07abb3b9
000001de22d4f159
000001de3c1e0599
000001de3c1e3239
000001de600c85b9
000001de82fde3b9
000001de9b02a999
000001de9b02bd79
000001dea07c7439
000001deb3a64559
000001deb6d54cf9
000001deda433b79
000001dedd6ef499
000001dedd6f05b9
000001def4be4079
000001df0a90d7b9
000001df3751ddf9
000001df3751f379
000001df37520cb9
000001df4f849f19
000001df4f84ab59
000001df6126e179
000001df6f5cffd9
000001df6f9254b9
000001df6f926719
000001df70c4f479
000001df70c533b9
000001df70c53579
000001df70d1a579
000001df75281039
000001df77f27319
000001df8925fa59
000001df9360fbb9
000001df971724b9
000001dfa2dc1199
000001dfdcc5eeb9
000001e02c3357b9
000001e03ba64c59
000001e03ba64dd9
000001e06de4ecd9
000001e06de4eeb9
000001e0945f0db9
000001e0945f22f9
000001e0969b3759
000001e0ba627319
000001e0c65816b9
000001e0da9a5239
000001e0eec6be99
000001e13053df99
000001e187264419
000001e1b226f119
000001e1b430c559
000001e1f72461d9
000001e1f7246259
000001e2350fb759
000001e238786379
000001e2387873b9
000001e24bbc1b19
000003c4ac88c361
00000000031d4e71
0000000000000181
000001e2ab76ba99
000001e2b2cd30f9
000001e2c541ad19
000001e2f1506999
000001e2f2f1bcd9
000001e31c0d6779
000001e31c0de3f9
000001e330242459
000001e3728aff19
000001e391e20ff9
000001e3c94b79d9
000001e42a51a019
000001e459d3d479
000001e483d6aeb9
000001e4bffb8d39
000001e50f0edfd9
000001e512b84b19
000001e520d8dbb9
000001e5497b07f9
000001e5497d5359
000001e55e0fd659
000001e55e0fed59
000001e5a62a3f99
000001e5bea9eb99
000001e5bea9edb9
000001e5d91dac39
000001e5d91df3f9
000001e5e6d96259
000001e601af0f59
000001e62cabe9f9
000001e62ddb5fd9
000001e66629c039
000001e6698c6979
000001e679136cf9
000001e69bce9279
000001e6aedc6219
000001e6d8c16c99
000001e701d8c3f9
000001e701d8cd59
000001e71fbaea39
000001e722e61c39
000001e72fb14db9
000001e753ee5759
000001e75c91c879
000001e76d8495f9
000001e76d84aa19
000001e776243199
000001e79f0684f9
000001e7cee54a79
000001e7fdbcb459
000001e80b0b29b9
000001e80b284259
000001e820e8ba59
000001e83432d3f9
000001e84b8d5139
000001e84b8d6399
000001e8584938f9
000001e858493b39
000001e869647a79
000001e869e91039
000001e875a553b9
000001e875a56039
000001e87df56f79
000001e883417739
000001e8a0cca159
000001e8b553fc59
000001e8be8a39f9
000001e8be8aa699
000001e8c8810499
000001e8c8811899
000001e8cb94f4b9
000001e8cb94fd99
000001e8e8274019
000001e909dd02b9
000001e95b0586d9
000001e98f027879
000001e99ac5f2d9
000001e9a93614f9
000001e9b0475119
000001e9b047b3b9
000001e9bcfe5439
000001e9d1a77539
000001e9e427dc19
000001ea0dbd6239
000001ea0dbd7299
000001ea295e9619
000001ea3cd4f659
000001ea53f646b9
000001ea56855b79
000001ea568560b9
000001ea56856c19
000001eabc0eae99
000001eae72ba1f9
000001eaeb224299
000001eaf34f4dd9
000001eafa3d93b9
000001eb19bfe959
000001eb28083679
000001eb3b06e239
000001eb44e02eb9
000001eb44e04a59
000001eb44e051f9
000001eb5ada61d9
000001eb88836a19
000003d74cf35861
00000000031d4e71
0000000000000181
000001ebd39f4899
000001ebeca5cc39
000001ec1f218079
000001ec2b5e76b9
000001ec360666d9
000001ec52275b79
000001ec848acb39
000001ec88d0a9b9
000001ec9c13b2f9
000001ecacf24199
000001ecba136d79
000001ed0f864059
000001ed2183dd19
000001ed28c255b9
000001ed7964ae99
000001ed96228779
000001edd23f6379
000001ede94e1399
000001edf436e379
000001ee289f91d9
000001ee380a8bf9
000001ee380addb9
000001ee93635299
000001ee95dda019
000001eea40f4499
000001eeb8288d39
000001eecb70fdd9
000001eeecbfeaf9
000001eef6619d19
000001ef0782d759
000001ef0782ead9
000001ef27adc339
000001ef27b98819
000001ef27b98b99
000001ef57b84af9
000001ef604f6a59
000001ef604f7f79
000001ef864d8bb9
000001ef8b80b1d9
000001efa47e0819
000001efa47e2439
000001efc4a25519
000001efeb148459
000001f008013899
000001f0124b6cf9
000001f069ca3599
000001f0e98433f9
000001f114f47139
000001f11808ca19
000001f1539e6e59
000001f19d43ec59
000001f19d4402d9
000001f1a06acc79
000001f1a06ae019
000001f1ea392f99
000001f1ecd041d9
000001f20001e5f9
000001f2001d3779
000001f211fc1399
000001f230af0139
000001f2440ab059
000001f25a8d6759
000001f260d2c459
000001f27385e3d9
000001f29ea97679
000001f2a3de91f9
000001f2ada38799
000001f2b2c62539
000001f2c0f389d9
000001f2c0f39999
000001f2f5acc3d9
000001f2f5acd7f9
000001f311263a39
000001f31126b359
000001f3470bc099
000001f380e46559
000001f3b4bff6f9
000001f3c8b6d139
000001f3caab6cd9
000001f430ef83f9
000001f442985fd9
000001f442987699
000001f44900f579
000001f48c471699
000001f4d185d719
000001f4d571d679
000001f4d8212ef9
000001f4e8f1d899
000003e9ed5ded61
00000000031d4e71
0000000000000181
000001f4f99f6a19
000001f510ba8479
000001f559db37d9
000001f560b98bd9
000001f56bc469f9
000001f5964998d9
000001f5a6e7f439
000001f5af7cf7b9
000001f5af7d54d9
000001f5d86f7e59
000001f5f240bcb9
000001f5f8280fd9
000001f5ff0e13b9
000001f606fcafb9
000001f6153b8bb9
000001f6214ad079
000001f63d46adf9
000001f6439f6079
000001f6a7c8b5d9
000001f6aac432b9
000001f6b08f0f79
000001f6b08f2199
000001f6d66314d9
000001f704852cd9
000001f7175a1c79
000001f749e15cd9
000001f7abc02ff9
000001f7b9844959
000001f7cd85c539
000001f7d4deeb79
000001f7d8907b59
000001f81da79c59
000001f86a9646b9
000001f87d029c59
000001f88695b5b9
000001f896a9ffb9
000001f89ffda139
000001f8a2df6cf9
000001f8de08ccd9
000001f8fbb46059
000001f90202e659
000001f910bc6959
000001f910bc6bd9
000001f92767cd39
000001f96ca781b9
000001f977c297b9
000001f9ae6f21b9
000001f9bfbfd439
000001f9d5e50ed9
000001f9def226f9
000001f9fb900559
000001fa02d070f9
000001fa367c78f9
000001fa367c8919
000001fa367c9cb9
000001fa367cd4d9
000001fa4e2a0f19
000001fa53273f39
000001fa53274779
000001fa544de679
000001fa8c08f459
000001fab6363e59
000001fac95e33d9
000001fb177d9f79
000001fb1aaddf99
000001fb399bfd79
000001fb3c77ecf9
000001fb400a2a79
000001fb44ce06d9
000001fb660db339
000001fb744582f9
000001fb79826139
000001fb95a227b9
000001fba13b4839
000001fba2ffe0f9
000001fba3000ab9
000001fbb8bd8ab9
000001fbbb470059
000001fbbba2bff9
000001fbe84b8e39
000001fc103e4179
000001fc14e0cd59
000001fc2dae4639
000001fc4269dbb9
000001fc4269dd99
000001fc43875419
000001fc43875d99
000001fc57f3b319
000001fc935b5d59
000001fca581f7d9
000001fcbd380cd9
000001fcc38a15b9
000001fccd922359
000001fd0e6fbb19
000001fd20437a79
000001fd2e1ccff9
000001fd47897ab9
000001fd74979c39
000001fd9b88cc79
000001fd9c395699
000001fd9c396459
000001fdf5c63679
000001fe0711bd99
000001fe20a890b9
000001fe34b66b59
000001fe34b672b9
000003fc8dc88261
00000000031d4e71
0000000000000181
000001fe4e5ce459
000001fe7a0b3079
000001fe98306479
000001ff0c9b6539
000001ff142f3319
000001ff1d0adf99
000001ff3b70d879
000001ff3b70eb19
000001ff562c51f9
000001ff562c65f9
000001ff7d50f119
000001ff83ed7599
000001ff9c87f039
000001ffe7cb1ab9
000002003b010459
00000200b2ab7479
00000200c73436f9
00000200cf12c019
00000200cf12d399
0000020128764599
0000020179fc7f19
0000020182098239
0000020195db6899
00000201bf4056b9
00000201e5773c99
00000202014b7119
000002021e475019
00000202683fecd9
00000202a5683f59
00000202b52aee19
00000202b52b0439
00000203041ebe39
00000203075316b9
0000020313553039
0000020331bc7f39
0000020332c3c219
000002039367aa59
00000203a7c32799
00000203ac35cf59
00000203c2f95cd9
000002040c33a8f9
000002040fef0b39
000002040fef1c59
0000020411500dd9
0000020414e1de59
0000020433f76a59
000002043b925879
00000204b611fb99
00000204c96ace19
00000204d48eff39
00000204e9325ef9
00000204e9328019
000002050081bdf9
000002054ff74799
000002056fa80f19
0000020583319279
00000205cd99bd39
00000205e555a419
0000020611926fd9
000002063cb984b9
0000020659b41a19
0000020673646839
00000206ae323819
00000206f80a2779
00000206f80a2ff9
00000206f96b9439
000002070da43819
000002076edaaf59
0000020771c03dd9
000002078ebb9559
0000040f2e331761
00000000031d4e71
0000000000000181
00000207f60ab3f9
00000208018a9dd9
000002081f73af39
00000208761e8f79
00000208b4b69619
00000208c2b6d6f9
00000208d58b5bf9
00000208daa6a299
00000208e2b3c959
000002090d3a1d99
0000020949881159
0000020949881959
0000020956709919
000002095670b6f9
0000020963fcdaf9
000002097175b619
000002097774b359
000002099c07b559
00000209a5c8c999
00000209b17aaa19
00000209b17ab8d9
00000209e60fd2d9
0000020a642065b9
0000020b04991b39
0000020b060c9419
0000020b479a3c99
0000020b490f42b9
0000020b5d8f7eb9
0000020b5d8f96f9
0000020b975626f9
0000020bac0395d9
0000020bba2526b9
0000020bbeab2739
0000020bc5ef07f9
0000020c2614ddb9
0000020c80abe519
0000020cc5544959
0000020d0d5e9039
0000020d13425d79
0000020d4e55ed19
0000020dd8ee5019
0000020df2ca3df9
0000020df2ca4c59
0000020e1e582939
0000020e26bd42d9
0000020e47624639
0000020e49b6acb9
0000020e49b6be99
0000020e4c0b47b9
0000020e7daf41f9
0000020e7daf7419
0000020ec2dbe479
0000020f482d81f9
0000020f48c5d339
0000020f9c4e4819
0000020fd40fbb59
0000020fe2077699
0000020ff84cdd99
00000210020189d9
000002103b7e6339
0000021055614579
00000210cb464bf9
00000210e4ef0ef9
00000210e4ef2219
00000210e4ef23d9
00000421ce9dad61
00000000031d4e71
0000000000000181
00000210eb304319
00000210eb305519
0000021118fb5879
00000211363d34f9
000002115b2509b9
000002115b250b59
000002116f912ed9
00000211a3ded739
00000211ad8bb739
00000211d2f1bed9
00000211ed9072d9
00000212004e0f99
0000021222a3e379
000002126d0d16f9
000002127645d0d9
000002128ce53bb9
00000212bc912479
00000212cc8795b9
00000213161eeed9
000002133cc12279
0000021358ef62b9
00000213686f3af9
00000213686f3b99
00000213686f4259
000002138c080cf9
00000213a2ce9e39
00000213a7bb4139
00000213b220e639
00000213b73428b9
00000213d84ddfb9
00000213e7e9b739
0000021400c9f4d9
000002140e7aa0b9
000002142314c6d9
000002144c211859
0000021467d414d9
0000021487bc6499
00000214b9044619
00000214cc791439
00000214cd0cb5f9
0000021513646a19
000002151f6462b9
0000021559cf1c99
000002156ed5e7d9
00000215ad3acc39
00000215e5e38779
00000215f91ffff9
00000216389f88f9
000002163fb71cb9
000002164cc6c039
000002165a904819
000002165a909779
000002165f1961b9
000002166725e7d9
0000021678d16899
0000021678d179f9
0000021689a964b9
000002168fe66919
00000216a9d44019
00000216be35d9b9
00000216be35f139
00000216beaaa499
00000216ca3d6c79
00000216d2e0b319
00000216dcdfef59
0000021701421939
000002175c5aa759
000002175c5ab079
000002176873efd9
0000021783302879
0000021784660b99
000002179eca1319
00000217ce0dfcf9
00000217e7ee56d9
000002181839bfb9
000002181839cff9
0000021829b38af9
000002182c850d19
0000021882d145b9
00000218842c3659
00000218aca35b99
00000218aca3a279
00000218b3d33a39
00000218e33a3d79
00000218f767a579
00000218fc987d19
00000219007ba2b9
000002190b948d79
00000219166a0b39
00000219170416b9
000002191ccd7c59
000002192467a519
00000219299940b9
000002194680d319
00000219577a8379
000002195bd39f79
000002195bd3b259
000002195bd43059
0000021964280079
00000219830c66b9
00000219a04ca399
00000219ab191e39
000004346f084261
00000000031d4e71
0000000000000181
0000021a60e77a59
0000021aa25748d9
0000021adfe12819
0000021b0e40d099
0000021b3d1e5f79
0000021b493ecb79
0000021b493f1459
0000021b589ffff9
0000021b7907cf39
0000021b86b76819
0000021bca3d5c59
0000021bf57cd719
0000021c07031099
0000021c07032559
0000021c37447639
0000021c3744fef9
0000021c977486d9
0000021cb158e699
0000021cb2c64139
0000021cbfa4f2f9
0000021cfa16a979
0000021cfb8ff539
0000021d4d6c8e39
0000021de21999d9
0000021df20a36d9
0000021e0f9d04b9
0000021e270022d9
0000021e5e9fa739
0000021e64041299
0000021ed55e0e39
0000021f0d6b2a59
0000021f0e538339
0000021f90aa1199
0000021fc35944d9
0000021fceab69d9
0000021fda2b52f9
0000021fe01f8cd9
0000021fe9fd21d9
0000021ffe7f5f39
000002203ca38059
000002203dabf2f9
00000220762b0339
00000220762b0759
000002207635c539
000002208bf2d6f9
00000220928c6479
0000022094a9fed9
000002209d8d09f9
000002209d8d0a79
000002209d8d1fb9
000002209d8d9279
00000220d3438879
00000220ea0bfcb9
0000022116043bd9
000002213510b139
0000022169d2c9b9
000002216a5bd4d9
0000022170307379
0000022173d76b99
00000221f8debf59
000002221f618579
0000022230fccd19
000002223bd82479
000002226913a739
0000022274dae979
0000022280384319
00000222963175f9
00000222bca334d9
00000222d95cc099
00000222dd273ed9
00000222e6dd56b9
00000222f869bd79
000004470f72d761
00000000031d4e71
0000000000000181
000002239c692b39
00000223b8d1f359
00000223e1cc2a59
00000223f4888dd9
0000022448b9a779
0000022462b71b19
000002246e756bf9
0000022473da67b9
00000224795f67f9
00000224795f7b19
0000022480660019
000002249413a8d9
00000224a6713c59
00000224ca568819
00000224e567ca79
000002251db45279
0000022542275c79
000002255fed15d9
00000225735f6e99
0000022589c509d9
000002259d3bb3f9
00000225ae514d79
00000225ae516839
00000225e363fcb9
00000225f25a7239
00000225f810c519
00000225fed922d9
00000226a03398b9
00000226e4230cd9
00000226e4994d39
00000226e4995df9
0000022716a72439
000002271baf39b9
000002271baf3c99
000002271baf4e99
00000227489c5179
00000227eb972199
00000227ffe2d9d9
0000022813d3f359
00000228191c64f9
000002282bfc7ff9
0000022855c9f0b9
00000228b4330699
00000229241f67b9
0000022931063b19
0000022944740a39
000002294f8d1999
0000022961cee479
00000229a79f1a79
00000229b5da3e79
00000229d8bfc7f9
0000022a038ce679
0000022a1860b039
0000022a36b80519
0000022a463f0659
0000022a600339b9
0000022a6c6c5559
0000022a9480cb59
0000022b0cd96cf9
0000022b70e8df99
0000022b99ffbfd9
0000022b9eda3ad9
0000022bac641079
0000022bc96cad79
0000022bca29f279
0000022bca2a6179
0000022bca2a98f9
0000022bedb256b9
0000022bf1617279
0000022c0daaa1b9
0000022c0daad859
0000022c972ccb79
0000022ca1ecba99
0000022cd499b5f9
00000459afdd6c61
00000000031d4e71
0000000000000181
0000022cf2618159
0000022d095c8719
0000022d0af661f9
0000022d0d821f59
0000022d19fa6eb9
0000022d3195cb59
0000022d58ce1f19
0000022d6102d279
0000022d6a4b9059
0000022dcf4d5f39
0000022dd69307f9
0000022de1827b99
0000022e267a0499
0000022e6394b2b9
0000022e6394b499
0000022e6394cab9
0000022e639517d9
0000022e8e184859
0000022eb667eb19
0000022eb6c42959
0000022ed4a5f519
0000022ee248f859
0000022ee248f8d9
0000022f29be6f39
0000022f413261f9
0000022f56bb5379
0000022f597016f9
0000022fd9abcf99
0000023020585b99
000002302483d159
000002302483e099
000002302cae2c59
0000023064667799
00000230861053b9
00000230c996b8f9
00000230f5677379
00000230f567c499
00000230f567c4f9
00000230f700e639
00000231521e5dd9
0000023184131f79
00000231f7b2f6b9
0000023259351839
0000023261d5e019
0000023261d60f59
0000023262b02879
000002328a0ddad9
00000232f5b6dcd9
0000023311817499
00000233a309d6f9
00000233a309e7b9
00000233a309e859
00000233a309e899
00000233a309ef19
00000233e60e1859
00000234171b6239
0000023427a3bf19
0000023489c31219
00000234b9d33819
00000234b9d34bb9
00000234bef4ec99
00000234c57b30f9
00000234c57b4639
00000234c57b83b9
00000234c57ba559
00000234c57bbb19
00000234cd63b059
00000234ed0b1239
00000235026d03b9
00000235159bbed9
0000023517560e79
00000235382c38b9
00000235382c7cd9
000002353a517d39
00000235659411b9
00000235b3a43679
00000235cdf77c39
00000235d279b539
0000023602ebfad9
0000023602ec0c59
0000023602ec1479
0000046c50480161
00000000031d4e71
0000000000000181
0000023657433219
00000236874e3b99
00000236a4e4f939
00000236a4e55d19
00000236ae917cb9
00000236c49979d9
00000236f3c31a99
00000236fd7d4b39
000002371f6020d9
000002371f603379
000002372b203419
0000023738f69579
0000023748dd3379
00000237500a77f9
0000023774a17499
000002377907caf9
0000023805d3bc19
000002380c7124b9
0000023858b13cd9
000002385a993699
000002386d710e99
0000023887167ab9
0000023887168cf9
00000238912c1e19
000002389ff45039
00000238c5d299f9
00000238f5689dd9
00000238fd333519
000002390e29e159
00000239262ec539
00000239308e7299
000002394493d319
0000023959006259
000002395ba3b8f9
000002396002d739
000002396002e919
000002396002f079
000002396002f799
000002396002fc39
00000239d4826f79
00000239e7c46e99
00000239f4829f79
00000239f482bc59
00000239f68827d9
0000023a78bc2779
0000023a78bc3939
0000023a78bc3ab9
0000023a78bc4d79
0000023a78bc4ef9
0000023a78bc9739
0000023a9eb01df9
0000023ab7f1b899
0000023abcf2cf59
0000023ad1163939
0000023adce18f79
0000023adce196f9
0000023add1db9b9
0000023afb645259
0000023affed2219
0000023b2ccd1d39
0000023b586963f9
0000023bc0c2ad39
0000023bd6d90439
0000023c2492dfb9
0000023c5a8edb19
0000023c78b9e959
0000023c90593759
0000023ccc205859
0000023cf6c59c39
0000023d02e74ad9
0000023d26035b79
0000023d7f896d99
0000023d806f08f9
0000023d9814c299
0000023da20d6a59
0000023da279f079
0000023e21518019
0000023e836e8119
0000023eaac692b9
0000023ebb4979b9
0000023ef00332b9
0000023ef0248c79
0000023efce8a5b9
0000023f104b8b79
0000023f33dda2f9
0000023f45f64739
0000023f54200359
0000023f54206c79
0000023f54206e39
0000047ef0b29761
00000000031d4e71
0000000000000181
0000023f86cdc2b9
0000023f86cdd239
0000023f8bcd5459
0000023fc1eeccd9
0000023fc2831499
0000023fc28bacf9
0000023fc7c46679
0000023ff6332e99
0000023ffab48179
00000240188b7239
00000240191fde99
0000024078498fd9
000002408a5f37d9
00000240cc8b92f9
000002413bbac319
0000024144e58519
000002414c0757d9
000002416d776a19
000002416d777d39
000002417cc48299
000002417d706eb9
000002418dfc08f9
00000241abfd8b59
00000241c0ebd499
00000241cebbc6d9
00000241d1c7b439
00000241d1c812b9
00000241d322cfd9
00000241fb2c4df9
0000024211c9f619
0000024225cbac39
0000024225cbadf9
000002423be32d79
000002425bb59f99
000002425ce81eb9
000002425ce831f9
000002427347e1d9
000002427e78d0f9
00000242cbcf52f9
00000242e3d5c299
00000242e76ac339
00000242f9594af9
000002430442c519
0000024332d0ff99
0000024355778739
0000024388bb8479
000002439dc99259
00000243ad0b27f9
00000243b44fae39
00000243be8c0dd9
00000243d070a199
00000243d070b159
00000243d070f4b9
00000244377b1d99
000002443bd407d9
0000024476ef4f39
00000244841766d9
00000244889cc499
0000024496727199
000002449672ec59
00000244c949baf9
00000244c949def9
00000244f0a5abb9
0000024501e90d79
000002452b84af99
000002454a651539
000002455ace5159
000002456b9f7d59
000002458709dd19
0000024593a55b39
0000024599824719
00000245b9d1e7f9
00000245bd0b60b9
00000245c36b1539
00000245ceb06dd9
00000245e01f0319
00000245e5b86c39
000002460ac087d9
000002460e5e7279
0000024647634df9
00000246500a10f9
00000246500a2779
000002465bbf4ff9
0000024661a63bb9
000002466ccf7999
000002468b6fd8b9
00000246b0748bd9
00000246b5d68ad9
00000246de086379
00000246fffc30f9
000002475103eb39
000002475dccbbb9
000002476ff3a899
00000247729988f9
0000024794697359
00000247a6c73b39
00000247b9900199
00000247d311b879
00000247de18d1d9
0000024813155399
000002484357f859
00000248543f20b9
00000248991e5eb9
00000248b3654859
00000491911d2c61
00000000031d4e71
0000000000000181
00000248c7df9cb9
00000248e526d159
00000248eab7fbd9
000002490ca3fcd9
0000024910c386f9
0000024915b52bf9
000002492f427cd9
000002495387e059
00000249a535cc39
00000249dc2d48d9
00000249df840c59
00000249e5cb3d79
00000249e5cb5059
00000249e9d888f9
0000024a07514f79
0000024a23360959
0000024a49638759
0000024a6a7e91f9
0000024a76994f39
0000024b05239639
0000024b1a2c9e19
0000024b2e500e59
0000024b2e506c19
0000024b4496d1f9
0000024b57258e79
0000024b6a87ec79
0000024b71bc4a39
0000024b727c4a19
0000024b9fb2e539
0000024ba01b5b59
0000024bcd3e8d39
0000024be7298759
0000024bffbb0a39
0000024c2b60e879
0000024c2b60fcb9
0000024c491e3659
0000024c491e3879
0000024c514457b9
0000024c654b1d79
0000024c9522c139
0000024c9fcb31d9
0000024cb7fd2eb9
0000024cc94e3439
0000024ccba3a039
0000024d2a3fdf79
0000024d4ae1a8f9
0000024d6db5aed9
0000024dbdbbf6f9
0000024dddbec199
0000024dddbed5b9
0000024def5f4bf9
0000024e0b225979
0000024e26197db9
0000024e2a3c6f99
0000024e50e517d9
0000024e5b152dd9
0000024e856e5399
0000024ea713ded9
0000024ec22dcf39
0000024edc2641b9
0000024f133a5f79
0000024f133a61f9
0000024f133a66d9
0000024f199d7139
0000024f6ab22479
0000024f99fcb659
0000024fa281d8b9
0000024fa64dc8f9
0000024fa64dcaf9
0000024fd5063d99
0000024fdf62c739
0000024ffee463d9
000002503bd23139
00000250c6f4d4b9
00000250de98e859
0000025122c614b9
00000251341eeab9
0000025140325639
000002514712cc39
00000251493c67b9
00000251493c6b39
000002514da53119
000002514da53cb9
000002516e2f1179
0000025182d40579
0000025183f65899
0000025183f65a59
00000251b98bc239
00000251b98bc419
00000251cfb95139
00000251cfb95319
00000251e09e9359
00000251e187afd9
0000025212dd0d39
000004a43187c161
00000000031d4e71
0000000000000181
000002522f27bcd9
0000025244ff02b9
00000252b81ef259
00000252e57e34b9
00000252f0c1d139
000002537ac8f1f9
00000253d2be6cf9
00000253d63299f9
0000025403c2e2f9
00000254123f4fb9
0000025419e86d99
000002541b79f339
000002541b9e6e59
00000254286b0839
000002543fab9339
000002549f593a99
00000254a4259a59
00000254d034ea99
000002551c919739
000002553ea1cf99
000002556cdc9799
00000255724b37f9
00000255ad618a79
00000255d07fa879
00000255df1b1a79
00000255df1b8139
0000025634cf71d9
000002564a046f79
0000025697193739
00000256a1617d79
00000256b3dda519
0000025720e10239
000002572f3f9e19
0000025740169c79
0000025797bb1219
00000257be9d9a39
00000257f7559719
00000257f9c37af9
00000257fb91b139
0000025828e98bb9
000002582ef9e7d9
0000025836eedef9
00000258399cf099
000002584f5fb919
000002584f5fba99
0000025862d108f9
00000258a4e935f9
00000258a554e5b9
00000258f249d359
0000025901fd2379
000002591948c6d9
0000025930348f39
000002593c8e9479
0000025956f700f9
0000025989b80df9
0000025989b81bd9
0000025989b94559
00000259bdf39059
00000259bf67b139
00000259bf67c419
00000259df10ac19
00000259e1bcfb59
00000259e7fe4f59
00000259edf5a879
0000025a08484d39
0000025a39ba9359
0000025a6f0701b9
0000025abbebf499
0000025ac6d323b9
0000025ace504bd9
0000025ad20fa019
0000025add912af9
0000025ae9db5679
0000025ae9db7439
0000025aec497f99
0000025aed41c119
0000025b0608b979
0000025b0acd5479
0000025b170b25d9
0000025b1914cc39
0000025b2b42b319
0000025b37dc5539
0000025b449a8879
000004b6d1f25661
00000000031d4e71
0000000000000181
0000025b84de6799
0000025b8d37c819
0000025bad26ad19
0000025bd0cad099
0000025bd0cad239
0000025be6104fd9
0000025c0aa92c59
0000025c0eae8a79
0000025c3ee85d99
0000025c3ee87319
0000025c6727e019
0000025c73a71b99
0000025c73a71d39
0000025c75826059
0000025c81b10139
0000025c9cecb899
0000025cbe69eeb9
0000025cd224c159
0000025ceb44ccd9
0000025d3eb09279
0000025d771eefd9
0000025d880624b9
0000025dbef32199
0000025df67f8bb9
0000025df85224d9
0000025e1486b079
0000025e3067fc79
0000025e49d69539
0000025e93178679
0000025e93178819
0000025e939c3a99
0000025edeff4099
0000025f1f272159
0000025f352cbc79
0000025f352cc0d9
0000025f6fe17a59
0000025f773da919
0000025f8e58abf9
0000025f9549e179
0000025f96feb3b9
0000025fcce0d5d9
0000025fcf616c59
0000025fcfccbc39
0000025fcfccf9f9
0000025fd2d0f999
0000025fd2d10dd9
0000025fd2d13119
0000025fd2d134f9
0000025fd2d143b9
0000025ff2087819
0000025ffe25a639
00000260134a2a79
0000026018abd1f9
0000026018abea19
000002604878b1d9
000002605cf8ac79
0000026076b107b9
000002608da7a099
00000260ad80a5d9
00000260ccf60db9
00000260d7dcf139
00000260deec2e39
00000260deec3b79
00000260e91c2d79
000002616b5aa439
00000261a6194679
00000261a6194db9
00000261a6195639
00000261a6198cb9
00000261c5882999
0000026227f38699
0000026234aad059
00000262382c3d19
000002623fbcf319
0000026266d315b9
0000026271d31e19
0000026288d93899
0000026288d948b9
0000026288d94939
0000026288d95019
00000262982b85d9
00000262982b87b9
00000262982b8859
00000262982b8f39
00000262982b9819
00000262b8bc8299
00000262e48d5139
0000026337dada79
000002635c1b1fb9
0000026374cfe819
0000026385d25bb9
00000263adde9619
00000263ae5ae459
00000263c6583819
00000263f322cb79
00000263fb0ab139
000002640a532c59
0000026439ff3679
000002647eec02f9
000004c9725cec61
00000000031d4e71
0000000000000181
00000264cfb8c019
00000264e4499279
00000264f85f6899
0000026515982d59
000002655b37fcf9
0000026583bd1a99
000002659d7a93f9
00000265e7dd3ad9
00000265f3b01279
00000265f3b01f79
00000265f3b080f9
0000026639f659f9
000002664bba54d9
000002667119ff59
00000266711a00f9
00000266930c94d9
00000266d16cf8d9
00000266df90a139
00000266df90b079
000002673e94d7d9
000002675ec4a259
0000026767a50fd9
00000267b237d899
00000267b8a27279
0000026806552ed9
000002681a91edf9
0000026828295879
0000026842352859
0000026869ae1959
00000268b65c32b9
00000268b65c4479
00000268b8312eb9
00000268ba81d8d9
00000268bb3ff3b9
00000268f5557e79
00000269146e1459
0000026930145639
0000026934503fb9
0000026945219159
000002694521fd59
0000026945226179
000002694a74c359
000002694cf0d619
0000026955d76119
00000269603eacb9
00000269b6b831d9
00000269ee378299
00000269f3ae8f79
0000026a024d8cf9
0000026a0cf80459
0000026a21082359
0000026a32a55039
0000026a7e5ecd39
0000026a9d2b10d9
0000026ac1d80a39
0000026ac37d26d9
0000026ac37d3ad9
0000026adf941579
0000026aed279919
0000026af0355d99
0000026b0f2efa59
0000026b5b6d6439
0000026b5b6d8a59
0000026b5cdf76d9
0000026b5cdfa999
0000026b96689639
0000026bcf05d619
0000026bd9a47899
0000026c345e7879
0000026c4a3c1e99
0000026c5707e4b9
0000026c747e3119
0000026c8b7a0419
0000026cb1b9f539
0000026cc0654d39
0000026cc2760119
0000026cc59d3fb9
0000026d30e1d4d9
0000026d3330ef59
0000026dad2451b9
0000026dfd9305f9
000004dc12c78161
00000000031d4e71
0000000000000181
0000026e200be319
0000026e79c79e99
0000026e81a3c879
0000026e82a1a999
0000026e82a1ebf9
0000026e9711ceb9
0000026eb5f396f9
0000026ec3800439
0000026eee3e0099
0000026f16857479
0000026f177dd559
0000026f32ec8659
0000026f55af81b9
0000026f68ab3bf9
0000026f731a57b9
0000026fca878959
0000027019b71d99
0000027060030db9
0000027079e19dd9
00000270df7740f9
00000270df775879
00000270e3558e99
00000271008d8359
000002710fd5f819
0000027159a6b899
000002716d2d1d99
00000271779f9f19
00000271d7781359
00000271e3d4e7b9
000002720cc10e39
000002722bfd4f39
0000027254294679
000002726409a199
000002726409a379
000002727b7533b9
00000272a0261699
00000272a0261879
000002733132ff99
000002736336c739
000002737d3d4759
000002738586c479
000002738c0cf639
00000273a01120f9
00000273a5e05579
00000273c30ab3b9
00000273c30ab599
00000273c7269719
00000273c726aab9
00000273c84f84b9
00000273db23c0b9
00000273df0c0d59
00000274274a5fd9
0000027458664b79
00000274b0e193f9
00000274f06f0479
00000274f8168499
00000274fb8176d9
00000275031ac879
000002752b0a36d9
0000027540c9e199
0000027540ca4679
00000275714eba39
0000027583efa0d9
000002758f4ba9b9
00000275e730c139
000002760d96b619
000002762a3038f9
000002765da33419
000002765f0f8479
000002765f0fb539
000002765f0fc879
000002765f1020d9
000002769428f2d9
0000027698ff8c19
000002769aba3d19
000002769ba442d9
00000276b5a02799
00000276c5d5d419
00000276e0bc5579
00000276f84bdf39
0000027712069519
000004eeb3321661
00000000031d4e71
0000000000000181
000002775a7c1b79
0000027761652519
0000027761652df9
00000277705e6e39
00000277705e7e59
000002777dd23d59
000002778b3f0cd9
0000027794ccef99
00000277da914419
00000277da915719
00000277dbfcd519
00000277dbfce839
00000277dcf35e19
00000277eb60e7b9
00000277edcbe3b9
00000278989a9739
00000278989aa939
00000278ad4e1239
00000278b2273cb9
00000278c7a332f9
000002792286bb19
0000027944223039
0000027987bdf299
00000279bff59f59
00000279d8344159
00000279f2eb89d9
00000279f54b19f9
00000279fadf8db9
00000279fadf8f79
00000279fadf96f9
00000279fadfa119
0000027a10fc03d9
0000027a15b97999
0000027a390ac279
0000027a48636cd9
0000027a486385d9
0000027a5f86a2d9
0000027a5f86a4b9
0000027a72814339
0000027a96e5dff9
0000027aab0fca99
0000027ab97c2119
0000027ac5ac5cd9
0000027ae7074619
0000027b1edf8d79
0000027b33785c59
0000027b59172159
0000027b60fe6cd9
0000027b6751cf59
0000027b7cc10499
0000027bbea540b9
0000027bd52a85f9
0000027c3cace6f9
0000027c464c85f9
0000027c62050e79
0000027c6f058b39
0000027c7dd68279
0000027c9fddda79
0000027c9fde3679
0000027caef03c99
0000027cded8aad9
0000027ceeed8759
0000027d33972e19
0000027d33974359
0000027d36976bd9
0000027d84b52159
0000027da33781b9
0000027dafdb5059
0000027ddd335399
0000027ddff37f79
0000027e1c3790d9
0000027e26e9fbd9
0000027e3a9fc3f9
0000027e55b4fc59
0000027e55b503b9
0000027e741b9819
0000027e77ae06b9
0000027e77ae0c99
0000027e8805b519
0000027ea4b0dff9
0000027ebfd9ab99
0000027eca5793d9
0000027f020aad19
0000027f1952d0d9
0000027f19eddcf9
0000027f19edecf9
0000027f389b6479
0000027f6177a739
0000027f63a658b9
0000027fa23bf579
0000027fdda482b9
0000027fe99ab3b9
0000027ff9c3cc39
00000280406b0b99
00000280406b12f9
0000028064b51fd9
00000280665b2ed9
00000280727a30b9
000002807ce95fb9
000002807ce97599
00000501539cab61
00000000031d4e71
0000000000000181
00000280bb3617f9
00000280ce64d499
00000280d4751d99
00000280f07fa479
0000028144f5be79
00000281601fe5b9
0000028179a03579
000002818a8ab619
000002818a8abed9
000002819fd29999
00000281a9ec3459
00000281a9ec4619
00000281bfa970b9
00000281d35ed1f9
000002823e32af59
0000028262e58db9
000002826c8c5819
00000282a23e3599
00000282c22a18d9
000002831d34c1f9
00000283458bbfb9
00000283a06e5c79
00000283a06e70d9
00000283a85d5d19
00000283ab4682f9
00000283ab468499
00000283bf504e19
00000283e6d24f39
000002840f940dd9
00000284320f2999
000002843ee17c59
000002847dd68539
00000284b2bae839
00000284cb9452f9
00000284d3b94299
00000284d3b94459
0000028531f38d79
0000028535050ff9
0000028538d1ecb9
000002855408f1d9
000002855d9e2139
0000028587c12eb9
000002859dbddf39
00000285d2639c39
00000285edd30759
00000285f2929b79
00000285fc0f7459
0000028603f9f1f9
0000028603f9f7d9
0000028645ecdc79
000002864fa98219
000002865af5db39
000002865af5edd9
0000028668ca8a39
00000286bf3861f9
00000286c83b8939
00000286e33568f9
00000286f47bded9
0000028712e301d9
00000287a501b559
00000287d87dcc99
00000287e2d95fb9
00000287e2d96179
000002880859e719
000002881835a679
0000028849cacc59
00000288a1d7d839
00000288ae44c899
00000288bdc574d9
00000288d2cf0db9
00000288d96dc1b9
00000289290ccc79
000002897a276899
0000028992974239
0000028992975939
0000028994758579
0000028998bb45f9
00000289b35c2519
00000289c0ba1319
00000289c78f8899
00000289e61c7279
00000513f4074161
00000000031d4e71
0000000000000181
00000289fb42de39
0000028a179af659
0000028a5e3f75d9
0000028a9b5212d9
0000028aaf7c9e39
0000028ad9e57d59
0000028b27919379
0000028b2791e279
0000028b2a5b15f9
0000028b2d39a7b9
0000028b3e3826d9
0000028b41339559
0000028b4f186039
0000028b7401ae79
0000028b88bce219
0000028b93847459
0000028b972e1a19
0000028bf5585a39
0000028c0953a459
0000028c162cdd19
0000028c3f5d99b9
0000028c3f5dad39
0000028cbdbfa079
0000028cbfaa8579
0000028d0efaa6f9
0000028d0f814b19
0000028d1269b7f9
0000028db7ec9b79
0000028db7ecacf9
0000028df64c62d9
0000028df64c78f9
0000028e0a9bc839
0000028e317b9699
0000028e5660fc39
0000028e6f983e59
0000028eba443a79
0000028edf3ae319
0000028edf3b01d9
0000028f2e0d9e99
0000028f4bf0aa39
0000028f568874d9
0000028f5c6af219
0000028f8528ad99
0000028f8528ae19
0000028f95b7bf19
0000028fb2cb4e99
0000028fb2cb5059
0000028fb366b3d9
0000028fd1583599
0000028fda5ac799
0000028fed0123b9
0000028ff835f1d9
000002900852b559
0000029018c08e19
0000029064eab319
000002907d2bd3f9
00000290a7b0aeb9
00000290af713439
00000290af713c59
00000290b1b122f9
00000290bd1d0a59
00000290eb27b299
00000290eb27bfd9
000002914f5e4919
00000291e6df6219
00000291fc0ad119
00000291ff7f3ad9
0000029219f92d19
0000029257e78239
000002925e390f99
0000029264e2fc39
000002929a5bd4b9
00000292aacce899
00000292aaccefd9
00000292aacd2599
00000292cfa68ad9
000005269471d661
00000000031d4e71
0000000000000181
00000293551e03f9
00000293926866d9
00000293c4b04c79
00000293ee38e8d9
00000293f0d2b139
00000294b387e559
00000294cfab05b9
00000294cfab16f9
00000294d2f7f159
00000294d2f7f339
00000294d73399d9
0000029553ca0739
0000029554464d99
000002955cb3b579
000002956cc33b39
000002958bfda6f9
00000295e37d47d9
0000029617577839
00000296ade7ddf9
00000296b0005319
00000296d5df35b9
000002971b180719
0000029734a63fd9
000002973c807b39
000002973c807cf9
000002973c80ded9
000002973c80f9b9
000002973c817479
00000297434e86f9
000002976ecab7f9
0000029774ebfd39
0000029778b5d759
0000029783e23399
00000297b3bfcc19
00000297b5bf20b9
00000297ff9ef139
0000029801d81ad9
0000029868f9e8d9
0000029868fa0a19
00000298816fbc59
00000298ad600239
00000298f9d265f9
000002990ce78499
000002993ede9159
0000029948bacbd9
00000299a3266bf9
00000299a3268cb9
00000299d7c5b279
0000029a5dca5279
0000029a9daca399
0000029aa7be1cd9
0000029abf3ec539
0000029b181d7b99
0000029b39c69639
0000029b6da70a39
0000029b6da71fd9
0000029b93bfb6b9
0000029baaaafbf9
0000029bbd170999
0000029be1c9b319
0000029be881da99
0000029bfbb593f9
0000029c50c187b9
0000029c709a8f39
0000029c8f8331d9
0000053934dc6b61
00000000031d4e71
0000000000000181
0000029ca9702fd9
0000029cb1451119
0000029cbcdda199
0000029cdff03dd9
0000029cfecef839
0000029d0036e259
0000029d2e12ccb9
0000029d33ce4099
0000029d873aec19
0000029d9f1eb6d9
0000029d9f1ecb99
0000029dfb8005f9
0000029dfb800799
0000029e3a3a8179
0000029e47201f19
0000029e7f4c7bb9
0000029e80b9c199
0000029f01f82a59
0000029f5e85fc99
0000029f5e85fe39
0000029f60e38bb9
0000029f7353e599
0000029f9785a839
0000029f99dc3459
0000029fc1491559
0000029fcdf038d9
0000029fdad54f39
0000029fdad55f99
0000029fe788a839
0000029fe81e2679
000002a019bf4e19
000002a023963a99
000002a04cd4a699
000002a063b05279
000002a063b06579
000002a09d1f8c79
000002a0d49a16b9
000002a0e1122939
000002a1074604d9
000002a11993e539
000002a16067d219
000002a17879b9b9
000002a17879e4b9
000002a18c7fe979
000002a1939aa899
000002a1941d1cd9
000002a19b1a6199
000002a1a5b9da39
000002a1c04bdbd9
000002a1f3241919
000002a2036fcb39
000002a21e2ea499
000002a2457176d9
000002a26bfb0179
000002a278f26579
000002a29330a079
000002a29fcf1559
000002a2a7af2d79
000002a2a7af3f79
000002a2b00e4eb9
000002a2f60a1e39
000002a3195102d9
000002a33aa36779
000002a33aa37099
000002a33aa3e299
000002a35155f6b9
000002a369b3a0b9
000002a369b3ae19
000002a3c42f0c99
000002a41f767219
000002a41f768439
000002a421fe4b99
000002a4c31b4cd9
000002a4e21feb19
000002a4ee41ce99
000002a4ee41e5d9
000002a4f76f4559
000002a4f76fd439
000002a551934a99
000002a5aa776619
000002a5ae83f1d9
000002a5b8c96bf9
000002a5cba5b9f9
000002a5dd494499
000002a5e59d0359
0000054bd5470161
00000000031d4e71
0000000000000181
000002a6056d4519
000002a6056d4699
000002a6056d58f9
000002a6056db379
000002a610b20db9
000002a64ce7c859
000002a65c23d2d9
000002a66e9bcfd9
000002a6dc257879
000002a6e159b799
000002a716f53959
000002a7472d6379
000002a7472d7699
000002a74ca68eb9
000002a74ca6a139
000002a763908279
000002a775ea12f9
000002a85c5ca819
000002a85c5cc039
000002a87262f279
000002a8a47ab839
000002a8a7c91899
000002a8bd714979
000002a8c5a0d8f9
000002a8e1755759
000002a8e1756779
000002a924b12959
000002a92ccd43d9
000002a945d157d9
000002a945d159b9
000002a945d16819
000002a95577cff9
000002a955785939
000002a95bd46d59
000002a95bd46f19
000002a9c127a3f9
000002a9c372fcf9
000002a9cc343db9
000002aa15e324d9
000002aa18974219
000002aa18cdd659
000002aa18cdeab9
000002aa22a12b39
000002aa2b26f9f9
000002aa5d543b99
000002aa790befd9
000002aa7f67d579
000002aa7f67e559
000002aad421ff79
000002ab0b424ff9
000002ab297e0879
000002ab2e9fd099
000002ab2e9fe139
000002ab49d5fab9
000002ab49d60c59
000002ab5258f519
000002ab83a0b919
000002ab83a0bab9
000002ab83a0ca59
000002ab83a0ce39
000002ab947c1679
000002abbb371bb9
000002abcdf28f19
000002abd862b939
000002ac024e2379
000002ac09002599
000002ac0944dd59
000002ac0f88ca79
000002ac13e1c1b9
000002ac359e4219
000002ac36d6c8f9
000002ac3b0c8bf9
000002ac3ef7ded9
000002ac4ecaf079
000002ac692a5cf9
000002ac78c79799
000002ac8f2388f9
000002ace63c6f99
000002acf3f3a8f9
000002ad369b03b9
000002ad3bfe5159
000002ad4a5df8b9
000002ad7386b9d9
000002ad93bfa379
000002ad98ecfff9
000002adba6dd439
000002ade713b459
000002ade81cc659
000002ae0ef6da99
000002ae10dbe919
000002ae39f50539
000002aebab231d9
000002af25e21d39
0000055e75b19661
00000000031d4e71
0000000000000181
000002af4846f5d9
000002af48470c59
000002af6c630139
000002af74bf3d79
000002b007716519
000002b0101e2899
000002b034c98899
000002b04e57f019
000002b06fb49e19
000002b0c0cd7cd9
000002b0e7302a19
000002b10002e079
000002b10ec726f9
000002b10ec79d39
000002b12beb45f9
000002b13f231059
000002b1471e6539
000002b156d71bd9
000002b1581b49f9
000002b19207c019
000002b19207d519
000002b1d7ef5379
000002b1e2a14019
000002b1e2a1b9b9
000002b1e68a0599
000002b1fac55cf9
000002b21bf860d9
000002b21e549df9
000002b22855e899
000002b248a52b59
000002b27172f479
000002b295972779
000002b2c9635539
000002b2e9e1b9f9
000002b2ed6bc759
000002b2ed6bc979
000002b2efe917f9
000002b2f3b24c99
000002b2f8e1bd79
000002b3014f9779
000002b3014fa019
000002b30a1b82f9
000002b32d81fd59
000002b3502051b9
000002b399c91fb9
000002b3ac856c79
000002b3bed35fd9
000002b3eedd8d99
000002b3f36abb19
000002b425d99c19
000002b45fee5799
000002b4634046f9
000002b485b09c19
000002b485b0fb79
000002b48d6db399
000002b48d6dcef9
000002b48de9dff9
000002b4cd21c759
000002b4cedf4b79
000002b4e9d9c419
000002b502e5fcf9
000002b5065ebd79
000002b5767897d9
000002b576b9bc39
000002b57f6e3d79
000002b595acd479
000002b5d20b44f9
000002b5f4db1cd9
000002b625f09939
000002b6457b60d9
000002b666ff6859
000002b666ffc459
000002b6bda94199
000002b6c4efadf9
000002b6cbd060f9
000002b6cbd06179
000002b6d3281799
000002b72bbdee39
000002b740b4e599
000002b74ec3b999
000002b79049bd59
000002b79b35c219
000002b7b7d4edf9
000002b7f2416dd9
000002b7f84f8b59
000002b81f42c179
000002b81f42c8d9
000002b83e6028d9
000002b84e27e119
000002b866d4c079
00000571161c2b61
00000000031d4e71
0000000000000181
000002b897abd539
000002b91d17b619
000002b922db2099
000002b924130f39
000002b937873799
000002b9887ce8b9
000002b9b5447799
000002b9e2485f59
000002b9e2486859
000002b9fc70e039
000002ba1d763eb9
000002ba2177ef59
000002ba2d1bf2d9
000002ba7b9fb9f9
000002ba8ef94419
000002baa62f5eb9
000002baa62f72b9
000002bac41ba7b9
000002bb16cb9e79
000002bb45335479
000002bb52696019
000002bb5e3c1d99
000002bb65c94f19
000002bb65c950b9
000002bb65c963f9
000002bb65c96759
000002bb753a9919
000002bb8c6ca019
000002bba4ac2999
000002bba5779c39
000002bbade651b9
000002bbade665d9
000002bbd7f32179
000002bbe6996839
000002bbe699cb19
000002bbe699e3d9
000002bbe699eb39
000002bbedacac39
000002bc112420d9
000002bc32e56cf9
000002bc5d260c99
000002bc61991339
000002bc8fe7a2f9
000002bcc20789b9
000002bcd42cd5d9
000002bcd62344d9
000002bd70266159
000002bd7028d5f9
000002bd77915ab9
000002bda5cf4d39
000002bdc79c60b9
000002be151e3bb9
000002be151e4fb9
000002be2a6dac19
000002be308c5d59
000002be5523e459
000002be611197f9
000002be61119c59
000002be6111a8d9
000002be79516a79
000002bea3482c19
000002beb00fcb39
000002bebc493499
000002bec8170bd9
000002becdb0c919
000002beea598f59
000002bf5e9e7a39
000002bf72d24999
000002bf7bde0259
000002bf922429d9
000002bfc90c20d9
000002bfe3bf0fb9
000002bff0a78cb9
000002c0270f8399
000002c0474d7019
000002c04ed02ed9
000002c04ed0b4f9
000002c0803fdff9
000002c08144cb99
000002c08144d4b9
000002c08a302399
000002c0930e9919
000002c0930ead59
000002c0930eaf19
000002c0a52f02b9
000002c0baedae79
000002c0c22ba4d9
000002c12dc72519
000002c1415afa39
000002c148bbfdf9
000002c14974a599
000002c17ac0a779
000002c1968d51d9
00000583b686c161
00000000031d4e71
0000000000000181
000002c238c6cf19
000002c2453f0519
000002c25618d8f9
000002c25618eaf9
000002c266b8a7d9
000002c2811b8ed9
000002c2a30b76b9
000002c2bbf40cb9
000002c2ca5f9159
000002c2ca5fa5d9
000002c2f85cbe39
000002c3d0b708d9
000002c402dbc639
000002c40d732db9
000002c40d733e59
000002c41d91add9
000002c436f1b099
000002c457f14dd9
000002c457f16379
000002c45e7636f9
000002c45e76e4d9
000002c47b2771f9
000002c47b2787d9
000002c492e3e8b9
000002c4a12639d9
000002c4d4ddf3f9
000002c4ebc91179
000002c4ebc94619
000002c5185c6f99
000002c53a21e879
000002c54155f2b9
000002c560cb0dd9
000002c560cb20f9
000002c562e03ad9
000002c5c37898f9
000002c5c8e0e1f9
000002c5d6269579
000002c5d626a759
000002c5de8d8779
000002c61913e059
000002c630314179
000002c639bc2e39
000002c639bc2ff9
000002c647e44b39
000002c647e45d59
000002c680fe1db9
000002c690579219
000002c6af7d8a59
000002c6b0a3a659
000002c6cb609119
000002c6cfdd10d9
000002c6d77904b9
000002c6d7793999
000002c7408bd579
000002c74aca63f9
000002c74d582299
000002c77da3b4b9
000002c799315ef9
000002c79ea534d9
000002c7c5f25f59
000002c7e798b0f9
000002c7fab63759
000002c85e687259
000002c8656377d9
000002c8880d6159
000002c890d669d9
000002c8bd843d59
000002c8c4b6e9b9
000002c8e95a8739
000002c8e9cd6599
000002c9150036b9
000002c91612c5f9
000002c931939039
000002c9428967d9
000002c942896fb9
000002c946076359
000002c94c563879
000002c984cfc379
000002c9cc350419
000002c9d01f6939
000002c9e1dc3319
000002c9e257b4f9
000002c9e257de59
000002ca0ef418f9
000002ca3efc6dd9
000002ca4c76b6b9
000002ca5ac3dd59
000002caa4c5e6b9
000002caad3e63d9
000002cabb1bcdb9
000002cac7a34699
000002cad47a2bf9
000002cae472f919
000002cb17ae2dd9
0000059656f15661
00000000031d4e71
0000000000000181
000002cb3d9d0319
000002cb4fc93b19
000002cb565c9859
000002cb5a726879
000002cb653db339
000002cbb0da4b79
000002cbb0da4d59
000002cbb0da66d9
000002cbe5397f59
000002cbee8c3a99
000002cc016a9a79
000002cc0a44c479
000002cc5bf13919
000002cce2340539
000002cd3d1d8a99
000002cd3ecf1bb9
000002cd4c0f8cb9
000002cd4d9539f9
000002cd4d9bc4d9
000002cd803fac19
000002ce117ebd39
000002ce4488d439
000002ce77631b39
000002cecc0aeeb9
000002cf3b2731d9
000002cf3b275799
000002cf748c6839
000002cf9d6ff739
000002cfb1fe9d79
000002cfdcda97f9
000002cff9ce01b9
000002d06ee580d9
000002d092fe35b9
000002d0bc1a1d79
000002d0e4c49a59
000002d174b9d819
000002d18c48ad79
000002d1aa866d39
000002d1bc455059
000002d1d9036799
000002d1f9431219
000002d1f9433fb9
000002d1fab3af59
000002d224058019
000002d2d014b359
000002d2d8853b99
000002d2d9f7dc99
000002d308860719
000002d32655c5f9
000002d35b45d6d9
000002d386d1c5d9
000002d38f19cc99
000002d39d9a8959
000002d3cfa834f9
000002d3dd47c399
000002d40e1bcb19
000002d4116897f9
000002d41e1f2b99
000002d45ed0a079
000005a8f75beb61
00000000031d4e71
0000000000000181
000002d495136619
000002d4add49199
000002d4c0bc9579
000002d4f5be93b9
000002d4f73c3739
000002d4f9c8b1d9
000002d50c913c79
000002d57412dcd9
000002d5b7a768b9
000002d5f4741f19
000002d628741fd9
000002d6553bd819
000002d6ab095879
000002d6ab097af9
000002d6ac618979
000002d6ac61fed9
000002d6e3c7adb9
000002d7061d13f9
000002d74b719079
000002d74b92cd99
000002d762320939
000002d7b6cfd439
000002d7c404ac39
000002d7c5753ab9
000002d7cef52799
000002d805e04019
000002d81c3f4999
000002d81c3f5a79
000002d82730ee79
000002d84447def9
000002d84a3f9ff9
000002d8beb2fad9
000002d8beb34599
000002d903ef85b9
000002d903ef9a79
000002d909b7d3b9
000002d90ba6fbb9
000002d913ee2499
000002d931fc6319
000002d93a8a3c19
000002d988e7f699
000002d9b177b6f9
000002d9e4acde39
000002da004f63b9
000002da0064ad99
000002da21a41379
000002da4c582a19
000002da7f633cb9
000002da7f884af9
000002da831318b9
000002daa7b329d9
000002daa7b33d19
000002daaedec199
000002dabcd7ad19
000002daee2a52d9
000002db1e265279
000002db2f50d719
000002db39ae5e59
000002db6a4e0f39
000002db7e507059
000002db8d28e839
000002dbe7a17b79
000002dbff4817f9
000002dc2bfa6959
000002dc2e3be419
000002dc65f50399
000002dc82f038b9
000002dc876a3a19
000002dc876a58f9
000002dc9da55d99
000002dc9da56519
000002dcd20c46d9
000002dd37c0d459
000002dd4b96ceb9
000002dd641fbe39
000002dda16c46d9
000002ddc7558d99
000005bb97c68161
00000000031d4e71
0000000000000181
000002ddd72605b9
000002dde45a8179
000002de41ac78d9
000002de44cb3279
000002de44cb43b9
000002de7b7c2439
000002de8ef7e259
000002dead4f03f9
000002deb04ba0f9
000002dedf310e39
000002def0252af9
000002def26d0579
000002df12367f39
000002df2a61d6d9
000002df6394b019
000002df697948f9
000002df77701819
000002df9dc62ad9
000002e01554f219
000002e03621d359
000002e07f62f639
000002e0878cb8f9
000002e0878cc099
000002e08d7f49f9
000002e0a2ace759
000002e0b625b339
000002e0ec883279
000002e0ec883459
000002e0ff984319
000002e119d1b6b9
000002e12d4747d9
000002e1340372b9
000002e18ae54dd9
000002e18ae55ed9
000002e1e5ab38b9
000002e1fb9e7479
000002e21c0b16f9
000002e224a559b9
000002e22d0231d9
000002e268dbefb9
000002e26b187c39
000002e290835179
000002e2908364b9
000002e2a61a0ff9
000002e2a61a29d9
000002e2ac794299
000002e2cd8bc039
000002e2e2777279
000002e301a4a159
000002e31172bc79
000002e3175fcb19
000002e318bc5cf9
000002e31e5f2f99
000002e329b6ee39
000002e34b1168f9
000002e35483d199
000002e3c08e14b9
000002e3c08e1659
000002e3c08e2bd9
000002e3c08e3299
000002e3c0dd6079
000002e3c4d4c9d9
000002e3c5c38619
000002e40dea6ab9
000002e45491e259
000002e456718cb9
000002e456719559
000002e456719719
000002e457e93f39
000002e457e95139
000002e45832dc99
000002e49cfa27f9
000002e4c1d5cfb9
000002e4c3f12859
000002e4c5f8e899
000002e4c798fb79
000002e4cb396f99
000002e4d5b062b9
000002e4dda65539
000002e4eb489c79
000002e4eb489e19
000002e4eb48c179
000002e509053079
000002e5305fb859
000002e54a439279
000002e54a43fa79
000002e56f3d9ad9
000002e5787686d9
000002e594cab759
000002e5e9576e79
000002e5e95780b9
000002e645aef0f9
000002e67aba7959
000002e6822a4259
000002e6a02273b9
000002e6b3a026f9
000002e6b66d9259
000002e6cc97fff9
000002e6cc980759
000002e6dce470d9
000002e6fb157579
000002e708a19559
000005ce38311661
00000000031d4e71
0000000000000181
000002e760327ab9
000002e76fc936f9
000002e7b83988b9
000002e7c4f8b5f9
000002e7d201b5d9
000002e80d1f5299
000002e818a2ceb9
000002e82db2ff19
000002e8405f5119
000002e8405f66b9
000002e8484420b9
000002e8811f51d9
000002e8896a6df9
000002e8b83393f9
000002e8dbfe9219
000002e8e0f4fbf9
000002e91a2a8d19
000002e92eee4b19
000002e92eee9139
000002e9461db979
000002e98c1f0039
000002e99da32839
000002e9b2df6b19
000002e9b2df7db9
000002e9debc8f99
000002e9e4bd6299
000002e9f28e89b9
000002ea06632959
000002ea14147959
000002ea598ca7d9
000002ea8ca82cd9
000002eabbe41999
000002eabbe42d99
000002eac124b299
000002eac124d7f9
000002eac466b6f9
000002eacce1d159
000002ead35e0ef9
000002eaf011a239
000002eb03fd4ed9
000002eb2648df19
000002eb2648f259
000002eb26495c39
000002eb4a7734b9
000002eb4b3fe4b9
000002eb4f818419
000002eb659cf159
000002eb830b2859
000002ec01111199
000002ec3b88fb19
000002ec495739b9
000002ec82e044b9
000002ec9cc2e019
000002ec9cc30d99
000002ecb45176d9
000002eccf9cd8d9
000002eccf9d7b19
000002ece9864cb9
000002ecf6a6cff9
000002ed0f31fc19
000002ed1f89c459
000002ed34fb6419
000002ed400734b9
000002ed53bc4839
000002ed784eaa79
000002ed8f24b539
000002edd5c38d19
000002ede54c0ad9
000002ee3a655b99
000002ee3a657199
000002ee51676219
000002ee5329f639
000002ee5be0e2f9
000002ee5be0f059
000002ee5be13a59
000002ee62dfa6b9
000002ee6d8a3839
000002ee8f03ded9
000002eed5681b39
000002eed568c159
000002eed69d4439
000002eef6d95b59
000002ef623760f9
000002ef6e58f199
000002ef75390299
000002ef9bb17c39
000002f014a4aa19
000002f0474b75d9
000002f05a06dc39
000005e0d89bab61
00000000031d4e71
0000000000000181
000002f0b4ff7439
000002f0e277dbd9
000002f1123555f9
000002f14a266db9
000002f14e15fe99
000002f16a9fec39
000002f170a86419
000002f170a875d9
000002f1b7348ad9
000002f1b7349cb9
000002f1bdcccbd9
000002f1cd042339
000002f1d11b89f9
000002f1f6fc4e39
000002f20b738c59
000002f20daa1319
000002f2497b0439
000002f262088139
000002f263a1b1f9
000002f263c27c99
000002f280653219
000002f28a1bbff9
000002f29fac1bd9
000002f29fac3299
000002f2c11ae0f9
000002f2c488a4f9
000002f2d931c119
000002f31b3de7d9
000002f31ed32119
000002f331462019
000002f338c0f619
000002f33a9bf839
000002f33a9c08d9
000002f355c0f1d9
000002f36250c199
000002f377f00879
000002f3885b1019
000002f3885b65d9
000002f3aee6a2b9
000002f3bb1b04d9
000002f3c82e6559
000002f3c83384f9
000002f404b4ab79
000002f4106eed79
000002f411c2b379
000002f4550d37d9
000002f47e000c99
000002f486479c59
000002f53a41ff59
000002f5408c9639
000002f541886bf9
000002f542e74439
000002f568520359
000002f589799459
000002f58a5ad999
000002f5953d9259
000002f5953e3399
000002f5a1450399
000002f5a1451519
000002f620e51839
000002f64cddce99
000002f64cddd619
000002f64f0168b9
000002f64feabef9
000002f659741539
000002f671193599
000002f68e1022b9
000002f68e103599
000002f6a26b9279
000002f6fc3637f9
000002f70a0a34b9
000002f710ed7159
000002f7194d26d9
000002f72ba3c159
000002f74128cd19
000002f78bd07f39
000002f791df92f9
000002f7ddf23339
000002f7ddf23af9
000002f7dfa9ea79
000002f7fa4b3af9
000002f7fcfe8199
000002f80fcddb99
000002f810df9919
000002f839030a19
000002f839031a79
000002f8b1ffc1f9
000002f9236d1f19
000002f924952359
000002f9355c7779
000002f9355c8079
000002f9355ce419
000002f969b5cb39
000002f985440f99
000005f379064161
00000000031d4e71
0000000000000181
000002f9ec3d6259
000002f9efaac539
000002faaef31559
000002fab0004599
000002fabb0695b9
000002faca88deb9
000002fadf9e4119
000002fae15c8c79
000002fae15c8fb9
000002fb1a8d29f9
000002fb49031819
000002fb595e35d9
000002fb747e3a19
000002fb80520d19
000002fb8728d779
000002fb8dbdcd79
000002fb8dbddf79
000002fbb4594979
000002fbe1cae0b9
000002fc5608dd99
000002fc5bdf9179
000002fc61319bf9
000002fc674e0379
000002fc7f2c5dd9
000002fcc6913ed9
000002fcc6914099
000002fcec18b319
000002fcec18ca79
000002fd56f0c019
000002fd91e3f419
000002fda36e66b9
000002fdca45e4b9
000002fe1e0a9cf9
000002fe27fb0719
000002fe296f93f9
000002fe776df579
000002fe776e0b19
000002fe83625d19
000002fec9cd7919
000002ff04612559
000002ff04615e39
000002ff1c24ecf9
000002ff5c0b1439
000002ff6c234e99
000002ffa7d24979
000002fff9a0adf9
000002fffe22c799
0000030001ce39d9
0000030026c84159
00000300713d8f39
000003008c61ddb9
00000300937d6c39
000003009a4be2f9
000003015934c6d9
000003017387c3b9
000003019373e1d9
0000030200579db9
000003022eec2639
000003022f34f4f9
000003022f350779
000003025e849939
00000302742bafd9
000003028a8d3b79
000003028a8d5659
00000302a2b88dd9
00000302de9ec9b9
00000302de9eda39
00000302f6deb039
0000030309cbcb59
000006061970d661
00000000031d4e71
0000000000000181
0000030311757a99
0000030329c03099
000003032b1a6499
0000030339efe279
0000030339efeb79
000003036fe1dc79
000003037acacef9
00000303a987a259
00000303ac779839
00000303acdf0f19
00000303acdf2ff9
00000303acdf6339
00000303d7466d19
00000303ec079c19
000003040b1d6199
000003045081d639
000003045d71a659
000003046722f119
0000030467ad0979
000003047b42b6b9
000003049066fa39
00000304aa11f379
00000304feabed19
000003053b641819
00000305774614b9
00000305865991b9
00000305b0846819
00000305b08477f9
00000305b0848619
0000030605453d59
0000030608a1f7d9
000003061f289f59
000003061fef93d9
000003062db5a839
000003064af55c79
000003064af5bdd9
000003064af5be79
000003064beef919
00000306678aa1b9
000003067b277b79
00000306d7889239
000003076ba9aad9
00000307ad506d99
00000307ad506f39
00000307c8ac02d9
00000307fd07f9b9
00000307fd538e59
00000308023dee59
0000030810e30699
0000030815572719
00000308506f3619
0000030856afc519
000003085fdcea19
00000308a9149919
00000308bc6c0419
00000308e18cca39
00000308fce85e79
000003090f839c99
000003093a5894f9
0000030966be1519
000003099a5e41f9
000003099a5ec999
00000309a0e05539
00000309cf11f9b9
0000030a441b2bb9
0000030a4d0ff919
0000030a572e6579
0000030a5efd2539
0000030a5efd3759
0000030a6c1e4cb9
0000030a6c1e7919
0000030a7b691539
0000030aaaa9c159
0000030abff68e99
0000030ad976d819
0000030af48b0219
0000030affddda39
0000030affddf1b9
0000030b4c9bf5b9
0000030bc24c3259
0000030bd34b39d9
0000030c3543baf9
00000618b9db6c61
00000000031d4e71
0000000000000181
0000030c6b778839
0000030c6b779e79
0000030c92346c59
0000030c933bd039
0000030ca6dbf0b9
0000030cac0f91d9
0000030cbd671599
0000030cbd6725b9
0000030cbd672a79
0000030ccd062fb9
0000030cd2222a19
0000030cd6215199
0000030ce6de4d19
0000030cfb4ecfb9
0000030d286cb599
0000030d3abffb99
0000030d3ba82e79
0000030d4ecab559
0000030d62e2c459
0000030e77496bd9
0000030e7a311b39
0000030e8ce16cd9
0000030ebbf79179
0000030ed3cd7499
0000030f937529b9
0000030fd55a9379
000003101b5887f9
000003103526c3b9
0000031066dd64f9
000003107e0d56d9
000003109a1c2ef9
000003109a1c3679
00000310a5266159
00000310c3558f39
00000310c355c679
00000310cd167759
00000310f68aaed9
00000311714fcdd9
00000311bfbdfcd9
00000311bfbe3d59
00000311c30bcd79
00000311d57760b9
00000311da868559
00000311dd86c1b9
00000311dd86d779
00000311e439def9
00000311f59938b9
00000311f5998b39
0000031209af8cb9
0000031217c28f79
0000031223b0e2d9
000003123c023f39
000003126adafbf9
00000312a2073599
00000312c7d9e319
00000312cb098b79
00000312eda38599
00000313122ca939
000003131a14ac59
0000031366f92599
00000313723089b9
000003137230a099
000003138a8f8cf9
00000313901020b9
000003139d0e8699
00000313ab98a7d9
00000313b927cb19
00000313be4732d9
000003146eecff19
000003146eed00f9
00000314786cff59
000003148f9909d9
00000314b48c6ef9
00000314d43177d9
0000031515e4f759
0000031515e50039
0000031552200719
0000031573805879
000003157bc67759
000003159903ee79
0000062b5a460161
00000000031d4e71
0000000000000181
00000315e0370419
00000315e5442199
00000315ec650e39
00000315ec651f99
00000315ec652319
00000315ec653ef9
00000315ee3e3c79
00000316041d4d59
00000316566af7f9
00000316731c82b9
000003167917c119
00000316806c83d9
0000031683120279
000003168d763fd9
00000316b1fb0db9
00000316f9870bb9
00000317147cc0d9
00000317235fabd9
000003172e936df9
000003176bb77359
0000031773c8bcd9
0000031777ca5e99
000003179f30d7b9
00000317f7124979
00000318175f1919
0000031822933559
000003182eb7de59
000003186efb4219
0000031878169739
00000318b650def9
00000318b69ec359
00000318cec841f9
0000031922f09479
000003196c679a19
000003199df90ff9
000003199f90b4f9
00000319b218d6d9
00000319ec6d0d59
0000031a0e8670b9
0000031a250327b9
0000031a96ea0b59
0000031a9cf96879
0000031b28e7bb99
0000031b29b1abb9
0000031b67a50919
0000031b7b04d659
0000031b81888199
0000031b81889339
0000031b91af1079
0000031b930a8979
0000031bd8cc2159
0000031bd8cc37f9
0000031bf139f0f9
0000031c0fc984d9
0000031c0fc998d9
0000031c219caef9
0000031c343476b9
0000031c4910dd59
0000031ca7bc4719
0000031cad4ea6f9
0000031cadbb07f9
0000031cbfab8c59
0000031cc744b259
0000031cdbbe3eb9
0000031d21be2799
0000031d3b21c739
0000031d793b0419
0000031d88121dd9
0000031df39b2659
0000031df5e837f9
0000031df7e288d9
0000031e024b1619
0000031e2cfc3159
0000031e7d8a03f9
0000031e85522219
0000031ec9949c19
0000031ef02ad9d9
0000063dfab09661
00000000031d4e71
0000000000000181
0000031f01f611d9
0000031f2422c499
0000031f6e9ec079
0000031f6f7c6599
0000031f6f7c7759
0000031f7b9ddf79
0000031f9a70a319
0000031f9a7108f9
0000031fa120e9f9
0000031fcdca7b99
0000031fd12fa7f9
0000031ffd001db9
000003202eece219
00000320578fbf99
0000032076139659
00000320906a20b9
00000320a4b04319
00000320ceac1879
00000320e37794b9
00000320e9c5ae79
0000032101b9bfb9
000003210d2e3f39
000003213e3a5cd9
00000321467e43b9
00000321915b3319
00000321bcd6b739
00000321c1b8e579
00000321e1aa1659
00000321fc28b939
000003223b939ed9
0000032245696519
00000322835ca0f9
00000322cddb5eb9
00000322e3d4f5f9
00000322e3d50639
00000322ea48d8b9
00000322f7000959
00000322f91364d9
00000322f91372b9
000003232ab7a9d9
0000032336f291b9
000003239015ec99
00000323a303a279
00000323f5091099
00000324171f2619
0000032437182f99
000003245af481d9
000003246a368a19
000003248048ec79
00000324902e8c19
00000324abfe8099
00000324abfe9259
00000324abfead19
00000324d1f311b9
00000324f8c96ef9
000003251391d779
0000032516abc439
0000032516abcb99
0000032534bd2379
0000032537579cf9
000003253c190819
000003257070a199
000003257724d219
0000032589447d39
00000325f121a859
0000032629bf8179
000003262d062fd9
0000032646726b79
0000032659ca33b9
000003267acc0439
00000326a5f44f99
00000326bfe253f9
0000032717bd2e79
000003271d708679
000003276f232119
0000032778db7f79
00000327a247d379
00000327ae486699
00000327ae487f39
00000327deb69cf9
00000327f191cc99
000006509b1b2c61
00000000031d4e71
0000000000000181
00000328509b6c39
000003286f4976f9
00000328798a7d39
00000328868b0119
0000032887053f79
0000032888127b39
00000328e9701799
000003290c8f0159
000003291bfd4ff9
000003293776be99
000003293776cbb9
000003294762ceb9
000003294762e219
000003294b4d5b79
000003295eac2cf9
000003296434ed99
0000032964355f19
000003296d4ddb79
00000329b9ecf139
00000329d39934d9
00000329dfea5779
00000329dfea65f9
00000329e8a76779
0000032a02ff5239
0000032a039f2919
0000032a178a1a39
0000032a54afb279
0000032a5be4aaf9
0000032a7438e1b9
0000032aa8061b99
0000032aab4d02d9
0000032aab4d0a39
0000032af89e6399
0000032afc320379
0000032b20ce6139
0000032b56ff8e79
0000032b9583d6f9
0000032bac7ce9b9
0000032bb90f4319
0000032bd0d136b9
0000032bd201a679
0000032bdeb93199
0000032bdeb93db9
0000032bf782d8f9
0000032c3dc5c839
0000032c3dc5dd99
0000032c47e0ab19
0000032c521c53b9
0000032c521c6919
0000032ca452db99
0000032d030a7a79
0000032d030acab9
0000032d75bee259
0000032d75bee9b9
0000032daab25279
0000032daab259d9
0000032dd13c3ed9
0000032de79b8259
0000032de79bcf99
0000032e480aeb19
0000032e58dbbff9
0000032e63abb859
0000032e7d1f9019
0000032ea3868979
0000032eae8e1a99
0000032ec6e534b9
0000032f2da1ab39
0000032f49a19c99
0000032f507da079
0000032f507db639
0000032f5c955fd9
0000032f906ff119
0000032fa0f79cb9
0000032fe4d82ed9
0000032fe4d83079
000003300144c499
0000033059705b19
00000330779ded19
00000330779e43f9
0000033097ca7399
0000033148001099
000003315cb1bdb9
000003316970eb79
000003317755f419
0000033177583bf9
000003317fa5b819
000003317fa5bd39
000003317fa5e1f9
000006633b85c161
00000000031d4e71
0000000000000181
00000331c722a859
00000331e127f019
0000033231404ef9
0000033284e4bbf9
00000332a1706cf9
000003336b230a99
000003336b232099
00000333707c7c39
00000333973cc0d9
000003339eccaa59
00000333aebb0559
00000333ce031df9
00000333cf87b119
000003341065a559
0000033419906f39
000003342b50d1d9
0000033455b7b439
0000033456de8b99
000003345ee2c2b9
00000334bfda9759
00000334d24b7fb9
00000334d98f1459
0000033551214779
000003355f78da19
00000335baed94d9
00000335c09c7359
00000335c7fe77d9
0000033600594ff9
0000033607629ed9
000003360bdd3179
00000336539877d9
000003367d011399
00000336ce0f2cf9
00000336ce0f45f9
00000336d3e3cb59
00000336e087c8b9
000003370cb0ca19
0000033723998759
00000337a84ceb59
00000337c6513999
00000337f2f0ecb9
000003382eb6d399
0000033877c54259
000003387e27f319
00000338886dc419
0000033890d9c359
000003389de3a939
00000338a3e8d139
00000338c6ceecb9
00000338c78f19b9
00000338d5f7f059
00000338e1825c59
00000338e3251899
00000338ebebc4d9
0000033932feac79
00000339515bfb99
000003395a300e99
000003395ac40bb9
000003397d1aecb9
000003397d1afe19
00000339df5b5b39
00000339f986c5d9
0000033a09483779
0000033a09484979
0000033a82f062d9
0000033a82f08099
0000033a82f112f9
0000033ab794f239
0000033ab7951099
0000033abadd3779
00000675dbf05661
00000000031d4e71
0000000000000181
0000033b4bef74f9
0000033b660b2ab9
0000033b86c77dd9
0000033b86c79d39
0000033b8744ea99
0000033b887074b9
0000033b88708519
0000033b887091d9
0000033b8ff73ff9
0000033bf3546359
0000033d0a55a9d9
0000033d0e208779
0000033d2830d559
0000033d6a31eaf9
0000033d9621e1d9
0000033dcab00e59
0000033e1c01ea59
0000033e248081b9
0000033e52958fb9
0000033e74d4a859
0000033ea51301b9
0000033ea5131579
0000033ea5131619
0000033eb649d3d9
0000033f235704f9
0000033f44691159
0000033f59d55779
0000033f85d641f9
0000033fe6e4ead9
00000340027c13b9
0000034011f9f539
00000340742ae479
00000340998e0519
00000340c04c9e59
00000340f61d6759
000003412d8571d9
000003416dbf2a79
000003416dbf4399
000003417cde0b39
0000034201dcc519
0000034201dce639
0000034218f8ff99
0000034229571e59
000003422957b759
000003423089f379
000003424c00a5b9
0000034253e8baf9
000003425e4cd099
0000034299635bd9
0000034299eb5859
0000034299eb6939
000003429fcbc979
00000342ccf96dd9
00000342ccf97539
00000342ccf984f9
00000342e16fe5b9
0000034305d04cd9
00000343160d4739
0000034375581b79
00000343b3f2ebf9
00000343c7532fb9
00000343c7537a59
00000343f1b087d9
00000343fb1dded9
00000344249d9d39
00000344249dbcd9
000006887c5aec61
00000000031d4e71
0000000000000181
000003446669af39
0000034470099b39
0000034483c3f519
00000344c4b1b179
00000344c8ef7ab9
00000344c995b6f9
00000344d1e42999
00000344f4471219
0000034525b0e299
00000345547f5619
000003455d4eb199
0000034566f5a179
000003458ccc4359
000003458ccc5d59
00000345bbd1c499
00000345d2efd239
00000345eae8f139
00000345eae90c19
00000345eae920b9
00000345eb6f18f9
000003460b8b4b79
000003462251ab39
0000034636ce6139
0000034652b27f59
0000034652ceab39
00000346706b51b9
00000346a4317399
00000346a4317bb9
00000346bacc7099
00000347128b6839
000003472eb04a99
00000347685f3699
00000347741d4519
000003477a7214d9
0000034787d5fbf9
0000034793a2b5d9
000003479921f779
00000347a376c359
00000347c5a584b9
0000034808e9b039
00000348115bb3b9
000003484c900679
000003484c9037b9
000003486656a559
00000348b12dff59
00000348b2c19d19
00000348bcea9799
00000348dae4db59
00000348ff644119
0000034920e71eb9
0000034946f86699
000003494973fe79
000003495ae15f19
000003495ae17079
000003496f0db399
00000349c8b56159
00000349d25539b9
0000034a0c017f79
0000034a328ae3b9
0000034a508f3fd9
0000034a698a12b9
0000034ab8c95139
0000034acb291df9
0000034aed206b99
0000034b08382c59
0000034b097ee719
0000034b6029ff79
0000034b79b880b9
0000034b985ebaf9
0000034bb00dc819
0000034c044e07b9
0000034c102e3759
0000034c1d1e0dd9
0000034c413206b9
0000034cb3023559
0000034cb3023719
0000034cb80059d9
0000034cc9055979
0000034cc90559f9
0000034cc90560d9
0000034cc9056659
0000034cd1267779
0000034cede242f9
0000034d0e0a9099
0000034d47bc9479
0000069b1cc58161
00000000031d4e71
0000000000000181
0000034d963aacb9
0000034da27e3399
0000034da7fbeeb9
0000034dba0d2c79
0000034dc5ff6679
0000034e02386a19
0000034e1379ef99
0000034e14df4d39
0000034e15e71bf9
0000034e8f9295d9
0000034edecc5139
0000034ee43d9fb9
0000034ee43da219
0000034f2f24e0f9
0000034f800ee3b9
0000034fa635b559
0000034fe4255239
000003500d97d739
000003503b88d019
00000350902ee959
000003509aec2579
00000350de3a79f9
00000350eae45879
00000350f64f7a79
00000350f912ea19
000003511b5448d9
0000035131a3b3b9
000003515d489079
000003516b23e539
000003517683eb79
000003518d639fd9
000003518d63a8f9
000003518d63b2f9
00000351922cb579
00000351beac5f19
00000351fc439639
000003521148d7d9
00000352297f3c19
0000035248dc7199
0000035255fcc0d9
000003528be83a59
00000352d28e7fb9
00000353174367b9
000003532d95a2d9
00000353573aac79
00000353a5df99b9
00000353b4a704b9
00000353c6a5fcd9
00000353d97ba059
00000353f132cf59
000003541263f159
00000354252e6ad9
0000035438de57f9
000003543e6d1559
000003543e6d2a99
0000035456ae6ed9
000003545d7e6cf9
000003546426e379
00000354a0ca37b9
00000354a7cc3239
00000354aa300099
00000354b3dcc7b9
00000354c0fd82f9
000003550c98bd79
00000355b8dce839
00000355f06151b9
00000356824dfb39
00000356824dfcd9
000006adbd301761
00000000031d4e71
0000000000000181
00000356e35e4079
00000356f22cfa59
00000356f30e19b9
0000035701dc6a99
0000035718394f19
0000035718395f19
00000357243efab9
0000035736ff4539
0000035736ff4cb9
0000035736ff6b79
0000035736ffb059
000003575dc2e6f9
00000357d8f57eb9
00000357d9793439
00000357e37be799
00000357e37be839
00000357f2d60719
00000357fa90e2d9
00000357fa90e899
000003580569b299
000003580569b9f9
000003580569ccb9
000003580569cd39
000003580a990cf9
0000035840d82619
000003584e1098b9
000003585bd7ced9
000003586b191619
000003587a482339
000003587ecc7419
0000035881947759
00000358b1491df9
00000358cc14d9b9
00000358eaf67f79
00000358f75e66f9
00000358ffd68ef9
0000035916ae1ef9
00000359247328f9
000003593d375b79
000003595eadb9d9
000003596207ef19
0000035988e88939
00000359a4304f19
00000359db091ab9
0000035a0239c999
0000035a10b25cd9
0000035a59c1a619
0000035a59c1e8b9
0000035a5b2dc319
0000035a5b2dd399
0000035a821833f9
0000035a96f5a4d9
0000035b052f3cf9
0000035b102486b9
0000035b2baab6d9
0000035b45cf3fb9
0000035b584ccc19
0000035b73c990f9
0000035b7f6c8ed9
0000035b82a04d39
0000035bb81b7339
0000035bdd1589b9
0000035bedaa12b9
0000035bf83f1b59
0000035c044d8cd9
0000035c0c6540f9
0000035c2af0b6d9
0000035c4b425a79
0000035c56e56599
0000035c56e5adf9
0000035c7226e9d9
0000035c76b9d519
0000035c76b9d6d9
0000035ca60c1cb9
0000035cccfab859
0000035d09d1d059
0000035d0ff68fd9
0000035d74ce7e79
0000035ddc6df079
0000035e05b0f199
0000035e0fdc0799
0000035ec863f479
0000035f27c4e439
0000035f45ee28f9
0000035f571e78f9
0000035f6e6e5939
0000035f6fbc32d9
0000035f77828779
0000035f7782d999
0000035f87886d79
0000035f87888d39
0000035f8eceadb9
0000035fe706da19
000006c05d9aac61
00000000031d4e71
0000000000000181
00000360318819f9
0000036031882139
00000360318886b9
00000360787cd9b9
0000036086c0ea19
00000360b5b58f79
00000360bd431f39
00000360c81568d9
00000360ea5825b9
00000360f82c7199
000003610efd1cb9
0000036110f492b9
0000036115ae5439
0000036115ae54b9
0000036115ae5b99
000003611c197299
000003619199cb79
0000036194343df9
00000361fdef8e39
00000362265dcf39
00000362876afcb9
0000036307458a19
000003631a3e5ed9
000003632c6459d9
000003635dcb0699
000003635ebc5559
000003638db2b459
000003638db30979
00000363b53225f9
00000363ecfe80f9
00000363ef0c4639
00000363ef0c8a39
000003642243ebd9
0000036439246139
0000036451af2b39
0000036458666d39
0000036493130db9
0000036493130f79
00000364bf6d0299
00000364fd9437b9
0000036527d1f639
0000036536f1ec19
000003657fae7ed9
000003659a9da8d9
00000365a2c5cf39
00000365a7e45659
00000365b59c6d19
00000365cbc16199
0000036634affb99
000003664d2d6999
000003666f479599
0000036672f7a279
000003669eecfa19
00000366a40794b9
000003670a5e0c59
0000036723c79919
0000036738280af9
0000036738281ed9
0000036758bc2159
00000367b4a12b19
00000367bb735fd9
000003681dfeba19
000003682b3bcb79
000003682b3bdef9
0000036845ceee79
0000036857165df9
00000368c23c18d9
00000368d77986d9
00000368f960bef9
00000369003b2259
00000369141f13d9
0000036931328f39
00000369390530b9
000003694d99c179
0000036975ec9c59
000006d2fe054261
00000000031d4e71
0000000000000181
000003699cf474d9
00000369dfe9f359
00000369e2e2ba79
0000036a02f7d2f9
0000036a1c00a839
0000036a1c00b899
0000036a24e6c999
0000036a2968f0b9
0000036a29ed63d9
0000036a3bd3b2b9
0000036a47df41d9
0000036a58963019
0000036a594dd439
0000036a594de5d9
0000036a69f50839
0000036a80aacf99
0000036aa3e6d639
0000036aa3e6ea99
0000036aca718599
0000036ad3fc75b9
0000036aea86bf79
0000036afd1abb59
0000036b14c8c479
0000036b33592f79
0000036b4ea7f119
0000036b6ee29239
0000036ba5f64699
0000036bae380d19
0000036bc2d1c539
0000036bc684b1b9
0000036bdc560af9
0000036bdd7d61f9
0000036be5631579
0000036be991bd79
0000036be991df59
0000036bf340e819
0000036c437878b9
0000036c55f55fb9
0000036c699fedb9
0000036c94d047f9
0000036ca71599f9
0000036cb7eda5d9
0000036d0d0e4ab9
0000036d1b0c4f19
0000036db969f6f9
0000036dda89cef9
0000036def62b739
0000036df6e07b99
0000036e2038d599
0000036e96b05a79
0000036eba0447b9
0000036ecabcfb79
0000036ed4931059
0000036ed951b299
0000036ef8866419
0000036f0184c3f9
0000036faaf9ac19
0000036fe6fbdcd9
0000037053d199d9
00000370581738f9
00000370609c88d9
0000037064029d39
000003706402ab19
000003706402be99
00000370ac4e5419
00000370ac4e74d9
00000370cbfc5bb9
00000370cbfc6db9
00000370cbfc6f59
00000370f3155e39
0000037111778b19
000003712bdd6af9
00000371306a65f9
000003715194eb19
0000037162a2a6f9
0000037169e94239
00000371b4a794f9
0000037201222fb9
000003724ae0b2b9
000003726b4be619
000003727570f719
0000037276430d59
000003727ec154b9
00000372c1d4e3d9
000006e59e6fd761
00000000031d4e71
0000000000000181
00000372e9f211f9
00000372eb6cba79
00000372ebd3fe99
00000372f8ef7bb9
000003730de979f9
00000373570bfeb9
00000373570c1419
0000037378cb9599
000003739cfbcef9
00000373a85c9319
00000373af917bf9
00000373c21a8759
00000373c8a1a3f9
00000373c8a1bc99
00000373db983299
00000373f3d1ea39
00000373f8ce4139
00000373f8ce5639
0000037401213939
0000037405221d79
0000037407c68f19
000003744f63e1d9
000003744f63e379
000003744fc58e99
00000374792ac319
00000374792ac4d9
00000374792b7659
000003747cff76b9
00000374c65f1359
00000374d4ad7059
00000374f24c0d99
00000374f68ebad9
00000374f6fa6539
000003752a254bb9
00000375496344f9
0000037576f1abd9
0000037576f20199
00000375b7f54b39
00000375d1cd6639
00000375d66adc79
00000375f0e68b99
00000376018f4519
000003761fd1bb19
000003765c381b99
000003768d9fd9d9
0000037690797399
0000037698383819
00000376be4819f9
00000376f1c3ac99
00000376f1c3bd59
00000376f1c3d119
00000376f3f72d79
00000377272d65f9
000003773775f839
0000037754787ef9
0000037754789479
0000037790aad559
0000037794c29699
00000377b33eb839
00000377d20ad5d9
00000377ea362dd9
00000377eb7f3759
00000377ef0c78d9
000003782e222839
000003784b6d16b9
0000037887b655b9
0000037887cb3899
00000378a0c8ab59
00000378b6c608b9
00000378c4261cf9
00000378c53e12f9
00000378f5fd3c99
000003793139d4d9
0000037943a12f19
0000037944a90d59
0000037966b84239
000003799000c979
000003799ea4e9f9
00000379aae49dd9
00000379c80c9319
00000379d9423959
0000037a5464f7b9
0000037a57c61579
0000037a62c87fd9
0000037a7e932139
0000037a982b9559
0000037aaa1fd079
0000037aaa1fe319
0000037ab07e24b9
0000037b05d4c4f9
0000037b31c1c019
0000037b7081c6d9
0000037b790cdc39
0000037b9b858079
0000037bc7849899
0000037bd9157299
0000037be46d2399
0000037be99030b9
0000037bf30010d9
0000037bf3002719
000006f83eda6c61
00000000031d4e71
0000000000000181
0000037c309eebf9
0000037c61a5a339
0000037c78e4ce59
0000037c7cb40219
0000037c91c7f939
0000037cbd6231d9
0000037cdad24cd9
0000037d13dd0959
0000037d4164edb9
0000037d44badc59
0000037d74388719
0000037d7c71c179
0000037d8986a379
0000037d8cf5ee79
0000037dc30cb5f9
0000037dd01997f9
0000037dd3f120f9
0000037dd9aa8e39
0000037de677cc39
0000037dff385cb9
0000037dff385d39
0000037e015eb7f9
0000037e1583cd39
0000037e17536679
0000037e1789e6d9
0000037e1d7f64b9
0000037e3fc61a19
0000037e5457b5d9
0000037e5eb18719
0000037e5eb19879
0000037e70df9879
0000037e9c9e30f9
0000037e9e174af9
0000037ec9c46859
0000037ed87a1779
0000037ed87a7c79
0000037f00e702d9
0000037f169396b9
0000037f3552e999
0000037f546d9f99
0000037f705b0ed9
0000037faa3d58d9
0000037fb1e5ed59
0000037fe0409859
0000037fe275c1d9
000003801fe78f79
00000380349296b9
000003803492a7f9
0000038044391099
000003804a53ae19
000003804a53bf19
000003804b8225d9
000003806ccc63b9
000003808ba28df9
000003808f42a4f9
00000380caad8bf9
00000380e9839bf9
000003810df64bb9
0000038157b5eb59
000003816116af99
00000381681c60f9
000003816a8f6219
0000038171677f79
0000038171678159
0000038171678859
0000038178d366f9
000003818627b939
000003819541d0b9
00000381add3dc99
00000381e438d419
0000038200082579
0000038200083e59
00000382062d1799
0000038206f0f579
00000382072af1b9
000003821300a1b9
000003822571bd39
000003822571f259
0000038242d17f59
0000038242d187f9
0000038246c0ae59
000003824c027839
000003825cf3ba19
000003827ff0b779
00000382bc9215f9
00000382da2f8779
00000382de03fef9
00000383324c5cb9
0000038336a75c79
00000383a0aa3659
00000383b5b47e59
00000383bb368599
00000383e9d3c7f9
0000038441240179
0000038457ebd3b9
00000384c302e5d9
00000384dfb7bfd9
00000384eed820b9
00000384f1bea039
000003854755ce99
000003855156a9d9
00000385551f2479
00000385551f2639
0000038558be4759
00000385595fb959
000003856527bd19
0000070adf450261
00000000031d4e71
0000000000000181
000003857e143639
000003857e144959
000003858ca00b39
000003858ca01b79
000003858dfd2579
00000385cc584479
00000385eaf70619
0000038635473b19
0000038648c58259
00000386c6514319
00000386db1a9719
00000386db1a98f9
00000386f5931399
00000386f632f439
00000387067f89d9
000003875dc1c679
000003875dc1ceb9
0000038761413f99
0000038775cc34d9
0000038775cc9ed9
000003877c1a51d9
000003879fc6dc79
00000387a029a319
00000387a8b32359
00000387b610d3b9
00000387b9007f19
00000387f3f4b899
0000038801f17af9
0000038827383f19
00000388381caf79
00000388807d4819
000003888e870d19
00000388ac658839
00000388bca2f179
000003892a1dc2d9
000003892a1dda99
0000038938a75399
000003893c49f1d9
000003894bc106f9
000003895c2e9c19
0000038971feb7f9
000003897d9ebc39
00000389841c64f9
00000389841c7839
00000389870354b9
000003898bc3d079
00000389ca00aa59
00000389de9779b9
00000389f0d117b9
00000389f2ca5a59
00000389f2ca5c79
0000038a122bde59
0000038a122bdff9
0000038a368fa499
0000038a36bd1759
0000038a465e4139
0000038a465e6439
0000038a4c365979
0000038a556ccb19
0000038a5cc00379
0000038aaaf42299
0000038abad7a2d9
0000038ac0c084d9
0000038ad95fc519
0000038ae0ac53b9
0000038b19dc4259
0000038b24b5fb59
0000038b280aef99
0000038b30470cf9
0000038b30470ed9
0000038b461f5979
0000038b5a750e39
0000038b5a86ec79
0000038b6d376d39
0000038b946f6359
0000038b946f7519
0000038ba02d1259
0000038ba29fac59
0000038ba2a04199
0000038bc6860499
0000038bfd018159
0000038bfd6bf739
0000038c17e4ae59
0000038c5ad4f699
0000038c6328d259
0000038c6328d439
0000038c6328f1b9
0000038c8a317e99
0000038c98ea1af9
0000038cee3d99f9
0000038cee69d899
0000038d08fd8df9
0000038d0d356f19
0000038d0e100459
0000038d31c58599
0000038d5700d899
0000038d5826eaf9
0000038d68b00e19
0000038d6eed8519
0000038d7313d4f9
0000038d8b17f799
0000038d9aaf5e39
0000038d9f1bd099
0000038db8c586d9
0000038dde38b139
0000038de5c75519
0000071d7faf9761
00000000031d4e71
0000000000000181
0000038ecccc9bd9
0000038eccccacf9
0000038ed5183739
0000038eeb0bf179
0000038f143d69b9
0000038f295ea3d9
0000038f4c0d6d59
0000038f4c0dd8d9
0000038f4c0dd959
0000038f4c0dfa19
0000038f74bca699
0000038f7d034259
0000038f7f117f19
0000038f82009eb9
0000038f94136799
0000038fb07d74f9
0000038fb78d2719
0000038fbcdf3939
0000038fcebcd639
0000038fe86359d9
000003909da53df9
00000390ac7ec7d9
00000390cd65be99
00000390e80189f9
00000391144b83b9
00000391366c92b9
0000039190634139
0000039196dcd179
0000039196dcebf9
000003919aa5e5f9
00000391e810ee39
00000391f32f7599
00000392139198f9
00000392314eb639
0000039250e02299
000003927e3e34f9
000003928e32f879
00000392bd5a3039
00000393292877f9
00000393293010d9
000003932f6f3979
000003932f6f40d9
00000393439e9e99
000003934640a339
0000039360011b79
00000393606db6d9
00000393606db879
0000039396143319
000003939b418519
00000393a6da4059
00000393a83d96d9
00000393bd2a0f59
00000393c0ef8ad9
00000393dfae7919
00000393e32cd359
00000393f03902f9
0000039453bd7419
0000039479cf20b9
000003949af381b9
000003949af39319
00000394ad8af8b9
00000394fa976fd9
0000039507a71179
000003954f4990d9
0000039575e5fe19
000003959eda9659
00000395a87e0619
00000395d075eb39
00000395d14d8ef9
00000395d14dd539
00000395dc2c1b39
0000039601fdafd9
0000039601fdb899
0000039614733619
000003962426d479
000003963100cfd9
000003965f8b2319
000003966a146579
0000039690086619
0000039690087a99
00000396afd609d9
00000396b9611959
00000396c6a0d719
00000396eb793239
0000039770cedeb9
00000397c0aca9d9
00000397c57cb1f9
00000397d9a313b9
00000730201a2d61
00000000031d4e71
0000000000000181
000003981e69d539
0000039852f75b79
000003985e9d6819
000003986329fa59
00000398bb25c7d9
00000398c0f574f9
00000398e16dbd59
00000398ed2a55d9
00000398ed5bc439
00000398fa14e3f9
000003990c059ad9
0000039934f9a3f9
0000039934f9ad39
0000039934f9f179
000003998a0580b9
000003998a058299
000003998e8707d9
000003999dda3799
00000399c1d65ed9
00000399c1d670f9
00000399e7588a99
00000399f80285d9
0000039a1d0870d9
0000039a2677a119
0000039a28467139
0000039a2bda64f9
0000039a391faab9
0000039a507e3d39
0000039a7ba0f7b9
0000039aa0c9eff9
0000039aa0ca04b9
0000039aa0ca0699
0000039aa0ca1a99
0000039ad929b419
0000039b44ff7839
0000039b7fa45a99
0000039bb16995b9
0000039bbf3bd219
0000039bef64bcf9
0000039c2b979759
0000039c2f2535b9
0000039c2f253bb9
0000039c3877d679
0000039c3dae6999
0000039c3dae7d19
0000039c3daeeb19
0000039c5ede6979
0000039c87df12f9
0000039c87df2799
0000039c95541d79
0000039cf924ebb9
0000039d12931e99
0000039d12933a99
0000039d12cf7f79
0000039d5a34f539
0000039d8971a7d9
0000039d8ccbc559
0000039d927bf859
0000039db00be099
0000039dbcc473f9
0000039dc0d1e199
0000039dde95f939
0000039df3522bd9
0000039e1277c899
0000039e3c759799
0000039e4fc179d9
0000039e60cefef9
0000039e66591739
0000039e66592679
0000039e6ea622b9
0000039e6f67e8b9
0000039e8b416019
0000039e9ae9f159
0000039eb75e3019
0000039eb8cb2439
0000039eb8cb5e39
0000039eb8cb93b9
0000039f19019499
0000039f1be121d9
0000039f21a449f9
0000039f68402a99
0000039f771d1159
0000039f771d6439
0000039f7ed681f9
000003a00f669c99
000003a01a6efe19
000003a051f56b19
000003a055b5b9d9
000003a0770e6679
000003a07ab040f9
000003a088b79599
000003a0b6200119
000003a0bcfa2859
000003a0dbc5fb39
000003a13bae9459
000003a13e8005d9
000003a1404a8579
000003a1404a86d9
000003a1404a9339
000003a14510ceb9
00000742c084c261
00000000031d4e71
0000000000000181
000003a18209d479
000003a1820af079
000003a193205d19
000003a195d6f6f9
000003a1ba568b79
000003a1ba914039
000003a1fedce3d9
000003a1fedcf6b9
000003a2538645f9
000003a253865359
000003a253865779
000003a26139c719
000003a268e71699
000003a26fb462f9
000003a284aaaf79
000003a28da0d839
000003a2aeb03639
000003a2ce94f099
000003a2d73fe559
000003a2de984799
000003a2de985c19
000003a310da1dd9
000003a35d5ff379
000003a3681d30b9
000003a3ae8ddfb9
000003a3b766d959
000003a3e0e1ff59
000003a4056ba119
000003a4060571b9
000003a41a9f2739
000003a41a9f4c79
000003a41da11579
000003a41fe87b79
000003a4326d4599
000003a44e3c0899
000003a45e86d7d9
000003a4677f9f19
000003a4880d2ad9
00000749536ef861
00000000031d4e71
0000000000000181
