[MCS8 A] 97 FW 3.104 SV 1.257 
range=1024
periods=2
sweepmode=27e20d0
fstchan=0
holdafter=0
streamstatus=3
calreg0=0
calreg1=0
calreg2=0
calreg3=0
swpreset=8000        
prena=1
syncout=0
cycles=18
sequences=1
tagbits=16
vdac0=92c
vdac1=807
vdac2=8c8
vdac3=8c8
vdac4=8c8
vdac5=8c8
vdac6=8c8
vdac7=8c8
timepreset=150.000     
digio=0
digval=0
autoinc=0 
savedata=2 
mpafmt=asc
sephead=0 
fmt=asc
smoothpts=5 
[CHN1]
REPORT-FILE from 07/27/2026 12:51:16.689  written 07/27/2026 12:51:16
cmline0=07/27/2026 12:51:16.689 
cmline1=A1
range=1024
active=1
bitshift=4
cftfak=2580100
evpreset=10          
roimin=0
roimax=1000
caloff=0.800000
calfact=12.800000
calfact2=0
calfact3=0
calunit=nsec
caluse=1 
[CHN2]
REPORT-FILE from  written 07/27/2026 12:51:16
cmline1=A2
range=1024
active=0
bitshift=4
cftfak=2580100
evpreset=10          
roimin=0
roimax=1000
caloff=0.800000
calfact=12.800000
calfact2=0
calfact3=0
calunit=nsec
caluse=1 
[CHN3]
REPORT-FILE from  written 07/27/2026 12:51:16
cmline1=A3
range=1024
active=0
bitshift=4
cftfak=2580100
evpreset=10          
roimin=0
roimax=1000
caloff=0.800000
calfact=12.800000
calfact2=0
calfact3=0
calunit=nsec
caluse=1 
[CHN4]
REPORT-FILE from  written 07/27/2026 12:51:16
cmline1=A4
range=1024
active=0
bitshift=4
cftfak=2580100
evpreset=10          
roimin=0
roimax=1000
caloff=0.800000
calfact=12.800000
calfact2=0
calfact3=0
calunit=nsec
caluse=1 
[CHN5]
REPORT-FILE from  written 07/27/2026 12:51:16
cmline1=A5
range=1024
active=0
bitshift=4
cftfak=2580100
evpreset=10          
roimin=0
roimax=1000
caloff=0.800000
calfact=12.800000
calfact2=0
calfact3=0
calunit=nsec
caluse=1 
[CHN6]
REPORT-FILE from  written 07/27/2026 12:51:16
cmline1=A6
range=1024
active=0
bitshift=4
cftfak=2580100
evpreset=10          
roimin=0
roimax=1000
caloff=0.800000
calfact=12.800000
calfact2=0
calfact3=0
calunit=nsec
caluse=1 
[CHN7]
REPORT-FILE from  written 07/27/2026 12:51:16
cmline1=A7
range=1024
active=0
bitshift=4
cftfak=2580100
evpreset=0           
roimin=0
roimax=1000
caloff=0.800000
calfact=12.800000
calfact2=0
calfact3=0
calunit=nsec
caluse=1 
[CHN8]
REPORT-FILE from  written 07/27/2026 12:51:16
cmline1=A8
range=1024
active=0
bitshift=4
cftfak=2580100
evpreset=0           
roimin=0
roimax=1000
caloff=0.800000
calfact=12.800000
calfact2=0
calfact3=0
calunit=nsec
caluse=1 
;MCS8 #97 Sversion=1.257 Fversion=3.68
time_patch=1
;datalength=8 bytes
;bit0..3: channel# 1..8 ( 4 bit)
;bit4: edge 0=up / 1=dn ( 1 bit)
;bit5 ..57: timedata    (53 bit), max sweep length 2001.6 h
;bit58..62: tag0..tag4  ( 5 bit)
;bit63:     data_lost   ( 1 bit)
[DATA]
0000000000000016
0000000041646ef9
0000000089124659
00000000c93031f9
00000000f70fdaf9
000000016896b8f9
00000001689704b9
00000001b9135e39
0000000219c077d9
00000002486e6999
00000002688fe7d9
00000002afebab79
00000002b2b9e8f9
00000002dc3b96f9
00000002ea7eb6d9
000000032f116259
0000000355a20939
000000038ee8ab59
0000000421ab7b99
0000000421abc7d9
000000042f686b19
0000000440471459
00000004637c9919
000000049b8f5099
00000004bec378f9
00000004ea886fb9
00000004ea889299
0000000506d99ad9
000000054026e759
0000000579e2c279
0000000579e2d579
00000005a7591379
00000006065f6479
0000000615333819
000000062ba3a5d9
00000006536c0c39
0000000659ee79f9
000000068e6d61f9
00000006a7d62879
00000006b75689b9
0000000712c50d39
000000072c998379
000000073d32ba79
000000074c802879
000000074c805539
0000000755736719
000000075bbdb619
000000078db443d9
00000007d5accb39
00000007dd83f759
00000008806d3179
00000008806d4859
00000008a93ce319
00000008fc2d0019
000000099c2e74f9
00000009b92ffe99
00000009c596d299
0000000a2e63b419
0000000a2e63cb59
0000000a38a52719
0000000abd5bd199
0000000b8dfc23f9
0000000b8dfccc19
0000000bec10ed99
0000000d2bbfbb19
0000000d37f67679
0000000d4edc4279
0000000da338b2b9
0000000da338bbf9
0000000e10dd8fb9
0000000e4f956279
0000000e76554e59
0000000e7f433599
0000000e95588ed9
0000000ed6ceae39
0000000eda305f19
0000000ee8356419
0000000fd2d6d899
000000102f839259
000000103c3d7cf9
0000001044757779
00000010569e33b9
000000109708fd59
0000002157e38c61
0000000003971f71
0000000000000181
00000010d54f2bf9
0000001100ca0159
0000001100ca13b9
000000113e03e5d9
000000119b980439
0000001229dc5459
00000012314d0a59
0000001242c92c79
0000001242c94f39
0000001242c963d9
000000124a013d39
0000001269f0f2d9
000000127c785eb9
00000012a46371b9
00000012e9464659
00000013fa672939
0000001412f35179
000000141d2856f9
00000014db161eb9
00000014db163219
0000001544e245d9
0000001570e02af9
00000015aacb8df9
0000001633705899
0000001633706b19
000000163da6fa19
000000164334a499
0000001650603ff9
000000169499ef79
00000016b44675d9
00000016c556c779
00000016e0e92959
000000170e31a4b9
000000178ac3acb9
00000017a3c177f9
000000182dda70d9
0000001853ec5f19
0000001878c7ae59
00000018b5113799
000000194090fe59
000000194a6e9819
000000194df8ab99
00000019aa399079
00000019bb4a7579
00000019e26bdf19
00000033f84e2061
0000000003971f71
0000000000000181
0000001a9dac9f19
0000001a9dacb3f9
0000001aa6178fb9
0000001ab0190db9
0000001ab91ca7d9
0000001b51dd0cf9
0000001b51dd18b9
0000001ba01d00f9
0000001bd5f8a0f9
0000001c127badf9
0000001c554bc379
0000001c62828c99
0000001cbb99d0b9
0000001ce8f93c39
0000001ce8f94d19
0000001cfa833cd9
0000001d3cbf3ad9
0000001db1fa1219
0000001db1fa1979
0000001deb9ed139
0000001df45f68d9
0000001df45f7039
0000001e036802d9
0000001e1253fff9
0000001e279569b9
0000001e3e757379
0000001e7926e059
0000001eba416a19
0000001fbd50ea59
0000001fce8240b9
0000002014a7fc79
0000002014a803d9
0000002014a81359
000000202262c999
0000002022633fb9
0000002066774439
00000020aebd7899
00000020aebd7eb9
000000215bb9b3b9
000000215bb9c2b9
000000224e067cf9
000000224f05cfb9
00000022a75b2139
00000022c41e8659
0000004698b8b361
0000000003971f71
0000000000000181
000000234d59ca79
00000023ad0f29f9
000000247ce38b59
00000024ac542059
0000002507215499
000000255a4dcb19
000000258eca7c99
00000025987b82b9
00000025d63f73d9
00000025d63f93f9
000000262188b159
0000002645f4d339
000000265bda7e99
0000002667cb3719
0000002679d8c639
00000026951aa459
000000269cbda719
00000026cee73419
0000002707fc7559
0000002735d41859
0000002764654e99
00000027ce6b8bf9
0000002856f9b2d9
0000002889634159
00000028cf540259
00000028fb038279
0000002904793779
000000296e661d19
0000002980214d19
000000299c6670d9
00000029d8af4939
0000002a4225cab9
0000002af31ed619
0000002baea5aed9
0000002beefef839
0000002c9817ce79
0000005939234661
0000000003971f71
0000000000000181
0000002cc01c3d39
0000002d626ddcd9
0000002d7561f279
0000002d9e435239
0000002db6fd0339
0000002db8081939
0000002ded4b3999
0000002e507b3f59
0000002e62c115d9
0000002ed5d92419
0000002eedc3e0b9
0000002f621b72d9
0000002fc37d6939
0000002fee0b1599
000000302fa67999
000000302fa6c699
0000003032c36f59
000000307861c799
000000307861e6d9
000000308bb228d9
00000030931f3099
00000030d943d919
00000030d943ecb9
00000030dd700db9
00000030ef96a139
000000314c083c19
000000315ed410b9
000000319757fc19
00000031dcb40699
00000031dcb41bb9
000000326f00ab99
0000003274ac2c39
00000032e8b8b539
00000032faf8b079
000000334ce89159
00000033ae0230d9
00000033dc0ea5f9
0000003401a4ce59
0000003401a52dd9
000000341af980f9
0000003448d0dcb9
000000349191da59
00000034b1af2a79
00000034b1af3b99
00000034b1af6119
00000034c7789b99
00000034d18d2ed9
0000003539e42ed9
00000035536da459
000000356c633b59
000000356d88a199
000000356ee85cd9
00000035c468f4f9
0000006bd98dd961
0000000003971f71
0000000000000181
000000362dc287d9
000000367d326219
0000003691724359
00000036e33198b9
00000036f8fd9899
000000371814f4f9
000000371814fc59
0000003718156099
0000003741358b79
00000037f121d8d9
00000037fd509a79
00000038050d11b9
0000003819a10979
000000381c407f79
000000386446ecb9
00000038a2ad1279
00000038a2ad27b9
00000038aa248139
00000038f4d587f9
00000039c19f32d9
0000003a05d7e3f9
0000003ab498c3f9
0000003b7c54c2f9
0000003b917605d9
0000003baadee259
0000003bab581a59
0000003bc96636f9
0000003bcc0d1279
0000003bcc0d1b39
0000003bcc0d2259
0000003c13b0b7f9
0000003c821677f9
0000003c9ebc39f9
0000003cfcc4ac79
0000003d3657a2f9
0000003d403cbbd9
0000003d4b8d63d9
0000003d4b8d6559
0000003d68fe8dd9
0000003d68fef2b9
0000003d74161ad9
0000003d7bd2cd19
0000003dda55cdb9
0000003e0e544759
0000003e11ff5939
0000003e5f252719
0000003e7a716359
0000003ea91ffc59
0000003ec779c879
0000003ec779e959
0000003ee4626939
0000003ee9c722b9
0000003ef44cb779
0000003f322dded9
0000007e79f86c61
0000000003971f71
0000000000000181
0000003f990fda79
00000040208ba239
000000415a198439
00000041b38bc6b9
00000041c2eb0db9
00000041e7bafdf9
00000042448a5c19
000000426fb8e1d9
00000042ec1338f9
00000042ec134a99
00000042ec401b79
00000043088d32f9
0000004316136bb9
000000434e86f1d9
00000043a1987fd9
0000004419e52e59
000000444e4c8479
00000044a8678399
00000044f9d1c6d9
00000044f9d1c859
00000045049ebcb9
00000045a41966f9
00000045d03cbcd9
0000004602a24cf9
00000046160c9439
0000004637b0ec39
0000004671bba619
0000004680cc5499
00000046bdfe8919
00000046c25adf39
00000046e3c63f99
000000475ddd1db9
00000047d03b1979
0000004836623e39
000000484b6d0bb9
000000911a62ff61
0000000003971f71
0000000000000181
0000004897773759
00000048ac6d4719
00000048c51c7959
00000048c51c79f9
00000048f1091699
00000048fe0b67f9
00000048fe0b6899
00000048fe0b6f79
00000049c4202af9
00000049e1ea6ab9
0000004a1124d979
0000004a54708e79
0000004a54709719
0000004aa2437bd9
0000004aaee2e6d9
0000004ab052a4d9
0000004ab052c139
0000004b1fae56d9
0000004b8a438059
0000004ba1589179
0000004bc0960b19
0000004cafc10db9
0000004cbd485379
0000004d6dd788d9
0000004d6dd79df9
0000004dbecbdad9
0000004e372411b9
0000004e372474d9
0000004ea43fca79
0000004ede125479
0000004eecb63039
0000004eecb641f9
0000004f4ab120d9
0000004fa94b8559
0000004fc342acb9
000000502269c879
0000005082d31799
00000050bae706b9
00000050bae70819
00000050c5546e59
00000050c5548659
00000050e3f37e39
0000005136ccf4f9
0000005180bfe839
00000051cf390359
00000051cf639c59
00000051da437319
000000a3bacd9261
0000000003971f71
0000000000000181
00000051ef480f39
00000051f942a4f9
00000052c9157d59
000000531e945c59
000000537720b1b9
00000053959a4bd9
00000053a8f6e239
0000005413f327b9
00000054248cf2f9
00000055128b4879
00000055133f6859
00000055133f8cd9
000000552b6a8d19
00000055433c6d99
000000558a3a5dd9
00000055a0c059d9
00000055c9aa90d9
00000055d01be539
00000055f238b9b9
0000005676fc01d9
0000005681a95679
000000569a06cdf9
000000570b207e79
00000058140f1c19
00000058140f3159
00000058140f31d9
00000058140fa7f9
000000581d2e2bf9
000000581d2e2c79
000000581d2e3359
0000005827e37879
000000585de88ab9
000000585de8da99
0000005863690bf9
000000586bb02a99
000000586bb02c19
000000586bb033d9
00000058a2c05cf9
00000058fcfff899
000000595e99e6d9
0000005a30babd99
0000005a36c94b19
0000005a62092579
0000005a75a94899
000000b65b382561
0000000003971f71
0000000000000181
0000005b49b00f99
0000005b50b50279
0000005b7c890979
0000005bd0a51279
0000005c9ef306d9
0000005db7aee399
0000005dd6ebc0d9
0000005e31e56c99
0000005e480894f9
0000005e6ae38fd9
0000005ebd5552d9
0000005fa507eaf9
0000005fa555d199
0000005fac1ab279
0000005fc794da79
0000005ff290bb79
0000005ffcab5fb9
000000608678f559
00000060c329b2d9
00000060e21e1479
00000062321500d9
0000006238efcbf9
000000627b0c72f9
000000627b0c7a59
000000627b0ca939
00000062c63d15d9
00000062e19b0319
0000006328691359
000000639e873059
00000063b36b2d99
000000c8fba2b861
0000000003971f71
0000000000000181
00000064a0840e79
00000064b18ea479
00000064c547f6d9
00000064fe2137b9
000000650b6c54d9
000000650b6c6ad9
000000650b6c6b99
000000651711f819
000000651fa01299
000000651fa019f9
000000651fa02359
00000065496d7799
000000654e0ca539
000000654e0ca6f9
0000006550b90e79
0000006584cd1659
00000065b26d1c79
00000065b31f8059
0000006636004239
0000006669d31979
00000066a88585b9
00000066d5c77c39
00000066e12b0f39
00000067e6011459
00000068817e8ab9
000000689f299ff9
00000068d213bc79
00000069e27427b9
00000069eb408299
00000069eb409079
0000006a01e33679
0000006a109c4499
0000006a297d4959
0000006a67d46f39
0000006a8fbc4a19
0000006a90c8a319
0000006ba290bef9
0000006c3c39a719
0000006cd3dff799
0000006cd9e51419
0000006d0fe10d39
0000006d8e8d5399
0000006d97fc8d39
000000db9c0d4b61
0000000003971f71
0000000000000181
0000006dd3898b19
0000006e15df2ff9
0000006e511d5db9
0000006e94d4f5f9
0000006e9dc0c979
0000006fc305a699
0000006feffe2459
0000006feffe2d39
0000006feffe40b9
0000007022574959
000000706110d339
000000707b585859
000000708d72c339
00000070da314259
000000717dcb5e79
000000717dcb66f9
000000717dcb8df9
000000717e43fdb9
0000007197a72079
0000007197a727d9
00000072669ac119
0000007278b97a99
0000007278b99319
0000007292050a99
00000073204383f9
000000739fb66d79
0000007452ab01f9
00000074604e9fd9
00000074978e3cf9
00000074978e5059
0000007500472499
0000007565b4a659
0000007565b4c419
0000007577d60859
000000757826ddd9
000000757826ef19
000000768b7e5af9
00000076b9b124b9
00000076b9b136f9
00000076da5e8cd9
00000077041586b9
000000ee3c77de61
0000000003971f71
0000000000000181
0000007757a593d9
00000077916b2299
00000077944274f9
000000779ddcde59
000000779f163ad9
00000077d0f28fb9
00000077e3372e19
0000007819f5a439
0000007819f5ab99
00000078623f9d59
00000078679cebd9
00000078cb9c5559
000000790c3dc019
00000079458e0239
00000079458e0b39
00000079dfbcb519
00000079dfbcdf39
0000007a2627fff9
0000007a27de45f9
0000007a3815c119
0000007a4d76d679
0000007a5a1b6b39
0000007adb46f159
0000007ae3ce37d9
0000007b41670c99
0000007bd8d4c239
0000007bd8d4d419
0000007ca6e95339
0000007d1e1f2639
0000007d1e1f38f9
0000007d2adf80d9
0000007d6af23699
0000007d6af25299
0000007d6f6a14b9
0000007d860674b9
0000007dcc2485b9
0000007dda46bd39
0000007e0214d0d9
0000007e2d6fac99
0000007e2d701799
0000007e9ce4f679
0000007ecb68ccb9
0000007ede6767b9
0000007ee872ae59
0000007f49c67c19
0000007f4fad3b99
0000007ffe351d99
0000008008443cb9
000000804fcc0979
00000100dce27061
0000000003971f71
0000000000000181
00000080b82f0fb9
00000080bd6567f9
00000080ca61d319
000000811f75c939
0000008154bdfa39
00000081763909d9
0000008176391a99
00000081e1a63799
000000822f1fe699
00000082713b9d99
00000082713bb0f9
000000831cd60ef9
000000831da1dd99
00000083442daf79
000000835d157c39
00000083970ce2f9
00000083987c4bb9
00000083f5befdf9
000000846a6212f9
000000847af86399
000000847c698c99
000000848a82bc39
00000084cf4d4ab9
00000084e39a7c59
00000085212bd6d9
0000008521649fb9
000000853799fc79
000000854d81fe19
00000085bec021f9
00000085dc619b79
000000861fd67499
00000086b1339e79
00000086e4439139
00000086e8c0e3f9
0000008712a4a1f9
0000008714a62679
00000087337df139
00000087337df319
0000008749cac859
00000087bc7aab79
00000087bc7aac19
00000087bc7ab2f9
00000087e169c319
00000087fbc72cb9
000000882ce82b59
00000088b679e699
00000088e3c4b099
000000890a6bfa19
0000008993eba939
00000089a2f84c99
000001137d4d0361
0000000003971f71
0000000000000181
0000008a72a28d39
0000008a812d07d9
0000008a85cb9379
0000008a87576099
0000008a92c816b9
0000008a960e3079
0000008aeac934b9
0000008b13589a59
0000008b825df279
0000008ba3048999
0000008ba30499f9
0000008be5d94619
0000008bf9203c79
0000008c03c64e99
0000008c294657f9
0000008c29466c99
0000008c2df513f9
0000008c3be2bbb9
0000008c6cd240d9
0000008cb0505fd9
0000008ce3b9f839
0000008d2e6eb6d9
0000008d8278bb19
0000008d97992879
0000008db2241619
0000008dbbee2a59
0000008e1472c8f9
0000008e219cedf9
0000008e7b8b2e19
0000008ef339aab9
0000008ef339be99
0000008ef3f112f9
0000008f3a966099
0000008f44c13f99
0000008f6fc421b9
0000008f936f8bb9
0000008fa179c6d9
000000901e9f05d9
00000090ac1eb119
00000090c3abe5d9
000000910b9df999
000000913f1fddf9
000000918b6b1c39
00000092342928f9
000000928c7ab379
00000092b60e7259
000001261db79661
0000000003971f71
0000000000000181
00000093103f2939
0000009337dc8339
000000935bdb9799
000000935bdbb419
000000935bdbb4b9
000000935bdbced9
000000935bdc40d9
0000009381117559
000000938c9ce399
0000009411d60779
0000009411d60839
000000943d9acd19
0000009461a3c1b9
000000946b1e7519
00000094776aaf59
000000948dcfb359
00000094f9a49159
000000951a9ee559
000000952522f259
0000009525236699
000000956cd07dd9
00000095cdbe69b9
00000095f940ab19
00000096213fb859
0000009701cd8019
000000975325f799
0000009765c33e19
0000009859561e79
000000985956a4f9
000000986c6e5219
00000098ef584dd9
0000009943cc4f19
0000009a0ffad299
0000009a197d6b59
0000009a38319bd9
0000009a684dc4d9
0000009aa7bbe6b9
0000009b2df93879
0000009b2df948d9
0000009bb9ac1759
0000009beecc2039
0000009c34c324f9
0000009c3c974ff9
00000138be222961
0000000003971f71
0000000000000181
0000009c7ca962d9
0000009c7ca9afd9
0000009cca4bae19
0000009ce8629dd9
0000009cf3a59039
0000009d104e9279
0000009e2c6d7399
0000009e958b42b9
0000009f8d13f959
000000a0779aed99
000000a0779aef79
000000a0779af519
000000a0779b02d9
000000a078050919
000000a094156939
000000a099c438d9
000000a0a6eca7b9
000000a110597d39
000000a11d50c719
000000a11d50cf39
000000a124292f59
000000a12823b0f9
000000a14885a8b9
000000a14885b019
000000a206537ef9
000000a20653ecb9
000000a2998be939
000000a2d89e08b9
000000a2eb2f47d9
000000a3123dca79
000000a41363db19
000000a4acc25179
000000a4d015f639
000000a4d015f7d9
000000a4ea89b059
000000a52c32a459
000000a53664dc79
0000014b5e8cbb61
0000000003971f71
0000000000000181
000000a616194239
000000a651f735f9
000000a651f7a9d9
000000a655e3a339
000000a655e3ba19
000000a655e3bc19
000000a6884d3699
000000a72ce62b79
000000a73a01f739
000000a7860c7bd9
000000a7abed4dd9
000000a7d560cbd9
000000a80d8327b9
000000a81e55e419
000000a848f9c699
000000a849349fb9
000000a84934fab9
000000a849351479
000000a8b198ff79
000000a8b1991f99
000000a8fb687b39
000000a9399d51d9
000000a94eac9a39
000000a94eacb879
000000a993dbf639
000000a9e1d30d79
000000aa0d20bab9
000000aa3889b8f9
000000aa3889c239
000000aac5e37659
000000aac5e39239
000000ab03799659
000000ab0734f7b9
000000ab0734ff19
000000ab07351399
000000ab25747519
000000ab2574d039
000000ab3a4a0759
000000ab89be85f9
000000abd678bd79
000000abd678d3f9
000000abd7754339
000000abdca59b19
000000ac73cea1d9
000000ac8197e799
000000ac90522a59
000000acc02831d9
000000ad483ceed9
000000ad483d0b39
000000ad4eb73179
000000ad5eb6a0d9
000000ae1bad8499
000000ae6e5fec99
000000aeb1ddce79
0000015dfef74e61
0000000003971f71
0000000000000181
000000af11147619
000000af34921459
000000af79acc259
000000afe3a91d79
000000b021e41359
000000b021e43f99
000000b0b04e30f9
000000b17abec4b9
000000b183987a19
000000b183987c39
000000b183988b79
000000b197a99179
000000b26b01a199
000000b30df7bbb9
000000b32d589eb9
000000b3b3c9c719
000000b3cde82d59
000000b3f96a9fd9
000000b3f96ab1f9
000000b463d97e59
000000b487b08799
000000b4e4021b59
000000b4eca18339
000000b54578ff99
000000b5cba3cf39
000000b5cba3ed19
000000b5cba41b79
000000b5df917599
000000b66296bd79
000000b6cc7aa579
000000b70e517639
000000b773d7f579
000000b7aec861b9
000000b7be96c479
000000b7c496c859
000000b83956de39
000001709f61e161
0000000003971f71
0000000000000181
000000b86cc208b9
000000b8a2e1bb39
000000b92fb9daf9
000000b950254399
000000b953181159
000000b966aafdb9
000000b966ab1cd9
000000b966ab32f9
000000b97546e9f9
000000b992ed92f9
000000ba01d01c59
000000ba18395779
000000ba31a978b9
000000ba31a9c2d9
000000bae4736d99
000000bae4737db9
000000baec0ce5b9
000000bb218018b9
000000bb7f87a779
000000bbde607999
000000bc0075db59
000000bc2f0ea1f9
000000bc3791b899
000000bc3fd4be59
000000bcefd53199
000000bd13024e19
000000bd44afcc59
000000bd44b052d9
000000bd78604f39
000000bd7d4778b9
000000bd97a7b3f9
000000bdd60efe19
000000be20c735b9
000000be95b03319
000000bec88fcd19
000000bec9fc53d9
000000bf306520b9
000000bf30653079
000000c00583e979
000000c00583fe79
000000c03281f779
000000c08eebaf19
000000c12a2c59d9
000001833fcc7361
0000000003971f71
0000000000000181
000000c1b39ab239
000000c1cf25f939
000000c211b3c8d9
000000c25347c079
000000c25958c379
000000c273520999
000000c2e2e4bdb9
000000c34ba21339
000000c445e217f9
000000c465b2ecd9
000000c48eefca19
000000c4972dad99
000000c4cad30df9
000000c5004c67b9
000000c54bc01c59
000000c58d8f7f99
000000c593a21c99
000000c593a21e79
000000c6c822b3f9
000000c6e159f779
000000c6ebd85f39
000000c6ebd86ff9
000000c7212a8099
000000c72c8ae059
000000c743dcbe19
000000c743dcccf9
000000c74c0bced9
000000c7cc72d7f9
000000c7e204fc99
000000c82e9ab719
000000c8419bdd99
000000c8726be239
000000c8726bf539
000000c89452f9b9
000000c8d3bb4699
000000c8ef5222d9
000000c8ef523c79
000000c91b8025b9
000000c943eb6099
000000ca41bce4d9
000000caa2c5d019
000000caa7372619
000000caab4f61d9
000000cab3df22f9
00000195e0370661
0000000003971f71
0000000000000181
000000caefea3639
000000cb24664df9
000000cbd6e9fa99
000000cbfef445d9
000000cc3c1bf619
000000cc79a8e5d9
000000cc91d3bd59
000000ccb3aaaa39
000000cd3bba2cb9
000000cd4d876879
000000cd638b5b99
000000cd7294e539
000000cd8d9eec79
000000cdfa1e79b9
000000ce123ff359
000000ce7b21e6f9
000000ceb9a09c39
000000cec28d5119
000000cf01f26d59
000000cf1a32a199
000000cf1b48eaf9
000000cf6be6bdf9
000000d0043326f9
000000d0777dd1f9
000000d0ef32f599
000000d15ba34e99
000000d1ccd0b3f9
000000d1dd7423b9
000000d200ccbff9
000000d200cccd99
000000d2330a5619
000000d23d600d99
000000d2803b7f99
000000d2803ba1b9
000000d2cedbe799
000000d3518773f9
000000d362924439
000000d3b94ca579
000001a880a19861
0000000003971f71
0000000000000181
000000d445c59039
000000d458a75979
000000d5178983f9
000000d5ed8a01b9
000000d60afa3d79
000000d619ae26f9
000000d656d70039
000000d68fbb8339
000000d68fbb93f9
000000d6ba5375f9
000000d6ba537779
000000d6ba537d59
000000d6c2c92ef9
000000d6ce849af9
000000d72c1a47b9
000000d75b4adc39
000000d78d422b39
000000d8002e8e39
000000d864dc3519
000000d88b1bfe39
000000d890e4df59
000000d890e4f359
000000d8af8eb5d9
000000d8e59de039
000000d8eda86139
000000d8eda87599
000000d8fa595919
000000d93bb8b6d9
000000d96f58f8d9
000000d96f590239
000000d96f5918d9
000000d97a593139
000000d982de3a99
000000da0d2ccb59
000000da0d2cdd79
000000da7c5c5f59
000000dafec35d79
000000db4102a019
000000db5bed9179
000000db8b6e88d9
000000db9d4e7c39
000000dc3885ca39
000000dd5b779859
000000dd77d5eb59
000000dd781d3cd9
000001bb210c2b61
0000000003971f71
0000000000000181
000000ddceac2d79
000000ddd4f59e59
000000de56002899
000000de56004b79
000000de5de6eed9
000000de66ffe5b9
000000dec2d53359
000000df03e09e79
000000df72e99dd9
000000dfb78d68d9
000000dfd9c28a39
000000dfe6867519
000000e031f7c639
000000e032e35219
000000e0584e1079
000000e0b60ce299
000000e13ab78859
000000e177ff3839
000000e177ff3b39
000000e1b5a050d9
000000e211949039
000000e233711959
000000e259709779
000000e25f36fa59
000000e2ae951719
000000e2e1c0a2f9
000000e2ff692cf9
000000e349cc2659
000000e38630a3d9
000000e3b0f41199
000000e3c777d399
000000e42b71a939
000000e458a44cf9
000000e458a45059
000000e458a46299
000000e47cae83d9
000000e4a9ab9919
000000e4b4382839
000000e5b4cfdad9
000000e5fd401359
000000e5fd4084f9
000000e60180f819
000000e656876059
000000e66f6c03f9
000000e6d35f7639
000001cdc176bd61
0000000003971f71
0000000000000181
000000e751ece119
000000e788c19dd9
000000e7a5f2d0b9
000000e7a5f2e539
000000e7a67e0e19
000000e7db36d9f9
000000e7db36db79
000000e921d4faf9
000000e930618999
000000e95884fcb9
000000e9b7c3f759
000000e9dc30d3d9
000000e9f4931f59
000000ea7284f079
000000ea72852e39
000000ea8a26f279
000000eab7355c39
000000eabc9902b9
000000eabc9913d9
000000eb21f59599
000000eb21f5a359
000000eb8c2e9df9
000000ebc8966c59
000000ebd4c40859
000000ec27901639
000000ec3dfb2279
000000ec7a78c8d9
000000ec81931179
000000eca22bdf39
000000eca22c4db9
000000ecc2378df9
000000ece7b32e59
000000ecf04b1339
000000ed2f74fc59
000000ed430f7f39
000000ed5e6aedf9
000000ed7a153699
000000ed9387a799
000000ee00b13959
000000ee0636d0d9
000000ee6a1f8b19
000000eeb8ca57d9
000000ef67c7d6f9
000000ef69a6fdd9
000000efb9242299
000001e061e15061
0000000003971f71
0000000000000181
000000f054cf62b9
000000f054cf9859
000000f054cf99f9
000000f07fe84bb9
000000f0c70a9b39
000000f148ceded9
000000f18f1d8ab9
000000f1b88fe979
000000f1fdae26f9
000000f234c287f9
000000f24b32dab9
000000f24b32f0f9
000000f2c3919779
000000f2c391c459
000000f2c7313bf9
000000f2cb186a39
000000f2f1aea519
000000f3b4fa7c59
000000f43d9345d9
000000f43d935979
000000f443415939
000000f4b1649c39
000000f4e4faa8d9
000000f512f92cb9
000000f55a4f2bb9
000000f59263c259
000000f5e83728f9
000000f6002e4679
000000f6469b5f99
000000f6469b7e39
000000f6ed3c93f9
000000f6ed3cabf9
000000f70a970a39
000000f70a971df9
000000f74d526859
000000f7dde79099
000000f7e487fcf9
000000f84806be99
000000f8c9970df9
000000f8f395f419
000000f936c88cb9
000001f3024be261
0000000003971f71
0000000000000181
000000f9c1f36699
000000f9cb03cf59
000000f9e0960af9
000000f9f69f19f9
000000fa08993ff9
000000fa324ab2b9
000000fa7e3484b9
000000fac95f47d9
000000fb022b0ef9
000000fb022b1f39
000000fb968873d9
000000fc58cb6339
000000fc6425f5b9
000000fcc89cc319
000000fd0302c8b9
000000fd16e95179
000000fd5d9fb739
000000fe4c255e19
000000ff36649319
000000ff54e28ef9
000000ff6213e719
000000fff1b44819
000000fff498c8f9
000001002784bf99
0000010040bc6b99
00000100838ac719
00000100b8beb5f9
00000101607671d9
000001024a76e819
000001024a7700b9
00000102cd00e5f9
00000205a2b67461
0000000003971f71
0000000000000181
00000102f1913819
0000010364076f59
00000103913b83b9
00000103bf951039
00000104649b1dd9
00000104649b3559
0000010495e02919
00000104ca3abe59
000001053874e959
000001054f61d319
000001054f61d3b9
000001054f61e579
0000010556188e99
000001059ce642d9
00000105e48016d9
00000106308ff139
000001063b03f179
000001065373a479
000001065d4dfab9
0000010713805ff9
00000107197134d9
00000107208b1339
00000107d81e7db9
00000107dce29179
00000108561ff559
00000108dcb749b9
000001092aa9bc19
00000109827863b9
000001099d10fa79
00000109b2f26399
0000010a24b265d9
0000010a2f66da59
0000010ab1e75639
0000010ab34b33f9
0000010ad9bca119
0000010af4c3af79
0000010b1125b9d9
0000010b4ab571b9
0000010b5abf9379
0000010b5abf93f9
0000010b5abf9ad9
0000010b764dcf79
0000010b8fdb7559
0000010bdbc981b9
0000010bdbc99639
0000010c1ed5ecb9
0000021843210761
0000000003971f71
0000000000000181
0000010c43ce7479
0000010c4aa99719
0000010c4d720d99
0000010c6ccad999
0000010d40558f59
0000010d4bedebb9
0000010d5f18caf9
0000010d70e8f059
0000010dbb21f0d9
0000010e0fc796d9
0000010e1092abf9
0000010e1092bf19
0000010e10934979
0000010e261d9899
0000010e529830d9
0000010f4b90f599
0000010f6a350439
0000010fa0aa5639
0000010fc9372499
0000010ff07df559
00000110287dd2f9
0000011031e7ea59
000001104a6ac259
000001109439a7d9
00000110b2d185b9
00000110b2d1a419
000001115f277c19
0000011181bae919
0000011183cc1339
000001118f10c439
00000111dabd8519
00000111f21d7f99
000001120db07499
0000011244298b59
0000011253932a79
000001128bbf57f9
0000011297deb339
00000112c62c2959
000001131731e759
000001133a120619
000001138a1b95b9
00000113b5612759
00000113b5613ad9
00000113f3e31139
000001154b7d0359
000001154f55cc79
0000022ae38b9961
0000000003971f71
0000000000000181
000001158d502419
00000115a8a2a9b9
00000115b9ba76d9
0000011621c31979
00000116588dc399
000001168ecc69b9
000001169e612df9
00000116d26202d9
00000116e34579b9
00000117110968f9
00000117133e78f9
0000011728959979
00000117334dc419
000001173a31d319
0000011789da1219
00000117dd32cfb9
00000117e7173eb9
0000011841d06259
00000118ef0c0559
00000118f9907e79
000001196dec2039
00000119ee7f4299
0000011a50a2a7b9
0000011a53f02b59
0000011a6708ff19
0000011a7f9a6bd9
0000011a8990ab59
0000011ac8128199
0000011ae5014cf9
0000011aebf16f59
0000011b782570b9
0000011be39d3639
0000011be756ce39
0000011be7ce5bb9
0000011c88b9fc39
0000011cc31f1099
0000011cc31f2bb9
0000011ce6617579
0000011cfa962db9
0000011deca3e639
0000011e005fbcf9
0000011e233e0ff9
0000011e368eb899
0000011e509f1439
0000011e880b3fb9
0000023d83f62b61
0000000003971f71
0000000000000181
0000011f91b33a79
0000011fbf41d6d9
0000011fbf420679
000001208fab1319
00000120b66f9619
00000121ac5da599
00000121d3828b39
00000122d9a0bfb9
00000122d9a0c219
00000122e4a6aeb9
00000122e4a6ca59
00000122e4bad279
00000122f9ff35f9
00000123237fe4d9
00000123e84f4959
0000012472556979
0000012513d593d9
0000012513d59b39
00000125b8a8b279
00000125bd2645d9
00000125dca27c59
00000125f8468559
00000125f84696d9
00000125f8469879
0000012609ce77f9
000001260b7ee3d9
0000012664988199
000001268e8e7579
00000126c17d7d19
00000126db8084d9
000001271c655b59
000001278532c3b9
000001279fd9eff9
00000127d9833d99
00000127d9835b79
00000127d9838fd9
00000127da4e1d19
00000127db0ca779
000002502460bd61
0000000003971f71
0000000000000181
0000012823f62b39
0000012869da9db9
00000128778afbb9
00000128b70691f9
00000129866b6fd9
000001299a869779
00000129e14d5479
0000012a91e58d39
0000012ab444be79
0000012ac06ee879
0000012ac6a000b9
0000012aeb63c159
0000012b26438319
0000012b3ca97ef9
0000012b3ca980b9
0000012b89da0c99
0000012bae99d239
0000012bd36d2499
0000012bd36d3799
0000012bda9b1059
0000012bf7a2bf99
0000012c42d3e359
0000012c71ddbbb9
0000012c71ddc079
0000012cbc1a95d9
0000012d58d048d9
0000012d6feee599
0000012d71345019
0000012df503e779
0000012e46a09419
0000012e46a0a699
0000012e59aec439
0000012e693fc0b9
0000012eafb93b59
0000012eeaf3fd99
0000012ef8b1d359
0000012fb45831b9
0000012fb45833b9
0000012fce2b1279
0000012fce2b2719
0000013010fdde99
0000013035746e39
000001303574bb99
0000013096dd1679
000001314af69cf9
000001314d0265d9
00000262c4cb4f61
0000000003971f71
0000000000000181
00000131d13b7e59
0000013203159c39
000001322588abd9
0000013234e8c979
00000132cc9621b9
0000013336507179
00000133511f3f59
0000013353482619
0000013373265bb9
000001340e980b39
000001341819d939
0000013473d54799
00000134a3141919
00000134b1fd9539
00000134c2182b79
00000134ed242bb9
0000013563c57c99
000001356df60c59
000001356df66b79
000001356df67d59
000001356df67dd9
000001356df67e79
00000135c0b192d9
00000135ff9fe579
00000136108f8bf9
0000013630f29939
00000136737e25b9
00000136a3494859
00000136ebb97079
000001374d5368f9
000001375ab0e5d9
0000013780baba79
00000137c9225d59
00000137f77ab7d9
0000013853eb5359
00000138ef9843d9
00000139206da579
000001399325f119
00000139b8198f39
0000013a13c0fa39
0000013a273cbb59
0000013a86519bd9
0000013a98f02639
000002756535e261
0000000003971f71
0000000000000181
0000013ab854c039
0000013b03af9fb9
0000013b101828b9
0000013b4d07aff9
0000013b4d07c119
0000013b4d07c5b9
0000013ba04d4d99
0000013ba873c519
0000013c01b1d0f9
0000013c5c1c4119
0000013c791c3b99
0000013cd54863d9
0000013d30c1dff9
0000013da81f0419
0000013e0909e8f9
0000013e73e29779
0000013e88dfa759
0000013e9f965a99
0000013e9f966239
0000013ed1cb9f39
0000013f5f122079
0000013f7882d679
0000013f831ce4f9
0000013fb6474bf9
0000013fdc22d6f9
000001402087a5b9
000001409d7589f9
000001409d7600b9
00000140e205def9
0000014108d91cd9
0000014108d923d9
000001416fe96b39
00000141a8fb7df9
0000014240538e79
0000014256c583d9
00000143170c1079
00000143684126f9
00000143b69945b9
0000028805a07461
0000000003971f71
0000000000000181
0000014418824319
0000014420c02639
0000014433085e19
00000144342da2f9
000001446cb857f9
000001453a26b7f9
000001453a26bd79
000001456b4fbcb9
00000145cbcae659
00000145dbea9079
000001466e61bab9
000001466e61cc99
000001468655d959
00000146c1d5a459
00000146c1d5b1b9
00000146e705a8d9
000001471aa2a119
00000147780af5f9
00000147d2b1d519
00000147d2b1d7b9
00000147da9dbb79
00000148473f96d9
0000014852cb28b9
00000148c6986239
00000148c6989b39
00000148cb5255d9
00000148cb52c4f9
00000148e73d3f19
00000148fea15d59
00000149132a6699
000001493fc9de19
00000149544527b9
00000149ada330d9
0000014a70585219
0000014aa32a6bb9
0000014b331e47f9
0000014b6a85a7d9
0000014bdfd06719
0000014c28a7dd59
0000014cfb6f9139
0000014d46f95979
0000014d46f96ab9
0000029aa60b0661
0000000003971f71
0000000000000181
0000014d60ae4c39
0000014d7bf33099
0000014db36f5419
0000014dce93c759
0000014dd9f34a79
0000014e4ef164b9
0000014e759fdc99
0000014e759fe3f9
0000014e908270d9
0000014ecec29c19
0000014ecec309b9
0000014eeafc3bb9
0000014f60711b39
0000014f724b5299
0000014f889829d9
0000014f8898abd9
0000015030d4be99
0000015053e1bd39
000001514e9e8959
00000151e0407eb9
0000015239aece99
00000153ac80ae19
00000153b2dd94b9
000001541e517859
000001544da07ad9
00000154a83ba479
00000154a83bfa79
00000154b090f499
00000155053975d9
0000015508a5afb9
000001550ceec619
000001553e8f01f9
000001553e8f4759
0000015600a22859
000001563ba741b9
0000015668d7fc79
0000015668d81879
000002ad46759861
0000000003971f71
0000000000000181
00000156b5510599
00000156d54046b9
000001577e501b39
00000157acedb679
00000157bff672d9
0000015834842d79
0000015859c9e259
00000158b479d8f9
00000158f9f78ef9
000001593e898359
00000159b1ed8d19
00000159d819c0d9
00000159f488ad59
0000015a1f6b4579
0000015a3e232c19
0000015aae95ad99
0000015ab1753939
0000015ab6488599
0000015b2d9a4a59
0000015b46d19319
0000015bf44b5a39
0000015c077ee399
0000015c30de43d9
0000015ce8543659
0000015d20b0de19
0000015d20b16419
0000015d252889f9
0000015dbc867879
0000015e412393f9
0000015e5f535f39
0000015e5f5378d9
0000015ed25c3af9
0000015eda89ccf9
000002bfe6e02961
0000000003971f71
0000000000000181
0000016050b66d59
000001607ae03e19
00000160b98267f9
00000160b982f1d9
00000160d201ecf9
0000016102a7c799
000001613307c0f9
000001614e2a55b9
00000161df6eb9f9
0000016244dbe499
0000016249860739
000001627b479bd9
00000162975c7eb9
000001629c84dc99
00000163280499b9
0000016353344679
00000163708145f9
00000163aca99ff9
00000163b0835ad9
00000163fb7af139
00000164927bc679
00000164bc8f5b39
000001652b9f17d9
000001655d7d2d59
000001656f740559
000001657acde599
000001664515d6d9
0000016679cba079
000001669ab10539
000001671aea8ef9
000001671aeaa139
000001671c604799
000001672ff02f99
000001675353df99
00000167a93db9d9
0000016856aa4059
000001691c24ed79
0000016938f87999
000002d2874abb61
0000000003971f71
0000000000000181
000001696e3888d9
00000169a3caec39
00000169c2f40f19
00000169c2f421f9
00000169c3665b99
00000169e9235b79
0000016a02ac6039
0000016a0bfd7ff9
0000016a43d39399
0000016a6e3f4cb9
0000016ae943a339
0000016bfa735459
0000016c02250f79
0000016cc2d5c759
0000016cd32e9079
0000016d57d7f999
0000016da9e19379
0000016dd877c4b9
0000016e45047799
0000016e5a78c859
0000016e5a78cfd9
0000016e5a78dc79
0000016e9f36ae99
0000016f3048f039
0000016f4e4ae539
0000016f4e4ae6b9
0000016f4e4af6f9
0000016f4e4afbf9
0000016fc0113d39
0000016fd34633f9
0000016fd3466b39
00000170632c2bf9
000001707a908ed9
000001707a90a099
00000170a3eecad9
000001713ff3bb79
000001717431a419
000001719725c1b9
00000171bf38dc59
000001720143f839
000001722e104e79
000001722e2d9619
000001723342e619
000001726d9457b9
000001728098f879
000002e527b54d61
0000000003971f71
0000000000000181
00000172ce13e099
000001731e077819
000001734eee4879
00000173f58bcdd9
000001742507cb59
000001742e0f1119
0000017434bb3f59
00000174899d7a79
00000174a02562f9
00000174bcf43679
00000174bcf44c79
00000174f7b6f4b9
0000017592711759
000001763d9e2779
000001767f39ca59
00000177c6fa4539
00000177f83b5779
000001780d9c87f9
00000178d9069659
00000179399d09f9
000001796f5c6d79
00000179ac8b1d99
00000179c36cda19
0000017a77585e99
0000017a7f646559
0000017ae739c039
0000017ae7a2de79
0000017aff3148d9
0000017b1c8eb5f9
0000017b7cea4bd9
0000017bb440be59
000002f7c81fdf61
0000000003971f71
0000000000000181
0000017c4e366cf9
0000017c756ad2f9
0000017c756b31b9
0000017ca0a9a4d9
0000017d1c3d65b9
0000017d31413239
0000017d388c2bd9
0000017d388c4879
0000017d388c5a19
0000017d388c5c59
0000017d4c4404b9
0000017d920b0df9
0000017dc3132f39
0000017ddf5f5659
0000017dece75bb9
0000017e037523d9
0000017e05bdcdb9
0000017ec7837459
0000017ed154d419
0000017ed1f83399
0000017ed1f83ad9
0000017f1ce53f19
0000017f1ce54d39
0000017f6f09b759
0000017ff6f293b9
0000017ffeac47f9
00000180737a49f9
00000180a9cf7f39
0000018109219c19
000001816b4ceab9
0000018185990979
000001818df80379
00000181e12697d9
000001828849fd19
00000182a6c3faf9
00000182a6c40819
00000182a6c454d9
00000182b7172439
00000182f298f2d9
00000182f29906f9
00000182fde49419
0000018370715df9
00000183989f59f9
00000184bfbffb99
00000184c8681259
00000185321dad39
00000185321dc279
00000185321e23f9
0000030a688a7161
0000000003971f71
0000000000000181
0000018554d5a499
00000185728f38d9
00000185728f4ff9
00000185b31f73f9
00000185bf7faef9
00000186083ec399
00000186083ec559
000001861e6a4639
0000018638a5db79
00000186475671b9
000001867e9fb0b9
000001871605a559
00000187636c4159
00000187ad9c9b79
00000187b44b0259
00000187cc97f819
00000187cc97f9f9
00000187fa93ba39
000001881e2135d9
0000018846233479
0000018889f2f659
0000018892b677f9
000001889917c399
000001897f6f2159
00000189e69f3059
00000189e8404e99
0000018a05d8e139
0000018a533fc739
0000018a7eb6b759
0000018ad397f379
0000018adecc73b9
0000018b8e328c99
0000018bc6c7b4f9
0000018c0a9f6ef9
0000018c72429cd9
0000018cf42cb7b9
0000018e07093359
0000018e3fde5b79
0000018e3fdeae59
0000018e4cb69cb9
0000031d08f50361
0000000003971f71
0000000000000181
0000018ea29c7f99
0000018eaee89d79
0000018eaee8cef9
0000018ed46d08b9
0000018eeb838d99
000001900e134659
00000190860f8c19
00000190ba02c4d9
00000190c78b7c99
0000019162e98ad9
000001917a7b4bf9
000001917a7b7479
00000192175b8e19
000001927f4af939
0000019312351a19
000001935d3c29b9
00000193ecbe0ef9
00000193ecbe2319
000001948050da99
000001948050dc79
00000194a9965219
00000194a9965a99
00000194a996cc99
00000194eaf11d59
00000194f5bb3499
0000019509b9dcd9
00000195632b5f19
00000195632b67b9
000001956735e8b9
0000019598861019
00000195ab43c079
00000195e704b5d9
000001964b97b339
000001967dee8599
00000196bf8ccc19
00000197143f2639
000001972d13f559
0000019794f34839
0000032fa95f9461
0000000003971f71
0000000000000181
0000019876ce7d39
00000198856879f9
00000198998d16f9
00000198a54ce399
00000198e61b5219
0000019a723afa79
0000019a7b1b0399
0000019a851bb3d9
0000019aa1d84699
0000019acf2ea879
0000019b5128d3f9
0000019ba3461599
0000019ba7fbdfb9
0000019bd0f48e19
0000019bfd530419
0000019c388e26d9
0000019c53b96d39
0000019c53b96ef9
0000019c53b980b9
0000019c5d4b60d9
0000019c5d4b7399
0000019cee0e1d39
0000019d2e239079
0000019df918ee79
0000019dfd3cbad9
0000019dfd3cce99
0000019dfd3cd759
0000019eb6a68719
0000019edeb784b9
0000019ef8b38bd9
0000019ef8b39fd9
0000019f27b93e19
0000019fb33a1d79
0000019ff860bd99
000001a04c38f079
000001a0d48d3179
000001a0e0484439
0000034249ca2661
0000000003971f71
0000000000000181
000001a1ee42de59
000001a2507c5839
000001a2507c68d9
000001a2507c6e39
000001a2507c8219
000001a2992d2a79
000001a2b150cef9
000001a2bcc294d9
000001a2eede27b9
000001a30ebb4d99
000001a40058d299
000001a47a2e64b9
000001a48148ab99
000001a48148b539
000001a4ab84e499
000001a4dcae9ff9
000001a554967719
000001a55a66a839
000001a570aca159
000001a570acb7f9
000001a5a23d4f59
000001a5f85d6dd9
000001a65db917d9
000001a6905e3699
000001a70d0d9799
000001a7795876f9
000001a7fc976e99
000001a7fd6d8079
000001a83492ff79
000001a8ac410a19
000001a91386bd59
000001a91eebf779
000001a92061d6f9
000001a933b99db9
000001a9b487cff9
000001a9e21a8059
000001a9e9584679
000001a9e9584e19
000001aa4127cff9
000001aa6b8a2459
00000354ea34b761
0000000003971f71
0000000000000181
000001aac73470b9
000001ab8f639b39
000001abbbaad6d9
000001ac096a8e19
000001ac0b70c919
000001ac20ad0b99
000001ac45265c99
000001ac452676b9
000001ac52de6af9
000001ac6e2c4919
000001ad119e40b9
000001ad471e51b9
000001ae22203059
000001ae575eca99
000001ae575ede99
000001aee9c45679
000001aeec5e38d9
000001af14f24319
000001af7b6f2459
000001af7b6f3799
000001afb7de1359
000001afc2644599
000001afd984e119
000001b0301fb039
000001b03b91e119
000001b06eef2959
000001b06eef2af9
000001b06eef3159
000001b0dbf75439
000001b167f39ab9
000001b167f3b839
000001b190724799
000001b19e74d859
000001b1b12d2779
000001b1feeeefb9
000001b22c975399
000001b24b21dff9
000001b24b21e1d9
000001b24b221739
000001b24b2218f9
000001b24f949bb9
000001b319a27619
000001b319a27e99
000001b34d1e2f79
000001b36d72ef19
000001b3756e3a59
000001b3756e4b19
000001b3c18413d9
000003678a9f4961
0000000003971f71
0000000000000181
000001b402a8d279
000001b40814ddd9
000001b4a6475c19
000001b4a6f18579
000001b4cab11d19
000001b528e2ded9
000001b56bc5c6b9
000001b56e174979
000001b581730819
000001b590855179
000001b5c69e6499
000001b6502c3959
000001b68e7fb019
000001b6b938a6b9
000001b6ca882119
000001b702c644b9
000001b73e42bd79
000001b745038b59
000001b767216899
000001b7fc470859
000001b802485399
000001b8ad0eca59
000001b8ebc7b439
000001b8ebc7fa79
000001b8ebc804b9
000001b95a7bf659
000001ba40a83d99
000001ba91aa0b99
000001ba91aa1359
000001baf265c899
000001baf265dbf9
000001bb2909e019
000001bb3a7e8239
000001bb4bcd0419
000001bc1b7b49f9
000001bc1b7b4bb9
000001bc1b7b5bb9
000001bc1b98b6b9
000001bc819d6979
000001bce9a4b1b9
0000037a2b09db61
0000000003971f71
0000000000000181
000001bd5f044999
000001bdaa5f38b9
000001be19c329d9
000001be19c32b59
000001be19c384b9
000001be1fb613f9
000001be3d492d19
000001bea74d6039
000001bea74e1999
000001beb45bd659
000001bf3e5a78f9
000001bf3e5a92d9
000001bf3e5a9a59
000001bf461d0539
000001c0e181e339
000001c15c65f839
000001c1e0b57f39
000001c21aa1d479
000001c22e172799
000001c27a14d859
000001c2ac65b7b9
000001c32f92d119
000001c332e38a39
000001c40c179c79
000001c40c17a599
000001c42e792b39
000001c42fed8179
000001c45650cb99
000001c45d87cb59
000001c45d883159
000001c45fae3839
000001c522be3219
000001c580c56379
000001c5988bea39
000001c5ea288479
0000038ccb746c61
0000000003971f71
0000000000000181
000001c673b148f9
000001c6da3867d9
000001c6fdf17e99
000001c704c286b9
000001c73d977019
000001c81f38a4b9
000001c81f38f6b9
000001c82535a159
000001c82535b8b9
000001c82fa09e79
000001c83c8e5d39
000001c847b2e8f9
000001c89fcf1a99
000001c89fcf7ef9
000001c89fcf9859
000001c9100c8b79
000001c910cd97b9
000001c93afa1579
000001c93afa4f79
000001c93fb088b9
000001c9405222d9
000001c99a703b99
000001c9f00a0a19
000001ca729bb739
000001caa884e199
000001cb2bf885f9
000001cb59cec899
000001cb79e1e0b9
000001cba0501bf9
000001cbd7edf139
000001cbd7edf359
000001cc1b74ff39
000001cc1b750ff9
000001ccf9981959
000001cd6e005ed9
000001cd72d70159
000001cd87bb8cb9
000001cd87bb8e79
000001cda06e2319
000001cdb63e23f9
000001cdb63e2599
000001ce452060b9
000001ce7f6af299
000001cec3a28c59
000001cec3a29d39
000001ced5c85619
000001ced7381c19
000001ced73886b9
000001ceef551819
000001cef211c6b9
000001cf0dadc659
000001cfa98a0919
0000039f6bdefe61
0000000003971f71
0000000000000181
000001cfd2e18199
000001cff4426979
000001d00b5f70d9
000001d03c4e3a39
000001d071252599
000001d096367d39
000001d0963696b9
000001d0c8faf639
000001d100c470b9
000001d1040ef499
000001d1244666d9
000001d13d3ed559
000001d1a8adbad9
000001d2103de6d9
000001d23c4bc199
000001d2e43fec59
000001d2f756dd59
000001d318fd27f9
000001d36121d119
000001d3d4d02639
000001d432f23859
000001d58b2125d9
000001d58bdff059
000001d58e4ff779
000001d625da4139
000001d6389be099
000001d648ad0cb9
000001d6c7f6f079
000001d6c7f700b9
000001d722c6f539
000001d722c75ad9
000001d79c794599
000001d7cee258b9
000001d881dd7119
000001d8829b5e99
000001d8c4831699
000001d8fb596e39
000003b20c498f61
0000000003971f71
0000000000000181
000001d94c659299
000001d9671dc9d9
000001d98ccf2199
000001d9da8e5d79
000001da148dad39
000001da5a460379
000001db27b86579
000001db3f3f3ab9
000001db5d75a6f9
000001dba9d78699
000001dba9d7b3b9
000001dbd95ed139
000001dbddd3d4d9
000001dc6130b5b9
000001dcef8d55b9
000001dd45ae9159
000001dda0656139
000001ddb0a442f9
000001ddb0a459f9
000001dddf4c04d9
000001de02c13779
000001de78f85ef9
000001de78f8ac79
000001deb6856bf9
000001df3475b819
000001dfbe382699
000001dfe2b58df9
000001dff12121d9
000001dffe00f9b9
000001e01e6f5819
000001e02f731c19
000001e09df2ff39
000001e0e6476879
000001e120e52359
000001e1b17c4a39
000001e1cdc4ee59
000001e1cf5d8a19
000003c4acb42161
0000000003971f71
0000000000000181
000001e2677a4ff9
000001e2767f7eb9
000001e2abf81c79
000001e2f5929e19
000001e31482a179
000001e365bb9c19
000001e442e4bf19
000001e442e4d019
000001e45d2b60b9
000001e4ba9ead79
000001e5312c2d59
000001e57bf13279
000001e59e501459
000001e5cad6db99
000001e603f24439
000001e6514285f9
000001e65fc88d39
000001e662bb01f9
000001e67be870f9
000001e73da4b2d9
000001e78ab204b9
000001e7a17ecc59
000001e7f79724b9
000001e8276915f9
000001e8b95e0d99
000001e8e6c9d0b9
000001e90f977339
000001e938a12b19
000001e94c84ed79
000001e95ef8ded9
000001ea266a9b39
000001ea8a206679
000001eb56fabd59
000003d74d1eb261
0000000003971f71
0000000000000181
000001eba9ef4079
000001ebad1bd739
000001ebbd5e15b9
000001ec10d6f039
000001ec455a7c19
000001ecfffed0d9
000001ed4283e799
000001ed4a3bc519
000001ed6f800b19
000001eddcc28d19
000001edf7bda599
000001eeb675b979
000001eebc2f8e39
000001efabd6e559
000001efabd6e739
000001efd1136fb9
000001f015206879
000001f0152076b9
000001f0576c3859
000001f0576c61b9
000001f13fa3fd19
000001f1f9312d59
000001f245d73bf9
000001f24ed52839
000001f28de25b79
000001f29d534e39
000001f36a22a099
000001f3834b6f39
000001f3a6223b59
000001f3bb5c2959
000001f3f4c00539
000001f4284e3499
000001f444fa4af9
000003e9ed894361
0000000003971f71
0000000000000181
000001f502e316d9
000001f543bc9db9
000001f5cdaf8bd9
000001f5f7ba94f9
000001f62f9fd2d9
000001f683810939
000001f6bc34cdb9
000001f7348ed499
000001f7c1bf8199
000001f7c80df7b9
000001f7df2e63b9
000001f7eb132a59
000001f8042f0cd9
000001f891415079
000001f898b237f9
000001f8d8208ad9
000001f8dd8075f9
000001f92cebe259
000001f9391a6419
000001f9d3ca79b9
000001f9d8bd9999
000001fa15665619
000001fb0aa9e159
000001fb14f91419
000001fb63803479
000001fb638035f9
000001fb6ca341d9
000001fb96b45a19
000001fbbb34ee59
000001fbbe5ea879
000001fbe92d1d79
000001fc16b20059
000001fc61949959
000001fc6194afb9
000001fc6301acf9
000001fc6e219799
000001fc8a306259
000001fc907956b9
000001fcbe0b92b9
000001fcefd08b19
000001fd429c1519
000001fe0988e2d9
000003fc8df3d561
0000000003971f71
0000000000000181
000001fe6995e3d9
000001fe9389ffd9
000001fe96ec3a79
000001fecf60f279
000001fefddc3759
000001ff0708cc79
000001ff11aa7a79
000001ff1bfdcf99
000001ff1dacf4f9
000001ff26c77499
000001ff350d58f9
000001ffa0ea4cd9
000001ffe9629f19
000001fff9e9d3d9
000002001ad6bdd9
000002008226b779
00000200bfdb7079
00000200bfdb9079
00000200c1af1059
00000200c8b3ead9
00000200dca69f99
000002026cf14df9
000002026cf16d79
000002027a461879
000002027a462899
00000202888de279
0000020332e28479
000002033cb3cf59
000002033ec79059
000002035ec58279
000002038e2d5639
000002038e2d69d9
000002038e2d6a59
00000203954e3239
000002039e569f19
000002041f40c6f9
000002047c957459
000002049b89bc99
0000020518945739
00000205712270f9
000002062562b559
000002063f601779
000002063f601979
000002063f601ef9
0000020670b07f59
00000206f2793a39
00000207061d3259
0000040f2e5e6661
0000000003971f71
0000000000000181
00000208009532d9
000002081b497419
000002082548fcf9
00000208451ff379
0000020879d291f9
000002087f416279
000002087f41f3b9
0000020889ab8479
0000020889abdc19
00000208b8019679
00000208cb250bb9
00000208ec88ca39
000002090d0c6e39
0000020959bbb0d9
00000209928bcbb9
00000209f8fb9ed9
0000020a016bbd39
0000020a25093319
0000020a25093a79
0000020a3ec6dbd9
0000020b3d975b19
0000020bbb98d9d9
0000020c95793fd9
0000020cbc17ec39
0000020cc3b20019
0000020d0381d339
0000020d0a3ae7b9
0000020d27af42b9
0000020d50cab4d9
0000020d7e7662b9
0000020d9b33c219
0000020de6ec2d39
0000020e32176659
0000020e9f01edf9
0000020eac3c3cb9
0000020f000d3299
0000020f0b6a4959
0000020f0b6a5e79
0000020f128feef9
0000020f347c9759
0000020f7a988d59
0000020fc7785799
0000020fcb0d95f9
000002104b1e5359
000002105e3cd479
00000210751dfa99
000002109725ce79
00000210bf2d4219
00000421cec8f761
0000000003971f71
0000000000000181
0000021125bb7119
000002112952ddd9
0000021129531279
00000211315ab179
000002115b25c239
000002115b25ec79
000002118c4793b9
0000021198c3c159
00000211cffc94f9
00000211de7b5b19
00000211e3045b79
000002120db01e99
000002122791b799
000002123794df79
000002123a591f99
000002123a5931f9
000002123a594479
0000021286314739
00000212bab518f9
00000212db6f4cd9
00000212ea2363f9
00000212ea2374d9
00000212ea237659
00000212f6cc8299
0000021352ecd779
000002137df6c9d9
00000213d2bd3cd9
000002141e7f1f79
000002143c542919
0000021488930ff9
00000214b21202f9
00000214b27fb139
00000214e35abe39
00000215163c2739
000002152288c3d9
0000021583a76379
0000021583bc7899
000002158b94bad9
00000215f2049b79
00000215f474b139
00000215feeedd79
000002166db30c19
000002166db30e19
00000216b690e259
00000216c77d35f9
00000216d5add639
000002171ff785d9
0000021755e65b59
0000021798418e39
00000217b2dea8b9
00000217df7bbd79
000002181b2a1c39
000002183312af99
0000021851bcda39
0000021864319619
000002186431a9d9
00000218a8583179
00000218dfc63639
000002190a086779
0000021925b18b99
0000021959cf8919
00000219c42b07b9
00000219c42b0f19
000004346f338861
0000000003971f71
0000000000000181
0000021a74ace739
0000021aa0c04a39
0000021ac417a619
0000021aecf379b9
0000021af429c5f9
0000021b1d7b2a59
0000021b3f94cc39
0000021b3f94e239
0000021b3f950219
0000021b64e1e139
0000021bc35406b9
0000021bf0c0fcb9
0000021c1eb1bdd9
0000021c3861d9b9
0000021c6de54f99
0000021c7223cd79
0000021c7c7642f9
0000021c891f14b9
0000021cef5d0d39
0000021cf1622c39
0000021d39bdcc99
0000021d5ccad779
0000021ddff95499
0000021ddff99d79
0000021ec4abb2f9
0000021effd540d9
0000021f0a18f059
0000021f1ca82239
0000021f2b542f79
0000021f80b6b4b9
0000021f80b70a39
0000021fdac824d9
000002201aea4d79
000002202f93bed9
000002207a668699
0000022081fddf19
00000220aa96a299
000002212a6a66f9
000002217c7bf879
00000221c1d042b9
00000221d40a4959
00000222391d7e79
0000022250431e59
00000222504333b9
0000022250435159
0000022265c11239
000002228cbce659
000002228cbd89d9
000002228cbd9af9
00000222c96f7339
00000223412de299
000002236d654819
000002237bb80b99
000004470f9e1961
0000000003971f71
0000000000000181
00000223a3224619
00000224346369d9
0000022451e29c59
00000224e2824739
000002252215bd59
00000225649f8079
0000022567665db9
000002256a0995f9
0000022581f4bab9
0000022589e6dd79
000002259c5ec799
000002260e698e19
000002263592a9b9
0000022641df56d9
00000226a5572ab9
00000226e4220279
00000226f1300099
000002270b119699
000002272f7649f9
00000227afb13bf9
00000227d3910619
00000227dd197db9
00000227dd4d9439
00000227dd4d9b59
000002280c516239
000002280c518bd9
0000022848549379
000002284854a379
00000228813e1f19
00000228813e2ff9
00000228efd7f2d9
00000228f3794419
00000229128bd759
000002294b76ff99
000002294f87dd99
000002294f87f539
00000229ac8e9139
00000229d0808359
00000229d0809e19
0000022a8c074a59
0000022aeb5fcfd9
0000022b316c9e99
0000022b3d69e0b9
0000022b3d69f499
0000022b3d69f719
0000022c08d9c3f9
0000022c663f94b9
0000022c9b762659
0000022cca844ed9
00000459b008aa61
0000000003971f71
0000000000000181
0000022cd9374679
0000022cf291a979
0000022d29109a79
0000022d2910abd9
0000022d2910bbd9
0000022dbc6e0d19
0000022df0675f39
0000022e0b8ca2b9
0000022e148672d9
0000022e1dc99919
0000022e79de6a99
0000022edee964b9
0000022faf7a7e39
0000022fbe8d5ff9
00000230e4cd62b9
00000230ea5c8fd9
00000231b5cb71b9
00000232b2173479
00000232eed2c099
000002330e110eb9
000002332501e159
00000233d949b939
00000234138dbd19
0000023419fd34f9
000002342365a059
000002342365a0d9
0000023451587259
00000234b45ce459
00000235c444ae59
000002360c7871b9
0000046c50733b61
0000000003971f71
0000000000000181
000002363c5de1f9
0000023670c7b3f9
0000023671e53a99
00000236855c1519
00000236c52c62d9
00000236c5850bf9
00000236c5851fd9
000002371f1077f9
0000023741c3ba39
00000237573bb8b9
000002376e7c9b39
00000237980d6e19
000002380838e579
000002380838f5f9
000002381b197859
0000023824431c99
0000023824432d99
000002383ef71e59
000002387bebf9b9
00000238c749ef79
00000238d2f73839
00000238f9748979
000002392752c7f9
0000023936744a59
0000023936745ed9
0000023970b546f9
0000023970b55e19
0000023970b57399
0000023970b58639
00000239843b0339
000002399e0073b9
000002399e008839
00000239b1045dd9
00000239d0ac3c59
00000239da78f779
00000239ed19c7d9
0000023a269d7659
0000023a269d89b9
0000023aebf64419
0000023b154e7eb9
0000023bd7fbd379
0000023c1c53bbf9
0000023c27438679
0000023c274399f9
0000023c60963e59
0000023c96809bd9
0000023ca95cb399
0000023cc5f045b9
0000023ce0341a39
0000023d0a56ccd9
0000023d20953819
0000023d61bdc559
0000023d835d5499
0000023d88e06759
0000023debe02bf9
0000023debe0b299
0000023debe0b319
0000023e5a02f419
0000023e78d64e99
0000047ef0ddcd61
0000000003971f71
0000000000000181
0000023f77bb8c99
000002400f519ad9
000002409fd67219
00000240a22eb819
00000240cb2f1899
00000240d06464d9
00000240d4b92db9
00000241c70ebb59
00000241d0127bb9
00000241d9103439
000002421008c359
00000242326040f9
00000242e5a7a2b9
00000242ef02c9b9
000002430ba1be39
000002439277a059
0000024397f0f079
00000243ad6f2f79
00000243d4b10419
000002440f07d919
000002440f07daf9
000002443e358199
00000244ac260859
000002450be3c679
00000246516417b9
000002468d34afd9
0000024694df9e99
00000246abec0e19
000002471ec34c39
000002471ec40c59
000002471ec40df9
000002477402fc59
00000247e5c3ccd9
000002480e0b4eb9
00000248127037f9
00000248127049d9
0000024832340e19
000002486dea9f19
00000248bb57e179
0000049191485e61
0000000003971f71
0000000000000181
00000249109ca399
00000249ad926559
00000249b3683a79
0000024a262dc419
0000024a4d4819d9
0000024aae3d09b9
0000024aae3d1139
0000024abbc788b9
0000024adc186ab9
0000024b0466a639
0000024b06da7e59
0000024b331b6bf9
0000024b535a2159
0000024b78ed45b9
0000024ba0e55d39
0000024be929c1f9
0000024c20324b79
0000024c45d69d19
0000024c80bae019
0000024cb066a199
0000024cb1e22919
0000024cba5c70d9
0000024cddcecb59
0000024d416f92b9
0000024d6f135eb9
0000024d9b42b4f9
0000024e2cb97bf9
0000024e8bcf4379
0000024eb0c021d9
0000024efaff1c79
0000024f69ca9bf9
0000024f6be91f39
0000024f6be92679
0000025052229679
000002506d01f219
00000250b3848c19
00000250b3848dd9
00000250c671dd19
00000251b8a66099
00000251c8dbe939
0000025204ef53b9
000002520d067d39
000002520d06d239
000004a431b2ef61
0000000003971f71
0000000000000181
000002523894cd39
000002525b3727b9
0000025270833479
00000253102a30b9
00000253102a48f9
000002531fb55af9
0000025327dcbb59
0000025345357bd9
000002534802c499
000002534802c859
0000025348033c99
000002537f7020b9
00000253a018f639
00000253a0191179
00000253b2521739
00000253d1e56d19
00000253ebf48c19
0000025406768379
0000025478728b39
0000025484310b39
0000025494e66a19
00000254a35cc899
00000254b6586159
000002551a96b9f9
000002552c4bfa79
000002555d0c50b9
000002555d0c6919
00000255f3f63639
00000255f3f64519
000002562c3815d9
000002562cca6479
000002564dd5ebb9
000002565f567319
0000025769a7db39
00000257e159f859
0000025867881719
000002589d1c0339
00000258c2f8d399
00000258da2ecb99
000002596b34c1d9
0000025995ececf9
0000025995ed0079
0000025997bb0b99
00000259c9b18399
00000259ef6e7119
0000025a14f2c3b9
0000025a4d9b9a19
0000025a68661cd9
0000025ab10a83b9
0000025b13578e79
0000025b1cc5d559
000004b6d21d8061
0000000003971f71
0000000000000181
0000025bcb0846f9
0000025bcb0848f9
0000025bd8034b59
0000025cc87fb7d9
0000025cc8805939
0000025ce7566e59
0000025d1a354879
0000025d884c6b79
0000025dedc92ff9
0000025e23993fb9
0000025e5c7f7739
0000025e5c7f7e99
0000025e8c4cefd9
0000025ef2652bb9
0000025eff1c5579
0000025f2643ecd9
0000025f26440a99
0000025f434f92d9
0000025f82026999
00000260054929d9
000002603757d339
000002606bc2cf19
000002609094c859
00000260c18008b9
0000026123e2e019
000002619c407359
00000261d11f61b9
00000261ed2472f9
000002626fe0d879
0000026277004bd9
00000262a5484039
00000262a54860b9
0000026345d88a99
00000263c596d519
00000263dae33bd9
000002644cfb6cb9
00000264783b8d99
000002648dc49d79
000002648eb2a999
000004c972881061
0000000003971f71
0000000000000181
00000264cd686b99
00000264cd686d59
00000264cd687219
00000265360950b9
0000026536096619
0000026576e71e79
0000026576e74199
000002657b4c7359
0000026592b33dd9
00000265b7435679
00000265dce1e239
00000265ffd7d379
0000026658dfd3d9
0000026658dfe399
0000026669906bb9
000002671958c899
00000267c6ba82f9
00000267c6bad3d9
00000267f44d42d9
0000026802bc2159
000002686c80a039
00000268751d5b19
00000268cf4f4259
00000268d3adf1b9
000002695de27599
000002695de29039
0000026970df13d9
00000269e12c1339
00000269e12c2dd9
00000269e752daf9
0000026a2f061cb9
0000026a721938d9
0000026b21eb8b19
0000026b50e91319
0000026b55e72af9
0000026b55e759f9
0000026baae013b9
0000026c77a238d9
0000026c866f8fd9
0000026cb8a6fd19
0000026cf5e863d9
0000026da5b5f299
0000026de6bc0579
0000026dfbe7c579
000004dc12f2a161
0000000003971f71
0000000000000181
0000026e080bf119
0000026e81aa8899
0000026f0bbea619
0000026f311f19b9
0000026f5e177739
0000026f806cf159
0000026fc69f23d9
0000026fe0335eb9
0000026fefdd2e99
0000026ff25b2639
000002700c2d7299
000002702c3555f9
000002702c356cf9
0000027051b1c459
0000027068e2cd39
000002706ff19839
0000027082d95f39
00000270ad0485d9
00000270ee1043b9
00000271cf29e8f9
00000271cf5d95f9
00000271e239e839
0000027247f508d9
0000027259311799
000002726d13e279
00000272ed8c0a79
00000273290d8fd9
00000273290dd0f9
00000273290de6d9
00000273290df159
00000273824d20d9
00000273b9d68899
00000273ba7ae279
00000273ef37ba39
000002746da65179
0000027486872f39
0000027486874299
00000274afecbeb9
0000027511b75ff9
0000027550da9b99
0000027550daaab9
000002758acb0a39
000002761aadfdf9
000002761aae0e99
0000027635472179
0000027645a7b379
00000276a87548f9
00000276e3522039
00000276f949f499
00000277367f2bb9
000004eeb35d3261
0000000003971f71
0000000000000181
00000277c6f37639
00000277d8a74219
00000277fea43619
00000277fea480d9
0000027831d22bb9
0000027843a2d5f9
000002784b65e379
0000027871b817b9
0000027879096d39
0000027896f66eb9
00000278980c9ef9
00000278affc63d9
00000278b7a24099
00000278c7a65a59
00000278cc504339
00000278e411b839
000002790e251619
0000027912163d39
000002793160ffd9
00000279328834f9
00000279c0d7a619
00000279e900e819
00000279e900fb59
0000027a55a3f5d9
0000027a8f437b79
0000027a9f87b1f9
0000027ac5c55039
0000027b244f4859
0000027b35980ff9
0000027b85b38e79
0000027bc30f8c19
0000027bd0bf2bd9
0000027c38ac36b9
0000027c538db8f9
0000027c86f2ac59
0000027d0f157979
0000027d0f15f579
0000027da6f5b519
0000027da6f5c5b9
0000027da6f61659
0000027e32844d19
0000027f62829f19
0000027f6e695279
0000027f6e698259
0000027f99c1a7d9
0000027fff4b4279
000002800c7ef919
000002800c7efaf9
000002800c7f6fd9
000002805e79f8b9
00000280883d45d9
0000050153c7c361
0000000003971f71
0000000000000181
00000280eab3cdd9
000002810a5d5659
000002810a5d8159
000002812a770599
00000281ce9feeb9
00000281ce9ff619
00000281eea01a39
000002826014ef79
00000282802e8479
00000282802e9979
00000282802ead19
0000028304e7a3f9
000002831a3ca179
000002831dc01839
000002840ab58a19
000002842a7e3279
000002847b5c4fd9
0000028486228659
00000284c5e7a899
00000284f2d22559
00000285a84f2719
000002864f3f55b9
000002864f3fbb39
000002868ca6ac39
00000286c74977d9
00000286d3953439
00000286d39534b9
0000028733073f39
000002874fcbcf59
00000287b86a5219
00000287d04a6539
00000287d51b2d99
000002882ccb01d9
00000288461780f9
00000288461782b9
00000288652cbd39
000002891a2e6239
0000028954c9d979
0000028954c9e179
000002897735f939
0000028995ff4c79
000002899d5a0cd9
00000513f4325461
0000000003971f71
0000000000000181
0000028ae35defb9
0000028b2e3b6799
0000028b3786ccd9
0000028c03240fb9
0000028c03242459
0000028c0b047519
0000028c158227b9
0000028c16369a79
0000028c2eefd8d9
0000028cd99f0559
0000028ce0126f19
0000028ce0127679
0000028ce0128479
0000028d16f02a59
0000028d2181b799
0000028d2c5eabd9
0000028d2c5ecfd9
0000028dace41c39
0000028dace49dd9
0000028dd3e18939
0000028dd3e199d9
0000028dd740c5f9
0000028df7342239
0000028e0defa2b9
0000028e0fd5af39
0000028e69e8f939
0000028eee8fd399
0000028f17973399
0000028fa5766e79
0000028faf3d4c79
0000028faf3d5c59
0000028fc62f6399
0000028fc62f6419
00000290076f63f9
000002903deb5d39
000002903deb7259
0000029046b6d6f9
0000029049926f59
000002905f5d8359
0000029117a358d9
0000029117a35979
0000029117a35a99
00000291265881b9
000002913b5aadd9
0000029167b7f299
00000291b64aa3d9
00000291c763d7d9
00000291f4c06979
0000029258f849f9
000002929d3d86d9
000002929d3d8879
00000292bfadd579
00000292e9526c59
00000292e95273b9
000002933f5a4359
00000526949ce561
0000000003971f71
0000000000000181
00000293dc5d1599
00000293f7172399
000002940ed9a919
0000029418cca139
0000029492dc1839
00000294ce2499f9
000002954309b7b9
00000295ce581159
00000295ce5823b9
000002962039c319
0000029628256319
000002966b0dd359
000002969a0f01d9
00000296e16fb659
00000296edaadef9
000002970ad3cb99
0000029760a29ff9
00000297a3f43379
00000297c01acbd9
000002981d8184b9
000002983355f819
0000029869d483d9
0000029967ea94b9
0000029967eaf0f9
000002999ebd5db9
0000029a2ac32cb9
0000029a52dbb179
0000029a75393ad9
0000029a7b29a4b9
0000029a8928d999
0000029aa1987479
0000029b022e4539
0000029b071a4e79
0000029b69768919
0000029b79bd06b9
0000029b8446fed9
0000029bf758c859
0000029c1edfc2b9
0000029c6fc62f99
0000053935077561
0000000003971f71
0000000000000181
0000029c99e1d4b9
0000029cd6073ab9
0000029cff7996f9
0000029d77255979
0000029dd2df9db9
0000029dd84f8a79
0000029de64077f9
0000029e128c76f9
0000029e272ba019
0000029e287b0799
0000029e33e7ced9
0000029e94c41dd9
0000029ea3266f19
0000029ea3267879
0000029ea3268bb9
0000029ee8652db9
0000029f9a40a759
0000029f9a40b9d9
0000029fafe0dc59
000002a075a75ed9
000002a0834f1739
000002a09e519759
000002a16137faf9
000002a161381b99
000002a1a49d5e59
000002a2ccb5e3d9
000002a2e0d937f9
000002a2fb734f79
000002a30782d2b9
000002a30782e4f9
000002a3a1961fb9
000002a3a238bd79
000002a3a65870b9
000002a3b7585559
000002a3e590daf9
000002a45731ff59
000002a45731ffd9
000002a457320f19
000002a4b6eedad9
000002a4f1268399
000002a51fea7a39
000002a5500ca699
000002a5a430cb79
000002a5da427fd9
0000054bd5720661
0000000003971f71
0000000000000181
000002a5f6e868d9
000002a60e32ed79
000002a60e32ff39
000002a61ed94ff9
000002a63cc72319
000002a666736139
000002a666739f99
000002a688774d39
000002a69f948cb9
000002a76ade2059
000002a7b13baf19
000002a7e601ba99
000002a85b833219
000002a85b836c99
000002a890f63339
000002a911e06879
000002a967d6db79
000002a983922bd9
000002a9a9686cd9
000002a9e7c624b9
000002a9e7c62679
000002aa354ada39
000002aa7a99c4d9
000002aaffa76a59
000002ab097b37d9
000002ab0ae74859
000002ab4d1358b9
000002ab58d233b9
000002ab58d2cb59
000002ab74e1b839
000002ac0521e999
000002ac15d49219
000002ac350b9979
000002ac367d7739
000002ac70066559
000002ac77878059
000002ac9b7c0359
000002ac9b7c1cd9
000002acd341ce59
000002acdf3c0239
000002ad3a4a11f9
000002ad422dbc39
000002ad51f250b9
000002ade132def9
000002adfbb0dbd9
000002adfbb0ebb9
000002adfbb0ec39
000002ae538340b9
000002af19ec5679
0000055e75dc9761
0000000003971f71
0000000000000181
000002af4ffab039
000002af76d48f19
000002afe2111b79
000002afe47273b9
000002b0263e1b99
000002b03e555679
000002b0750e9a19
000002b09431dab9
000002b0a0d45ef9
000002b0a2005fb9
000002b0ed7b09b9
000002b114e974f9
000002b114e98599
000002b11b908ab9
000002b153368e19
000002b1f2e35d99
000002b2372e1759
000002b23d27ba19
000002b29ecf6f79
000002b2f2c3d4d9
000002b30d429099
000002b334aa6f99
000002b382f03db9
000002b3a1187bb9
000002b3cbcac7b9
000002b3fbe2fb99
000002b4217c1539
000002b45b9528d9
000002b47fcde459
000002b4b13cb419
000002b4f05cc959
000002b5502319d9
000002b5afce0699
000002b5c45c6ad9
000002b5c45c7919
000002b5f294dfb9
000002b619453cb9
000002b63d21a959
000002b655bbeb39
000002b6cf631879
000002b6f2aa8f99
000002b6f2aa9159
000002b6f2aaa3b9
000002b7340cc1b9
000002b7487b39f9
000002b7b35445b9
000002b7f02e5ff9
000002b7f02e6f99
000002b87746d179
0000057116472761
0000000003971f71
0000000000000181
000002b899d69119
000002b97bb3eeb9
000002b9950d7e59
000002b9a3676f59
000002b9a3678739
000002b9e4510eb9
000002b9e45110f9
000002ba532cf359
000002ba774a9419
000002ba7a03b719
000002ba7af01e39
000002ba81df4519
000002ba87222639
000002bacad08219
000002bae6f89239
000002bb2875b199
000002bb466eb6f9
000002bb9d241bb9
000002bb9d241d19
000002bbb6e70499
000002bbb6e70659
000002bbe7769a99
000002bbf0a44bb9
000002bc4c2f14b9
000002bd0a006e79
000002bd403d51d9
000002bd449cf4b9
000002bd58856cb9
000002bd58980779
000002bdb6ce2919
000002bdbe9dc9d9
000002bdbe9dcbb9
000002bdbe9ddb79
000002bdbe9ddc59
000002bdf3b9fcb9
000002bdf3ba6a59
000002be9361fab9
000002be9361fef9
000002be93625019
000002becac9c799
000002becac9e279
000002bf21b44399
000002bf9331be59
000002c041cfae39
000002c057326039
000002c057327779
000002c0b9959b99
000002c128706459
000002c128707679
000002c15f129a59
00000583b6b1b861
0000000003971f71
0000000000000181
000002c21c132399
000002c235911db9
000002c235913159
000002c2d96f3959
000002c32166b799
000002c36888e699
000002c3c1f93779
000002c3cfea6619
000002c3cfea8959
000002c448b56899
000002c4e27f3af9
000002c4e27f5279
000002c4e67b5b79
000002c51b2c6e19
000002c55d2f3b39
000002c5a3a54819
000002c5a3a55a79
000002c5c9d77e59
000002c629395259
000002c6c5cc5b39
000002c6d72aaff9
000002c6f18b1739
000002c72e4b9cb9
000002c7560be7f9
000002c7915f65d9
000002c7915f7cd9
000002c7bbb3c199
000002c8091198f9
000002c8493ca159
000002c8863d7359
000002c8a751e1f9
000002c8a751fdf9
000002c8da019f59
000002c966aecb99
000002c97fe0a999
000002c9854bedf9
000002c9e414be39
000002c9e414bff9
000002ca16eabd19
000002ca38eb1eb9
000002ca39619cf9
000002ca90ee33d9
000002cab1343519
000002cadbe82a59
000002cafc2ac499
000002cb243eeab9
00000596571c4861
0000000003971f71
0000000000000181
000002cb9afce239
000002cb9afcfad9
000002cb9b520259
000002cba2d350b9
000002cbd362ef79
000002cbda5bbd59
000002cbda5bca39
000002cc21ff7879
000002cc36365819
000002cc6ca4f839
000002ccf641cfd9
000002cd2b498559
000002ce3d3cac79
000002ce5d3b8a19
000002ce847d55f9
000002cefa270f59
000002cf0f3d2a59
000002cf9af3b6d9
000002cfae002f39
000002d089088f39
000002d0eda44e19
000002d13078d859
000002d1307901d9
000002d1422c5bf9
000002d15c098539
000002d1a94ebcd9
000002d1ce9b8f99
000002d2259c80f9
000002d263e0ccf9
000002d315192019
000002d3be6c55f9
000002d3d67a26f9
000002d3da1aec79
000002d3ffb0e759
000002d44415fd19
000005a8f786d961
0000000003971f71
0000000000000181
000002d4828e0ff9
000002d48e91c5b9
000002d49a4aa339
000002d50e63b3b9
000002d50e63b599
000002d50e63c0b9
000002d586650879
000002d5ba2a11f9
000002d630fb0079
000002d630fb1879
000002d630fb1a19
000002d630fb45f9
000002d65e153f19
000002d667b9ea19
000002d66f2e1f39
000002d692099179
000002d6bb3a2b79
000002d6c4dd6159
000002d6cb0f9279
000002d6cf315739
000002d70f74c719
000002d75939bc99
000002d7ad885439
000002d80a251b99
000002d85407d939
000002d85e617e99
000002d8a62cd239
000002d8a62cd2d9
000002d8a62cd999
000002d8a69ee759
000002d8bfcccf99
000002d95dda9ff9
000002d993e76839
000002d993e80eb9
000002da1e38a739
000002da80c8dc59
000002db64c57f99
000002db8006c919
000002dbb1349a59
000002dbf63ea7d9
000002dc543f0d79
000002dcd2d9b459
000002dcd6d5c359
000002dd650cbe79
000002dd72885e99
000002dd86c0f7d9
000002ddbbcf17b9
000002ddbbcf27d9
000002ddc6e3af59
000005bb97f16961
0000000003971f71
0000000000000181
000002ddf2e30139
000002ddf2e31ad9
000002de25cc0319
000002de55a13df9
000002de80f651f9
000002de86f25f59
000002de9e8db739
000002de9e8db7b9
000002dec98e11f9
000002df1b0f08b9
000002df68d39c39
000002df747f8ff9
000002dfb73cbb79
000002dfc7389239
000002dff34c49f9
000002dff4f2bbb9
000002e011cbba99
000002e079079cd9
000002e07f8fa139
000002e098c76eb9
000002e0be109019
000002e11a911c79
000002e1e9bd1e99
000002e1e9bd3019
000002e222802199
000002e22280aab9
000002e280310799
000002e280310939
000002e2a2c66019
000002e2b5d4b4b9
000002e2e760c719
000002e2e760c8b9
000002e2e760cf19
000002e3352a9719
000002e3c56c5ad9
000002e3ebb87659
000002e3ee19bf79
000002e403204619
000002e4af2379d9
000002e4f19090f9
000002e4ff815cd9
000002e50090dd99
000002e50090f0f9
000002e531db5719
000002e531db72f9
000002e538e398b9
000002e53fca36d9
000002e5cdf73ef9
000002e6269cf319
000002e63bfa6a59
000002e6b7402879
000002e6c6839559
000002e6cb976119
000002e6f09f1739
000002e71294f639
000005ce385bf961
0000000003971f71
0000000000000181
000002e771d1db19
000002e78d522439
000002e79be9b439
000002e7b5acf1b9
000002e80b5d3219
000002e8347968b9
000002e86a9265d9
000002e86d426a19
000002e8ce8d2cd9
000002e8ce8d3df9
000002e8f85d40f9
000002e8f85dad19
000002e95f134779
000002ea114d3a79
000002ea114d4b39
000002ea114d4bd9
000002ea6ae2feb9
000002eabb6f80f9
000002ebc8bc8a19
000002ebcba44359
000002ebcba486b9
000002ec342358d9
000002ec6a350bb9
000002ec6b7768d9
000002ec6b77c579
000002ec918574f9
000002ecc54d5c19
000002ecef69e999
000002ed4a5050d9
000002edd7648539
000002ede69a4059
000002eeeb25ecb9
000002ef0ede62d9
000002ef5ba25979
000002efd65f9739
000002f011566eb9
000002f01156cb79
000002f01156ccf9
000002f0455d7139
000005e0d8c68a61
0000000003971f71
0000000000000181
000002f06d372579
000002f0809c2919
000002f0809c3cf9
000002f100bca5f9
000002f101336459
000002f1420c5af9
000002f16c042c19
000002f1bf049179
000002f1ecd66ff9
000002f247b4e779
000002f306152919
000002f30bc162f9
000002f30bc16a79
000002f35f7c94d9
000002f4a91bcc19
000002f4dd281dd9
000002f5bfb0c039
000002f5d96a4dd9
000002f5d96a5ad9
000002f5dda8d779
000002f647edb5f9
000002f66f127c59
000002f6ceaf3dd9
000002f6d00e9a19
000002f7bea44af9
000002f7d403e919
000002f983cfd4d9
000005f379311a61
0000000003971f71
0000000000000181
000002f9d35bda19
000002f9d35be619
000002fac93cd059
000002fafcbd8279
000002fb0a740739
000002fb5121b599
000002fbd5c04e79
000002fbe0eceed9
000002fbf9877db9
000002fc03d51bf9
000002fc53865cd9
000002fcb34e1339
000002fd2a151759
000002fd7f05a539
000002fe70347419
000002fe9714aa39
000002febc4936f9
000002ff32bba459
000002ff8a6d1399
000002ff8a6d23f9
000002ff8a6d7319
00000300c66c8559
00000300efde3939
0000030106408879
000003012dc4c579
000003012dc4cdd9
00000606199baa61
0000000003971f71
0000000000000181
000003034bc7f959
00000303a1003cb9
00000303adef0ff9
00000303ee8def19
000003041a61c059
0000030428ce31d9
000003043c605a39
000003043c606d39
0000030484247b39
0000030484248d79
000003048424a9f9
000003048424bc39
00000304a918ee59
00000304f810c3f9
0000030579b5dc19
0000030579b5f0d9
00000306b74c26f9
000003072aaf3f79
00000307aa041499
00000307dce89959
00000307f7e92459
000003086ca4b5f9
0000030908d2e9f9
000003094011b1f9
0000030a481a8a79
0000030a653e1d99
0000030a653e24f9
0000030a7d95ca19
0000030a81ee0719
0000030abc3892f9
0000030ac35d1f19
0000030ac3aedd59
0000030b27323699
0000030c31b9bad9
00000618ba063a61
0000000003971f71
0000000000000181
0000030c5bded039
0000030d143ceb19
0000030dbdb3a5f9
0000030dc9126979
0000030fc6675af9
0000030fd4b94499
0000031106753259
000003112f985ff9
00000311398545d9
00000311500cb0d9
0000031159248499
000003118c0f1579
00000311a32faa99
00000311b6dede19
000003123ce2eff9
00000312a603f2b9
00000312ac281d99
00000312d7176f39
000003132db01db9
000003133cb7bf79
00000313ca2889b9
00000313ca288af9
00000313ded141b9
000003142683fa79
0000031435501119
0000031438df63b9
0000031448f458f9
00000314ee2a2979
00000314ee2a2bb9
000003157d84c059
0000062b5a70cb61
0000000003971f71
0000000000000181
000003160e2a31b9
000003162577ad39
0000031650640419
000003166382ac39
000003168f2aa839
00000316a8236879
00000316f1fbb379
000003171d807f39
00000317481df9b9
00000318410da279
000003189da72b79
0000031907cb4c39
0000031a0748a5b9
0000031a292fcc79
0000031ac092eb99
0000031ae97c4c99
0000031af32ca919
0000031b1078ad99
0000031b1ed7ec19
0000031c13b1f519
0000031cbd2f81f9
0000031ceb9690b9
0000031d183f0639
0000031d183f17d9
0000031d183f3879
0000031d2a7cc2d9
0000031d2fc9f019
0000031d81f2b5b9
0000031dcb4a4c39
0000031e4c457739
0000031ee0a823b9
0000031efa26d219
0000063dfadb5b61
0000000003971f71
0000000000000181
0000031fc3648119
0000032080d44c79
00000320a95b4499
000003211b1c4699
0000032199cc1fd9
0000032199cc4079
000003222acb43b9
000003222ead09b9
000003225ae13af9
00000322e925b139
00000322e925c2d9
00000322e925c819
0000032371d1cf59
000003237fd4a979
00000323989048b9
000003239b34cd19
00000323e3946539
000003240a24edf9
000003240f5ee999
000003242a1b2359
0000032473ff4819
00000324775b6dd9
0000032507f26db9
00000325952aeed9
00000325f6ab7559
00000325f8b27399
0000032618fdd219
000003261fbd3139
0000032687f5cdf9
000003269e2639b9
00000326a2b714d9
0000032729a55ab9
000003272fb1a779
00000327817ff119
00000327c167a119
00000327df0436b9
00000327e884e9d9
0000032804eba0b9
00000328144b2219
000003282c1185b9
00000328422be2d9
000006509b45eb61
0000000003971f71
0000000000000181
00000328a1b52c39
00000328a1b541b9
00000328cedcd659
00000328cedcedd9
000003291ea624f9
000003291ea62d39
00000329449901b9
00000329449979b9
0000032997670a59
00000329d7971459
00000329ee45f539
0000032a3bd4eb19
0000032a581d8a19
0000032a5f4e22f9
0000032a8be5c959
0000032aab6164d9
0000032af50320d9
0000032b40cd7b19
0000032b4b238cd9
0000032ba732a599
0000032ba8669c39
0000032c0e242179
0000032c25045cf9
0000032c4d48add9
0000032ca2090259
0000032cb59682f9
0000032cecfb5559
0000032d676450b9
0000032d6da02c99
0000032d7eb75d99
0000032dbba21679
0000032de3313059
0000032dfbc2c899
0000032e03be1459
0000032e0dcf9719
000003300ce11799
000003302b176879
0000033041163999
00000330a1407439
00000330f003d999
000006633bb07b61
0000000003971f71
0000000000000181
000003320ebf8979
0000033213332ef9
0000033227113759
00000332c8834739
00000332c8836219
0000033352929619
0000033352929ed9
000003336aee84d9
0000033379632779
00000333abfe72b9
00000333abfeceb9
00000333d98bae19
00000333e2ff54d9
00000333ef35bcd9
00000334102f66f9
00000334dc98d759
00000335061b37b9
000003355c3d45b9
0000033597a29bd9
0000033597a2bf59
00000335a106d579
00000335ebff6b59
000003360ec0e4b9
00000336694ef1d9
00000336f12e53b9
0000033717d0c2b9
00000337595bb739
00000337640bea19
000003379f026839
00000337b28de9f9
00000337f7a9de59
00000337f7a9e919
00000337f7a9ead9
00000338216254f9
000003382ef8c519
000003383d1250d9
00000338adccf9f9
00000338b72800b9
00000338b7280279
00000338b72815f9
000003391f251799
0000033925954d19
0000033941e42a39
0000033941e43d99
00000339489abb79
000003395590ae39
00000339a79a6a79
00000339f5c07119
0000033a26c26079
0000033a5ab64b99
0000033a6b570ad9
00000675dc1b0b61
0000000003971f71
0000000000000181
0000033b24652f79
0000033b3b3978b9
0000033d08a37cd9
0000033d21b31dd9
0000033d53b62779
0000033d5b2a4db9
0000033d5b2a62d9
0000033d5b2a70d9
0000033d82f57a99
0000033db410f199
0000033db6c0ec59
0000033de8d52e99
0000033e1ea8c939
0000033e436cf5f9
0000033e6582c4b9
0000033e66fd24b9
0000033ea9957339
0000033f7445b0f9
0000033fb8cc4399
0000033fd43f7ab9
0000034016236459
0000034026102ff9
000003404125a919
00000340736aea19
000003408527dd59
00000340abf93e59
00000340abf94b79
00000340abf9a339
00000340e31f7bd9
00000340ebbfde19
000003410da67879
0000034134de60d9
00000341808e7459
00000341ba974c79
000003421da64d19
00000342679cd079
000003429a4405f9
00000342a0066a59
00000342a3f53fd9
00000342a3f541b9
000003432a6efd59
0000034339092339
00000343390939b9
00000343cf0531f9
000003440b048059
000006887c859b61
0000000003971f71
0000000000000181
00000344466ca5b9
00000344fb440959
000003452fa1b779
0000034592057af9
000003459f6079b9
00000346a34c2539
00000346a34c2699
00000346a34c2b19
00000346a5950d79
00000346a5953939
000003477af5f079
00000347bf5f4539
00000347bf7b66b9
000003485bdf02d9
00000348661737b9
0000034923f593b9
000003492f15ecd9
00000349302a6059
00000349ab83e4f9
00000349b197c399
00000349bd77ec99
0000034a15adcbb9
0000034a263a4559
0000034aaaca7f59
0000034ac5c6ebd9
0000034ad8ad12b9
0000034ae1ef0599
0000034af9943b99
0000034b30a0b219
0000034b7ff5fbf9
0000034bb81583d9
0000034bc7989eb9
0000034c59609699
0000034c8705e439
0000034ca0414f99
0000034ca7d08db9
0000034cac99da79
0000069b1cf02b61
0000000003971f71
0000000000000181
0000034e2f359a79
0000034e567cb5d9
0000034ea6abcc79
0000034ea6abe219
0000034ed9bd0c19
0000034f06fc4179
0000034f6c6c9fd9
0000034f990bb719
0000034fdc56f239
000003501aee0899
0000035045b6aeb9
00000350ab4d0399
0000035164b3a5f9
00000351c9839ff9
00000351d06ce8f9
00000351d06ce979
000003520cdaf2f9
000003520eb1a359
0000035265571859
000003527d6230b9
00000352895c57b9
00000352a2a37759
00000352fa51e0d9
000003536daddcb9
0000035375181959
00000354037c5ed9
00000354078f4879
00000354078f5c79
0000035485606519
0000035535fdcd59
0000035535fdde59
000003553a9dc3f9
00000355b686f059
00000356423cdc59
000006adbd5abb61
0000000003971f71
0000000000000181
00000357793b60b9
00000357ff499499
0000035859b45439
0000035897bc3359
00000359398be0f9
00000359474c3519
0000035963b5f2d9
0000035963b61419
0000035a108dc639
0000035a60db3ed9
0000035acf27b559
0000035af79a1319
0000035b5b4c4239
0000035b7ed70c19
0000035b8c766739
0000035baff62919
0000035cbefaad19
0000035cc642e959
0000035cdec12bd9
0000035d98e4c139
0000035d9eb7d579
0000035d9eb7dcd9
0000035da5d59519
0000035de62a9ff9
0000035e2c714eb9
0000035e2c716379
0000035e35dcec39
0000035f181affb9
0000035f751fc999
0000035f896eacf9
000006c05dc54b61
0000000003971f71
0000000000000181
00000360985e40f9
00000360bd58b679
000003611a0500b9
000003617181dcb9
00000361a01f5959
00000361b1f45299
00000361d27737b9
000003621a38e979
00000362779de459
00000362ce408259
000003634de6d119
000003634de71cd9
000003636a9f7c79
00000363d9c942f9
0000036417f9dfb9
000003642b83c6d9
000003643ff14b19
00000364636e6199
000003647fee0f99
000003648513ce99
000003648513f2f9
0000036485143199
0000036493a61839
00000364dfbca179
00000364f09f14f9
00000364f2b16c99
00000365008c26d9
00000365146410f9
00000365bb308db9
00000365d037f7f9
00000365d8d5c119
00000365eb4c81d9
00000365eb4c8939
000003661db798f9
00000366552a30b9
00000366604639f9
0000036718bfe8b9
0000036758683db9
000003678e34b579
00000368170fd7f9
000003688b5e9dd9
00000368d492c6d9
00000368e40b03b9
00000368fd7ad779
0000036905927e39
0000036952f241b9
000006d2fe2fdb61
0000000003971f71
0000000000000181
00000369f1b9bdf9
0000036a1251b2b9
0000036a3981bc39
0000036a5f7763d9
0000036a9252b299
0000036b4bb25df9
0000036b4f9e20f9
0000036c193c8239
0000036c193d1479
0000036c4cc65f59
0000036c4eb12419
0000036c76b59a99
0000036c800ca919
0000036c800cdaf9
0000036d6b07cbd9
0000036d85124af9
0000036dcd29d3d9
0000036df8f2e5b9
0000036e2a463139
0000036e48e6fc79
0000036e85486659
0000036e8aac22d9
0000036eb29f0179
0000036ebd17f8b9
0000036ebd17fa59
0000036ec9f802f9
0000036ef264a2b9
0000036f24637839
0000036f51d21239
0000037002a43fd9
0000037067f27219
0000037095850419
00000370a5e9e699
00000370ab95e3f9
00000370c911c1d9
00000370e1fe9c79
00000370e3014d79
00000370ea589b39
00000370f358ebd9
00000370fb1ee399
0000037106ca45f9
0000037106ca5e79
000003718469f7d9
00000371a5e30279
000003722db85b59
00000372462dfbb9
00000372566a5c79
000003727e4d6439
0000037288041679
00000372902c4779
000006e59e9a6b61
0000000003971f71
0000000000000181
00000372d58ed159
0000037346599d19
000003735e4574d9
0000037388282339
000003738ee316d9
00000373e67f59f9
00000374762c8779
00000374a4bdefd9
00000374c9a08219
00000374d3ef9b19
0000037512ac4a19
0000037558928b19
0000037576079939
000003759e5c1379
0000037662a19579
00000376f33c5859
0000037720e8f179
0000037750a76ff9
00000377fd49b939
00000378168ffe59
000003786e86c079
00000378d5a56ed9
00000378db5e64f9
00000378dcf828d9
00000378dcf82a79
000003790176adf9
000003792cb46059
000003793227ccf9
0000037987c75519
0000037987e620d9
00000379a20a13b9
00000379a7b9d7f9
00000379d36de5d9
00000379d36de859
00000379d36de8d9
00000379d496de59
00000379f2dfc419
00000379fa33c679
00000379fab7f779
0000037a0379e559
0000037aa7575979
0000037b00122fd9
0000037b037becb9
0000037bfa616839
0000037c159ff499
000006f83f04fb61
0000000003971f71
0000000000000181
0000037c57883799
0000037c8ea2e9f9
0000037cf20e5db9
0000037d22025eb9
0000037db0f97199
0000037e4f184cd9
0000037e5c32cbf9
0000037e6c86b9d9
0000037e98c76fd9
0000037eaeaba759
0000037ef6efa9b9
0000037f020d5ad9
0000037f3b3299f9
0000037fb33cbd79
0000037fe4e39ef9
00000380351acdf9
00000380e1a69319
00000380ef869dd9
00000380ef86b0f9
0000038136ba9259
0000038166de91f9
0000038166dee419
0000038204c8d979
00000382cbf64959
00000382cdd3efd9
00000382cf13f5d9
00000382cf140779
00000382f46796f9
00000382fe27d959
000003835de0cf39
000003835de0d699
000003835de0df19
0000038371b01a59
000003838158a659
00000383b69e9e39
00000384224d9299
0000038453a05f39
000003845a370bb9
00000384c2ec4139
00000384eedc2c59
000003855e196bf9
0000070adf6f8a61
0000000003971f71
0000000000000181
0000038600972c99
00000386174272d9
00000386348a9bd9
0000038656b30459
0000038660fb1cb9
00000386740f0539
00000386ff00a379
0000038775aa2d59
00000387ce42bd19
000003881b7cad59
0000038828b2ed59
000003884b3db1f9
000003884b3e21d9
000003886e276139
000003891afaea19
000003895571d139
000003897f338c39
000003898c166ef9
000003899df4fd19
00000389a1266d19
00000389d30ddfb9
0000038a488fb759
0000038aa1f7ccd9
0000038ada134379
0000038b1fcb5039
0000038b1fcb69f9
0000038b6e98f459
0000038c2c23a219
0000038c32644799
0000038c32645ef9
0000038c48fdbef9
0000038cc721c279
0000038cccfee339
0000038d173c6699
0000038d8e5a7b59
0000038e130a0679
0000038e315af359
0000038e99cffed9
0000038ea0fc63b9
0000071d7fda1a61
0000000003971f71
0000000000000181
0000038ef646e799
0000038f24e10fb9
0000038f24e11879
0000038f3de3ae79
0000038f960d5f79
0000038f960d7519
000003901c0a0ef9
000003901c0a2179
00000390243249f9
000003902ba93b59
00000390a15d7899
00000390c9a010b9
00000390f492bbd9
0000039188b6b619
0000039188b6b7b9
00000391a62daa39
00000391c6b75679
00000391e3971c39
00000392134e48d9
0000039215f178d9
0000039226220b39
0000039280b0dd79
000003931fd561f9
0000039342147239
00000393a5e1af59
00000394512bb4b9
0000039461b34799
0000039473e1c3b9
0000039473e1d719
00000394f5b61439
000003954f90d2f9
000003954f90db59
000003964a88e039
0000039650f41959
0000039650f44759
0000039666bd7919
0000039693704739
000003969a108199
00000396c1139379
00000396c1143bf9
00000396c2e63bf9
00000396e33267b9
00000397013419f9
000003971b7ba579
000003973ae6e099
000007302044aa61
0000000003971f71
0000000000000181
0000039844cc6ff9
00000398d49754b9
0000039998461079
0000039a02b07e79
0000039a25a12939
0000039a5173e0b9
0000039a9501efb9
0000039aa38e1319
0000039aa9a04259
0000039b192efbd9
0000039b192f0db9
0000039b192f1659
0000039b45297eb9
0000039b46ece639
0000039b46ece7d9
0000039b5ce55019
0000039b8268c599
0000039bb1b98579
0000039bee43d439
0000039c186b97f9
0000039c278f7779
0000039ca8cbed99
0000039d013dd419
0000039e237f28f9
0000039e4c85d719
0000039e504738b9
0000039ec13d7319
0000039f4bb2e4d9
0000039f4e8a62d9
0000039fd9b6aff9
0000039fd9b6c3d9
0000039fd9b6c439
000003a0377a8099
000003a0469290d9
000003a05236d3f9
000003a0523744f9
000003a1115e7af9
000003a1500b6a19
00000742c0af3a61
0000000003971f71
0000000000000181
000003a165b324f9
000003a1a66dd579
000003a1bbba2799
000003a1ce115659
000003a2029cd9d9
000003a282ebdd79
000003a29c06c0b9
000003a3137b3979
000003a315458199
000003a318fa56d9
000003a31954ccb9
000003a36bd9a099
000003a3859135f9
000003a3effe2419
000003a412c06dd9
000003a47263fb79
000003a491da4db9
000003a4ae10c5d9
000003a4b5bbf7d9
000003a4c52a7639
000003a4c52a83f9
000003a4c52a8479
000003a4c52a84b9
000003a4c52a8b59
000003a4dd2662f9
000003a4dd267779
000003a4eb30e839
000003a50902a979
000003a50e39c099
000003a53c00a619
000003a5c0282b79
000003a5cfd34219
000003a5dc90abb9
000003a5fd4c39b9
000003a66df66c99
000003a6b5f02eb9
000003a6bbffb959
000003a6bed2bbd9
000003a6e580c859
000003a737ce90f9
000003a737cea919
000003a74f9f01f9
000003a75d17ba79
000003a75d17d739
000003a7b0c974b9
000003a7cc4ed0f9
000003a7d79bc5f9
000003a7dd1b0a99
000003a7f8306ed9
000003a843f38b19
000003a84440df19
000003a8c1bfa639
000003a96e4af4b9
000003a96f8c93b9
000003a99a463ad9
000003aa4e5268d9
000007556119c961
0000000003971f71
0000000000000181
000003ab1914a479
000003ab877da519
000003ab877dbbf9
000003abbc17e159
000003abc82878f9
000003abc8290319
000003abf72c5b59
000003abf72c62b9
000003ac43e349b9
000003ac43e36bf9
000003ac55f3f479
000003ac6346bad9
000003ac8582f139
000003ac8626ef99
000003aca5706619
000003aca57067d9
000003acb83aa5b9
000003ace2f5c799
000003add6d01bd9
000003adef65ecb9
000003ae85102bb9
000003ae8716da99
000003ae8716e9b9
000003ae9f7dd9d9
000003aef329e5b9
000003af0b378199
000003af25daeff9
000003af25db0419
000003af4f77e4f9
000003af57ba8c19
000003af5b7b6899
000003aface158d9
000003afae4b79d9
000003afaf7d68f9
000003b0449e8fd9
000003b08366bbf9
000003b09d2ce919
000003b125fca6d9
000003b13d7f5eb9
000003b14fff2b79
000003b16fb924b9
000003b1e8a85119
000003b20966d439
000003b20ba51539
000003b22b8f69d9
000003b22b8f6b79
000003b248098459
000003b28205a399
000003b30b4d74b9
000003b31bf434b9
000003b3621d9659
000003b3fbbe30f9
0000076801845961
0000000003971f71
0000000000000181
000003b41729fc99
000003b43f037959
000003b43f03c239
000003b45c8c59f9
000003b483eaa739
000003b49370a079
000003b4998135d9
000003b4cbbd59b9
000003b4ec67f5f9
000003b51001a5f9
000003b52f397079
000003b542bd10d9
000003b545ada459
000003b55d204a19
000003b57fc7ae79
000003b5a8e914f9
000003b5b1febd19
000003b62e66ed19
000003b67c5e2619
000003b6a2bd6e19
000003b6eea61ed9
000003b71c5e0659
000003b760832ed9
000003b81cdf34b9
000003b842e30859
000003b85fb85879
000003b8b7fd4199
000003b931b73079
000003b96cfcdb39
000003b98c3fcb19
000003b98c3fd279
000003b991fbff99
000003b9b75d1c19
000003b9b75d2f59
000003b9e5c01859
000003ba346554b9
000003baaa426f59
000003bbc194ee39
000003bc188edf59
000003bc2d555879
000003bc360eee79
000003bc96f90619
000003bd10ce90f9
000003bd1b508079
000003bd4ce91759
0000077aa1eee861
0000000003971f71
0000000000000181
000003bdafc18b59
000003bde20b0f79
000003be87a5a319
000003beba81a1d9
000003bf1d535cf9
000003bf855a8659
000003bfc7cc1219
000003bff1e7fb99
000003c0006aabf9
000003c02adf0cd9
000003c02adf0f19
000003c06576ffb9
000003c0ab11ccf9
000003c0cea1a339
000003c0e6d7b9d9
000003c0e6d7c339
000003c10e8fa119
000003c116947539
000003c1372834d9
000003c15ea2b419
000003c1f8881699
000003c22c285d99
000003c2498a9039
000003c24f958939
000003c2acfb2859
000003c3316822f9
000003c332886499
000003c368880619
000003c3c030dc39
000003c3d76a1db9
000003c42d4a6319
000003c46c4d4899
000003c50493cc79
000003c52aa7ce39
000003c55e9aa319
000003c61b1a4b19
0000078d42597861
0000000003971f71
0000000000000181
000003c77e8eabb9
000003c785db45b9
000003c7aacae799
000003c83e613c19
000003c8ed763eb9
000003c8ed764bd9
000003c8fb5f5959
000003c8fb5f6b59
000003c9b22f0d19
000003ca21014e19
000003cab7cc3f39
000003cb42074cd9
000003cb809feb79
000003cb874c52d9
000003cb98459059
000003cbce1c7df9
000003cbce1c8fb9
000003cc28247599
000003cc409e79d9
000003cc67ff8bd9
000003cc79ece2b9
000003cca0a18a19
000003cd454118b9
000003cdbec348f9
000003ce2c7ba4d9
000003ce4ff93b99
000003ce5ded6239
000003ce5ded8759
000003ceaa0d2f99
000003cfbbc7e819
0000079fe2c40861
0000000003971f71
0000000000000181
000003d058843279
000003d058844219
000003d085fb0fb9
000003d0cff7a659
000003d0d9bdb7f9
000003d19e2d4e19
000003d24f425f59
000003d262164fd9
000003d26d4f2f19
000003d26d4f30f9
000003d2beaf1ff9
000003d2beaf32f9
000003d2d48191b9
000003d319221399
000003d32fdac939
000003d34c1fa8d9
000003d4d1cd7af9
000003d4d1cd9cb9
000003d4d2463df9
000003d5bc06e639
000003d5e8e8f939
000003d5e8e97ed9
000003d5ed385fd9
000003d5f4e631f9
000003d5f4e633b9
000003d5f7f18bd9
000003d5f7f1a179
000003d620b3e479
000003d620b3e519
000003d620b3ebd9
000003d620b3f479
000003d620b46319
000003d620b47019
000003d663150599
000003d69b746019
000003d6add8c059
000003d6e2be5599
000003d78766e979
000003d814e14cf9
000003d82391beb9
000003d82391d899
000003d8294e3099
000003d84bd8c3b9
000003d9251f0999
000007b2832e9761
0000000003971f71
0000000000000181
000003d96bf16299
000003d98f5f9919
000003d9a765d919
000003d9ac71cd19
000003d9ef9cf919
000003da0986cd59
000003da260a4479
000003da82841899
000003db00cc4719
000003dbbb5d0179
000003dbd66c5b59
000003dc46c04539
000003dc58e8db19
000003dc8191a619
000003dc91907f59
000003dcbeab6639
000003dd2825f739
000003dd54a65c79
000003ddce241039
000003de370e1059
000003deb8015679
000003def0431c59
000003df08a4ded9
000003e0a80d4259
000003e0a80d42d9
000003e0a80d49b9
000003e0ade848b9
000003e0e5082179
000003e1bc832ed9
000003e1fb0c62b9
000003e22796cf59
000003e26b081399
000003e26eddc859
000007c523992761
0000000003971f71
0000000000000181
000003e2ff5dfb99
000003e343789139
000003e3481f2659
000003e357d46a39
000003e3643137b9
000003e395c47f59
000003e3cd668899
000003e3fcb7f3d9
000003e43f1d35b9
000003e48097a7d9
000003e48097f4d9
000003e4b30bca59
000003e4b30bdad9
000003e4b30bdbb9
000003e4e5427d99
000003e4f6200659
000003e501333df9
000003e551295359
000003e5a0747979
000003e5a33b6259
000003e5a33b8379
000003e5bb83a0f9
000003e61c9f9e59
000003e62ad7b099
000003e62ae67e59
000003e6c5bc0d39
000003e6d18bd019
000003e6d18be319
000003e73f02e3f9
000003e7505fba79
000003e7528a6b99
000003e757361019
000003e786b1f299
000003e793238959
000003e7b3aa13f9
000003e840631ad9
000003e85c0ba199
000003e87e7188b9
000003e87e71a639
000003e8b63c7279
000003e8b6c02e79
000003e8c5a65719
000003e8d5bb4239
000003e8e7e244f9
000003e8ff374f39
000003e9140c8ef9
000003e9169b2f79
000003e9169b31f9
000003e9444c03d9
000003e9a5ff0b19
000003e9be7b0ab9
000003e9e4ae5bf9
000003ea7cf16a19
000003ea9cdc6cf9
000003ead9f0d539
000003eb3ce830b9
000003eb5a334e19
000003eb608b8e79
000003eb873e7439
000003eb873ec619
000003eb93da62b9
000003ebc4a69b59
000007d7c403b661
0000000003971f71
0000000000000181
000003ec35610f79
000003ec98eda679
000003ecd7d58bd9
000003ece1a8cb79
000003ece1a8cd79
000003ece3251e39
000003ecf4652899
000003ed236d4dd9
000003ed4862fbf9
000003ed82905b39
000003ed8c1c0479
000003ed8c1c0519
000003ed8c1c0539
000003ed8c1c0bd9
000003ed8c1c19b9
000003edbaf2f519
000003ee1ca9d1b9
000003ee1ea88c39
000003ee898f9979
000003ee898fa239
000003eea98ca639
000003eec4fbab99
000003eec4fbbef9
000003ef07f6c419
000003ef48a128b9
000003ef65241a19
000003f0379a3a39
000003f068640979
000003f068641cd9
000003f09f129119
000003f0b3e4b099
000003f0cc2266f9
000003f1237a4df9
000003f12764a699
000003f12764b6f9
000003f12764bc39
000003f12b0cffd9
000003f12b0da959
000003f15cc29ab9
000003f1b7aafbf9
000003f1fb63bbb9
000003f1fc8e44b9
000003f1fc8e4c19
000003f1fc8e6779
000003f2983c8639
000003f2f16c79f9
000003f368a1b439
000003f3c945f699
000003f49a702c59
000003f4ee25f239
000007ea646e4661
0000000003971f71
0000000000000181
000003f5408bc719
000003f54e5c2599
000003f5a1a02859
000003f625d6f679
000003f639199659
000003f639199839
000003f63919a519
000003f6621f2a19
000003f6621f50b9
000003f67a879e39
000003f683391639
000003f6998cbd39
000003f6e8ac8519
000003f7422e0e59
000003f773e9b619
000003f897a29d59
000003f897a2bcd9
000003f95e4c3f39
000003f9a694a7b9
000003fa2e62d839
000003fa6cba6b19
000003faaa537539
000003fb10ef3ed9
000003fb10ef4d39
000003fb5fa369d9
000003fbc0971879
000003fc7de3ef39
000003fc8f750219
000003fd53892c99
000003fd6ebc4859
000003fd7a564979
000003fdbe203359
000003fdff4d0199
000003fe1131b1f9
000003fe41871959
000003fe41874099
000003fe70cdf439
000003fe7d10d6b9
000007fd04d8d561
0000000003971f71
0000000000000181
000003fe95ca7bd9
000003fed45f5ed9
000003ff42012139
000003ff420128b9
000003ff420138f9
000003ff42013e39
000003ff845b8179
000003ffc4baddd9
000004001b6e2279
00000400b4f82899
00000400cb1e38d9
0000040199a05c39
00000401d69356b9
00000401db942259
00000402375c4f79
000004026316a399
000004028bdff619
000004030bb86799
000004039bf872f9
000004046286b3d9
0000040494402859
000004049440a059
00000406647016b9
00000406864db379
000004070db531b9
0000040725ad6939
000004072dcc98f9
0000080fa5436461
0000000003971f71
0000000000000181
00000407e1907bb9
00000407e32ffc99
0000040835de2359
0000040835de23f9
0000040835de2ab9
0000040837794439
000004088ff53cd9
000004092c4c47d9
000004092c4c50b9
0000040971228839
00000409d4830c19
0000040a3ec81459
0000040a4bd03c99
0000040a78020cb9
0000040ac811e559
0000040b064f64d9
0000040b5cb78dd9
0000040ba9b44279
0000040bb5225279
0000040bcdd9a9b9
0000040bebc7f0f9
0000040bebc80619
0000040c539eba39
0000040c55ba59b9
0000040cc372ec39
0000040cf488c139
0000040cff2813b9
0000040d06cecb19
0000040df921c6f9
0000040e03063059
0000040e03231679
0000040e121b2e39
0000040ed2904c79
0000040eda6e5b19
0000040f52516a19
0000040fae4518f9
000004101bd3ca19
00000410b17bbf79
00000410f37fc6b9
0000082245adf461
0000000003971f71
0000000000000181
00000411289c7bf9
0000041134d6fe79
00000411da0aa539
00000411da0ab819
00000412107e8b19
000004127821c019
000004127821c959
000004127821dc19
0000041278222879
0000041283a14fb9
0000041283a169f9
00000412ebf9f959
000004131d79f5f9
00000413238ba0d9
0000041324e97759
00000413394cdef9
0000041359bbbb19
0000041359bbcd39
000004138a5254b9
00000414210257d9
0000041421026ab9
0000041423167ad9
0000041467c61679
0000041481573959
00000414c4423c79
00000414ff797499
00000415054ba3f9
00000415881b45d9
0000041605f09379
0000041686b0eb59
00000416cfd81f39
00000416ea559d19
00000416ea55aa99
00000416ea55be19
00000416edd70cd9
00000416eea9c8f9
000004176d4cbaf9
000004177f01a979
00000417fa87d8d9
0000041810fa7ed9
000004184471df19
0000041866121939
000004191a959af9
00000419505cfe79
0000041992913c59
00000419a2bd90d9
00000419a2bda479
00000419a2be1b99
00000419b5110eb9
00000419fb08b3d9
0000041a4d88e6d9
00000834e6188361
0000000003971f71
0000000000000181
0000041ac334beb9
0000041b15356b79
0000041b19060459
0000041b4ee85db9
0000041b7560a939
0000041bb4febed9
0000041c68cb68d9
0000041ce9dbfa39
0000041e70e02459
0000041e84899b99
0000041f6183b019
0000041fccd0fdd9
0000041ff2365f19
0000041ff47a73b9
0000042003473ff9
0000042070159099
00000420e733d619
0000042110351f99
0000042153709819
0000042163118999
0000042163119219
000004218f2b23f9
00000421b25d2cf9
00000421e3477279
000004225a5fae19
0000042286bf3a39
0000042286bf3bf9
0000042286bfa399
0000042290955299
00000422df169ed9
0000042301505779
0000042313edd379
0000042333ad4f79
0000042339142899
000004233c464439
0000042383807d99
0000042393c358d9
0000084786831261
0000000003971f71
0000000000000181
00000423fae70cf9
0000042424d60ed9
000004246fb47159
000004246fb472f9
00000424770c5359
000004248264e479
000004248ad322d9
00000424a117f979
00000424bf3d1159
00000424d9f4bd59
00000425118a32f9
00000425458ac5f9
000004256983ee99
000004256f8294b9
0000042582f62299
00000425badd2e19
00000425badd2ff9
000004261c97a539
000004261c97b6f9
0000042630476759
000004265168a159
000004266ef5f119
000004266f50ee59
00000426ae6c7039
00000426bcdd6739
00000426d44938d9
00000426e1b4ac99
000004276609bef9
0000042770136399
000004277013b5d9
000004279401e059
0000042815f7b4b9
000004281e0cda59
0000042834a07339
00000428401e99b9
0000042865c1a519
0000042865c1b839
0000042865c1b8d9
00000428a52303f9
00000428e5f95a19
00000428f2d63619
000004292c5a43b9
000004292c5a65b9
00000429359851b9
000004293b2e3f79
000004293f4ff9b9
000004298e08a2b9
000004298e08b0f9
00000429b968dab9
0000042a4b5b0c99
0000042a78cb3099
0000042b79e26339
0000042b7ed663b9
0000042be9917d39
0000042bfad14c59
0000042c0d412a79
0000042cf554f619
0000042d02b38419
0000085a26eda261
0000000003971f71
0000000000000181
0000042df1f79939
0000042dfe4a2479
0000042dfe4a2659
0000042e1cea8379
0000042e809df539
0000042eecdff059
0000042f5e484319
0000042f6cf7ed79
0000042f85c34359
0000042f892bb279
0000042fbb652559
0000042fcae4c9b9
00000430065cf839
000004309c1dbf59
000004309c1dd0d9
00000430a6da5259
00000430c2685b59
000004311f8e5579
0000043152bc5439
0000043186909d99
000004318690a699
000004318690a739
000004318690a759
000004318690adf9
000004318d8da4f9
00000431a4d39519
00000431bdbd5599
00000431bdbdcb99
00000431e545c0b9
00000431e545d2f9
0000043232544079
000004323814e219
0000043238154399
000004330c1cb799
000004330c1cc4f9
000004333638ea99
0000043353553d99
00000433610b0679
000004342c9eda39
000004343fe3d339
00000434571e01b9
00000434571e1c99
000004347398aed9
000004348cf8c3d9
00000434ba8c3fb9
0000043549742519
000004359e9ae379
00000435e99a7679
00000435fce77e59
0000043650333899
0000086cc7583161
0000000003971f71
0000000000000181
000004367707f259
000004367ae194d9
00000436fa995d59
0000043700753f39
000004375e7c3ef9
000004382a342cf9
000004383c2c3999
00000438ee7a3439
0000043909270979
000004394e19d979
000004395eb0e959
000004398bf3e499
00000439c934ccb9
00000439cfd4d539
00000439fe32d639
0000043a0acf70d9
0000043a28dd3ed9
0000043a59696059
0000043a5b724799
0000043a63e49a19
0000043a7e4f85f9
0000043a82be4d39
0000043a82be6019
0000043b3878da59
0000043bda8b57d9
0000043c2a821ab9
0000043ca315b3f9
0000043cb63784d9
0000043d6bd18c79
0000043d6bd1c199
0000043e1798f9d9
0000043e3f483b39
0000043e4bf58c79
0000043eb8505119
0000087f67c2c061
0000000003971f71
0000000000000181
0000043fb7894eb9
0000044087df08b9
00000440cfa26a19
00000441dd5362b9
000004422af86fd9
0000044244454719
0000044246e33fb9
000004425b0c86f9
000004444efcb3b9
0000044470d25ed9
00000445907a2b39
00000445b5caabf9
0000044619b0f559
0000044650bc8e39
0000044650bc93f9
00000446982a9c99
00000446d5d7fad9
00000446ed0bab99
00000446f59af119
000004476b89ae19
000004476cfe48d9
000004482ad61619
0000044832f5e339
0000044832f5e4b9
000004484dc45fb9
000004484f6cd839
000004484f6cea59
0000044856c66bf9
00000448cf164e99
00000892082d5061
0000000003971f71
0000000000000181
0000044911bf0899
0000044a53a473f9
0000044a6b4a1fb9
0000044a6b4a39b9
0000044a73bbe919
0000044a7eb83e99
0000044a8b7fad79
0000044b403882f9
0000044b95993679
0000044bc7f575f9
0000044bc7f57719
0000044bd810cf79
0000044bd810e559
0000044bfe0ecfb9
0000044c58de6ef9
0000044c9093e339
0000044ca122c439
0000044cd98d8d79
0000044d24a13339
0000044d262a97d9
0000044de7cefad9
0000044de7cf0e59
0000044de7cf6df9
0000044e332c83d9
0000044e332c9819
0000044e514bd739
0000044e514be019
0000044e56bdf079
0000044ebe5e52f9
0000044ee107eb39
0000044ef4a67ad9
0000044f1e061f79
0000044f26e9d159
0000044fbf6f9e19
0000044fda803f99
0000044fefc3a959
0000044ffd72c6b9
000004507ae6e519
000004507cef88d9
00000450a2e33979
00000450f9051019
000004510874d759
00000451188f68b9
0000045187855919
00000451883ab6b9
00000451e381c4b9
00000451f05eb459
00000451fcd68279
00000452328c8e19
00000452328c9fd9
000008a4a897df61
0000000003971f71
0000000000000181
00000452fbea6a79
000004531931ba39
000004539e34a719
00000453c6994019
0000045408951779
000004544f3ba379
000004548f9fe739
000004548f9fe8b9
000004549bbe8e79
00000454bfe88bb9
00000454c6663739
00000454d1a8a5b9
000004550e931399
000004555d355739
000004557b11e899
00000455a933e219
00000455a933f4d9
00000455bbaadeb9
0000045611e289d9
0000045618912879
00000456d6b6cf39
00000456e9bd8539
00000457fda9c779
0000045803b5b9f9
000004582e5e5bf9
0000045831b94279
0000045841ef9059
00000458a7fbb559
00000458b193e8b9
000004594f577b99
000004597389dcb9
0000045979de0339
0000045a0a8330b9
0000045a3e7add79
0000045a3e7aeb79
0000045afcc72659
0000045b2c7e06d9
0000045b3b95a0f9
0000045b673cd1b9
000008b749026e61
0000000003971f71
0000000000000181
0000045c0b94e419
0000045c0b94f499
0000045c1e858959
0000045cbfe02d39
0000045ce0261219
0000045d8b6fff59
0000045da787f0d9
0000045e41fb4a99
0000045e82b899d9
0000045ef0e381d9
0000045f04e2b459
0000045f306364d9
0000045f848a6859
000004604157f959
00000460a71d6ab9
00000460ceb81739
00000460ceb82819
00000460f9cea8b9
0000046104ea3359
00000462baaeb0b9
00000463148e9b79
00000463148eb1f9
00000463b97efb79
00000463b97f1d19
000004642d63d999
000004644b053fd9
0000046482f343b9
00000464c7c6d8d9
000008c9e96cfd61
0000000003971f71
0000000000000181
00000464f41ae299
00000464f41afd19
000004653b435e79
00000465b173b0b9
00000465b86eeff9
00000465ba1c2af9
00000465d8a87039
00000465dbc3c0b9
000004666217bb39
00000466a23e5819
000004681254c3f9
0000046842373d79
00000468a32bc9d9
00000468f72fc019
00000468f72fd4b9
0000046900233339
0000046902d9ff79
000004696311ac39
000004697757f1f9
0000046977582f19
00000469c2ad3e19
00000469c2ad4b79
00000469c2ae0399
0000046ab50e4d59
0000046b032aa059
0000046b032ab439
0000046b032af7d9
0000046b492ec679
0000046b728533d9
0000046c256a1079
0000046c256a11f9
0000046c3eccc159
0000046c5a4e7c39
0000046c83fb9cf9
0000046c8caf68d9
0000046ca92caff9
0000046cabe742b9
0000046cabe75499
0000046ce9d37dd9
0000046cf5cf71d9
0000046d31952539
0000046d3b433a19
0000046d4d919cf9
0000046ddcae07f9
0000046e1692bbd9
000008dc89d78d61
0000000003971f71
0000000000000181
0000046e4ce04ab9
0000046e4ce053d9
0000046e981d2b59
0000046ed2c6d5b9
0000046f61576559
0000046f7b2175b9
0000046f82545179
0000046fa4a69d39
0000046fc3b61639
000004700f0a17b9
000004705d35e5b9
0000047094dd4fd9
0000047105757339
000004715d1ab319
000004715d1ade79
000004719ec950b9
00000471bef6f179
000004720c233459
00000472b2f8a179
000004731be55a79
000004731be57a39
0000047370f58e19
00000474165e7899
0000047448292f59
000004749267fb79
0000047492680d59
0000047499148979
0000047577983ad9
0000047649815b99
00000476498177f9
00000476bfc3b759
000004772c659b59
0000047756c8e4b9
000008ef2a421c61
0000000003971f71
0000000000000181
00000478976ed019
0000047922f08f39
000004798496c239
0000047a39be67f9
0000047a45a8e8f9
0000047aa162f7f9
0000047aea4e8839
0000047b15072a59
0000047b5fc616b9
0000047b5fc63919
0000047ba1689af9
0000047bd3966eb9
0000047be6b4f339
0000047be89ac3d9
0000047becf91719
0000047bf411e8f9
0000047bf454e579
0000047c4332fb99
0000047c7665aa59
0000047d108d7c59
0000047dc0f58b39
0000047dc0f59eb9
0000047dcc2c1539
0000047ec6a96c59
0000047ec6a987d9
0000047ec6a99db9
0000047ef9efdc39
0000047efc7ddd99
0000047f9e5403b9
0000047fa455ab39
000004800a2beeb9
0000048044edcaf9
000004805114e0b9
00000480a2f5c6b9
00000480aa5283b9
00000480cea59359
00000901caacab61
0000000003971f71
0000000000000181
000004817c34e4d9
000004821b349af9
000004823d556b59
00000482437f3779
0000048264ce1e79
0000048276406eb9
000004828a1fa519
00000482ed0d1719
00000482ed0d1e79
000004831c34c7b9
000004838e365059
00000483b1d07819
00000483e7b1a999
00000483f31a3a79
000004849c794c79
000004849c796279
000004849c7962f9
00000484b0865159
00000484d29a3839
00000484d29a3979
00000484fa67a4d9
00000484fa67b3f9
00000484fcc132b9
000004851f398399
0000048585273679
000004858f1b3fb9
000004858f1b51f9
00000485c88cbcd9
0000048653c51999
0000048653c58519
0000048653c59499
000004867c5e4339
000004867c5e5419
000004867c5e63f9
000004867c5e6479
000004867c5ebb99
00000486866bf4d9
000004868eb3fdd9
00000486c480f319
0000048714647ff9
000004875132e019
0000048771306699
000004879095edf9
00000488bada30f9
00000488bada9879
00000488d413a299
000004894d88a4b9
000004896946a419
00000489b241a619
000009146b173a61
0000000003971f71
0000000000000181
0000048a519949d9
0000048a6889f919
0000048a7439aed9
0000048b8019be79
0000048b8913c279
0000048c13127ff9
0000048c55ffc2d9
0000048c7bd533d9
0000048c9e589db9
0000048ccd445ed9
0000048d7579d4d9
0000048d7a4d0479
0000048de7d059d9
0000048e49ff6dd9
0000048e49ff9879
0000048eae9ecd19
0000048efac31c79
0000048f1231e459
0000048f1231ebd9
0000048f123ace19
0000048f27b33299
0000048f4f1a80f9
0000048f4f1b0739
0000048f64341399
0000048f9b7f2199
000004900ab880f9
0000049016e9fa99
00000490209a94b9
000004902e1cc559
0000049060483919
00000490ed5db5b9
00000490fa7a94d9
000004910da0fb99
000004916d7bd3d9
0000049197b823f9
0000049197b839f9
00000491adc08979
00000491adc091d9
0000049212ac35f9
000004925de48c19
00000492b2cc9d79
00000492b2ccb079
000004930ee364d9
0000049318725319
00000493187266f9
0000049329495119
00000493387b60d9
000009270b81ca61
0000000003971f71
0000000000000181
0000049400af1f39
00000494594a1f99
00000494594a8079
00000494c3bb0139
000004950ed9a3f9
0000049520bcd839
00000495889c24b9
00000495fea7dd99
00000495fea7eb99
00000495fea85999
0000049603117c99
0000049647a357d9
0000049647a35f59
000004967a706eb9
000004967a708a59
00000496d5ae6359
00000496f4c3e039
00000496f4c3e1d9
0000049711b1e0d9
0000049711b1f759
0000049718eb0179
000004972d6c8279
000004977e544659
00000497cb52a959
00000498041bc9b9
000004984c016299
0000049855538c99
000004985553bed9
0000049879d19c99
00000498bc804099
00000498e59de0b9
00000498fbd3c439
0000049901fd6339
0000049901fdf979
00000499098991d9
000004991489c6f9
000004991668edd9
000004991a046cd9
000004993c4c37b9
000004993c4c4c19
00000499aedaf179
0000049a3c283e39
0000049ae3bb3959
0000049b12637c59
0000049b75b403f9
0000049c2ce3b8f9
0000049c506c0659
0000049c506c2599
0000049c521b06d9
0000049c6614c299
0000049c98672eb9
0000049c98e7dd79
0000049ca0ed0559
00000939abec5961
0000000003971f71
0000000000000181
0000049cf1b6f8b9
0000049d5c1031d9
0000049d5c104c59
0000049d5c104e19
0000049d65c4bc39
0000049d6b967e59
0000049d6b96d2b9
0000049de4b480b9
0000049e0f52cfd9
0000049e62047fb9
0000049e771120d9
0000049e932b79f9
0000049e9cc3c759
0000049ed36a2459
0000049effbf6f59
0000049f560d6ad9
0000049f6e304fd9
0000049f6e3064b9
0000049f99ad1e59
0000049faf0ef6d9
0000049fe5aac859
000004a011d4e7b9
000004a0844ac5d9
000004a13bb009f9
000004a161172db9
000004a196a8a739
000004a1b2800939
000004a1d00189b9
000004a1ec216ef9
000004a1f5d700b9
000004a20bb1cf79
000004a20bb1e039
000004a20bb1e139
000004a21e2c2cd9
000004a23555fc59
000004a235565039
000004a246734d79
000004a42bf8fdb9
000004a4476c13b9
000004a4476c25b9
000004a497d7f539
000004a497d81919
000004a4bac891d9
000004a4d373f739
000004a4da089af9
000004a4da08f9f9
000004a4ee211159
000004a57448cb99
000004a5fbfb33d9
0000094c4c56e861
0000000003971f71
0000000000000181
000004a65fb1e9d9
000004a65fb1ea59
000004a65fb1f139
000004a69a9d9b99
000004a6ce9457b9
000004a6ea851719
000004a6ea852379
000004a6eb977219
000004a72dcacfb9
000004a75ff9d5b9
000004a76c36f919
000004a79b57e5d9
000004a816e78359
000004a86d6b0e19
000004a91100efb9
000004a91100f359
000004a911010539
000004a96dc38a99
000004a9a6230af9
000004aa4652ef59
000004aa5b756139
000004aaf68a9b99
000004aaf68aac99
000004ab05047259
000004ab85dac779
000004ac4b102ef9
000004ac8b1664b9
000004ac8b167519
000004acbc7a4019
000004acc4d4a2d9
000004ad0964c3f9
000004add898bf39
000004adf7ab48b9
000004ae1617b819
000004ae4bc9cef9
000004ae4bc9e139
000004ae9284eef9
000004af09b95439
0000095eecc17761
0000000003971f71
0000000000000181
000004af93a95579
000004afc942d359
000004afc942e919
000004afef71fe59
000004b0340611b9
000004b07cf236b9
000004b0fc8682b9
000004b1ad02f619
000004b1e6566b39
000004b1f31089f9
000004b20d315499
000004b2c1289f99
000004b2c128a6f9
000004b2d3355ef9
000004b2f0dfd939
000004b2f99f5179
000004b31aeacd19
000004b3446d9459
000004b35ebda3d9
000004b376df9cd9
000004b3baafb099
000004b421fa3919
000004b42b49c519
000004b4e9574fd9
000004b4e9575a19
000004b4f3cd65b9
000004b512ba7299
000004b5ab9a4559
000004b5e17e0099
000004b5f3eaf319
000004b5f3eafa79
000004b5f3eb12d9
000004b620bd5319
000004b680d94339
000004b691a0b119
000004b6cceed139
000004b6fc65ab19
000004b708204a19
000004b708205199
000004b708205c79
000004b72987bc19
000004b73bafea59
000004b743256339
000004b747999db9
000004b74b4177b9
000004b7784fe0b9
000004b798809819
000004b7988099f9
000004b7e7b53559
000004b8b8ffa8f9
000009718d2c0661
0000000003971f71
0000000000000181
000004b9185eaf59
000004b94c081d39
000004b9f671d839
000004ba51dcde59
000004ba8fdaed59
000004ba8fdb0439
000004baccb8f879
000004bb6d143659
000004bb6d149659
000004bc0f46a599
000004bc198fd619
000004bc3bd18cb9
000004bc638232f9
000004bc6aaea5f9
000004bc71355999
000004bc7f2591b9
000004bc84050199
000004bc86a99c99
000004bcbbd647b9
000004bcdaa2cfb9
000004bcf7d71ff9
000004bd3c6f2279
000004bd4abbbc59
000004bd5cab4339
000004bd697cb899
000004bdfa9b4ff9
000004be2145db59
000004be403c4b99
000004bed80b0979
000004c003abdab9
000004c0d0cd54b9
000004c0d3a76eb9
000004c10c773df9
000004c1198557b9
000004c13b2ea199
000004c188097e19
000004c1a8c02a99
000004c1b0145a19
000004c1e15f7e39
000009842d969561
0000000003971f71
0000000000000181
000004c26cba6e99
000004c2c409c9d9
000004c2c7beb039
000004c2c7bedaf9
000004c331106339
000004c38ba966f9
000004c38baa0939
000004c3af3cb259
000004c402c94dd9
000004c44c3ae4d9
000004c456e49879
000004c4657db2f9
000004c48bbaaa59
000004c4bc05a9b9
000004c506730ad9
000004c569db4239
000004c58dc47959
000004c596a47ff9
000004c5eb3b0339
000004c601f9b479
000004c685bd09d9
000004c6a60993d9
000004c6cf16e8d9
000004c719f14c99
000004c72b17ed59
000004c72b1838b9
000004c74a7a6339
000004c77116d119
000004c77d86d619
000004c7e1864c99
000004c7e186a679
000004c7f670e679
000004c83de57439
000004c85fcb52b9
000004c8dd0d7c19
000004c963edc219
000004c963edc959
000004c963edcab9
000004c963edda19
000004c96b36f2d9
000004c9905929b9
000004c9d2d289b9
000004ca71b3fed9
000004ca7d4badb9
000004caaf59e299
000004cad8444759
000004cae41cf419
000004cb03c9ce19
00000996ce012561
0000000003971f71
0000000000000181
000004cbafad6f59
000004cbd94e3479
000004cbf9272119
000004cc2cded679
000004cc8ba97899
000004cc99ac9759
000004ccc69abe79
000004ccfca76f39
000004cd6ddc6ed9
000004cdaa595599
000004cdd6341e59
000004ce736bd239
000004ceba4ced39
000004ceba4cf0b9
000004ceba4d09b9
000004cee0be35d9
000004ceea2040b9
000004cf0e78b999
000004cf0e78c979
000004cf26dc3699
000004cfa72aee39
000004cfd06f68b9
000004d0d0bf40b9
000004d12753dd59
000004d1f3ebc259
000004d206e46199
000004d243ae2ad9
000004d26973d859
000004d26f81f1f9
000004d282fd6139
000004d2d83f8019
000004d2d83f8839
000004d30fff3b59
000004d30fff4479
000004d317f7bfb9
000004d31de52a99
000004d3a30013d9
000004d3bf20c619
000004d44f27a3b9
000009a96e6bb461
0000000003971f71
0000000000000181
000004d4d210bed9
000004d4d7270a39
000004d4fe116ef9
000004d4fe118099
000004d4fe119599
000004d53e18e519
000004d5df92ce79
000004d64a710d59
000004d6909217b9
000004d6bc0b6099
000004d6e1fe6559
000004d6ec4dfa79
000004d6ec79d0d9
000004d6ec79d9d9
000004d7147958b9
000004d73f9c7d39
000004d73f9c7ef9
000004d76b4edf39
000004d7a52443f9
000004d7df8698b9
000004d8394988d9
000004d8852703f9
000004d888f13cd9
000004d893718f19
000004d8b3c923d9
000004d953705a39
000004d9537074f9
000004d962d49259
000004d99dd62eb9
000004d9c26540d9
000004d9fa731339
000004da2c33a799
000004da2c33b0b9
000004db2eae1a19
000004dbabc94339
000004dbed645e79
000004dc83b71e19
000004dcb0c4b7b9
000004dd1b34e2d9
000004dd96be1859
000004ddc8e13739
000009bc0ed64361
0000000003971f71
0000000000000181
000004df0b739b99
000004df37046dd9
000004df769fd9f9
000004df87e637b9
000004dfb60a08b9
000004dfb60a0a59
000004dfcb48a699
000004dfdc9d2cd9
000004dfdc9d45b9
000004e019935c39
000004e032911f99
000004e0675c7699
000004e0755ea539
000004e07ddc8379
000004e0bf550d39
000004e0c6ac71f9
000004e0de624179
000004e10f7dfa79
000004e10f7e09d9
000004e10f7e0af9
000004e10f7e0f99
000004e13ea487b9
000004e14898b459
000004e19029bc59
000004e20571e9f9
000004e247c072f9
000004e27d0a4a79
000004e2fa0a9579
000004e31198f9b9
000004e31e580fd9
000004e36f63fcb9
000004e3c3c85cd9
000004e3c3c85eb9
000004e41603c919
000004e42c9aae59
000004e445b476b9
000004e44f6cac59
000004e494625459
000004e535209219
000004e5371cb6d9
000004e595548019
000004e616bf05d9
000004e616bf0a39
000004e654f20779
000004e65c0ce3f9
000004e6b3009619
000004e71289f179
000004e7195a4f59
000004e73e0ed219
000004e73e0ed979
000004e73e0f0499
000009ceaf40d261
0000000003971f71
0000000000000181
000004e78978c399
000004e7b3becff9
000004e80e0c0e19
000004e81dc3b7f9
000004e8855dc979
000004e891b58019
000004e8d2cd5919
000004e8e224de59
000004e8e224e5d9
000004e8e2250179
000004e916d7cc59
000004e91ae5bd19
000004e91cdb0c99
000004e92811ceb9
000004e92811d099
000004e9c4236a59
000004ea424c2799
000004ea64ff1e19
000004eaa63152f9
000004ead28d8419
000004ead28d9ef9
000004eb09cd1fb9
000004eb80adc839
000004eb85d3d9f9
000004ec21ec2359
000004ec21ec48f9
000004ec32d22cb9
000004ec8fed7cb9
000004ecf3dcb279
000004ecf3dd1419
000004edb80bb699
000004ee227219d9
000004ee30148059
000004ef5b8ca2b9
000004ef64b3e919
000004efd525f039
000004efd5260239
000004efdab82419
000004f00a9e9299
000004f0909aadd9
000009e14fab6161
0000000003971f71
0000000000000181
000004f0efe71e79
000004f0efe71fb9
000004f1510521d9
000004f1ab0e11b9
000004f1f78db399
000004f232126e99
000004f2803efd59
000004f2a5270099
000004f30924ec19
000004f3869df139
000004f3f9bf8d99
000004f4018b8319
000004f452f8b479
000004f4648e20f9
000004f4d24af3f9
000004f4e28f2539
000004f554c27099
000004f571590119
000004f5a47df2d9
000004f6392942d9
000004f65245ff19
000004f652460099
000004f6aead5f19
000004f6f4b98a59
000004f739ce4e79
000004f74c5e84d9
000004f74c5e8d99
000004f74c5ea5b9
000004f7c2e9e419
000004f7ef4e3c99
000004f818badab9
000004f930cc2739
000004f94cc47bf9
000009f3f015f061
0000000003971f71
0000000000000181
000004fae547f599
000004faec295b19
000004fb082bfe79
000004fb4c330cd9
000004fbaf325a59
000004fbaf326af9
000004fbe4873659
000004fc66b81879
000004fc841790b9
000004fcc8509519
000004fccf3d3639
000004fcdc7c6939
000004fcdc7c7979
000004fd0681f699
000004fd3e465a59
000004fdbeced2d9
000004fe1e09ed79
000004fe4646d9d9
000004fed44df3f9
000004fee25ab1f9
000004fef4af8e99
000004fef4afa459
000004fefecfb959
000004ff50909779
000004ff90764cf9
000004ff90767ab9
000004ff973787b9
000004ffb11064b9
000004ffb92b6839
000004ffdc2dc239
000004ffeae67279
00000500b1f16db9
00000500b4040479
00000500d0d89299
00000501340f2479
00000501755ebe19
0000050189fa5cd9
000005021bd05499
000005021bd06679
000005021bd06859
000005024611ce19
000005024943aed9
0000050250f55319
000005027a622019
00000502a2d1c1d9
00000a0690807f61
0000000003971f71
0000000000000181
00000503f90db159
000005041f2ee5b9
000005047b5ee7f9
00000504ae843f79
00000504cc2621f9
00000504f2b226b9
000005051c3bee39
00000505241a85f9
000005059f1f8c59
00000505c37577f9
0000050654a8cef9
000005066c727019
00000506a0833939
00000507192a8259
00000507666836d9
00000507906b3779
0000050799777d19
00000507aaccacd9
00000507b39ca799
00000507b39cbc19
00000507f3720619
00000508b8c87079
00000508d4e59e39
0000050908dc7af9
000005093ab173b9
00000509617ae759
00000509a8abebb9
00000509b3417239
00000509b3e434d9
0000050a1983cd99
0000050a40152bb9
0000050a5c9f35b9
0000050a635c23b9
0000050a7c04d979
0000050a7c04e9f9
0000050a81c99499
0000050b18382bf9
0000050b18382c79
0000050b18383359
0000050b18384b19
0000050b183878f9
0000050b18390739
0000050b187883d9
0000050b20ac3fb9
0000050b796ce3b9
0000050b796cf659
0000050ba90d05d9
0000050bcec8ec19
0000050bf26fd9f9
0000050c7057c819
0000050c7b76f9d9
0000050c840e8a39
0000050c840eac59
00000a1930eb0e61
0000000003971f71
0000000000000181
0000050cfe6d9a39
0000050d61d97f79
0000050d61d994d9
0000050dcf870db9
0000050de9b2a939
0000050ea221d5f9
0000050ecbf33179
0000050ee23279f9
0000050f02652af9
0000050f56e203b9
0000050f646afe79
0000050f646b0079
0000050fb53e1e99
0000051086cfc1f9
0000051086d005d9
0000051086d02bf9
0000051133f7a0d9
00000511581d3cf9
00000511c88a0339
000005121adf1cf9
000005122ff19979
0000051245e7a199
000005124e21f499
00000512caad19f9
000005130e0e9139
000005130e0ea419
000005132934c1d9
00000513306c11f9
00000513f3022259
00000513f4b0ea99
000005142f221dd9
0000051476f8ef79
00000514da21c199
00000515332710f9
0000051578436a19
00000a2bd1559e61
0000000003971f71
0000000000000181
000005160a271399
00000516f25a5d19
00000516f25a7139
000005171e1b57b9
000005171e1b63f9
00000517802d50f9
000005179c182eb9
00000517c18a0039
0000051820cdc7f9
0000051860cc1b59
0000051874ef69f9
000005189b2c0f19
000005189b2c1fd9
00000518ac801799
00000518ebb060b9
0000051998ee5899
0000051998ee7319
0000051998ee8539
00000519ff0193b9
0000051a13355af9
0000051b04b634f9
0000051b1a810ab9
0000051c25e03139
0000051c3f1f3959
0000051c3f1f3af9
0000051c3f1f3b79
0000051c3ff82f39
0000051c88f1c659
0000051c982455f9
0000051cb9d400b9
0000051d39c634b9
0000051d68b47499
0000051d8f8cfe79
0000051d9cd64e59
0000051dc8af1c19
0000051dffb68a79
0000051e36b9b559
0000051e3ab43559
0000051e60a1fe99
0000051ea4ce69f9
0000051eb1d93119
0000051f04248eb9
0000051f0424b579
0000051f19c43a39
00000a3e71c02d61
0000000003971f71
0000000000000181
0000051f86d4a399
0000051f86d4cb39
0000051fb0b1aa19
0000051fb8583339
0000051ffcf195d9
00000520a4ba61b9
00000520b2f83c99
00000520ec42adb9
00000521289f5b79
0000052129f09ff9
00000521c7b4c699
0000052284be6df9
00000522f3275b19
000005236fc7c599
000005239aa03779
000005239fc83359
00000523a0af26b9
00000523b4de1e39
00000523b4de1ed9
00000523b4de1f19
00000523b4de2599
00000523b4de39b9
00000523b4de7fb9
000005240f613719
000005247e26cc59
00000524c42e11b9
00000524c42e2c59
0000052508eb1eb9
00000525386fc259
00000525736947d9
000005257fe6c8f9
00000525aadf2919
00000525cfd6cf79
00000525e4679579
00000526418e5cf9
00000526e35cb959
0000052705548af9
000005271453b0b9
000005275b3c8cf9
000005277c283bb9
0000052787438179
00000528594bba79
00000a51122abc61
0000000003971f71
0000000000000181
000005288f0598f9
00000528c28a1df9
00000528c9316f19
00000528c93170d9
00000528f71b1719
00000528f71b5099
000005292f00f919
0000052946e2e7b9
000005296cb63a79
000005296cb6ba79
00000529766bb359
000005297c52bb39
0000052a281ce8d9
0000052ab2d34279
0000052acc1312b9
0000052ad96552f9
0000052ae9db5539
0000052ae9db6a79
0000052ae9db87d9
0000052b40f80179
0000052b40f81919
0000052b6af02f99
0000052b80eca859
0000052bfa641659
0000052c6c165299
0000052cd502f519
0000052cd97f4e59
0000052d02429879
0000052d20b39b39
0000052d331b0fd9
0000052d5bd04839
0000052d5bd04999
0000052d7c47f679
0000052da3054519
0000052dd673a2b9
0000052ddd871979
0000052e91b55d59
0000052ed2f59419
0000052f7247dd19
0000052f90b877b9
0000052f93da0039
0000052fc9e997f9
0000052fce7899f9
0000052fd64af519
0000052fdc7f16d9
0000053034c2d8f9
000005309aeabcd9
00000530e0eff7f9
00000530f3bbd9b9
00000530f3bbdb99
0000053167913119
0000053167914139
0000053167916599
00000531972f4359
00000a63b2954b61
0000000003971f71
0000000000000181
000005328ebe4239
000005328ebe5299
00000532954f4cd9
00000532a4d82799
00000532a4d84039
00000532b2776bb9
00000532b5428739
00000533191866b9
000005338b68c339
0000053394dcab79
00000533f884f479
000005341c59a419
000005349e036739
00000534ac4d5c99
00000534be1003f9
00000534f8c6edd9
000005353cacb819
000005354a630659
000005358684b0f9
00000535c2d95219
000005365400bb39
00000536540129d9
0000053712728cd9
0000053719ed8a99
00000537968b2659
00000537f8a6a459
00000538900a4b39
00000538900a4d19
00000538900a5d59
00000538a99a4219
00000538a99a4979
00000538d83d3e39
00000538feca06d9
0000053908317579
000005391c6bcd79
000005396f4b1639
0000053a30392fd9
0000053a30398019
0000053a53d90e59
0000053a53d90fd9
00000a7652ffda61
0000000003971f71
0000000000000181
0000053c33049f99
0000053d944b63b9
0000053dbb21a899
0000053dc0e23df9
0000053dc0e23e99
0000053e0bb0bbd9
0000053e80edd699
0000053e80ee3019
0000053ed810ef99
0000053ed8112039
0000053f0f24ee19
0000053f7e34c4f9
0000053f83c36db9
0000053f981705b9
0000053fbe1fb9d9
0000053fcfbe5439
00000540243cd179
00000540cca9dad9
000005413c9f1239
0000054194a3f0b9
0000054248470c99
00000542d3365e19
00000543de0f1279
00000544070a9df9
0000054436424979
00000a88f36a6961
0000000003971f71
0000000000000181
00000544d8e1b6d9
000005451506e079
000005451506f359
000005454f841ab9
000005454f841b39
000005455cb287b9
000005458572e159
00000545a7ae6c99
00000545f2f38cb9
000005466970a299
000005468ef25379
00000546b8a46a39
00000546c6668e79
000005471de00c79
00000547647ad6f9
0000054786352579
0000054786352a39
00000547a04e4bf9
0000054846d26e19
0000054846d29139
0000054846d2b8d9
0000054846d2e819
0000054910746779
0000054911373b19
0000054a5ec48079
0000054ac2821299
0000054ac28232b9
0000054b6c7b0379
0000054ba2e92bb9
0000054c12e09999
0000054c12e0adb9
0000054c7443cd59
0000054c959e6dd9
0000054cae7d3bb9
0000054cc58e8a79
0000054cc9a19eb9
0000054cddc3c8b9
0000054d0e2cb639
00000a9b93d4f861
0000000003971f71
0000000000000181
0000054ec0cce5f9
0000054ed195cb79
0000054ee9381639
0000054ee93829b9
0000054f44630319
0000054f82483799
00000550a5a1bdb9
000005510f6f6ad9
00000551b9118119
00000551dd7b1f99
000005522a7153d9
000005522a715b39
000005525fd0a999
0000055270e6ab39
0000055270e6b2b9
000005527463ff39
0000055277b19999
000005528610f339
000005529014e719
000005529ec75419
00000552d9182db9
000005530b329bf9
00000553cce3ead9
00000554262a5d99
000005549860e8f9
00000554f254a599
00000554f254b799
00000554f32b0bf9
000005558816f459
00000555b7d905b9
00000555cc20df99
0000055632da3a39
0000055635aebe99
0000055635aec6d9
0000055640c800b9
000005564e8fadd9
00000556622a3d99
00000556622a3f39
00000556ac1b3799
000005571237f659
00000aae343f8761
0000000003971f71
0000000000000181
00000557241fe8b9
00000557831c98f9
00000557831ccf79
0000055791831db9
00000557dc7a1159
00000557ee3aaf39
000005582cc9e7d9
000005591bca4099
00000559a58f2019
00000559f3588319
00000559fb94cc79
0000055a0853abb9
0000055ab1737939
0000055adb89adf9
0000055b6da7d5f9
0000055bb347a619
0000055c04a26479
0000055c1b85e679
0000055d3a55fe99
0000055d4870e1d9
0000055d7a78d139
0000055d87416a99
0000055d9d692979
0000055db9fc2d39
0000055dd28efeb9
0000055dd8519b59
0000055dd851b1b9
0000055dd851c619
0000055e36e2dcb9
0000055e5e8c71d9
0000055e5e8cfab9
0000055e6c207ab9
0000055e8e9a84d9
0000055e8e9a9f59
0000055eb2915059
0000055eb2915259
0000055f6dbc7d59
0000055f85002e59
0000056034d11499
00000ac0d4aa1661
0000000003971f71
0000000000000181
00000560f74bbe79
000005610bbefa39
000005610bbefbd9
000005612e1996b9
00000561ae086fb9
000005620d8a30d9
000005625021def9
000005625021f719
00000562595fe499
000005625f97f859
0000056302965c79
000005631a8f4519
000005631a8f5739
0000056354b0c2d9
000005636280f879
0000056362810c59
0000056504466ef9
000005651821d039
00000565910ce479
0000056598df6e19
0000056604aeef99
000005660ec48b79
00000566cd3a3b19
0000056702052579
00000567157f92d9
00000567475d41d9
000005677fe54af9
00000567d85e9c59
00000567f0a92bd9
00000568300962b9
0000056845741559
00000568913e6679
000005689c6e64d9
000005689c6ea519
00000568a45558f9
000005690d2f70d9
0000056968b0dcd9
000005698c22f659
000005699183ccd9
00000ad37514a561
0000000003971f71
0000000000000181
0000056a06f23139
0000056a3f115ef9
0000056a9020a7f9
0000056a9020b819
0000056a9020bff9
0000056a9020e159
0000056a9020f139
0000056a93ab2919
0000056a93ab2b59
0000056af1b77499
0000056b4d72f0b9
0000056b4d7302b9
0000056b59cae6f9
0000056b78906339
0000056b833907f9
0000056b9291f699
0000056bc42e12f9
0000056bd34d1799
0000056c1548f0f9
0000056c28f14579
0000056ccbef07d9
0000056d057b2a39
0000056d0da28259
0000056d0de92659
0000056d1595d659
0000056d26df3dd9
0000056d2cdbc8f9
0000056d638812d9
0000056e2ef70d59
0000056e588f3059
0000056edcae2919
0000056ef4a40999
0000056ef4a41ab9
0000056f083210d9
0000056f08322319
0000056f2fb35ad9
0000056f3c184c99
0000056f439569b9
0000056f71adcb99
0000056f75f7bd59
0000056f8a8ee919
0000056f8a8f0459
0000056fa55bb719
0000056fad2ff799
00000570484e8779
00000570823f4519
00000570ffdd9159
000005711ec288d9
00000571b0f05879
00000571c25814f9
00000571c25827f9
00000571ff8d0519
0000057251b6a099
0000057263646a59
000005729ca5fa99
00000572e3b79279
00000572e3b7a1b9
00000ae6157f3461
0000000003971f71
0000000000000181
0000057327a8ac79
0000057360c03799
0000057360c04b59
00000573839c9239
00000573b9a46419
000005742461af79
0000057436481719
0000057483b781d9
00000574892373b9
00000574d201f799
00000aea8f189761
0000000003971f71
0000000000000181
