[MCS8 A] 97 FW 3.104 SV 1.257 
range=1024
periods=2
sweepmode=27e20d0
fstchan=0
holdafter=0
streamstatus=3
calreg0=0
calreg1=0
calreg2=0
calreg3=0
swpreset=8000        
prena=1
syncout=0
cycles=18
sequences=1
tagbits=16
vdac0=92c
vdac1=805
vdac2=8c8
vdac3=8c8
vdac4=8c8
vdac5=8c8
vdac6=8c8
vdac7=8c8
timepreset=600.000     
digio=0
digval=0
autoinc=0 
savedata=2 
mpafmt=asc
sephead=0 
fmt=asc
smoothpts=5 
[CHN1]
REPORT-FILE from 06/25/2026 12:25:12.850  written 06/25/2026 12:25:12
cmline0=06/25/2026 12:25:12.850 
cmline1=A1
range=1024
active=1
bitshift=4
cftfak=2580100
evpreset=10          
roimin=0
roimax=1000
caloff=0.800000
calfact=12.800000
calfact2=0
calfact3=0
calunit=nsec
caluse=1 
[CHN2]
REPORT-FILE from  written 06/25/2026 12:25:12
cmline1=A2
range=1024
active=0
bitshift=4
cftfak=2580100
evpreset=10          
roimin=0
roimax=1000
caloff=0.800000
calfact=12.800000
calfact2=0
calfact3=0
calunit=nsec
caluse=1 
[CHN3]
REPORT-FILE from  written 06/25/2026 12:25:12
cmline1=A3
range=1024
active=0
bitshift=4
cftfak=2580100
evpreset=10          
roimin=0
roimax=1000
caloff=0.800000
calfact=12.800000
calfact2=0
calfact3=0
calunit=nsec
caluse=1 
[CHN4]
REPORT-FILE from  written 06/25/2026 12:25:12
cmline1=A4
range=1024
active=0
bitshift=4
cftfak=2580100
evpreset=10          
roimin=0
roimax=1000
caloff=0.800000
calfact=12.800000
calfact2=0
calfact3=0
calunit=nsec
caluse=1 
[CHN5]
REPORT-FILE from  written 06/25/2026 12:25:12
cmline1=A5
range=1024
active=0
bitshift=4
cftfak=2580100
evpreset=10          
roimin=0
roimax=1000
caloff=0.800000
calfact=12.800000
calfact2=0
calfact3=0
calunit=nsec
caluse=1 
[CHN6]
REPORT-FILE from  written 06/25/2026 12:25:12
cmline1=A6
range=1024
active=0
bitshift=4
cftfak=2580100
evpreset=10          
roimin=0
roimax=1000
caloff=0.800000
calfact=12.800000
calfact2=0
calfact3=0
calunit=nsec
caluse=1 
[CHN7]
REPORT-FILE from  written 06/25/2026 12:25:12
cmline1=A7
range=1024
active=0
bitshift=4
cftfak=2580100
evpreset=0           
roimin=0
roimax=1000
caloff=0.800000
calfact=12.800000
calfact2=0
calfact3=0
calunit=nsec
caluse=1 
[CHN8]
REPORT-FILE from  written 06/25/2026 12:25:12
cmline1=A8
range=1024
active=0
bitshift=4
cftfak=2580100
evpreset=0           
roimin=0
roimax=1000
caloff=0.800000
calfact=12.800000
calfact2=0
calfact3=0
calunit=nsec
caluse=1 
;MCS8 #97 Sversion=1.257 Fversion=3.68
time_patch=1
;datalength=8 bytes
;bit0..3: channel# 1..8 ( 4 bit)
;bit4: edge 0=up / 1=dn ( 1 bit)
;bit5 ..57: timedata    (53 bit), max sweep length 2001.6 h
;bit58..62: tag0..tag4  ( 5 bit)
;bit63:     data_lost   ( 1 bit)
[DATA]
0000000000000016
000000004c6e14b9
00000001ceb9b539
000000027494dfd9
00000003425b8fb9
00000003e4207119
0000000418c9a299
00000004433aa499
000000046a3f06d9
000000049e28e7d9
00000004a6db9ed9
000000054264b899
00000005901a1739
0000000621160d19
0000000632db4d39
00000006b2f21259
00000008988fd499
00000008c57fe4f9
00000009311114d9
00000009e55e3879
0000000a47f93b79
0000000b768032b9
0000000b8ec0c339
0000000bc34157f9
0000000c148a9e19
0000000c459964b9
0000000c944f25b9
0000000d1d35c899
0000000d30467bf9
0000000e180fe739
0000000e49284ff9
0000000f27a01b19
0000000f582a7fd9
0000000f609aac19
0000000ff4c37239
00000010220a28f9
0000002156fded61
000000000227b971
0000000000000181
00000010fd80ea79
00000012a682b699
000000131830bc39
000000131ac0fcb9
000000131c6c3c79
00000013bad5b8b9
00000013e229db79
000000148862e239
00000014ff490339
00000015dedd1139
00000015f988a139
000000161b257d19
00000016a195a559
000000174f638ff9
0000001778bd5799
00000017e0f90159
00000017f1c83cf9
00000017f6b3ccb9
0000001898b99fb9
00000018bd161ab9
00000018c8e895b9
00000019792f0959
00000033f768a161
000000000227b971
0000000000000181
0000001b68627b79
0000001c32ebc5d9
0000001c96a88db9
0000001e57bdb5f9
0000001ea2da90d9
0000001ffc2b24f9
000000200d3d4299
000000200fc85e19
00000020783e2939
0000002087f3a1d9
00000020a811dd39
00000020e343fd99
0000002109aa6d59
0000002173b2b599
0000002199f8b459
00000021c2e3bfb9
000000224b117399
000000229103c219
0000004697d35561
000000000227b971
0000000000000181
00000023c926a219
000000242d2fcb99
0000002542c38259
0000002546feff19
0000002637398cf9
0000002651ea4059
00000028255a0fd9
0000002833e957b9
0000002855ee6259
0000002923c3da59
000000296886f219
0000002975b82559
0000002979d86379
0000002980a0c2b9
0000002ae665c5d9
0000002b37e98459
0000002bb068ddb9
0000002c87475659
00000059383e0961
000000000227b971
0000000000000181
0000002e7ee87659
0000002ee4b9f4b9
0000002efc73d3b9
0000002f02112eb9
00000030822b0719
00000030865c4f79
00000031ceafeb19
00000032240c6799
00000032877b1879
00000033d5f358f9
00000034b0028859
00000035101c99b9
000000359c4d86f9
0000006bd8a8bd61
000000000227b971
0000000000000181
00000035f0376c39
00000036bc18ded9
00000036d7152699
00000038189b2bf9
0000003870dd9b59
00000038d24e29d9
00000039954f7ff9
0000003a28e65f99
0000003ae7917639
0000003d8b9aae59
0000003e66cdf1b9
0000003ea0757699
0000003f14766e39
0000007e79137161
000000000227b971
0000000000000181
0000003f468dbbb9
0000003fa9a623b9
0000003fba6117f9
000000405f81b479
000000405f81b539
00000040f97ebd79
000000419e80e179
000000424877b439
00000042bf5f5e99
00000043296547d9
00000043462f2d39
0000004372ab1139
0000004444ebbe99
000000448d565dd9
00000045b885bfb9
00000045c1e8be79
000000468d126bd9
00000047273c74b9
0000004741239f19
00000047989c5499
00000091197e2561
000000000227b971
0000000000000181
0000004926734b19
0000004a027db459
0000004ac9d3cc79
0000004adf00b8f9
0000004b8207ef79
0000004bba686db9
0000004c315a6ff9
0000004c329ae339
0000004c32a1b919
0000004c478c1a39
0000004c684877b9
0000004ccc8bf1d9
0000004d6a4059f9
0000004def5d0139
0000004e2cb1f959
0000004fdd3c7c19
00000050ba6d6dd9
00000050bcf004d9
00000050bdd34f39
00000050df3ed339
0000005114bbd3b9
000000513ea8abd9
000000a3b9e8d961
000000000227b971
0000000000000181
00000052670f0459
00000052f54f8639
00000053188bd8b9
000000540d899b39
00000054c804d119
00000054e5e577f9
00000056676ac219
00000056dc2b6099
00000057a6b84139
0000005814f83819
000000582c8dd4f9
00000058b2f6d459
000000594124c979
00000059a46d10f9
00000059a60586f9
00000059b5483cb9
0000005ae88e4119
000000b65a538d61
000000000227b971
0000000000000181
0000005b52446e59
0000005bdf304f19
0000005bf43b3599
0000005c45733819
0000005cde9b7bd9
0000005d6512d9f9
0000005ecc464a99
0000005ecfc85d19
0000006037a61d19
00000060e35a9099
00000062299e3a39
00000062cb4f5fd9
000000631948b819
000000640d3c1fd9
000000c8fabe4161
000000000227b971
0000000000000181
00000064cdea8499
000000651c525a99
000000653d584e99
000000661ac6c639
0000006679679579
00000066dc054d39
00000067052b88b9
000000688c38a7f9
0000006910441499
000000697fffb299
00000069bbe0f759
0000006a10fe3339
0000006a488c4eb9
0000006a551adc99
0000006a7105a079
0000006af0cd45d9
0000006b1e4f9259
0000006c23873e79
0000006c600605b9
0000006cb8784cf9
0000006cfb0d4e39
0000006d1b9bf9d9
0000006d2afd8ff9
0000006d40239a99
0000006d6427dcf9
000000db9b28f561
000000000227b971
0000000000000181
0000006f9c2d7779
000000708f0fbf19
00000070ebd851b9
000000719b6ca599
000000726af38dd9
00000073dc36c999
00000073ffb37dd9
0000007403f77ad9
00000074d86b1a99
000000751fd5e039
000000754c015e39
00000075c8011a19
000000ee3b93aa61
000000000227b971
0000000000000181
00000077475bc2f9
000000792aa65699
00000079ecbbf099
0000007ae2352279
0000007b01dc6799
0000007b5dc38199
0000007c43f32e79
0000007cdb5424b9
0000007d35868ff9
0000007d4b632d59
0000007d57599579
0000007dc44f6bf9
0000007dd54afeb9
0000007ddb633a39
0000007e792cf419
0000007f97a24f39
00000100dbfe5e61
000000000227b971
0000000000000181
0000008129467639
0000008180017559
00000081f3b2a8d9
00000082ae587fd9
000000830e6be5b9
000000830e6be679
00000083ec4e25f9
00000084642d5a39
00000084a48fba19
0000008718b78ff9
0000008862d79339
000000889a7ef739
000001137c691261
000000000227b971
0000000000000181
0000008bb036c7f9
0000008bda9c2939
0000008bff84f279
0000008c79fed779
0000008cce496639
0000008cde0b5439
0000008ef4d3fa39
0000008f5589f479
0000008f82e328d9
0000008fe08687b9
0000009104ade199
000000921e99ec79
000001261cd3c661
000000000227b971
0000000000000181
0000009366ed9b19
000000937f823a59
0000009515aec6b9
0000009653b56539
00000096cae232b9
000000970f8622d9
00000097ae99d099
00000097e92ce459
0000009ae30fdeb9
0000009b5b0fa979
0000009b66b5fdd9
00000138bd3e7b61
000000000227b971
0000000000000181
0000009cbdbfbab9
0000009cd127cfd9
0000009d510c0ef9
0000009ffff12a39
000000a020fa5979
000000a0a4691059
000000a170416819
000000a2a6f5e6d9
000000a2cdc27d99
000000a3ff0a3c79
000000a5665ae899
0000014b5da92f61
000000000227b971
0000000000000181
000000a5b27cfd99
000000a6301547d9
000000a766116f39
000000a84a3c49d9
000000a855565299
000000a8cd23f4b9
000000a904afd199
000000a9c439b119
000000aa0c333f39
000000aa4039aa99
000000aa40fc7f39
000000ad822d1cb9
000000adea635b59
000000ae196167f9
0000015dfe13e361
000000000227b971
0000000000000181
000000afae356bf9
000000b00f232939
000000b1d4cc6999
000000b2885aa6d9
000000b35558a579
000000b45a21e1b9
000000b5830ebed9
000000b74a962019
000000b7a9044b39
000000b7d5005079
000001709e7e9861
000000000227b971
0000000000000181
000000b9a91f06d9
000000b9b98ad219
000000baa4ba47f9
000000bad7839b19
000000bd568f0159
000000be2663e319
000000be555a0ad9
000000bf44761e59
000000bfd8195a19
000000c00fe0fe99
000000c10c711c59
000000c17747e1f9
000001833ee94c61
000000000227b971
0000000000000181
000000c1a0d23919
000000c2325685b9
000000c24a2b4919
000000c28c595239
000000c2a7312d19
000000c3b6c85f39
000000c3dd415779
000000c3fad41339
000000c41de1d3f9
000000c528fc23f9
000000c5948ec959
000000c77b6b8279
000000c7e1fc98f9
000000c862a446f9
000000c91f594a99
000000c984cf20b9
000000c9b263b8b9
000000c9fdc20099
000000ca18f603f9
000000ca6c571559
00000195df540061
000000000227b971
0000000000000181
000000caf5b456b9
000000cb161797f9
000000cb531fcf39
000000cb54d6ffb9
000000cb5c076e19
000000cb7ccdd6b9
000000cb896d5859
000000cc01b93db9
000000ccdf566739
000000cdaa69b9d9
000000ce8657ca59
000000cecf06b6f9
000000ced0bc3519
000000cf675031d9
000000cfb4c71a79
000000d03be5a819
000000d0fcfd63b9
000000d1d1c8d3f9
000000d1d291a259
000000d220de2e19
000000d31226b479
000000d388577499
000000d3f74c9279
000001a87fbeb561
000000000227b971
0000000000000181
000000d4d8599b59
000000d606630539
000000d6a0b51e19
000000d6c67585f9
000000d729dc4a59
000000d752356c79
000000d7ac439a19
000000d7c7353019
000000d7d21da219
000000d7dcfd9799
000000d8572b59b9
000000d8e1d3a039
000000d91ab7d879
000000d9254334d9
000000d93c476f39
000000d979197279
000000d987517859
000000daf7b50419
000000db6347c159
000000dc4dcb3d19
000000dcc5f07479
000000dd6803ce79
000001bb20296a61
000000000227b971
0000000000000181
000000ddb6cc6839
000000df6e074fd9
000000dfbcf1d379
000000e0d9f0f639
000000e121145e99
000000e15fd0adf9
000000e222349279
000000e238410b59
000000e277d60899
000000e2cae23119
000000e3428d4e19
000000e3db6bc879
000000e425b4be59
000000e4aeadbc99
000000e5cfd78539
000000e67ffe1e79
000001cdc0941e61
000000000227b971
0000000000000181
000000e715644879
000000e73e0d0d19
000000e7468fea99
000000e79d4b0299
000000e7e59b1679
000000e7eb911999
000000e7ee1a7519
000000e8b6ce4739
000000e8d571ca59
000000e93c599ab9
000000e9a74cd439
000000ea352807b9
000000eaa167ac99
000000ecd4e668d9
000000ed067e1059
000000ed1d5ced39
000000ed34f43f99
000000ed886ef099
000000eddbb34d99
000000eecdcc4f59
000000ef07863f79
000000ef0b093699
000001e060fed361
000000000227b971
0000000000000181
000000f137db18b9
000000f1817a6079
000000f1a2a93fd9
000000f4fdfafef9
000000f50e0053f9
000000f6ff0a9df9
000000f73fce4f59
000000f743ff8a39
000000f7a3813b19
000000f7c32e5879
000000f81cc85ef9
000000f8b6f9fa79
000000f8da472cd9
000001f301698761
000000000227b971
0000000000000181
000000fc15f5cc19
000000fcd09a3559
000000fcdc738779
000000fcdf0a9339
000000fd4ef0e299
000000fd9e51c5b9
000000fe38ee9af9
000000fe5cc5e759
000000feee0e87b9
000000ffa8465d39
00000100a0d13899
00000101147a6a79
000001015d2cd1f9
000001017a180359
0000010242bde8d9
000001027a6aa3d9
00000205a1d43c61
000000000227b971
0000000000000181
0000010359a2bb39
000001040cdf9839
000001052d2dbc79
00000105d10e8939
00000106bec128d9
0000010747544cd9
000001076f3be699
00000108869f3bf9
0000010a5fca83d9
0000010b15cf6659
0000010b8ee4c679
00000218423ef161
000000000227b971
0000000000000181
0000010ccbc658d9
0000010d07df9879
0000010d64c8a659
0000010d991b52b9
0000010ddb0e07f9
0000010f1a03c619
0000010f6b7fed19
0000010facb65919
0000010fd49c5799
000001105bc88ff9
00000110ea11dff9
00000112753b0db9
00000112945f5a19
00000112e7a40539
000001142ce0d479
000001144e91e4f9
00000114c89f3eb9
000001153b6da759
0000011562fe96b9
0000022ae2a9a561
000000000227b971
0000000000000181
00000115b88f59d9
000001161629a299
0000011641c797b9
0000011672433719
00000117a79283d9
00000118b4b10cf9
00000119426369b9
00000119f62939d9
0000011af28cce19
0000011da26147f9
0000011e42fe0559
0000011e7e07f039
0000023d83145a61
000000000227b971
0000000000000181
0000011ef397cd59
0000011f9a43a3f9
000001204fbf0d79
00000120ff9e7559
00000122bcb88759
0000012358ea20f9
00000124437e4499
0000012462dfdcd9
00000125bc48e999
000001269e043719
00000126a90135f9
000001275eb2c0f9
00000127ff2f4979
00000250237f0f61
000000000227b971
0000000000000181
000001283d715139
00000128a3bd4019
000001292d307599
000001297b762b99
0000012b8a3757d9
0000012ca5b4fb59
0000012cc6a4bf99
0000012d4f6b2f99
0000012da0d24eb9
0000012e32579099
0000012e627df5d9
0000012ea1ec14f9
0000012edaa7fe19
0000012fddd72fb9
0000013150afa379
00000262c3e9c461
000000000227b971
0000000000000181
000001316ac0f859
00000131eac531d9
00000132372d9759
0000013278404519
000001333ba0ea99
00000133d2990119
0000013436963e79
00000134a7ca71f9
00000134ba594d79
00000134bb2d36d9
00000134bf7edff9
00000134df7a89b9
0000013543d88af9
000001373ff197f9
000001378bd47979
00000137f057e739
00000138418eb5d9
0000013920944099
000001393274db19
0000013984555739
00000139afd75a19
0000013a4a8d4619
0000027564547961
000000000227b971
0000000000000181
0000013bdf1fc1b9
0000013bed91f139
0000013bf6dcbfd9
0000013ce55ef279
0000013d34a198d9
0000013d37536cf9
0000013da76793d9
0000013e37bccb99
0000013f2c9c3eb9
0000013f54e66319
0000013f9c0ab4b9
0000014016585139
00000140d8ce9659
00000141033c6cd9
0000014114d04ab9
000001418aaab699
0000014198d8b039
00000141e087da59
0000028804bf2e61
000000000227b971
0000000000000181
000001463703d039
000001463e9e3399
000001465fba6fb9
00000146a86c9b39
000001478fff54b9
00000147e0f92599
00000148136f6b19
000001482e705739
000001487ff9ff99
0000014902b999d9
0000014a0c9375d9
0000014b02e3e999
0000014b80521bf9
0000014c43027699
0000029aa529e361
000000000227b971
0000000000000181
0000014d8d745239
0000014e77865ff9
0000014f5b61d279
0000014fbaf62159
0000015051eb1179
0000015058ba3319
00000150858bd4b9
0000015252a25319
0000015268b26bf9
00000153048de8f9
0000015348af8919
000001534c453e99
0000015448733399
00000154acb65339
0000015574998c59
000001558f91ce39
00000155adbe7ff9
000002ad45949861
000000000227b971
0000000000000181
00000156c3030999
00000156cdfc8ad9
00000157115a18f9
00000157f6973739
00000157fdd04819
000001581b5872f9
000001584f019e79
00000158d0399319
000001593b3766d9
0000015a0a28a399
0000015a3c1c82d9
0000015b02ffa439
0000015c40158919
0000015c46082659
0000015c4ee81139
0000015c4f512cb9
0000015c6c0e3159
0000015ce2b5ccd9
0000015d6e53d099
0000015dcd6df4f9
0000015e37cc69b9
0000015e824c1f99
0000015f4c63f2d9
0000015fc4b47e79
000002bfe5ff4d61
000000000227b971
0000000000000181
0000016074092e79
0000016210712079
00000162368185d9
000001628a154799
000001631794ddf9
000001636362ff59
00000164bba29119
00000164f9d7fa79
000001658f83e759
00000165dfa2b879
00000165f167a979
00000166a421f819
00000166d7b1e4f9
0000016701beacb9
000002d2866a0261
000000000227b971
0000000000000181
0000016979d84239
00000169a8965839
0000016b48eba259
0000016c789460b9
0000016d544f3bd9
0000016d6b34dd19
0000016dbdfd4ed9
0000016e533e2799
0000017030741d99
000001714bb23a19
00000171899dc199
000002e526d4b761
000000000227b971
0000000000000181
000001731254fcd9
0000017417f5d779
00000175632409d9
00000175a947b639
00000176a12754f9
000001779e14a239
00000177d4ef0e59
000001780253ed99
00000178f2b0a559
00000178fcc88a59
000001798a38c4f9
0000017a7ca6c639
0000017b04e136f9
0000017ba1f08d19
000002f7c73f6c61
000000000227b971
0000000000000181
0000017ca3505539
0000017cf819d039
0000017db5569a19
0000017e4a0851d9
0000017e4ef3e299
0000017e56fa1e79
0000017eed47f099
000001800e49f439
00000180dec15539
00000180f7d61c79
000001812d9c3239
0000018199e4f5f9
00000181b9137c79
00000181c424dc39
00000181ed186f79
00000182508d3579
000001826ee91e79
00000182827b8699
000001838703b0b9
0000018390fced39
0000030a67aa2161
000000000227b971
0000000000000181
000001856eff8ab9
000001860180f499
0000018680a65419
000001868369a899
00000186e222fd99
000001876a345879
00000187b1b557f9
00000187e6ccf059
000001881b1e32d9
00000188d03563f9
0000018927683cf9
0000018a85ddd039
0000018baae63999
0000018bb1a6db19
0000018bb1a6dcd9
0000018bb1a6e299
0000018bdb211d39
0000018c5f048819
0000018cc8be8019
0000031d0814d761
000000000227b971
0000000000000181
0000018e8b6c00d9
0000018f0aed17f9
0000018f810855f9
00000190200e9439
0000019052ad9499
0000019094818359
00000190d4dbbd79
00000191fae77d99
0000019346366a79
000001949cfc1e19
00000194f02ac9b9
000001957595afb9
000001966b22a779
00000196da40b2b9
00000196fc2f1f39
0000019782a484b9
00000197ac33e859
0000032fa87f8c61
000000000227b971
0000000000000181
00000199db52c199
0000019ae7224379
0000019afd3ca0d9
0000019ba1cad599
0000019e0753c859
0000019e329385b9
0000019e6e1114b9
0000019f03413c39
0000019f8eb1cd19
0000019fb8e8f4f9
000001a0366510b9
000001a099909f59
000001a0c22f4e19
000001a0f5eb4bb9
000001a11111a639
0000034248ea4161
000000000227b971
0000000000000181
000001a13a5d6ad9
000001a192044df9
000001a1f6b3f8f9
000001a2688e5579
000001a27f885a59
000001a2c26d5139
000001a2f2bae399
000001a346a06eb9
000001a36be38bb9
000001a37da02479
000001a46947ab79
000001a4c0343399
000001a59c8172f9
000001a5ca380f59
000001a5d5460339
000001a5e79fd339
000001a6079ccf99
000001a7a5782b99
000001a7f69fc799
000001a8448dff99
000001a89fca0119
000001aa353b20b9
00000354e954f761
000000000227b971
0000000000000181
000001aac6f11599
000001acc1f20939
000001acc2d70439
000001ace4c06c59
000001ae136ce9d9
000001ae37ccfe79
000001ae99044f99
000001aed48fe159
000001b05cd3a319
000001b0c8e2c0f9
000001b1a2d96939
000001b1ba86f679
000001b1bd1e0719
000001b2096081b9
000001b358057819
0000036789bfac61
000000000227b971
0000000000000181
000001b4ecd75e59
000001b546a1c399
000001b55190fd59
000001b5f10dae99
000001b6c0b652d9
000001b6e45f3dd9
000001b72e19f559
000001b77dd6bff9
000001b7cc94c119
000001b800543739
000001b815898059
000001b83258e0b9
000001b8aba03e99
000001b8d1c85c99
000001b9b39962b9
000001ba20961a19
000001ba92ebed39
000001bb8998bed9
000001bbe4f19519
0000037a2a2a6161
000000000227b971
0000000000000181
000001bd964d4d59
000001bdb6678e79
000001bdfda85db9
000001bf48964079
000001bf6806f939
000001bfc20ebbf9
000001c07777f539
000001c0876a9839
000001c08ac7e0f9
000001c09ffb8d99
000001c1401e1d19
000001c22b710299
000001c26d72e4f9
000001c2e68debd9
000001c488912839
000001c4c24b4459
000001c5a425c439
000001c5cf68d299
000001c659ae9199
0000038cca951761
000000000227b971
0000000000000181
000001c6f136ed39
000001c80e3d04f9
000001c816a64c79
000001c822ac0919
000001c8dc220cd9
000001c999a19379
000001ca2e410519
000001ca8ed5c219
000001ca96693959
000001cc5e5a8699
000001ccfd3ceef9
000001cd72e14a79
000001cec2c05f79
000001cf2d2a0b39
0000039f6affcc61
000000000227b971
0000000000000181
000001d02888a739
000001d0d0d98419
000001d13c4f7599
000001d1aa81d339
000001d1b06db8f9
000001d2363ff5b9
000001d28ca336f9
000001d35b2613f9
000001d3efa964b9
000001d452a3a499
000001d4bc59fd19
000001d53fc6bbf9
000001d562f13399
000001d5aeb00b59
000001d6e42f6639
000001d7952b67f9
000001d87758c7d9
000001d89848aff9
000003b20b6a8261
000000000227b971
0000000000000181
000001d931880e19
000001d961f95679
000001da77bdccd9
000001dac64a9af9
000001dac98ad259
000001dad30c4819
000001db81396519
000001dbffae7339
000001dc9958c879
000001dd52b94299
000001de660d8c79
000001de97281859
000001df2cb9b499
000001df7f5aaeb9
000001dfe1e6b7f9
000001e108841179
000001e1931ed139
000001e1fc918df9
000003c4abd53861
000000000227b971
0000000000000181
000001e2d086b639
000001e372d93e99
000001e3dae9caf9
000001e43a05e219
000001e48594e259
000001e52034fed9
000001e5289e5459
000001e52ce78059
000001e6f24592d9
000001e8f1819259
000001ea803ad899
000001eb25119f59
000001eb38a25db9
000003d74c3fed61
000000000227b971
0000000000000181
000001eba9e260f9
000001ebd7975fb9
000001ebde64b839
000001ec367b7439
000001ec46bae6d9
000001ec9cdf0919
000001eccf36dd79
000001ed5fcd8739
000001eee6581039
000001ef54c77939
000001ef5df3a2f9
000001efabd42139
000001efb5ebf799
000001f13cdb34d9
000001f184d32f19
000001f194c92c79
000001f1ee550239
000001f2103e6c19
000001f2647bdd79
000001f27dcf9199
000001f3105afab9
000001f3105afb59
000001f3f55e0699
000001f4b2205239
000003e9ecaaa361
000000000227b971
0000000000000181
000001f58f2d37f9
000001f64e121db9
000001f7ad274099
000001f8a8eef639
000001f8c25a7d99
000001f95b5cf3f9
000001f970e89f99
000001fb23025339
000001fc39f3e4b9
000001fcafd8c7b9
000001fcd43dbd59
000001fd2c4889f9
000001fdd31016d9
000001fe1b966539
000003fc8d155961
000000000227b971
0000000000000181
000001fe67985cd9
000001fe70198bf9
000001ff327a6919
0000020033d19a59
000002015e929c99
0000020291b9b1b9
00000204c00d06d9
000002052690cd19
00000205afa738f9
00000206b36d38f9
0000040f2d800f61
000000000227b971
0000000000000181
000002080c7ebcf9
0000020a29a94219
0000020a417f7719
0000020adb024359
0000020b1bb1bc79
0000020ba9771279
0000020c7b0521f9
0000020ca5f65079
0000020d7cf20499
0000020de2d4f779
0000020de5dd3f59
0000020eb0aec7b9
0000020f2bd22e99
0000020f557128b9
000002100e654579
0000021092459059
00000210d09f69f9
00000210d901ef19
00000421cdeac461
000000000227b971
0000000000000181
000002111e53b639
00000212ab52cc19
00000213aa722559
00000213d2a7e139
00000213d9627639
000002143d72f079
00000214500d8b99
00000214c4581c19
00000214e7ff4319
00000214f9d90519
000002150aa13499
0000021663d8b019
00000216eb9dc7f9
00000216f9edda99
000002172efb3699
000002177d2ccbd9
00000217e99092b9
00000218ab8bacd9
00000218cd2357b9
00000219c3989299
00000219e08da3d9
000004346e557a61
000000000227b971
0000000000000181
0000021abcbce139
0000021ae8a9b1d9
0000021b17d39fb9
0000021b19935ef9
0000021b580bbc39
0000021b63053779
0000021b99eef139
0000021bd501cab9
0000021c336f5c19
0000021c462fae19
0000021cdbae4c19
0000021d11741439
0000021dbb121439
0000021dd55311d9
0000021e37489859
0000021f3c50a5d9
0000021f3d27f8f9
0000021f59cb8199
0000022034617c19
0000022084e5b7d9
00000220a3ffd139
00000220a83b57f9
000002214979d0b9
0000022212b675f9
0000022323b41db9
000004470ec03061
000000000227b971
0000000000000181
00000223c0658bf9
00000223d8f6a759
00000223e65ca1d9
0000022414356259
000002267361a679
0000022793ee83f9
0000022799d6f2f9
00000227e7a4aaf9
00000228e3137ed9
0000022bc8e84319
00000459af2ae661
000000000227b971
0000000000000181
0000022e39127439
0000022e434c8a19
0000022f471f2079
00000230b5b528d9
00000231a17bbfb9
00000231ec209b79
000002326f06c9f9
000002327d6587d9
000002328e316e79
0000023291754cf9
00000232fb7304b9
000002330ec354d9
000002339475a4f9
0000023525cb8199
00000235573f5999
000002359669bc59
0000046c4f959c61
000000000227b971
0000000000000181
00000236ed259839
000002370ee64959
000002389d0e9599
00000238fe14f999
0000023961132b59
00000239fc431f39
0000023a22666239
0000023b238fb259
0000023bc203f6d9
0000023bc7f50219
0000023c1997edf9
0000023cab4cf059
0000023e14012539
0000047ef0005261
000000000227b971
0000000000000181
0000023ff91eb459
00000240e07711d9
00000242cf654179
00000242d2c0ead9
00000242f03da419
000002431554eb19
000002434e76cd59
00000244283e99f9
00000244a3145ad9
000002456b9d86d9
00000245afd71419
0000024727eb1519
00000491906b0861
000000000227b971
0000000000000181
00000248fb594bf9
0000024908fe6db9
00000249bc40b899
0000024a20ebb2f9
0000024a245189d9
0000024a3afd3199
0000024adc5a9939
0000024b5b3f9e19
0000024b5c1f7e59
0000024b7c369399
0000024c21c846d9
0000024c37062959
0000024c6d3730d9
0000024ccd23f4d9
0000024d4dce3059
0000024d8ecb3e19
0000024ebb9593d9
0000024ed4da2439
0000024ed5a3d0b9
0000024f5a148e39
00000250155204d9
0000025048ca49b9
000004a430d5be61
000000000227b971
0000000000000181
00000252639001d9
000002526be835d9
00000253514accf9
00000255482e5379
00000255d82a6139
00000256254284f9
00000256673facf9
00000257a9079679
0000025820d2df99
00000258664f1f19
000002595a8e6139
00000259b2ee21f9
0000025b418288f9
000004b6d1407561
000000000227b971
0000000000000181
0000025beb5e4999
0000025befafe899
0000025bf3eebd19
0000025c019592d9
0000025c90ee9159
0000025d31724e99
0000025d44395859
0000025d50f79bf9
0000025daa1c3c39
0000025f50b23699
0000025f88ef01f9
000002613fdd9f59
000002629b4da1f9
000002629b4da2b9
000002647b99cf39
000004c971ab2b61
000000000227b971
0000000000000181
0000026530f92c59
00000266d33abcb9
0000026781ee3e39
0000026806eeae39
000002696bbd91f9
00000269cbf401f9
00000269cd44a619
0000026a4a46d319
0000026b5a89e4b9
0000026be53414f9
0000026d20f49719
0000026d58b27419
0000026d7cf75579
0000026dbc10f6b9
0000026dd57979f9
000004dc1215e161
000000000227b971
0000000000000181
0000026e28199cd9
0000026fe7bdeb39
0000027001e3ee99
0000027073a8b4f9
0000027098fb2439
0000027128488af9
0000027128ef24b9
00000272f1141159
00000273a40dbbf9
00000274a4c07d59
00000274cf0aa219
000002752b310bd9
0000027582042479
000004eeb2809761
000000000227b971
0000000000000181
0000027816349539
00000278fade0e19
0000027958a22ed9
0000027a592f7ad9
0000027a592f7b79
0000027afd4a8119
0000027d4cb296b9
0000027d75dac919
0000027fdd6e2959
0000050152eb4e61
000000000227b971
0000000000000181
000002812e02e9d9
0000028145642279
00000281a84ca059
00000282d20c4b39
00000283af4b7959
00000283cc5e3cf9
0000028420a85999
000002862023c159
0000028641048e79
00000286a12c8cf9
00000286f52e1c39
000002877f4b5f99
00000288782d2619
000002898bc8ea59
00000289e02dd7f9
00000513f3560461
000000000227b971
0000000000000181
0000028a874bca59
0000028b62ff6159
0000028c059e5099
0000028c5674d8d9
0000028c892bacf9
0000028cd884aed9
0000028e069ca059
0000028ed9cea639
0000028ee6959c19
0000028f1259c879
000002907b6924d9
00000290887c16b9
0000029196d1f8f9
00000291c51707f9
00000292ec5e4019
0000052693c0bb61
000000000227b971
0000000000000181
000002939b997539
00000293c0d7bff9
000002951addfef9
000002957a8d7e19
000002958229adf9
0000029636a5c579
000002966f94b5f9
00000296852e2c59
0000029752ae1c19
00000297f79b4279
0000029935bf8cd9
000002994ab3fd19
0000029a099badf9
0000029a3e233df9
0000029a5d6ce499
0000029a5e3d5e39
0000029b5f14ce39
0000029b722c7639
0000029bae1d52b9
00000539342b7161
000000000227b971
0000000000000181
0000029cefb5dcd9
0000029d36553d39
0000029e2e25f699
0000029e52f09099
0000029e823e7bd9
0000029ed673c399
0000029edfd4e9f9
0000029ee90486b9
0000029f22321e19
0000029f3b87b159
000002a0c1a93f19
000002a2fdccd0d9
000002a321353179
000002a3b8625239
000002a3ec133279
000002a53fbb9b99
0000054bd4962861
000000000227b971
0000000000000181
000002a609399dd9
000002a61962faf9
000002a623a08b39
000002a6684c8b79
000002a67fa82179
000002a7a94ce6d9
000002a82f670b39
000002a8ab4a6359
000002a8d20b1739
000002a9beea3f19
000002ab60e1b0f9
000002abf7bf1239
000002abfc365a99
000002aca6485fb9
000002acbecbd979
000002ad61a31f99
000002add448b399
000002ae0dbb6779
000002ae57e42719
000002ae6707fc99
000002aeb0be11f9
0000055e7500de61
000000000227b971
0000000000000181
000002b0725eb499
000002b191e9b1f9
000002b1c13df819
000002b25dfca9d9
000002b2ab09fdb9
000002b2c0ec2dd9
000002b32e537139
000002b3619f6c39
000002b3b3f36699
000002b47d45a719
000002b4f9e73879
000002b53a27e919
000002b54f4f6459
000002b5765ac739
000002b59efee219
000002b678cdd239
000002b6a41be679
000002b76c7942f9
000002b7d3990c99
000002b845273859
00000571156b9561
000000000227b971
0000000000000181
000002b913dc4e39
000002b91bde4399
000002ba63aec6d9
000002bb682617d9
000002bb6e07c119
000002bc8933d9d9
000002bcf1078599
000002bdb8e377b9
000002bdda88c0d9
000002be1ed8f659
000002bf48be1f59
000002bf79895179
000002bff74662d9
000002c0bae13059
000002c13d532a99
000002c1b08612b9
000002c1c6078539
000002c1c74ece39
00000583b5d64b61
000000000227b971
0000000000000181
000002c22fc3b2d9
000002c25817f699
000002c272fa2f59
000002c3ce38ae19
000002c446bf8219
000002c4ff73fe59
000002c5360fc119
000002c74111eab9
000002c88bfbdc79
0000059656410261
000000000227b971
0000000000000181
000002cc3180d0d9
000002cd2c4ea559
000002cf0591e519
000002d08f9a9219
000002d0a2e3cdb9
000002d0cf7a4b79
000002d0d5706999
000002d215182c19
000002d2354c4b99
000002d38bf7ecf9
000002d44b341799
000002d473c22699
000005a8f6abb961
000000000227b971
0000000000000181
000002d499c88f39
000002d5795a73b9
000002d6029d6e19
000002d6e40f8e99
000002d711828ef9
000002d76935ddf9
000002d7f23e3bb9
000002d81f7a8799
000002d867c3bcf9
000002da08e5c199
000002da0d1a6319
000002da2ee53439
000002da9df807b9
000002db4bdf39d9
000002db5a3cbdb9
000002db8db83a39
000002dba4aef979
000002dd03d4df39
000002dd4cfad539
000002dd4eb72d79
000002ddb6faed39
000005bb97166f61
000000000227b971
0000000000000181
000002de292f4f79
000002de9621b879
000002dea48d0e59
000002def1575819
000002defee4a419
000002df1ee04db9
000002df36a29379
000002df62559e99
000002e0fe1a0559
000002e1184578b9
000002e12ab0c3f9
000002e185472439
000002e20dc3ea59
000002e29df10fd9
000002e2e535acb9
000002e30c8d3959
000002e3725dac79
000002e3dda826d9
000002e3e4502279
000002e3fba24339
000002e48e265859
000002e514a51dd9
000005ce37812661
000000000227b971
0000000000000181
000002e74ec56979
000002e7b0aa0959
000002e7ceb33d39
000002e84a4c74b9
000002e8af0866b9
000002e8e741eff9
000002ea6fae45d9
000002eb35d18eb9
000002eb4ef8f1b9
000002eb7c6a67f9
000002ec1e743e79
000002ec4bec7bd9
000002ec6d621059
000002ed1bc6d479
000002ee3a9475f9
000002eef87885d9
000002f017643fd9
000002f035b137b9
000002f05112c919
000005e0d7ebdd61
000000000227b971
0000000000000181
000002f080b6f4b9
000002f0ac5b27d9
000002f0e9ecebf9
000002f16680cb79
000002f18e3419d9
000002f195bf3459
000002f2beff1a79
000002f2c8aed299
000002f2c9d82e99
000002f2dc63d2b9
000002f316374d59
000002f356e41259
000002f35b214e39
000002f4e4e7d519
000002f6db344f99
000002f6f901abf9
000002f766f15839
000002f884fbc1d9
000002f88f07e7d9
000002f976a0f259
000002f990c1f6f9
000005f378569461
000000000227b971
0000000000000181
000002f9eaed56b9
000002fa225f1af9
000002fa471c3cf9
000002fa7c89a9d9
000002fb1fe77699
000002fb2242ea19
000002fba761bd59
000002fbc684cd99
000002fc1dbf4d39
000002fc7a4ebef9
000002fc8630c159
000002fd25484419
000002fd34598939
000002fd5e559b59
000002fe1137cd19
000002febf129019
000002ff305b9a99
000002ff55308b59
000002ff556aa6d9
000003007d85cc39
000003013d3d8b39
00000301a1d5c2d9
00000301d348d8f9
00000301f0a8b819
00000301fb2c7e59
000003023a450899
0000030285d0f359
0000060618c14b61
000000000227b971
0000000000000181
000003039ba7e959
00000303a53d4fd9
00000303ba20e499
00000303bbcc3719
00000303c6c5e759
00000303d92c0df9
00000304f7dad4f9
00000305ac0c8339
00000305d0f28339
00000306575e9439
00000306746dffb9
0000030691d841f9
00000306f65dc8d9
0000030743b48599
0000030749f35dd9
00000307c42d9b79
00000307f83617b9
000003081eb4bc59
00000308301fd5d9
000003083b1470b9
000003085444bc79
000003091fb3edb9
0000030a327304f9
0000030aa4daa219
0000030b25123f19
0000030b3af83cd9
00000618b92c0261
000000000227b971
0000000000000181
0000030c6ea61579
0000030e64032cb9
0000030f8030fa59
0000030fee670419
0000031010922d39
0000031227748ad9
0000031416097dd9
00000314a096ead9
00000314a3258059
00000314faafd979
0000062b5996b961
000000000227b971
0000000000000181
0000031671e24ad9
000003173e402219
000003184766bd39
000003190943cd99
0000031919ea4799
0000031994c72cd9
0000031aeb8f06d9
0000031b01714ef9
0000031b102d4f99
0000031b3f4dc299
0000031b60c8e1b9
0000031bca994479
0000031d2a7ca579
0000031d3429f619
0000031d4fc1b379
0000031d530c4679
0000031dc3b6a799
0000031dca05b859
0000063dfa017061
000000000227b971
0000000000000181
0000031fd6767f59
0000032020fd80d9
00000320835b64d9
00000320b4afe859
000003212dd766b9
0000032145229459
00000322d13fb959
00000322dcda4439
00000322f86ea619
00000323589002b9
00000324b92988f9
00000324b9f33739
00000325b43608b9
0000032665e69099
000006509a6c2761
000000000227b971
0000000000000181
00000328c2b53e39
0000032ac8f3df99
0000032ae6504bd9
0000032b0b0d9959
0000032b3ed57f99
0000032bb6c9acd9
0000032bf8ad5059
0000032c6a2fa299
0000032c9aa60f79
0000032cb981bbb9
0000032d394a47f9
0000032f130c0f59
0000032f74c27cb9
0000032f8c332859
0000033144238b39
000006633ad6de61
000000000227b971
0000000000000181
00000331cec02e19
000003329d111679
000003336fb855f9
00000333b11933d9
00000333b1e2dc79
0000033438d413f9
000003353e1ca4f9
0000033653710c59
00000338598db219
000003387efe8439
000003399ff26b59
0000033ab6049099
0000033acf4e5819
00000675db419561
000000000227b971
0000000000000181
0000033b5fa23499
0000033bae6c3659
0000033bd563a499
0000033bffc460d9
0000033c2a1b3479
0000033c440943f9
0000033c6d40b819
0000033cb3efb219
0000033cb67e3a99
0000033d00432b39
0000033d6d4b9ab9
0000033d93ef7dd9
0000033de7bb6ef9
0000033e56998e79
0000033ed7eae3b9
0000033f3b6476d9
0000034001102679
000003401283db79
0000034023fe4899
00000342569415f9
00000343dc59c679
00000343ff5e3319
000006887bac4c61
000000000227b971
0000000000000181
00000344c39d75d9
00000344f18040d9
0000034602b291d9
0000034606d11539
0000034623810c19
000003476fddb379
0000034914bc8e39
0000034937e7cb59
00000349a783eb39
0000034a638622d9
0000034a66113f99
0000034caef839f9
0000034cded464b9
0000069b1c170361
000000000227b971
0000000000000181
0000034d95280e59
0000034e85d00e39
0000034f00080439
0000034f226eca79
0000034f2ad30ad9
0000034f64b7fdb9
0000034f83aeab79
0000034fb9642939
0000034fc0e532f9
0000034fd46c6a59
000003505bdc90b9
000003511fe40319
00000351358e11d9
00000351699141b9
00000351c94e8fd9
0000035582ac9939
00000356087aa359
0000035656d4c4f9
000006adbc81bb61
000000000227b971
0000000000000181
00000356ed312539
00000357af33c239
00000357f0283079
00000357fbeee059
00000358228d9379
00000358411bf3d9
00000358f02abbb9
0000035910f06b59
00000359194a8079
00000359fffac919
0000035a69aadeb9
0000035a74620819
0000035beba89839
0000035c68b7a859
0000035caaee3759
0000035cd684c599
0000035d01df73f9
0000035d6c02ff19
0000035eded455b9
0000035f85c2fa79
000006c05cec7261
000000000227b971
0000000000000181
00000360f730daf9
0000036143158f59
00000361659178b9
0000036237f75c99
000003629409ca39
00000363f0c22b19
0000036499e79279
000003651a76e899
00000365d1c76b59
00000365eb2600f9
000003663561a419
0000036642c99619
0000036651114719
00000366819027d9
00000366890c0eb9
00000366f06f8c19
00000368d24255d9
0000036936a7c939
000003696cfae419
000006d2fd572961
000000000227b971
0000000000000181
00000369ec17c8f9
0000036a465cf779
0000036af3159c39
0000036afa96ac79
0000036b245e2599
0000036bd1076079
0000036d873ce339
0000036d8df441b9
000003708f31d379
000003710f0b8f59
00000371f5136139
000003720aeeddb9
00000372ba9f07b9
000006e59dc1e161
000000000227b971
0000000000000181
00000372ee99ebf9
000003733d513f59
000003736deb3859
00000373a42763b9
00000373c60068f9
00000374b2ca2f39
00000374b2d105f9
00000375354d7d99
000003768c482a79
00000377093167d9
000003773a780d79
000003775ba37139
00000377d47e33f9
0000037806a4fd99
000003799296fa79
0000037a82e530b9
0000037b122f1239
0000037b2cbaa079
0000037b90327e79
000006f83e2c9861
000000000227b971
0000000000000181
0000037d2f39a7d9
0000037d476b9ad9
0000037f429fa379
0000038013933879
00000380f0eca059
00000381518661f9
00000381676da879
000003816f09f0d9
00000381bb5d4719
0000038294f3c7b9
00000382b9413259
00000383f879f519
000003844ae3c399
00000384b0002819
00000384be5069d9
0000038547d8da59
0000070ade974f61
000000000227b971
0000000000000181
0000038594dca7d9
0000038619375b79
00000386fbfd6299
00000387fa35a039
000003886722d4b9
000003892cf5ca59
0000038980e59fb9
0000038998769299
00000389e0e54159
00000389f1b63479
0000038ae5e5fb19
0000038bc8ee2f59
0000038c7295ca59
0000038d1fe07e79
0000038d20b7d4d9
0000038d5214ca39
0000038d829fa019
0000038e103fa819
0000071d7f020761
000000000227b971
0000000000000181
0000038f61261359
00000390c9c61559
00000390c9c61619
00000390d682df99
00000391cbb2e1b9
000003929f82abd9
00000392faa0a819
00000393713f2199
00000393d6ba3c19
0000039459583df9
00000394f0ac9ab9
00000394f1919c19
00000396a6633739
00000396b0047619
00000397afdcb459
00000397c59b4df9
000007301f6cbe61
000000000227b971
0000000000000181
00000398f526f759
0000039a262d29f9
0000039b10a8bbd9
0000039b6c816cd9
0000039c797293d9
0000039cc52370f9
0000039cfa192959
0000039cfb57def9
0000039d0fe52d59
0000039e0c8b84d9
0000039e327dafb9
0000039e40ca7e39
000003a003fae1b9
000003a06ee56bb9
00000742bfd77661
000000000227b971
0000000000000181
000003a2a0c5a219
000003a2b837f6d9
000003a2b839ac59
000003a434734019
000003a45ca3f7d9
000003a4767c1099
000003a547b07b79
000003a5c03bc499
000003a6b5600df9
000003a7c4577d19
000003a9fa6dbb59
000003aa0bfc8959
000003aa203030b9
000003aa336a3a79
0000075560422d61
000000000227b971
0000000000000181
000003aabecbc759
000003ab54cdc039
000003ac141fe899
000003ac28214299
000003aca7c45a19
000003aea7c56f39
000003aeaef2aa59
000003afc95bb399
000003b02f80b139
000003b051d9fe59
000003b06f2578f9
000003b0cfd55059
000003b0e64c71f9
000003b15601e0b9
000003b273440459
000003b3270a7379
000003b3b2798039
000003b3ba031959
0000076800ace561
000000000227b971
0000000000000181
000003b44690a419
000003b5f02f1019
000003b6a53ea0f9
000003b840e6b099
000003b9198636d9
000003bb5a4996f9
000003bbcc11cfd9
000003bc0dc09199
000003bd1da54379
000003bd44ef51f9
0000077aa1179d61
000000000227b971
0000000000000181
000003bd56614ff9
000003bdf09560f9
000003be9e006cb9
000003beef9d4379
000003bfbee56539
000003c017085719
000003c045486dd9
000003c0950dd5f9
000003c0bf696eb9
000003c0d91826b9
000003c0e1773f99
000003c1e58b25b9
000003c23bbb6819
000003c2be26aa99
000003c3a55ecfd9
000003c3a55ed099
000003c3b517e999
000003c3f3959a39
000003c42b957779
000003c459827ef9
000003c4fc71aeb9
000003c52fc73839
000003c55f4cdcd9
000003c5c6d77bd9
000003c5d02aff39
0000078d41825461
000000000227b971
0000000000000181
000003c6b7ad8f99
000003c7f2f40d99
000003c866cf0df9
000003c87e4812b9
000003c8c809f979
000003c8e9883ff9
000003c9cf9cf0b9
000003c9d9c0ea99
000003ca0542f3b9
000003ca1f789f39
000003ca1f789ff9
000003cb02f129f9
000003cb0d05c659
000003cb1dc5aef9
000003cecd343cb9
000003ceff1585f9
000003cf5038f199
0000079fe1ed0c61
000000000227b971
0000000000000181
000003d01f54d4d9
000003d04ffabc79
000003d119c96899
000003d206e373d9
000003d2976f87f9
000003d29a069ed9
000003d4bddf6019
000003d4c98ad139
000003d5331a9559
000003d5ae91d9b9
000003d5ff3c67d9
000003d6556f4fd9
000003d679f8bdf9
000003d73cdb07d9
000007b28257c461
000000000227b971
0000000000000181
000003da16be93d9
000003da7bcb9659
000003db4eac5ab9
000003dbeb800c19
000003dbf8d88339
000003dc0d1eee39
000003dcd49d12b9
000003dd64f12079
000003ddcd7f5539
000003de10091d99
000003dec342eb19
000003df0c0d29d9
000003df972dfe39
000003dfc70f41d9
000003dfe53217f9
000003e03176a079
000003e042442e59
000003e086e21d19
000003e153c680d9
000003e1e25e17f9
000003e21b413a39
000003e244c88839
000003e25aecab99
000007c522c27b61
000000000227b971
0000000000000181
000003e2b3c9ea39
000003e2eb089039
000003e3aedba6d9
000003e42eed14b9
000003e4c66352d9
000003e4ec3da239
000003e52cdb8479
000003e5f842a579
000003e7debc7ad9
000003e934bf7479
000003e9867fd679
000003ea20c09999
000003ebb6ef3f79
000007d7c32d3361
000000000227b971
0000000000000181
000003ec5c981b99
000003ecfd4420b9
000003ed322c75b9
000003ed43d34cd9
000003ed93e952b9
000003ed94519339
000003eda78efef9
000003edb3e55259
000003edff12f059
000003ee308e21d9
000003ee7a78a279
000003eecbb9ad99
000003ef38096f99
000003f0173dfd99
000003f09dd5b499
000003f10541ec79
000003f17f2adbf9
000003f1c8a6fcb9
000003f1d2d01359
000003f1fa5730d9
000003f2c0a4d4f9
000003f2cd42fbb9
000003f34de2cdd9
000003f3f0859d59
000003f46d200ed9
000003f4b95a6559
000007ea6397eb61
000000000227b971
0000000000000181
000003f5a6f36dd9
000003f61197d3b9
000003f61f0b94d9
000003f7397bec19
000003f837604f99
000003f86c1743b9
000003f8e161f939
000003f8eab57f59
000003f8f73bacb9
000003f95495d479
000003fa35693299
000003fb67dbb7b9
000003fbb3ebae59
000003fc3d5ce4b9
000003fc73213c19
000003fcc4335e39
000003fdeb1d9df9
000007fd0402a361
000000000227b971
0000000000000181
000003ffde5b45b9
00000400829be919
000004009f7864f9
00000401f8dd7599
00000404f946d759
000004050960e2d9
0000040673340379
00000406ec5cde79
00000407817798d9
0000080fa46d5b61
000000000227b971
0000000000000181
000004088d136df9
00000408d20109f9
00000408e8babe99
00000409cb39ec59
0000040a55bb35b9
0000040b098adff9
0000040b2e795bb9
0000040ba044b399
0000040bf79e0df9
0000040c406008b9
0000040e4645b279
0000040eb3a4b3f9
0000040f902413b9
0000040f90edbd19
0000040fc856f9b9
0000041072d4b279
00000410e6f615d9
0000082244d81261
000000000227b971
0000000000000181
000004113e05fbd9
0000041143899059
000004114915d379
00000411f77064f9
00000411ff102259
00000412e4fc14b9
00000412f7925499
000004131fa93339
00000413e9463dd9
000004160c0056f9
0000041644c3a739
000004164b75cdf9
00000416963282b9
00000416b6480899
0000041717d62079
00000417f4db59f9
000004184afed619
000004193e25f659
00000419af8340d9
00000834e542ca61
000000000227b971
0000000000000181
0000041a795b98f9
0000041b69af1cb9
0000041bd3c6f039
0000041c4b42e0f9
0000041cdb5308f9
0000041d31ecbdf9
0000041d5a53eb19
0000041d99ef9d99
0000041dab9804b9
0000041dfb330739
0000041e24672d59
0000041e35b6d7f9
0000041ecbb50159
000004206a0df919
00000420c74c3eb9
0000042140e3ba59
0000042159214239
0000042192247319
000004219f000859
000004222bbb9219
000004229a357879
000004237d7b1259
000004238d546559
0000084785ad8261
000000000227b971
0000000000000181
00000423e31f6319
000004242c0638d9
000004251d08c4b9
000004256f620ad9
0000042587c1ad39
0000042597cc5cb9
00000425b5996159
000004268fa45a59
00000427390daf79
00000427522293b9
00000427658fe7d9
00000427991b1819
00000427f5777039
000004290658e519
0000042a273ae959
0000042c4677e939
0000042c51548bf9
0000085a26183a61
000000000227b971
0000000000000181
0000042dd2275139
0000042e266dbc99
0000042ed206a599
0000042ef6263f39
0000042f8948a759
000004311838e579
000004313c6b10f9
00000431cdb21919
000004322cbf1859
0000043296266219
00000432d47484b9
00000432f9fa04b9
000004336da04b39
000004343dec88b9
000004355bd713b9
0000086cc682f261
000000000227b971
0000000000000181
0000043678dc9279
000004371bacdd19
0000043759500879
00000437c36cd739
00000439b8db3af9
0000043a469a2739
0000043ab4d3dc79
0000043ab923def9
0000043b06dd25f9
0000043b95d0a639
0000043c433a2b19
0000043c686ad919
0000043d49ff70d9
0000043da41942d9
0000043e118fc1d9
0000043ea54d79d9
0000043eeb0d6f79
0000043f7784fbd9
0000087f66edab61
000000000227b971
0000000000000181
0000043fdb67d339
0000044174e30299
000004426d90d719
000004432932c639
0000044384ac2919
00000443b136f759
00000444ff84bc59
000004456df4bf19
000004457a966f39
00000445af6026d9
00000447538150b9
0000089207586361
000000000227b971
0000000000000181
0000044950ef9399
0000044a0eb4e559
0000044a17142b19
0000044a9971fb79
0000044b35fb2619
0000044b82cc68d9
0000044bd83160b9
0000044d3362b619
0000044e620b14b9
0000044eb804f5f9
0000044f18fc0d39
0000044fef307719
0000044ff84d6a99
000004503c97e619
00000450f7d77a59
000004511e05a619
00000451626ae959
00000451df6605b9
000008a4a7c31b61
000000000227b971
0000000000000181
000004538dfb3ff9
00000455f78911b9
000004567f8ecb79
0000045707544139
0000045a374241b9
0000045a85a72b19
0000045b60b2d0d9
000008b7482dd361
000000000227b971
0000000000000181
0000045bdd4f4af9
0000045d4e0afc59
0000045db60ad0b9
0000045dd601b399
0000046056bba919
00000463335d7e19
00000464c07ae959
000008c9e8988b61
000000000227b971
0000000000000181
00000464f95a6339
0000046571103d59
00000465852029d9
00000465c7271d59
0000046650d44c79
00000466f3316af9
00000467e6874e79
000004692b816f59
000004692d977c59
0000046938138b99
00000469e599b539
0000046a882ef739
0000046a8b77cc99
0000046b59356659
0000046d63c7bdf9
0000046d6cb2ffd9
0000046d7811b8d9
0000046e3efaefd9
000008dc89034461
000000000227b971
0000000000000181
0000046ea2ddb979
0000046ed64bbdf9
0000046eedc35119
0000046f6fcec5d9
0000046fd4707a99
00000470c7140eb9
00000473595da6b9
00000474e660abd9
0000047668624a99
00000476819251b9
000004768c2b52d9
00000476aadfd019
00000476e3ea0df9
0000047719bac039
000008ef296dfc61
000000000227b971
0000000000000181
00000478d2259679
00000478f061c4f9
000004791e9cc2f9
00000479e7d11139
0000047bb9fe2bd9
0000047c66a809f9
0000047cac4626b9
0000047d0bf7cc19
0000047d8d4d0f79
0000047d94f02479
0000047ecd7cbe59
0000047f1debeaf9
00000901c9d8b461
000000000227b971
0000000000000181
000004812ecd2b39
0000048157ce5fd9
000004817fdd06b9
000004819757f739
00000482374c9e79
00000482e906f039
000004830aa918b9
00000483653f5a39
0000048490082bd9
00000484daacf3d9
00000486fb83dd59
0000048794287f39
0000048889e3f099
00000488e6d0f659
00000489acb3a0d9
000009146a436d61
000000000227b971
0000000000000181
0000048a7367e319
0000048b085c4579
0000048b60c84b79
0000048ba84473b9
0000048ce4dec4b9
0000048d787d9739
0000048fa1bcc8d9
00000490a8a19219
000004912e9a0ad9
00000491340e78b9
000004928623d659
00000492d213d599
000009270aae2561
000000000227b971
0000000000000181
0000049442c715d9
00000494931e68b9
0000049515f31f59
000004957c589739
000004958ee5df19
00000495ea628539
00000496444a2bd9
00000496a3c74d99
000004976487d179
00000497bf46efd9
000004993b0560d9
00000499af7c4439
00000499fbba39b9
0000049adc310c99
0000049b10288999
00000939ab18dd61
000000000227b971
0000000000000181
0000049d7eedccd9
0000049d9f240b59
0000049da1abc8d9
0000049ebcab06b9
0000049efd0a7f59
000004a02afd9f39
000004a08bc39b99
000004a1b4534919
000004a2e1f00579
000004a316efeb39
000004a45fe42fb9
000004a52482e819
000004a5a266d939
000004a61c41e179
0000094c4b839661
000000000227b971
0000000000000181
000004a6c7a63ad9
000004a7267b67d9
000004a765361ed9
000004a89e344919
000004a8d9c63119
000004a99a05fc79
000004aa10a24b79
000004aa57917e39
000004aad7706239
000004ab8dfc0e59
000004ab9f119d99
000004abbdbd11b9
000004abeffefb99
000004ac1fd2b719
000004ac1fd2b7b9
000004ad8e160c99
000004adccf7e199
000004adf25757f9
000004adfb36be39
0000095eebee4e61
000000000227b971
0000000000000181
000004af85519979
000004af9373d899
000004afcc960b39
000004b033f4cc19
000004b1646e4939
000004b23409f1b9
000004b282920cd9
000004b2b46ffdb9
000004b39bfd1ed9
000004b3a231c599
000004b3b9a960b9
000004b44eda29b9
000004b44eda2a59
000004b47dce0bb9
000004b5fbd14139
000004b6166c16f9
000004b642c24599
000004b6db449379
000004b76176a5b9
000004b8367d3df9
000009718c590761
000000000227b971
0000000000000181
000004b8ff281bf9
000004b94f1c66f9
000004b9c9945c39
000004bacd630699
000004baec8ff999
000004bc201a6dd9
000004bcee19c039
000004bd94c9b839
000004bda5d68619
000004bdbffae799
000004be9304ed19
000004bf2350a179
000004bf38f00879
000004bf87c548f9
000004bf8bfba9b9
000004bf93a594b9
000004c05e14fe59
000004c05e16b319
000004c0c66cf279
000004c1889bab19
000009842cc3c061
000000000227b971
0000000000000181
000004c294ab2d39
000004c2b649a0b9
000004c3df5f2f79
000004c3f13f83f9
000004c4007997f9
000004c40a9d8959
000004c44ae38dd9
000004c4b53660f9
000004c50815aa79
000004c50c452b99
000004c60a7fc939
000004c693752c79
000004c6d5388bb9
000004c6ecce7019
000004c6f457e619
000004c75fd3ba39
000004ca14bdb979
000004ca5ad5d0d9
000004ca82ab1f39
000004ca87c163f9
000004caf3922199
000004cb065e3999
00000996cd2e7861
000000000227b971
0000000000000181
000004ccbc6885b9
000004ccbd322dd9
000004ccf69b8979
000004cda8253959
000004ce911eedd9
000004d0522000f9
000004d239cb4a79
000004d27254b4f9
000004d30ba26159
000004d31f0dfc39
000004d3fed11219
000004d3fed112b9
000004d4388a2e79
000004d451145099
000009a96d993161
000000000227b971
0000000000000181
000004d5ace5d4f9
000004d5c2dfc719
000004d60a8ebd39
000004d64ac22279
000004d8cbbb2ef9
000004d8fe3d6f39
000004da149afdb9
000004daec8bee39
000004db40c9b119
000004db71a94b39
000004dc2513e3b9
000004dc5dd2b679
000004dc9cf88419
000004dcea2beed9
000004dd13c23539
000004dd31c939f9
000004ddc64ab2f9
000004ddd4974b59
000009bc0e03ea61
000000000227b971
0000000000000181
000004df86ea5439
000004df8ea1c859
000004e111414059
000004e1270edbd9
000004e1579122f9
000004e2d064cff9
000004e348cff539
000004e3e0079c99
000004e4c57b3199
000004e59d992e99
000004e63ee745d9
000009ceae6ea361
000000000227b971
0000000000000181
000004e76c846e79
000004e815899c59
000004e8947cad59
000004e8bee8f4b9
000004e8ed831d79
000004e9846aec99
000004e9afe132b9
000004e9ccc72bf9
000004eafa349319
000004eb2fb589d9
000004ec0371cad9
000004ec20fbed39
000004ecd42b4e59
000004eec8aefd19
000004ef3dcd17f9
000004ef576fa239
000004f03f003cb9
000004f04ec23dd9
000004f0969a0ad9
000004f0969a0b99
000009e14ed95b61
000000000227b971
0000000000000181
000004f176221279
000004f1f273f4b9
000004f20b1940f9
000004f2623e12b9
000004f27e10fed9
000004f2f01f1699
000004f4245ad339
000004f4bce4d639
000004f5043da639
000004f51baa68f9
000004f530428d79
000004f547c414d9
000004f5da795c39
000004f63c464b79
000004f64ee12919
000004f6d349be19
000004f6efb6c0b9
000004f709de82d9
000004f761781119
000004f8a372c819
000004f9388e1379
000004f9c4ec5499
000009f3ef441461
000000000227b971
0000000000000181
000004fa060cd5d9
000004fa7b7eeb39
000004fabffb7ef9
000004fae0acaa99
000004fb229de5d9
000004fcff4ea559
000004fd5bc33019
000004fd7a5957b9
000004fd97223759
000004fe6d227b19
000004feaef00af9
000004fefc01e079
000004ff33375c19
000004ff7dc2a039
000004fff1f5d279
00000501c22a6899
0000050210f84819
0000050211cf9f19
0000050244af63b9
00000a068faecd61
000000000227b971
0000000000000181
000005039e0235b9
00000504321ecd79
000005046ab0bd99
000005059f2a7659
000005060bf51739
000005084e103499
000005085b600fb9
000005088c3220b9
00000508ab925f79
0000050a2322b4f9
0000050a2bee6eb9
0000050a973c6519
0000050b804ae839
0000050b903da859
0000050c02d03a19
0000050c0c1447f9
0000050c0f76af39
0000050c44987679
0000050c5e189959
00000a1930198661
000000000227b971
0000000000000181
0000050e1f2fb519
0000050ecc374399
0000050f3bfc0019
0000050f52dc87f9
0000050f59a844f9
000005103bb9d059
000005107199be99
000005108d3310d9
00000510a93ec0f9
00000510b4c2f499
000005113e0ce3d9
00000511e5544e79
0000051219b86399
000005122ab767f9
0000051242f187f9
000005138a560939
00000513b00cc159
00000513f5b1c3b9
0000051430ed1979
000005143973b279
000005146b8496f9
000005157fc74479
000005158194b4b9
00000515dacbce19
00000a2bd0843f61
000000000227b971
0000000000000181
000005162efe0ff9
0000051630984759
00000518037ce099
00000519338bd999
000005195b847239
00000519f0f94f59
00000519f984e619
0000051a35b93ef9
0000051a724d0359
0000051a86ea9779
0000051abfab21b9
0000051b93ad1859
0000051b93ad18f9
0000051bb7a74e19
0000051bc9d6aeb9
0000051cb13fadf9
0000051d27235599
0000051d90d027d9
0000051e3a905299
00000a3e70eef861
000000000227b971
0000000000000181
0000051fa93d0c79
0000052104eebd39
00000521c93fdc79
00000522fc2b3259
000005233ceb6559
00000523a70b98b9
00000523a70b9959
00000525021a2f39
000005250dda30b9
00000525247a6659
0000052690d119f9
00000526953e45b9
00000a511159b161
000000000227b971
0000000000000181
00000529f243b1b9
0000052ac71da0b9
0000052be2629d59
0000052bef7a1f99
0000052c1678b6b9
0000052df8c955f9
0000052e646a5919
0000052e7a26ef79
0000052f0b2a05d9
0000052f59555bd9
0000052f734f33f9
0000053179c730f9
00000a63b1c46a61
000000000227b971
0000000000000181
00000531d9ad9e79
0000053235ea3059
0000053307fec959
000005334d888d79
00000533d478ba19
0000053534127e99
000005372dbedeb9
000005372dbedf79
00000538110bf899
00000538e70bf999
000005390ccb24f9
000005391d9046d9
00000539e8c31ff9
0000053ad70ccb39
00000a76522f2361
000000000227b971
0000000000000181
0000053b475e10d9
0000053c633ce5b9
0000053d76fd2799
0000053de2095219
0000053e36bfaf79
0000053f7ac68d59
0000053f9b75fcf9
0000053fa8288d39
0000054005577f19
0000054008bd5d39
00000540a46ae5d9
00000541ebdffb19
0000054241887359
00000542aeb24179
00000542ccd6b639
0000054327649099
00000543ae68df59
00000543e1823939
00000a88f299dc61
000000000227b971
0000000000000181
00000544872c6119
00000544ab396d39
00000544f5b5d119
000005458ea05739
00000545a5cc9339
00000545e39b7a59
0000054656e4f459
00000546b1a95119
00000547c8baf7d9
000005486db33c39
00000548a0f8b199
00000548cdb31a99
000005497ea969d9
0000054a2d16f119
0000054a605c18d9
0000054a6a8bf519
0000054a7b04a2b9
0000054a90755899
0000054b05011059
0000054b26b92bb9
0000054c437b4999
0000054cd0c56739
0000054cf84ade99
00000a9b93049661
000000000227b971
0000000000000181
0000054de00b5839
0000054e86ef1859
0000054f1c1e8739
0000054fb8e83f79
0000055120ffff99
00000552a0444a59
000005530e3cb939
00000553247b2d19
000005535e94f599
00000553e91d8859
000005552314c479
000005552e0ae959
00000aae336f4f61
000000000227b971
0000000000000181
00000557a13b7c19
00000557dfbe5d99
0000055805c32799
00000558696405f9
000005589f5ebe99
00000558f2262879
000005593deb75d9
0000055976599259
00000559b64c7a39
0000055b2e162f79
0000055c05f25cf9
0000055d5186f239
0000055e9c9e37d9
0000055eb45493f9
0000055efd82ca19
0000055f39bc2739
0000055ffafabeb9
00000560232eb2f9
00000ac0d3da0861
000000000227b971
0000000000000181
000005626cf3be59
0000056292024b19
00000562c4c70d19
000005642c365dd9
0000056453d1f179
000005649ead3df9
000005653f82fdb9
000005656ee01af9
0000056665653979
00000566d0217f99
00000566fbb9bf79
000005670a1b0379
0000056950b70199
00000ad37444c161
000000000227b971
0000000000000181
00000569d55bf179
0000056b5ab117d9
0000056b68d6a579
0000056c443ad019
0000056c5efcd039
0000056c70b4a3f9
0000056c96519a59
0000056e25956ef9
0000056e445f65d9
0000056fa04708f9
00000570c370cdf9
00000572af4c1979
00000ae614af7b61
000000000227b971
0000000000000181
000005731604f5b9
0000057370b7ee19
000005745cbc9ff9
00000575016146b9
000005753b6f1539
000005773c048059
00000577efaf9ab9
000005782752ae59
00000578f52d29b9
0000057937918479
0000057945385659
00000579e0cd9b99
00000579f4029279
0000057a1d5716f9
0000057a9fa0fcd9
0000057aaf7dc7f9
0000057b8520f239
0000057baf14bed9
0000057bbb531cb9
00000af8b51a3461
000000000227b971
0000000000000181
0000057c6da6eb39
0000057ca29ac439
0000057d68ccaa19
0000057e746fa579
0000057ed0dbbc59
0000057f232f8e19
000005802bb35439
000005802c5ad319
000005812915f5d9
00000581306a66f9
00000581d1eca8f9
00000582139177d9
00000582f503da19
00000582f6bccc59
000005831365cc59
00000583484f7d19
0000058390af04b9
00000583be367ab9
0000058499ad1fb9
000005851f0f2c79
000005859519fc39
00000b0b5584ee61
000000000227b971
0000000000000181
00000585f4cb6d39
00000585fa0ab3f9
0000058691165ab9
00000586a7ce4b99
00000588a8ca8fb9
0000058901f10339
00000589ea0e9179
0000058a9d01db39
0000058ac49879b9
0000058c22eca659
0000058d6ea957f9
0000058dccddb779
0000058e6fb39019
0000058eb578d479
0000058eb794e4f9
00000b1df5efa761
000000000227b971
0000000000000181
0000058f3a1782f9
0000058f4ef0dfd9
0000058f669d2f59
0000059051a2d5f9
00000590e06a6239
00000590e80344d9
00000591d87434d9
00000592656b0cb9
0000059314009319
00000593a6aa4e19
000005952aa58559
0000059550db4a19
000005955dcc6219
000005958df34679
00000596194e3419
0000059656849739
0000059675bbf959
00000b30965a6161
000000000227b971
0000000000000181
00000598cf40a839
0000059a8d620459
0000059a9e477ef9
0000059b57e0fdb9
0000059b5b957bd9
0000059ce5f138b9
0000059cecd86719
0000059d613fa779
0000059ecd454f79
0000059f8ece36d9
0000059f99839fd9
0000059fc0ee5c19
000005a0669f0e79
000005a0bc3aad39
00000b4336c51a61
000000000227b971
0000000000000181
000005a1a878c119
000005a2b045ec19
000005a2f03dfef9
000005a3788b5199
000005a3935ff079
000005a3c77ccdb9
000005a42f560739
000005a4e0ce7839
000005a63ffe3819
000005a6ccf424f9
000005a6e4819479
000005a9ceb5e059
000005a9fc28eef9
000005aa27ef03f9
00000b55d72fd461
000000000227b971
0000000000000181
000005ab27b6e0b9
000005ac16d15c39
000005ac45e57279
000005ac577e7db9
000005ac6ffce3f9
000005aca5be1759
000005add83eaa79
000005adee353db9
000005aeb56fed59
000005b11d6c9cb9
000005b11d6cb5f9
000005b1e7cb10d9
000005b3b8aabb79
00000b68779a8d61
000000000227b971
0000000000000181
000005b43b06aa59
000005b526769839
000005b542fb8a99
000005b5de2b0379
000005b76093c099
000005b7c54bf039
000005b82a0ec399
000005b87d6b7359
000005b894befc39
000005b9755d67f9
000005b98a5217d9
000005b9db4211b9
000005ba460373d9
000005baad2a95b9
000005bafa1a4f59
000005bd35687619
000005bd68b2fcf9
00000b7b18054761
000000000227b971
0000000000000181
000005bd99aeaf79
000005bde7492739
000005bf99ff0439
000005c0767116b9
000005c0a966d739
000005c1b0416f99
000005c249fbe699
000005c250c46559
000005c3783c24b9
000005c3a9b7cd79
000005c486fdc919
000005c4f1a5f6f9
000005c5e981ac39
000005c6d40c3fd9
00000b8db8700061
000000000227b971
0000000000000181
000005c71c0e8579
000005ca0d32e439
000005ca801babd9
000005cb482dfb99
000005ceb5046419
000005cf1f857e39
000005cf32c817f9
000005cf4e912319
000005cf6f2df159
00000ba058daba61
000000000227b971
0000000000000181
000005d03e17f839
000005d061fa5659
000005d0d9e851b9
000005d11091d239
000005d15f742c99
000005d1e341fc19
000005d201aa6bf9
000005d2517d99d9
000005d2a8fb27f9
000005d37d104a99
000005d406feb6d9
000005d516d9d899
000005d59f661019
000005d5ab297959
000005d613631959
000005d67c6f0839
000005d737b60039
000005d7b8e801d9
000005d7d12245b9
000005d9136a1379
000005d9627aa739
00000bb2f9457461
000000000227b971
0000000000000181
000005dabd4c50d9
000005db29f7b079
000005db8b678e59
000005dcbc407e79
000005dd91e79cf9
000005ddfd335859
000005df47da73b9
000005dfc3f641b9
000005e041697dd9
000005e0437ebf79
000005e04d8270d9
000005e09edef7b9
000005e0d0a5ab39
000005e0ddeb4839
000005e11e96bd59
000005e262d447f9
000005e2940dccb9
00000bc599b02e61
000000000227b971
0000000000000181
000005e2f06b1ef9
000005e40795c059
000005e44420f4d9
000005e4fcf95b59
000005e5f044e679
000005e673d7cdf9
000005e6b0cf99b9
000005e98e9da859
000005ea2acce999
000005ea39f10559
000005ea44261ed9
000005eb0d2b0079
000005ec13bcb379
00000bd83a1ae761
000000000227b971
0000000000000181
000005ed1dff4b79
000005ed661aef59
000005ee10ea7a79
000005ee6a405a59
000005ef3a74a2f9
000005efa9fd9a39
000005f0c8803e79
000005f20b8e5e59
000005f24b84b1f9
000005f27ab253f9
000005f27fb776d9
000005f3b1002059
000005f3e7c9ae39
000005f47343a0f9
000005f47f2098d9
000005f4927431f9
000005f4c0bb3b59
00000beada85a161
000000000227b971
0000000000000181
000005f616ace7b9
000005f65beaba99
000005f6bba84639
000005f729d2b699
000005f78554f4b9
000005f81fa28159
000005f9329c11f9
000005f998f40639
000005f9a2272df9
000005f9f75e7ff9
000005fba004fa59
000005fbd65ec039
000005fc78475479
000005fcae2ac7f9
000005fcb3559919
000005fcbfa53279
000005fd1e502319
000005fdc888c859
000005feadd5cc19
00000bfd7af05b61
000000000227b971
0000000000000181
000005fed10642d9
000005ff1f20cfd9
000006018045fa99
00000601a78ff879
00000601e8075e39
000006027345a919
00000602f5fa5019
0000060344862d79
0000060371a2fbf9
00000603cbe9d359
00000604598069d9
00000604bacad539
00000605f762aad9
000006075a3a6419
00000607923a9319
00000607e803f919
00000607f2d672f9
00000c101b5b1561
000000000227b971
0000000000000181
000006087b5dded9
00000608ea5e7019
0000060976b48859
00000609a67ad039
00000609c1b4f419
00000609cf34c7b9
0000060a11b164b9
0000060a25c48499
0000060ad8264f99
0000060b253e8919
0000060b651f6679
0000060c3433d1f9
0000060d1a89c359
0000060d6a32ceb9
0000060ece7e5db9
0000060fa7f53c99
000006101ba05cf9
00000c22bbc5cf61
000000000227b971
0000000000000181
000006117e6479b9
00000612106b8d19
00000612dbd625f9
0000061610576f19
000006165f51d419
000006165f51d4d9
00000616c82fb959
00000616e4e82699
00000616e5a427d9
00000616e5acb3b9
00000617615db639
00000617c0c33659
0000061a61be2d39
00000c355c308961
000000000227b971
0000000000000181
0000061adbfc1c39
0000061af6e3a619
0000061bb1b1dcd9
0000061bcc39a5d9
0000061c135b4cb9
0000061c22451c79
0000061da81f8319
0000061df8f48e19
0000061df8f48e19
0000061e07229ab9
0000061e8e586219
0000061e8e7c4639
0000061ebf3bbb19
0000061f13e80519
000006206345dfd9
00000620fcd0aad9
00000621037a47f9
00000621c2d3c2b9
000006222627dc59
00000622841dc219
000006236b521199
00000623efcc5819
00000c47fc9b4361
000000000227b971
0000000000000181
000006246dc632d9
000006256963c0d9
000006262fb60a59
0000062650166bd9
0000062667b9a5f9
000006279e7b2f99
0000062927570259
0000062998100cb9
0000062a1bfca939
0000062c4fd1e199
0000062d2d2ff299
00000c5a9d05fd61
000000000227b971
0000000000000181
0000062dac8c0f19
0000062dfbd7a599
0000062e9b9e1db9
0000062e9fd63299
0000062fa1614699
0000062fefffe8b9
0000063175b87539
00000631f1ea1c59
00000633fe61ae39
000006346a44af19
000006347d1d0b99
00000635c48db459
00000635d6f721d9
00000636270b3c39
00000c6d3d70b761
000000000227b971
0000000000000181
0000063756444e99
00000637dbc99199
00000637fa799299
0000063926966e59
0000063a4eda5e99
0000063a51714ed9
0000063b10bdac79
0000063ba64c2ad9
0000063c4f05c0b9
0000063cb8b2c4b9
0000063d315f1119
0000063de2998e19
0000063e16e96779
0000063ec04fddb9
00000c7fdddb7161
000000000227b971
0000000000000181
00000640a9255d79
00000640be0dfe59
00000641df680b99
0000064373de79f9
00000643f7cb0059
00000646af072bb9
0000064747b5d7f9
00000647ee507d19
00000647efff28d9
000006480943a5b9
000006490bf5f919
000006493ddc85b9
00000c927e462b61
000000000227b971
0000000000000181
0000064a8db1b459
0000064aed6a5b59
0000064b65bde1f9
0000064c9bce5739
0000064d5094f9f9
0000064d5f4935b9
0000064db0fdd459
0000064ddc451359
0000064e02fb5459
00000650303b7559
000006506dc1b679
00000650c9cd3e99
0000065185e7e119
00000652497285d9
00000ca51eb0e661
000000000227b971
0000000000000181
00000652911ec959
00000652e1fb1639
00000652f0c9b0b9
0000065333b24099
00000653b98c45b9
00000653c1251eb9
0000065473aa6539
0000065492ebf9b9
00000655b55d25d9
0000065680d22959
00000656926ec939
00000656c7a375f9
0000065750332839
0000065780d0c4b9
00000657828803d9
00000657a90bb679
0000065982a550b9
0000065a924747f9
0000065b3ee72c39
0000065b53379879
0000065bd892b6d9
00000cb7bf1ba061
000000000227b971
0000000000000181
0000065c0f741879
0000065c951a2bb9
0000065dbbdebc19
0000065ec2208599
0000065f2406e519
0000066054971c59
00000660e1008ed9
000006612e3c2bf9
000006614040bd79
00000662cb4f3c19
00000662fbbbfab9
00000663451d3959
00000663cb52f9d9
0000066503dc9399
00000cca5f865a61
000000000227b971
0000000000000181
000006659012a559
00000665afc78ab9
00000665afc78b79
000006665687a479
000006673df1c699
000006691cf9fd79
00000669aba8c539
0000066a70578c39
0000066acebe4d99
0000066c18bbbbf9
0000066c87127159
0000066e42c58d39
00000cdcfff11461
000000000227b971
0000000000000181
0000066f474e8b39
0000066f5fe81839
0000066f80504539
000006706a8b2619
000006718f966f79
000006719a51c599
0000067343728af9
00000674037e9139
0000067479b9b979
000006755428a0b9
00000676397cc819
00000676a1a5e859
0000067705a7adf9
00000cefa05bcf61
000000000227b971
0000000000000181
000006785c9665d9
0000067890326939
0000067953b68f59
00000679e2afa779
0000067adf83c3d9
0000067b620c7e99
0000067b74c61139
0000067bc0c90159
0000067be6e83899
0000067c4dd920d9
0000067c7c408039
0000067d3c74c419
0000067dc355ba79
0000067e58aa5f59
0000067efc9f6039
0000067f0dbfdd59
0000067f1f7e5fd9
0000067f7a5ef099
0000067f94ed3fb9
0000067fba46de79
000006803ab5e979
00000d0240c68961
000000000227b971
0000000000000181
00000681fea73e99
000006821c0fa799
000006830cec4599
00000683a3a1eaf9
00000683cce3b299
00000683fda50e39
000006862a127a79
000006863008abf9
000006869a041079
00000687b2c33739
0000068830f1bcd9
0000068937d76d59
0000068a485c9459
00000d14e1314461
000000000227b971
0000000000000181
0000068a80a91119
0000068a9b07cfb9
0000068b90445379
0000068ca6c6f899
0000068e7142e519
0000068e93ec32d9
0000068f09fbd619
0000068f5fe583f9
0000068fa77139b9
0000069050446d59
000006906ee522f9
0000069090ed3f99
00000691091317b9
0000069226f95279
0000069242c240b9
0000069268a6ab39
00000692a1778cf9
00000692f21996b9
00000692f2206c99
0000069313e13899
00000d27819bfe61
000000000227b971
0000000000000181
00000694810f8259
0000069507b6c499
00000695d5aecc19
00000695e2501b99
00000696cfe6b719
000006971d9edd59
00000697b1822db9
000006984becffd9
0000069851cebb99
0000069a44639939
0000069b39824079
0000069bb9586e79
0000069bc10e4ed9
0000069cac9702b9
00000d3a2206b861
000000000227b971
0000000000000181
0000069dfb327899
0000069ecb7d42d9
0000069f10abbc39
0000069f560d2eb9
000006a066698519
000006a0b8064c19
000006a11866df39
000006a17e3349b9
000006a28ee19bd9
000006a4159f7e59
000006a4290ff2d9
000006a455e21059
00000d4cc2717361
000000000227b971
0000000000000181
000006a674704579
000006a89c3d1219
000006a8e4a63f19
000006a932a0a239
000006a956667cd9
000006aa3a2587d9
000006aa88f02659
000006aac3f781d9
000006ab8ef456b9
000006abd1d2eef9
000006abd4632979
000006acdcf411b9
000006af0b7ab9b9
000006af1e5d26b9
000006af649fd079
00000d5f62dc2e61
000000000227b971
0000000000000181
000006aff885c019
000006b020b77479
000006b09f313879
000006b1b39a09d9
000006b2d170f079
000006b3189377b9
000006b31a48f8b9
000006b4a4a28119
000006b4cc7cd039
000006b6547fdbb9
000006b76b397679
000006b82e3b3859
00000d720346e861
000000000227b971
0000000000000181
000006b9b5d2bcd9
000006bb50d92799
000006bbd88de639
000006bbe987bcf9
000006bd9318b959
000006be6552a459
000006beae368df9
000006bed5192859
000006bee3af4fb9
000006bef3a20a99
000006bf314bdd99
000006bfbcbb52b9
000006c003ea0879
000006c0318773d9
000006c0cf37f7d9
000006c139a5e3b9
000006c1aaec5599
000006c1bd72d8d9
000006c235de3e79
00000d84a3b1a361
000000000227b971
0000000000000181
000006c2fa568f99
000006c45ce231d9
000006c5734dab59
000006c6478c7c99
000006c688a39899
000006c7946c17f9
000006c8e3efe619
000006cadbb89719
000006cb6e981b19
000006cb8ace4979
00000d97441c5d61
000000000227b971
0000000000000181
000006cbdd1b2f39
000006cbe14abc39
000006cdfe78feb9
000006ce02a1b4f9
000006ce83fa0ed9
000006ce8cc85179
000006cf1d959a79
000006cf52ad6d99
000006cfbfcc4c19
000006cfd52df859
000006cfee97d159
000006d0029621d9
000006d0e44bc2b9
000006d0f9694d99
000006d18dfa6679
000006d19f592e39
000006d27d98b0f9
000006d3340310d9
000006d3440d9499
000006d3ae7ddb79
000006d482efd559
00000da9e4871861
000000000227b971
0000000000000181
000006d5d4537679
000006d686fe47d9
000006d763edfd99
000006d7ff49d439
000006d817b6e979
000006d99a151e19
000006db4834a0b9
000006dbcb46a199
00000dbc84f1d361
000000000227b971
0000000000000181
000006de8ed1e559
000006dfb39b7779
000006e0f25efcd9
000006e121ea7379
000006e17db56b79
000006e2d2054f39
000006e362958d39
000006e4438cc7f9
000006e45af15fd9
000006e46be11879
000006e4ecc1eb79
000006e5257b09d9
000006e5aa991059
000006e5ebe9b139
000006e611dd4119
000006e619f1f539
000006e63c0e1199
000006e6d3dd4f39
000006e78b427c79
00000dcf255c8d61
000000000227b971
0000000000000181
000006e79f9d30f9
000006e80909ceb9
000006e829355fb9
000006e887041ef9
000006e8cc3784d9
000006eb5d1da2d9
000006eb90caa499
000006ebdd9fb119
000006ed1dd6fab9
000006eda8fdf399
000006ee1fcfb3d9
000006ee36749d59
000006ee4c994a59
000006eeea8a3fb9
000006f033686499
000006f0bbb959b9
00000de1c5c74861
000000000227b971
0000000000000181
000006f13fdaad39
000006f2847e7139
000006f3a37ca879
000006f5f2418299
000006f6cc399a59
000006f73123bc39
000006f9dd2dfe39
000006fa004013b9
00000df466320361
000000000227b971
0000000000000181
000006fa62eb3d19
000006faa22a8df9
000006faaa1a9059
000006fad40fe259
000006fb94d41b59
000006fc721c8359
000006fcd13a54f9
000006fcfd821bf9
000006fd4afd14f9
000006ff1ef93e59
000006ffaadddd59
000006ffeea1aa79
00000700596bd419
000007016d1501f9
00000701bc9bf699
00000e07069cbd61
000000000227b971
0000000000000181
000007041686e479
000007042fd3fa79
0000070480b27d79
000007049c9bc279
000007058bc501f9
00000706182fc779
00000706c466c6b9
0000070758184ef9
000007077acf1b79
00000708fd962c19
0000070923b72559
0000070981f5c8b9
0000070a2bf6d779
0000070a3615a379
0000070aa77633f9
0000070bc6d96cb9
0000070c37283059
0000070c8daa3f19
0000070cc729bcf9
00000e19a7077861
000000000227b971
0000000000000181
0000070d348a9239
0000070d7e89eaf9
0000070df7419419
0000070ea273c899
0000070fc306f9b9
0000071028f45d39
000007105f165719
00000710677dedf9
00000710c673b759
0000071206288899
00000712103b69f9
0000071249b244f9
00000712c2d1f879
000007137e3e3059
0000071404ee1c59
0000071404ee1d19
000007145dca2639
0000071503265a39
00000e2c47723361
000000000227b971
0000000000000181
000007170e08afb9
00000717a1474979
00000718ed4bc1b9
0000071924ed04b9
000007196c5801b9
00000719ce668159
0000071a7fed3439
0000071b2f1a22b9
0000071b7e703db9
0000071b8bd621f9
0000071cf39f00b9
0000071cfdbdb3b9
0000071e2ad19439
00000e3ee7dcee61
000000000227b971
0000000000000181
0000071fc4e44b39
0000072030bd8cd9
00000722b1e1dc79
00000723418cda39
00000723666fce79
00000723f82da559
0000072457bc1519
0000072484238159
00000724ce6e4e39
000007263c949c19
0000072764b23f79
00000727b2a91c79
000007282d4cc519
00000728a5715279
00000e518847a961
000000000227b971
0000000000000181
00000728f5cbced9
0000072907c99a19
0000072a0af2bc19
0000072a134bdd39
0000072a4ce7a699
0000072aab7cd259
0000072c5f68bf19
0000072c8af1a539
0000072d5f83cef9
0000072ed3576579
0000072f3d1a7779
0000072f56697c19
0000072f6084f679
00000730a9b6eb19
00000730ce110019
00000e6428b26461
000000000227b971
0000000000000181
00000732cfb4f1d9
000007332e0d1739
0000073389a56c39
00000734f33da479
00000735ad695cd9
00000735c9f1ea99
0000073652f51219
0000073757e87979
000007382e778e39
000007387978e219
0000073a1a5e7399
0000073a1ce7ea19
0000073b4828c039
00000e76c91d1f61
000000000227b971
0000000000000181
0000073b8cede359
0000073c06cb4319
0000073d6432d019
0000073f46f0dbf9
0000073f7114e479
0000073fe9c3cd19
0000074005456599
0000074180fde079
00000741d3aa6bf9
00000742b6b26e19
00000743063cbf99
00000743fa26f1f9
00000744029e2e19
000007443454b3f9
00000e896987da61
000000000227b971
0000000000000181
000007452f08f439
000007463f1455b9
00000746b4f4b4d9
000007471e4f16b9
00000747910d8139
0000074a675a5d39
0000074ae6584079
0000074c63c23679
0000074d4e159959
0000074de18e08b9
00000e9c09f29561
000000000227b971
0000000000000181
0000074fd2de9219
0000074fd8be7a99
0000074ff3ae6fd9
000007507979c019
0000075256e61899
000007527b3c4459
000007527dbed379
00000752a71f3339
00000752c2ce9e59
0000075311ec3919
00000753a1d4ca59
00000753f4f626d9
0000075499ff3a59
00000755a20deb99
00000755e8aa97b9
000007567c02bfb9
00000756a13f7b79
00000756d4402759
00000eaeaa5d5061
000000000227b971
0000000000000181
000007575c386019
00000758a2902579
00000759604dea39
0000075bb9587fb9
0000075bdbc2d2d9
0000075d1e029639
0000075d54bede19
0000075ece443079
0000075f7c4f6fd9
000007608faf5439
00000ec14ac80b61
000000000227b971
0000000000000181
00000763ac9cf879
000007648ef45d99
00000764a07fc9b9
00000764a4c3dd19
0000076545eed739
0000076565119fd9
0000076656af5099
00000766f4029b39
00000767235fcbb9
00000767a4ab6259
00000767de7c4f39
00000767f01389b9
000007684c6b7ff9
000007694bb68959
00000ed3eb32c661
000000000227b971
0000000000000181
0000076a20598ef9
0000076a6d20edb9
0000076c75dbdc79
0000076c9a63d059
0000076e468e2e59
0000077044970f19
000007707bfcf3b9
000007708a47ecb9
00000770f88faf59
00000770fd9f1ef9
0000077111d42099
00000771680860f9
00000771b0d678d9
00000771b2852679
0000077307921979
00000ee68b9d8161
000000000227b971
0000000000000181
00000773aa997ad9
0000077450897a39
00000775308021f9
000007765333c8b9
00000776e1def4d9
00000777966950f9
00000777df2bab19
0000077806212159
000007787a9f41d9
00000778bb977919
00000778bc67f8f9
00000778f1a3a239
000007790e86c859
000007793d289259
000007794e1f33b9
0000077a0c2957f9
0000077abcb064d9
0000077b769471d9
0000077be16e6c39
00000ef92c083c61
000000000227b971
0000000000000181
0000077ceff046f9
0000077dec8ca0b9
0000077ea0422f19
0000077eb6e017d9
0000077ee4c4ed39
0000077f9a366819
000007801ee282b9
000007806567cc19
00000780f3be3019
00000781987b7479
0000078217e71299
000007827b199779
000007838f23fcb9
00000783bf65f779
00000783e2c7a439
00000783e49be379
00000784305f3e39
000007844f09bf19
0000078485d11559
00000784cf4a2359
00000f0bcc72f861
000000000227b971
0000000000000181
00000785efce5b79
000007871859a5f9
00000787ccf35a19
00000788f8a5ed19
000007892b455139
0000078a1fa29f79
0000078a780d4939
0000078b3c80ba79
0000078b466aa4b9
0000078bba77c099
0000078c8954ab19
0000078deb277e99
0000078e4dc53b59
0000078e6f1f8879
0000078ed63ec879
00000f1e6cddb361
000000000227b971
0000000000000181
0000079070338c99
000007923f534579
000007925dfa6f19
000007925dfa7f79
00000792ecf1e999
0000079402d2c1f9
00000794b04de419
000007957a8cf259
000007960f96d8d9
000007962164f199
000007969085b079
000007969a79d7b9
000007987f76c5b9
00000f310d486e61
000000000227b971
0000000000000181
00000798ebac8a19
000007992cda0619
0000079962964d99
00000799b7cfb9d9
00000799b7cfba99
0000079b22a64cd9
0000079b31e07f59
0000079b70432779
0000079c77ef0db9
0000079d47f69299
0000079d7a790379
0000079ed49d32d9
000007a034fb3439
000007a0896ae839
000007a185168279
00000f43adb32961
000000000227b971
0000000000000181
000007a2376b0559
000007a23fede879
000007a4c30cee19
000007a70bbc17b9
000007a73bfe1d99
000007a7e3a51519
000007a91daeaf39
000007a959973199
000007aa228efe99
000007aa3dbc3bf9
00000f564e1de461
000000000227b971
0000000000000181
000007abbc6a6ef9
000007abd931cdd9
000007ac16106939
000007ac42214b19
000007ac657fac79
000007ac728b2819
000007ac8f0bea79
000007ad59167739
000007af980ca3d9
000007b0171eb939
000007b0326613b9
000007b1b9780e99
000007b2c3786d99
000007b310975139
00000f68ee88a061
000000000227b971
0000000000000181
000007b47d9a0239
000007b4b60f38d9
000007b51ec1cc99
000007b561acaed9
000007b5d0e506f9
000007b62e367019
000007b6fbc96a39
000007b8cbb3aa59
000007b9f7f4e799
000007ba212fdc19
000007bc4526ac79
000007bc66138f59
000007bd3379e479
00000f7b8ef35b61
000000000227b971
0000000000000181
000007bdf8620999
000007beab9653f9
000007bedb76a839
000007bfea9e1b39
000007c00b5455f9
000007c07d880af9
000007c09c8581b9
000007c207c62e79
000007c266a513b9
000007c2ab0d05f9
000007c332c6f859
000007c3ef7f7c79
000007c44e7982b9
000007c5a3be4e59
00000f8e2f5e1661
000000000227b971
0000000000000181
000007c9689ecc79
000007c9cc1ab4d9
000007c9d2145199
000007c9ec132bb9
000007ca3c23be59
000007ca4f7c8fd9
000007cbd86f81b9
000007cbf635edf9
000007cc5690be99
000007ccb2165b99
000007cccfa11279
000007cd8bd8f0b9
000007cde1582999
000007cf6b06bb19
00000fa0cfc8d261
000000000227b971
0000000000000181
000007d0bb2717d9
000007d176c52959
000007d1af0f5479
000007d26a4f8a19
000007d37f1783b9
000007d385dabdb9
000007d3884fa879
000007d48c336d39
000007d4cb108c39
000007d549c65d19
000007d56dad1919
000007d7b0cebb39
000007d7b5dc8319
000007d7f722c119
000007d8082c5f79
000007d861743b79
000007d863153fd9
000007d87ab79459
000007d90e9e23d9
00000fb370338d61
000000000227b971
0000000000000181
000007d9d1292079
000007dabd55cb79
000007db6190ac19
000007dcd0eebfd9
000007dd8c9d12b9
000007def2582c19
000007e162d55799
000007e1ea00e759
000007e224177299
000007e25d475359
000007e2611c5419
000007e268276f59
00000fc6109e4961
000000000227b971
0000000000000181
000007e42e72be79
000007e4a80021b9
000007e5100c1159
000007e54d75b8f9
000007e5e699a9f9
000007e7ec78f5b9
000007e81d40feb9
000007e86fc66059
000007e8b40ca499
000007e91b1bd559
000007ea4a289439
000007ea56c87279
000007eb3b456559
000007ec134296f9
00000fd8b1090461
000000000227b971
0000000000000181
000007ec9580e979
000007ece7aab8f9
000007f02b06b839
000007f032452c59
000007f09417d3d9
000007f216f855b9
000007f231a7a0f9
000007f2552dcf79
000007f28bd48bf9
000007f3c66330f9
000007f3cd29e2f9
000007f442ce02f9
000007f452ba33f9
00000feb5173c061
000000000227b971
0000000000000181
000007f65cdd1ad9
000007f65cdd1b79
000007f7068b4e99
000007f78a6f2099
000007f7fd25d439
000007f85041db79
000007f85f4587f9
000007fafd5e0fd9
000007fb7f2673f9
000007fba4244df9
000007fc27800799
000007fd7cdcff99
000007fdd93e9d39
000007fdedb82fd9
000007fe039da159
000007fe7d70f319
000007fe9d5d6d79
000007fec9f75439
00000ffdf1de7b61
000000000227b971
0000000000000181
000007ff1143ad39
000007ff323c5e19
000008004ee8feb9
0000080070b3cc19
00000800cf0b1219
00000801b99b3ed9
00000801e5053859
0000080205015479
000008021ca50ad9
000008029482d579
00000802e5d82519
000008040ee77119
000008041b7ed079
00000804795f9d39
000008047a38af59
00000804ff30ecb9
0000080556f2ee79
00000805ee1e23d9
00000806f85a7759
000008073c557c19
00000807821059d9
00000807aff16279
000008083bb4e799
0000080845bbef19
0000101092493761
000000000227b971
0000000000000181
00000808d03195b9
00000809ad2892f9
00000809ca8866b9
0000080a00edd6f9
0000080a25cb6859
0000080add0550b9
0000080b160d7279
0000080ba2649479
0000080bee171059
0000080c44788079
0000080c53943599
0000080cf1860439
0000080cf3382079
0000080d6a8b3b39
0000080e1e0bd179
0000080e6156c179
0000080f4a12e3d9
0000080fcdbc5319
000008102979bf19
00000810750fb059
000008107f1336b9
000008110b931959
0000102332b3f261
000000000227b971
0000000000000181
00000811cf2059b9
000008127b1d95f9
000008128d6172b9
000008145e4e5c19
00000815a2a29499
000008168a251bb9
000008169ac134b9
00000816da68fa99
00000817712d8f59
000008188cb78bd9
00000818bcd0e819
00001035d31eae61
000000000227b971
0000000000000181
0000081b011820b9
0000081c22a40a99
0000081d1f297ad9
0000081d8b557999
0000081db4ea4199
0000081db925db59
0000081e46069d99
0000081e93c8e359
0000081fb52322f9
0000081fd5cc0bb9
0000082136a5ed39
000008215c9c25b9
000008219b9babf9
00000821f4c218d9
00000823113618d9
0000104873896a61
000000000227b971
0000000000000181
00000824819117d9
000008249c0d6699
00000824c8545fb9
0000082514867719
000008254fc6c599
00000826298f0f99
00000826c3ad68d9
00000827b6ae47d9
0000082a28ca3319
0000082a5e6cee99
0000082a84dfcd19
0000082bdcf9d119
0000082caea54099
0000082caea54159
0000082ccd718fd9
0000082d250991d9
0000105b13f42561
000000000227b971
0000000000000181
0000082e4617f599
0000082e461ecb79
0000082e8ec73679
0000082ebc18e299
0000082fcdfc0d99
0000082ffb948e39
000008308e2958b9
0000083167aa3b99
00000831eb8463b9
00000832e01f6cb9
00000833675a12f9
000008344ffb6519
00000834f3c58459
0000083603629eb9
000008369f7615f9
0000106db45ee161
000000000227b971
0000000000000181
00000838cf929679
00000838d389c059
0000083c89d5dbd9
0000083dc443dbb9
0000083eb61a33b9
0000083ffb615539
0000108054c99d61
000000000227b971
0000000000000181
00000840738552f9
0000084186eddbf9
0000084320d61819
00000843c80c6319
000008440108ee39
000008444281d7b9
0000084492eee779
000008449f849ad9
00000844df776ef9
00000844f5fa62d9
000008455b88adf9
0000084581e4d0f9
00000845c85169f9
000008466ff37f39
00000846bfbff759
00000846ecfb1e99
0000084765240419
000008482f43f9f9
00001092f5345861
000000000227b971
0000000000000181
00000849986f0539
0000084ad1b18819
0000084aee3b8539
0000084af0084779
0000084b042b5ad9
0000084b712cfb79
0000084c80dbe579
0000084c86c0ee79
0000084cc03b0cd9
0000084ccc113dd9
0000084ce1324079
0000084d61bfc259
0000084e89eea1b9
0000084f2ce0e039
000008500ab3a299
000008501806c639
00000851049c87d9
00000851121a7d59
00000851565b6759
000008520b0fd539
00000852b714ef19
000010a5959f1461
000000000227b971
0000000000000181
0000085421a17e39
000008542345ef19
000008550ad754d9
000008562deb1099
00000856e420db79
0000085829520939
0000085916bc1759
00000859848e5ff9
0000085997b0b759
00000859d0ada8d9
00000859f7dcab59
000010b83609d061
000000000227b971
0000000000000181
0000085c29cb8359
0000085cc6c9b459
0000085ccbe1bdf9
0000085d13deb919
0000085db820f9b9
0000085db820fa59
0000085e32d02399
0000085e52d300f9
0000085ea7cb6619
0000085f1a498339
0000085f5e2feef9
0000085fbdc49eb9
0000086071e06739
00000861741a29d9
000008619ef9b099
000008620ba6d339
000008621d24aef9
000008648b942a39
0000086560fa2299
000010cad6748c61
000000000227b971
0000000000000181
0000086608c59f99
00000866845186d9
0000086728041499
00000867c947df59
00000867dc66c2b9
00000869a04e6899
0000086ad74caeb9
0000086b5a0a20d9
0000086b83909b19
0000086e2b0f24b9
000010dd76df4861
000000000227b971
0000000000000181
0000086ee26315b9
0000086f6d199af9
0000086f802939f9
00000870fafbc599
0000087253c2ccb9
00000872894fc599
00000873c15c94b9
00000873c59155d9
000008740543be79
00000874c05a7779
00000875292780f9
000008754af11f79
00000875debd19f9
00000875f301afb9
000008772ed1d439
0000087746491d39
000010f0174a0361
000000000227b971
0000000000000181
0000087aba13c4d9
0000087b0e23c459
0000087c5d728319
0000087c7417d619
0000087e7c952f39
0000087ecb290db9
0000087ecb290e79
0000087ee28faf59
0000087f19e125f9
0000088028a412b9
00000880627eacd9
000008808ac55499
00000880f55d0d19
00000880f9ee13d9
00001102b7b4bf61
000000000227b971
0000000000000181
00000881ca20bdf9
000008837cabdc39
00000883d978ba39
0000088506900c19
000008853207d439
0000088559614319
00000885dc0b7319
000008868ff25299
0000088698dd5919
0000088755103959
00000887d35ec479
00000887d5bbcd19
0000088804bbbaf9
000008882d02a9d9
00000888a5fc6199
00000888bb7676d9
00000889b90f0459
00000889d80cb7b9
0000088a046ee059
0000088a7baf6279
0000088a98516b39
00001115581f7b61
000000000227b971
0000000000000181
0000088b54214eb9
0000088c3a969d79
0000088c538b3e99
0000088d5fb5ca99
0000088d6f928c99
0000088da442ca79
0000088e0b4477f9
0000088e78d64c39
0000088ee20a88b9
0000088eff6fb899
0000088ff29a8e59
0000089085d6d259
0000089133d53859
00000892e761df79
00000893b3e236d9
00000893be45cc79
00000893cb0d3cd9
00001127f88a3761
000000000227b971
0000000000000181
0000089403d0c7b9
000008948f558419
00000894a106d5b9
00000894ccc76af9
00000894da0b8e99
00000895547a61f9
0000089569f18239
00000895771c48f9
00000895e83982f9
00000896696cebf9
000008969030e9b9
0000089693fff799
00000896f4d02e79
0000089719a01099
0000089817f582b9
000008991ede3fd9
0000089aba9458b9
0000089af2f3f5b9
0000089b05330cb9
0000089b383edfd9
0000089caa3b17b9
0000113a98f4f361
000000000227b971
0000000000000181
0000089d53c31db9
0000089e853fe399
0000089ed59c7939
0000089f7e815ed9
0000089f9885b639
000008a08d8d42d9
000008a0bd4ad6b9
000008a0dc6c2c79
000008a1d6a510b9
000008a1fc29de99
000008a334967999
000008a369a5cef9
000008a4731ac059
000008a47df09f79
000008a564864779
000008a57590acb9
000008a695e89039
0000114d395fb061
000000000227b971
0000000000000181
000008a747464bf9
000008a8305ef459
000008a8843771f9
000008a8aa078859
000008a8cc7355f9
000008a908bae499
000008a916a3b0d9
000008aa106107f9
000008aa3598df19
000008aa683ea579
000008aacfbbe679
000008ac184ae9b9
000008ad17ced099
000008ad4976b719
000008ad71d57d39
000008ada8562f59
000008addde9c699
000008ae1b2a5839
000008ae877d5139
000008ae8f1ebd79
000008af72b121d9
000008afe8268e79
0000115fd9ca6c61
000000000227b971
0000000000000181
000008b0a3db3099
000008b0c6219e59
000008b1af165c59
000008b25b5fb939
000008b2b2847239
000008b3f0081159
000008b444023dd9
000008b5920452d9
000008b5abf60b19
000008b733557779
000008b79b3864d9
000008b8bfcc8879
000011727a352861
000000000227b971
0000000000000181
000008b969f78599
000008ba26aa8099
000008baabdaba79
000008bb07d35759
000008bb11346fd9
000008bc270c19f9
000008bc917f63d9
000008bd44ded399
000008bf10b71659
000008bf3588d899
000008bf54a6be19
000008bf7c145ad9
000008c0b82dfed9
000008c1164f70f9
000011851a9fe461
000000000227b971
0000000000000181
000008c2a3dd4c19
000008c341e39299
000008c36b7d8439
000008c3b20cf1d9
000008c485ae6f19
000008c68a04b619
000008c700312e79
000008c738936d79
000008c7d3fc8659
000008c8abe32839
000008c8fa2ce939
000008c9e98b0799
000008cb2f98c979
000008cb78e5e4f9
00001197bb0aa061
000000000227b971
0000000000000181
000008cbefce88d9
000008ccf644f0d9
000008cd03ac9db9
000008cdfe8a39d9
000008cf0cfbd919
000008cf405e0f59
000008d0f59d1bb9
000008d1e2ba9cd9
000008d202d51739
000008d22c27cfd9
000008d439a17a59
000008d48d8fe599
000008d4daf218b9
000008d4e1667e59
000011aa5b755d61
000000000227b971
0000000000000181
000008d697fc4e19
000008d6becfdd59
000008d71f2cf6f9
000008d82389c399
000008d8d5ae1c19
000008d967f69df9
000008da6ddb74f9
000008da72ec9b59
000008da7a9f0079
000008da9b9254d9
000008db3062a8d9
000008dccf7a8399
000008dcea5c5019
000008dd73e51ab9
000008de174e18f9
000011bcfbe01961
000000000227b971
0000000000000181
000008df9d2647b9
000008dfc126d739
000008e0697dbb39
000008e0750f7079
000008e211a4b479
000008e2985e4bd9
000008e2ba0905f9
000008e31c277d79
000008e37c96f879
000008e3a0174859
000008e41a719d59
000008e4b4ff0f99
000008e53cad9079
000008e69402f399
000008e6f7095db9
000008e6fce5e1d9
000008e796ea7d79
000011cf9c4ad561
000000000227b971
0000000000000181
000008e8b613bbf9
000008e8eaa33839
000008e925b50b19
000008e94a90cb79
000008eaff4d3c39
000008ec529a06b9
000008edb620c7b9
000008eecc6a0939
000008efe072edb9
000008f0057c8bb9
000008f06ae57a19
000008f085d1c479
000008f0bcbd9019
000011e23cb59161
000000000227b971
0000000000000181
000008f12ec2ead9
000008f1c0ac4a39
000008f29a9622f9
000008f2e5b89e79
000008f306b4c679
000008f3398c14b9
000008f352b88299
000008f3c03cca59
000008f3cb32f3b9
000008f401d58f79
000008f4f4c54559
000008f51508ae19
000008f593b986b9
000008f64e15fc79
000008f696975f19
000008f6a84d3899
000008f6e455fb39
000008f7601477b9
000008f818744939
000008f846028ab9
000008f8c8cf3dd9
000008f9345ef8f9
000008f96dc22eb9
000008fa17dcd779
000008fa54817359
000011f4dd204e61
000000000227b971
0000000000000181
000008fa94740659
000008faf8edf219
000008fbb41ad139
000008fc6a7d9c79
000008fe81f7b659
000008fecb244e99
000008ff2bdb50b9
000008ff50084a79
00000900b5a5f0f9
00000901025b4e59
00000902a7a56e99
00000902b84f2999
00000902bc96a099
00000902de6331f9
00000903b6fa4af9
00000903bcc23cf9
000012077d8b0a61
000000000227b971
0000000000000181
00000904410bf1b9
000009051263e759
00000905c13d4f19
00000906b34d7d99
000009079169bef9
00000907c9b63979
000009093faa04b9
00000909798843b9
00000909910b9979
0000090b76a1f4f9
0000090c1716ec19
0000121a1df5c761
000000000227b971
0000000000000181
0000090deb0bd619
0000090e97ab2bf9
0000090f02b063b9
000009101baf7eb9
00000910f790b879
000009125b8aeb19
00000912a8e58439
0000091384865319
00000913bfa018f9
0000091402691b99
000009149c7e1d79
00000915d9050739
0000122cbe608361
000000000227b971
0000000000000181
00000916aff43b19
00000916cefbb919
00000916f7925639
000009179daf5099
00000918503bbfd9
0000091886bd60b9
0000091a5b754d99
0000091ab64028b9
0000091af9058219
0000091b4453ab79
0000091bf02d1e79
0000091e7be1bc39
0000123f5ecb3f61
000000000227b971
0000000000000181
0000092287284ab9
00000922a731d0f9
00000923ab9a7719
00000924171972f9
00000924f0ab2639
00000924fc940159
00000924ff20d459
00000925070f27f9
00000926e1939319
00000928a5e4c1b9
00000928d8932f99
00001251ff35fc61
000000000227b971
0000000000000181
000009291612b099
00000929cda85e99
00000929e7bd6fd9
0000092a045f7279
0000092aae708b19
0000092ad2ab7d59
0000092c1580ba79
0000092c79106939
0000092cac8544d9
0000092cf41c6279
0000092d16941019
0000092d18506199
0000092d1e4151f9
0000092d97d54979
0000092deeca72d9
0000092e1d42a3b9
0000092ecef86b99
0000092ede32a599
0000092f6c357a19
0000092fff5a4339
00000930621b9819
00000930dbe76419
00000931e1448839
000012649fa0b861
000000000227b971
0000000000000181
00000932f0aa4799
000009332e838519
0000093331da0b79
000009334dcbb7b9
0000093364945639
00000933bca665d9
000009340f5430b9
0000093601e5a459
000009360cdbccf9
0000093704621a99
00000937861a6f39
000009378cf8e8d9
0000093872b03439
00000938c06a64f9
00000939d4a1ba39
0000093abebed9d9
0000093b3b5e8319
00001277400b7561
000000000227b971
0000000000000181
0000093cd6e8c1b9
0000093d03591119
0000093d1a9c8939
0000093d8b11c979
0000093dab0f2b39
0000093e7011f719
0000093e70e79639
0000093ed81550b9
0000093f30e02719
000009407be01a99
000009432d801f19
000009433d9bddf9
000009444266db59
00001289e0763261
000000000227b971
0000000000000181
000009461406b1f9
000009466e6d62d9
00000947793ef379
00000948380e3919
00000948b9e610d9
0000094ae9320af9
0000094bcc2892f9
0000094c119ab099
0000094d96ec1ef9
0000094da6c75e39
0000094da758a699
0000094dd3a870d9
0000094de88c8959
0000094e3ddd1c19
0000129c80e0ee61
000000000227b971
0000000000000181
0000094f1b27b6b9
0000094f43848079
0000094f755ba2f9
0000094f80319219
0000094fa588dc39
0000094ff5fa2599
00000950116909b9
00000950765cd159
00000951cb1b1f39
0000095200a7de79
0000095292249879
00000952a1e47499
00000952d9f1f5b9
00000953b9d35bf9
00000953d8cbf9f9
000009545a8a5f99
0000095471e66f19
00000954bfe224d9
00000955202fa7f9
00000955fc825719
000009565f710f59
00000957311074b9
000009574fbaa159
000012af214bab61
000000000227b971
0000000000000181
00000957f7e1ed59
0000095859003499
000009585aaee7f9
00000958af6c1739
00000959201725b9
0000095a8ac310b9
0000095b0d6bf6b9
0000095b3573d359
0000095bc4da6079
0000095d63685c59
0000095dc4a362d9
0000095de71108f9
0000095e58d3efd9
0000095f461680b9
0000095fb75fe579
000009601029ed39
0000096062637939
00000960d4455d59
000012c1c1b66761
000000000227b971
0000000000000181
00000960e9389459
00000962532c48f9
000009631f9d0eb9
00000963b57af3b9
00000963d265e3b9
00000963de422639
0000096411697c79
0000096479734cb9
00000964d25ca999
00000965e25cbdf9
0000096688246d39
000009670a732599
000009672c4fd739
0000096773c60919
00000967946bab79
000012d462212461
000000000227b971
0000000000000181
0000096a6075c659
0000096aa10b1f79
0000096b1a840db9
0000096c1bdd56d9
0000096deaed7099
0000096dfee73779
0000096e09c41319
0000096e7a098a59
0000096e9ee74279
0000097086fe57b9
00000970c29adad9
00000970ec4358d9
00000970fc884539
00000971c9d1d599
00000972635fbf59
000012e7028be161
000000000227b971
0000000000000181
00000974055a0ab9
00000974732f3d99
000009749861b579
00000974c34b55d9
0000097566dc9cd9
00000975e8836559
000009770b9ebb99
000009781d569cf9
000009784a0ab799
0000097966293819
00000979835b29f9
0000097a006237d9
0000097a41fe6f19
0000097a52043e19
0000097a614fd319
0000097abbaf2579
0000097c555941d9
000012f9a2f69d61
000000000227b971
0000000000000181
0000097dfcde2979
0000097e651ca119
0000097ecf5ec019
0000097eebd0ced9
0000097f134bf6b9
0000097f3ac74739
0000097f858c9559
0000097f8b7bd859
0000097f973d5579
000009800137ed59
00000980172cd4d9
00000980f162a3f9
0000098176c06d79
00000982504ecbb9
000009832d4a44b9
0000098330b03759
00000983cc39c1b9
000009841945ef59
0000098424636919
000009849eee66d9
00000985af3fb519
0000130c43615a61
000000000227b971
0000000000000181
00000986974a2239
000009871da118f9
000009873cd6bf79
00000987f4766cb9
0000098832fc9ab9
00000988415dcff9
0000098910827db9
000009895b886299
00000989c0b0ca39
00000989dfd25eb9
0000098a74aeb0b9
0000098a90673499
0000098ac8f8fdf9
0000098b2a61b579
0000098b926834b9
0000098bab8969d9
0000098d04c5bb19
0000098d33fe8719
0000098e86be5899
0000098e8d740239
0000131ee3cc1761
000000000227b971
0000000000000181
0000098f7b592739
00000990011277f9
000009901f55aaf9
000009902d83bc79
00000991518dbf39
00000991a6cde439
00000992030538f9
00000992cfd215d9
00000994de3c1a39
0000099543992bd9
000009956b9a35f9
000009957e0755f9
00000996dbf6c579
0000099756fc77b9
000009978188e939
0000099868953e39
000009987caf1f59
000009988a1522b9
000013318436d361
000000000227b971
0000000000000181
00000998c4eb2339
00000999ce44e659
0000099af7473919
0000099b78f64ff9
0000099bd2937739
0000099c14221b79
0000099ca77ee179
0000099cb69d22b9
0000099db96a7d59
0000099dbcc62a79
0000099e4f2e1f79
0000099ec44a2a19
000009a004e438f9
000009a04ee93d19
000009a1a07ccbf9
000009a1cbff08d9
0000134424a19061
000000000227b971
0000000000000181
000009a214e66ed9
000009a285343f79
000009a2a01170f9
000009a30f4becb9
000009a33ebc6919
000009a3b19dd219
000009a433666d79
000009a54e895c19
000009a559d86d79
000009a5a6490759
000009a5f94d1559
000009a6209a8179
000009a646e61719
000009a77e3f6179
000009a7c695f659
000009a7e7f97479
000009a8ee9019d9
000009a906b2a2b9
000009a974f1c119
000009a9ce06a979
000009aa03a29f39
000009aae26c9919
00001356c50c4d61
000000000227b971
0000000000000181
000009aba9ac3279
000009abee1e4419
000009ac28b030b9
000009ac7ad7fbf9
000009acb3228879
000009ad1fd0e099
000009ae28549eb9
000009ae4ddd3f19
000009b01c32eed9
000009b14af7a759
000009b1b3fd8019
000009b1deecf4d9
000009b205558af9
000009b224552779
000009b25046ad19
000009b3479f7d99
000009b3c5d7deb9
000009b47ec765b9
0000136965770961
000000000227b971
0000000000000181
000009b4daea6579
000009b57aaebf19
000009b5e69f5c99
000009b74395cc19
000009b8a67e6619
000009b8c2427979
000009b918544b99
000009b9703a7379
000009ba1cd463d9
000009bac34440b9
000009bb76023c19
000009bc0c5dec79
000009bce4d3a4d9
000009bcfa98f6f9
0000137c05e1c661
000000000227b971
0000000000000181
000009bf4fe4d379
000009c0145a6079
000009c029713f39
000009c07248c899
000009c15ffe8759
000009c28c4b4db9
000009c3e75782d9
000009c418cdfab9
000009c50429ded9
000009c5b635f439
0000138ea64c8361
000000000227b971
0000000000000181
000009ca91682bf9
000009cb3c4993f9
000009cc32d70ff9
000009cc390072d9
000009cd04afbb79
000009cd61243519
000009ceefefe979
000009cf89695939
000009cf996f1d59
000009cfbda80bb9
000009cfbda80c59
000009cfe4e20b99
000013a146b74061
000000000227b971
0000000000000181
000009d0aa465b99
000009d0cb7772f9
000009d0d97c6cb9
000009d20b7f8239
000009d310e499f9
000009d36d3fc839
000009d3fed14d79
000009d594e4b8f9
000009d6d804d519
000009d703c02cb9
000009d7716d16d9
000009d7b399af39
000009d93866a119
000013b3e721fd61
000000000227b971
0000000000000181
000009da444822d9
000009da517fd399
000009dbc0bdfeb9
000009dc7270ddd9
000009dd64ac7d79
000009dddace6599
000009ddeca9ef79
000009df4b0e08d9
000009e0665ddd19
000009e08efcc2b9
000009e1e96948d9
000009e1ee7a5cf9
000009e1f8abe959
000009e2623607f9
000009e2bbae74b9
000009e301f952b9
000009e3275cf719
000013c6878cba61
000000000227b971
0000000000000181
000009e3dbb89c59
000009e64cf97539
000009e7481dc979
000009e7b33f8d19
000009e7f2d1b8d9
000009e7f8017499
000009e907a53d59
000009e917cb3519
000009e990713059
000009ea06f24cd9
000009ea56868539
000009ea9886a599
000009ec149f6a79
000009ec90d80919
000013d927f77661
000000000227b971
0000000000000181
000009ed651cf559
000009eeeea60ad9
000009ef3a0fe359
000009ef5ed22ef9
000009f199014859
000009f2799682f9
000009f381f10b79
000013ebc8623361
000000000227b971
0000000000000181
000009f663dd9179
000009f78229fcf9
000009f84fce0b39
000009f8674036d9
000009f8b80fef19
000009f8fc0e4979
000009f9a17c9c39
000009fa2e5483b9
000009faa57d36b9
000009fb250f99b9
000009fbfbeefa99
000009fdc5b3bbf9
000009fe46df2a99
000009ff23dd7239
000013fe68ccf061
000000000227b971
0000000000000181
000009ff34527d59
000009ff7507f6f9
00000a00138c0399
00000a001dbdaab9
00000a0204ee22b9
00000a02076b9319
00000a0235d45779
00000a0423ca28f9
00000a049f38e379
00000a0638f23a59
00000a06616f2699
000014110937ad61
000000000227b971
0000000000000181
00000a0952d8e019
00000a0add2040f9
00000a0b72a40419
00000a0c02554299
00000a0c10943d19
00000a0c1b7cadd9
00000a0c7f498a19
00000a0d672ae219
00000a0dc3657e39
00000a0e2c419519
00000a0f19707f39
00000a0fafcde959
00000a0fe5e40159
00000a11519e2279
00000a1189126ef9
00000a11b35fcf99
00001423a9a26a61
000000000227b971
0000000000000181
00000a126bb6dc99
00000a135dd41f59
00000a13de11dc39
00000a14a6d23079
00000a14c2dd76b9
00000a1575122a59
00000a15dddd5cd9
00000a163180e7f9
00000a17663a1d19
00000a182dff7659
00000a1989c5ead9
00000a19b569dad9
00000a1ac8f7bd39
000014364a0d2761
000000000227b971
0000000000000181
00000a1b4eeff219
00000a1f4d899df9
00000a1ffe49ae79
00000a2096db13d9
00000a20b292d199
00000a20f8a18039
00000a213d12ce99
00000a21547adf19
00000a2179693ef9
00000a2282b863f9
00000a22bc3a3739
00000a232af89ab9
00000a2428c9d379
00001448ea77e461
000000000227b971
0000000000000181
00000a24cc6f8b59
00000a26050233f9
00000a268242c7d9
00000a27d220cb39
00000a27fa900ff9
00000a28433f6e79
00000a2908d3a4d9
00000a291559c599
00000a29688a3479
00000a2986acf419
00000a299fc3b479
00000a2b1d991139
00000a2bd9a07b19
00000a2bf562b119
00000a2d4e5be8f9
00000a2d6a0e9ed9
0000145b8ae2a161
000000000227b971
0000000000000181
00000a2e64ae9719
00000a2e7498d8f9
00000a2ee8494919
00000a2f68928079
00000a2f6d8f5319
00000a3050f733b9
00000a314103cb59
00000a32be637719
00000a337cbc3a59
00000a34ca68e359
00000a357ebfce79
00000a35806e7a39
00000a3611e7f8f9
00000a362e997899
00000a368f54f919
0000146e2b4d5f61
000000000227b971
0000000000000181
00000a372b52b639
00000a38adcde539
00000a3957e400d9
00000a3a3571ffd9
00000a3aa6af4679
00000a3b770686d9
00000a3c33cde099
00000a3c88a24439
00000a3db580ccb9
00000a3e83f33099
00000a3e95d1e9d9
00001480cbb81c61
000000000227b971
0000000000000181
00000a40d0c94b99
00000a4194177399
00000a422ee60559
00000a423d4a9379
00000a42b888f919
00000a42c62ff759
00000a42c70fd959
00000a4375647139
00000a452d953ed9
00000a48265900f9
00000a4860998519
00000a4862431059
00000a48b404ffb9
00000a48eb0a2319
00000a498494bf79
000014936c22d961
000000000227b971
0000000000000181
00000a4a6cf45259
00000a4acb9181f9
00000a4b406d08d9
00000a4c0ad3ac99
00000a4c5bd45b59
00000a4fbea1c759
00000a4ff5995bd9
00000a5116372ff9
00000a5117171219
00000a5292e380f9
00000a529b70a759
00000a529c337839
00000a52ced0f7b9
000014a60c8d9661
000000000227b971
0000000000000181
00000a53f3b8bd19
00000a54a88dd5d9
00000a55208d2d19
00000a5591a33d39
00000a58492cc799
00000a58d2eb4c19
00000a59a60cf739
00000a5a3a69c539
00000a5a40509799
00000a5a56f8da59
00000a5aa8dcd759
00000a5af3f1c279
00000a5b3b809af9
00000a5bd4371f19
00000a5bfa6b3119
00000a5c274063d9
000014b8acf85361
000000000227b971
0000000000000181
00000a5cf9ecc7f9
00000a5eb01a6659
00000a5f3f7f4c39
00000a5ff21eafb9
00000a61369bb2b9
00000a621bfa9999
00000a626784c8d9
00000a628bd1f759
00000a628d8099f9
00000a6302da9c79
00000a64612586f9
00000a6587496879
000014cb4d631161
000000000227b971
0000000000000181
00000a65f97e03f9
00000a67096cc9b9
00000a6740519e99
00000a678fb2f859
00000a67d6a43839
00000a688e40ce79
00000a69df2fbe79
00000a6aaf593139
00000a6ab0375919
00000a6b90885319
00000a6bf1c68d59
00000a6c42f19339
00000a6cba22a999
00000a6ee26ff979
000014ddedcdce61
000000000227b971
0000000000000181
00000a6f02709319
00000a6f11bbaab9
00000a6f3dd9e019
00000a6f913a4319
00000a706bd4cb79
00000a70a5246379
00000a71560e7bf9
00000a72beae49f9
00000a72c648cb19
00000a74776adfb9
00000a74a9fdf7d9
00000a74dffc3059
00000a7548835e79
00000a75f7d15779
00000a7690bc0bd9
00000a7715f80019
00000a773d113279
00000a775c3e1439
00000a77e08f6299
00000a77f5c32899
00000a7843c50f39
000014f08e388b61
000000000227b971
0000000000000181
00000a78c2cc6999
00000a793e531ad9
00000a79c5479819
00000a79f52327d9
00000a7ab3b21e19
00000a7af4e1ecd9
00000a7b7bc74399
00000a7be3f17a79
00000a7c05c66919
00000a7c2a0445f9
00000a7c77935e79
00000a7d7c18abb9
00000a7d8c1ca699
00000a7e02c0f1f9
00000a7e26f6b079
00000a7e6f6dc0f9
00000a7e78c13399
00000a7e96e72699
00000a7ec0146f19
00000a7f135e3899
00000a7f9d263ed9
00000a7ff3928eb9
00000a7ff97cc4b9
00000a80b2e36939
00000a80f1a5f099
00000a815651ee99
000015032ea34861
000000000227b971
0000000000000181
00000a81f417a119
00000a832fd60ff9
00000a83abd49899
00000a83e638b8b9
00000a8461b7f119
00000a84c108a019
00000a855444e379
00000a857eb96fb9
00000a86d5aa32b9
00000a86d67fd339
00000a872229a639
00000a873a98bb59
00000a8745703cf9
00000a87799c2999
00000a87a21ae579
00000a893e361b59
00000a8994959499
00000a8998c89bb9
00000a8ada802fb9
00001515cf0e0661
000000000227b971
0000000000000181
00000a8c26b3ef39
00000a8cb78c7899
00000a8cc91b3839
00000a8ce74636d9
00000a8fbb5969d9
00000a908eeaeb39
00000a9134f32559
00000a918161fa99
00000a91cdf63359
00000a91ffa64cd9
00000a9226e96c59
00000a926a2a5a19
00000a9406569e19
000015286f78c361
000000000227b971
0000000000000181
00000a9465a5ee19
00000a95dfe932b9
00000a96875fc519
00000a97124fb7b9
00000a98a53ace79
00000a99b254de39
00000a9ab239e7d9
00000a9ac448cf59
00000a9b26886a99
00000a9b29266259
00000a9c173ef379
00000a9cbc26c6d9
00000a9cbc771739
00000a9d30500739
00000a9d3b0f7659
00000a9d47cf8359
0000153b0fe38061
000000000227b971
0000000000000181
00000a9d9aa792b9
00000a9dad4e5639
00000a9e4e4a13d9
00000aa00b71c999
00000aa00ec9ffd9
00000aa070530399
00000aa0c80443b9
00000aa1703771d9
00000aa176f3caf9
00000aa1f5a30259
00000aa261a4a439
00000aa3138ba259
00000aa3363cb959
00000aa3d0f56d79
00000aa47f773139
00000aa587ff5379
0000154db04e3e61
000000000227b971
0000000000000181
00000aa79526bbb9
00000aa8d9852319
00000aaa280e2bf9
00000aaab4858339
00000aac2639ff99
00000aacb69d5919
00000aadc8c26eb9
00000aae17d0fa99
00000aae8d71bef9
00000aaef67f3ef9
00000aaf18b81299
00000aaf29ae75f9
0000156050b8fb61
000000000227b971
0000000000000181
00000ab02a58b799
00000ab02ce74779
00000ab055923419
00000ab0f4d1ec79
00000ab116d9ebd9
00000ab14b40fc39
00000ab290bf9cd9
00000ab4319fbb99
00000ab4350755d9
00000ab45610bd59
00000ab49eacbcb9
00000ab4e9182d79
00000ab538fa4019
00000ab5933f41f9
00000ab632b027d9
00000ab636f79a59
00000ab67f5d8259
00000ab76cb91af9
00000ab7e7dd19f9
00000ab8551345b9
00000ab8cf9c9b99
00000ab8efa5f819
00001572f123b961
000000000227b971
0000000000000181
00000ab9ab754379
00000aba6f8bd659
00000abb45706419
00000abb6a767c99
00000abc90051d99
00000abc93d270d9
00000abcf23a7919
00000abd7891fd19
00000abd86d12359
00000abdd8c27359
00000abe260216b9
00000abf6de224b9
00000abf75935c39
00000ac029ef3639
00000ac0e36b92f9
00000ac22eec42d9
00001585918e7661
000000000227b971
0000000000000181
00000ac534a261f9
00000ac5a7436599
00000ac5dffc5419
00000ac65b235e19
00000ac65cd3c839
00000ac86948a779
00000ac8d4f791f9
00000aca7e60bd59
00000acb79977f99
00000acbefcbc759
0000159831f93361
000000000227b971
0000000000000181
00000accf84dc959
00000acdf1a19b39
00000ace4d8da159
00000acefd741c99
00000acf913e9d19
00000ad0229e5a19
00000ad023709579
00000ad08c645199
00000ad0e392f639
00000ad181360af9
00000ad1967ed8b9
00000ad2a98f1499
00000ad39c2d1a79
00000ad3d4633b79
00000ad51c441819
000015aad263f161
000000000227b971
0000000000000181
00000ad5c4176339
00000ad672f92d19
00000ad677bbbaf9
00000ad6cae22119
00000ad76d4fc879
00000ada2026c999
00000ada2a2ddf99
00000adafde91bd9
00000adb597a1d99
00000adc31d898f9
000015bd72ceae61
000000000227b971
0000000000000181
00000adfad687179
00000ae1c6ae94d9
00000ae1c6ae9c39
00000ae1db37bd59
00000ae235a6f239
00000ae3071e5d99
00000ae34385fcb9
00000ae4646ac119
00000ae48bb9e359
00000ae50475f319
00000ae54b8e2939
00000ae59eb808d9
00000ae619612919
00000ae6e57819f9
00000ae6e5781a99
00000ae736e1f3b9
000015d013396c61
000000000227b971
0000000000000181
00000ae96ef0e3f9
00000aeac02bb9f9
00000aeb45de4619
00000aec0f33b679
00000aec7f58da39
00000aece09571b9
00000aed629e35b9
00000aed6520cdb9
00000aed702d4039
00000aedbbddfe39
00000aedce5a5df9
00000aeea1903259
00000aef2f210179
00000aefee3afef9
00000af0d15e4e39
000015e2b3a42a61
000000000227b971
0000000000000181
00000af19274ea19
00000af30be0d799
00000af31fddc759
00000af44655fd99
00000af454c6a439
00000af458e52b19
00000af506901239
00000af6a6b223f9
00000af714eec8f9
00000af7ec57a9b9
00000af85f3dc319
00000af897615d59
00000af8c11d05b9
00000afa721a43f9
00000afa72decc79
00000afa8e6c4559
000015f5540ee761
000000000227b971
0000000000000181
00000afce30dc139
00000afdb92dd319
00000afdfec12f39
00000afe022a74b9
00000afe9797def9
00000aff757c23b9
00000afff4f68159
00000b0026f1ee79
00000b03a9ba86d9
00001607f479a561
000000000227b971
0000000000000181
00000b03fde73b39
00000b04582bfdf9
00000b04d55f8059
00000b04f9526d59
00000b068dfbd379
00000b06e01c7619
00000b078583dcd9
00000b08667b9a99
00000b096812f539
00000b0a8679ec19
00000b0ab655f5f9
00000b0ad208cf99
00000b0bf0a9cb59
00000b0bf2519f59
00000b0ce8fba099
0000161a94e46261
000000000227b971
0000000000000181
00000b0d539a6fd9
00000b0da118d6f9
00000b0ea943b239
00000b0ec2490fd9
00000b0edf32c439
00000b1033ece039
00000b10c6ea6af9
00000b1173ed99f9
00000b11d2c945f9
00000b11d2c946b9
00000b12d7783d79
00000b12f6c5d499
00000b131fe589d9
00000b131fe58a99
00000b142329e439
00000b143b44f8f9
00000b14edc84179
00000b155aba4ff9
00000b166daa5d39
0000162d354f2061
000000000227b971
0000000000000181
00000b1729b9f279
00000b173c2f7239
00000b1740679739
00000b1863b57179
00000b18f569dbb9
00000b197e20a2b9
00000b1a439dac99
00000b1b2b2f2e39
00000b1b91a39d99
00000b1bf9e022d9
00000b1ee6af8199
00000b1fdbafd2f9
0000163fd5b9dd61
000000000227b971
0000000000000181
00000b204b726bf9
00000b204d22c7b9
00000b20e971e0b9
00000b2198fea419
00000b23257bf1f9
00000b2348dd8759
00000b25357a4f99
00000b258d44d099
00000b25a862c099
00000b2819968cd9
00000b2888120bf9
0000165276249b61
000000000227b971
0000000000000181
00000b2a92121eb9
00000b2b289e5c19
00000b2b2e299979
00000b2cfb03cfb9
00000b2d4a4d79f9
00000b2e7ca92219
00000b31e86bb5d9
00000b31fac95ef9
00000b3204ddfdf9
00001665168f5961
000000000227b971
0000000000000181
00000b32dbfbedd9
00000b338cc42bf9
00000b3426169d59
00000b34835b9b79
00000b3496754439
00000b34d716a2d9
00000b34da7acb79
00000b350dbb28d9
00000b3517beced9
00000b35ec1ed5d9
00000b3608bd78d9
00000b39d3db8779
00000b3a7f6d6eb9
00001677b6fa1661
000000000227b971
0000000000000181
00000b3c17e962b9
00000b3c3382a5f9
00000b3d9a0794d9
00000b3eb74650d9
00000b3f5ed7ddd9
00000b3f6d172439
00000b41009ee639
00000b4215d194d9
00000b42619a4b19
00000b426363e0b9
00000b43e25c6f79
00000b4452042019
00000b4476ef3d59
00000b447b4963f9
00000b44df2d8c59
00000b45086d7a59
0000168a5764d461
000000000227b971
0000000000000181
00000b46165a1959
00000b46b07b8a39
00000b48a5d934b9
00000b4a20f2c159
00000b4b11615139
00000b4d2d0cb879
0000169cf7cf9161
000000000227b971
0000000000000181
00000b4f02e9a7b9
00000b4f23dd4579
00000b4f4799b119
00000b4f51a41279
00000b5042d16479
00000b50736cbc59
00000b50b3a38e79
00000b50e46b54b9
00000b50ff453759
00000b520beb0779
00000b5344400ff9
00000b547149dd99
00000b54bc641559
00000b55091f0659
00000b557aa80b99
00000b5615439b39
00000b562f6b6059
00000b5707259f79
000016af983a4f61
000000000227b971
0000000000000181
00000b57f92d5899
00000b58abc73039
00000b591ed85c39
00000b599fe46f39
00000b59fea507f9
00000b5a0025b0b9
00000b5a5563c919
00000b5aab150a19
00000b5b13627df9
00000b5b4da16d59
00000b5c40f191b9
00000b5c431543f9
00000b5d6abd1e79
00000b5e8a00e559
000016c238a50d61
000000000227b971
0000000000000181
00000b61d3545eb9
00000b6228c1aa99
00000b62d3ef6399
00000b6494b6e419
00000b650c1b1779
00000b653ea26879
00000b654474b699
00000b65700cebd9
00000b65ec378e99
00000b6646e03459
00000b66800923f9
00000b6721128239
00000b6779eacfd9
00000b678df21a59
00000b67cc10dbb9
00000b67e18a0ed9
00000b6952432099
00000b69580ce4b9
00000b69dd7866d9
000016d4d90fca61
000000000227b971
0000000000000181
00000b6b7ceda3f9
00000b6cd9bcc259
00000b6ce7d0fd19
00000b6d706a4e79
00000b6dd6584739
00000b6de6c43ab9
00000b6e76edb2f9
00000b6efc187859
00000b6f2b350739
00000b6f95f48079
00000b6fa18f0a79
00000b6fb597e1d9
00000b707f3ece59
00000b7097d18239
00000b70a6eb4f99
00000b70c5570b99
00000b72ed993b19
000016e7797a8861
000000000227b971
0000000000000181
00000b73d4e9b479
00000b743f124e59
00000b754ff80d59
00000b7570e17199
00000b75e1de8c79
00000b75faf66059
00000b76052473d9
00000b77f315adf9
00000b7842ebb199
00000b792157ef59
00000b7a01a75519
00000b7a66776039
00000b7aae20ef99
00000b7ba2f479b9
00000b7bb4476939
00000b7c097788f9
00000b7c1046a139
00000b7cee942539
000016fa19e54561
000000000227b971
0000000000000181
00000b7e05c85539
00000b7e7db60959
00000b7f40e97819
00000b7fa8759259
00000b80cbe3e399
00000b80cff66019
00000b81026e72d9
00000b8329710079
00000b834a9229d9
00000b835ee78779
00000b83a51fbf19
00000b83a51fbfb9
00000b84436eeb79
00000b84ba55c659
00000b84cf68c179
0000170cba500361
000000000227b971
0000000000000181
00000b881369bbf9
00000b881369bcb9
00000b885533d079
00000b88cc5c3a79
00000b895baff979
00000b898f374119
00000b8a572c0af9
00000b8b15ebd159
00000b8c10ee1db9
00000b8c455da3b9
00000b8c47117039
00000b8c807c2199
00000b8d5a7889b9
00000b8de91f7939
00000b8e6af1d759
0000171f5abac161
000000000227b971
0000000000000181
00000b90738d1119
00000b9087341799
00000b9101dde679
00000b91556ab4f9
00000b922deb9579
00000b9368cb2859
00000b938b7c95f9
00000b94b91bf719
00000b959f7ac6f9
00000b96931013d9
00000b977c944759
00000b97e4c357f9
00001731fb257e61
000000000227b971
0000000000000181
00000b99f58d1d99
00000b9a18e2b4d9
00000b9a2a071439
00000b9a647c22f9
00000b9a7b150af9
00000b9a8dd3d7d9
00000b9b0509c799
00000b9bd023f199
00000b9c44550cd9
00000b9c73dcfcb9
00000b9ccd29a619
00000b9e24754d39
00000b9e7e6dcf79
00000b9e7e6dd019
00000b9e95dfa9b9
00000b9f1008bb59
00000b9f49e256d9
00000ba0634475f9
00000ba0c7eba939
00000ba18501e6f9
00000ba19dffd099
00000ba1ef399059
000017449b903c61
000000000227b971
0000000000000181
00000ba29bbbd999
00000ba2ae9773f9
00000ba2b53f2839
00000ba317aa0039
00000ba540c2e3f9
00000ba59343fb39
00000ba5f771b4b9
00000ba6111e0d19
00000ba6b9e065b9
00000ba70b2a1419
00000ba7352cfcd9
00000ba89d998b79
00000ba8ead07639
00000ba9801efa59
00000baa2ca076d9
00000baad5d80039
00000bab9329b2f9
000017573bfafa61
000000000227b971
0000000000000181
00000bac7ce90919
00000bae25487059
00000bae5e18dc39
00000bae8ea24dd9
00000bafe36986d9
00000bb0f54a6e79
00000bb1736ff159
00000bb235a68d79
00000bb389083f79
00000bb4b27303d9
00001769dc65b761
000000000227b971
0000000000000181
00000bb56668c7b9
00000bb60abefdd9
00000bb61d345a19
00000bb6c91c6459
00000bb78bbdaad9
00000bb7da59f6d9
00000bb8145bc339
00000bb818848299
00000bb8b5d2dd59
00000bb99da9bb19
00000bba14356a59
00000bba2f110659
00000bba4db26119
00000bbac9fd8fd9
00000bbc2ece49f9
0000177c7cd07561
000000000227b971
0000000000000181
00000bc0c4f25bd9
00000bc10f226999
00000bc154bcb279
00000bc1d1ac1e39
00000bc1e6876039
00000bc3729b2879
00000bc388596af9
00000bc3a6a52299
00000bc488fae3f9
00000bc68f31d059
00000bc6d155a619
00000bc72de868d9
0000178f1d3b3361
000000000227b971
0000000000000181
00000bc7abc191b9
00000bc868c977f9
00000bc8b2aef9b9
00000bca560c3799
00000bcb4c903919
00000bcbb19512f9
00000bcc8566aff9
00000bccbcf6c799
00000bcd1b615ff9
00000bce19e8b339
00000bce6fda3db9
00000bcf33ab0999
00000bcf4cdb3339
00000bcf5282df59
00000bcf598dbd99
00000bcf92b62d39
00000bcfc50c5cd9
000017a1bda5f061
000000000227b971
0000000000000181
00000bd186944d79
00000bd2ec1edbb9
00000bd34ffaa339
00000bd47d9d76b9
00000bd54556f039
00000bd54c0e3059
00000bd6e79df419
00000bd73e90f759
00000bd78ba28b99
00000bd82608faf9
00000bd8c43e9af9
00000bd8e2774ff9
00000bd8fbba41f9
00000bd909f7a539
00000bd9ab55f0b9
000017b45e10ae61
000000000227b971
0000000000000181
00000bdb2caa0cd9
00000bdc5ee0ec79
00000bdce10ef2d9
00000bdd3fc737d9
00000bddbaee29f9
00000bde4837b859
00000bdeafd4ec19
00000bdee5384e19
00000be010eaec59
00000be11de33ab9
00000be227f6d6f9
00000be27174bdd9
00000be340e903d9
00000be34c9b46d9
000017c6fe7b6c61
000000000227b971
0000000000000181
00000be4fb0ec939
00000be4fb0ec9f9
00000be5044c08f9
00000be512b09379
00000be59c3717f9
00000be73fbb2219
00000be840bd7cf9
00000be8902f67d9
00000be9935fad59
00000bea3d147659
00000bea847aadf9
00000bea99432379
00000beadac46899
00000beb45306439
00000beb8e4021d9
00000bebe301e9f9
000017d99ee62961
000000000227b971
0000000000000181
00000bed3c718cf9
00000bed53cbcdf9
00000bed9f9cd639
00000bedcd45f879
00000bee4fabbed9
00000bee92b9c599
00000beebad959d9
00000bef57016ab9
00000bf16d2da379
00000bf237eb4039
00000bf2618ed979
00000bf2cbf12699
00000bf43ba2fd59
00000bf4b1d46019
00000bf4bb29abf9
00000bf507897cb9
00000bf5d3eec5f9
000017ec3f50e761
000000000227b971
0000000000000181
00000bf6bedf5a19
00000bf71baf39b9
00000bf78d73dcd9
00000bf826da9799
00000bf8361694d9
00000bf96d4a3df9
00000bf9b43ea619
00000bfaa68b77f9
00000bfacebc1cb9
00000bfde3222199
00000bfe2bd17bb9
00000bfe2bd851f9
00000bfe55646639
00000bfeb0be99f9
000017fedfbba561
000000000227b971
0000000000000181
00000bffeeaa7499
00000c001a42b9d9
00000c0190b592f9
00000c02b17f6b79
00000c02c16d3619
00000c02d6893599
00000c03149ec7f9
00000c0382452e59
00000c03cd255079
00000c04204f1eb9
00000c044b0c7f79
00000c0468b50a39
00000c05ac742cd9
00000c06115bd819
00000c06ae1405d9
00000c0706e2dc59
00000c0763ed21b9
00000c080fdc2819
00000c08ac3942d9
0000181180266261
000000000227b971
0000000000000181
00000c08d2d0ef59
00000c096386e619
00000c09811ee679
00000c0a36de8899
00000c0a5e563999
00000c0b0ea95eb9
00000c0b6e33b0f9
00000c0ba97fe299
00000c0c32b6b7f9
00000c0c64999fd9
00000c0fb18e7619
00000c10fb7cea39
00000c11a07c1319
00000c11e9a3bef9
0000182420912061
000000000227b971
0000000000000181
00000c12efe644f9
00000c13a431fdf9
00000c14aab99b79
00000c14c14348b9
00000c14ed11b639
00000c15064a99f9
00000c151a6ec3d9
00000c1583694bd9
00000c15c5025779
00000c1667c6c339
00000c1748b769b9
00000c17dc49ef79
00000c1943aa9619
00000c196f5c32d9
00000c1ab2250819
00000c1ad880f939
00001836c0fbdd61
000000000227b971
0000000000000181
00000c1bbe2289b9
00000c1df6ab90d9
00000c1e519ba599
00000c1e89da4d79
00000c1f6d3e0ed9
00000c1fee158159
00000c209aa72bb9
00000c218930c7d9
00000c21e3ca6c39
00000c21ecfa00d9
00000c230fabd439
00000c238284c799
00000c23fa5db299
00000c24a3b07199
0000184961669b61
000000000227b971
0000000000000181
00000c25d54e3f39
00000c25f0dbd7d9
00000c26435ecb79
00000c269dad9e99
00000c26b45d15d9
00000c26ba422c99
00000c274668d2f9
00000c275b8da899
00000c27f18e5ef9
00000c282c989ff9
00000c290950a419
00000c29322c8359
00000c294c13e839
00000c296782c239
00000c297b9e8439
00000c2b18d927d9
00000c2c5ecf9559
00000c2d459c86b9
00000c2dd51df4d9
00000c2dde4888b9
0000185c01d15961
000000000227b971
0000000000000181
00000c2ebf483c39
00000c2fae97d4f9
00000c3073284bd9
00000c3098a01399
00000c30bb8ccdb9
00000c32c00cb4d9
00000c32ce401219
00000c32e671d9b9
00000c338826e699
00000c33b44bccf9
00000c3415d46599
00000c3415d46659
00000c3428ee2bf9
00000c346bc90459
00000c3623ecff39
00000c374136fe39
0000186ea23c1761
000000000227b971
0000000000000181
00000c38bd54eff9
00000c395f5137b9
00000c3a388bec59
00000c3a8dcb3859
00000c3bfc930d99
00000c3c2b506af9
00000c3c4bf5fa19
00000c3c5e25b359
00000c3cae4f2a19
00000c3d23075699
00000c3d4f4fc659
00000c3e1f8a4db9
00000c3e5adee4b9
00000c3e6d435af9
00000c3ea622fe99
00000c3ed6ac4699
00000c3fca1bea99
00000c3fca1beb59
00000c3fdbe35d19
0000188142a6d461
000000000227b971
0000000000000181
00000c41af0915f9
00000c41e2e87799
00000c4305dfa379
00000c43b30efd59
00000c44e5696079
00000c4565d21059
00000c45760f7119
00000c4654035579
00000c4698c9b819
00000c4785d055f9
00000c47987c6e19
00000c484d8ef119
00000c4880d44b99
00000c492ced6d39
00000c4976c03699
00000c49acaa7b79
00001893e3119261
000000000227b971
0000000000000181
00000c4a27ad5ef9
00000c4a5e6182f9
00000c4a8b5f1f59
00000c4b39052879
00000c4b4c448d79
00000c4b8c850bd9
00000c4b9ab9ec79
00000c4bdcf1c7f9
00000c4c9052b099
00000c4df035a8b9
00000c4fbed3fcf9
00000c51e488f5d9
00000c52c9501039
00000c52e013bcb9
00000c531e72d279
000018a6837c4f61
000000000227b971
0000000000000181
00000c53aeacf3d9
00000c5423b867b9
00000c5556eb91b9
00000c565732d459
00000c5713a9d1d9
00000c57824f2739
00000c595bbee0b9
00000c5aab4db939
00000c5b793dd039
00000c5bf39272b9
00000c5c879d69f9
000018b923e70d61
000000000227b971
0000000000000181
00000c5cd0ad3119
00000c5d2e07f8d9
00000c5ed18e44f9
00000c5f93dbc079
00000c5fbe00f199
00000c5fe9cac079
00000c6078530e19
00000c60a1f38e39
00000c60d5df1759
00000c6121aa6399
00000c61a32e2679
00000c62cc1ceed9
00000c63bc494cd9
00000c640c1dfed9
00000c6488f3a459
00000c64b7cfad59
00000c6556352819
00000c656044b4f9
00000c656a469ed9
000018cbc451cb61
000000000227b971
0000000000000181
00000c66cb3aa039
00000c66d33a0239
00000c66ff9bf3f9
00000c695c5ac239
00000c6979c18919
00000c6b63ef8999
00000c6b64b41699
00000c6b6b7ac399
00000c6b9e1d32f9
00000c6dc62e8f99
00000c6e1bba4fd9
00000c6e5f0f89f9
00000c6ee3425519
000018de64bc8861
000000000227b971
0000000000000181
00000c6f36948299
00000c6f5aab9079
00000c6fb366c639
00000c6ff3081719
00000c70662d1b59
00000c71737c19b9
00000c71951c75f9
00000c71f91a2bf9
00000c7312bac919
00000c7368b9f699
00000c7412170859
00000c751a3d2ef9
00000c75c14700f9
00000c7667b4f919
00000c769cf6e1b9
00000c777b0060d9
00000c77ab06d659
00000c77ff4d10d9
00000c78632faef9
00000c7879323e39
000018f105274661
000000000227b971
0000000000000181
00000c78d6c87ab9
00000c7931f70739
00000c7959e7a9f9
00000c79f7632019
00000c7a006d0ff9
00000c7d7b5278f9
00000c7dbae0b5b9
00000c7eef654339
00000c7f13caf999
00000c7f84db9a59
00000c7f882620f9
00000c804f510fd9
00000c810fe361b9
00000c8125960a59
00001903a5920461
000000000227b971
0000000000000181
00000c82ffadd599
00000c83578cb7f9
00000c8462f51699
00000c84c75dc139
00000c863dd16279
00000c865c9f2459
00000c8699c816d9
00000c870230e5d9
00000c877da5d2f9
00000c87c5ef6bb9
00000c87ed46d6d9
00000c8857955f19
00000c88d9066859
00000c88e16c6db9
00000c88f8a9b1d9
00000c890268f459
00000c89b62ffc59
00000c89b920d739
00000c8b0fbe74b9
0000191645fcc161
000000000227b971
0000000000000181
00000c8b6764f459
00000c8c8f578a79
00000c8ce6b72559
00000c8f64378ab9
00000c8f708fd479
00000c8fd4eece79
00000c8fd4eecf59
00000c9001a4d499
00000c9097fc2bd9
00000c90f9093979
00000c91f4924e39
00000c92a0aa4f59
00000c935595f6b9
00000c94410c7619
00001928e6677f61
000000000227b971
0000000000000181
00000c96a1945979
00000c96a777aa59
00000c98186d9799
00000c99619d8ff9
00000c99f8973a79
00000c9a6ef7d899
00000c9ce077c059
00000c9d066df719
00000c9d58209f79
00000c9d79b1d079
0000193b86d23c61
000000000227b971
0000000000000181
00000c9df23279b9
00000c9f7d7fb8f9
00000ca247220839
00000ca258cf6d79
00000ca416c3ed39
00000ca476922ff9
00000ca4c68512d9
00000ca4daaffdf9
00000ca527199bd9
00000ca58cf8c139
00000ca6314ef1b9
00000ca682b860b9
00000ca6955d9799
00000ca70379d9d9
0000194e273cfa61
000000000227b971
0000000000000181
00000ca75daa3dd9
00000ca762bec9d9
00000ca802c15699
00000ca8d78f7cd9
00000ca90e0c92d9
00000ca98fce3319
00000ca9cee43b59
00000caa357f8259
00000cab47f01439
00000cac5f794f39
00000caceee2fbd9
00000cae3b3c20f9
00000caed7edec39
00000caf5cea9d59
00001960c7a7b761
000000000227b971
0000000000000181
00000cb08bd95db9
00000cb149e05239
00000cb1bb4c79f9
00000cb2cfcc29d9
00000cb37adaf5f9
00000cb50899f339
00000cb5469c2239
00000cb67f9b6bf9
00000cb740df65d9
00000cb766dd2ab9
0000197368127561
000000000227b971
0000000000000181
00000cb9ce22db39
00000cba614000b9
00000cba967645b9
00000cbafabc2519
00000cbb34bf8499
00000cbbd07d1d99
00000cbbea7f7879
00000cbcdebaedd9
00000cbe32ed21b9
00000cbe78ce8bf9
00000cbeccf2c059
00000cbf35a0ca19
00000cbfec6c4e39
00000cc00e1bf339
00000cc08a244a59
00000cc0ecdf8d39
00000cc0f7fd0a19
00000cc186f00d19
00000cc295ba6759
00000cc2e0940979
00001986087d3361
000000000227b971
0000000000000181
00000cc3c79b3719
00000cc4a4890e79
00000cc65ebfc9f9
00000cc6b5370bb9
00000cc701cc7e39
00000cc712b55059
00000cc723a34219
00000cc72f5717f9
00000cc7d17ce7f9
00000cc8453dd3b9
00000cc97722d6d9
00000cc9e6eaca79
00000cca333a84f9
00000cca3422f559
00000ccaab6d9e79
00000ccaba5b1519
00000ccac42b5d59
00000ccaff2016b9
00000ccb35875eb9
00001998a8e7f061
000000000227b971
0000000000000181
00000ccc619b2e39
00000ccd53663f79
00000ccdca976719
00000ccde6761079
00000cce67599319
00000ccf1fc99359
00000ccf3e131259
00000ccf65c5f119
00000ccff059e859
00000cd1756eac99
00000cd1d3713619
00000cd2a55a2c99
00000cd493d0b319
00000cd4f4e445f9
00000cd50428a719
00000cd5702d8499
000019ab4952ae61
000000000227b971
0000000000000181
00000cd7c33d1e39
00000cd8539e5079
00000cd96ef8eed9
00000cd985efa0f9
00000cda975c8a19
00000cdad766c139
00000cdb4d73db59
00000cdbe4b1c239
00000cdcb18a2159
00000cdd60035159
00000cddbe666479
00000cdde0e65f39
000019bde9bd6b61
000000000227b971
0000000000000181
00000cdf93ffde99
00000ce004691879
00000ce0ea77da19
00000ce1063cfe59
00000ce152537099
00000ce1d4d58399
00000ce30aefd959
00000ce31286f199
00000ce35a7b7699
00000ce36665d3b9
00000ce537f1cf39
00000ce575f6dc59
00000ce57d855cf9
00000ce5acedfbb9
00000ce6161b2f59
00000ce6f5e98c59
00000ce75d8bcef9
00000ce77652ff39
00000ce7af2d9eb9
00000ce7d3a1f3f9
000019d08a282961
000000000227b971
0000000000000181
00000ce895d39079
00000ce8e5fe3d19
00000ce8f8a19639
00000ceaecb67359
00000ceb19cc08d9
00000ceb8a4a65f9
00000cebb27a2ab9
00000cecca81f279
00000ced1d5b6bd9
00000cee9fa2b759
00000cef74f18cb9
00000cf01bc305b9
00000cf0d3e506d9
00000cf0f0c94479
00000cf12afd4ab9
00000cf185053c79
000019e32a92e661
000000000227b971
0000000000000181
00000cf35c155e59
00000cf44b13a379
00000cf5689c5499
00000cf5acfe8b59
00000cf6765a9c79
00000cf6e17dd1f9
00000cf8126aca99
00000cf81adae879
00000cf85bdce059
00000cf9665dfbf9
00000cfa12f688b9
00000cfa263e00b9
000019f5cafda461
000000000227b971
0000000000000181
00000cfcdc749e19
00000cfce2731c59
00000cfe44dc18b9
00000cfe6fbe4f19
00000cfe79247cb9
00000cfe8c8e1c59
00000cfe9d6c8ad9
00000cfeabdcfe99
00000cff3d68d799
00000d0012af1799
00000d0047ea3259
00000d016d4fddb9
00000d01a6d78d19
00000d01c118c039
00000d02528e4759
00000d034c408eb9
00000d03e655e699
00001a086b686161
000000000227b971
0000000000000181
00000d048f318f19
00000d04efd3bc99
00000d05127ff779
00000d054f5a8899
00000d054f5a8959
00000d0578dc8c39
00000d05b456ab99
00000d0694b9f3d9
00000d0694b9f479
00000d07c5147b59
00000d07e3311fd9
00000d08a7e82c59
00000d08b184d999
00000d094de17979
00000d09606e6cf9
00000d09842ba479
00000d09d3ed7859
00000d0b463ecbd9
00000d0b827bf639
00000d0c211df799
00000d0c3d1143f9
00000d0c4303f6b9
00000d0ceb9334d9
00000d0d59c7d659
00000d0d59c7d6f9
00001a1b0bd31f61
000000000227b971
0000000000000181
00000d0e065c9b59
00000d0f44dc6c39
00000d0f8a32a359
00000d0febb2ce59
00000d11b0c98679
00000d11d89cd2f9
00000d11ea766af9
00000d1261104b99
00000d12c9b91eb9
00000d133e12a4f9
00000d1371d3a259
00000d13aba964b9
00000d1447500cb9
00000d148c956099
00000d14fa691299
00000d1574b02879
00000d158d64cab9
00000d161833cd59
00001a2dac3ddc61
000000000227b971
0000000000000181
00000d16f47d5999
00000d17ed735ef9
00000d184549a079
00000d1895c60a19
00000d190518bf39
00000d1ab4434ad9
00000d1b3ddf7d39
00000d1b857f5d19
00000d1ba8406c39
00000d1c4389b099
00000d1c453bbf59
00000d1c91e569d9
00000d1cc4ff5739
00000d1cec68f9b9
00000d1f2df37659
00000d1fde0a04b9
00000d2011a23739
00001a404ca89a61
000000000227b971
0000000000000181
00000d2031be3379
00000d209ac4f8d9
00000d210c681519
00000d2279e746f9
00000d241173bfb9
00000d2552a86319
00000d25a7801119
00000d27c0206ab9
00000d2901d593d9
00001a52ed135761
000000000227b971
0000000000000181
00000d2b1270a139
00000d2bbec19c79
00000d2bbec87219
00000d2d600523b9
00000d2da44fbaf9
00000d2f834d9ed9
00000d322de80859
00000d3237238859
00000d327d936519
00000d329feca659
00001a658d7e1561
000000000227b971
0000000000000181
00000d33e70bb0d9
00000d35d2ce4bb9
00000d36fd9810f9
00000d37cbcf9779
00000d38100f12d9
00000d396d658119
00000d3a22797c39
00000d3b052fe9f9
00000d3b671092d9
00000d3bdd772cf9
00000d3c066eee79
00001a782de8d261
000000000227b971
0000000000000181
00000d3c2d2c1c19
00000d3cb7daf8d9
00000d3d4d9490d9
00000d3dc1d30179
00000d3eb3d7d239
00000d3ee0c3efd9
00000d406a527859
00000d40a1c68059
00000d425039c659
00000d429293cab9
00000d42bf5ee7b9
00000d430ce85eb9
00000d43a2170f99
00000d43b8b1bcb9
00000d4490a36839
00000d44a4f381d9
00000d450bfd0119
00000d453f939859
00000d454e902759
00001a8ace538f61
000000000227b971
0000000000000181
00000d458754d3b9
00000d461ef90019
00000d46276fed79
00000d47ddd0e139
00000d49463d79f9
00000d49501d2019
00000d49646da779
00000d4ab61efff9
00000d4ba136d5b9
00000d4c9fa9d2b9
00000d4e859783d9
00001a9d6ebe4d61
000000000227b971
0000000000000181
00000d4f1b71fdd9
00000d50294d1ad9
00000d516358a4f9
00000d526425e3f9
00000d529af2c139
00000d52c00310b9
00000d534096ba59
00000d53a5dd4799
00000d53c34c19f9
00000d5440f08739
00000d545517fe19
00000d555a5f95d9
00000d556dc59a99
00000d558ca73279
00000d55ac4f1199
00000d55bcbb07f9
00000d56184b00f9
00000d56326f3db9
00000d56593f0959
00001ab00f290a61
000000000227b971
0000000000000181
00000d5816a41bf9
00000d59517932b9
00000d59ad513539
00000d59c6b2c8b9
00000d59e346bb19
00000d5a0c6b7399
00000d5b2c5317b9
00000d5b367c3a39
00000d5b3fc8d899
00000d5c37a720d9
00000d5c6d5719b9
00000d5e38307819
00000d5e458dff99
00000d60c4ac46f9
00000d6134afd9b9
00001ac2af93c861
000000000227b971
0000000000000181
00000d61e89c2b19
00000d6251343a59
00000d634b8219d9
00000d63bfdd2159
00000d65563d20b9
00000d665b28c159
00000d68dcad9a79
00000d6949c66559
00001ad54ffe8561
000000000227b971
0000000000000181
00000d6aae4209d9
00000d6b84091c79
00000d6c38c36b39
00000d6c67f7a319
00000d6e439b29b9
00000d6ef0277859
00000d6fd12ee6b9
00000d6ff30c4e59
00000d703b73ffd9
00000d7058c95959
00000d706f9c41f9
00000d717e8a24b9
00000d71da6713b9
00000d723c723b59
00000d730ad9a599
00000d73dd21c199
00001ae7f0694261
000000000227b971
0000000000000181
00000d744a07a659
00000d74637f3659
00000d750d213419
00000d7525a98ab9
00000d75d0c92bb9
00000d761e2530b9
00000d78cb6c0b39
00000d79ba8d8e39
00000d7abc38dad9
00000d7ac2df0779
00000d7b122f5299
00000d7b6c759cf9
00000d7ce1042619
00001afa90d40061
000000000227b971
0000000000000181
00000d7dabb16e19
00000d7ecc9aed39
00000d7ef40c1079
00000d7f0747bef9
00000d7f0df4c2f9
00000d81d1767319
00000d81d9d74b19
00000d82866c4559
00000d828d201479
00000d83b3b4d6f9
00000d83c38ac159
00000d843bd887b9
00000d855b19f879
00000d861240ed79
00001b0d313ebd61
000000000227b971
0000000000000181
00000d86ce89b079
00000d86f8b38879
00000d8757f84fb9
00000d87836afdb9
00000d879ccc71f9
00000d887cf3f2b9
00000d89b0ba1f19
00000d8a22851ab9
00000d8a4d5a8519
00000d8b0e908859
00000d8b71bebe19
00000d8b8cd2c619
00000d8bbd490c19
00000d8c02b91639
00000d8c9dac2e99
00000d8ccbcda2d9
00000d8d2c1775b9
00000d8df8a2c7b9
00000d8eb8085c39
00000d8f407ef459
00000d8f7be9b199
00001b1fd1a97a61
000000000227b971
0000000000000181
00000d90c70810f9
00000d90d6203899
00000d90eae52f19
00000d91323c0b39
00000d9133ee2619
00000d91da6dfef9
00000d928ed51679
00000d92aa9fbc59
00000d936f3f2019
00000d93862f7319
00000d950eb67159
00000d95496a07f9
00000d9723d25859
00000d9860c12e99
00001b3272143861
000000000227b971
0000000000000181
00000d9a39cd2c79
00000d9aa87d9e79
00000d9abbc6b6f9
00000d9b0c3fdb79
00000d9c3aa93199
00000d9e82b9e7f9
00000da23348ed99
00001b45127ef561
000000000227b971
0000000000000181
00000da46066b6f9
00000da47b87ad59
00000da499efc1d9
00000da5aa5c9f39
00000da7f1a8aeb9
00000da7fafc23d9
00000da94b94d899
00000da9c00e96f9
00000daa701b96f9
00000daa72af3839
00000daa753c09d9
00000dab2e2fc159
00000dab93de1d39
00001b57b2e9b261
000000000227b971
0000000000000181
00000dacb94e6959
00000dad7cb92699
00000dae3ff298f9
00000daeb0a44bd9
00000daed414c439
00000daf4a1ec359
00000daf8c21eab9
00000dafbe24dfb9
00000db0d129be59
00000db0ffb3b299
00000db279773c19
00000db3318809b9
00000db33769a219
00000db38c2692d9
00000db3f4a86059
00000db3fa95d739
00000db447aa6599
00000db4b19239d9
00000db4f9702d19
00001b6a53546f61
000000000227b971
0000000000000181
00000db58eede599
00000db5aa32ded9
00000db5e8bdd659
00000db5f12f8f19
00000db6c047bd19
00000db766342599
00000db76dd3d499
00000db7dd24e5f9
00000db848f7f8f9
00000db9492e3c59
00000dba80f298f9
00000dbb4a87cf19
00000dbd16478519
00000dbd263d8499
00001b7cf3bf2d61
000000000227b971
0000000000000181
00000dbe86b83919
00000dbebddb84f9
00000dbf7abccc99
00000dc0fe14bd59
00000dc111f43c79
00000dc2800378f9
00000dc32feea959
00000dc485eb5ef9
00000dc4efe572b9
00000dc50626ad39
00000dc53e5e61b9
00000dc65cfc9a39
00000dc68c3ac9d9
00001b8f9429ea61
000000000227b971
0000000000000181
00000dc80b70f839
00000dc82eb8bfb9
00000dc834937179
00000dc849863f79
00000dc8917abe19
00000dca07c81319
00000dca815e8179
00000dca8d252919
00000dcb44049559
00000dcb4bb1c999
00000dcbb531f979
00000dccab005c99
00000dcd02044859
00000dce07187699
00000dce90579f79
00000dcebc3013f9
00000dcf059795d9
00000dd031054e79
00000dd06dbe72f9
00000dd089911bb9
00001ba23494a761
000000000227b971
0000000000000181
00000dd1bbb408d9
00000dd218bef0b9
00000dd24e152c79
00000dd24ee08939
00000dd2e9876239
00000dd2f5af63d9
00000dd32e3499d9
00000dd3f6e68db9
00000dd41d97ecf9
00000dd4594141b9
00000dd465e27079
00000dd48e9f96b9
00000dd506532939
00000dd509ea81f9
00000dd5e798cbf9
00000dd6616a7cb9
00000dd85de4f699
00000dd8ef2a03b9
00000dd96136ddb9
00001bb4d4ff6461
000000000227b971
0000000000000181
00000ddab59e4c99
00000ddab8244c99
00000ddb576400f9
00000ddbc8a8d379
00000ddc449e8739
00000ddc7bec36b9
00000dddaedf9079
00000ddf10f3b039
00000ddf261f5079
00000ddf445d5659
00000ddfbcdbfbf9
00000ddfbf61fb39
00000de01d8e98f9
00000de046ca2179
00000de05f34e639
00000de0d59177b9
00000de1170860f9
00000de254acd9d9
00000de30a163039
00000de32e602599
00001bc7756a2261
000000000227b971
0000000000000181
00000de45aacc5d9
00000de4bee8d539
00000de545d7f8d9
00000de57ca4ad99
00000de5987456d9
00000de5cbc13f79
00000de5efa95799
00000de65aa6cc99
00000de703469259
00000de71380bb39
00000de8185e36f9
00000de918bb3939
00000dea46b532b9
00000deae0fe9839
00000deb5d2de5d9
00000deb5d3efd19
00000deb673d3cf9
00000dec07eff619
00000dec60ac9fd9
00000dec7ae728d9
00001bda15d4df61
000000000227b971
0000000000000181
00000ded0b16b779
00000ded560e3319
00000ded6ea0c499
00000dedcb8d2f99
00000dedd17aad79
00000dee45aea1d9
00000dee593bfab9
00000def011c8059
00000def87b1b379
00000defdd4fe6f9
00000df15c91a539
00000df1b7617679
00000df2a7039ff9
00000df3d07c4779
00000df476e66459
00000df51ebaf9d9
00000df55f8d80d9
00000df5c3ad1319
00001becb63f9c61
000000000227b971
0000000000000181
00000df65c42b5f9
00000df7ae682d79
00000df7d21d0339
00000df81d441cf9
00000df9147f3c39
00000df9c14b6b79
00000df9df2c4399
00000dfa6543ff59
00000dfa9cf4d319
00000dfac7104079
00000dfaef703559
00000dfb304c3b19
00000dfca6a3f9f9
00000dfd1c708fd9
00000dfdf2f216d9
00000dfe2f3fbcb9
00000dfe31cc85d9
00000dfe8e879b59
00000dfe9f4b3fd9
00000dfefa7ee9f9
00000dff0159cd79
00001bff56aa5961
000000000227b971
0000000000000181
00000e006aa6aaf9
00000e00d0904b59
00000e00ea094a99
00000e02090a10b9
00000e0334c22459
00000e0366b27e59
00000e0386017139
00000e041cfcf139
00000e0527d83e59
00000e0576c77ed9
00000e061864a4f9
00000e068a68fa59
00000e069f2ae359
00001c11f7151661
000000000227b971
0000000000000181
00000e098c210bf9
00000e09a174e999
00000e09c833bf39
00000e0c2e13d519
00000e0c99b2bb39
00000e0ccf022219
00000e0d0417c3b9
00000e0d1c8f0019
00000e0d49582c99
00000e0e17aa30d9
00000e0fffd72e39
00000e10d82e2cf9
00000e115d5bb3b9
00000e120ea94659
00000e1243fbe5f9
00001c24977fd461
000000000227b971
0000000000000181
00000e125e846c79
00000e12eb03a9f9
00000e143f20e639
00000e14861f10f9
00000e14e1c5c5b9
00000e1577033579
00000e179d742f99
00000e179d743059
00000e17be98cd39
00000e1815868519
00000e1947906339
00000e1b2890fbd9
00001c3737ea9161
000000000227b971
0000000000000181
00000e1cf6acba39
00000e1e502a06f9
00000e204d4b6399
00000e20726905d9
00000e207e4aebb9
00000e20d3778719
00000e2187d797b9
00000e2218ea9779
00000e223e8eb819
00000e22bd939c39
00000e23d6243699
00000e23d70ae9b9
00001c49d8554e61
000000000227b971
0000000000000181
00000e2507405039
00000e253b2d5259
00000e25b3026bd9
00000e26b5fbe679
00000e27272c8579
00000e274e52b5f9
00000e2750082e99
00000e283851d339
00000e2842835239
00000e28b340b1f9
00000e2ab0fdbe79
00000e2b15317a99
00000e2c38c8f499
00000e2c40687fb9
00000e2e23f06a59
00001c5c78c00b61
000000000227b971
0000000000000181
00000e2efef4bfb9
00000e2f839f87b9
00000e306c0af6d9
00000e30cd96f5f9
00000e32393c5959
00000e33346e16b9
00000e342274c0d9
00000e3507cf85d9
00000e361544b8f9
00000e361c104f19
00000e36212154b9
00000e36b66584b9
00000e3775f75e39
00001c6f192ac861
000000000227b971
0000000000000181
00000e37b2c0ff19
00000e37fcb60e59
00000e3820212359
00000e384b89a599
00000e3885843db9
00000e394ea42c99
00000e39c6afd2d9
00000e3bf8b1f4d9
00000e3c75f8bad9
00000e3c77a08159
00000e3c81df74b9
00000e3d84ba1ff9
00000e3e03d17419
00000e3e16876599
00000e3eb34d0cf9
00000e3ed7492b79
00000e3edcbb8179
00000e3f3f422499
00000e3f4960c8b9
00000e3f6c8dd839
00000e40779b68d9
00000e40c80666d9
00001c81b9958561
000000000227b971
0000000000000181
00000e413cf44019
00000e41fe11b819
00000e4317eaaa59
00000e432735c879
00000e432c451e39
00000e433752fcf9
00000e43eb999c19
00000e443b530ff9
00000e443ddfd239
00000e457386ff59
00000e45939f8a19
00000e4621771a79
00000e46393764b9
00000e46a4707e19
00000e49617196b9
00001c945a004261
000000000227b971
0000000000000181
00000e4a3e6e8999
00000e4a8ac73659
00000e4a9d4337d9
00000e4af3b06199
00000e4b84db1d59
00000e4bd32ee4d9
00000e4bd71f1739
00000e4c296c2579
00000e4cc5afb239
00000e4d20067f99
00000e4d3e2be859
00000e4e0279d1b9
00000e4e91a105b9
00000e4e978b2159
00000e4eeee12d99
00000e4f519d7f79
00000e4f71bc98d9
00000e50260f8499
00000e50cdb1e679
00000e50d42b79f9
00000e50e3ca4059
00000e514b7081d9
00000e516aacc7d9
00000e5189db3359
00000e51babed279
00000e520afb2599
00000e525da8a699
00001ca6fa6b0061
000000000227b971
0000000000000181
00000e53d1033619
00000e54a1eeca79
00000e5564a72599
00000e558f369279
00000e55a7f6cf79
00000e567a157079
00000e594c82ca39
00000e596438ef99
00000e59ce856a99
00000e59fb41cf79
00000e5a0c2522f9
00000e5a520f5359
00000e5ac41710b9
00000e5b529eea79
00000e5bce063399
00000e5bde2d86d9
00001cb99ad5bd61
000000000227b971
0000000000000181
00000e5cf04c2859
00000e5ebbc0fab9
00000e5f8b8cc479
00000e5fcd8931d9
00000e5fd58cb8b9
00000e5fd74fd8f9
00000e6039a3bb79
00000e605efe84f9
00000e61c340e139
00000e6264461279
00000e62a896e1b9
00000e6353e77ef9
00000e63fb694fb9
00000e64cbb283f9
00000e64df44d179
00000e65d208d9d9
00000e65fec97fb9
00001ccc3b407a61
000000000227b971
0000000000000181
00000e668294a659
00000e6701578bb9
00000e67036e6939
00000e67290052d9
00000e6731773179
00000e67af736d19
00000e67d58f4c99
00000e69b9afeb79
00000e6aa10a76b9
00000e6af8af1919
00000e6b5b3adbb9
00000e6bc0276e39
00000e6bf6408ad9
00000e6ca65a65d9
00000e6d178841f9
00000e6d75765539
00000e6d9ff68719
00000e6e7c964279
00000e6f2e2e0af9
00001cdedbab3761
000000000227b971
0000000000000181
00000e6ff8ebb5d9
00000e6ff953f719
00000e700312f579
00000e7064c0a3d9
00000e70bfe89759
00000e71463b3879
00000e71efeca1f9
00000e726585e659
00000e72b7506979
00000e7431d8f0b9
00000e747fd55199
00000e749519ae19
00000e75032ed019
00000e7541326859
00000e761e639959
00000e77034279d9
00000e770d67fcd9
00000e77150e6419
00000e778d95be59
00000e77945decd9
00000e7856f2ef59
00001cf17c15f461
000000000227b971
0000000000000181
00000e7913572bb9
00000e798e3ef5d9
00000e79eab9b879
00000e7a134ad0d9
00000e7a14222479
00000e7a29f656f9
00000e7a45ad2c59
00000e7b89e2de19
00000e7c873095f9
00000e7d60dd5699
00000e7daa48c559
00000e7ebdf94ad9
00000e7ece2c8039
00000e7f3766fa39
00000e7f3f031879
00000e800f3d4b59
00000e802afedc19
00000e813b945739
00000e81ff615879
00001d041c80b161
000000000227b971
0000000000000181
00000e825c0d62f9
00000e8280a70e59
00000e83b0a09699
00000e84db086dd9
00000e8614df16d9
00000e863d0576b9
00000e88e4799159
00000e8a2d2b25d9
00000e8a2ef51cf9
00000e8aee831699
00000e8b1cc76799
00001d16bceb6e61
000000000227b971
0000000000000181
00000e8badcbbed9
00000e8ccc8b16d9
00000e8d1cede2b9
00000e8e12f90c59
00000e8e9299fbf9
00000e8f83e71919
00000e93878c76f9
00000e938d85e9b9
00000e9435a1a2b9
00000e943ef87979
00000e94931202b9
00001d295d562b61
000000000227b971
0000000000000181
00000e9503ebe959
00000e950d4e9199
00000e951f07b439
00000e95c01c5f19
00000e95d55f26b9
00000e9641d33cb9
00000e96ca761799
00000e9719969a59
00000e9793cc4c99
00000e98626f4d99
00000e993a065bf9
00000e9955167459
00000e99a8a19079
00000e9a36fb8199
00000e9a6639c519
00000e9b508bdc19
00000e9b5ae484d9
00000e9b7e73a719
00000e9be37bafd9
00000e9d352bb619
00000e9dbc1ee579
00000e9dd7375e39
00001d3bfdc0e861
000000000227b971
0000000000000181
00000e9f586c0e79
00000e9f748b6799
00000e9f8f92a759
00000ea062ecb3b9
00000ea08dbe3e59
00000ea0ac307019
00000ea102ce9e59
00000ea1ba9d0a59
00000ea3993faa19
00000ea453b25879
00000ea4be55de79
00000ea59c986f59
00000ea5c29c96b9
00001d4e9e2ba561
000000000227b971
0000000000000181
00000ea86d9037d9
00000ea891910b39
00000ea9f528aef9
00000eaa142fa759
00000eaa6fbb6459
00000eaad2714ef9
00000eab1b24ee19
00000eab7f58a659
00000eab95f47f19
00000eabf5643e19
00000eac158a4e39
00000eae37d83e59
00000eae7c4ef4b9
00000eaeda2bfe79
00000eaeee9ae139
00000eaf08aa5579
00000eaf18f917d9
00000eaf2ee884d9
00000eaf4681b739
00000eafaab58819
00000eaffe78d4f9
00000eb0063056f9
00000eb01f5e4db9
00000eb032e4f419
00000eb037222199
00001d613e966261
000000000227b971
0000000000000181
00000eb1fdb82b39
00000eb21d275579
00000eb261a14a99
00000eb2a73a2079
00000eb3720701b9
00000eb469452ad9
00000eb497d9b799
00000eb4e8965999
00000eb5c763d9d9
00000eb795fd33b9
00000eb797439c19
00000eb7f8671f19
00000eb80c415b39
00000eb992b66019
00001d73df012061
000000000227b971
0000000000000181
00000eba23f8c499
00000eba23f8c559
00000eba31f79899
00000ebb0fa35919
00000ebb7f1da419
00000ebc344f2bd9
00000ebc470a5a19
00000ebc555da039
00000ebc8aa11a39
00000ebde88ec8f9
00000ebe952d1159
00000ec0e764e7b9
00000ec0e9c8b5b9
00000ec1f4459e59
00000ec253401499
00000ec295fe2079
00000ec2bbc02179
00001d867f6bdd61
000000000227b971
0000000000000181
00000ec3c52ae4f9
00000ec3ce58c379
00000ec410090b19
00000ec5903ae259
00000ec5c679f539
00000ec632f9f6b9
00000ec6ffbb4279
00000ec70ac0c5d9
00000ec7192a6159
00000ec71ad22fb9
00000ec73267ca79
00000ec76cf7e799
00000ec8132ed819
00000ec83e183259
00000ec8b6900a59
00000ec8d2ced479
00000ec8e177aaf9
00000ec9082578b9
00000ec939ddb5b9
00000eca3a0ced19
00000ecc35050fb9
00001d991fd69a61
000000000227b971
0000000000000181
00000ecdb3ecefb9
00000ece36ae1579
00000ece7bbd8ff9
00000eceb4d52039
00000ecfb6a1e759
00000ed0122377f9
00000ed10d55eef9
00000ed13c6d1db9
00000ed2b901e839
00000ed2f1a624b9
00000ed32e608219
00000ed37cc67c79
00000ed4fc1c7dd9
00000ed5c4e812f9
00001dabc0415761
000000000227b971
0000000000000181
00000ed6f908ee99
00000ed75724c059
00000ed77bc50f79
00000ed7dc854cf9
00000ed80293f079
00000ed86407cbf9
00000ed960ebe4b9
00000ed974631d99
00000eda58171fd9
00000edb19929939
00000edd126fe7b9
00000edec75c8f79
00000ededf854379
00000edf256d6d99
00001dbe60ac1461
000000000227b971
0000000000000181
00000ee2b8690779
00000ee3c56c3db9
00000ee4d893ad99
00000ee4dcc33959
00000ee503a76819
00000ee57f22abb9
00000ee596f78419
00000ee5a6e872b9
00000ee5fea04b79
00000ee64dd01e79
00000ee763d05659
00000ee812940319
00001dd10116d161
000000000227b971
0000000000000181
00000ee901f3c859
00000ee974685539
00000eecefb79499
00000eed32f4e639
00000eede2440719
00000eedec666059
00000eee31c8fd59
00000eee4fc7ddf9
00000eee6cea5e59
00000eeeb8793239
00000eeef3333ad9
00000eef8d3070d9
00000eef93232199
00000eefb6586d19
00000ef13a275379
00001de3a1818e61
000000000227b971
0000000000000181
00000ef220542179
00000ef2284afa99
00000ef2988a3c39
00000ef2c012d9f9
00000ef319b74179
00000ef393ef7619
00000ef3a744b339
00000ef62a40e039
00000ef64a3cea39
00000ef6585158f9
00000ef66828e5f9
00000ef78aa20099
00000ef7cdcae8f9
00000ef7d10d0419
00000ef876677cd9
00000ef9fdf23539
00000efa030bdc99
00001df641ec4b61
000000000227b971
0000000000000181
00000efb52879799
00000efb7442ec79
00000efbea4a19f9
00000efc1410ec79
00000efc1fb21659
00000efc63abc359
00000efcd2eb66b9
00000efcea7025d9
00000efd9ccf0c39
00000efdd43ae539
00000efe0938e999
00000efe1f23a459
00000efe49561899
00000eff39c20c39
00000eff79a86619
00000f00f0a81f19
00000f01024d01b9
00000f01381efbb9
00000f019c438c99
00000f029cae28b9
00000f0410ca1059
00000f0422095059
00000f046df20a79
00001e08e2570861
000000000227b971
0000000000000181
00000f04bdaed619
00000f04e0d62b59
00000f05fe011799
00000f061abac039
00000f08dab98419
00000f0b7da1e019
00000f0b99485899
00000f0bdeb6c879
00000f0d95e55f19
00001e1b82c1c561
000000000227b971
0000000000000181
00000f0e09ba53b9
00000f0e22c54bd9
00000f0f07807c99
00000f0f36d9d399
00000f0f9b9f51d9
00000f0fb7d182d9
00000f0fbd89fd59
00000f1002cf8239
00000f10dcbbadb9
00000f11876ebbb9
00000f1329d165d9
00000f13927a2839
00000f143cdf5d39
00000f165194bb79
00000f166ee17579
00000f168d44b5b9
00001e2e232c8261
000000000227b971
0000000000000181
00000f17c2c71eb9
00000f18f09f7439
00000f1988f67319
00000f1afbae6919
00000f1b38e63c39
00000f1d33371819
00000f1e158ad5b9
00000f1e61c1f859
00000f1e6aa9d099
00000f1e97191b59
00000f1f6a2dfbf9
00000f1f86b47af9
00000f1fa01d2b19
00001e40c3973f61
000000000227b971
0000000000000181
00000f20f4eedad9
00000f213d9a73b9
00000f23678ea919
00000f2503fcfdd9
00000f25c8bc6539
00000f269831a179
00000f2829e3c459
00000f297d262c99
00001e536401fc61
000000000227b971
0000000000000181
00000f2b18da0059
00000f2b8ab0b8f9
00000f2c8d9c2bd9
00000f2c905044b9
00000f2dcf825259
00000f2ee001c8d9
00000f2ef90860d9
00000f31021fc8d9
00000f31588ae799
00000f318da40fd9
00000f328cf175b9
00001e66046cb961
000000000227b971
0000000000000181
00000f332389fbf9
00000f34ac4ab899
00000f35205e9859
00000f36fdeb6a79
00000f371fa4d939
00000f376e5724b9
00000f376f9af839
00000f380253f8f9
00000f383d5fa2b9
00000f38aa76ed19
00000f39a9caebf9
00000f3a395e9599
00000f3a80768e39
00000f3a8ee1cb79
00000f3afcb31a59
00000f3c3875a5f9
00000f3c3f2e80f9
00001e78a4d77561
000000000227b971
0000000000000181
00000f3c5472d1f9
00000f3c8153b159
00000f3d284222b9
00000f3d7bca04f9
00000f3e0f6d56f9
00000f3eb34db279
00000f3f813d4a39
00000f407b9531f9
00000f40c17ba699
00000f40fd457399
00000f41a91a0579
00000f42651d3459
00000f437ba9fd99
00000f43d9add599
00000f440ab77e79
00000f446bfdb819
00000f447d795219
00000f44f7452839
00000f4570681fd9
00000f4593df96b9
00001e8b45423261
000000000227b971
0000000000000181
00000f466c87f4d9
00000f46cf2ec279
00000f4769c0e939
00000f4944451919
00000f4aea39d779
00000f4b7f8061b9
00000f4b8295b939
00000f4c4706def9
00000f4ca621e659
00000f4cf3bf3259
00000f4cf3bf32f9
00000f4d1fcdc299
00000f4e93fa6e19
00000f4ea6ab20f9
00001e9de5acef61
000000000227b971
0000000000000181
00000f4f167af2f9
00000f5042d952b9
00000f518b4c5479
00000f52343f72d9
00000f5299e149b9
00000f53b7dae199
00000f5474826ab9
00000f54ca538199
00000f5620d44b39
00000f5718d38859
00001eb08617ac61
000000000227b971
0000000000000181
00000f5889814959
00000f5936f90659
00000f59d2037d79
00000f59e20749b9
00000f5a5cced479
00000f5c023fa1d9
00000f5c4944a939
00000f5d0a1882f9
00000f5eb6ba3fb9
00000f5ef3e80939
00000f5fbc3c99d9
00000f5fbe23a159
00000f603f1c55f9
00000f60c34585b9
00000f60e4f4d279
00000f616b2dae99
00000f617e78a459
00001ec326826961
000000000227b971
0000000000000181
00000f61ec83f599
00000f62557fcb59
00000f629d3d81d9
00000f62cc4586f9
00000f6337fbf699
00000f63f5319d59
00000f65365609d9
00000f654ed7b2f9
00000f659076b8d9
00000f66d19eadd9
00000f676c4b88f9
00000f67c6eef519
00000f67c6f5caf9
00000f67e8d17859
00000f6857860c99
00000f6a1802a219
00000f6aa7eae839
00001ed5c6ed2661
000000000227b971
0000000000000181
00000f6ba74107b9
00000f6c0bbd86d9
00000f6cb7472c59
00000f6d4ecacbd9
00000f6ddd280e39
00000f6deb77da19
00000f6e1e724399
00000f6e5219c459
00000f6ea6d4d479
00000f6f33e92879
00000f6f372cd3b9
00000f6f568d0a39
00000f6f624ca239
00000f705930aeb9
00000f71b71ccdb9
00000f72c8eb8f99
00000f72d6974719
00000f731be878b9
00000f73e5bc3b39
00001ee86757e361
000000000227b971
0000000000000181
00000f74df4518f9
00000f7523780a19
00000f7666f382b9
00000f76da2aa479
00000f76f58a7e59
00000f788c3b2179
00000f798f2e98b9
00000f79a944cf79
00000f79f80b7199
00000f7a242eb3b9
00000f7a6620d2d9
00000f7ae125dc39
00000f7b29bad739
00000f7b4f1c6d79
00000f7cc643dcb9
00001efb07c2a061
000000000227b971
0000000000000181
00000f7da252b339
00000f7db180bad9
00000f7deb13d8f9
00000f803d438a19
00000f8047c02d39
00000f806e6c6c59
00000f807596e499
00000f80faa2ad99
00000f817c3cb9d9
00000f81e39952b9
00000f833f793559
00000f8349ac58b9
00000f83a1675379
00000f83f96ca8d9
00000f84b16db399
00000f84ccfe3cd9
00000f853707d559
00000f85561ccd79
00000f85bda398d9
00001f0da82d5d61
000000000227b971
0000000000000181
00000f87ebbbcd59
00000f888e82ca39
00000f88c5532079
00000f88ee72aff9
00000f8946f85019
00000f897eb36299
00000f8a68f32419
00000f8b04768779
00000f8c1ca9db79
00000f8c84397e99
00000f8cc821a479
00000f8ce303e679
00000f8e4d55d759
00000f8f5e6c2b19
00000f9008c8ea79
00001f2048981961
000000000227b971
0000000000000181
00000f9030e68119
00000f9071355059
00000f90a24a0f79
00000f91c2fc8d59
00000f931754e319
00000f9401f01259
00000f949b5e8699
00000f94e715f4b9
00000f951a804959
00000f957396ccf9
00000f95e2210c99
00000f963e63c6d9
00000f96cd2c4b99
00000f971cc01059
00000f972bb5ea19
00000f97c9ff4759
00000f98d76b8f39
00000f992671f7f9
00000f9964af87b9
00001f32e902d661
000000000227b971
0000000000000181
00000f99fdaf2599
00000f9a1dd44599
00000f9a28ad6239
00000f9aa81eea79
00000f9adb2db379
00000f9b3503d639
00000f9b3503ded9
00000f9b51ec9e19
00000f9bc1a1a319
00000f9bd5b643b9
00000f9be0ae1c79
00000f9c032c7f59
00000f9d0c9de0d9
00000f9d57fb1d39
00000f9da53354f9
00000f9ef64cee59
00000f9f31ad17d9
00000fa0aca05019
00000fa100fc5899
00000fa153dad9d9
00000fa1bb8a19b9
00000fa266df3339
00000fa267c60e39
00001f45896d9361
000000000227b971
0000000000000181
00000fa3e878ff79
00000fa43153b0f9
00000fa661244139
00000fa710a773b9
00000fa77282edf9
00000fa83196abb9
00000fa98dde8299
00000fa9b9f19839
00000faaaabbfdd9
00000fab17a86bd9
00000fab69b9cf79
00001f5829d85061
000000000227b971
0000000000000181
00000fac72cbab59
00000faec8571f59
00000faf566b72b9
00000faf6222d959
00000faf721c9799
00000fafdd708bd9
00000fb06e2df219
00000fb10e72cef9
00000fb23128ecf9
00000fb3b2c95e39
00001f6aca430d61
000000000227b971
0000000000000181
00000fb5ccaaa379
00000fb6150ea279
00000fb6489792b9
00000fb70776f979
00000fb8148607d9
00000fb83f94b079
00000fb8cf6de0b9
00000fb92428f0f9
00000fb93d504899
00000fb98e591619
00000fba75035f59
00000fbb95c6a6f9
00000fbbd8a710f9
00000fbc26535a59
00000fbe0903e759
00000fbe3ef5ed19
00001f7d6aadc961
000000000227b971
0000000000000181
00000fc04386d0d9
00000fc04453e459
00000fc0d00b0479
00000fc1250840d9
00000fc1d5fedd99
00000fc255167eb9
00000fc44df56179
00000fc5105a2219
00000fc56fe4bf59
00000fc5cc327999
00000fc6237fd979
00000fc72c239fb9
00000fc74f744f59
00000fc7c9833639
00000fc7c98336f9
00001f900b188661
000000000227b971
0000000000000181
00000fc884557c19
00000fc8ea0e98d9
00000fc99d955bd9
00000fc9a7d65459
00000fcc42ab0119
00000fce690ebfd9
00000fcf61656099
00000fd0ea1af559
00000fd0eae49b99
00001fa2ab834361
000000000227b971
0000000000000181
00000fd17bd4def9
00000fd2000caf59
00000fd24df32019
00000fd312b5dd59
00000fd3f02474f9
00000fd43e38e539
00000fd4f06c8a99
00000fd66dda0339
00000fd6c6c5db99
00000fd6eb2261d9
00000fd73f7ca899
00000fd88aec1b59
00000fd8f7bf1cf9
00000fd922ea9599
00000fd9573803f9
00000fd9b1135c79
00000fd9d5768b19
00001fb54bedff61
000000000227b971
0000000000000181
00000fdab73d3239
00000fdbf0284819
00000fdc4a06b2f9
00000fdc98ba7539
00000fdcb07578f9
00000fddc084ccb9
00000fddf47a31b9
00000fde39da7d79
00000fde6cc25059
00000fdeb5c28099
00000fdfcc9c44d9
00000fdff160c9b9
00000fe31a4afa79
00000fe33a5afff9
00000fe3d76de439
00001fc7ec58bc61
000000000227b971
0000000000000181
00000fe51ad96759
00000fe60c18cb19
00000fe6b45d9d99
00000fe6e6dc2f79
00000fe7ab7296b9
00000fe81a80fc79
00000fe89f06ba19
00000fe8bd9b2719
00000fe9b814d359
00000feaa75264d9
00000feaf83968f9
00000feb020cf459
00000fec0e37be19
00000fec92aadd79
00001fda8cc37961
000000000227b971
0000000000000181
00000fee0b2dcb99
00000fef401a7c99
00000ff0aeeeee99
00000ff14c8ebe59
00000ff1c0012519
00000ff248742cb9
00000ff335d3b399
00000ff371b68e79
00000ff49013e719
00000ff53ecc03b9
00000ff550a22299
00000ff56bbfbcf9
00000ff619cc8079
00001fed2d2e3661
000000000227b971
0000000000000181
00000ff7236eef79
00000ff8bae90e79
00000ff918c98dd9
00000ff91cf22a19
00000ff9cbcf8859
00000ffab4b1b579
00000ffb982a7959
00000ffbeb5ae2b9
00000ffbfd960db9
00000ffd167e2379
00000ffd5234efd9
00000ffd7eeee1b9
00000ffe5b8307f9
00000fff01d1e779
00000fffa017ecb9
00000fffb1658899
00001fffcd98f261
000000000227b971
0000000000000181
00000ffff595f079
0000100009046cf9
0000100168566819
00001001c39a2339
0000100594af2239
00001005c1bebb39
0000100815d89459
000010081d7b8f99
00001008af379399
00001008df747159
000020126e03af61
000000000227b971
0000000000000181
000010093f4743b9
0000100992ad4b59
0000100a4f4dcb39
0000100b61069339
0000100bbbe023f9
0000100c42a647b9
0000100d433fd979
0000100d60be3619
0000100e41588019
0000100ed564b979
0000100f711da039
0000100fd3afda99
000010109645b379
00001010a5a3bcd9
0000101110e386f9
000010119b62aa79
0000101244e0a019
000020250e6e6c61
000000000227b971
0000000000000181
00001013067c2759
000010134f5fbeb9
0000101409cb6c79
000010144bbf69f9
0000101492052bd9
0000101540d115b9
00001016a0774a39
00001016d4f45c39
00001017761d8919
00001017f673d019
000010190d646f99
000010192d6872d9
0000101965f339b9
00001019800d4859
0000101a79472839
0000101a9e10d239
0000101ad3600ff9
0000101b062b04b9
0000101b9a7ae9b9
00002037aed92861
000000000227b971
0000000000000181
0000101c0d0ef259
0000101c10135959
0000101ca7862519
0000101cfabf3919
0000101e27905459
0000101f3e5504d9
00001020f48b5119
00001021184db699
000010216b6237b9
00001021c27f41f9
000010234ee48379
000010236a8e62f9
000010241c651819
0000204a4f43e561
000000000227b971
0000000000000181
00001025a50e9519
00001025b1949319
00001025f6cfb219
0000102632f378d9
0000102657142879
0000102700db7299
00001027c1e1e919
00001028d0a2fcb9
00001029c66d7e59
00001029cfbf3679
0000102a08bfc759
0000102b04b0fcd9
0000102b94c8c279
0000102bbb5f12d9
0000102bdbf6d659
0000205cefaea261
000000000227b971
0000000000000181
0000102f97ca8099
000010312efe82b9
00001031678cd3f9
00001031728666b9
00001032dc1f36b9
00001033007f0219
000010334afcd439
0000103359496bf9
000010336e5abd99
000010340ee18e59
00001034213d2f39
00001034abca1359
00001034c47468d9
00001035190d4e79
0000103596418d99
00001035ae2a9b99
00001035c0c04a39
00001037246d60f9
0000206f90195e61
000000000227b971
0000000000000181
00001037d680cdd9
000010384d99d1d9
00001038a621e8b9
00001039577bf599
00001039832751d9
000010399a18b9b9
0000103a1131a399
0000103a13b5d9f9
0000103b5dc9edb9
0000103c89540879
0000103dc7423dd9
0000103dd67a9539
0000103e59fe8a39
0000103fd292e099
0000104022e65b39
000010408fbb7e99
00001040d5d9b139
0000208230841b61
000000000227b971
0000000000000181
000010412eafc2d9
00001041b24311b9
00001041ed9e5c19
00001041f10791f9
00001041f6f19e39
00001041ff8aa3d9
000010428a455539
00001042c07e9f19
00001042cd125239
00001042d63944b9
00001043e0874d59
00001044a375eb79
000010459e8e84d9
000010462cc24639
000010469cb899b9
00001046c52aebb9
000010478237def9
00001047e7b47e39
00001048a5ab8559
00001049988541d9
00001049f9e75559
00002094d0eed861
000000000227b971
0000000000000181
0000104ada885e39
0000104b8aae0bd9
0000104bce44e139
0000104c599101d9
0000104c59910279
0000104c65130c99
0000104c6c52e7d9
0000104c9e49eaf9
0000104e83941259
0000104e92bd03b9
0000104eb05b89d9
0000104f15bcab59
0000104f2c94a899
0000104fdc348f59
0000104fe2dc94b9
0000104ff66f0a59
000010509107e0f9
00001050c2db25f9
0000105136b39fd9
00001051c26fa199
00001051cffe9a59
0000105222dd98d9
000010529c142279
0000105394553c39
000020a771599461
000000000227b971
0000000000000181
00001053d2edca59
0000105415e8a419
000010548479bd59
0000105514ed0699
00001056090253d9
000010560f07bb39
0000105613ff2339
00001056e59e80f9
000010577e38fcb9
000010588cdd5819
00001058f5893779
0000105946846979
000010596fce5699
00001059e77a61d9
0000105ad3f889f9
0000105b437a7579
0000105c288f5959
0000105c41e4e3d9
0000105c50f61e59
0000105ce119da19
0000105cfd269e19
000020ba11c45161
000000000227b971
0000000000000181
0000105d6425c8b9
0000105e22b41bf9
0000105e9a34cc79
00001062bfb575f9
0000106439e5f3b9
0000106510ae4719
00001065d5f8db19
000020ccb22f0e61
000000000227b971
0000000000000181
00001066ef943259
000010678ccb0939
000010695e626459
0000106a6a2883d9
0000106b2bc91199
0000106cac785c99
0000106d11a6e439
0000106dca6e49d9
0000106de15fcb99
0000106e1f8d10b9
000020df5299ca61
000000000227b971
0000000000000181
0000106fe8965a19
0000106ff3b8a5f9
0000107186154cd9
0000107280bc6d39
00001073586eae99
000010753010d899
000010753a3ed539
0000107590bae6f9
00001075919236b9
00001076d9c80019
00001076f3eda699
00001077e2b9e899
00001078ba912bf9
000020f1f3048761
000000000227b971
0000000000000181
000010792032bc99
00001079e0248479
0000107c4d183579
0000107ca26d0259
0000107dacf343b9
0000107e44bae7d9
0000107f4d590ab9
000010804773ac39
00001080a0306019
00001080d90e45f9
00002104936f4361
000000000227b971
0000000000000181
000010829f01b399
000010834d2ef339
00001084b3d387b9
00001084b7fe09d9
0000108525482699
0000108548bf8fd9
00001086ef6b0dd9
00001086fec3ca59
00001087d77091f9
00001087ff349ff9
000010883635efb9
00001088d10056f9
00001088f124a699
00001089f3fd5b59
0000108a478da479
0000108b415f6c19
0000211733da0061
000000000227b971
0000000000000181
0000108c07428e99
0000108c428cd839
0000108cc3b06319
0000108cecf36c39
0000108cecf36cd9
0000108dbdb33839
0000108dc041be39
0000108dd2d407d9
0000108f5666d319
0000108f61606ef9
000010905c925299
0000109061182019
0000109105f3a999
00001091ff2c85d9
000010931714d8b9
0000109460197999
0000109475ef5419
00002129d444bd61
000000000227b971
0000000000000181
0000109686702e19
00001096a63bd1f9
000010982abb1af9
000010983e8982f9
00001098470ab1b9
0000109859b9f9b9
000010994e408119
000010996dc40a19
0000109a02e630f9
0000109a02e631b9
0000109a1f3c6c59
0000109a7d02a879
0000109a8ed1f5b9
0000109b62324f39
0000109bfaa5fa99
0000109d3efefed9
0000109da052ceb9
0000109da1fa9b79
0000109dad0dbc39
0000213c74af7961
000000000227b971
0000000000000181
000010a106f9adf9
000010a117db6d99
000010a14a9546f9
000010a16422dbd9
000010a1b050a279
000010a1dfd46d79
000010a2936526f9
000010a3969eaf59
000010a3fee1f639
000010a450abb739
000010a4527ad159
000010a536ee6a19
000010a7020aaa79
0000214f151a3661
000000000227b971
0000000000000181
000010a8464bd679
000010a87a3ae9b9
000010a8e835eb39
000010a8e9757819
000010a97623fbb9
000010aad2cf7119
000010aaf4affd99
000010ab486603f9
000010ac78410939
000010acfe31b2d9
000010ad4c6f1ff9
000010ae5a1eff19
000010ae7ed36619
000010af20ef1739
000010af21d416d9
000010b0493bd119
00002161b584f261
000000000227b971
0000000000000181
000010b0e6f31e39
000010b1721f4119
000010b2ad9a6199
000010b4425f04b9
000010b4a7308e39
000010b4bc0d6b19
000010b4c7cd68d9
000010b51e1dd839
000010b598fd0d19
000010b635f4ad99
000010b969e43399
000010b9a8a33bb9
0000217455efaf61
000000000227b971
0000000000000181
000010ba421c9679
000010bac6e55a19
000010bace708519
000010bb14e91739
000010bc0dd40699
000010bcb675ea59
000010bcfe3512f9
000010be66c62e79
000010bed3c3bc79
000010bf29327999
000010bfa88f4c39
000010bfe33039d9
000010c056fe5cd9
000010c0fb7fee79
000010c10ee12319
000010c1cb467c59
000010c1f63d42f9
000010c243c314d9
000010c285d16539
000010c305459139
000010c360cbc739
000010c3628d3879
00002186f65a6c61
000000000227b971
0000000000000181
000010c3cf0f2e19
000010c3d771aa79
000010c3ffdf3739
000010c56488c4d9
000010c6358e4d99
000010c6e4001459
000010c8c56c07f9
000010c93d188979
000010ca86cc4c19
000010caad7b8cf9
000010ccb8351ef9
0000219996c52861
000000000227b971
0000000000000181
000010cd03762619
000010cd12dfe239
000010cd5e2e9af9
000010cd7c895799
000010cd91b2ce39
000010cda3245e39
000010cf053dd199
000010cfd1f2b459
000010d01cf81e99
000010d06ca1dd99
000010d0de0bfad9
000010d14a728759
000010d1b508abf9
000010d2f7ff94b9
000010d313f14cd9
000010d3fc652439
000010d3ffc95339
000010d4405abad9
000010d48df04b39
000010d4bfc71ab9
000010d4dee48b79
000010d4f0c4f019
000010d5776e46f9
000010d5bef26539
000010d5d5be9019
000021ac372fe561
000000000227b971
0000000000000181
000010d61f7c6c79
000010d6262b1ef9
000010d627094ab9
000010d627e5c279
000010d850bd1d79
000010d8526a1959
000010d8b02a3f79
000010d8fe910f79
000010d95631ddb9
000010da2b29b7f9
000010da6e8957b9
000010da8765ab39
000010daa3d96759
000010dab7373459
000010dbd36bed79
000010dc67638299
000010de1d88c619
000010de7cfccd99
000021bed79aa161
000000000227b971
0000000000000181
000010dfff227ad9
000010dfff227b79
000010e0688778b9
000010e09966deb9
000010e131e9aad9
000010e3bc68c359
000010e63d025339
000010e7641d94f9
000010e7b5f028f9
000010e7d2dd1c59
000010e814475719
000010e8293bafb9
000021d178055e61
000000000227b971
0000000000000181
000010e8c6f4fcd9
000010e9af124cb9
000010eaac1a5999
000010ebcc4dfcf9
000010ed43299919
000010ee3456c8d9
000010ee4019f4d9
000010ef2f823cf9
000010ef42d766d9
000010f02b778799
000010f02c4d2ad9
000010f0358c2cf9
000010f0b8103a19
000010f14c232959
000021e418701a61
000000000227b971
0000000000000181
000010f28ce5ab79
000010f2b43ecdb9
000010f379612799
000010f38dae31f9
000010f4e1e19d59
000010f53d62e259
000010f590c047d9
000010f5e7805679
000010f650548ab9
000010f6873a8019
000010f6c221aa39
000010f6f1f19699
000010f707c5f979
000010fa0670f1d9
000010fa3989d6f9
000010faa6a2d4b9
000021f6b8dad761
000000000227b971
0000000000000181
000010fbeca3eb79
000010fc24b9acd9
000010fda82aeb59
000010feec973319
000010ff5988e199
000010ff5f6c2c79
000010ff7fb8dd19
000010ffb8e01119
000010fffcad0a59
0000110140a22e79
0000110425d57859
0000220959459361
000000000227b971
0000000000000181
00001104f99fe419
000011062ce7e7b9
0000110652922399
00001106686f5799
00001106c92f9b59
00001106f07102b9
00001106ff9195b9
0000110707ae78b9
000011074843a839
0000110867f79879
0000110a3770d0b9
0000110a552cc519
0000110a78103b19
0000110a9cc9acf9
0000110ad3d53a19
0000110d49302399
0000110d8c057a39
0000221bf9b05061
000000000227b971
0000000000000181
0000110e46a79f59
0000110eac2ae1b9
0000110efb00d2b9
0000110f5e016b79
0000110fbc93bdd9
000011102400dc39
000011120dd2ab39
000011123aed04b9
000011126913ba99
0000111272d9b119
00001113580b4919
000011136659c0d9
00001113badaa899
00001114253a9359
00001114cfa3df59
000011152fd08679
0000111612088eb9
00001116bfb8d2b9
00001116ec848a99
00001116ef0a9539
00001116fd4b6839
00001117030e5179
0000222e9a1b0c61
000000000227b971
0000000000000181
00001117a044ef19
00001117aa5ec219
0000111854a82879
0000111a0d703719
0000111a1ca1e359
0000111bca796819
0000111bdd852879
0000111be94d8059
0000111c366de059
0000111cd8ebc3b9
0000111d1e957ab9
0000111d30090e39
0000111dec7be819
000022413a85c961
000000000227b971
0000000000000181
00001120d98dbb39
00001120f887af59
0000112173981bf9
00001121a24ac1f9
00001121da9d9239
00001121de2c76d9
00001122209fc1b9
000011224564f819
00001122a47f5fd9
00001122dd43aa99
00001123b9fae339
00001124894faf59
0000112554d6b8d9
0000112583c38e19
000011275f1fe939
000011276fe33219
0000112805112e39
0000112805112ef9
0000112902106839
00001129d3429ab9
00002253daf08561
000000000227b971
0000000000000181
0000112a67b7d7d9
0000112ad0ef0779
0000112ad80f7ab9
0000112b5a360799
0000112be0a5a3f9
0000112c235ce6f9
0000112c573c5c99
0000112d1043c4f9
0000112d4abc0499
0000112deb5ef079
0000112e27674319
0000112f8a30d879
0000112f9c0d8419
0000112fe0751d39
00001130bf59ea59
000011313815ae19
00001132402cb159
00001132410775d9
000022667b5b4261
000000000227b971
0000000000000181
00001133704648b9
00001133a734c599
00001133e2732459
00001134e238cf39
00001137a3b268d9
00001137d691b779
000011381f3f3739
00001138a42a3999
00001138bdef5a19
00001138d0509cd9
00001139c3085c79
0000113a2eb0eb39
0000113ac4e8e2f9
0000113bdccf3699
0000113c6254cdf9
000022791bc5ff61
000000000227b971
0000000000000181
0000113e513974b9
0000113e7f0dedb9
0000113f22b807d9
0000113f335c9519
00001140b1763179
00001140baae6239
0000114266172239
0000114316114e19
000011435a206339
000011438f5eb159
00001143d0fdd759
000011440073da79
0000114439cb9839
0000228bbc30bb61
000000000227b971
0000000000000181
000011466c02fa99
000011470be7ffb9
00001147426da259
00001147e22db219
00001147eed0f5d9
0000114824c93759
000011495f003599
0000114a44587d79
0000114ab5156099
0000114ae65f73d9
0000114af03d8db9
0000114b4d64f239
0000114bf03e1f79
0000114bf5dfd639
0000114d8b7c2319
0000114dacfa4dd9
0000114e28d4d8d9
0000229e5c9b7861
000000000227b971
0000000000000181
0000114f522e98b9
000011504bda6ff9
000011504ffe1759
00001150a512b999
00001150c270eeb9
00001151d7abc779
00001153db0cd379
00001154bf13f179
00001154bf15a759
000011552f007839
000011554b5cc6b9
00001155589baeb9
00001155c17c4679
0000115713b8a6f9
0000115713bf7d39
000011582dae19d9
0000115850e1a359
000022b0fd063461
000000000227b971
0000000000000181
00001158b4667e19
00001158f984f999
0000115a19614ad9
0000115a8bdc03d9
0000115b3ff133d9
0000115bb5dc53d9
0000115bfc5ee259
0000115c1df85b79
0000115de2083c19
0000115eca055419
0000115efa3b7199
000011604a773239
00001160b4930cf9
0000116196d8c839
000022c39d70f161
000000000227b971
0000000000000181
00001162058844d9
0000116306895819
0000116451807479
00001164d7b159f9
000011650160ccd9
000011650e262f99
000011659051ad59
00001166dc761a39
000011674f0e1ad9
000011677229fb99
0000116785566ab9
00001168143cfe79
0000116830b2b659
0000116932563759
000011695e9ea679
0000116970bd6959
0000116a31d999f9
0000116a531fe5d9
000022d63ddbad61
000000000227b971
0000000000000181
0000116b4baf02d9
0000116c234967b9
0000116c31cecb39
0000116cdb6f9a59
0000116ce22bf3f9
0000116cfa5bc0b9
0000116d83ee3e19
0000116e20dc9239
0000116eb78d25f9
0000116ebbbe7039
0000116ebf0757d9
0000116f6c4188d9
0000116fb03fa6f9
0000117073812c19
00001170795a5239
000011708a212599
000011709d4a5779
00001170ca297079
00001170d00440b9
00001170ed404fd9
00001171aab7dfb9
0000117202dbae99
000011720f295a99
0000117215ecb119
000011729efc34d9
00001172cfc3d379
0000117306d44af9
00001173315b29d9
00001173448af319
000022e8de466a61
000000000227b971
0000000000000181
00001174904ed179
000011769a592999
000011772dbd0499
000011774bdfd8d9
0000117811fa6859
000011783e4ccef9
000011785e2a1ab9
0000117874841a79
0000117a0deb02f9
0000117b992bdfd9
0000117baed93399
0000117ccae813b9
0000117cd196dd79
0000117d74cdbfd9
000022fb7eb12661
000000000227b971
0000000000000181
0000117dd75c9799
0000117e36ae8c19
0000117ee01a13f9
0000117ef6b67a99
0000117f3ac09b19
0000117f79b49279
0000117fd28dedd9
0000117fdf140ad9
000011804cb41fd9
00001180d487edf9
000011810ac118f9
00001181654e4419
00001182a8eaf3b9
000011832e2aec19
000011842cbd0139
000011849c397c39
00001184e2d06659
000011864d061479
000011865508ea19
00001186c0a301f9
0000230e1f1be361
000000000227b971
0000000000000181
000011886b541e99
00001189290df1f9
000011895e032039
000011899d120719
00001189be5ed519
0000118b31331919
0000118c1dd66559
0000118c5496b359
0000118cc1f13b39
0000118cd9652599
0000118e904d2679
0000118ea4688279
0000118fd0ba1a39
00002320bf869f61
000000000227b971
0000000000000181
0000119190103ad9
00001191a5f5ad39
00001192050056d9
00001192a738ee19
0000119301c3f159
000011935d09b4d9
0000119364567839
00001194124fbf59
00001194b0180379
000011950bcf8e99
0000119510cddc99
0000119583a60699
0000119636fcfe39
000011973175ce79
000011975d7ead59
00001198abd9bed9
00001198c737d2f9
00001198d67502d9
0000119903635d39
000023335ff15c61
000000000227b971
0000000000000181
00001199ca645df9
0000119b8a9526f9
0000119c8c8ba3d9
0000119cc50b9bb9
0000119dbfabbf79
0000119dd6709c19
0000119dff906cb9
0000119e8099e899
0000119e9f2aa639
0000119ec6434e59
0000119eda8ff299
0000119ef76cec99
0000119f4500b359
0000119fa7764b59
000011a004c125d9
000011a03e50c899
000011a04f438ab9
000011a0a0ab2ed9
000011a0cd8a3f59
000011a1aa4635b9
000011a222cb4719
000011a295727919
00002346005c1861
000000000227b971
0000000000000181
000011a336a0ac59
000011a337ccc519
000011a3794ef2f9
000011a3f5f6ce99
000011a4d75681b9
000011a5068ec2f9
000011a557ed9f79
000011a6507294f9
000011a6b1952139
000011a6b35ba899
000011a6d1cf56d9
000011a867001079
000011a9a09a6f79
000011aa4373ce19
000011ac0f1836d9
00002358a0c6d561
000000000227b971
0000000000000181
000011acc752d639
000011ad88138079
000011ae4a73ba99
000011aecd2dc1d9
000011af2a5f77f9
000011b126352079
000011b12c1a2599
000011b17240e1b9
000011b173f9c459
000011b22455cfd9
000011b23a566659
000011b28da2bbd9
000011b319e80099
000011b48283a359
0000236b41319161
000000000227b971
0000000000000181
000011b67ddea359
000011b682900539
000011b7ad78fa19
000011b809d192f9
000011b83d867fd9
000011b925cada39
000011b92fd170b9
000011b9c30464f9
000011ba88e1dbf9
000011bb0a811659
000011bb2c9d5899
000011bb70f83719
000011bb7e433b99
000011bb8da7ba79
000011bcddf85499
000011bd12bac819
000011bd90032879
000011bda3a2f4d9
000011be3943f9b9
0000237de19c4e61
000000000227b971
0000000000000181
000011bf6eb7b339
000011bfa462e2d9
000011c00dfa1c19
000011c069969939
000011c0b5452599
000011c1b6a2cf39
000011c3071c9bb9
000011c3709fe579
000011c58ace5c59
000011c628f93fd9
000011c69d90d979
000011c6a3851999
000011c82c80ce39
0000239082070a61
000000000227b971
0000000000000181
000011c84867e259
000011c88b662899
000011c8c79006b9
000011c97f9b4cb9
000011ca502e3ef9
000011ca84e771f9
000011caac1d9bd9
000011cabd047fb9
000011cb7c435439
000011cb9a7ebab9
000011cbdd7ceeb9
000011cc8db6c1f9
000011ccafc03b39
000011cd18ef3979
000011cd55d723f9
000011cdd93439b9
000011ce605e5c59
000011ce6b61ecf9
000011cf7fecdbb9
000011cfb45f8339
000011d07f71b139
000011d1290416b9
000023a32271c761
000000000227b971
0000000000000181
000011d1c0944a39
000011d1c670b4f9
000011d1f51ed8f9
000011d220379199
000011d2549295b9
000011d36e6cbcf9
000011d3eb567459
000011d48dc2d0d9
000011d4cffc6579
000011d5667d69b9
000011d669dd4299
000011d6c98c32f9
000011d924c0f479
000011d948c27a59
000011d9cc58fc79
000023b5c2dc8461
000000000227b971
0000000000000181
000011db41ca9139
000011dc023d3cf9
000011dc1ace1a39
000011dcdb943579
000011dd3baa57b9
000011ddc46804b9
000011de86f5cf79
000011df2b7f3759
000011df5dd80699
000011e003f297d9
000011e241ab0519
000011e2be727719
000011e3202bd879
000023c863474061
000000000227b971
0000000000000181
000011e6a59a5679
000011e6cb961539
000011e757211ff9
000011e7f987dc19
000011e80d938299
000011e8144e0d99
000011e81a3660f9
000011e8d75facd9
000011e9039dd259
000011eaad3aae79
000011eb84c56559
000011ec071e6599
000011ecec6aff39
000023db03b1fd61
000000000227b971
0000000000000181
000011ee3a1dc359
000011ee4030af19
000011ef00757c59
000011ef12ff58f9
000011ef76783b59
000011efab8a27d9
000011efdd3b87f9
000011f0227f37f9
000011f1006c2679
000011f2ac682b79
000011f310d8bf59
000011f3c9390999
000011f49e80ea99
000011f67125d1f9
000023eda41cb961
000000000227b971
0000000000000181
000011f71775d479
000011f74e2765b9
000011f7b51b16d9
000011f853856c59
000011f85979ced9
000011f951735419
000011f97fd1b2d9
000011faa036f659
000011fb02b65859
000011fb36333fb9
000011fbb62022d9
000011fbf153f0f9
000011fcb8c4d9d9
000011fcd4651cb9
000011fd2005c139
000011fd772494d9
000011fd9b366f79
000011fde3f43599
000011fe40a32df9
000011fed0a48999
000011ff4f2eef39
000011ff51b4f619
000011ff59fde939
000011ff5f04d5b9
0000240044877661
000000000227b971
0000000000000181
00001200491ad719
00001200865b20d9
00001200a6ea2999
0000120163a8c259
0000120174919619
00001202a1cf9979
00001202f0fc9379
00001203b38a0d19
0000120412099a19
00001204706fb6b9
00001204eedeee19
00001205389cd379
00001205f6d8dc59
000012073adfc199
000012075db29a59
00001207c5656939
00001207ccddccf9
0000120851afccf9
0000120961b0cab9
00002412e4f23261
000000000227b971
0000000000000181
00001209f392c3b9
0000120a05580519
0000120a5e609ef9
0000120c7035ca59
0000120cfe9b5c99
0000120d17a5ec19
0000120d60cd2db9
0000120d7bca3899
0000120d850e6459
0000120de1215a39
0000120eba9b7759
0000120ed91bf1d9
0000121032ea3559
000012105022a3f9
00001210686a3a39
00001210d56f9e99
000012110a7280f9
000012112530d8d9
0000121191a44859
00002425855cef61
000000000227b971
0000000000000181
0000121394e5eb59
00001213a8fac7f9
00001214771ec059
00001214e5ce3839
0000121562056e59
000012159b5a2c19
00001215a510cfb9
00001216f7ccb379
0000121713e37b19
0000121775274f79
0000121780552219
00001218266b19d9
00001218266b1a99
0000121989035859
00001219d38dbe59
0000121a1a1be5d9
0000121ab46e6299
0000121b40c74cd9
0000243825c7ab61
000000000227b971
0000000000000181
0000121c1cb70179
0000121c6b41bbd9
0000121d011f1d59
0000121dc7021eb9
0000121dcdabacb9
0000121e5d0eb6f9
000012201c055579
000012202ed7f2f9
00001221299bc799
00001221d26d6cd9
000012223fe0ca79
0000122443486fd9
000012244abd7c19
0000244ac6326861
000000000227b971
0000000000000181
000012271cccf419
000012290a2578b9
00001229f4a41a79
0000122a882aa479
0000122acd878739
0000122c70be7c99
0000122c931de0d9
0000122cb7f280f9
0000122cf0f00cd9
0000122d42ff1619
0000122db5f08779
0000245d669d2461
000000000227b971
0000000000000181
0000122f378e4d99
00001230fc6a3399
00001231db4d3339
0000123281533b39
00001232acd17b39
00001232be91b859
0000123333f5caf9
000012356ace4219
00001235dbd28b19
00001236269dc219
000012365827d259
000012365be683b9
0000123693ab34b9
00001236962a5df9
00001236c35e0c99
000012370b867f19
000012372cec9339
00001237eb9cbd19
00001237f32eb4f9
000024700707e161
000000000227b971
0000000000000181
00001238c0a74f79
0000123aa9b2fc59
0000123b435a6b39
0000123bf74f6519
0000123c26387c99
0000123c6f494bf9
0000123c737debb9
0000123c87ce3e19
0000123c90cf9059
0000123d0ae96d79
0000123d37cf2479
0000123dbebef979
0000123e4ac9a319
0000123ef5c41919
000012409e986919
00002482a7729d61
000000000227b971
0000000000000181
0000124154ffbaf9
00001241d018bdf9
0000124270d36599
00001242ad225fb9
00001242de91a779
00001242fd93cbd9
000012436a4c9c19
0000124375d77ed9
00001243f3ec1479
0000124467ecefb9
00001244f193af39
00001247c3dd7299
000012482288d379
00001249344d1bf9
00001249c3a433f9
0000249547dd5a61
000000000227b971
0000000000000181
0000124aca062799
0000124adde2c599
0000124b44451bb9
0000124ba16a6fb9
0000124bca7a4a79
0000124c990c70b9
0000124ce5676039
0000124d1a4826d9
0000124d6babe719
0000124dc5682559
0000124de2f9a1f9
0000124df4df9399
0000124e27228999
0000124eb9037599
000012506a03cbb9
00001250edb31d79
00001251226e8379
000012532baa3af9
00001253515eb019
0000125389709e99
000012539bc3db79
000024a7e8481661
000000000227b971
0000000000000181
0000125559e6de99
00001256ff6ea579
0000125701f2ed99
0000125717c55df9
0000125744f3fa99
00001257bd4c7f39
00001257fd6c0d39
0000125830958919
000012594d5ee6f9
00001259f8a75bd9
00001259fda760b9
0000125a52792959
0000125aec553e59
0000125af206e5d9
0000125b35305ff9
0000125ba930e999
0000125bbac30239
000024ba88b2d361
000000000227b971
0000000000000181
0000125d72a32d79
0000125e276e5559
0000125e58f4f899
0000125eaebe92f9
0000125eedcd9439
0000125f974ed879
00001260e9ad6e79
00001261c98a06f9
00001261f94a6899
00001262aa3c7899
00001263000be779
00001263000be839
000012630f5ac7b9
000012633ca5c839
000012639013d659
00001263b5dafff9
00001263f2b827d9
000012641fe1b3d9
0000126428f29d59
0000126471d90bb9
000012653f6c6d39
0000126586780e59
00001266878b64d9
000024cd291d8f61
000000000227b971
0000000000000181
000012673e518279
00001267a0cb8639
00001267ae272779
000012683351b9d9
0000126856b88d99
000012692250ff59
0000126a15abbe99
0000126a23b95d59
0000126b2acba639
0000126b453b58b9
0000126c949328f9
0000126e8b392bd9
000024dfc9884c61
000000000227b971
0000000000000181
0000126ff8686839
00001270e8222119
000012715798dd19
00001271dbb127d9
00001272cca7e839
00001273ca417d79
000012744c54a7f9
000012765da9c679
00001277657cb4d9
0000127798be8859
000012788d21d999
00001278a0f130d9
00001278bdf53499
000024f269f30861
000000000227b971
0000000000000181
00001279bfb0e679
00001279ecc628d9
0000127a959812f9
0000127ae092a299
0000127b62ffc899
0000127b8d707a99
0000127be1bafe19
0000127bf375d079
0000127c170a0839
0000127ca8e72df9
0000127d28d04cd9
0000127df8401d39
0000127ee6af2499
0000127f0acaf599
0000127fe254aed9
0000128000b77af9
00001281065d2bb9
000025050a5dc561
000000000227b971
0000000000000181
00001284ceb6b9b9
00001285751f6359
00001285da684b59
00001286302dbb39
00001286302dc8d9
00001286400ce399
0000128650d1b359
0000128678425c59
000012878a87b019
00001288ec432139
000012899877fb99
00001289ed2c28b9
0000128a5c9ab179
0000128a7ff1d399
0000128b8c5a5139
0000128ba4da42f9
00002517aac88161
000000000227b971
0000000000000181
0000128c465bea79
0000128c7983b519
0000128d7b2eac39
0000128dd1e24bb9
000012904a62a179
0000129056edc2f9
00001290a37f4519
000012930ff70859
00001293478d5059
0000129387a2a179
00001293c1b63199
0000252a4b333e61
000000000227b971
0000000000000181
00001296e5543cb9
00001297bf902d19
00001297f0a3de19
000012989cdcd7d9
00001298efc2f2f9
0000129907bcf239
00001299370f3239
00001299956a8739
00001299aceef539
0000129a15734c79
0000129a3bed6fd9
0000129a7b9758b9
0000129ad63d2e19
0000129d26720279
0000129d8c3b9f19
0000129da4adabb9
0000129e6720f739
0000253ceb9dfb61
000000000227b971
0000000000000181
0000129f332ce079
0000129f7c2a9299
000012a090da6659
000012a0cd912bd9
000012a0e1851759
000012a1ba2d6dd9
000012a3cc164479
000012a40ae14159
000012a41c6549f9
000012a50a2045f9
000012a5633cd419
000012a6aab5b619
000012a6f6531999
000012a78a2b44d9
000012a7bc74c9d9
000012a7bc74ca99
0000254f8c08b761
000000000227b971
0000000000000181
000012a8578f1a39
000012a929bb6819
000012a943396bb9
000012a9aefc5b59
000012a9e6a6fa59
000012aa14f21dd9
000012aa71e118f9
000012aa82dff7b9
000012aa9b2a9f59
000012aaf791fed9
000012ac073c0579
000012ac24683579
000012acbcd051b9
000012ad0be93499
000012ad8b176d39
000012ae2b8b87f9
000012b0e6316f59
000025622c737361
000000000227b971
0000000000000181
000012b199e16c39
000012b1b171a6f9
000012b43c1a9e59
000012b44f7ef459
000012b4a750ff99
000012b5274f47f9
000012b55b02a5f9
000012b58a8808d9
000012b58b4ad839
000012b672e431b9
000012b683a3cab9
000012b6906a8a99
000012b70abe0c99
000012b79b0afd19
000012b9ecda1819
00002574ccde3061
000000000227b971
0000000000000181
000012babe047b59
000012bb2bcc9219
000012bb61dcc7f9
000012bc22ab9439
000012bc2c05ad39
000012bc45559a59
000012becea3ccf9
000012c03e38c099
000012c1c0999b19
000012c1c909a3b9
000012c2aca9a1b9
000012c3512ef219
000025876d48ed61
000000000227b971
0000000000000181
000012c42108e0b9
000012c5b069b5d9
000012c5e3bf4939
000012c65d76ec59
000012c773facb59
000012c7c779a699
000012c8d8d36199
000012c91b6e7d19
000012ca0486fe19
000012ca4990c139
000012caa39766d9
000012caebb56e19
000012cb0ac89ad9
0000259a0db3a961
000000000227b971
0000000000000181
000012cd0f1dd179
000012cd14450479
000012cd17ba2c19
000012ce007bee59
000012ce94bb92d9
000012d058008479
000012d06681c079
000012d07ca5df59
000012d1b4a4ffb9
000012d27b911479
000012d374de7979
000012d3ca479979
000012d42bd96099
000012d4328ed199
000012d4fc9abcb9
000012d5be4c1959
000012d5ff9c55b9
000025acae1e6661
000000000227b971
0000000000000181
000012d6ae3ea979
000012d6b5cb8ff9
000012d73814dd19
000012d762f570f9
000012d8d302f9b9
000012da3f18a499
000012da70d0ccd9
000012da893dee39
000012dacee03219
000012db643f7b19
000012db68dc4ed9
000012dd488e8539
000012dee45734f9
000012df262ac119
000012df262ac1d9
000025bf4e892261
000000000227b971
0000000000000181
000012e0c1ac59f9
000012e0cca94a79
000012e0e8405e59
000012e1bea01bf9
000012e1da81eb59
000012e31a54e7b9
000012e366e33139
000012e44240a2f9
000012e493b07c99
000012e688447099
000012e87773d2d9
000012e8a9ba4f59
000025d1eef3df61
000000000227b971
0000000000000181
000012ea2a809659
000012ea3a6c7579
000012ea4d4454d9
000012eb0f5074d9
000012eb4894c939
000012eb93d4fd19
000012ed3ab3adf9
000012f02a811d79
000012f0906b3ff9
000012f0b5711499
000012f11661dff9
000012f1434b4f99
000012f1703a1cf9
000012f21861c319
000012f229916cf9
000012f23bacf999
000025e48f5e9b61
000000000227b971
0000000000000181
000012f3171bd179
000012f31dff6479
000012f407809759
000012f4a31f6819
000012f56fecbf39
000012f5bf358239
000012f61ea576f9
000012f6f5019859
000012f74c6ffe79
000012f7b09166b9
000012f7d41eef39
000012f859d16259
000012f9f3b52bd9
000012fa7990b9f9
000012fb18d58959
000025f72fc95861
000000000227b971
0000000000000181
000012fd2ef1df79
0000130000acf419
00001301e9a27199
0000130221277db9
000013025e8dc679
0000130283131899
00001302b31e3319
00001303034bdfb9
00001303041c5b39
000013030779a6f9
0000130337a6a439
000013039a539599
00002609d0341461
000000000227b971
0000000000000181
00001304f21e3419
00001305314d3259
0000130661ab1359
000013070fc92519
00001307915b9d59
00001308e9687159
0000130910bf84b9
00001309250c7519
000013092a7149d9
0000130bd229c779
0000130d25beeb19
0000130df0379b19
0000130e1e2f2539
0000261c709ed061
000000000227b971
0000000000000181
0000130f1e061e19
0000130f530bf3d9
000013101d7c0199
0000131405fae019
000013147d7e5599
0000131648af6e19
0000131664177919
0000131668a0c0d9
000013169ca1b219
0000131775e806f9
00001317868934f9
0000262f11098d61
000000000227b971
0000000000000181
00001318b7ffa519
00001318be7cbdb9
0000131a0dee3539
0000131a43e50159
0000131a4febe059
0000131a8094b3d9
0000131aaa84a1f9
0000131b38327279
0000131d97770339
0000131f7d7b1739
0000131fd3c24699
0000131fdb528d99
00002641b1744961
000000000227b971
0000000000000181
00001321443a9099
0000132167b89939
000013227e1b1239
000013227fd75fb9
00001322e2b3b819
00001322e9623a19
00001323b87fa0d9
00001323c43c2719
000013243a091f19
0000132527bbfc19
000013255ab2b1b9
00001325b32cc219
00001325b4c385b9
0000132677554399
00001326ae6fa179
00001326eb5e38f9
0000132723f5fad9
00001327762559d9
00001327bb728659
00001327d209f039
0000132861d9ae39
0000132996f1ad19
0000265451df0661
000000000227b971
0000000000000181
0000132a456d4a19
0000132ac2764359
0000132ac346c079
0000132afa3c5619
0000132b75ac4779
0000132cf0eb18d9
0000132e08930619
0000132eff2441d9
0000132f3bab7f99
0000132f3bab8019
00001330171bdd59
00001330e709a3b9
000013315e32dc19
00001332caac9899
00002666f249c261
000000000227b971
0000000000000181
00001334066ae8b9
00001334349cda99
00001334e0356439
00001334e03564f9
00001336362fa739
00001336c5579cb9
000013380c389ab9
000013380d03f539
000013386ccc18b9
00001339244d04b9
00001339652572d9
0000133a3d3fcf99
0000133af07299f9
0000133c00c78659
0000133c0d68d499
0000133c127d5e79
0000133c42355af9
0000267992b47f61
000000000227b971
0000000000000181
0000133ce39acd79
0000133e3371da59
0000133e79acbbd9
0000133f73237999
0000133f92867599
0000133fa7dd4a39
0000134007f38019
000013401e798c79
0000134022b87939
000013406f2156d9
000013413b018159
00001341a9bc8f39
00001342338d6299
000013434ba787b9
0000134365bfcf79
000013439caee9d9
00001343ff4886b9
00001344678b0c19
00001344ab5c2759
0000134509a94e79
000013458d9410f9
000013458d9ae779
00001345b5a25679
0000268c331f3b61
000000000227b971
0000000000000181
00001346c48e4bb9
00001346e7ec7639
000013474e4d68f9
00001348befb3e79
00001348e7f1c3d9
00001349492859b9
00001349e835d639
0000134acb335059
0000134b9905f459
0000134c058573b9
0000134c7312a2f9
0000134e99640bb9
0000269ed389f861
000000000227b971
0000000000000181
0000134f90486fd9
00001350393e4459
00001350c4fec319
00001350cd5c2179
00001350e91a9219
00001351d07c40f9
0000135363aeaf99
00001354e6db48f9
000013551c4c2f39
00001355eb704799
000013569e9fa919
00001356ad044519
00001356ede726f9
00001356fbcef6d9
000013579cb261b9
00001358b47e2b99
000026b173f4b461
000000000227b971
0000000000000181
00001358d00b5519
000013595b69b0b9
00001359bc75bdf9
00001359e480e3f9
0000135a05d48299
0000135b0ffae319
0000135b7cfd96b9
0000135c34a59919
0000135c357b35f9
0000135c65ec0e39
0000135caf084df9
0000135ce3d39439
0000135cfe4584d9
0000135e861549b9
0000135ec4550d39
0000135eefc3fd19
0000135f221b72d9
0000135f689e2579
0000135fc30b8ef9
000013607a0664f9
000013609d3edb79
00001360b3fd7799
0000136132b01099
00001361b89b0179
000026c4145f7161
000000000227b971
0000000000000181
0000136234433f19
00001362e6c09b19
0000136339fa2859
000013638fdbb159
000013650f358299
0000136551f03959
00001365f05933f9
0000136662621299
0000136702e60ab9
000013677c955779
000013687a9b5319
00001368ed8c8a79
0000136951a2eb99
0000136959316f99
0000136971757f59
000026d6b4ca2d61
000000000227b971
0000000000000181
0000136c08047399
0000136d4a0784b9
0000136d5bb27ad9
0000136db39a8259
0000136e232b1259
0000136e25bd09f9
0000136e42f38ff9
0000136e507a0ab9
0000136f7791fb39
00001370086f40d9
0000137086ba7799
00001370b9a56199
0000137125df6b39
0000137147163e59
00001371504b1b19
00001371ba4646b9
00001371f16c7899
000013720e9ac559
0000137231bf2439
000013733acc6ff9
000013745183b259
000026e95534ea61
000000000227b971
0000000000000181
00001374b2711519
00001374b9e972d9
000013751f61ee39
00001377ee724b39
000013794c025ff9
0000137beec0b079
0000137dc520c2f9
000026fbf59fa661
000000000227b971
0000000000000181
0000137e5a456019
0000137f09ba26d9
0000137f9340e699
000013813f65af79
0000138143a2e219
00001381b319e619
000013831b8901f9
00001383ea93dc19
00001384b9fe9a39
00001384d74b9ff9
0000138503a2f119
00001386289b5439
000013863e048df9
00001386b09037b9
0000270e960a6261
000000000227b971
0000000000000181
00001387b7b52779
0000138863cb4739
00001389c277c359
0000138a25eb3ed9
0000138bddc3bd79
0000138c6a0851d9
0000138d05eabdb9
0000138dbf83c079
0000138dcdcb4cb9
0000138e7e5b42b9
0000138f4b17afd9
0000138f74877fb9
0000138f79fbb399
000013901a2a8ff9
0000272136751f61
000000000227b971
0000000000000181
00001390d8c50119
000013915ef34239
00001392a0fcaa99
00001393e449d619
000013948d5db9f9
000013953db90e79
000013956507e9b9
000013959c3f6ab9
000013963eed1999
0000139831666ed9
00001398421506f9
000013989789d099
00002733d6dfdb61
000000000227b971
0000000000000181
0000139a6d317af9
0000139ace2c5bd9
0000139cd8d545b9
0000139d65166ef9
0000139d6bb5d9f9
0000139e6b252d59
0000139ee319e599
0000139fd66052f9
0000139ff7130219
000013a137df3039
000013a157a48359
000013a277059239
00002746774a9861
000000000227b971
0000000000000181
000013a3814b3159
000013a5349c62b9
000013a5d752af19
000013a64b8b22f9
000013a69e1c9419
000013a71a98d279
000013a76f2dfff9
000013a8686deeb9
000013a9213963f9
000013a921396499
000013abcdcb6c19
0000275917b55461
000000000227b971
0000000000000181
000013ad67a031f9
000013ae68f5f839
000013ae8c4b0239
000013b09c60ed79
000013b1633bb0f9
000013b188bd4799
000013b2298d4e39
000013b2e084d159
000013b3117bb6b9
000013b33e19d3b9
000013b37e3d6bd9
000013b45b886199
000013b4956443f9
000013b5427179d9
0000276bb8201161
000000000227b971
0000000000000181
000013b6371a62f9
000013b790eaccf9
000013b792321839
000013b7aa875db9
000013b871d085d9
000013b9227544f9
000013b98c5bb799
000013b9e5905399
000013ba45642959
000013bbc67aa7b9
000013bc91524359
000013bcc3b91a19
000013bcd0460119
000013bdb672f4d9
000013bdcea98199
000013be29d594f9
000013be33729759
000013be969d49f9
000013beb94b7a79
0000277e588acd61
000000000227b971
0000000000000181
000013bf561d0cf9
000013bfd755a019
000013c0b009e119
000013c0e62b2a19
000013c1cf405d19
000013c2473cba39
000013c25c8d7a39
000013c275ac6d19
000013c2df5b3319
000013c46d9f9af9
000013c4883bb2b9
000013c498867a79
000013c73dddec19
000013c7aa719c99
000013c7d2740f19
00002790f8f58961
000000000227b971
0000000000000181
000013c90694a8d9
000013c9335f3b79
000013ca8ddc51f9
000013cb1736c239
000013cb9bc0b239
000013cbfd3e1ab9
000013cca1943719
000013cd71836559
000013cd8e142f19
000013ce7a680b99
000013ceab2c7a59
000013d094458379
000013d1352bf699
000027a399604661
000000000227b971
0000000000000181
000013d20cd5be79
000013d2c17d8c59
000013d3367a5af9
000013d491f5cdf9
000013d4f8221c39
000013d54d6a3a39
000013d58ddf8239
000013d59cb868f9
000013d59e4f2db9
000013d7465c0d59
000013d859f2e4d9
000013d89e068e39
000013d9060040d9
000013d940a237f9
000027b639cb0261
000000000227b971
0000000000000181
000013dc27af75b9
000013dc9bb437b9
000013dcfb5d2899
000013dd49c5c799
000013ddc8d27179
000013dfee7a08f9
000013e030000d39
000013e067a72ed9
000013e0791abdd9
000013e251318639
000013e262aa1d79
000013e32d70c7d9
000013e385d4f539
000013e3b8b07999
000013e3d11354f9
000027c8da35bf61
000000000227b971
0000000000000181
000013e495ce21d9
000013e716227519
000013e718bcfe19
000013e7aa4fa199
000013e7d1b7d879
000013e7db9affb9
000013e7efbf3a79
000013e7f2453f39
000013e822c1d1d9
000013e852439f79
000013e914380a19
000013e9cc034179
000013ea3cc4dad9
000013ea6fd76a39
000013eabbd816f9
000013eb915ca119
000013ebf8392ed9
000013ec890fdcf9
000013ecc96cf399
000013ed9eac0759
000027db7aa07b61
000000000227b971
0000000000000181
000013ee2eb22099
000013ee899f8939
000013ef28dc5119
000013ef5e097759
000013ef747b6539
000013efc1c79679
000013efd50f0359
000013efd6bda8d9
000013f0da50ebf9
000013f143a44379
000013f1937477f9
000013f2b7691719
000013f2f87f63f9
000013f419a1d759
000013f42b309679
000013f4ccff22f9
000013f4ceb2cb39
000013f5ef726339
000013f6810bf319
000027ee1b0b3761
000000000227b971
0000000000000181
000013f7645aca79
000013f8352f1d59
000013f8352f1df9
000013f86d1d6059
000013f8c786a719
000013fbf1376c99
000013fc419c8139
000013fca1e023f9
000013fd223c76d9
000013fd624cec99
000013fd65ac05f9
00002800bb75f461
000000000227b971
0000000000000181
000014005f1a3879
0000140144c4a239
000014018e99bbf9
00001401af3130f9
00001402776e7139
00001403d02bb099
000014043ce4efb9
00001404a00c99b9
0000140617d6a339
00001407208cf7d9
0000140861819579
0000140953b56799
000028135be0b061
000000000227b971
0000000000000181
00001409c43bb5b9
0000140b01a70879
0000140b4eb498d9
0000140b825f38f9
0000140c42ae28f9
0000140c85faa459
0000140d693851d9
0000140fe545d5f9
00001411040289d9
00001411c444eb19
0000141280ce4cf9
00002825fc4b6d61
000000000227b971
0000000000000181
000014131933a079
0000141328101299
000014134a362a39
000014136e1d42f9
00001413784edc39
00001413e6e436b9
00001414c2c40ad9
0000141574d00899
0000141672bf49f9
00001416d2827759
00001417aebaf8f9
0000141811b47d59
000014197792d2d9
0000141ac3b117f9
0000141afc9f7e79
0000141b2b5c95f9
0000141bf2768279
0000141c0376ffd9
0000141c44df8ff9
000028389cb62961
000000000227b971
0000000000000181
0000141c568cdf39
0000141c69024b19
0000141cd5fd7059
0000141d44a72099
0000141ed07a6939
0000141f05597f19
0000141fa703d2f9
0000141fb0668ed9
00001420936d32f9
00001421274ecaf9
000014220b520ab9
0000142217879999
00001422186e49d9
000014222440e679
0000142338b81bd9
000014233d647039
000014234bb467f9
00001423568863d9
0000142488712719
00001424a5c67459
0000284b3d20e561
000000000227b971
0000000000000181
00001425b60c0099
00001425cd6297d9
000014263dda0519
0000142684004fd9
0000142741d5f939
00001428f3d89d59
0000142987723079
0000142a095f3459
0000142bf7f0d819
0000142c7d22a439
0000142daf9ec639
0000285ddd8ba261
000000000227b971
0000000000000181
0000142f318ae4b9
0000142fe79d2c59
0000142ffba27239
0000143074fb2e59
00001430935d42d9
000014309cd9ef99
000014312ef108b9
00001432644c6db9
0000143283293319
0000143324415179
000014337e9c1099
0000143385407bf9
0000143504a0ead9
000014351c1d5339
0000143522d2e0f9
000014359cac14b9
00001437f3b1c8f9
000014382ac6c4f9
000028707df65e61
000000000227b971
0000000000000181
0000143a70a314f9
0000143b6a0f2cb9
0000143d0f6299b9
0000143e1de1a819
0000143ed2637759
0000143f085d84d9
0000143fce9f6ad9
00001440fc0efff9
000028831e611b61
000000000227b971
0000000000000181
00001441e5ba2459
00001442a4698af9
000014452309fbf9
000014454956e659
0000144576652619
000014459bf785b9
0000144647402539
0000144746792f59
0000144749d4cfb9
0000144875b183f9
00001448cab13919
0000144a50d81839
00002895becbd761
000000000227b971
0000000000000181
0000144b9d66fb59
0000144bdb4b1fd9
0000144d7ec49d79
0000144d9cf9ff59
0000144e9fc96679
0000144eea33a719
0000144f3c14bc39
0000144f90d7bcd9
0000144ffd78e8d9
000014503abfbaf9
00001450752b8db9
0000145102a9ab79
0000145155bbf7d9
0000145254321b59
0000145399a0fe59
000028a85f369361
000000000227b971
0000000000000181
00001454da41f899
00001455590757d9
0000145573a71579
000014557b392879
0000145658a16939
00001456bce57f59
00001456cae6f479
00001457d288f279
00001458b7518d79
000014592e5fbf99
000014598cf848b9
0000145ad068a459
0000145b2fbb7339
0000145bc73ba459
0000145c60892439
000028baffa15061
000000000227b971
0000000000000181
0000145df7639b79
0000145eae2d2799
0000145ef5e8ebf9
0000145f277676d9
0000146012f9a199
0000146088fb3a19
00001460b0a72d19
00001461819eb819
00001462451dbcb9
00001462afaa8ef9
000014636f618b79
00001463aedc6559
00001463d7305999
0000146566a00bd9
0000146577807139
00001465a3d7c0b9
00001466a791acb9
00001466cd683379
000028cda00c0c61
000000000227b971
0000000000000181
00001466feb720b9
000014684e648dd9
0000146aabcad7d9
0000146b14a8b5d9
0000146b7b38dad9
0000146cd50be839
0000146ce9a53119
0000146ddfc7ccf9
0000146ded1e4b39
0000146e106d0999
0000146f4a633e79
0000146fa353e779
000028e04076c861
000000000227b971
0000000000000181
00001470295cdc99
000014708ba5ebb9
00001470fb1145b9
0000147155c65419
00001471f4bd6ab9
000014751733def9
00001475d043e899
000014773e080359
0000147827054cf9
000014785a4d6a79
00001478797019f9
000014787cb8e799
000014787cb8e859
00001478f0b0dff9
0000147959096cd9
000028f2e0e18561
000000000227b971
0000000000000181
0000147ab37539d9
0000147aba742ab9
0000147c236c99f9
0000147cfe9f4bb9
0000147d290bd2f9
0000147d304d8fd9
0000147e2a11f359
0000147f34883039
000014801b09fc39
0000148131b4f759
00001482161b31b9
0000148217c66b79
00002905814c4161
000000000227b971
0000000000000181
00001482e49dd099
0000148362af45f9
00001484188ec739
000014854916cfb9
000014859daf6bb9
00001485a2aa4879
000014865d135df9
00001486ab91faf9
00001487b72c2299
0000148896ee9799
00001488a50e7959
00001488fe50a659
00001489f6f0e5d9
0000148a34856a19
0000148a3eb02099
0000148a9c4a5b79
0000148aae089eb9
0000148ab2381f99
0000148b5106c239
0000148b646b2139
0000291821b6fd61
000000000227b971
0000000000000181
0000148d351f5eb9
0000148dd3bd6459
0000148dee61d859
0000148ee72e9e19
00001491cfa80b19
000014926ca5d3d9
00001492e9f0bdf9
00001494a5a74999
00001494ce17c0d9
0000149525a98539
0000292ac221ba61
000000000227b971
0000000000000181
00001496117212d9
0000149662ab7019
0000149694b68f99
000014973bf9ce39
00001497c02a1199
00001498711b4799
000014989b0726f9
00001498c5323459
00001498c5fbd899
00001498c8965239
0000149b4a70b0f9
0000149ba66d4519
0000149cd0dd53d9
0000149d61e85d99
0000149e4db480f9
0000149e5b57a419
0000149e89f0b9b9
0000149eb01a2fb9
0000293d628c7661
000000000227b971
0000000000000181
0000149f3bdf8f39
000014a02020c9b9
000014a089ac0179
000014a218d68319
000014a222fdd139
000014a496edc979
000014a528031d19
000014a568cac219
000014a5dbe7f2b9
000014a688096899
000014a717553d39
0000295002f73261
000000000227b971
0000000000000181
000014a870729099
000014a87997e659
000014a8dc852e39
000014a907214c99
000014a925e776f9
000014a99f354e59
000014a9fc69bdd9
000014aa78ae3999
000014aa9509ee79
000014aad772d199
000014ab7b8a15d9
000014ac0e8c8239
000014ad387f2f19
000014ad9b54ced9
000014ae1245ae19
000014ae6bcebf79
000014aeaa21a2f9
000014aeb08f51b9
000014afdd79e339
000014b0873f9139
000014b0e6cf7d59
00002962a361ef61
000000000227b971
0000000000000181
000014b3005ba319
000014b3253bccb9
000014b34e79a819
000014b487088039
000014b4a7c1b059
000014b4fd6280d9
000014b6b8231b79
000014b70e188519
000014b9f4fe2619
0000297543ccab61
000000000227b971
0000000000000181
000014bad19e4299
000014bb0d52ecd9
000014bbd3df9239
000014bcb03a09d9
000014bd2f090039
000014bd457a9179
000014bead90aab9
000014bee39bcb39
000014bf3507cb59
000014bf4e5822f9
000014bfa2e7db59
000014c047b43e99
000014c09fae0d19
000014c14850f4f9
000014c213f22019
000014c2c3c3ab59
000014c3c1c67199
00002987e4376761
000000000227b971
0000000000000181
000014c4f8f2d279
000014c53a341119
000014c5719ad739
000014c5d4a83979
000014c5f8ee9a19
000014c619622719
000014c62c5bd459
000014c685aea699
000014c6fd861ff9
000014c9d5a2ed39
000014ca4b3a4039
000014ca6cf5b5d9
000014cb4f7796f9
000014cc108719d9
000014cc459ad439
000014cca4755959
000014ccf3783559
0000299a84a22461
000000000227b971
0000000000000181
000014cd6e6d1f19
000014cd9a326c19
000014ce662d0f79
000014ce904c4bb9
000014cecb27eb99
000014cf3d7deb39
000014cff5009819
000014d1589a2859
000014d285799fd9
000014d3189f9059
000014d41c55f579
000014d450f627d9
000014d4a09d64f9
000029ad250ce061
000000000227b971
0000000000000181
000014d6f36c25b9
000014d7502824f9
000014d791703af9
000014d881a577f9
000014d894f8dd39
000014d8a8456b99
000014d8c47ede39
000014d966838b19
000014d9f0366499
000014da7b3a3a39
000014db19c47859
000014dbe01e2b39
000014dc9b684df9
000014dca094c059
000014dca6578eb9
000014dca67b7379
000014dd6720d9b9
000014ddfeab3059
000014de26fb8fd9
000014de50f05959
000014de643b3259
000014df2730bfd9
000014df830c9279
000029bfc5779c61
000000000227b971
0000000000000181
000014e04e851299
000014e05bfddcb9
000014e1a444ce79
000014e213269719
000014e217fa1b99
000014e2ad072759
000014e343cc6899
000014e399adba59
000014e3b8c292b9
000014e463f7fdd9
000014e6c712ba99
000014e718f5bbd9
000014e74ed747b9
000029d265e25961
000000000227b971
0000000000000181
000014e998420819
000014ea5ac06ab9
000014ea86680ef9
000014eab8c62c79
000014eb9a7a55d9
000014ec8b49da79
000014ecb089d5f9
000014ecc6003d19
000014ecfac26679
000014ed6dc14279
000014ee1487a479
000014ef2ec1c199
000014ef597d00b9
000014ef8c7c1919
000014f03ac3b339
000014f0830e93f9
000014f1d3017b99
000014f1e339bc99
000014f1ff1b5759
000014f210caa179
000029e5064d1561
000000000227b971
0000000000000181
000014f31f019779
000014f36407da39
000014f37583c879
000014f37dd537b9
000014f3aa1d3e79
000014f43069e119
000014f4660d7519
000014f4e53bbb39
000014f5d8f675d9
000014f671820859
000014f6e6901259
000014f7055a1f79
000014f73bb18359
000014f74fb8a079
000014f76151acb9
000014f7f3b2c0d9
000014f8c0307c39
000014f969938699
000014fa3e2fdb99
000014fa923cf259
000029f7a6b7d161
000000000227b971
0000000000000181
000014fc1eebd3b9
000014fc750f1439
000014fda9806ef9
000014feda2375d9
000014ff2492c199
000014fff3229479
00001500361bceb9
00001500814572f9
000015013e0b6319
00001501e0463979
00001501f9433399
0000150265c96c19
000015026e126939
0000150293754cd9
00001502b8fbe479
00001503bacf6579
000015046e9589d9
00002a0a47228d61
000000000227b971
0000000000000181
0000150689135a39
00001506cb5665d9
0000150732a2dbb9
0000150849e7f4b9
00001509088ed579
0000150974211939
0000150999753df9
0000150a02e05979
0000150aed6891b9
0000150b3be1ad59
0000150b4711f119
0000150b4711f1b9
0000150b844b0959
0000150bc19500b9
0000150c3880f699
0000150cc87cd959
0000150d3b356579
00002a1ce78d4a61
000000000227b971
0000000000000181
0000150f23ea53b9
0000150f5a1fb559
0000150f74f7a799
0000150f8312b499
000015117304ddb9
000015124b151dd9
0000151286becfb9
000015128fdd5739
00001513b6c567d9
00001513fcd90519
00001514de553199
000015155ce915f9
000015158e9be7d9
00001516a21a4959
00001517b0384519
00002a2f87f80661
000000000227b971
0000000000000181
000015183c154259
00001518b68dfd79
00001519cb05b299
00001519d4e6e9d9
0000151a502b5cb9
0000151b7a11faf9
0000151e894db5f9
0000151f70d4c759
0000151fdc590479
00002a422862c261
000000000227b971
0000000000000181
0000152131ab8179
000015227f0940f9
0000152287805479
0000152394c01b39
00001523be62bed9
00001523f63d6339
00001525188cfcb9
00001525b510a879
000015260cce09f9
000015265acc3d39
000015268f8ae059
0000152730e94079
0000152742916c59
0000152a44349939
0000152a470c9d39
00002a54c8cd7f61
000000000227b971
0000000000000181
0000152a67faccd9
0000152b03a37c59
0000152b03a37cf9
0000152c695b7d79
0000152d91f08cf9
0000152da2934659
0000152e4f1c2a99
0000152eff8a7019
0000152f56130bd9
0000152f88e29b19
000015301d25b6f9
000015301fa17099
0000153051487b59
0000153058eee179
000015309f7785f9
00001531d9e48899
000015322bfbf8f9
00002a6769383b61
000000000227b971
0000000000000181
000015340a0c9bb9
0000153438eb0a59
000015350a01a279
000015360c84e999
00001537882085f9
00001538b4117079
00001538cebb4d99
00001538ed9f1a39
00001539281d66d9
0000153953a0cc59
0000153ab05d97d9
0000153b41435819
0000153ba1df0c19
0000153be6e05479
0000153c28ceb459
0000153cec1a1c99
00002a7a09a2f761
000000000227b971
0000000000000181
0000153d55784a79
0000153d61478559
0000153dafcb3099
0000153dd8b23e19
0000153de7cc2319
0000153e7149dab9
0000153f4b1c63b9
0000154121261839
000015424640be39
000015428b608739
000015436c60c3f9
00001543c0e840f9
00001545faee49f9
00001546067b0f39
00002a8caa0db461
000000000227b971
0000000000000181
0000154841b349b9
000015484e439219
000015489bff30b9
00001548be8e58f9
00001548d291db79
0000154915c986b9
00001549dda41bd9
0000154ae590e559
0000154b2da13219
0000154b592eb919
0000154bc01c0cf9
0000154c12669679
0000154c273dfd59
0000154c3235cfd9
0000154c6b0c70d9
0000154d7041f519
0000154d7980ee79
0000154db6ac8099
0000154e80fc57b9
0000154ee092f719
0000154ef2394519
0000154f032c2ad9
00002a9f4a787061
000000000227b971
0000000000000181
0000154fc2ccf299
0000155011caa899
0000155012a1f879
0000155044473579
000015530d7151f9
0000155325541e59
0000155337d03db9
0000155416cf14b9
000015553d67a059
0000155578e97919
00001555a7d7b479
000015566fb74639
00001557223e4979
000015573082a3d9
00001557322a76f9
000015576e416679
00001558b097d4f9
00002ab1eae32c61
000000000227b971
0000000000000181
0000155a48b5f539
0000155a603e2719
0000155a661aab39
0000155a8ae18db9
0000155babf12519
0000155c76635b79
0000155d92184059
0000155e469393d9
0000155f8d0a54d9
0000155ff8ab6c39
00001560864b6759
00001560c7ffd379
000015616a746a79
000015618c25b339
00002ac48b4de861
000000000227b971
0000000000000181
000015628f13b3b9
00001562a15949f9
00001562c6272619
00001562e4ec43d9
000015633a0550b9
000015633a055179
00001563fced8099
00001564d2694cf9
0000156520e9d639
0000156549b5c7f9
00001568177acab9
00001569ca0a6af9
00001569fb2c09b9
0000156a4a84aaf9
0000156b28b107f9
00002ad72bb8a561
000000000227b971
0000000000000181
0000156bcb8c9359
0000156be9b78ad9
0000156c57883c99
0000156d2ae70cd9
0000156dab299659
0000156e273df139
0000156e8138b439
0000156e98b82a59
0000156ec11e7579
0000156f02cff579
0000156fe7e7cdf9
000015710e6d4c59
000015719422f539
000015728179d499
00001573253f8859
0000157352f82799
0000157365dfc5d9
0000157399cc5859
00001573afaaf7f9
00001573f7f19159
00001574815b5519
00002ae9cc236161
000000000227b971
0000000000000181
00001574f3273f59
00001576e6735419
00001578c89d08f9
00001578d1f06e59
00001579f11f5af9
00001579f70cdf39
0000157a20288c39
0000157be3d97f59
0000157bf3be6b19
0000157c361cd179
0000157ca3517439
0000157cc8834b99
0000157cccada6b9
0000157cdbad96d9
0000157dbf1db1b9
0000157dfecb2299
00002afc6c8e1d61
000000000227b971
0000000000000181
0000157e7d19c139
0000157f07cfd8f9
0000157fb0fc9e79
00001580b50e5019
00001581d1893559
00001582a2fdba39
0000158328e958f9
000015836640d3b9
00001583d6942899
0000158438991559
000015852eac0439
0000158578561d79
000015863a18fcd9
00001586833bd1f9
00001586b5ddd1b9
000015870c92d539
00002b0f0cf8d961
000000000227b971
0000000000000181
00001587bdc38639
00001589405e9739
00001589c5b8d4b9
00001589ffcfe999
0000158b134fd259
0000158ce4cc5179
0000158d209fa7b9
0000158d33f64719
0000158d759a2839
0000158e26668479
0000158ea21c7c79
0000158ece93c0f9
0000158fc900d9f9
0000158fe599ea79
00002b21ad639661
000000000227b971
0000000000000181
00001590d6848679
000015912eba6739
0000159221223b79
0000159251ece2f9
000015928793e639
00001592fc8aa739
00001593632ad6d9
00001593e7c91379
00001593e97e9219
00001595e11047b9
00001595f6bbacd9
0000159719929999
000015981afe3739
000015983c84a679
00002b344dce5261
000000000227b971
0000000000000181
0000159b5915b039
0000159b7b384fb9
0000159cd8156459
0000159e558724f9
0000159eed160699
0000159f2da404d9
0000159f95b5c179
0000159fbfab05b9
000015a0018491d9
000015a03b367759
000015a11864e439
000015a1b030f119
000015a2ec5301f9
00002b46ee390e61
000000000227b971
0000000000000181
000015a3a4e59cb9
000015a427a09ff9
000015a4d15c12b9
000015a514676239
000015a69a63e819
000015a6a6271bb9
000015a74590d559
000015a7a2ca78d9
000015a984d28a99
000015a9ecb26c19
000015aa24a0b4f9
000015aa5a1d71f9
000015ab340e30d9
000015ac38d1a579
000015acb6b25719
00002b598ea3cb61
000000000227b971
0000000000000181
000015ad04914479
000015aed5fb7599
000015afde21a339
000015b13e32f1f9
000015b2001d5939
000015b2cd7ab959
000015b2eef8b919
000015b425cabed9
000015b4277b1fd9
000015b444ed23b9
000015b480af8bf9
000015b54a3cb299
000015b568e7c599
000015b596dae039
000015b608bc9fd9
000015b6155e1119
00002b6c2f0e8761
000000000227b971
0000000000000181
000015b66f84d139
000015b7cc18b659
000015b80d3d67d9
000015b859c48d39
000015b8ce2216f9
000015b8e427e7d9
000015bac774c9b9
000015bacbd0b299
000015baebb456f9
000015bbf5606e59
000015bd5a3bc279
000015bd7792c219
000015bdb8d426f9
000015bed61d0439
000015bef6abfbb9
00002b7ecf794361
000000000227b971
0000000000000181
000015bfa6c836f9
000015bffe198e59
000015c02a7b3839
000015c04e582f99
000015c076a21419
000015c099858759
000015c14c9b1df9
000015c25516feb9
000015c26abd6459
000015c37c77c979
000015c3858df1b9
000015c4694e62b9
000015c5c8682f99
000015c5e68c8239
000015c6fd468db9
000015c708f02199
000015c7e8ae6c59
000015c7ef7d7059
000015c8b550fa79
00002b916fe3ff61
000000000227b971
0000000000000181
000015c919527d39
000015c9d1aa59f9
000015cca9946659
000015cdc4352c19
000015cdec41c279
000015ceb27119b9
000015cf734ee019
000015cfd8b639f9
000015cfdce779d9
000015cff109c079
000015d0d8456b39
000015d0d9df9419
00002ba4104ebc61
000000000227b971
0000000000000181
000015d283bf64b9
000015d2cd576019
000015d3aad01039
000015d3ae797bd9
000015d5a34a01b9
000015d60e3cad59
000015d6d719bdd9
000015d6ec0923d9
000015d7c61e8f99
00002baf90cdd361
000000000227b971
0000000000000181
