[MCS8 A] 97 FW 3.104 SV 1.257 
range=1024
periods=2
sweepmode=27e20d0
fstchan=0
holdafter=0
streamstatus=3
calreg0=0
calreg1=0
calreg2=0
calreg3=0
swpreset=8000        
prena=1
syncout=0
cycles=18
sequences=1
tagbits=16
vdac0=92c
vdac1=805
vdac2=8c8
vdac3=8c8
vdac4=8c8
vdac5=8c8
vdac6=8c8
vdac7=8c8
timepreset=600.000     
digio=0
digval=0
autoinc=0 
savedata=2 
mpafmt=asc
sephead=0 
fmt=asc
smoothpts=5 
[CHN1]
REPORT-FILE from 06/25/2026 12:04:09.551  written 06/25/2026 12:04:09
cmline0=06/25/2026 12:04:09.551 
cmline1=A1
range=1024
active=1
bitshift=4
cftfak=2580100
evpreset=10          
roimin=0
roimax=1000
caloff=0.800000
calfact=12.800000
calfact2=0
calfact3=0
calunit=nsec
caluse=1 
[CHN2]
REPORT-FILE from  written 06/25/2026 12:04:09
cmline1=A2
range=1024
active=0
bitshift=4
cftfak=2580100
evpreset=10          
roimin=0
roimax=1000
caloff=0.800000
calfact=12.800000
calfact2=0
calfact3=0
calunit=nsec
caluse=1 
[CHN3]
REPORT-FILE from  written 06/25/2026 12:04:09
cmline1=A3
range=1024
active=0
bitshift=4
cftfak=2580100
evpreset=10          
roimin=0
roimax=1000
caloff=0.800000
calfact=12.800000
calfact2=0
calfact3=0
calunit=nsec
caluse=1 
[CHN4]
REPORT-FILE from  written 06/25/2026 12:04:09
cmline1=A4
range=1024
active=0
bitshift=4
cftfak=2580100
evpreset=10          
roimin=0
roimax=1000
caloff=0.800000
calfact=12.800000
calfact2=0
calfact3=0
calunit=nsec
caluse=1 
[CHN5]
REPORT-FILE from  written 06/25/2026 12:04:09
cmline1=A5
range=1024
active=0
bitshift=4
cftfak=2580100
evpreset=10          
roimin=0
roimax=1000
caloff=0.800000
calfact=12.800000
calfact2=0
calfact3=0
calunit=nsec
caluse=1 
[CHN6]
REPORT-FILE from  written 06/25/2026 12:04:09
cmline1=A6
range=1024
active=0
bitshift=4
cftfak=2580100
evpreset=10          
roimin=0
roimax=1000
caloff=0.800000
calfact=12.800000
calfact2=0
calfact3=0
calunit=nsec
caluse=1 
[CHN7]
REPORT-FILE from  written 06/25/2026 12:04:09
cmline1=A7
range=1024
active=0
bitshift=4
cftfak=2580100
evpreset=0           
roimin=0
roimax=1000
caloff=0.800000
calfact=12.800000
calfact2=0
calfact3=0
calunit=nsec
caluse=1 
[CHN8]
REPORT-FILE from  written 06/25/2026 12:04:09
cmline1=A8
range=1024
active=0
bitshift=4
cftfak=2580100
evpreset=0           
roimin=0
roimax=1000
caloff=0.800000
calfact=12.800000
calfact2=0
calfact3=0
calunit=nsec
caluse=1 
;MCS8 #97 Sversion=1.257 Fversion=3.68
time_patch=1
;datalength=8 bytes
;bit0..3: channel# 1..8 ( 4 bit)
;bit4: edge 0=up / 1=dn ( 1 bit)
;bit5 ..57: timedata    (53 bit), max sweep length 2001.6 h
;bit58..62: tag0..tag4  ( 5 bit)
;bit63:     data_lost   ( 1 bit)
[DATA]
0000000000000016
000000002931f379
000000002e9a12f9
00000001a2187299
0000000276093439
00000002bc468599
00000002dcdcd2b9
00000002e5ebb0f9
00000002fed4d4d9
000000035a468639
00000003e3fd3f39
0000000480613779
00000004cc7aee39
00000004d2387379
0000000506e5f959
000000060e12da79
000000066343c3f9
000000066b933d59
000000076264fed9
00000007cd364419
0000000831920eb9
00000008a969c619
0000000927502839
000000093076f2f9
0000000947ccefd9
0000000b197c6f19
0000000b33fab319
0000000befe38f79
0000000c0f8c8179
0000000ce08c6519
0000000d3dd143b9
0000000e0a107f19
0000000e0b441559
0000000e126be739
0000000e4d46a339
0000000e98ad7e19
0000000ebd752a39
0000000ee24332b9
0000000ee6f10ef9
0000000f4c6b1e19
0000000f8711bc59
0000000f8b969ab9
0000000f97d7fad9
0000000fb9e47139
0000002157019561
0000000001f5d871
0000000000000181
00000011aca57e59
00000011cdfaeb59
00000012a2b00319
00000012eae23519
000000131b50ed39
00000013989beb79
00000013f3ce7119
0000001428fd57f9
00000014569ca659
000000147f4689b9
00000014ac719cf9
00000015415b7fd9
000000158bdad739
0000001591acec19
00000016733c6879
00000016b1e9f419
000000192ec6e0d9
00000033f76c2961
0000000001f5d871
0000000000000181
0000001b55f9cb19
0000001ba6606839
0000001c384213b9
0000001c94d03859
0000001cc5427479
0000001d2040d739
0000001d635142d9
0000001df8397e39
0000001dfab37199
0000001e3b39ba79
0000001f56052f99
0000001f5c0de9d9
0000001f89e0c839
000000203ebe0519
00000021c7107eb9
0000002222be7ab9
0000002222be7b79
00000022534874b9
00000022a4d324b9
000000230e3bcbd9
0000004697d6bd61
0000000001f5d871
0000000000000181
00000023be5cd659
00000024572d8e99
00000024ac121019
00000024d9ea0cb9
00000024d9ea0d79
00000025292200f9
000000253b6023d9
0000002594e99f19
0000002605f5dcb9
000000271b85e679
000000275c526139
000000279215d379
00000027b47aae99
000000280bbc9179
00000028f32e2079
000000291c3e47b9
000000296894c739
00000029d75bfd79
0000002a264b2939
0000002a7e55abf9
0000002aee81b939
0000002b6d622459
0000005938415061
0000000001f5d871
0000000000000181
0000002cdde5dcf9
0000002d1bf3af19
0000002d64eea2d9
0000002da99f2ab9
0000002e6f735e99
0000002fdc66d299
0000002fff477499
000000300ff40ff9
00000030454e66f9
000000304a51be79
00000031583a4179
00000031bc2dceb9
000000320c1fe9f9
0000003329cb8db9
0000003480cb8999
00000034d8181679
000000351d07b8d9
00000035c6c06cd9
0000006bd8abe461
0000000001f5d871
0000000000000181
000000364cf8b739
000000365469fff9
00000036802e0519
000000369799edd9
00000037eeedd559
0000003862944bb9
00000038df367219
0000003a964654b9
0000003a9c05ac79
0000003a9f502859
0000003b5a012339
0000003ce3695bf9
0000003d043aabf9
0000003d7ae373f9
0000003d89d56df9
0000003d92d6a699
0000003da531cb99
0000003e5fac9339
0000003e7be58fb9
0000007e79167861
0000000001f5d871
0000000000000181
0000003f4faa6e59
00000040a61b47d9
0000004134896259
00000041b084bd79
00000042b71ab939
00000042d9fee3d9
00000042ff18e2d9
000000435a1a2379
00000043acf17679
00000044ab85b939
00000044c2da39f9
00000045442da659
0000004554e63d19
000000456c0ab959
00000045e3a44699
00000045f264f8d9
00000046149dfd99
00000046251ff2d9
000000463f56b279
00000046f3aee9b9
000000476a910f59
000000486d221259
0000009119810b61
0000000001f5d871
0000000000000181
00000048b5ea3b39
000000493b228b19
0000004a70bdf139
0000004ac841f999
0000004bb274c5f9
0000004c55c292b9
0000004d2bdf9839
0000004ea3c7e179
0000004efef53ef9
0000004f016a2259
0000004f32142e39
0000004f8a41adb9
0000004feee8e0d9
000000504d77b5b9
000000515fe07e99
0000005163e03019
0000005177b05339
000000a3b9eb9f61
0000000001f5d871
0000000000000181
000000522004d7f9
0000005279ff6819
00000052d7f9aed9
00000052d7f9af79
0000005378cf3919
00000053a49b58b9
00000053c140acb9
000000548f412839
00000054c5f07879
0000005603013819
00000056575ff599
00000056d71e5859
00000056d71e5919
00000056f3825f79
000000574e3dc879
000000596e8f1a99
0000005a5efa6139
000000b65a563361
0000000001f5d871
0000000000000181
0000005b68a8fd19
0000005b7790e5d9
0000005c507297b9
0000005c6f01f439
0000005c93a27dd9
0000005d321a5f99
0000005e919f87f9
0000005eed656d59
0000005fde4a5459
0000006094f0d7b9
00000060fb7bb719
000000616b045639
00000062155a4b99
000000621982e479
00000062359f0359
0000006251029659
00000062c6a451d9
00000063bc61ee19
000000c8fac0c661
0000000001f5d871
0000000000000181
0000006529ee1fd9
00000065e6f73899
00000065fbb4b279
000000660f3dc319
000000662c91bd19
00000066cd2bff39
0000006709627759
00000067417582f9
000000678d851499
00000067a2163f99
00000068523b2a39
000000685f31cc19
00000068a1828f59
00000068f8eb7bb9
00000069e7606859
0000006a5cec2ed9
0000006b706df7d9
0000006bc9ba0759
0000006c69f6e2b9
0000006c90165159
0000006dba770379
000000db9b2b5a61
0000000001f5d871
0000000000000181
0000006e59d7b579
0000006e6c4c8ab9
0000006edd012599
0000006f6b510a39
0000006fbf7edc19
0000006fcd8a22d9
000000700dbd8a59
00000070ad6beef9
000000716d3bc619
0000007235e5eab9
000000728d154079
000000736a8220d9
000000737ae5a0b9
0000007446ecda19
00000074f9a36159
00000076c2bb6d39
000000ee3b95ee61
0000000001f5d871
0000000000000181
00000077953e16d9
000000788c778e39
00000078a8f13359
000000790db53639
00000079dfbdd339
0000007a5185a279
0000007ac4db6379
0000007af3f34959
0000007b605d8179
0000007b90420479
0000007d9bf3c479
0000007dfdc731f9
0000007ef947de59
0000007f7c8c1079
00000100dc008261
0000000001f5d871
0000000000000181
0000008520899039
00000085ba30eb99
00000085f3f358f9
000000875c78b119
000000877b35f4d9
00000087e644ad99
00000088744bc8f9
00000088af80a539
00000089491febb9
000001137c6b1661
0000000001f5d871
0000000000000181
0000008a5a57ec39
0000008abca63b39
0000008b63843ed9
0000008bb779c8f9
0000008c32b61759
0000008cbc854f39
0000008ced5b79f9
0000008ced811259
0000008d3ea42d59
0000008d76fcba99
0000008d95948279
0000008d9b64e599
0000008db9682359
0000008de0bd3679
0000008e3c1bf8f9
0000008e7c43e439
0000008eed8d1159
0000009046a0f179
000000904aac8419
000000905a617279
00000090ac8bc979
000000910cca22b9
00000091e02e7919
00000092791f4bd9
000001261cd5aa61
0000000001f5d871
0000000000000181
00000093300e74b9
0000009361b10b59
00000093a6cfc819
0000009435a91d19
0000009443c58419
0000009446ea6339
00000094a3ad7f79
00000094d194dab9
0000009590cd7819
00000095ca5250b9
00000095df03cab9
0000009638b50759
00000096a6277ad9
00000096dc8ad1d9
00000096f1806c19
000000972d006b59
00000097664abed9
000000976e936059
0000009897de6959
000000996b092179
00000099a1f1d299
0000009a7ea42399
0000009af51ebc39
0000009ba4e82a79
00000138bd403e61
0000000001f5d871
0000000000000181
0000009d7da8a919
0000009dcab62d79
0000009e8f2b0579
000000a030272fb9
000000a086111099
000000a0895b8639
000000a0900d7839
000000a174458a59
000000a1bf12fd39
000000a2307e81d9
000000a23ebec5d9
000000a27d7652d9
000000a2de355f59
000000a32c1e18b9
000000a3572a0c79
000000a3a5716419
000000a40e6fe2b9
000000a4c96ab7f9
000000a51b0d8eb9
0000014b5daad161
0000000001f5d871
0000000000000181
000000a77ea0c8f9
000000a7b58ccc99
000000a8662f77d9
000000a8af27f319
000000a8f819fa99
000000a8fd8905f9
000000a9b6ea9c59
000000aa455c8639
000000aaf6be6a99
000000abe160a999
000000abff36c5f9
000000ad6dd44b59
000000adafbcb379
000000ae8a81a899
000000ae8a81a939
000000ae9a4afaf9
000000aee1e6ff99
000000aee1edd5d9
0000015dfe156561
0000000001f5d871
0000000000000181
000000af2cd4deb9
000000b04f90f439
000000b061117df9
000000b076c67299
000000b194095779
000000b1c1c4c819
000000b20e6f9499
000000b36a7394d9
000000b36db3d039
000000b41a63c959
000000b4e5c5e3d9
000000b5465157f9
000000b551df40b9
000000b579e39199
000000b57d9d1159
000000b5a444f9b9
000000b5a44d84f9
000000b67230f239
000000b67c1c6179
000000b691046ef9
000001709e7ff961
0000000001f5d871
0000000000000181
000000b8c71a5f79
000000b9934dc2b9
000000b9adac1559
000000b9e5a5d519
000000ba44594679
000000ba54b5fe99
000000bbbf144f59
000000bbf3040fb9
000000bc33dba159
000000bf0a78e039
000000bf9f92b6b9
000000c003d0f559
000000c015f442d9
000000c06c4c34f9
000000c14a81ac79
000000c19b934579
000001833eea8d61
0000000001f5d871
0000000000000181
000000c1b94d4a99
000000c3de464c19
000000c4de0910f9
000000c644432539
000000c69a97c279
000000c70d6ac2f9
000000c7963d6759
000000c7963d67f9
000000c8cfe88899
000000c902f838b9
000000c928254cd9
000000c96ad09b39
000000ca36e2b3d9
000000cad7228539
00000195df552161
0000000001f5d871
0000000000000181
000000cb84272b39
000000cc2b4415d9
000000cc56da2719
000000cd10f9fbf9
000000cd66f673b9
000000cdc62dfa19
000000cdc62dfad9
000000ce2f9bcff9
000000ce5c301819
000000cf49572119
000000d0f6812879
000000d0fdd75a59
000000d206e5b9f9
000000d42f887099
000001a87fbfb561
0000000001f5d871
0000000000000181
000000d4e9278779
000000d53b72b3f9
000000d58236dcd9
000000d5b3e7bff9
000000d5e812bb59
000000d868cd36f9
000000d8b5c2fe39
000000d95adc7e79
000000da1b1082d9
000000da45fb4419
000000da839a2e99
000000da89956fb9
000000dab0433e79
000000db244701f9
000000db7582b999
000000dbc56e6bf9
000000dc81547579
000000dceb774d99
000000dd2ad680b9
000001bb202a4a61
0000000001f5d871
0000000000000181
000000de2bb2cb39
000000de3f93d179
000000deb929c839
000000dec09b2bd9
000000df3acb3619
000000e024fc2599
000000e07072fc19
000000e152087619
000000e1f504d6b9
000000e2491d7639
000000e27740d9d9
000000e29a985959
000000e2a1ae4299
000000e3d36e9399
000000e52fe1a239
000000e61c537e99
000000e6214786b9
000000e6c39c0f59
000001cdc094de61
0000000001f5d871
0000000000000181
000000e6ef9448b9
000000e6f1287839
000000e6f82ca639
000000e7a9dcd239
000000e8269b1e19
000000e827e258f9
000000e85bd7ab19
000000e9aed83ef9
000000eacdb8b199
000000eb02b5b2f9
000000ed91d3c819
000000edbdb99499
000000ede4185719
000000ee30c9d0d9
000000efdd729a59
000001e060ff7261
0000000001f5d871
0000000000000181
000000f0d2c37819
000000f14f0170b9
000000f203bcfaf9
000000f255f814f9
000000f28350f679
000000f3d6042959
000000f4f974c319
000000f52956fbd9
000000f54e4d9b19
000000f55bae8059
000000f66a315bd9
000000f68cf58039
000000f7e2efaed9
000000f89a475ad9
000000f9127276f9
000001f3016a0661
0000000001f5d871
0000000000000181
000000f9f7d33e39
000000fac7606a79
000000fb2788e7b9
000000fc238151b9
000000fc246d2a59
000000fc6a84c1f9
000000fd57e1e839
000000fe9c1cfcb9
000000fead91c039
000000ff0924f1b9
000000ff711586b9
000000ff907e2d79
000001009ce9cb19
000001010a3e0059
0000010156711679
0000010157eabcd9
0000010158ee7c39
00000101fd3a3719
0000010289e49bf9
000001029096ab19
00000102bfe571d9
00000205a1d49a61
0000000001f5d871
0000000000000181
000001031d45e939
00000103c86855f9
00000103efc91b79
000001048a77c919
00000104afa322f9
00000104c8768a39
00000105decd8639
0000010622a3be19
000001062cdc1bf9
00000106be6bac79
00000106fccc7319
000001075355b379
000001090013ae39
00000109c4fb8359
0000010a183bc659
0000010b08fcc859
0000010b13148019
00000218423f2e61
0000000001f5d871
0000000000000181
0000010c54f0e779
0000010c96c1a2f9
0000010cffc630f9
0000010e6b310ab9
0000010ed4122319
0000011050eb64b9
000001107a317bb9
0000011085f633d9
00000110a61c0f19
00000110cab0dd59
000001110bc03c19
0000011165f98ad9
0000011196102bd9
00000111a95c60b9
00000112a301b639
00000112c8b79e39
000001131b06b459
000001134823af59
0000011375f2b459
00000113838bd179
0000011390ad3999
0000011564f95079
000001156b96d4b9
0000022ae2a9c361
0000000001f5d871
0000000000000181
00000115cb8562b9
000001162a3dcc19
000001170d2833f9
000001172157d039
0000011748d02639
000001181067b5d9
0000011858009779
00000118d57ccfb9
0000011a14b4aa99
0000011af730b219
0000011bf9498139
0000011cd04f4ab9
0000011cec58b939
0000011d9f569cb9
0000023d83145761
0000000001f5d871
0000000000000181
0000011ec88e2c79
0000011ee6e34fb9
0000011f55b2ddd9
0000011fa613a499
00000121e0d7df99
00000123b15e2679
000001241dc69db9
0000012466c16839
00000124b9dc75d9
00000124db7a4139
0000012590771499
00000126a1fdc319
00000250237eeb61
0000000001f5d871
0000000000000181
000001288b592db9
000001297c9ce599
000001297ddc7459
0000012a19433539
0000012a4b9bea79
0000012a62bba3b9
0000012a96d92f39
0000012b105a8719
0000012b86258219
0000012bac0cba79
0000012bbb0267f9
0000012bee4a54f9
0000012bfb668559
0000012c4f3a69b9
0000012cc25cfc59
0000012cd2f8c299
0000012d9ff0f159
0000012da4bf6759
0000012f54fd90f9
0000012f6ec56099
0000012fbb2c5119
0000012fdba11359
000001300b2f5d19
000001305e8696f9
0000013064ce9cf9
0000013093918859
00000130e229fc59
00000130fa244839
00000262c3e97f61
0000000001f5d871
0000000000000181
0000013163812959
0000013166d5d6d9
00000131679f8239
000001318eb83f79
00000131e5eeaf59
00000132bc4ca9f9
000001337852e999
0000013460989f59
00000134a8ea7019
000001350393cd79
00000135f2dff879
000001365d9d67d9
000001366ee5c259
00000136cf0e2a39
00000136fd4d8cb9
00000137815fb6b9
00000139295d6039
000001394b6397b9
0000013984529219
0000013a0dec6059
0000013a291e5cd9
0000013a506554f9
0000013a75860399
0000013a81f3edd9
0000013a91b1a099
0000027564541461
0000000001f5d871
0000000000000181
0000013b4baf67f9
0000013ba995ae19
0000013c1926c919
0000013c68987899
0000013d23850159
0000013d85551719
0000013e9a778259
0000013f1b809899
0000013fd2d35239
00000140424a93b9
00000140e485ff99
00000141c2333419
0000014296b699b9
00000142a71bbf19
00000143d76f36f9
0000028804bea861
0000000001f5d871
0000000000000181
000001444e6518d9
00000144aebc1ff9
00000144f205b2b9
0000014508fc4859
0000014833f3ef79
000001487ea5fa19
00000149e65561b9
00000149f5ef44b9
0000014a6fce4859
0000014ad878dc59
0000014cbd93ecd9
0000029aa5293d61
0000000001f5d871
0000000000000181
0000014da8d68519
0000014dcd628879
0000014e0ba05379
0000014e316c6339
0000014e39914ed9
0000014e910da9f9
0000014ec7ab33f9
0000014fdd955d99
00000151ac7d1a39
00000152017f7eb9
000001527a70d7d9
00000153d71bb539
00000153fb247639
000001542a5826b9
0000015456efccb9
00000154aa6f2b79
000002ad4593d161
0000000001f5d871
0000000000000181
00000156a23d82b9
00000156a4554479
0000015713238dd9
00000157ad51aed9
00000158821d9f59
00000158863db979
00000159500c0419
0000015a064a67f9
0000015b41361f79
0000015b43d754b9
0000015bca2aa099
0000015be82a73f9
0000015be9bdbeb9
0000015bff1f4b19
0000015ce6cc94d9
0000015dd95e8a19
0000015f036b1179
0000015f66c8ffb9
0000015f9e7de419
000002bfe5fe6561
0000000001f5d871
0000000000000181
000001615292a3d9
00000161a30087f9
00000161b2be38f9
00000161e4fa2079
00000162089c7579
000001627385e6f9
0000016389262c39
000001639b792259
00000163eb92e7f9
0000016405f7fe59
000001646639e499
0000016497e40fd9
000001658f889739
00000165f3ca55f9
000001663ec1bf59
00000166c51de539
00000166e831ba59
00000166ee0c7159
0000016763ddb699
00000167c913bf79
000001680bfa7019
00000168185914f9
00000168791174d9
000002d28668fa61
0000000001f5d871
0000000000000181
000001696ac574f9
0000016a12412f79
0000016a2619da79
0000016c32520b59
0000016d70afbc79
0000016eef154779
0000016f5d3f1379
0000016fa60ac279
0000017004f10479
0000017118b37ad9
000001712badcbf9
000002e526d38e61
0000000001f5d871
0000000000000181
00000172b6fdc6d9
000001736238ea79
00000173b28f5959
00000173b28f59f9
00000173b797cf59
00000173e2b6f399
0000017472d42639
000001753bd1a419
00000175fd8b5fd9
00000176a82e0479
00000176a82e0539
000001786c724f39
0000017880c78579
00000179c0fe6979
0000017a75d21439
0000017af4d48179
0000017b07000d59
000002f7c73e2361
0000000001f5d871
0000000000000181
0000017be7c87539
0000017d740bf479
0000017e75ce9559
0000017f0bd52619
0000017fd05fd079
00000180be46be79
000001816347a6b9
00000181b97a6099
00000183436ce919
0000030a67a8b761
0000000001f5d871
0000000000000181
000001861044e7b9
00000186476e2df9
0000018693f971f9
00000186b9ce09b9
000001870355e7f9
00000187962a43d9
000001883d7b4779
00000188c14ca5f9
00000188cb43dcd9
000001896a8dce39
00000189871720b9
00000189ae2ff3d9
00000189b0ad54f9
0000018a95571319
0000018b5ba42639
0000018c133faef9
0000018c91253a79
0000018d2fae9279
0000018d50094a59
0000018da40fde19
0000018e0239eb39
0000018e2b340a59
0000018e47c202b9
0000031d08134c61
0000000001f5d871
0000000000000181
0000018e91857639
0000018ef645c459
0000018fa7dde699
0000018fb6f03b99
0000019028aa6519
000001911e505a79
00000191d7330799
00000192324de939
000001924c210e99
00000192630286d9
000001936fed1099
00000193ba423ff9
00000193ebadabf9
0000019485ff0399
000001954be69ab9
0000019599ea2ff9
00000196627f1a79
00000196beff6c99
00000196c31c0679
00000196fb673eb9
0000032fa87de061
0000000001f5d871
0000000000000181
00000197e7a9f939
00000198bba59299
00000199dcdb45f9
00000199fd896619
0000019b1a1f6ff9
0000019b57fa9959
0000019b998e42b9
0000019bdd1d34b9
0000019c7fdb16b9
0000019cb8709f19
0000019cbf118ad9
0000019d0375f2b9
0000019db9119fb9
0000019e4b3e1db9
0000019e5b5db539
0000019e7c572b59
0000019f24218dd9
0000019f8cf1e899
000001a0198e5e79
000001a066367df9
000001a0d724df19
000001a0f87c0ed9
0000034248e87561
0000000001f5d871
0000000000000181
000001a1ebb459b9
000001a1ebbb2f79
000001a212050ed9
000001a32cce6839
000001a39fd985f9
000001a402756139
000001a45b76c1f9
000001a4f7af4eb9
000001a59be21479
000001a5aae6e059
000001a636572099
000001a6464b1bd9
000001a682deeab9
000001a68dc1d3b9
000001a6bd4a1639
000001a73fad3c99
000001a74b566219
000001a7e93125b9
000001a84bddbe99
000001a91da4d899
000001a98ae97959
000001a9a18388b9
000001a9b4d65ef9
00000354e9530a61
0000000001f5d871
0000000000000181
000001aab52db4b9
000001ab4259f339
000001abc68c13b9
000001abd8dd0739
000001abf9714979
000001ac3fd41c99
000001ac517ba599
000001ac5a0bf739
000001ae9f18fbb9
000001aec372d839
000001aecf2b76d9
000001af3353dc39
000001af48ea1559
000001aff32df439
000001b0a56f8a79
000001b0f4d4e4f9
000001b150d1c819
000001b1a010ca19
000001b1a2748bd9
000001b20e6eb5b9
000001b3aa6e9519
0000036789bd9e61
0000000001f5d871
0000000000000181
000001b40b88e7f9
000001b53398ead9
000001b56b97b7b9
000001b635eebe39
000001b637b54619
000001b63ca776f9
000001b7b187c399
000001b8b14042b9
000001b97fe342f9
000001b9c87bfbd9
000001b9d2ed54d9
000001b9e23ff579
000001ba236e0a79
000001ba3d592459
000001bbfa893299
000001bc12c252d9
000001bca71903d9
000001bcf0033419
0000037a2a283361
0000000001f5d871
0000000000000181
000001bd2eb92919
000001bd6002aa79
000001bdb45e0439
000001bdce28cc59
000001be93247fd9
000001bf0ed92ad9
000001bf407ccd59
000001bfcd671239
000001c0328f1bd9
000001c068fdd339
000001c088e76919
000001c0baeb2ff9
000001c0f38e3599
000001c1502a1a79
000001c16ffd65b9
000001c19d470939
000001c2d45edd99
000001c2eafc4ab9
000001c30609e0f9
000001c39b960f19
000001c3e93c6619
000001c43e27f5f9
000001c550ebc2f9
000001c560036039
000001c62dd0c879
0000038cca92c761
0000000001f5d871
0000000000000181
000001c675c38699
000001c6cdc33e79
000001c7dccfa8b9
000001c7f1a2e7f9
000001c841e52fb9
000001c876796139
000001c9afc5d559
000001c9fbeb3c99
000001ca9d6a1679
000001cac060e759
000001cc157d12f9
000001cc5432a119
000001ccab3cb2d9
000001cccf49a2b9
000001ccf1d56e19
000001cdbc20f3b9
000001cdbcefb239
000001cde6201799
000001ceb5c865b9
0000039f6afd5c61
0000000001f5d871
0000000000000181
000001d0977c5179
000001d09c679f59
000001d0b321da19
000001d1854e8bd9
000001d2055477d9
000001d2803d9df9
000001d4f6f34759
000001d55fcd75d9
000001d5de44d999
000001d666f734b9
000001d7449f3419
000001d848b2edf9
000001d859a37ed9
000003b20b67f161
0000000001f5d871
0000000000000181
000001d9854d1d39
000001da153deb19
000001dafbee5f99
000001db10e060f9
000001dba86899d9
000001dbd8e4b059
000001ddb9233ef9
000001ddeb76fdb9
000001ddf710c159
000001de8528dd79
000001df6bbcb259
000001e135b9b339
000001e1a69bbf59
000001e1e87a4219
000001e23ae8e759
000001e24b82de39
000003c4abd28561
0000000001f5d871
0000000000000181
000001e25e19ddd9
000001e2f68b2d99
000001e383a006d9
000001e40a3434d9
000001e544159ad9
000001e5c860eef9
000001e60fc6f139
000001e62f766339
000001e6ffec6579
000001e89aa1de39
000001e89df31779
000001e904cf1739
000001ea89263b19
000001eae73f2459
000001eb3fc9e759
000001eb5a967d99
000003d74c3d1a61
0000000001f5d871
0000000000000181
000001ec8fe4eef9
000001ec94938f99
000001ec96b211d9
000001ed43d01e99
000001edc2e8b819
000001eeb4c1e7d9
000001ef0d3876d9
000001ef131efe39
000001f0190d4cb9
000001f08ebaeb59
000001f0bc9e6739
000001f1b355baf9
000001f213c39299
000001f2ce395759
000001f3f6f2ccf9
000001f4ea5facd9
000003e9eca7af61
0000000001f5d871
0000000000000181
000001f51b965059
000001f51d433759
000001f6c695d479
000001f6f8561799
000001f7107fded9
000001f7acec6dd9
000001f8a4a8b9d9
000001f9448dd579
000001f94ed04f59
000001f9a28a1ed9
000001fa6bf44df9
000001fab82f7a79
000001fb1e5cd799
000001fb411eed99
000001fc360fc339
000001fc37024459
000001fc858e9219
000001fca96db979
000001fcb292dc39
000001fd431c8b59
000001fd8a846539
000001fdcd0de179
000001fdce1d9239
000001fe26a48279
000003fc8d124461
0000000001f5d871
0000000000000181
000001fe68e00eb9
000001ff7c0d2cf9
000001ffa8b74f79
000002001eeee759
000002006c8e0c19
000002012f076b39
0000020258cb48f9
0000020349ffdf79
000002036b2bf5f9
000002036b2bf779
00000203800fc719
0000020387679e59
00000203c9c007d9
000002041f021379
00000204314fd819
00000206179e1bf9
0000020622b20e99
0000020630b6c7d9
00000206586b4339
000002065d56cdd9
0000020768cafa99
0000040f2d7cd961
0000000001f5d871
0000000000000181
000002083a3f5579
00000208542acbf9
00000208be0f1239
0000020931505999
00000209405c41d9
00000209411f0fd9
0000020a9cb6ea19
0000020c0ba1c919
0000020c704ab679
0000020cc6ac2459
0000020d757b54b9
0000020e08b204d9
0000020e1110f319
0000020e2aa1f9f9
0000020e7883caf9
0000020f185e5df9
0000020f932c7c19
0000020fd5449db9
0000020ff5365539
000002100af93719
00000210b9afbbb9
00000421cde76d61
0000000001f5d871
0000000000000181
00000211376b1519
00000211c1887c79
0000021225a338b9
000002137b385719
000002137c6da959
00000213f9c910f9
00000214cdef38d9
00000214da48a6d9
0000021599359459
00000216b5882c79
00000216d01108f9
00000216d01109b9
00000217f2adfdf9
000002189e742479
00000218f72ccd39
0000021944653259
00000219d72877f9
00000219e1df4879
000004346e520261
0000000001f5d871
0000000000000181
0000021a56ea7319
0000021a69205999
0000021abf4e4679
0000021b77de4079
0000021b80dde3d9
0000021bc3f5e979
0000021bd46372f9
0000021bda6a90d9
0000021c74b92219
0000021c80f22dd9
0000021cbf074c79
0000021cd770d9f9
0000021dc86b0a99
0000021e5bc1b8f9
0000021eb91ef919
0000021ed7ae4fd9
0000021ef4724d79
0000021efb22a0d9
000002203f479439
00000220f0c51a39
00000221014fdb19
0000022149f634b9
00000221ac4a98d9
00000222b421a499
000002235641f319
0000022365f6eeb9
000004470ebc9761
0000000001f5d871
0000000000000181
00000224008fee99
0000022412c27dd9
0000022461401399
0000022477741039
0000022487b0d299
0000022492005af9
00000224c98892f9
000002257e47a659
000002261fc01ff9
00000226a735def9
00000226eeff8a79
00000228be718739
0000022925046b39
00000229bb8069f9
00000229fdb8d3b9
0000022a1f793f19
0000022af7488159
0000022b7fbc4fd9
0000022b8726e139
0000022c339a28d9
0000022c59739919
0000022c8074d3d9
00000459af272c61
0000000001f5d871
0000000000000181
0000022e0ca87019
0000022e8d8cc3d9
0000022eb84a9fb9
0000022f0d198539
0000022f26d1ba99
000002308b84af99
00000230921ed0f9
0000023187dfe759
00000231ce3387b9
000002324da264f9
00000232f6fc14f9
00000233d00a1439
00000233f7e3ea19
00000234ac366e79
00000234f9225e39
00000234fe2abc19
0000023516eeb1b9
00000235460c2b79
00000235a42a46d9
0000046c4f91c161
0000000001f5d871
0000000000000181
000002363156b7f9
000002363156b899
0000023717ef9739
00000237c08bab19
00000237dbd20219
00000238b0e71a19
00000238e388dcb9
0000023aa75edff9
0000023b44163a19
0000023b6f248239
0000023bd2d63b59
0000023c217de259
0000023c22d3ab59
0000023c46e9b3f9
0000023c4bd52999
0000023c4ca90e59
0000023cba5ab3d9
0000023d23ea8c19
0000023d4f080279
0000023de98ff799
0000023e000ee499
0000023e8dbf5c59
0000023ed72fb7f9
0000047eeffc5661
0000000001f5d871
0000000000000181
00000240ee2bd639
0000024117aa23d9
0000024122e1d5d9
0000024139d09139
00000242f322c619
00000243104923f9
00000243e6a39919
00000243f4b0b859
00000243f9321559
0000024426b9d679
00000244dd8d7e39
000002457fbf50d9
00000245e9ed3999
00000246a1834f59
00000246f7025f19
00000247403ac219
0000024794d1c379
000004919066eb61
0000000001f5d871
0000000000000181
00000249ee962259
0000024a669ff1d9
0000024a8f32c8f9
0000024ac6a4d6f9
0000024b6ad627d9
0000024bb4b7eeb9
0000024caa432e39
0000024cc9d994d9
0000024d8a3d6059
0000024df15b7d59
0000024ea006da19
0000024f0dbf5a19
0000024f9f56d7f9
000002508df9bd39
00000250b5eb8f39
00000250cafcd019
00000250fee9f359
00000251c4dc0cd9
000004a430d18061
0000000001f5d871
0000000000000181
00000252329127b9
000002527ff3f5b9
000002537ea41359
00000253d7dd9879
0000025508678ff9
00000255d757d8d9
00000255d8dd7659
000002566b52bb79
0000025711d75d39
000002576ab3c5d9
00000257c0ef4119
000002582dae4359
000002584f0e5b99
00000259097561b9
0000025975d3a5b9
0000025afa4a3239
0000025afd4e9a99
000004b6d13c1561
0000000001f5d871
0000000000000181
0000025bb1d95239
0000025bb523cdb9
0000025bfd117cb9
0000025c0da810f9
0000025c49edfe19
0000025d35d66879
0000025e488f6cf9
0000025e7fc2dcd9
0000025fa84643f9
0000025fc1b27479
0000025fdb4bff79
000002616a3daf19
00000261f146d559
00000261f7a36f39
00000261f8b9fdd9
00000262906257b9
0000026394bbfb59
00000263f2df82f9
000004c971a6aa61
0000000001f5d871
0000000000000181
000002664a513959
00000266e11986f9
00000267578dfbf9
000002675c7978d9
00000267d08ed319
00000267f1d595d9
000002682afd0f39
000002683e256999
000002689ad227d9
000002696fb20e39
000002697f1f3a59
0000026a323daf99
0000026a9ca2ea99
0000026abbcb1699
0000026b0e26a1b9
0000026b3fc27219
0000026bcbeff7f9
0000026cdb9e30f9
0000026d2db7dd79
0000026de24ecb79
0000026df4534b79
000004dc12113f61
0000000001f5d871
0000000000000181
0000026e0a88c259
0000026ffebc2299
000002701d79c2d9
000002707cb16659
00000270b0037319
000002711ad39c79
00000271223e3079
00000271d7ce4219
0000027208842a59
0000027292d45799
0000027317e57199
000002734bdd1059
000002736ec673f9
00000273adf4a939
00000273b6271f39
00000274fcbccb99
00000275a2496f39
000002764a7b13b9
000002765cad6f59
000002771d272139
0000027734607bd9
000004eeb27bd461
0000000001f5d871
0000000000000181
000002785109a299
0000027a0d58e559
0000027ad4dc8259
0000027c2def04b9
0000027c6c1cd9b9
0000027ca22646b9
0000027d71627af9
0000027dac210819
0000027deef37e99
0000027f6bb24c99
0000050152e66a61
0000000001f5d871
0000000000000181
00000281ba0251d9
000002827abaa139
00000283857f54f9
0000028390251f19
0000028395f3e259
00000283f15a69f9
000002842b641e79
00000284aa355739
00000284b00e7159
00000285e5a25a39
00000287238bd6d9
000002874b41f719
000002878694d6b9
00000287dc4fff59
00000287f21edbb9
000002880fd84b39
000002885ee42f19
00000288c853bb59
00000513f350ff61
0000000001f5d871
0000000000000181
0000028aaba45bb9
0000028ba7cd4d79
0000028c3f3f1d59
0000028dd236cab9
0000028e4a895ed9
0000028e8d0806f9
0000028e95bfcdf9
0000028f4d8e2b39
0000028faf796c39
00000290752b47b9
0000029090861059
000002909801acd9
00000290a20f39b9
00000290bf0439b9
00000291e5e8bc39
00000291f92c7819
000002929ba318f9
00000293293c4a39
0000029340b45339
0000052693bb9461
0000000001f5d871
0000000000000181
0000029369a0e0d9
00000293a0bd89d9
00000293a68d07f9
000002943da393b9
00000294b0331b99
00000294b0331c39
00000294fb53c079
00000296ac0e28f9
0000029737545579
000002978aab1719
00000297c5878cf9
00000297d5715939
00000298122ac239
000002992591cc99
000002992591cdf9
00000299c7b0b339
00000299d12b4ef9
0000029ac317de99
0000029acf877f59
0000029ba0e96a59
0000029c34bddad9
0000029c91eb6e79
0000053934262961
0000000001f5d871
0000000000000181
0000029d689df199
0000029def83f599
000002a01eba3899
000002a03e243819
000002a041b306b9
000002a1a20a87f9
000002a1c0ce9959
000002a1c42bdd99
000002a1f4479419
000002a2109017d9
000002a2c8170699
000002a346537319
000002a3678740b9
000002a3b3da89b9
000002a50effb559
000002a51df55199
000002a54ba65df9
0000054bd490be61
0000000001f5d871
0000000000000181
000002a626caa579
000002a67283e1f9
000002a71c02ba39
000002a767eed219
000002a8040829b9
000002a88e100ef9
000002a8b54fbe19
000002a8b6eb8bf9
000002a9f05183f9
000002ab03ecd259
000002ab22e21699
000002ac097b2699
000002ac2b6af879
000002ac2b6af939
000002ae3129d799
000002ae4ba6a5d9
000002aeee6105f9
000002aef28ed1b9
0000055e74fb5461
0000000001f5d871
0000000000000181
000002afaaafbe79
000002b03f278f19
000002b057364a19
000002b0b2a449f9
000002b0b5f22db9
000002b1aa2f2799
000002b23b870cd9
000002b325d61919
000002b3396e6c99
000002b53f054939
000002b56f6174f9
000002b58bbfe199
000002b6050d5299
000002b704f57a99
000002b787240919
000002b7dc0c2719
000002b7ebc7d4f9
000005711565e961
0000000001f5d871
0000000000000181
000002b8b4d35479
000002b9835be979
000002b9b00e8c99
000002b9d70549b9
000002bab0e5c739
000002bad8b8d1b9
000002bb237d8699
000002bbcf3eddb9
000002bc4df1cd19
000002bc7bab0479
000002bc9a02e899
000002bcbb1bd9d9
000002bce8483ab9
000002bdc24c04b9
000002bdda88d599
000002be3fd64719
000002bf69e7b199
000002bf6f4916f9
000002c09ccb6079
000002c09e80d719
00000583b5d07e61
0000000001f5d871
0000000000000181
000002c1ea21ecf9
000002c1f4fe3b39
000002c27c67ef59
000002c291f409f9
000002c2b199b279
000002c323965439
000002c4b4c07979
000002c4d3989e79
000002c4fefd8339
000002c5582978b9
000002c60589ca79
000002c6334d7af9
000002c7ed47e6b9
000002c8f7aa1ad9
000002c8f85f3ff9
000002c92661cbb9
000002c9544e4199
000002c9cbe66ad9
000002ca198af259
000002cb19607e59
00000596563b1461
0000000001f5d871
0000000000000181
000002cbfae57639
000002cc32bd3499
000002cd54cf3039
000002ce368f3a39
000002cea1ef2c19
000002cf3e6b15d9
000002cf6ecad139
000002d02f553719
000002d04b3d2539
000002d06ae874d9
000002d17f90ae39
000002d191f9a419
000002d195426359
000002d1a91fdf99
000002d305e7eb19
000002d35189bbf9
000002d409d00cf9
000002d457dbb139
000005a8f6a5a961
0000000001f5d871
0000000000000181
000002d47e959f59
000002d4e50f53d9
000002d55b4eea99
000002d5aa52a619
000002d5c4c89139
000002d5e941e2b9
000002d64983b999
000002d6c38b7df9
000002d717fa3c79
000002d744afa099
000002d76d162cb9
000002da771f39b9
000002dab40655f9
000002db1c4110f9
000002dbc2a527d9
000002dcafc8f2b9
000002dcb8ec6959
000002dd985c6a99
000005bb97103e61
0000000001f5d871
0000000000000181
000002de94ee3159
000002deca96c0d9
000002df92d114f9
000002dfa0003039
000002e033f80499
000002e06752b179
000002e137555399
000002e15bd554b9
000002e246ca0cf9
000002e3500d92f9
000002e3a2164339
000002e532b29f79
000002e549f481d9
000002e5a4c4ba19
000002e5d0afbd99
000002e5eac4bd99
000002e6992e02f9
000002e6cfc3beb9
000002e6f0131b59
000005ce377ad461
0000000001f5d871
0000000000000181
000002e78593df19
000002e7b15ffd59
000002e7b4da44d9
000002e923310e39
000002e9670fa8b9
000002eb02dcee99
000002ecfe96dc39
000002ed9bec0bd9
000002ee9d36b8b9
000002eea62dc859
000002eefbb3dbb9
000002ef1d99b539
000002ef21d006f9
000002ef983ee819
000002efe37c6a59
000005e0d7e56961
0000000001f5d871
0000000000000181
000002f092b748b9
000002f10199e759
000002f115b692b9
000002f16f6872f9
000002f1a145a079
000002f1ba1416d9
000002f1c250dff9
000002f207a5c6b9
000002f22ce75c39
000002f30f1add19
000002f3a9826439
000002f416d535b9
000002f41849c299
000002f5624d7619
000002f5d9e5bb19
000002f5dc5a9bb9
000002f5dc5a9c79
000002f6f8539959
000002f6f9fb69d9
000002f77b41c6f9
000002f86189e299
000002f92b01a5b9
000002f940d58ff9
000005f3784fff61
0000000001f5d871
0000000000000181
000002faee16aed9
000002fb05382f59
000002fb53ab9a59
000002fc126c8fd9
000002fcfa4ef259
000002fd0a009dd9
000002fef0ef63d9
000002fef28ced19
000002ff5f6c4dd9
000002ff79b7f5b9
000002ff9c1aff99
0000030012f76119
000003002e078959
0000030095d110f9
00000300e7eb3579
00000300f4de7f19
00000300f901fc79
000003012ab34959
000003015667a179
0000030184299f79
00000301e0a1c159
00000301fd454cb9
000003024c0761d9
0000060618ba9461
0000000001f5d871
0000000000000181
00000304203e2a19
000003054db8dc79
00000305f348dd99
000003068326b939
00000306eaa17df9
00000307dbe775b9
00000309188f9b19
0000030a760f25d9
0000030c09074659
00000618b9252a61
0000000001f5d871
0000000000000181
0000030d88b88e39
0000030db7a07d99
0000030e4816d919
00000310037fafb9
000003101bc326f9
0000031042d1a7f9
000003108b795659
000003108b7b0b59
00000312a1fd4b79
00000312a9067c79
00000313cabdcc59
0000031423a61cf9
00000314bd757499
0000031513b77199
0000031551fd5b79
0000062b598fbf61
0000000001f5d871
0000000000000181
00000315bf8108b9
00000315fbe92319
0000031622dc6159
00000316270d8739
0000031866a23cd9
000003189303a199
00000318c9eca359
000003191c1a6919
00000319ebf1ac99
00000319f6b2a3d9
0000031ab3b5f539
0000031b3a63d119
0000031b42b4f2f9
0000031b64bb0ab9
0000031b835d0ed9
0000031c07775899
0000031c3f18e2f9
0000031c67edb0b9
0000031cbc279d79
0000063df9fa5561
0000000001f5d871
0000000000000181
0000031f7e997399
000003202c0ae6b9
0000032030412599
00000321086abf99
000003221fbbc3d9
0000032332b10639
00000323cca09779
000003240a41fc39
000003242ba72159
0000032431888e19
000003247bd35d99
0000032498d101f9
00000324e2f6a2f9
000003254527a819
0000032596ad7f59
00000325a5a328f9
000003269a303579
00000327212bbd19
00000327a80f6af9
00000327ac534219
00000328194583b9
0000032842d9a9f9
000006509a64ea61
0000000001f5d871
0000000000000181
000003287ab695f9
00000328a39909d9
00000328f5d7b0f9
000003292da3d319
000003295b39c0f9
00000329a5380679
0000032a816d8099
0000032ad4fdb259
0000032b279cced9
0000032b50f33219
0000032b8f25caf9
0000032bfab3dc59
0000032c46c9e259
0000032c5cab2139
0000032d1307e1d9
0000032e3892bf99
0000032ee585e339
0000032f3e2d6e19
0000032fdc7f2e59
0000032fed3b3199
000003307dc151f9
00000331133eecb9
000003315ab95fb9
0000033163ea40d9
000006633acf8061
0000000001f5d871
0000000000000181
000003322b281a79
00000332d899c3b9
00000334d9819f99
0000033553d1dff9
000003356b11e9f9
000003365dcd0539
00000336f8adf2b9
000003371ab08379
0000033735d64d79
00000337fc848ab9
00000339d6e1ecf9
00000339f006e779
0000033aad19e279
00000675db3a1561
0000000001f5d871
0000000000000181
0000033b52c464f9
0000033b8a17a719
0000033bbbe3dd79
0000033bc7a34e19
0000033c52e932f9
0000033cc5645ad9
0000033cf0bf1c79
0000033cfb7e5479
0000033d32a0e719
0000033dfd466b19
0000033ee6f6f9b9
0000033f4fc3f7f9
0000033f5b64b5d9
0000033fbb9269d9
00000340671362b9
000003408e02e839
00000341841b74f9
0000034267fbbc19
0000034285c34899
00000343259e0459
0000034337aaa9d9
000006887ba4ab61
0000000001f5d871
0000000000000181
0000034440ab3959
000003446a11da99
00000345be046c39
00000345f4e66ff9
000003467a20c8f9
00000346d856e9f9
0000034748e33fb9
00000348f27974b9
00000349e657b919
00000349f6f36319
00000349fbec7659
0000034a41a097f9
0000034ab0c57d59
0000034afdcc7e79
0000034c6f9e6759
0000034cb7436719
0000034cda2ff819
0000034cf5a10999
0000034d45cf39d9
0000034d6cc5d359
0000069b1c0f4161
0000000001f5d871
0000000000000181
0000034dc1c345f9
0000034ebd0c0719
0000034ef9979239
0000034f0aebd1d9
00000350603a65f9
00000350709e5779
00000350dd6290b9
00000350e7530d19
00000351d1b29819
0000035212a09119
00000353d5e0ef39
000003550a497219
000003551962a4d9
000003551eb63db9
00000355d009e2b9
000006adbc79d661
0000000001f5d871
0000000000000181
000003570b1f2e79
0000035770e57479
000003577afee039
00000357bf5c4579
00000357e27a5619
000003591881d459
00000359e45c8739
0000035a51c02439
0000035a8494d179
0000035a8a6a4eb9
0000035ab93b8919
0000035bec3e6bf9
0000035cc27aa319
0000035cd7863159
0000035ddf073279
0000035de4c83099
0000035e1470d9f9
0000035e1cb45679
0000035ea18cb599
0000035eb83601d9
0000035f1a870059
0000035f21d7d159
0000035f256d6fd9
0000035f263c3299
0000035fc62667d9
0000036001697a99
000006c05ce46c61
0000000001f5d871
0000000000000181
000003608b8d89d9
00000360fb9776f9
0000036113079579
000003613b49d359
00000362440629f9
0000036310dd3739
00000363bf00f139
00000364522527d9
000003652caa2cf9
00000365d82b5139
0000036606735199
0000036630795999
000003664423fe99
000003669d6b4f19
00000367d18e1b79
00000368dc7837d9
00000368dfd8cd19
00000368e1260c39
000006d2fd4f0261
0000000001f5d871
0000000000000181
0000036990b73fd9
0000036a48fb1079
0000036a48fb1139
0000036b47278ff9
0000036b6c3b38d9
0000036b712d8db9
0000036b9a7c78d9
0000036d5e135ef9
0000036d96437a99
0000036dfeb36b59
0000036e4d26e5b9
0000036e98646079
0000036eb4606239
0000036f676c3559
0000036f678942f9
000003709ddd8cf9
00000370a86828d9
00000371ab33e519
00000371f7eb9839
0000037233b58cb9
000003728a5020b9
00000372a5ab5279
000006e59db99761
0000000001f5d871
0000000000000181
00000372e1d92599
00000372ea426f39
00000372f8474979
00000373856efab9
000003738a75d859
0000037409a50a19
000003743f260659
00000374d31269d9
00000374d9c99c19
00000375fec11f59
00000376a8ace119
000003775835e339
000003776d2d7df9
000003776fb371b9
00000377fea17af9
000003781fa972f9
000003785f648759
0000037907372159
0000037970167719
00000379c35b9319
0000037a3a000f59
0000037a468cb499
0000037a69fa0679
0000037b4e4f8899
0000037bec4259d9
000006f83e242d61
0000000001f5d871
0000000000000181
0000037d66675739
0000037d7bee99d9
0000037e0fd91e79
0000037e49d4b979
0000037e60225039
0000037e953ac819
0000037ead164039
0000037f240c1319
00000380a7d51439
000003815f41b979
00000381db7aa3b9
000003828cb0a179
00000382dae471d9
000003832b52d759
00000383a0e273f9
00000383bbf0a959
0000038435b6eef9
000003852014f6b9
000003855a87f4b9
0000070ade8ec361
0000000001f5d871
0000000000000181
0000038610996199
0000038740ce1b39
0000038769dc9279
0000038806777e99
000003888b7325b9
00000388cdb0f019
000003892cb29639
0000038950e64a19
0000038a275d0879
0000038a3793f019
0000038a475a2019
0000038ab056af59
0000038be98f5259
0000038c3b299959
0000038dcd959639
0000038ddd3d1ab9
0000038ddfae96d9
0000038df87480f9
0000038e2c754e99
0000038e55ae2039
0000071d7ef95961
0000000001f5d871
0000000000000181
0000038f058e67b9
0000038f96be1939
0000038fd092b4b9
0000038fdc27b739
0000038ff32a83b9
00000390cc1d6479
00000390da8a4ef9
00000390e85322b9
00000391f24be439
000003929002ecb9
00000392cf878679
00000392cf878739
0000039355f09819
0000039392715db9
00000393f1013759
00000393fb013279
000003941b2ac639
0000039437607ed9
0000039455681d19
00000394d1a75439
000003950f4a0479
000003951372af99
000003951eff2139
00000395c3ba0159
000003968dfab0d9
00000396e36dc679
000003975911c9b9
000003977d738679
00000397fe549c79
000007301f63ef61
0000000001f5d871
0000000000000181
000003984065b099
0000039aad334c19
0000039ad41fb8f9
0000039bcd42fc99
0000039c2c6090f9
0000039c63cbf3d9
0000039cf4bd8159
0000039d399c2379
0000039daca28379
0000039df9a0cbf9
0000039e49f62e19
0000039e4c695839
0000039e864f1799
0000039eb07bf2b9
0000039eb57bf8f9
0000039ecfe7f599
0000039f18c1bf39
0000039fe2bc2a59
000003a00e04bef9
000003a02751b299
00000742bfce8561
0000000001f5d871
0000000000000181
000003a2ed5ad5d9
000003a32b1847b9
000003a3496bae19
000003a397b1a6d9
000003a46ea19a19
000003a4f44a68f9
000003a53945d619
000003a5cd028e79
000003a5fe037879
000003a69c9acad9
000003a7dc7b83b9
000003a80c756ff9
000003a982975959
000003aa47a4e579
000003aa98e06719
0000075560391a61
0000000001f5d871
0000000000000181
000003ab3d9139b9
000003abbaca1519
000003ac359f26d9
000003accf5d56b9
000003ad097feaf9
000003ad1ae8da99
000003aed9276df9
000003af8b8177b9
000003afc21e1599
000003afc5653699
000003b041b53619
000003b16d5f36d9
000003b175a124d9
000003b25e618919
000003b26284f439
000003b3a6016c19
0000076800a3b061
0000000001f5d871
0000000000000181
000003b40c157239
000003b48c53b3f9
000003b54d7db419
000003b5984e8239
000003b619a420f9
000003b66f85b2f9
000003b6e18f4ef9
000003b79ef4f719
000003b7b08a11b9
000003b7d506a4f9
000003b7f564e9b9
000003b83568d139
000003b8f57d1119
000003b92e23eb99
000003b98a12f1b9
000003b9b00736d9
000003ba43e84699
000003baa726f759
000003bac79b1419
000003bba4e19799
000003bc6d84b8f9
000003bcd0793019
000003bd3b75ab19
0000077aa10e4661
0000000001f5d871
0000000000000181
000003bd757eadd9
000003bdf44acf79
000003bf38f9f5f9
000003bf9b03f5b9
000003bfe5cc7879
000003bfebb9e919
000003c04dcf5839
000003c0504e7ff9
000003c065d41df9
000003c0895e5a19
000003c0fd507939
000003c181622659
000003c216e6e719
000003c2c91c86b9
000003c2dc9a67b9
000003c2ea8dfa19
000003c2fda55dd9
000003c3b13f7439
000003c3c7c38db9
000003c3e1c49419
000003c443f08bf9
000003c469cbdd39
000003c4b8caf8f9
000003c518ff7619
000003c5a99c8eb9
000003c5ebd106f9
000003c61c949019
000003c69b90b7f9
000003c69b9942f9
0000078d4178dc61
0000000001f5d871
0000000000000181
000003c6a082fed9
000003c6d8b81ab9
000003c6df591019
000003c6ea97b299
000003c782db1099
000003c79222b499
000003c825e65159
000003c83a5a9919
000003c86fb237b9
000003c912db0db9
000003c91a3316b9
000003ca08410599
000003ca6d703af9
000003cb844ae4b9
000003cb934e3ef9
000003cc517f6e99
000003cc6065a819
000003cc6b3ce899
000003cd327e9159
000003cdb05c0bd9
000003cdde379519
000003ce710f5f79
000003cef3808319
0000079fe1e37261
0000000001f5d871
0000000000000181
000003d037e525f9
000003d098d91fd9
000003d0b80282b9
000003d17eca8ed9
000003d194662859
000003d22a38cc39
000003d258f879d9
000003d2842e99d9
000003d33253ea39
000003d34cd43f39
000003d39e0fdad9
000003d3bd63d679
000003d3cc52b179
000003d477d6ea99
000003d67ad7ba99
000003d6c55fecd9
000003d7bff8b9b9
000003d7e3b118b9
000003d861eba619
000003d87d3c52f9
000003d93c44c3f9
000007b2824e0861
0000000001f5d871
0000000000000181
000003d993c40f59
000003db847434d9
000003dc5404edb9
000003dcba15acd9
000003dd2f260119
000003ddddb33819
000003ded10f7ad9
000003e04bbe0a39
000003e0d8b85839
000007c522b89f61
0000000001f5d871
0000000000000181
000003e2bbfb9f39
000003e39b6c8a59
000003e39e01e199
000003e3a71b0e59
000003e49bd97519
000003e4fa84b159
000003e5b38850b9
000003e636fafb79
000003e6f617c859
000003e9184fc379
000003e9734e06d9
000003e9b1d9a8d9
000003ea8bbc16d9
000007d7c3233561
0000000001f5d871
0000000000000181
000003ebe3fe6259
000003ec1eee1759
000003ec3b0a43f9
000003ed0a856b59
000003ed0dd6b0f9
000003ed8036c239
000003ed93b3bc19
000003edac3b1739
000003ee0c77f759
000003ef000520b9
000003ef4e4529d9
000003ef73aa9079
000003efbbb891f9
000003f00a841af9
000003f00eb53f39
000003f0ee27b0f9
000003f169fa25d9
000003f1d47b9b39
000003f24da30af9
000003f253eb2159
000003f29ad79a59
000003f2e593df39
000003f30bed3e99
000003f38beaa3b9
000003f444680cb9
000003f49f0761b9
000003f4c5406759
000003f51467bd99
000003f52a17caf9
000007ea638dcb61
0000000001f5d871
0000000000000181
000003f5fe5e6019
000003f6a18fbd79
000003f6e8163079
000003f74c9208f9
000003f82d9e9219
000003f89ef32d79
000003f8a4d4b3b9
000003fa91fe46d9
000003fac0507179
000003fb3ac02b59
000003fb98f4a619
000003fc0d6081b9
000003fc190effb9
000003fce6da09d9
000003fd1ad76e19
000003fd60e52db9
000003fd73f96519
000003fd7df28e99
000007fd03f86161
0000000001f5d871
0000000000000181
000003fef0fc9e39
00000400866d8059
000004008ea89879
000004010e21bf39
000004021a754ed9
0000040235dc0bf9
000004025350b679
000004029b2153b9
00000402b7819659
0000040391ffebf9
00000403c3ee2e59
00000404097ca719
00000404d067c139
000004052a27c499
0000040573a6f4f9
00000405892e1699
00000406bc555d79
0000040768b19cd9
0000040782793c39
00000407b728be79
0000080fa462f761
0000000001f5d871
0000000000000181
00000408662f92b9
00000408c0e4ee99
000004092e3d0039
00000409a5db8759
00000409d621ced9
00000409f4e751b9
0000040a50d000d9
0000040a6f959d79
0000040a94344c79
0000040b562d37b9
0000040c0e596219
0000040cee43de59
0000040d6f203af9
0000040e81b04ab9
0000040f2c0df519
0000040f94bdc9f9
000004103e6af0d9
000004104eeb6b19
000004110fce6c79
0000082244cd8d61
0000000001f5d871
0000000000000181
000004127b3b3779
00000412ced720d9
000004132048fc99
0000041400cfdf59
000004140d36ecf9
000004142bf7ca19
000004150a2428f9
0000041548545a99
00000416ae8b0e19
00000416de2a4d79
00000417cf3356f9
00000417cf3357b9
000004182ec77f99
000004194a71b019
00000419626c35d9
0000041994f156b9
00000834e5382461
0000000001f5d871
0000000000000181
0000041aa3976d59
0000041ac5a60359
0000041b1506e299
0000041b3c365279
0000041ba03faf99
0000041c27ef1979
0000041d3cf59939
0000041d91415b19
0000041ee2539bf9
0000041f03aea7b9
0000041f761df5f9
0000041f77c5c959
0000041f9121f379
00000420195663b9
000004202b66c679
0000042050b28019
00000420ae9e3339
00000420dc2f1139
0000042177769919
00000421de32bcb9
00000421f315e059
000004224f4dc559
00000423397aba99
00000423397abb39
0000084785a2ba61
0000000001f5d871
0000000000000181
00000426132796f9
000004262750af39
000004267142c659
00000426b1f6b379
00000426e5455459
00000427768d1c59
000004285fce5e79
0000042a35c73479
0000042ab2aeffd9
0000042b42870ed9
0000042b6e129859
0000042bbe385539
0000085a260d5061
0000000001f5d871
0000000000000181
0000042d1ec3c5d9
0000042e8b7c6839
0000042ebc219079
0000042f4e6615b9
0000042f6e8c53b9
000004305b7a5e59
000004309a5ada99
00000430f99627d9
0000043114e8bf39
000004315c0972b9
000004316c8ba359
00000431d07c3cb9
00000431db39dbf9
00000431db39dc99
00000432062309b9
00000433a69e0f79
0000043408123139
0000043415a5ff19
000004345dd63539
00000434a1edfa79
0000043528f09fb9
00000435aa4bbe59
000004360492c6b9
000004362d45cd79
0000086cc677e661
0000000001f5d871
0000000000000181
000004372b8f5899
00000437b359e699
000004383b466ed9
00000438bf860439
00000439a5f85eb9
00000439a8741579
00000439c01fe919
00000439f4d38db9
0000043a4c8c4f19
0000043a5352c859
0000043ad46b4f39
0000043b469ddb99
0000043bdaf85b59
0000043c96ec5c79
0000043cb671bef9
0000043d6af78b99
0000043d734a8cf9
0000043d82fe0999
0000043d8b309ed9
0000043eac5fab39
0000043f4f048ed9
0000043f6a2cb1f9
0000087f66e27d61
0000000001f5d871
0000000000000181
0000044074a014f9
00000440f46c46b9
000004420d94b679
000004436fe6a6f9
00000443b39aacd9
00000443b45d8139
00000443d16ab6f9
000004447a6c2c39
000004457ff75ed9
000004478b68abf9
00000448360477f9
000004488faa9919
00000892074d1361
0000000001f5d871
0000000000000181
000004490cfef8d9
0000044a6dab8e39
0000044aa99860b9
0000044ab0e28af9
0000044b1e3006d9
0000044d4998fb79
0000044e19e28679
0000044f75162e59
0000045082a4f339
00000451ac0a7dd9
000008a4a7b7aa61
0000000001f5d871
0000000000000181
000004532b1c8e79
0000045358db51f9
00000453b44ef159
00000453c4b5b879
00000454dba1d7d9
0000045505e62899
00000455534de1b9
000004556644e079
00000455c670fab9
00000457369d0439
000004582a515439
00000458dff0f479
0000045a1b852359
0000045a72322099
0000045a7fe4e339
0000045acf8f4a39
0000045b44c3d419
0000045b7dfe3af9
000008b748224061
0000000001f5d871
0000000000000181
0000045bd596fe79
0000045c829e28b9
0000045cc1a938b9
0000045d52272c79
0000045db5b134d9
0000045e0deda0d9
0000045e34d53819
0000045e77dc70b9
0000045e7f625159
0000045f41a0cf99
00000460603cacf9
00000460afebce39
0000046342d074b9
0000046375758819
000008c9e88cd661
0000000001f5d871
0000000000000181
000004656bc5fdb9
00000465e5924059
0000046615cbafd9
00000466655db339
00000466cc836099
00000467381e6839
0000046755e42259
000004690e2ef7d9
0000046984382bb9
00000469932a84d9
0000046a39664739
0000046bca9a8bf9
0000046c44e3ca79
0000046e32a08659
000008dc88f76d61
0000000001f5d871
0000000000000181
0000046e6f0dc359
0000046e9a8bc3f9
0000046ea2f352d9
0000046f245b4339
0000046fb1b274b9
0000047156d75b19
000004723473fef9
0000047262a0d599
00000472948081b9
00000473ffef4db9
0000047430a1f039
0000047530575f79
000004755124f299
0000047563b1db59
00000476548b4cd9
000008ef29620461
0000000001f5d871
0000000000000181
00000479abd8a9d9
0000047a5a325219
0000047a75975199
0000047c68dd7e99
0000047ceccba199
0000047d5b0d5fd9
0000047d9d76edb9
0000047dbce2a079
0000047e223c3519
0000047e4d6aba79
0000047e99bfdb19
0000047ea99da8f9
0000047f9153a7d9
000004805ce2d559
00000901c9cc9a61
0000000001f5d871
0000000000000181
0000048177783619
000004821c659339
000004835a87f439
00000483c8ab1679
00000485efd86f39
0000048641e11c39
0000048646cae079
000004877e087b59
00000487f79eda19
000004889baac6d9
00000488ba64bf59
00000488ce610f59
0000048a1cee4679
000009146a373161
0000000001f5d871
0000000000000181
0000048a5a784c99
0000048a79dd4b19
0000048a7aa6f179
0000048be69961b9
0000048c684fc7b9
0000048d7404d799
0000048dac62bcd9
0000048dd91c4ef9
0000048e8807b179
0000048f30039939
0000048fbd93deb9
00000490726e4fb9
00000490dc939c59
0000049196f26579
00000491a6e82e59
0000049250843519
0000049252289ef9
0000049273466f79
0000049326c0b699
000004935b8610d9
000004938020a479
000009270aa1c761
0000000001f5d871
0000000000000181
000004944fa381d9
00000494de549739
000004950c73fdf9
00000495714976d9
000004961ace5df9
00000496311a2579
0000049660eed8b9
000004969d1b79f9
00000496e0e3f239
00000496f3fecb19
0000049816d608f9
000004982423d0d9
0000049833ce8b59
000004989241ae39
00000498b4683eb9
00000498ba0211b9
0000049928958b39
000004993859e579
0000049a2b215a59
0000049b1abbeb79
0000049b933374d9
0000049b9690b739
0000049bf7e3a8b9
00000939ab0c5e61
0000000001f5d871
0000000000000181
0000049ceafa74b9
0000049d02f84a39
0000049f92220339
0000049fd0610c19
0000049fd0996e99
0000049fd3b931f9
000004a039ed7759
000004a0431e95d9
000004a06ff33939
000004a0cf7c7059
000004a195240479
000004a1c8c6c059
000004a1e3c366b9
000004a2634a6ef9
000004a37dc5a539
000004a46f202299
000004a5a1961419
000004a5bab29e79
000004a5d2c4b799
0000094c4b76f461
0000000001f5d871
0000000000000181
000004a6a3a26b99
000004a7a69d7139
000004a7d85f5059
000004a8bdeb59b9
000004aa234db719
000004aaf851ff39
000004ab7508cbf9
000004abc6fb6a19
000004abeef557d9
000004ac163a1e39
000004aebd7eb199
000004aed7adf6f9
000004aee5d7fd19
0000095eebe18b61
0000000001f5d871
0000000000000181
000004af90f223d9
000004afc08a1779
000004b134ac7999
000004b19d1c0479
000004b1f67e4819
000004b2402bdd19
000004b2b3d2d9f9
000004b2b3e73499
000004b319b285b9
000004b3b5521639
000004b4f68ad1b9
000004b58a25ad19
000004b5a82a0c59
000004b67d188519
000004b6e33d8a99
000004b72bc9d379
000004b89d66c2f9
000004b8b9cf5d19
000009718c4c2261
0000000001f5d871
0000000000000181
000004b98dab5539
000004b99f3ceed9
000004b9f7bde9d9
000004ba10a20a59
000004ba1e22d179
000004bac0b51019
000004bad49cd3b9
000004bafa53b9b9
000004bb4569d7f9
000004bc2cf74ab9
000004bc3f638559
000004bc732aa6d9
000004bc806c4c99
000004bce779da79
000004bd23dcdb99
000004bde0441ab9
000004bdf0dc46b9
000004be1811b399
000004be8cc170b9
000004befe784e79
000004bf4d7b1619
000004bfd290db99
000004c1bfe46159
000004c20431dc99
000009842cb6b961
0000000001f5d871
0000000000000181
000004c262ec7e19
000004c28e6fb9b9
000004c45f5b8e39
000004c4f9388059
000004c53db2b859
000004c565eee919
000004c572824fb9
000004c58eee3e99
000004c6a718b979
000004c78f0a76f9
000004c85885dcd9
000004c9c8271379
00000996cd214f61
0000000001f5d871
0000000000000181
000004cd6b43d219
000004cdd417a8d9
000004ce38953479
000004ce904e1179
000004d0ef28a9b9
000004d18ab0f9f9
000004d1d6c0f7b9
000004d1fb740cb9
000004d216145919
000004d3415d3219
000004d3b60b6699
000004d429dd82d9
000004d478a73b99
000009a96d8be661
0000000001f5d871
0000000000000181
000004d4f75e9419
000004d53ea3e239
000004d58cbdba19
000004d5b5a3bf19
000004d637a64e19
000004d63f3b8879
000004d8118d09b9
000004d8d3b925b9
000004d93e316f59
000004da0d513df9
000004da117edaf9
000004db1ca47c39
000004dba464f4d9
000004dc26001c39
000004dc70b61c19
000004dcb51c2db9
000004dcf9e4e819
000004ddb06b1af9
000009bc0df67d61
0000000001f5d871
0000000000000181
000004de20cd0ed9
000004de60121d39
000004de9657d079
000004defe109419
000004df310a8879
000004df9dcd1719
000004dfd186ae19
000004e0991166f9
000004e0c7379359
000004e2dd8eea39
000004e548bfab59
000004e598536c59
000004e5c7401139
000004e5c9a3f079
000004e60e5bab39
000004e624ed1319
000004e6dc165739
000004e74a860719
000009ceae611461
0000000001f5d871
0000000000000181
000004e77416b0f9
000004e7aae1d179
000004e8c3943159
000004e9a6d7db79
000004ea1943c6f9
000004eab19b3a59
000004eef77713f9
000004ef22f761d9
000009e14ecbab61
0000000001f5d871
0000000000000181
000004f0c5c5cd39
000004f14b4783b9
000004f17927ff79
000004f1b83e90f9
000004f1f4e20c99
000004f2404f9799
000004f3d1972979
000004f6beec7019
000004f6f2ae9159
000004f923c9b379
000009f3ef364161
0000000001f5d871
0000000000000181
000004fb0e642bd9
000004fba5794d59
000004fbd4a63c59
000004fc42f3fe59
000004fdaacf2039
000004fe7a1372f9
000004fea8d69019
000004ff3b28ae79
000005000021b079
000005000299f719
000005001e7de659
00000500dd949dd9
00000501126ca779
000005013abcf259
00000501b201cef9
00000501c97dc119
00000501e0969af9
00000502d27f58f9
0000050309fbe5b9
0000050343d21d39
00000a068fa0d861
0000000001f5d871
0000000000000181
0000050394a11559
0000050547dd0ab9
00000505bba83c59
00000506264dfbb9
00000506ee8aaf99
000005071216afb9
00000507c57b0ab9
00000508f3d485b9
000005092f5e7cd9
0000050b26abe8d9
0000050b9b898679
0000050bec4ea939
0000050c09367959
00000a19300b6f61
0000000001f5d871
0000000000000181
0000050d2837fc99
0000050d4ba70279
0000050d6b81c539
0000050d7d87b839
0000050dca694cb9
0000050defc96cf9
0000050e389d8ed9
0000050f7f52a9f9
0000051011b553f9
0000051050787cf9
00000510a239c319
00000511880b3959
0000051349005179
00000513900fd739
00000514a4028019
0000051504b99d59
00000515c9e3c839
00000a2bd0760661
0000000001f5d871
0000000000000181
00000518bf444119
000005192cd56f19
000005192f623c19
0000051a086f4d39
0000051b931f19f9
0000051bc3329879
0000051c5ff5d6d9
0000051d0f057eb9
0000051d7b071559
0000051d80070a39
0000051daf634f19
0000051dd22a9659
0000051df92ba919
00000a3e70e09d61
0000000001f5d871
0000000000000181
0000051f4c5bc959
0000051fe1c3dc79
000005207ee847f9
00000520deb8ff99
0000052133754bb9
00000521602f0b39
000005217f69c079
00000521e1a522f9
0000052235430e79
0000052383676e39
00000523f2307f99
0000052401136919
00000524cc292039
0000052525c3a1b9
000005276d9c6939
00000527f0b6df99
00000a51114b3461
0000000001f5d871
0000000000000181
00000529309cdd59
0000052971eb4599
0000052a15e2f7f9
0000052ad4ae6c79
0000052b02b955f9
0000052b2b06c559
0000052b4aeb23b9
0000052b5a816459
0000052b604b0659
0000052c812c41d9
0000052ca404b3d9
0000052e31761a99
0000052e3b7102d9
0000052edd2e4119
0000052f1aa639d9
000005304fe66039
00000530a16c3639
00000530b07ef5f9
00000530cf05c2d9
00000530dee068d9
00000531467a8b99
00000531467a8c59
000005318a3874d9
00000a63b1b5cb61
0000000001f5d871
0000000000000181
00000531d8c5b159
000005332f5b7679
0000053417390159
00000534604ed8d9
0000053500cbbbb9
00000535960e7039
00000536029717f9
000005365dd7c019
00000539a379ed99
0000053a2b388a79
0000053a6372d919
0000053abc780719
0000053ac7104019
0000053af2bfe4f9
00000a7652206261
0000000001f5d871
0000000000000181
0000053c588b65d9
0000053c99403cf9
0000053d3fe2b8f9
0000053e44ccf639
0000053e5152de99
0000053e71bec6d9
0000053eb4cc8e39
000005402894c619
0000054042d29439
000005407dc40ff9
00000540a47a1459
0000054133b806b9
00000542586ec819
00000542c6f5dd79
00000542d3690eb9
00000542e3f07e39
00000543492a1319
0000054356579d19
0000054365c89b99
0000054474adcb19
00000a88f28afa61
0000000001f5d871
0000000000000181
00000545669347d9
00000545917ab139
00000545d53c76b9
00000545f1b688b9
00000545f240f479
0000054674f43c19
0000054791362039
00000547b15aaf39
00000547dd036359
000005480acb3379
000005486aeabfb9
00000549660148d9
000005498473cef9
0000054bab3abf79
0000054bb11dd299
0000054bcd369b59
0000054bf3620459
0000054c56a0b2b9
0000054d7e4be459
0000054d8c528119
00000a9b92f59161
0000000001f5d871
0000000000000181
0000054dd1876179
0000054fb3e2e1b9
0000054fc3858ad9
0000054fd30b0ad9
0000054fe105b479
000005502a99a939
00000550568137f9
0000055190afc539
00000552374e2ab9
0000055289b5c9b9
0000055295a12f79
00000552e41ba619
00000552e53d5299
0000055382904379
00000554b4332f99
00000555eadca099
0000055657f8d039
00000aae33602861
0000000001f5d871
0000000000000181
00000557714fb419
000005578e35e639
00000557c7de62f9
000005582614d779
0000055a7c4d65b9
0000055beeb2ce59
0000055c0105e959
0000055d766880f9
0000055dfa8820d9
0000055e8df8fe39
0000055f3dd2a279
0000055f88665e39
0000055fb3cdf179
0000055fc24f7499
0000055fd46a2179
00000ac0d3cabf61
0000000001f5d871
0000000000000181
00000560c496c679
00000560fe6b5779
0000056191596c99
00000561e4b51479
00000562c8fbd439
000005630b927679
0000056418510b19
000005654da921b9
00000566ec80a299
000005674f47cf19
0000056767865cd9
00000567f1542ed9
00000ad374355661
0000000001f5d871
0000000000000181
0000056a0407d539
0000056a23973df9
0000056a56309899
0000056a598036b9
0000056adca49199
0000056ba899e8f9
0000056dcc321ef9
0000056e29c56679
0000056ed3f1c9f9
0000056f11e496f9
0000056f8b480539
0000056fc6f5aa79
0000057097e91759
00000570be0c1699
00000571ddb1f359
00000571f5b336d9
00000ae6149fee61
0000000001f5d871
0000000000000181
0000057353c46ef9
0000057376759399
00000574e974c0f9
0000057541016b99
0000057765e2d2f9
00000578cea72ab9
00000578e7a86739
00000578f9cb7919
000005790985c7b9
00000579df370b79
0000057a0d6e3b79
0000057b336b9859
0000057baca4c1d9
0000057baff61b19
0000057bfcd953f9
0000057c05316d79
00000af8b50a8561
0000000001f5d871
0000000000000181
0000057ceba03639
0000057cefd9d6b9
0000057d89d3a519
0000057e0c226ab9
0000057e48a5ae19
0000057eb742c2b9
0000057f02487539
0000057f4d217899
0000057f64870219
0000057fd7cd7779
00000580bf433539
00000580c50cc559
000005810948a979
000005816e68c039
0000058177796bb9
0000058188db3cd9
000005819cec1299
000005823c6d5a99
00000582a1352759
000005833bd39a19
000005836e8d2b59
00000583c97b47d9
00000584f84fadf9
000005854a7bcdb9
00000b0b55751c61
0000000001f5d871
0000000000000181
00000585cd0afd59
0000058604c98999
00000586c8d3a2b9
00000587a822a299
00000587f3f20799
00000588f2ae5ed9
0000058af9100d59
0000058b2fea27f9
0000058b81e4a339
0000058bf8507d19
0000058c39b6ea79
0000058c74babcb9
0000058c81f76ff9
0000058d66cc50f9
0000058d80428c79
0000058e8a58cdd9
0000058e9e427d59
00000b1df5dfb461
0000000001f5d871
0000000000000181
0000058efd78bbb9
000005901eec2fb9
00000590253cd5d9
00000590e7f024d9
00000590f642b279
000005912ab35a79
000005914ec03279
0000059299859d39
00000592a8242e19
00000592bd4862f9
000005941abda399
000005945f6b19d9
00000594ba5f3459
000005957e76ccf9
00000595fc963bd9
00000b30964a4b61
0000000001f5d871
0000000000000181
00000598fbd264d9
00000599978c1df9
00000599c4c689d9
0000059b662d64b9
0000059c38b4cc59
0000059c823921f9
0000059c97062c59
0000059cfcce1a99
0000059d34fab639
0000059d91b3ae79
0000059e517f24b9
0000059fc3de2459
0000059fcc6eccb9
0000059fd6ac5ab9
00000b4336b4e261
0000000001f5d871
0000000000000181
000005a1e4be7cf9
000005a2269622b9
000005a284d50699
000005a2e26c0e39
000005a30c266c59
000005a36bbc8a79
000005a36d236fd9
000005a42f2c5d59
000005a46bce0c99
000005a4b4df3e99
000005a506e825f9
000005a52f247cf9
000005a6bee36799
000005a6ea88a319
000005a755d4e299
000005a76db5ec99
000005a7fd2f07f9
000005a945991a59
000005a995ee1819
000005aaa9081079
000005aac44971f9
00000b55d71f7a61
0000000001f5d871
0000000000000181
000005aaeb2c06f9
000005ab34c81ef9
000005ab38ed6319
000005ac3e7584f9
000005ac54bc4a39
000005ac7c966599
000005ac7fd32e39
000005ac972985b9
000005acf8a53bf9
000005ad17312c99
000005add5085499
000005ade252cc39
000005ae55850f79
000005aee1bf9459
000005af7c8ea3b9
000005af9f91a079
000005b0182a40d9
000005b0af37fd59
000005b18c851c19
000005b26b06e8f9
000005b287564179
000005b336607d39
000005b3ecc127b9
00000b68778a1161
0000000001f5d871
0000000000000181
000005b479d49339
000005b4b65cccd9
000005b53f701a59
000005b555271699
000005b6b171a6d9
000005b8651bae79
000005b992c4fbf9
000005ba26be9d59
000005bc3d7c7259
000005bc7b8894b9
000005bc7cd26879
000005bc8e90be99
000005bcd93059f9
000005bd2c3e46d9
00000b7b17f4a961
0000000001f5d871
0000000000000181
000005be1af5b699
000005be29b126b9
000005be3c074979
000005be51db2359
000005be6ff2dd79
000005bec4eeee99
000005bedbcbd599
000005c0e2455859
000005c12460b119
000005c170ca8239
000005c18201c0b9
000005c1b1efec59
000005c392922eb9
000005c51573c559
000005c6059ed219
000005c64e897d59
00000b8db85f4061
0000000001f5d871
0000000000000181
000005c71d7d1739
000005c9140e8b19
000005c935c17719
000005c983368159
000005cb28616a39
000005cb50ec1b79
000005cc4e211eb9
000005cc7d4c7d39
000005cdb07d3dd9
000005ce02f25319
000005cf486d30f9
000005cfc1663db9
000005d01f8aa6f9
00000ba058c9d861
0000000001f5d871
0000000000000181
000005d04e7826d9
000005d055f05ad9
000005d0e4951d39
000005d142021c19
000005d1e0559dd9
000005d227da79d9
000005d239f858f9
000005d35e2e3899
000005d364d7b4b9
000005d3a1a58ed9
000005d4e4a46e39
000005d50e44cb79
000005d553d9eb79
000005d6acd2b0d9
000005d73ddf47d9
000005d7cce6ca59
000005d8670ac9d9
000005d8c290aed9
00000bb2f9347061
0000000001f5d871
0000000000000181
000005d9972882b9
000005da34ed7a79
000005da54e2d499
000005daf6b38279
000005db1f8d3999
000005db78e77519
000005dba0518759
000005dc506ff8d9
000005dd0560aff9
000005dd9a2e59b9
000005dda26b2299
000005ddb86e7ad9
000005ddfe478b99
000005de2209e979
000005de3e3231f9
000005def8e48219
000005df0ff14b39
000005df2dd24b79
000005df67fdcb99
000005df85ad0a39
000005dfb0d16cf9
000005e0410851f9
000005e0707e2a39
000005e14fb067f9
000005e1cea0c3f9
000005e230c654d9
00000bc5999f0761
0000000001f5d871
0000000000000181
000005e2de012099
000005e2fd9c74f9
000005e4c1d35b39
000005e60afaf159
000005e64ffb6f19
000005e69dc3e3f9
000005e7d071f5d9
000005e80486fa99
000005ea44956cf9
000005eaa6f6a719
000005eb63aa1399
000005eb63aa1459
000005ebe6c64479
000005ec08b162f9
00000bd83a099f61
0000000001f5d871
0000000000000181
000005ec523fd2f9
000005ec8dfb2759
000005ed728f64f9
000005ef7fa0d899
000005ef9041bf99
000005ef9baf9bd9
000005efc50f8a39
000005effaac1b79
000005f0c21b8159
000005f24c7eee79
000005f2b8fa79f9
000005f3244d31b9
000005f325ee2eb9
000005f350ea2979
000005f3f1956c19
000005f3f6972499
000005f460cfbdb9
000005f49a558cd9
00000beada743661
0000000001f5d871
0000000000000181
000005f5e6263d19
000005f5f9ff2e19
000005f78fc30d39
000005f7e1584079
000005f8dff4cb59
000005f9001c9db9
000005f9094547f9
000005f9e7ea7759
000005fa0ee31ad9
000005fa72ba10d9
000005faacb0b619
000005faf4edfe19
000005fbd16e2bd9
000005fde0f99679
00000bfd7adece61
0000000001f5d871
0000000000000181
000005ffa069ae19
0000060021677d59
000006003792e2f9
00000600b6aa3a79
0000060109028379
00000601b28c0159
0000060298e52299
00000602bce48219
00000602ec291579
000006032eedf059
0000060364ae52d9
00000603ae7dbab9
00000603df0fa459
00000604f7f18839
00000605bf970c39
00000606824f9439
000006068db67559
0000060766029179
00000607b1ec80b9
00000607cbaa0259
00000c101b496661
0000000001f5d871
0000000000000181
0000060ac3436959
0000060ae2fee579
0000060b2fa37059
0000060b9fb42539
0000060bbad1ffb9
0000060bf6e6ec39
0000060c32855b19
0000060c739a0bd9
0000060c7e3773f9
0000060ce23231f9
0000060d47b79a79
0000060db6e8c219
0000060dcf8e3a19
0000060e0f31c119
0000060e25896cf9
0000060e9a4bea19
0000060ed6020379
0000060ee9aca0d9
0000060f30ec0339
0000060f5e68a0f9
0000060f804941d9
000006103105a4f9
0000061042921db9
0000061059d07d39
00000610a1f2c999
00000610b5c99af9
00000610c71568f9
00000610f9e8f0b9
00000c22bbb3fd61
0000000001f5d871
0000000000000181
0000061192266d39
00000611b8409059
000006121d4ab119
00000612fdff2e79
0000061430d14199
00000614378862b9
0000061528ccdbd9
00000615b1be6159
00000615d6eed819
00000615e9340d39
00000616684a5359
0000061703d16d39
000006173ad74379
000006179434a659
000006187af32459
00000618a8d40619
00000618b048c399
0000061943ef97d9
000006195701c019
00000619c3b02099
00000619c8b89539
00000619de4b9a19
00000619eabb2599
0000061a42e76239
0000061a574f89f9
00000c355c1e9561
0000000001f5d871
0000000000000181
0000061bc2b3f799
0000061c295efd79
0000061c3eed0ff9
0000061c8af37f79
0000061d6f31e319
0000061e0e5cebb9
000006204cabdc19
000006205d1b52d9
00000620d9da5519
0000062305c0b979
000006233de86ad9
00000c47fc892d61
0000000001f5d871
0000000000000181
000006240485e5f9
00000625df08b7b9
00000626ec01f079
00000627d60d37d9
0000062875c34bf9
0000062a14bbc1f9
0000062b7deeebf9
0000062ba31a4559
0000062c1973c099
00000c5a9cf3c561
0000000001f5d871
0000000000000181
0000062d52f5d9d9
0000062d5fe073d9
0000062d9a113e79
0000062e0e1b2099
0000062eae8b7d59
0000062f397a5c59
00000630edc02999
000006317d5474f9
000006319a8393d9
00000631a531eb79
00000631ee1df839
0000063236e68719
0000063344409959
000006341d216419
00000634470aa759
000006344c660439
000006348c9ed479
000006349d4687f9
00000634ee855f79
000006350b6ccbd9
00000635acaa7cf9
00000635bb9794b9
00000c6d3d5e5d61
0000000001f5d871
0000000000000181
00000636c827f679
00000636c827f719
00000636c8fd92f9
000006376b21bd59
0000063814dae9f9
00000638c271f359
000006391c207239
000006394f406a99
0000063960a408f9
0000063a12486259
0000063a67cb3459
0000063a9a5db659
0000063ad2bb7bd9
0000063b23b7b1d9
0000063b3c469099
0000063b7b43bf79
0000063bb882e879
0000063c0ed149d9
0000063ce9fe8499
0000063ceccfa9f9
0000063d40f97d19
0000063d429399f9
0000063dd6f52d19
0000063e9cc6b5b9
0000063fca539cb9
00000c7fddc8f561
0000000001f5d871
0000000000000181
0000064024d9ac39
000006404bde3979
00000640c84835b9
0000064140c72699
00000641475dcad9
000006419ea1c799
00000641dd6363f9
000006424aee3159
00000642933c9e59
00000642fff1b179
000006432f1cd259
00000643efd208f9
00000644b3a43339
000006453b4c5399
000006456d54bb79
0000064727e90b19
00000648ac94d819
00000648c3bd0719
000006493c05dab9
00000c927e338c61
0000000001f5d871
0000000000000181
000006494d6e86d9
00000649be2a8ed9
0000064c4681dc59
0000064e678472b9
0000064ee6998c99
0000064fc07c6959
0000064fe23e9b39
0000065009dd2c79
00000651186c5d79
00000651672dead9
000006518d55cf99
00000651dbc0f119
0000065281c93ed9
00000ca51e9e2461
0000000001f5d871
0000000000000181
000006538c4fc8f9
000006551c29df39
000006565eb9d6d9
0000065663c25ed9
000006566f6bd4b9
00000656b31fd639
00000656f9f0b539
0000065771e96e39
0000065862ad1b79
0000065913f4a999
000006591d0de939
0000065a44a97c59
0000065bb674da99
0000065bd1b84019
00000cb7bf08bc61
0000000001f5d871
0000000000000181
0000065c50c68759
0000065c6ceedbf9
0000065ca29fdc59
0000065da8b1be79
0000065e2bd3e659
0000065e335b7579
0000065f2173fdd9
0000065f231862b9
0000065fe11387f9
00000660e3dc3bf9
000006613a9335f9
00000661a896bc39
00000661dfd10e99
000006629ed80139
00000662d1563419
00000662f91f4019
000006630e9e2079
00000663cbdd1b99
00000663fefa8e59
0000066431942219
000006645a8f0499
00000cca5f735461
0000000001f5d871
0000000000000181
000006665eb7f459
0000066662dee1f9
0000066662dee2b9
00000666a95b45b9
00000667c5ae5159
000006685e7a5fd9
00000668678b28b9
0000066942f08319
000006696b16ec59
0000066a8569dcb9
0000066b210d6059
0000066b7c8ad2d9
0000066bb6fce2b9
0000066c1cfff119
0000066ca62cbf59
0000066cd8eb6399
0000066d6e6d14f9
0000066e098aad39
00000cdcffddec61
0000000001f5d871
0000000000000181
0000066f6c490719
0000066fcb0dd9d9
0000067093eeff59
00000671741a8bd9
00000672c3ce7039
00000673487e3059
000006745da6a659
00000674700c1d99
00000675fa592e39
000006765d7b6e99
0000067728324db9
00000677443315d9
000006779ab292f9
00000677bf4049b9
00000cefa0488461
0000000001f5d871
0000000000000181
0000067837bb7219
0000067887a0c479
00000679d142f5f9
0000067aab40c359
0000067ad9ee80d9
0000067af66837f9
0000067b2c96ee59
0000067cf2d11259
0000067da2f68959
0000067e078bd619
0000067f96bed239
0000067fad2aa4f9
00000680445ea2d9
00000680abe13ab9
00000d0240b31c61
0000000001f5d871
0000000000000181
000006812ea32a79
00000682825e6899
000006828bb69c39
0000068293ff3439
000006836e4e8019
000006842d7fa2f9
00000684ad362819
0000068512343879
0000068548648cf9
000006855faec6f9
000006856c15da39
0000068572b6d239
00000685d961ee79
00000685fd0724b9
00000686e6239e59
00000686ffdf6479
00000687e09ad6d9
00000687f5865679
00000688b9677539
0000068998c79ff9
00000d14e11db461
0000000001f5d871
0000000000000181
0000068b08ea2939
0000068b20901c59
0000068b3b38e299
0000068b8426d719
0000068bc912e8f9
0000068ca9e11019
0000068cbd433499
0000068d6b77e8f9
0000068d772ee5b9
0000068e362823d9
0000068eadc57299
0000068eb769a9f9
0000069055ab32b9
000006906effa259
00000690a8e01199
00000691463c6099
000006925602f9b9
000006926f1d9fb9
00000692b9affa99
00000692d6f33bd9
000006933bf9bef9
00000d2781884c61
0000000001f5d871
0000000000000181
000006943d124319
0000069634781959
000006970925e2f9
0000069754d18939
0000069763ec9ef9
00000697bf8a2679
000006999acf6f19
00000699e6c71619
0000069a0fb03379
0000069a2ea3f4d9
0000069a477fabf9
0000069a618d2bd9
0000069ac80a31b9
0000069af45e2ab9
0000069b354bd039
0000069b64ea7519
0000069b7c60e2d9
0000069bf1874999
0000069c8baa1fb9
0000069cd5cc4fd9
00000d3a21f2e461
0000000001f5d871
0000000000000181
0000069d4d6b2b59
0000069d625ba1d9
0000069d65362859
0000069d682525d9
0000069daab0a419
0000069e278fc2d9
0000069e94d4d819
0000069ea170bd59
0000069f0edb4f19
0000069f22c30619
0000069f91aaff19
000006a0edf5eab9
000006a19f3d9359
000006a1a27c3519
000006a1f1617679
000006a32612f819
000006a35d1a80f9
000006a39174fd79
000006a3d215e999
000006a4dc540c39
000006a5601ef2f9
000006a5f6e2e319
00000d4cc25d7d61
0000000001f5d871
0000000000000181
000006a75610fa39
000006a9ae2604b9
000006a9f5124f19
000006aa80e397b9
000006aaadc79939
000006aabfa2bcb9
000006ab03671a59
000006ab2a9e7419
000006ab4b2761f9
000006ac479c83b9
000006ac5339f259
000006ac9e1c1419
000006ad2a7c74d9
000006ad3404c459
000006aea813fc19
000006aefd0517b9
000006af5e87b0f9
000006af5e87b199
00000d5f62c81561
0000000001f5d871
0000000000000181
000006b0454d3099
000006b0882bc899
000006b0bd010eb9
000006b0ec4a1219
000006b1b45a9f39
000006b1fb0ed439
000006b2215c0439
000006b28a0df639
000006b294d5c159
000006b2b3a92499
000006b333c51df9
000006b3a19235f9
000006b3be8fb319
000006b412b55a99
000006b524b23059
000006b5d287b459
000006b5eabf6d79
000006b64eb512f9
000006b658b82ef9
000006b72ce5ae59
000006b80b6c9df9
000006b832857019
000006b875624f19
00000d720332ad61
0000000001f5d871
0000000000000181
000006b90a75d019
000006b92af28b19
000006b9384df2f9
000006b96c079d59
000006b96ce0a259
000006ba273e0679
000006ba41115859
000006ba7c430c19
000006ba9f5524f9
000006baa8898679
000006bb18aed1f9
000006bb5f444659
000006bc81ab9739
000006bf43ac9cd9
000006bf542d12d9
000006bfaf8045b9
000006bfb3ae00d9
000006c00fb9f8d9
000006c0b7f44c59
000006c0bec35779
000006c1071676f9
000006c10d0225d9
000006c245ae5659
00000d84a39d4561
0000000001f5d871
0000000000000181
000006c2d137f2f9
000006c3201fb099
000006c45b241ef9
000006c4b76d04b9
000006c4ee6dc4f9
000006c5c4978cf9
000006c60e6394f9
000006c61ca3cf59
000006c789fde0f9
000006c94dbe0fd9
000006c97d323159
000006c9ddcc7e39
000006c9fc5047d9
000006ca0f9d5459
000006ca98729739
000006ca9a793b39
000006cb37063bd9
000006cb5721c6d9
000006cb9fff4cb9
00000d974407dd61
0000000001f5d871
0000000000000181
000006ccb970cc39
000006cdf336cab9
000006ce8a2b80d9
000006cf4df86cd9
000006cf9f1aca39
000006cfa5f3fd39
000006cfc9cf9f39
000006d053e68eb9
000006d0830285b9
000006d0da33cfd9
000006d190097dd9
000006d259cac1f9
000006d2ad1f8a99
000006d2b49e8cb9
000006d30a8a3fd9
000006d47fd4dcb9
00000da9e4727661
0000000001f5d871
0000000000000181
000006d510838c99
000006d52337bbf9
000006d540809919
000006d566629879
000006d6af7ffb99
000006d6bf149619
000006d742ee9bb9
000006d7e346f519
000006d8fa4a9fd9
000006d99da85c39
000006da960cf719
000006db408fce59
000006db830047d9
000006db902d98d9
000006dbbf81a3b9
000006dc08b51a59
000006dd526995b9
000006dd6ef48639
000006de197a5059
00000dbc84dd0e61
0000000001f5d871
0000000000000181
000006df74b31019
000006dfd107fcd9
000006dfd51a6459
000006e14868b2f9
000006e14bae09b9
000006e21d558bd9
000006e222520c59
000006e2d0bef699
000006e35d78cc79
000006e37130aa39
000006e3904be959
000006e3cd58edb9
000006e3d739fc19
000006e56e65e3d9
000006e69f0a71f9
000006e6d9fa7499
000006e727dbf939
00000dcf2547a661
0000000001f5d871
0000000000000181
000006e8c0cd01b9
000006e900004eb9
000006e906b766f9
000006e9748b5b19
000006e98e545cf9
000006eaa028ac19
000006ed058c0b39
000006ed1b226e99
000006ed4aaffab9
000006ede83e53b9
000006ef0ddfb5f9
000006ef2f6ddfd9
000006ef2f6de139
000006ef64225f99
000006f06a64dd99
000006f07f3daf79
000006f0c9def539
00000de1c5b23e61
0000000001f5d871
0000000000000181
000006f167f280d9
000006f167f28179
000006f194717299
000006f1bce84639
000006f2840db6b9
000006f2a8c5cbb9
000006f2af7441b9
000006f319ac1f79
000006f342903899
000006f36c5ad3b9
000006f385979a39
000006f3d8632879
000006f432c23f99
000006f47a554a59
000006f47fb4cad9
000006f4b5423779
000006f5a8b49b99
000006f5f9e451b9
000006f7e32b2ad9
000006f8a2e380f9
000006f93ba48959
000006f9b1ddcf39
00000df4661cd761
0000000001f5d871
0000000000000181
000006fa596e8cb9
000006fae6e65739
000006fb6e1d62f9
000006fc4b76de39
000006fcfe7ad179
000006fd29a97119
000006fdaa8f3a19
000006fdc03f6299
000006fe02a8b119
000006fe59419a99
000006fec2fa1079
000006ff65110d39
0000070065f4a559
00000700b8795539
0000070162b33a59
000007029fc35c79
000007032ab6d979
0000070342307039
0000070379750ff9
00000e0706876f61
0000000001f5d871
0000000000000181
00000703aeec80b9
00000704c4d183b9
0000070527c72dd9
000007059c056639
00000706454c1a39
00000706e00b78f9
000007071675d619
00000707a1bedc39
0000070804521579
00000708cb1d3679
00000709271b5439
0000070956096639
00000709fce15df9
0000070a2fee2899
0000070aa2ca1199
0000070b88b6dcb9
0000070c9785ed39
00000e19a6f20761
0000000001f5d871
0000000000000181
0000070cfada8ab9
0000070f20ab21b9
00000710e631ac59
0000071119f72999
00000712301b10d9
0000071262466bf9
00000712f1255fd9
00000712ff394239
000007138fb2b839
00000713b96e5639
00000713cfd37f59
00000713e72d0119
00000713fda334d9
00000714b9fcfc59
00000714e8140d99
00000715474bcfb9
00000715b5c0ad99
00000715c8f69579
00000715fedf55d9
00000e2c475ca061
0000000001f5d871
0000000000000181
00000716a1aee519
0000071729f02f59
000007173ac0ab59
00000717f2e9a4d9
0000071935b951b9
000007197c50e359
0000071a331e22d9
0000071a46aa63b9
0000071bb5d53d79
0000071c934b4199
0000071e0475ba79
0000071e20d98d79
0000071f05f5d019
00000e3ee7c73861
0000000001f5d871
0000000000000181
0000071f8f5236b9
0000071fee42e739
0000071fefe748d9
00000720c4be3cb9
0000072136422519
0000072187d43179
00000721afff9499
000007220eecf879
00000722721a8759
000007229a461e39
00000722d25e8d39
0000072379621419
0000072392aad319
00000724ddab6779
0000072589f19e19
00000726526a5319
00000726dd71b0f9
00000726efd02999
000007270bfb2139
00000727180ae579
000007277197d3f9
00000728c1d5d4d9
00000e518831d161
0000000001f5d871
0000000000000181
00000729a7ddd199
00000729ff564df9
0000072a01e4d679
0000072b217ef159
0000072ba51f4679
0000072bacaa47b9
0000072bb0cc1619
0000072bc2088319
0000072bf8ada899
0000072c40c984b9
0000072cb653e719
0000072e5be52d19
0000072e64f41ff9
0000072e74c119b9
0000072f28c11bb9
0000072f713ce659
0000073009e45cb9
000007300c653679
0000073085835f19
00000730bb48cd59
00000730e2095539
0000073129e5f739
00000731d6d25239
00000e64289c6961
0000000001f5d871
0000000000000181
00000732263ee9f9
00000732556d7f39
00000732cf2291d9
00000732df9f9a19
0000073462ef8879
00000735046307d9
000007358737fef9
000007365c4d8759
0000073736bb4db9
0000073760ed5619
000007381eaeba39
000007382c0d8b79
000007387671b1b9
00000738992efc59
00000738b9a1fa79
00000739a6357ab9
00000739a9e664f9
00000739bc0e8ef9
00000739d51520d9
0000073b28dddf39
00000e76c9070261
0000000001f5d871
0000000000000181
0000073bf172bbf9
0000073c33a3b339
0000073dcb28a799
0000073df7c579b9
0000073e542d2f19
0000073e9472fd99
0000073ef1f25319
0000073f50549ed9
0000073f512bef19
0000074090ee7079
00000740a5865919
0000074133122319
000007418b8e0f59
00000741d6f10e39
00000741db0532d9
0000074298f47e19
00000744398ca499
00000744398ca559
00000e8969719a61
0000000001f5d871
0000000000000181
000007466e849cd9
00000746ba0ae559
00000746db4781d9
000007472e1eead9
000007499b827b39
00000749b10b7a39
00000749c833b559
00000749cb8be039
0000074a8c64d559
0000074bdf19a479
0000074c0294c619
0000074cbece64f9
00000e9c09dc3361
0000000001f5d871
0000000000000181
0000074e25b79919
0000074e40109339
0000074e9b1775f9
0000074eaf217ad9
0000074f30227af9
0000074fa4bc7739
0000075221681879
0000075224c56d99
000007527f4eae79
000007546570d059
000007554473a6b9
000007558dd841d9
00000755d7d6dbd9
00000eaeaa46cb61
0000000001f5d871
0000000000000181
0000075773ee0699
0000075796edf619
00000758b41ebb79
00000758ec999079
0000075944bcbfd9
00000759a1d568b9
0000075a0a40b519
0000075aa308a7b9
0000075ac5d53c99
0000075b3124a239
0000075bb84444f9
0000075bec268819
0000075c6fcdf979
0000075cdf707799
0000075e5188f4b9
0000075eb75e1c39
0000075ee92a8399
0000076049d2d2d9
00000ec14ab16461
0000000001f5d871
0000000000000181
00000761680ca7b9
00000761bb7af0f9
000007623e1b8159
0000076248c80979
000007625a641539
000007630276e0d9
000007634f70a739
0000076393f54379
00000764393cfad9
00000764481adeb9
00000764c53f8b99
00000765daecb9b9
000007662bba1819
0000076811c8ad99
0000076823539dd9
00000769037ece19
000007694c82da99
000007698c302f79
00000ed3eb1bfd61
0000000001f5d871
0000000000000181
0000076cd055dd19
0000076cfed0ddd9
0000076d2b747f19
0000076e4a3e2679
0000076e9ee98d59
0000076ecc8edb79
0000076f3c392e59
0000077050db1619
0000077066399259
00000771a6379379
00000772bb43b6d9
00000ee68b869561
0000000001f5d871
0000000000000181
0000077401d34779
000007745077ccd9
00000774ba86f719
000007752c00f859
000007754c4423d9
0000077551221c79
0000077775f17b99
00000777794d09b9
00000778560f8cd9
00000779eb79ca39
0000077a775df5d9
0000077af9885bf9
0000077b4fcc0399
00000ef92bf12e61
0000000001f5d871
0000000000000181
0000077cbe0fb139
0000077dd020c139
0000077dd7ee62f9
0000077dfa91ac79
0000077dfde65bd9
0000077e0bf54d19
0000077e78016b79
0000077ed9980ab9
0000077f0671f039
000007813efba7f9
000007817e9d6059
0000078268e92bb9
0000078268e92c79
0000078369f85859
000007838b7ca3b9
00000783908a1fd9
00000783a3922df9
00000783fa7a71d9
000007856dfdce19
00000785dc3a87f9
00000f0bcc5bc761
0000000001f5d871
0000000000000181
000007868301a239
000007868301a2d9
00000786ddcd53f9
000007875d6dbb59
000007875d749199
000007876b9b8559
00000788490c75f9
00000789ca529439
00000789e858d499
0000078a7dffe0b9
0000078b33c355b9
0000078b5f068d19
0000078c617e02d9
0000078c81ea0cd9
0000078cb10961f9
0000078e0f7bf239
0000078e8408a6b9
0000078e9737af19
0000078ecd53b5f9
00000f1e6cc66061
0000000001f5d871
0000000000000181
0000078f45a84c99
0000078fddc44f79
000007908aca1279
00000790d0715279
000007919ddea8b9
00000791d3d02dd9
000007927b7a0239
0000079293b52299
000007930ee327b9
0000079348d72839
00000794580c0879
00000795af4ba6f9
00000795b0079d99
00000795bcd34cd9
00000f310d30f861
0000000001f5d871
0000000000000181
00000798df432cb9
000007997df2ac19
00000799fc0d8e39
0000079a28edf4f9
0000079bcc517d79
0000079d0a16ff59
0000079e3c935359
000007a0c2c57e79
000007a0f13993d9
000007a1a4f0ad19
00000f43ad9b9161
0000000001f5d871
0000000000000181
000007a20ff78b79
000007a2ca381f99
000007a32aade019
000007a3806be6b9
000007a442bd3b19
000007a4b8ceded9
000007a4bc254d19
000007a4f6523e39
000007a4fc2b2c59
000007a50f494259
000007a5321dbff9
000007a731ae69b9
000007a76c82e2d9
000007a7f04ad1d9
000007a80c8e2759
000007a84de49639
000007a860a4ed39
000007a93b363479
000007a9d44b6819
000007a9fc32e3d9
000007a9fc39b9f9
000007aafdac03b9
00000f564e062a61
0000000001f5d871
0000000000000181
000007ab805349b9
000007acdc305d39
000007ad46e12f99
000007adf60639f9
000007af41abb279
000007af731d0799
000007b01ba9a2b9
000007b0eecf0159
000007b0f2da9ff9
000007b1e90ce2b9
000007b254fbbc99
000007b2c93715b9
000007b4070aa5b9
000007b41b2c7479
000007b42d5b3af9
00000f68ee70c361
0000000001f5d871
0000000000000181
000007b50edf5059
000007b59e226a79
000007b623051dd9
000007b6f07b7fd9
000007b802f0d959
000007b814989af9
000007b88d4ba499
000007b8db9ec799
000007b8db9ec859
000007b995e0f1b9
000007ba0d8399f9
000007ba8847d159
000007ba95af18f9
000007bad83f7d19
000007bb5e5f1b19
000007bc3fffe079
000007bd73d9fc39
000007bd89a1bd79
00000f7b8edb5b61
0000000001f5d871
0000000000000181
000007be89019979
000007bec5594ef9
000007bf2dd238b9
000007bf463137b9
000007bf59391299
000007bfd4341419
000007c072828a59
000007c0967ce439
000007c12f6c8df9
000007c14f3cc079
000007c214d36219
000007c2870966b9
000007c289ed55d9
000007c2d1454619
000007c2f4fa1119
000007c317000f79
000007c3a6357dd9
000007c3d17376d9
000007c3f2fae739
000007c4a26fdf99
000007c5e3c066d9
000007c5ea75bb99
000007c66f32d4d9
00000f8e2f45f461
0000000001f5d871
0000000000000181
000007c727518b19
000007c78fc02199
000007c7f9145bd9
000007c9a7cc1e79
000007c9b5744139
000007c9ca6eacd9
000007caa0bafc59
000007cb9237b3f9
000007cbf55d24d9
000007cc42ca2439
000007cc923501d9
000007cd56bc8339
000007cd6d7f39b9
000007cd7c8580f9
000007cdd085fdd9
000007cdedd37b99
000007cdf2e61759
000007cf03df52f9
000007cf623d3b99
000007cf74949ed9
000007d0415259b9
00000fa0cfb08d61
0000000001f5d871
0000000000000181
000007d1202b59f9
000007d22a6fb6b9
000007d322fbca99
000007d58a3036b9
000007d5d25cb8f9
000007d6297165d9
000007d6cdc3e159
000007d6cdc3e8b9
000007d6cdc3f839
000007d6f4392d19
000007d892c14eb9
000007d97d694139
000007d98dbcea79
000007d9997c4fd9
00000fb3701b2661
0000000001f5d871
0000000000000181
000007da0b497c59
000007db8eddf6b9
000007dc245ebd19
000007dd7f3f53b9
000007de0a089499
000007de990eafb9
000007deb009f6f9
000007df34313099
000007df702b5039
000007dfb035f3f9
000007e09e53dff9
000007e23bec1739
000007e250367b79
000007e250367c19
000007e25affcd79
000007e29eca7459
00000fc61085bf61
0000000001f5d871
0000000000000181
000007e351981ed9
000007e43ffb9779
000007e4cc7fb699
000007e5040cd599
000007e53d32f739
000007e657039f79
000007e6be5682b9
000007e708feac79
000007e86a2483f9
000007e87ad97279
000007e8bae61b39
000007e8d6061a59
000007e91d14d739
000007e99b459ad9
000007e9f80272f9
000007eba36b0239
000007ec00d0beb9
000007ec031e4159
000007ec0da2fb39
00000fd8b0f05861
0000000001f5d871
0000000000000181
000007ec8879c539
000007ecbd56f3f9
000007ed03f70e99
000007ed0a1e82b9
000007ee08d24159
000007eed40f3c39
000007ef7f815099
000007f090dfbe59
000007f0ea77d5b9
000007f11e9c5eb9
000007f190bdddb9
000007f19ff58dd9
000007f1c25dfe59
000007f2081279b9
000007f395636e19
000007f3ac31d6b9
000007f3e7fc4299
000007f427c67df9
000007f45f078679
000007f4dbf46979
000007f5823d8ff9
00000feb515af161
0000000001f5d871
0000000000000181
000007f647009cf9
000007f796ab15d9
000007f8b996cd39
000007f9035d7bb9
000007f9035d7c79
000007f94270ae99
000007f98fa90579
000007f9d6cede39
000007fa0d25fdd9
000007fa3a623e99
000007fa5caf99d9
000007faf239a919
000007fb99130ef9
000007fc1017bad9
000007fc6e0c02b9
000007fccb12e079
000007fcce701af9
000007fcfd8a82d9
000007fe03785df9
000007fe4555cd39
000007fe79a18db9
00000ffdf1c58961
0000000001f5d871
0000000000000181
000007feff503ab9
000007ff16f12379
000007ff47a40199
00000800b2250359
000008018dee4ef9
000008023cde78f9
00000802f55ce839
0000080379447fb9
00000803bbfab079
00000804958f2f79
0000080547bac179
000008056dcbc7d9
00000805a2c41799
00000805cdb78c19
00000806d233a579
00000807e302e6b9
000008083b6ab159
0000101092302261
0000000001f5d871
0000000000000181
00000808972f5c79
00000808a550c419
00000808dc01dd39
000008098a5a7819
0000080a0a1ec379
0000080f1da2fa19
0000080f2521d499
0000080f350d2f79
0000080f9bbf3819
0000080fa6ccbc19
0000081062bdbdb9
00000810a1bad939
00000810e88f69d9
0000081172a4cb59
00001023329abb61
0000000001f5d871
0000000000000181
00000811a5f016b9
00000812408ebd79
00000812fcfcfa19
0000081350495999
0000081462cc4e19
000008154ff296b9
000008157e2eef99
00000815cb2b4739
000008182283fc79
0000081884ffe5f9
0000081958d046d9
00000819693de379
0000081992bc5b79
00000819af1436b9
0000081a4acd90b9
00001035d3055461
0000000001f5d871
0000000000000181
0000081b8908bc59
0000081ba635b459
0000081c2cff1e79
0000081c52b08cf9
0000081c52b08db9
0000081cc31931b9
0000081cd91e3a59
0000081d3a564799
0000081e7fc78fd9
0000081f46487ad9
0000081ffb04e219
00000820a53675b9
00000821fc13e099
00000821fdd02479
000008222451d3d9
00000822c30f1539
00000822c58e2bd9
000008235b16d959
000008235e58c659
00000823642768d9
0000082379dfd9f9
00000823e0c15a99
00000823f7545bb9
00001048736fed61
0000000001f5d871
0000000000000181
0000082497f46bf9
00000826185742f9
000008263c3b7b79
0000082670416dd9
00000826b5406eb9
00000827144e5d59
0000082841f93619
00000828aa1e75f9
000008294b0fe739
00000829ad7cac39
0000082b0bef2a39
0000082c0d949919
0000082cc531d4d9
0000082ce2c86f79
0000105b13da8661
0000000001f5d871
0000000000000181
0000082e0dfe86b9
0000082ed60fc499
0000082ed8a1a559
0000082ff9f31e79
000008302b0261d9
000008315a43bd39
00000832150c2959
0000083239c28c99
0000083286b1e4b9
00000832d97053d9
000008331da8c319
0000083407b41a39
000008346edb29b9
00000834cfeef219
0000083595887d59
00000835e8ee6019
0000106db4451f61
0000000001f5d871
0000000000000181
00000838e5667359
0000083974dc0ad9
0000083a5a446739
0000083ac024bf79
0000083b23d49cb9
0000083b6aac6ed9
0000083b6c5cc819
0000083c0c4c8f79
0000083cf842b0d9
0000083ed306b6d9
0000083f0269fdb9
0000083f36c2fed9
0000083fd3482fb9
0000084025747919
0000108054afb861
0000000001f5d871
0000000000000181
000008406d26fb39
000008407bfddb59
00000840c5d29bb9
00000840db286bb9
000008415415dad9
00000841e533a459
000008424716d1b9
000008429dce59d9
00000842b0d831d9
000008434b919879
00000844b6391b19
00000844fc709e59
00000845557b4fb9
00000845c2506ad9
0000084636a646b9
0000084659a437f9
000008465a841619
00000846a126d799
000008476a6d70b9
000008480a56efd9
000008485cca7f99
00000848cd074379
0000084902a087b9
00001092f51a5261
0000000001f5d871
0000000000000181
00000849cf3579f9
0000084a65b72979
0000084a67582799
0000084b172757f9
0000084b613adcd9
0000084b783a0159
0000084c6157c8f9
0000084d3ff54279
0000084e20e35019
0000084e4c5b8af9
0000084e97dcce79
0000084ea371c119
0000084eddcfdd59
0000084f61240ed9
0000084fbae8fb59
000008500c7132b9
00000850d0b0e619
00000851b94637b9
000010a59584eb61
0000000001f5d871
0000000000000181
00000853f21e0b79
0000085419ea8499
0000085485899c79
00000855212ce399
0000085582486419
00000855ecfa04d9
000008563466eab9
0000085706ce02b9
000008572736a919
0000085787867fd9
00000857981661f9
0000085814d21c99
000008582a8759d9
00000858a4b64559
00000858a938ad39
00000858e1a7aad9
00000859470f2939
00000859deadda59
0000085b4d6062b9
0000085b69ce24d9
0000085bbfc0f8b9
0000085bf440bff9
000010b835ef8461
0000000001f5d871
0000000000000181
0000085c7159b5b9
0000085d15e52c79
0000085e39270d79
0000085e53fe0579
0000085f33573919
000008603779a799
000008607e15cd39
000008609f86e4f9
00000860e4731019
000008612dcbbc39
0000086136d3d239
0000086168e3ecf9
0000086222043c99
000008628f49a519
00000862974b5259
00000862b03d21f9
000008633cd87279
0000086434a2b939
000010cad65a1d61
0000000001f5d871
0000000000000181
00000868df8a1959
00000868df8bced9
00000869a8520f19
00000869b4008dd9
00000869f80cb5b9
00000869f8f36879
0000086a9f6aa959
0000086aec9003f9
0000086b1e84fd39
0000086dee126739
0000086e329f7099
0000086e4a598619
0000086e978c9599
000010dd76c4b661
0000000001f5d871
0000000000000181
0000086ecf555a39
0000086eebbac6f9
0000086fc4de4959
00000872ae3d0059
0000087398fbdd99
0000087427736579
000008746fe06fd9
000008747e25e4f9
0000087580f4cb39
0000087674083e79
00000876d1596db9
00000876eb356879
000008771ab70d79
00000877de343cf9
00000877df0b8e79
00000877e67ce939
000010f0172f4f61
0000000001f5d871
0000000000000181
0000087866f837f9
000008794e01bbb9
0000087a74d403d9
0000087a952b7b39
0000087aea4a03d9
0000087b2d002c99
0000087bf6cb55b9
0000087c94f81bb9
0000087cfbc55719
0000087d1089c0f9
0000087dbe8851f9
0000087e0913c4b9
0000087f6b0395f9
0000087f9a0bda99
000008803c3b30b9
000008809f5d07b9
00000880c4169df9
00001102b799e861
0000000001f5d871
0000000000000181
00000881dba05bd9
00000881de16ef39
00000882413c4439
00000882416f87f9
00000882d5d64c99
00000882f44ed899
0000088330c1f799
000008833f484c19
0000088368558db9
0000088429298fb9
000008846449fe59
00000884b8b1a539
00000884ce9eda39
000008850a6a18d9
000008854d67d2b9
000008866f8c4939
0000088727248db9
0000088731f82e59
00000887a89fef99
00000887aef91479
00000887ea6bc199
000008882bd3edd9
000008885e322a39
00000888864247b9
000008894dd5e959
000008895ecd4219
000008898581f299
00000889b98b2339
0000111558048261
0000000001f5d871
0000000000000181
0000088b48fcf9f9
0000088b7666f9f9
0000088b9e0ff719
0000088c802acdd9
0000088c8e976a59
0000088dd45b9cb9
0000088de5251119
0000088e1d95f4b9
0000088e5a1afab9
0000088e84e3ea59
0000088f69812bf9
0000088fe62a6d39
0000089055ab2df9
00000890f84c3eb9
0000089145d18079
000008914f139499
000008917b787419
0000089230552259
0000089270561659
0000089270561719
00000892b77bb9f9
00000892c7b24599
00000892e67c9a59
00000893139714f9
0000089350853e99
00001127f86f1b61
0000000001f5d871
0000000000000181
000008953a031979
00000897d62107f9
00000897eff28e39
00000897fd788239
000008984731ce79
000008992caec659
000008999f1ca399
00000899bfb30479
00000899fe59a7f9
0000089afbcfd979
0000089be99c7439
0000089c73404c19
0000089c938bf4d9
0000089cabf82dd9
0000089d4a79b1b9
0000113a98d9b461
0000000001f5d871
0000000000000181
0000089dbd7e8f59
0000089e262319f9
0000089e2b282439
0000089e5f03ab59
0000089eaea852f9
0000089ebcebf8b9
0000089fa4604fb9
0000089fbfd2e499
0000089fd173e819
0000089fffc63fb9
000008a04089c979
000008a076d85ab9
000008a10982c5b9
000008a1a7a56779
000008a26792f1b9
000008a2ee6ea139
000008a366ef36f9
000008a380e7f419
000008a3fc594119
000008a406968939
000008a49b422879
000008a4a796ecd9
000008a4d0098c99
000008a4da16e199
000008a602725d79
000008a653f6f8b9
0000114d39444d61
0000000001f5d871
0000000000000181
000008a92ff60039
000008a9bff1f7f9
000008a9c41a8cd9
000008aa13549c19
000008aa3086cc39
000008aac939b2b9
000008ab112c7359
000008ab7d1490d9
000008ab922f89d9
000008ab94a610d9
000008abb1ecab99
000008ac4c8b3cd9
000008ad0e3664f9
000008aee8a862d9
000008aef0f47359
000008af87a393d9
000008af9431c379
000008afbdfaabd9
0000115fd9aee761
0000000001f5d871
0000000000000181
000008b0ee872ff9
000008b1035a94b9
000008b16b7b5959
000008b16cd7efd9
000008b1cb2cb1d9
000008b27dc3fad9
000008b2b0783ff9
000008b5009e9d39
000008b51220ed79
000008b52523a719
000008b550a3bad9
000008b5d346ba59
000008b6132963f9
000008b6e016bbb9
000008b7ab371459
000008b8675dbeb9
000008b89dafc459
000008b8f7872279
000011727a198061
0000000001f5d871
0000000000000181
000008b95f4ed9d9
000008b9f3d03239
000008ba44360c79
000008ba5a0d0f99
000008bb4c3d5759
000008bc0b4421d9
000008bd736d6659
000008be3c58c779
000008bfaea0a039
000008c003580399
000008c04d8d9159
000008c054c66679
000008c0d168aab9
000008c196546339
000008c1bde5a359
000008c1d714a9b9
000008c202d515d9
000008c24cde3d59
000011851a841961
0000000001f5d871
0000000000000181
000008c359bceed9
000008c57c2bfcb9
000008c5b29fe139
000008c5c1007ab9
000008c623e56399
000008c70c716c59
000008c7175b4c19
000008c81a7f2fd9
000008c899489a19
000008c925996a79
000008c9e54904d9
000008cb95f9c4f9
000008cbafd8f7f9
00001197baeeb261
0000000001f5d871
0000000000000181
000008cbfe9e1899
000008ccc6cd6579
000008cd513270b9
000008cd68e0e079
000008cf8c789979
000008cf8c789a39
000008cf9763f899
000008d0678277d9
000008d1480b2539
000008d18c086b39
000008d1aa7be259
000008d1eb3d3839
000008d22dd7dc99
000008d23567e0f9
000008d25a1ad7f9
000008d36160f1b9
000008d3feec74b9
000008d48d111d79
000008d49c551959
000011aa5b594c61
0000000001f5d871
0000000000000181
000008d554b90b79
000008d6e9efcad9
000008d7a829edb9
000008d84a273879
000008d922cdaab9
000008d9235d3379
000008d9a487ad19
000008d9b20daed9
000008da07771819
000008dac1abfdf9
000008db9afb7bb9
000008dc4404c0f9
000008dcb8cfff59
000008dccdbeb1d9
000008dd4ddaf8d9
000008dd4eaedc79
000008dd71f3f3f9
000011bcfbc3e561
0000000001f5d871
0000000000000181
000008ded851af39
000008dedd6ccfd9
000008e01926ff99
000008e06c5c0639
000008e09d3e64b9
000008e17efa8cd9
000008e1b1316ed9
000008e337244bf9
000008e4c09eaa99
000008e6a19da299
000008e6a5d3dad9
000008e6a6a29bb9
000008e6f9c18f59
000008e732ac1859
000011cf9c2e7f61
0000000001f5d871
0000000000000181
000008e7dab20339
000008e8a7200319
000008e8ce5751b9
000008e950614859
000008e9a8831259
000008e9c63c2539
000008e9f40986f9
000008ea3a6ab079
000008ea3b5314d9
000008ea5de4efb9
000008ebb54eb939
000008ebc4706ff9
000008ec389740b9
000008edee176b39
000008ee9f24b639
000008eeeafb1bd9
000008ef2fb945f9
000008ef5ee7ea79
000008effb721319
000008f0d5022679
000008f0faceb199
000011e23c991861
0000000001f5d871
0000000000000181
000008f160e4bb19
000008f163efec19
000008f20ae8fef9
000008f2b6fde7d9
000008f2fbb75c39
000008f34cb28379
000008f4e85c6db9
000008f4ff074d79
000008f5f72c6f79
000008f62a2ef0d9
000008f6abea9a79
000008f7567a20b9
000008f78c05cff9
000008f7edee52b9
000008f915f5d0b9
000011f4dd03b261
0000000001f5d871
0000000000000181
000008fa9864d119
000008faece279d9
000008fb137574f9
000008fb701359b9
000008fba3132979
000008fbb1eb7259
000008fbb621a6f9
000008fc0e195f79
000008fc26aead79
000008fca22120d9
000008fcb4a54c39
000008fd377de299
000008fda2d97a19
000008fdd6c27a79
000008ff01191af9
000009009aa0d139
000009016dcb63f9
000009018b4a4ab9
00000901c767aef9
00000901dd39b0b9
000009020a75fcb9
000009034a53fe59
000009036af3a699
000012077d6e4b61
0000000001f5d871
0000000000000181
00000903cfaf4ed9
00000903e5753ef9
000009049f7cac19
00000905a95f4719
00000905af3b7d99
000009065ac92c79
000009071dc9ae79
0000090753a6edb9
000009076f831eb9
00000907a2c0e2d9
00000907c7eaadb9
00000908b5a537d9
00000908bb6ea3b9
000009091fb7caf9
000009093e0bf3b9
00000909cac43db9
00000909f0af6359
0000090b06c47b39
0000090b62a62959
0000121a1dd8e561
0000000001f5d871
0000000000000181
0000090d189da419
0000090d93bf6099
0000090dba7febf9
0000090dbb276399
0000090dd8c51c19
0000090e8f99be79
000009109ffabf79
000009115d4b0319
00000911913af6d9
00000913af8619b9
00000913bf9399f9
00000913e8aa8f39
00000914b1bdc3f9
0000122cbe437e61
0000000001f5d871
0000000000000181
000009166f7cfe39
00000916d3a231b9
00000916d3a23279
0000091771f30e19
00000917f65b95b9
000009191ed8eaf9
0000091971ee3339
0000091980302839
00000919993153b9
00000919d50b1459
0000091a582af499
0000091abda6c219
0000091aef1e35b9
0000091b3f0a8499
0000091b7d11f699
0000091b957e3cb9
0000091c0fdcaff9
0000091c5b8a4699
0000091c8c0a5399
0000091d58b3c6d9
0000091d89e79db9
0000091dbdca1bf9
0000091dd060de99
0000091e28dcd859
0000123f5eae1861
0000000001f5d871
0000000000000181
000009203ebd5e79
00000920bea55d39
00000920cdbeac39
000009213e69e499
00000921a2f81899
00000922c15cd039
000009236b116079
000009237af7af19
00000925ab435119
00000926efd16df9
00000928d4b8a0b9
00001251ff18b161
0000000001f5d871
0000000000000181
000009295d390f99
0000092966558a59
0000092969b7d979
0000092a0480b0d9
0000092a5cca0279
0000092a9ec09639
0000092aad1db419
0000092aebe7eeb9
0000092b48c64499
0000092baed58579
0000092bd2e7aeb9
0000092c002b02d9
0000092caa4f4239
0000092d38a2c0f9
0000092d91cec419
0000092d97bddc39
0000092ffa06b699
000009312519f719
00000931652eb1b9
00000931e2a88979
00000931e88698d9
000012649f834b61
0000000001f5d871
0000000000000181
0000093299bd2bd9
0000093366f19fb9
00000933936b0559
00000933a7933b59
0000093450383939
0000093466ebecb9
000009352d10bed9
000009359746f519
00000935c984fd39
00000935fac7d9f9
0000093608269c59
0000093648625b59
0000093717534e19
00000937690de379
000009383fb40999
0000093853b1bad9
00000938bef06899
00000939a944c519
00000939d27c0cd9
0000093b08c86d99
000012773fede561
0000000001f5d871
0000000000000181
0000093be0559939
0000093c7464f3d9
0000093d00537059
0000093d49ff3e99
0000093dde1b5f79
0000093e347c72f9
0000093e79107039
0000093ede596439
0000093fb529f499
0000093ffaa4a699
000009414fdfcbf9
000009432efda8f9
00000943a84b4959
00000943d1627b79
00000943d234aa19
00000943db5485b9
000009446c16c719
000009449d827179
00000944bd8df639
00001289e0587e61
0000000001f5d871
0000000000000181
0000094510009b59
00000946eeb97e79
000009471aed4a19
000009473229def9
0000094787a62d59
0000094791824c39
000009487e0ef799
0000094896fdcdd9
000009491e090e99
00000949c913f619
0000094a268697b9
0000094a3ab67a99
0000094a4a7e72b9
0000094b09d391b9
0000094b27a52cd9
0000094c56df61d9
0000094d380ff619
0000094d89139d59
0000094def11eff9
0000129c80c31861
0000000001f5d871
0000000000000181
0000094e6ef15d59
0000094effd8d939
0000094ffef4db79
000009516aa8ae79
0000095188fc4059
0000095288e57279
00000953e1de3539
00000954566df3d9
0000095490865379
00000954f4ebf719
000009561c1f5f79
0000095662daccd9
00000956be34ea39
000009574d514659
0000095751a2ec99
000012af212db261
0000000001f5d871
0000000000000181
00000957ddfb5679
000009589ff74259
00000958d197a6b9
00000959a2a6ac99
0000095ab8a76419
0000095acd728679
0000095bdfa10c99
0000095c6a4bc899
0000095db61fd119
0000095dbcbd4fd9
0000095e94400d59
0000095ffc869a79
000009606439ceb9
000012c1c1984c61
0000000001f5d871
0000000000000181
00000961c71a1259
0000096438defef9
000009643e9e58b9
00000964d5477fb9
00000967e7978bb9
0000096884cb6119
00000968d0028239
00000968d00282f9
000009697285c9b9
00000969a1aa3a99
00000969d00f4579
0000096a264b16d9
000012d46202e661
0000000001f5d871
0000000000000181
0000096a9f3500d9
0000096b88e1b399
0000096c6bfb1fd9
0000096cbaa3b639
0000096d01190c79
0000096d4f2f7cd9
0000096fab631759
0000096ff4ee7159
0000097020fb9019
000009708919d579
00000970a8b06b39
00000970a8b06bf9
00000970df4b8619
00000970fed621f9
00000971df08b4d9
0000097214aef719
0000097291503fb9
00000972dc0825f9
0000097308f4e8b9
00000973785a59b9
000012e7026d7f61
0000000001f5d871
0000000000000181
00000973922727d9
00000977f9d90d99
000009783661b699
000009784e7c5c79
0000097862812e19
0000097886f20019
00000978b59cb1d9
00000979e0ddf879
0000097afbd84679
0000097c6399c9d9
0000097c6983e879
0000097cb2426079
000012f9a2d81961
0000000001f5d871
0000000000000181
0000097d5887b0b9
0000097d7cfa13b9
0000097e2372dc19
0000097e24435cd9
0000097f1ddba7d9
0000098014946959
0000098123199bd9
000009816ec8baf9
000009818bea6499
00000981cc9cf079
00000981d5b46959
00000983bd427479
0000098494b0c519
00000984d9d27359
00000985a1e696b9
0000130c4342b361
0000000001f5d871
0000000000000181
0000098635dbc779
0000098755927479
000009879304d5d9
00000987a88a6cd9
00000987f02df459
00000988abe44019
00000988ffef2219
000009891483cfd9
000009893b7c8bd9
00000989d6a7e419
0000098a0bce7359
0000098b4278c339
0000098b46a32839
0000098be1eb8b19
0000098bfa049939
0000098c56179339
0000098c81fd7b19
0000098e63d84d99
0000098e88441cb9
0000098e8b9df679
0000098ea1422299
0000098ead983139
0000098ec8c41b19
0000098f2cc7c2d9
0000131ee3ad4d61
0000000001f5d871
0000000000000181
0000098fbb81e719
000009905c1b51f9
000009913cd44a79
0000099159365c39
00000992b95a8059
00000992f890f599
00000993417bc119
00000993e833ce19
00000993f7c90c79
0000099401bf6ef9
000009940c411a59
000009943e236f59
00000994e555c979
0000099507e1d859
0000099507e1d919
000009950b368cf9
00000996a3f1c4d9
000009970bfa5599
000009972c86c3f9
00000998033720d9
000013318417e761
0000000001f5d871
0000000000000181
00000999b56d19d9
0000099a129bc6d9
0000099a4211ce59
0000099b737f2859
0000099c4528af39
0000099c62780e19
0000099caf089759
0000099d1325bbf9
0000099e09a0ff99
0000099e0dceb819
0000099e11177f59
0000099ea4cfac19
0000099ea6725579
0000099f178d83d9
0000099fa4b5ad39
000009a0b5805659
000009a138caf439
000009a185c82199
0000134424828161
0000000001f5d871
0000000000000181
000009a2b1838d59
000009a312f32f39
000009a32e69c7b9
000009a361c31bb9
000009a3814f51f9
000009a3b5847fd9
000009a40499b8b9
000009a46b232199
000009a479f6c8d9
000009a4bb56b0d9
000009a5083d9b59
000009a6309d8559
000009a69e52ceb9
000009a6a8ff6139
000009a74cbce119
000009a866441e99
000009a866b32dd9
000009a984841dd9
000009a99bf92039
000009a9d116f579
000009aa096e01d9
000009aa401edc39
000009aa8bfe0e39
000009aaad5b0519
000009ab096f9e59
00001356c4ed1b61
0000000001f5d871
0000000000000181
000009ac4db6fb79
000009acdfeae819
000009adbfb98059
000009ae21f508d9
000009ae5917de79
000009af156822d9
000009af85d686b9
000009b05e6eff99
000009b19f3fd159
000009b1e17014f9
000009b2ef6def99
000009b3a6f7f599
000013696557b561
0000000001f5d871
0000000000000181
000009b4f9b29879
000009b61b3c7519
000009b6955e8ff9
000009b7308f2dd9
000009b74f51bc39
000009b783a76699
000009b7a8e05b39
000009b7d88a0099
000009b7f5267519
000009b81f4e7e59
000009b825db1d59
000009b847161a79
000009b8731df0b9
000009b8943bc979
000009b8b715fa79
000009b914005239
000009b930fe50b9
000009b979166439
000009ba29d1a7b9
000009ba97b4a219
000009bac3010d19
000009bb2fff9ad9
000009bc2e10b6f9
000009bcbff34179
000009bd3484a2f9
000009bd3a56dc99
000009bd3e7dd579
000009bd94d3e319
000009bdfa041739
0000137c05c24f61
0000000001f5d871
0000000000000181
000009be163679d9
000009be4c4171b9
000009be54709f19
000009be9b04e079
000009bf51ef6359
000009bf58958e79
000009bf5bd780d9
000009c019136259
000009c1d9b294b9
000009c213982839
000009c223653a59
000009c280017439
000009c28abf2c39
000009c363afca99
000009c3ee6ee959
000009c544160159
000009c555ba9e39
000009c60b467859
000009c68f16a519
000009c70d0a8cd9
0000138ea62ce961
0000000001f5d871
0000000000000181
000009c833ff9179
000009c8c2c929d9
000009c8e5b2b719
000009c968bb0e19
000009ca0221b779
000009ca1ad896b9
000009ca1ea0b8b9
000009cb53e171f9
000009cc79b79199
000009ccc0fb2a39
000009ccc854b1b9
000009cccdca8f59
000009cceb594b79
000009cced107ff9
000009cdb3d90ff9
000009cdeb4d0099
000009ce76a10b39
000009cf001d3f99
000009cf123ce119
000009cf345b0a59
000009d0a0b9af39
000013a146978361
0000000001f5d871
0000000000000181
000009d13ea68739
000009d146037539
000009d20c7fcd39
000009d269294d99
000009d3d6a535b9
000009d3f60a3c59
000009d43c2e5b99
000009d459552e19
000009d47c21a599
000009d49fb2ea19
000009d5aeb95379
000009d61c45d3d9
000009d631ea11f9
000009d7d57fa5f9
000009d951382719
000009d9c91691f9
000013b3e7021e61
0000000001f5d871
0000000000000181
000009da85fbf3f9
000009dafdd9ce39
000009db18662219
000009db4604ebb9
000009dbd5c09c99
000009dbf1d60f99
000009dc1565a4d9
000009de3da7e3b9
000009de5e0123b9
000009def390bfd9
000009df1ec64ef9
000009df4edd2bf9
000009df605a57d9
000009df6da2eeb9
000009dff5a610d9
000009e03898e559
000009e07630b499
000009e076378999
000009e1708bd479
000009e22b2d4519
000009e32d753f79
000013c6876cb861
0000000001f5d871
0000000000000181
000009e3a4387df9
000009e4a892beb9
000009e53130a339
000009e6283e91b9
000009e664ee06f9
000009e6a99961b9
000009e6b3bb75b9
000009e779df15d9
000009e7d30676f9
000009e8147bd1d9
000009ea56c434f9
000013d927d75261
0000000001f5d871
0000000000000181
000009ed403dd2b9
000009edfdbf7479
000009ef36c87619
000009efa77512f9
000009efc3d72f99
000009f003a17599
000009f1e5b70039
000009f216d8a2f9
000009f272ce2c79
000009f319bca839
000009f332acbcf9
000009f3f0922719
000009f3fd34f659
000009f5b86fc159
000013ebc841ec61
0000000001f5d871
0000000000000181
000009f6ca4d3159
000009f71842ce39
000009f9cb7b1e39
000009fa5c708939
000009faae77f079
000009fb7679b1f9
000009fb86321b99
000009fbe3981d39
000009fbfe593a79
000009fc534da119
000009fc8c1bb9b9
000009fdd0323b79
000009fe62e1eb59
000013fe68ac8661
0000000001f5d871
0000000000000181
000009ffc9fcc5f9
000009ffe4c47f99
000009fff994a959
00000a00e7f389f9
00000a015beade19
00000a01804ca8d9
00000a027fee6819
00000a039d0afaf9
00000a03d27ff8b9
00000a044c581a79
00000a04c29f8699
00000a051978e419
00000a05449172b9
00000a05fe90d399
00000a0608c31f19
00000a0621bf5679
00000a06a87cf199
00000a0755589f39
00000a0797cc7079
00000a080b792bf9
0000141109172061
0000000001f5d871
0000000000000181
00000a088960e5b9
00000a088989ea59
00000a088989eb19
00000a08b6894359
00000a094ca08d79
00000a0a519e6c19
00000a0a8ae4d5f9
00000a0b21effd39
00000a0b65fe32d9
00000a0c7fb60ab9
00000a0d3b265f39
00000a0e30bb4c19
00000a0e60898c39
00000a0e72b55eb9
00000a0e90d940b9
00000a0f133f7cd9
00000a1019fb4bd9
00000a10c7f86fd9
00000a114370c8f9
00001423a981bb61
0000000001f5d871
0000000000000181
00000a120aeb0d39
00000a1473d95959
00000a151393d8b9
00000a151c6f80d9
00000a152f8c14d9
00000a15ec0d79f9
00000a1671a5ce79
00000a174beed419
00000a17ad9c1099
00000a1882189cb9
00000a19326069d9
00000a1978ad5619
00000a1a1b9f1c99
00000a1a4ba51e39
00000a1a50b10819
00000a1a8c988f59
0000143649ec5561
0000000001f5d871
0000000000000181
00000a1b7428b4b9
00000a1c2260e1b9
00000a1c95120279
00000a1cd654d4b9
00000a1cf28acb79
00000a1d5c938279
00000a1dd32cb919
00000a1dda3e7f99
00000a1ebd4dda59
00000a1fd6299a59
00000a208c5c6519
00000a20a5acb1d9
00000a21664e3619
00000a218335ea59
00000a22310ade19
00000a22c9829759
00000a23cddd8839
00001448ea56ef61
0000000001f5d871
0000000000000181
00000a247fd21f39
00000a250bff9c19
00000a25401b7ad9
00000a26382403b9
00000a264e8978b9
00000a28dc01d7d9
00000a2a80af0a59
00000a2a947bd5b9
00000a2ad0a6cc79
00000a2b63bb42d9
00000a2cd1eb4af9
00000a2ced5e4a19
00000a2d38f71d79
00000a2d3c486d39
0000145b8ac18a61
0000000001f5d871
0000000000000181
00000a2e37bb41d9
00000a2eb0a34a79
00000a2eca6977d9
00000a2f74c25f39
00000a2fa0d98799
00000a305783e059
00000a30658f63d9
00000a31261fe5b9
00000a3152339139
00000a31b19cefd9
00000a31f648d6d9
00000a31fdd59279
00000a3206e9b5d9
00000a322aadfad9
00000a339cca1ed9
00000a33da824c39
00000a33e7b30559
00000a344b2e8c99
00000a364f7b9019
00000a366e6380d9
00000a36e0cfb279
0000146e2b2c2461
0000000001f5d871
0000000000000181
00000a380d29d859
00000a381ea07a59
00000a38c8fe2099
00000a391f222919
00000a3a7e1ab259
00000a3acf2017b9
00000a3af9fbf039
00000a3c368c0d99
00000a3ccd865ab9
00000a3db780f579
00000a3e13c4d9f9
00000a3e56d9b3f9
00000a3ebabcf7b9
00000a3ebe0923f9
00000a3eecbc0c19
00000a3f1deff3b9
00000a40100384d9
00001480cb96be61
0000000001f5d871
0000000000000181
00000a4077be2959
00000a4129bb4179
00000a41657bb4f9
00000a422a972119
00000a42c3341b99
00000a431ca29259
00000a43867ed019
00000a438c828019
00000a45c58f1c79
00000a46001a9899
00000a463a03e519
00000a46fcbd1479
00000a477b547299
00000a47b221c3f9
00000a47b937b799
00000a4947fd8959
00000a498fc2ef19
00000a4998127479
000014936c015961
0000000001f5d871
0000000000000181
00000a49e0848df9
00000a49f7088fd9
00000a4ab9c8bf19
00000a4aec483519
00000a4c239896f9
00000a4c77be5df9
00000a4cb94bb399
00000a4df81c4e39
00000a4e5bcd7319
00000a4e9169a4b9
00000a4ea7c192b9
00000a4f10290879
00000a4f35988d39
00000a4fa552c019
00000a50a5dd64b9
00000a50e1e00f59
00000a50e5331119
00000a519747e819
00000a51f13fdeb9
00000a525e0ebc39
00000a5262562ad9
000014a60c6bf361
0000000001f5d871
0000000000000181
00000a53646cd239
00000a53ea937319
00000a5467b1ee19
00000a56672719d9
00000a5785869a19
00000a5981a77b59
00000a59e3236079
00000a5afba52b59
00000a5bd897bb79
00000a5be01f3c79
000014b8acd68e61
0000000001f5d871
0000000000000181
00000a5d5d4c5659
00000a5d8aa3c579
00000a5dde7326b9
00000a5f07c695f9
00000a5f72a2f4f9
00000a5fb9b128d9
00000a603bc88859
00000a603bc88919
00000a613a8b2c39
00000a6254cfab19
00000a625b819db9
00000a629a5efdb9
00000a629d932eb9
00000a63365c29f9
00000a6377acd339
00000a643756cad9
00000a64cfb1b7d9
00000a655e07c659
000014cb4d412861
0000000001f5d871
0000000000000181
00000a66573f33f9
00000a66730dd519
00000a66caaa25d9
00000a66d8e6fe59
00000a67aa242f99
00000a67c6b25f19
00000a67d5a7bbb9
00000a6850c2c719
00000a697bc34cd9
00000a6a1e8c33f9
00000a6aad353659
00000a6b7199d0f9
00000a6b909e5899
00000a6c2cf0db39
00000a6c3f6c70d9
00000a6c3f74fb99
00000a6c8b907839
00000a6cdc22d2b9
00000a6d41a56599
00000a6d49305e39
00000a6e780d8b39
000014ddedabc361
0000000001f5d871
0000000000000181
00000a6f361b6eb9
00000a6ff8a51079
00000a70d54b1ed9
00000a710852aeb9
00000a71acdb7039
00000a726b101919
00000a72f1434599
00000a7364ee2779
00000a7398ef1a79
00000a73c897e459
00000a73c897e519
00000a7435fdf639
00000a749e716a59
00000a74a4f524b9
00000a7524f13299
00000a756f9873d9
00000a75f2012e79
00000a76708de3d9
00000a76b2db0cb9
00000a7726dfe199
00000a7797f451f9
00000a77d5beb379
00000a77ed240e79
00000a781a5488f9
000014f08e165d61
0000000001f5d871
0000000000000181
00000a7876ed8399
00000a78c8a66df9
00000a7903d85bd9
00000a7a3652dad9
00000a7b2387a699
00000a7c044393f9
00000a7d751f7cb9
00000a7da9147ed9
00000a7f4ab27499
00000a7fd485a939
000015032e80f861
0000000001f5d871
0000000000000181
00000a81a88fa0f9
00000a822ceeb399
00000a8288596439
00000a8291eb1a79
00000a831d4e9dd9
00000a84f33cfdd9
00000a84f9313239
00000a8519bd2eb9
00000a8666097a99
00000a87dfcd33d9
00000a888d42fa79
00000a890b2c9079
00000a89af048c99
00000a89cf9ccef9
00000a8ae2b6a4b9
00001515ceeb9261
0000000001f5d871
0000000000000181
00000a8af529c699
00000a8b2294b619
00000a8bc6598f79
00000a8cf23aab79
00000a8e0e866ad9
00000a8ea7272679
00000a8fae5add19
00000a8fcefb9279
00000a90c9c31b39
00000a90d223ad19
00000a91364766b9
00000a917c400fd9
00000a91c8fadf79
00000a91f1ca9c99
00000a925981ce39
00000a929ac2fe79
00000a92f2de8b79
00000a9388f4d159
00000a93aceeaf19
000015286f562d61
0000000001f5d871
0000000000000181
00000a9476dd92d9
00000a94cc63de19
00000a96bbbe4c59
00000a972dee5b59
00000a974da4f279
00000a97b5648019
00000a97d10709f9
00000a97d72e99d9
00000a97f35492d9
00000a988d1d9059
00000a9948590f39
00000a99afa26b19
00000a9a140f0379
00000a9a30856b39
00000a9ad4d90939
00000a9af84528d9
00000a9b6d9eccb9
00000a9c1f7be3b9
00000a9c71227e59
00000a9cc4522b79
00000a9cf1087639
00000a9d0bd02b39
00000a9d3311c679
0000153b0fc0c861
0000000001f5d871
0000000000000181
00000a9deefdee39
00000a9e8e754cf9
00000a9f0aaa8e79
00000a9f8480b999
00000aa0090efeb9
00000aa08d02fe59
00000aa15dd383b9
00000aa2d87fa839
00000aa366e4beb9
00000aa3ba538039
00000aa45bdc6179
00000aa4a17f9c19
00000aa5262c05f9
00000aa563727939
00000aa644aa2bd9
00000aa6522ffdd9
0000154db02b6261
0000000001f5d871
0000000000000181
00000aa79fe03f39
00000aa7a90a6559
00000aa839b8c9b9
00000aa8b07f03d9
00000aa8d5fbb8d9
00000aa90fbf7dd9
00000aa9488f66d9
00000aa950ee4a39
00000aaaafab7f59
00000aaab64e0999
00000aaade8a9df9
00000aac076c89b9
00000aac407102b9
00000aac86241c19
00000aacb3b45fb9
00000aad15aa72b9
00000aada1c51c19
00000aadc8567639
00000aaf300d39b9
000015605095fd61
0000000001f5d871
0000000000000181
00000ab12d7f9ab9
00000ab140d5d019
00000ab1ebd32199
00000ab2618197d9
00000ab2f119bb59
00000ab465123a19
00000ab47aeca439
00000ab4883f5479
00000ab4de13e6f9
00000ab6e0c199b9
00000ab791aa79d9
00000ab910d40c99
00000ab9385792d9
00001572f1009861
0000000001f5d871
0000000000000181
00000ab995a5dc59
00000abad87698d9
00000abb7b389c99
00000abb9034f3f9
00000abcf1d5f819
00000abd168ddd19
00000abd5efb3839
00000abe00999df9
00000abe6fa05279
00000abeb7e9cbf9
00000abefa6ccf99
00000ac01399a579
00000ac0b92919f9
00000ac15b13b2f9
00000ac265bc9699
00001585916b3261
0000000001f5d871
0000000000000181
00000ac2e4006619
00000ac30cfd9b79
00000ac35e785799
00000ac3aa9c6059
00000ac47dc050b9
00000ac60bbf1d59
00000ac63325f4f9
00000ac6cb6381b9
00000ac6d85eec79
00000ac7104caa79
00000ac776f2b6d9
00000ac783c04839
00000ac82c0f6199
00000ac8347189f9
00000ac903fe53d9
00000ac903fe5479
00000ac9626601f9
00000ac9e3c1b079
00000aca6eb8b699
00000acaa0fd7e79
00000acabf03b939
00000acbcbfdadd9
00000acbf5e90d39
0000159831d5cd61
0000000001f5d871
0000000000000181
00000accf6440c19
00000acd18a7a7b9
00000acd75718779
00000acdba9f9ed9
00000acdd84b1579
00000ace5003d199
00000acf2cb13779
00000acfd2fc7699
00000ad00470c4d9
00000ad035d40a39
00000ad0ac464879
00000ad0fa569179
00000ad126b89099
00000ad23516beb9
00000ad303857699
00000ad34d271219
00000ad352f40859
00000ad38bd86019
00000ad415297279
00000ad4df628559
00000ad5023f6ef9
00000ad52f7bc0b9
00000ad564ee6579
000015aad2406861
0000000001f5d871
0000000000000181
00000ad5af5eb239
00000ad630e99939
00000ad66d3d8179
00000ad6bb0b6539
00000ad7ddbff919
00000ad854b0a879
00000ad99f507df9
00000ad99f507eb9
00000ada1baa22b9
00000ada39951099
00000ada648cd819
00000adaa09cb359
00000adab80715b9
00000adb2358ec19
00000adbc665c619
00000adc3d01deb9
00000adc88371799
00000adcd5e825d9
00000add19978839
00000ade3fa09279
000015bd72ab0361
0000000001f5d871
0000000000000181
00000adf4cda8a19
00000adf8ecd82b9
00000adfb10f3f99
00000ae04f0b5799
00000ae07f479399
00000ae096b74d59
00000ae29f595599
00000ae39f11e0b9
00000ae4401318d9
00000ae566878519
00000ae582531c99
00000ae7f9b0c419
000015d013159e61
0000000001f5d871
0000000000000181
00000ae88b459d79
00000ae9428d1959
00000ae9428d1a19
00000ae979e820b9
00000ae980c830f9
00000ae9ca4cbc39
00000aeacf877739
00000aeae118bd39
00000aeae3a721d9
00000aeb3e891ad9
00000aeb65465cf9
00000aeb8bef5479
00000aebf92fdc99
00000aed4cf597b9
00000aed6a930139
00000aed7d05d7f9
00000aed7d05d8b9
00000aeea8241699
00000aeefda92ab9
00000aefddce77f9
00000af0141b8599
00000af02243f219
00000af15462e619
000015e2b3803961
0000000001f5d871
0000000000000181
00000af26202f459
00000af2f47fe619
00000af41c9d52b9
00000af461c40659
00000af48ad60e39
00000af4cf0390d9
00000af5016c0359
00000af57c4d4ad9
00000af57c4d4b79
00000af5a54caa19
00000af6e2eddc79
00000af745e51a19
00000af836292cb9
00000af889f5a119
00000af8d7c76259
00000af978e70779
00000af9b3e80ab9
00000afaa8d17bd9
000015f553ead361
0000000001f5d871
0000000000000181
00000afadd584099
00000afb4af453f9
00000afb669a13f9
00000afde4f96a59
00000b0145684bb9
00000b015144bfd9
00000b01d33f3399
00000b03052be9d9
00000b03d13ea899
00001607f4556e61
0000000001f5d871
0000000000000181
00000b042642adb9
00000b0443088d59
00000b05273823b9
00000b05dd44af39
00000b05e0a55879
00000b05e0a55939
00000b0603d95019
00000b071654f779
00000b07a19357b9
00000b07f448f3f9
00000b085f705239
00000b088fe65639
00000b08ab66a419
00000b0a2e5db7f9
00000b0a6bb01679
00000b0a730cc719
00000b0af470f4b9
00000b0b19275d59
00000b0b3de4dc59
00000b0b6966c879
00000b0b90e58679
00000b0c12c19b59
00000b0c8a4a9c39
00000b0cda502019
00000b0cf3811e59
0000161a94c00961
0000000001f5d871
0000000000000181
00000b0d86effbf9
00000b0e5eecb419
00000b0e5eecb4b9
00000b0e78be4499
00000b0ecf0ce479
00000b0f0febc3b9
00000b0f4d321139
00000b0f5d2b0bd9
00000b0f680dfe99
00000b0fd96ba819
00000b10291582d9
00000b1055abc899
00000b11f00f46f9
00000b12f826e519
00000b13baa51ab9
00000b15fbb37579
00000b162f0febb9
0000162d352aa461
0000000001f5d871
0000000000000181
00000b17251a0d19
00000b1748f0e4f9
00000b187e3059b9
00000b192ee1b999
00000b1936583579
00000b1aa1febd99
00000b1ac368d5b9
00000b1b1d2df9b9
00000b1b98c187f9
00000b1c2717e359
00000b1c461ac299
00000b1cbb1269b9
00000b1d22faa7b9
00000b1d846c9f59
00000b1dc5363c39
00000b1e58a6d4f9
00000b1e75d757f9
00000b1f06f3f139
00000b1f9bfd7739
00000b1fb7a33dd9
0000163fd5953f61
0000000001f5d871
0000000000000181
00000b20521426d9
00000b205d620559
00000b207255f0d9
00000b20f9189e39
00000b213e7ec079
00000b217ec4d919
00000b21ee503a99
00000b23745e7bd9
00000b2395e410f9
00000b23be0200d9
00000b240f2274b9
00000b24cec32a19
00000b24f3520479
00000b25004f5b39
00000b2573e62f19
00000b2594dde819
00000b2758c988d9
00000b2771e7ad39
00000b28a21ae099
00000b28ec9a8439
0000165275ffda61
0000000001f5d871
0000000000000181
00000b293dcf7379
00000b29590266f9
00000b2a46425c99
00000b2b4afa5df9
00000b2c5c682cb9
00000b2c749c1719
00000b2d4293fcd9
00000b2db834b799
00000b2ed85c6199
00000b2ff4786f59
00000b304b8d45f9
00000b30e64db759
00000b32793a7439
00001665166a7661
0000000001f5d871
0000000000000181
00000b32e5b7e259
00000b32e7f29859
00000b33cfa035b9
00000b355248f5b9
00000b3563031cf9
00000b361fe1d679
00000b3700649179
00000b370c291b79
00000b372c2a8199
00000b373626bf99
00000b37f48ebe39
00000b3805a009f9
00000b3838ae3a99
00000b384538fb19
00000b393820ff39
00000b39421b9f79
00000b39b0790699
00000b39c8c195b9
00000b3a4fab4499
00000b3af6a38079
00001677b6d51161
0000000001f5d871
0000000000000181
00000b3bdafee079
00000b3c47777899
00000b3e168f1e99
00000b3e49c28c19
00000b3e51594e59
00000b3fd7885519
00000b405439df39
00000b4062a16d19
00000b4066c699f9
00000b4066cd7019
00000b4075272799
00000b4087a27df9
00000b418fff51f9
00000b41a678eb59
00000b41e9ddea99
00000b41f3066619
00000b42666d8f19
00000b42e4eadf19
00000b43b4803159
00000b43f7b768b9
00000b440fdc11d9
00000b448e916279
00000b4520521af9
0000168a573fac61
0000000001f5d871
0000000000000181
00000b45798a7759
00000b46c73248f9
00000b46e1808639
00000b46ef7069f9
00000b473ec89859
00000b4758813a59
00000b475b5f3b79
00000b47d2d59d19
00000b497347b199
00000b4a8f9d3379
00000b4c5e686e39
00000b4c6bd13279
00000b4ce746bab9
00000b4d277657d9
00000b4d42293f59
00000b4e51ffc899
0000169cf7aa4761
0000000001f5d871
0000000000000181
00000b4e96d63c79
00000b4ebc6e12b9
00000b4f743d0519
00000b4fc4c58259
00000b4fea6e7fd9
00000b508468a299
00000b50f3ffac99
00000b510599bcb9
00000b51446772d9
00000b51be206739
00000b51f3619879
00000b523594f179
00000b53171e33b9
00000b53353fbff9
00000b534eb6d419
00000b53a61704b9
00000b54c3198759
00000b54f89cdf19
00000b5554d6e0b9
00000b556dfd6439
00000b55d9e25f59
00000b56020bfb79
00000b5606491699
00000b560b407959
00000b562f2d3a39
00000b5654be3579
00000b56ca82ed99
00000b5714559999
00000b5776f330f9
000016af9814e261
0000000001f5d871
0000000000000181
00000b594c27bed9
00000b5989a64d59
00000b5a3c593b99
00000b5b6cc09239
00000b5bd7727f59
00000b5c2e179139
00000b5ce40716d9
00000b5ce75f2df9
00000b5d28be9679
00000b5d60fc8099
00000b5d90101a99
00000b5dad5c2519
00000b5dd23ec579
00000b5e5e38f3f9
00000b5ea9cd5e39
00000b5f1b558dd9
00000b5f25c2ae59
00000b5f36574199
00000b60e4e8c119
000016c2387f7d61
0000000001f5d871
0000000000000181
00000b618e039f79
00000b620d92ce39
00000b624917ecf9
00000b6277308d19
00000b62c977cc99
00000b644a1619b9
00000b6569aa2cf9
00000b6618107019
00000b671ab76659
00000b683db116d9
00000b6862ba8d99
00000b69a9d07d59
00000b6a4f27dab9
000016d4d8ea1961
0000000001f5d871
0000000000000181
00000b6b037eadd9
00000b6b20c8b039
00000b6c1bc30959
00000b6c4b4d3959
00000b6c4b4d3a19
00000b6c57f35419
00000b6c5b5095f9
00000b6ca3d51199
00000b6e09e262f9
00000b6e21fcc079
00000b6ea95763d9
00000b6f0d15c3b9
00000b6fc2aba819
00000b704fc64f19
00000b705a983b59
00000b70a5f2de39
00000b71e45d8699
00000b72863abe39
00000b734f802ab9
000016e77954b461
0000000001f5d871
0000000000000181
00000b73e8a2d659
00000b749ddb55b9
00000b75d72b3a79
00000b768163c059
00000b7693e7e6d9
00000b76bcd46b39
00000b77253a1c59
00000b79d96f7a99
00000b79f2997d59
00000b7a71e03d59
000016fa19bf4f61
0000000001f5d871
0000000000000181
00000b7e18eb95f9
00000b7e443b8819
00000b7e8fd2e4f9
00000b7f00663dd9
00000b80dafc2dd9
00000b82165e5959
00000b821f3fe119
00000b8240b5e479
00000b82e7622539
00000b830b576819
00000b84ae7e75d9
0000170cba29eb61
0000000001f5d871
0000000000000181
00000b86a18e73d9
00000b86d920ecb9
00000b8789bda339
00000b880a1a77d9
00000b886fe46779
00000b88907ac5d9
00000b89463e70b9
00000b89d849af59
00000b8a0b6e45f9
00000b8abd4eec19
00000b8abd4eecb9
00000b8aea6629b9
00000b8b4a867c59
00000b8b8ffbe0b9
00000b8bff44ff19
00000b8d0a63cb99
00000b8d6a8d4c39
00000b8e55b5df99
00000b8ea8c5bbb9
0000171f5a948661
0000000001f5d871
0000000000000181
00000b921c2349d9
00000b92d54e1579
00000b93cab4fd59
00000b93e307a7f9
00000b94173b4d19
00000b943ddf5059
00000b9483567939
00000b9509930d19
00000b955447b4f9
00000b95625b84f9
00000b969412ef79
00000b96f220ab99
00000b98b1ceb7f9
00000b98d97e8819
00001731faff2261
0000000001f5d871
0000000000000181
00000b9a0a998819
00000b9a57acf119
00000b9b5a14f739
00000b9c0b9aed59
00000b9c5e98b079
00000b9ca7168f19
00000b9ce807f339
00000b9d2a0a6599
00000b9d98f5bfd9
00000b9e6b222ed9
00000b9fdb61cfb9
00000b9ff0528a39
00000b9ff0543fb9
00000ba0794dad19
00000ba0a54765b9
00000ba1025896b9
00000ba172f2cf19
00000ba19da28319
00000ba236258af9
000017449b69bd61
0000000001f5d871
0000000000000181
00000ba2c839a439
00000ba3110cf1f9
00000ba50660c2b9
00000ba52a009b59
00000ba54dde2619
00000ba5b42e0b99
00000ba747367399
00000ba853345279
00000ba8f0f49a39
00000ba8f1c51179
00000ba9100f6759
00000ba965e70f19
00000baaab4e0ff9
00000bab6d707279
000017573bd45861
0000000001f5d871
0000000000000181
00000babd097ca39
00000babddf4ddb9
00000bacfeb6a479
00000badc2ae76f9
00000bae133efeb9
00000bae381e2379
00000baf3ddb5779
00000baf7ff04399
00000bb025d45219
00000bb030a48099
00000bb0734dff39
00000bb09512c339
00000bb1448bfd39
00000bb3082069b9
00001769dc3ef461
0000000001f5d871
0000000000000181
00000bb654bfdb19
00000bb68a376779
00000bb6c3274259
00000bb76b712b79
00000bb784c5a419
00000bb834fa6e79
00000bb9018fbe99
00000bb902670bd9
00000bb9c14f5ad9
00000bba4e47db79
00000bbbaae15359
00000bbbc60f6fd9
00000bbd04e71659
00000bbd2fd74c79
00000bbd8b810b79
0000177c7ca98f61
0000000001f5d871
0000000000000181
00000bbeb6b22059
00000bbec93ec0b9
00000bbec954f7f9
00000bbedad70559
00000bbf5781c919
00000bbf82112139
00000bbfbbdbcef9
00000bc00b24e399
00000bc04347a819
00000bc3e5079e19
00000bc49ed88379
00000bc4a01e0a19
00000bc5670ea659
00000bc57cc54b99
00000bc5b1cb5ef9
00000bc6d206dc19
00000bc75ac870b9
0000178f1d142b61
0000000001f5d871
0000000000000181
00000bc82209b959
00000bc84951b999
00000bc947852bd9
00000bc9ec0eea59
00000bca209abad9
00000bca2e0aabb9
00000bca75b7c379
00000bca8b815a39
00000bcb0ca2baf9
00000bcc93bffc19
00000bcd243e7539
00000bcd504b4bf9
00000bce05636919
00000bcf2a840619
00000bcf2f37ee59
00000bcf56cc66d9
00000bcfec4aebb9
00000bd054817339
000017a1bd7ec661
0000000001f5d871
0000000000000181
00000bd0f255e2d9
00000bd18aa17839
00000bd1ad1d3b19
00000bd2035df899
00000bd234352f79
00000bd2c949b799
00000bd2cf229d79
00000bd2d1b113d9
00000bd47b681579
00000bd64b4430b9
00000bd7f4bd0299
00000bd9b19cae19
00000bda02ca90f9
000017b45de96261
0000000001f5d871
0000000000000181
00000bda77720039
00000bdad8977499
00000bdb79147099
00000bdb92122759
00000bdb92f1fed9
00000bdbb486c359
00000bdbe29022d9
00000bdc388b5fd9
00000bdcd9afb179
00000bdd89575ed9
00000bde6a082559
00000bdece3452d9
00000bdf0f5bd6f9
00000bdfa6820139
00000bdfbdefe039
00000be00893ab19
00000be09fb62b79
00000be19c2906f9
00000be2191afc79
00000be250227f39
00000be2502b09b9
00000be2933006d9
000017c6fe53fe61
0000000001f5d871
0000000000000181
00000be3a45a3879
00000be462b618f9
00000be4a02893b9
00000be567bfc879
00000be57ae9c119
00000be58bcce979
00000be5cb2c6959
00000be5d291ceb9
00000be703004fb9
00000be7bc681bb9
00000be823db7af9
00000be82cfb89d9
00000be88eb61539
00000be8e59135b9
00000be9b650cf39
00000be9b8d6bc19
00000be9b9850779
00000be9f4d3f1b9
00000bea2ff19b99
00000beb251d5959
00000beba72c0939
00000bebd37c9199
000017d99ebe9961
0000000001f5d871
0000000000000181
00000bed1e8d1599
00000bed88e21c39
00000beda6de1079
00000bee278c6139
00000bef410df2d9
00000bef4b0f6b19
00000befa7072d59
00000befd01443d9
00000bf012cbe419
00000bf07f95ec19
00000bf13a1e03d9
00000bf1814feb59
00000bf1998267f9
00000bf1c4151ff9
00000bf1ed089dd9
00000bf23290e739
00000bf28ecaf2f9
00000bf4b4f870f9
00000bf4de022299
00000bf511c95ab9
00000bf5ea985c39
000017ec3f293561
0000000001f5d871
0000000000000181
00000bf71c0a65b9
00000bf7ccd6a679
00000bf7d43f7659
00000bf7fb9a7d59
00000bf9213a16f9
00000bf93dace259
00000bf96abeb5b9
00000bf99f59cc79
00000bf9d5bec0b9
00000bfa1cb19ef9
00000bfa1cb19fd9
00000bfa62f7dfd9
00000bfac8168259
00000bfb1b70a0f9
00000bfb9fa9cdd9
00000bfbe39b63b9
00000bfc5a0ac639
00000bfe3bc10c39
00000bfe4e24dc19
00000bff1f080f99
00000bff20b4f539
00000bff3ee40db9
000017fedf93d161
0000000001f5d871
0000000000000181
00000bffcd12efb9
00000c0071b31e39
00000c00eed36379
00000c019034baf9
00000c01e0ac26d9
00000c024429a799
00000c0264d62319
00000c02b833c539
00000c02e45bbb39
00000c0460d736f9
00000c04e28080f9
00000c0597f64bb9
00000c05a6d90b39
00000c05cb0f7d79
00000c064472ca39
00000c06668d6939
00000c07572e1499
00000c07e85b73f9
00000c0803377d99
00000c0845faa499
000018117ffe6d61
0000000001f5d871
0000000000000181
00000c08e4ae0ad9
00000c09a913e879
00000c0adcb4ff79
00000c0d9af67c59
00000c0e138b8b99
00000c0e1a3a0219
00000c0e608f57f9
00000c0e65997899
00000c0edfb4a9f9
00000c0f0a37c0f9
00000c0fcda34ef9
00000c1036b281b9
00000c10bcccad39
00000c118410d279
00000c11db186f59
00000c11ec8b4799
0000182420690861
0000000001f5d871
0000000000000181
00000c1237b803d9
00000c12d3b748d9
00000c12d99556f9
00000c12eacb83f9
00000c149caf18d9
00000c14a273b179
00000c156ab12859
00000c15d6a00659
00000c171653ef59
00000c173a39c839
00000c17e099a479
00000c18947541f9
00000c18e705a559
00000c1b555cf639
00001836c0d3a461
0000000001f5d871
0000000000000181
00000c1c789ae1d9
00000c1cb68a9439
00000c1cd822f059
00000c1d58c00c79
00000c1d58c00d39
00000c1e6b3cb5d9
00000c20136dd539
00000c20b29ae639
00000c20d9d3d9f9
00000c2129554ed9
00000c21d5b35d59
00000c220b40f859
00000c2391e104d9
00000c23f6396059
00000c240f07d1d9
00000c2419098119
00000c24a1e3ae99
00001849613e4061
0000000001f5d871
0000000000000181
00000c2518252dd9
00000c2648924519
00000c264f3bceb9
00000c269a81c219
00000c26a700b279
00000c26a700b339
00000c26e6f5bf39
00000c26edfef779
00000c271caf45d9
00000c2941d47b19
00000c2ab18d7c19
00000c2cf67fc719
00000c2d1bc32479
00000c2d982217f9
0000185c01a8dc61
0000000001f5d871
0000000000000181
00000c2fc818e019
00000c3004f5f199
00000c3071b719d9
00000c3100216419
00000c33e6da1ab9
00000c347395cdf9
00000c347c4b11d9
00000c356de69b59
00000c359cf1f519
0000186ea2137861
0000000001f5d871
0000000000000181
00000c37d87df219
00000c37ed3b5379
00000c384fad6a79
00000c3898668bf9
00000c39147a5319
00000c39e6f9a8d9
00000c3acfb06ed9
00000c3cb75c2019
00000c3cd8e94139
00000c3d7507b1b9
00000c3dc88c32d9
00000c3df2be4d99
00000c3e0aa60a39
00000c3e332ecc39
00000c40818a71f9
00000c409599a5f9
00001881427e1361
0000000001f5d871
0000000000000181
00000c40cdebc499
00000c40ebbf20f9
00000c41552a2519
00000c42869be9d9
00000c42a9dbc339
00000c43c99f0ef9
00000c45085eb939
00000c450bf97679
00000c4601f34e79
00000c46919e94f9
00000c4710347719
00000c47e4e6baf9
00000c4800987139
00000c488ff8d059
00000c48906b4e19
00000c489ba3de99
00000c490b047599
00000c492bad8779
00000c49325f7439
00001893e2e8af61
0000000001f5d871
0000000000000181
00000c4ab22bde99
00000c4b4666a079
00000c4be13d38f9
00000c4c5f79cb19
00000c4c96b45c19
00000c4d5961ba39
00000c4dd249fff9
00000c4e3edd5719
00000c4e53b7bc19
00000c4e7056ec19
00000c4f57eef079
00000c4fba410839
00000c4ff99cb0b9
00000c500dd7ee99
00000c50807a2ef9
00000c517e6ab9f9
00000c51d8d5d099
00000c52355f3b79
00000c52bdf91bb9
000018a683534b61
0000000001f5d871
0000000000000181
00000c53c5aa93f9
00000c54a4c21e39
00000c54b878f0b9
00000c54c928db39
00000c57d7290899
00000c5832af4b79
00000c584ff78399
00000c59a8f5ce79
00000c5a08539199
00000c5a983ad5d9
00000c5aa5c2b2d9
00000c5b0b044599
000018b923bde761
0000000001f5d871
0000000000000181
00000c5cba33ab79
00000c5d0fbbd919
00000c5d1a839c59
00000c5e58d6d119
00000c5f1e06a8d9
00000c5f98c0b5d9
00000c5f9a5acfd9
00000c5ffdc28e99
00000c604cdc6a19
00000c60b13ec179
00000c60f6151f39
00000c614044e5d9
00000c6243995a39
00000c62d53f0439
00000c6440854539
00000c644b744dd9
00000c64b2855659
00000c65545ba7d9
000018cbc4288361
0000000001f5d871
0000000000000181
00000c665c92f1d9
00000c6673d458f9
00000c677d345999
00000c67e822ff39
00000c67fd100c59
00000c68155bd459
00000c695e274bd9
00000c6a977cf8f9
00000c6b09b6a919
00000c6b16639b99
00000c6b2e8d5019
00000c6ba49a69b9
00000c6bdd792959
00000c6caf24c879
00000c6d4b85a5b9
00000c6db366f379
00000c6e44d46379
00000c6e76eebe59
00000c6ea4e73a19
000018de64931f61
0000000001f5d871
0000000000000181
00000c6f5df37859
00000c6f62154059
00000c707834af79
00000c707eeb9f39
00000c70c30e74f9
00000c710f46a999
00000c7146a685f9
00000c71f3fa38f9
00000c71fcfef639
00000c7203cdbc39
00000c7217fed6b9
00000c73bb7589b9
00000c74d8f8d699
00000c74f9816759
00000c750031a279
00000c75ae50ed39
00000c7670829619
00000c7677251339
00000c76f5a0e3d9
00000c77b1a83c79
00000c781b7051b9
000018f104fdbb61
0000000001f5d871
0000000000000181
00000c78bab6a499
00000c78ed8822b9
00000c7b3f056079
00000c7b7433f719
00000c7d9a5124f9
00000c7dde1d6ab9
00000c7e97805819
00000c7f09120179
00000c7f1d467d99
00000c7fbdd0b5b9
00000c8013b42b39
00000c817cedbf79
00001903a5685861
0000000001f5d871
0000000000000181
00000c824c36d499
00000c82cc752579
00000c83d4b1b719
00000c8401ad34b9
00000c844ec06359
00000c853eaf15f9
00000c85ffaa6d99
00000c86c9391359
00000c87053b5859
00000c87287d2859
00000c8744e41479
00000c87fe2abc79
00000c89b0dd8af9
00000c8a19192439
0000191645d2f461
0000000001f5d871
0000000000000181
00000c8c213f0a79
00000c8c9dcd1339
00000c8d65862999
00000c8dac2b5779
00000c8dcf4b0799
00000c8e0fd18819
00000c8e0fd188d9
00000c8e2831e479
00000c8e2e27b939
00000c90c7e401f9
00000c90ff59eb39
00000c918b601999
00000c91deb6ec19
00000c9209db4699
00000c925446bd39
00000c92cc3de479
00000c938f340bd9
00000c93fd385739
00000c945c0b87b9
00001928e63d9061
0000000001f5d871
0000000000000181
00000c956ebe25f9
00000c9604ddae59
00000c96edfcf479
00000c98bf93ff59
00000c999ec03e39
00000c99cb01dd39
00000c99edf73839
00000c9b0aa18339
00000c9b69b63d19
00000c9b85de3259
00000c9bb177cff9
00000c9bdb757e19
00000c9c8121a4b9
00000c9d738f9199
0000193b86a82c61
0000000001f5d871
0000000000000181
00000c9ddc797b39
00000c9e7d6e9999
00000c9ef89fc259
00000c9f71a81079
00000ca03575a479
00000ca05365e739
00000ca0abd112d9
00000ca140fc54d9
00000ca17364ba59
00000ca2064e0e79
00000ca2258c6fd9
00000ca2a583a1f9
00000ca32284d8b9
00000ca3bf407bd9
00000ca3c52a70d9
00000ca3e0911f99
00000ca42ed2ec79
00000ca591dba9f9
00000ca65372e179
00000ca6aa4a8f79
0000194e2712c861
0000000001f5d871
0000000000000181
00000ca75c465959
00000ca80cae10d9
00000ca8393418f9
00000ca83e9fabb9
00000ca9c347ff79
00000caa5caad399
00000caa80a1fbd9
00000caadd6bf4b9
00000cab3ca91719
00000cab9f3aea99
00000cac291a7af9
00000cad2dc64d59
00000cad74b46379
00000cadd98a34f9
00000caec7520099
00000cb05a6bfd59
00001960c77d6561
0000000001f5d871
0000000000000181
00000cb077c5a979
00000cb0a59ad679
00000cb1902099b9
00000cb2ca648899
00000cb301969e59
00000cb393577a99
00000cb399358c19
00000cb3dd068a39
00000cb4212b07f9
00000cb45c9f1fd9
00000cb45e4dc339
00000cb480ade679
00000cb48b8d6a59
00000cb4ff31afb9
00000cb62ea0ac19
00000cb63da24059
00000cb66b8d2cd9
00000cb681516459
00000cb6e476e939
00000cb81b49f699
00000cb86eeaa3f9
00000cb9aa1d1599
0000197367e80161
0000000001f5d871
0000000000000181
00000cb9d19170d9
00000cba383ce079
00000cba8fdceef9
00000cbb16fb5139
00000cbb49cb0f99
00000cbc6075a3d9
00000cbc7de226d9
00000cbd5d7a1ed9
00000cbd6515ec19
00000cbe5f066e79
00000cbea14439d9
00000cbebf404cd9
00000cbf38966639
00000cbf40f89959
00000cbf98b51199
00000cbf9e9b9ff9
00000cbfb4306c19
00000cbfb883c059
00000cc0542a9ff9
00000cc0973aa3d9
00000cc0ccd26b59
00000cc0d880c0d9
00000cc17e243bb9
00000cc189fb9e39
00000cc2a9eea739
0000198608529d61
0000000001f5d871
0000000000000181
00000cc3a2af7619
00000cc5eba2d6f9
00000cc5f66e0779
00000cc61dac3539
00000cc85a2764f9
00000cc913220a39
00000cca06ca0299
00000cca19080e19
00000cca86015079
00000ccb30f4cab9
00000ccb6d4d92d9
00000ccc4b7749f9
00001998a8bd3a61
0000000001f5d871
0000000000000181
00000ccc76612bd9
00000cccabc473f9
00000ccd8f7d6b39
00000cd05cde3c19
00000cd08710a819
00000cd1453d6339
00000cd1bd991839
00000cd1dedc3d39
00000cd1f8c95bf9
00000cd21881b659
00000cd30abec6d9
00000cd3e577c359
00000cd41a6b2f59
00000cd4469d55d9
00000cd535df9579
000019ab4927d661
0000000001f5d871
0000000000000181
00000cd79868b219
00000cd7c153f7f9
00000cd7e1f9b1b9
00000cd7ebf2a479
00000cd865ae9819
00000cd9f02bac99
00000cd9f1d88f59
00000cd9f7a3d499
00000cda1e08f459
00000cda7b7941b9
00000cdb15b5d9b9
00000cdb1d23ccf9
00000cdc21e31fd9
00000cdd6a4fccb9
00000cddb8ded819
00000cddde340959
00000cde5e5690b9
000019bde9927361
0000000001f5d871
0000000000000181
00000cdf24077319
00000ce0ed4b8af9
00000ce16783b679
00000ce186ae4ef9
00000ce20e83aef9
00000ce2f478cd59
00000ce451f65d19
00000ce519540f79
00000ce540704439
00000ce5a36d0939
00000ce5fd979559
00000ce6682066f9
00000ce6ca68c099
00000ce6e7ed3199
00000ce79dfac739
00000ce7a1c2c299
000019d089fd0f61
0000000001f5d871
0000000000000181
00000ce89cbdddb9
00000ce8a374f6f9
00000ce981926499
00000cea1aa5f199
00000cea42ca9a99
00000cea462d05b9
00000cea53a6f799
00000ceb9c451579
00000cebbdc1e9d9
00000cec314b5d39
00000ced34ef2cf9
00000cee36950fd9
00000cee647288d9
00000cef550e4d19
00000cefa67e91b9
00000cefbc3dda99
00000cf04103da59
00000cf121b691b9
00000cf1542a0019
00000cf16e0cd819
00000cf18cd95c99
000019e32a67ab61
0000000001f5d871
0000000000000181
00000cf27639f7b9
00000cf3012a8e99
00000cf34c03cdf9
00000cf3f183b0b9
00000cf4196cedd9
00000cf41c9a4f39
00000cf46718c359
00000cf4b5acb4d9
00000cf5041cff19
00000cf55abb15d9
00000cf6bdc6b999
00000cf700d50559
00000cf7ba673779
00000cf816b8fa39
00000cf84bdd5619
00000cf8a4fc79f9
00000cf902d5c739
00000cf94431d919
00000cfa194d86f9
000019f5cad24861
0000000001f5d871
0000000000000181
00000cfafdae2759
00000cfbc4d8fd19
00000cfbdf3e34b9
00000cfc9c4deaf9
00000cfcbe5473d9
00000cfcfaa81a39
00000cfd4d86c4d9
00000cfdafde4e79
00000cfe4db59019
00000cff1769abb9
00000cff4b2a85d9
00000cff942782d9
00000cffc10bb899
00000d00ea536599
00000d01796401f9
00000d01c96464f9
00000d01e8f59479
00000d01eb4baf59
00000d03548d79b9
00000d03585a9b19
00001a086b3ce561
0000000001f5d871
0000000000000181
00000d04c17a5dd9
00000d04d1e983f9
00000d053d0a66f9
00000d055b2c0af9
00000d05b9676e59
00000d0669687659
00000d06a7a9a8f9
00000d06bb7b7a79
00000d070eba88f9
00000d0744afacb9
00000d074f8f60b9
00000d078d812099
00000d07c49131d9
00000d08402b5a59
00000d08576994f9
00000d08fd2a40d9
00000d0928576739
00000d09afa1a9b9
00000d09d8903a39
00000d0babb5f299
00000d0c92a19d39
00001a1b0ba78161
0000000001f5d871
0000000000000181
00000d0d9f3d1139
00000d0e6b338259
00000d0eab9b8519
00000d0fa85c4f19
00000d0ffbf03839
00000d10208cc319
00000d103ef472f9
00000d11cd1c48f9
00000d11f089e8f9
00000d123d3c32f9
00000d12f46907f9
00000d12fd68d219
00000d131f88a979
00000d139995fa39
00000d15082a9219
00000d1636f38299
00000d164dc304f9
00000d167358d039
00000d16800d23f9
00000d16bb611399
00001a2dac121e61
0000000001f5d871
0000000000000181
00000d1750255b79
00000d1847532759
00000d191e43f8b9
00000d1a6b089239
00000d1abaf69a39
00000d1b1f3c3c99
00000d1cc47cdbf9
00000d1cca9976d9
00000d1cd26c5e79
00000d1d15b6a6d9
00000d1d58af1d99
00000d1dc4ad5739
00000d1e096570f9
00000d1e64e80c59
00000d1f1eec12f9
00000d1f6c8d8739
00000d1f93f12079
00001a404c7cba61
0000000001f5d871
0000000000000181
00000d2181396ad9
00000d21a7f36879
00000d221e29bb39
00000d22427a73b9
00000d22cc22ca39
00000d22e56aa4b9
00000d237847e619
00000d239ba2e619
00000d23f236ba39
00000d240a273c79
00000d24ecf450d9
00000d256b6aaa39
00000d27b8513a19
00000d2934502639
00001a52ece75761
0000000001f5d871
0000000000000181
00000d2bf6698d99
00000d2c456ebc59
00000d2cee5f1559
00000d2d1bce5c59
00000d2d234861b9
00000d2d28f6aed9
00000d2d3d07ce19
00000d2e0eba6279
00000d2e1d1661d9
00000d2e736cc959
00000d2f25d317f9
00000d30efe26999
00000d312d2aa579
00000d3179c6e7b9
00000d31a16788d9
00000d3251d65bb9
00000d3283907939
00001a658d51f461
0000000001f5d871
0000000000000181
00000d334dc3bd39
00000d3398d48bf9
00000d33d1ed0b79
00000d347f82b619
00000d348a409c79
00000d34f1c18a19
00000d35db143df9
00000d37a5a6fa19
00000d37efe13139
00000d38e59cc0d9
00000d3972c84c59
00000d3a4a906659
00000d3a58cf2299
00000d3ab116a939
00000d3b29570519
00000d3b77c07619
00000d3bc4dddcd9
00000d3bf2b2d5d9
00000d3bfcbb5c39
00001a782dbc9061
0000000001f5d871
0000000000000181
00000d3c876cef59
00000d3cd686e319
00000d3d9b8418d9
00000d3dd9bd0599
00000d3ddf8bbc79
00000d3e07d328d9
00000d3eebf0a0f9
00000d3f1cf87119
00000d3f64b8be19
00000d3f67458ff9
00000d4047735c39
00000d41489600f9
00000d41e2a443b9
00000d422ef82959
00000d428d6d5dd9
00000d428f1c0059
00000d430edcf319
00000d444f4d1619
00000d44959f1639
00000d449eb4ead9
00000d4512c847d9
00000d4514062959
00001a8ace272d61
0000000001f5d871
0000000000000181
00000d457509e979
00000d45abb95df9
00000d45abb95eb9
00000d45dd5466f9
00000d4610dd4e59
00000d4763f6ae79
00000d477f494ad9
00000d47f9bfcd99
00000d48534118b9
00000d491c33e579
00000d4956d4e0f9
00000d497d57b5f9
00000d4b0f936119
00000d4bf00e52f9
00000d4d38e8ccd9
00000d4d960ccb59
00000d4e3e6b3359
00000d4e9c351399
00000d4eabde4c19
00001a9d6e91ca61
0000000001f5d871
0000000000000181
00000d4f40933199
00000d4f430d3859
00000d4f7794dab9
00000d4f7d730479
00000d504399aff9
00000d506dd0e919
00000d51296d78f9
00000d51597a6a99
00000d517f7d3db9
00000d5207eb1839
00000d526db87d59
00000d5276c0cc79
00000d52e280ccb9
00000d5301137659
00000d53583923b9
00000d54071d6bd9
00000d5408b29399
00000d5519a79d79
00000d553aac2199
00000d5587ae75f9
00000d55aaae9379
00000d55c2722299
00000d56a55f20b9
00000d56e4afe5b9
00000d573f6c50b9
00000d57a604fbf9
00000d57b6b02939
00001ab00efc6761
0000000001f5d871
0000000000000181
00000d587af29bd9
00000d58dd95c079
00000d5906177b79
00000d5955c71459
00000d59880e8ed9
00000d5ad5b7fbd9
00000d5b2c966b79
00000d5b3cb23e99
00000d5b8cb3fb99
00000d5d6e851cb9
00000d5d8831c339
00000d5da9474a79
00000d5e52a87519
00000d5e93df8679
00000d5ebe0ff9b9
00000d5ec9bcd599
00000d5f72c411d9
00000d6105221df9
00001ac2af670361
0000000001f5d871
0000000000000181
00000d61bdec2ab9
00000d621890dcb9
00000d622a0ad3f9
00000d624106c319
00000d626b6890d9
00000d6299cf4859
00000d63038ed1d9
00000d63117a0f79
00000d6377fb91d9
00000d645a3be6f9
00000d65523d36b9
00000d6609fca3b9
00000d664fe64cf9
00000d6713205eb9
00000d677e5a38f9
00000d69e809ded9
00000d6a13091df9
00001ad54fd1a061
0000000001f5d871
0000000000000181
00000d6aad0f96b9
00000d6afe8b87f9
00000d6b6fd4a0f9
00000d6b7ec52bf9
00000d6bb7e7c5b9
00000d6bda9459b9
00000d6c629c96d9
00000d6cdfe023d9
00000d6d983423f9
00000d6da6d2cef9
00000d6dbc440899
00000d6df55e3999
00000d6e180e4519
00000d6ee6138c19
00000d6f34ef0479
00000d6f86c51119
00000d6fe1993a39
00000d6ff7ed9b39
00000d705d059739
00000d70c3773fb9
00000d7200a8dcf9
00000d7241ed65f9
00000d7292b79819
00000d72b3e6c1b9
00000d72ffd0fdb9
00000d73bf372619
00000d73cae5cb79
00001ae7f03c3d61
0000000001f5d871
0000000000000181
00000d7445d8a559
00000d7498f05ed9
00000d74f1eee499
00000d74fe30c5b9
00000d7510a8c579
00000d75195757d9
00000d75484ad0d9
00000d758740b899
00000d7649eab4b9
00000d7655031399
00000d774a4d7179
00000d774a55fcf9
00000d78a75b3af9
00000d78e8460cb9
00000d793f5abdf9
00000d79b8370479
00000d7a7010c7d9
00000d7b2a5c1299
00000d7b9570af59
00000d7be4fe0c99
00000d7be4fe0d39
00000d7c2ec1ebd9
00000d7c32b08579
00000d7c7f509299
00001afa90a6da61
0000000001f5d871
0000000000000181
00000d7e2a384bd9
00000d7e2d8d1199
00000d7eb8a13bf9
00000d7f57876539
00000d7f9ab791d9
00000d7f9d3a1939
00000d805d8c0519
00000d805d8c05d9
00000d80d0c46cb9
00000d8119830ad9
00000d828b9250f9
00000d82cbff7559
00000d83c8afe739
00000d83ee9afb39
00000d8410f3f2b9
00000d84b91e1ed9
00000d85565ad899
00000d86270f04d9
00001b0d31117761
0000000001f5d871
0000000000000181
00000d86b3dda019
00000d86f1293939
00000d87c8a5a039
00000d8817eeae39
00000d883c36ee79
00000d88a8d25039
00000d88c68ae779
00000d88ed6a7019
00000d890ccc84f9
00000d8a0e132c59
00000d8ac2dddcb9
00000d8ac8a5d799
00000d8aec50bd19
00000d8b0809e379
00000d8b3437b839
00000d8bd30d1939
00000d8c1685e4f9
00000d8c1685e5b9
00000d8c23fe9959
00000d8c79c4fed9
00000d8c8708bb39
00000d8ca5d8c219
00000d8d119ede19
00000d8d817bf5d9
00000d8d8ddc4d19
00000d8da5e60db9
00000d8db2710d99
00000d8fb8defb39
00001b1fd17c1461
0000000001f5d871
0000000000000181
00000d8fea3b1ab9
00000d907f9651f9
00000d90c315afd9
00000d91a8e69039
00000d91ea16bb79
00000d929eeb6d79
00000d92cb945279
00000d93fe3b7219
00000d95bca1b339
00000d95c18d2859
00000d97056f62f9
00000d97ae0dca99
00000d983cffd7f9
00000d9884a52419
00000d98c2175b19
00000d98e84b8cf9
00000d98ee1f6979
00001b3271e6b061
0000000001f5d871
0000000000000181
00000d99ff8145d9
00000d9a2ebf4199
00000d9a840c0139
00000d9b26ddb279
00000d9b9ee6dab9
00000d9bd0557f59
00000d9c822a2d19
00000d9c99451079
00000d9ca25adff9
00000d9ca25ae0b9
00000d9cf032daf9
00000d9d56e54319
00000d9d675b6179
00000d9d6ed71999
00000d9d86eb6199
00000d9d976f3ad9
00000d9ddf897cb9
00000da0176ea919
00000da036c7efb9
00000da0c09c95d9
00000da12148f2f9
00000da13bf74399
00000da1fad2b339
00000da28654e6f9
00001b4512514d61
0000000001f5d871
0000000000000181
00000da2a5a0a579
00000da2cc793079
00000da31cd8c379
00000da34633abf9
00000da3cc7c4099
00000da3e2005a19
00000da40a5eba99
00000da5833582f9
00000da62ded4119
00000da6fc1f2b59
00000da735fadc59
00000da7d9f65599
00000da8b0d599b9
00000da8cabbed99
00000da918237679
00000da93de7d1d9
00000da950e225d9
00001b57b2bbea61
0000000001f5d871
0000000000000181
00000dac2723fab9
00000dacc18cb1f9
00000dacfe9464b9
00000dad762cc699
00000dadf1ca6c59
00000dae18331179
00000dae2010e739
00000daec4ead4f9
00000daf391032d9
00000dafa88a9659
00000dafddd90259
00000db02f8d3f39
00000db0fc92c779
00000db131440719
00000db175a8bf59
00000db18a71f5f9
00000db1b19699f9
00000db1e149b899
00000db21aef0ab9
00000db29abe9cf9
00000db3f574a719
00000db43ac6e4f9
00000db47388ef59
00001b6a53268761
0000000001f5d871
0000000000000181
00000db58de8b1f9
00000db59dc300f9
00000db5b10bc739
00000db6233b4519
00000db68c8c8279
00000db6d49935b9
00000db8407a5099
00000db8d559c619
00000dbb89517e99
00000dbd037b4599
00001b7cf3912461
0000000001f5d871
0000000000000181
00000dbfd2680d79
00000dc003a0ef19
00000dc025e7c539
00000dc175255b39
00000dc1ab663c19
00000dc27725a599
00000dc31c5b79b9
00000dc3d9fd4619
00000dc4361c22f9
00000dc4d293c7f9
00000dc4d293c8b9
00000dc519138499
00000dc5f57ce999
00000dc6d868da19
00000dc6ffbd01d9
00000dc708f9efb9
00001b8f93fbc261
0000000001f5d871
0000000000000181
00000dc825fcce59
00000dc863e780b9
00000dc86fa6d479
00000dc8e4216019
00000dc974818d99
00000dcac4b9f179
00000dcaddf183b9
00000dcb9eb38a79
00000dcbaa72f179
00000dcc5e057d39
00000dcd6d345879
00000dcd8bfa7c99
00000dceacd57779
00000dcf1121d379
00000dcfd91ebc59
00000dcfe4d90b99
00001ba234665f61
0000000001f5d871
0000000000000181
00000dd2c66c44b9
00000dd2e4576ad9
00000dd33e341b39
00000dd386b09e99
00000dd4f3ebd999
00000dd525d4fb59
00000dd5be4291f9
00000dd5fd66b279
00000dd64fb38b99
00000dd6965848d9
00000dd90c180d59
00000dd948635cd9
00000dd99821b1d9
00000dd9c6f171f9
00000dd9ef1e8fd9
00000dda4523dad9
00000dda45f454d9
00001bb4d4d0fc61
0000000001f5d871
0000000000000181
00000ddbfe90c499
00000ddbfe90c539
00000ddbff556fb9
00000ddc2baeb819
00000ddce9630e39
00000ddced4fde79
00000ddd75350279
00000dde06c4c039
00000dde468fa539
00000dde49cfd5f9
00000de01cc0d6d9
00000de082f75e59
00000de10a2f2b59
00000de1a738c4b9
00000de207f57ed9
00000de300c7b619
00000de36a31fa19
00001bc7753b9961
0000000001f5d871
0000000000000181
00000de52bdd5679
00000de62782af59
00000de708a9b6d9
00000de708a9b779
00000de711bc1519
00000de7735512d9
00000de77a7109b9
00000de7807ef479
00000deaa16e1359
00000deaae084139
00001bda15a63661
0000000001f5d871
0000000000000181
00000ded6a52e699
00000dede7102539
00000dede7d9cdf9
00000dee4becc3d9
00000dee5e3bf6b9
00000dee6bbcdff9
00000dee6f059a79
00000defb025d2b9
00000df058608cf9
00000df05c79d759
00000df0d3233cb9
00000df144fc5b99
00000df145b51699
00000df1d72f4dd9
00000df27548de59
00000df2bb69eeb9
00000df333833359
00000df4c9703139
00000df4e657b839
00000df529ea6af9
00000df529ea6bb9
00000df560fc4cd9
00000df58c1518b9
00000df5d883ce59
00000df62d8e3b99
00000df636c2b9f9
00001becb610d361
0000000001f5d871
0000000000000181
00000df6edf46bb9
00000df743304779
00000df8276002b9
00000df8c8bac939
00000df8e9565379
00000df9213551d9
00000df935227019
00000df949f2a9f9
00000df9754bf199
00000df9a678e479
00000dfa7d08d599
00000dfaaea5ff99
00000dfb46745359
00000dfc6bf05859
00000dfe9995a7d9
00000dfea3b5e359
00000dff0ab7dcb9
00000dff109af1d9
00000dff71165bf9
00001bff567b7161
0000000001f5d871
0000000000000181
00000e000a2788b9
00000e0249d6c199
00000e03d670ccb9
00000e065ea7aa99
00000e06aa25f719
00000e08054cf839
00000e08a3569bd9
00001c11f6e60e61
0000000001f5d871
0000000000000181
00000e093d77f699
00000e0b161e60d9
00000e0b613946f9
00000e0c9b68d7f9
00000e0d65e02279
00000e0e576655d9
00000e0e77dcb6d9
00000e0e8bb54199
00000e0f787d97d9
00000e0f984071f9
00000e0fa9afdb19
00000e101a43b419
00000e107e316499
00000e10c3418239
00000e10f7922539
00000e11c1415cd9
00000e11d72f0019
00001c249750ab61
0000000001f5d871
0000000000000181
00000e12c9ff41f9
00000e13113cdbf9
00000e14201e6a79
00000e14edbdfef9
00000e14f869d8d9
00000e1551906ff9
00000e15688a78b9
00000e15bc9a7ad9
00000e160d2ea319
00000e161c260c79
00000e16229567b9
00000e167e6f6b19
00000e16aee8ee19
00000e16b089e2b9
00000e16c83148b9
00000e16d4695839
00000e1797fcf4d9
00000e17da204ed9
00000e1997c95199
00000e1997c95219
00000e19a5fc1779
00000e1a709d2bd9
00000e1b0ad5bb99
00000e1b272bec79
00001c3737bb4961
0000000001f5d871
0000000000000181
00000e1c04224519
00000e1c26471739
00000e1c2b470c39
00000e1cc7bf5af9
00000e1d37423899
00000e1d47aae8d9
00000e1d4b15acf9
00000e1d58875f59
00000e1e6a267699
00000e1ec0d07659
00000e1f73bd68b9
00000e2027413339
00000e2040b8a479
00000e20574c16f9
00000e207f61e6b9
00000e2195c6e539
00000e21fa340459
00000e224ed59379
00000e2300b69df9
00000e23073c31d9
00000e23b66495d9
00000e23d5e33c79
00000e2448bcba39
00001c49d825e661
0000000001f5d871
0000000000000181
00000e251b910c99
00000e268839d179
00000e26b73701b9
00000e26f3d718f9
00000e27be556e19
00000e285e701ed9
00000e28f437c499
00000e2918cadc59
00000e291f6d82d9
00000e29a088b379
00000e29ef5cedd9
00000e2b5c410059
00000e2bb56db4f9
00000e2c644100f9
00000e2ca316c639
00000e2cbd85e719
00000e2dd686dbb9
00000e2ddaa01ed9
00001c5c78908461
0000000001f5d871
0000000000000181
00000e2eae5682f9
00000e2ed5797d99
00000e2f3cc2f579
00000e2f43607679
00000e2fb3d3d759
00000e2fda655e19
00000e308d869d19
00000e30bbfc5339
00000e30be6dbf19
00000e3160982239
00000e327c917d79
00000e356d648a59
00000e35965f27d9
00000e35c12bfd39
00000e36543074b9
00000e3743d389d9
00000e3763b80499
00001c6f18fb2161
0000000001f5d871
0000000000000181
00000e38ad465cf9
00000e38b163d799
00000e3917b917b9
00000e3972cc2619
00000e39e4928f59
00000e3b30d384b9
00000e3bf16eb419
00000e3d9fe8fb39
00000e3dad5fb179
00000e3eb82c76b9
00000e3ffd7cf8d9
00000e4031d79ef9
00000e4090f67c59
00001c81b965be61
0000000001f5d871
0000000000000181
00000e422e855bf9
00000e423da1ef19
00000e42857498f9
00000e42f4bf6499
00000e4323666bf9
00000e442d3a3059
00000e44c099c959
00000e46c9a828d9
00000e471a2812f9
00000e47896a3899
00000e47dbacf159
00000e47fab6a919
00000e4814706b39
00000e486b6f1fd9
00000e48a2257319
00000e491f198279
00001c9459d05c61
0000000001f5d871
0000000000000181
00000e4acc0379f9
00000e4aecc29979
00000e4c8b2c1239
00000e4d17285419
00000e4d7bed2039
00000e4dd7fb10f9
00000e4dfb4227d9
00000e4f096d8799
00000e4ffc66b519
00000e522fc957d9
00000e5298532739
00000e52c11faad9
00000e52ef169299
00001ca6fa3af961
0000000001f5d871
0000000000000181
00000e558446c7d9
00000e56bbe183f9
00000e579e7902d9
00000e57aac13e59
00000e57c9cb1a19
00000e5905085219
00000e5909fc4f99
00000e5957057bf9
00000e5a725a0bd9
00000e5a774df0f9
00000e5bcfd84dd9
00000e5c1117d9d9
00001cb99aa59761
0000000001f5d871
0000000000000181
00000e5d5b4e4179
00000e5f2f8b1c79
00000e5f461e8c99
00000e5f69e291b9
00000e5ff1c1f699
00000e60b2ddb219
00000e61e9edb019
00000e62929a3b19
00000e638e6bff59
00000e63a734d4f9
00000e64bc3baf39
00001ccc3b103561
0000000001f5d871
0000000000000181
00000e66801dc279
00000e672be687b9
00000e67574ee919
00000e676dfd7099
00000e67804ad9d9
00000e67cab327b9
00000e67cab32859
00000e67cb7e8039
00000e683b3757f9
00000e690ed87679
00000e69b5028c59
00000e69c4c89d39
00000e69d8117339
00000e6aa7b29b19
00000e6ab408b5b9
00000e6ab408b659
00000e6b205578d9
00000e6b84933539
00000e6bb9be4c79
00000e6bcf41f079
00000e6c2a93b0b9
00000e6c3f98a319
00000e6c9667e1d9
00001cdedb7ad261
0000000001f5d871
0000000000000181
00000e6fc33ed979
00000e707bf88299
00000e71712cd519
00000e71aa0c1b99
00000e71b72340b9
00000e7208c330d9
00000e72a7359b39
00000e72f9b06939
00000e731c8f7639
00000e7486bcfb59
00000e74934b3979
00000e754d656339
00000e7591d2c959
00000e760cef86f9
00000e7697533799
00000e770d0060f9
00001cf17be57061
0000000001f5d871
0000000000000181
00000e79115cd059
00000e7966691cb9
00000e7a2320fbb9
00000e7a416157f9
00000e7a992d54b9
00000e7c006db979
00000e7da26869d9
00000e7de6c97699
00000e7eb7a65c99
00000e7f2d5bb599
00000e7f2e239e99
00000e7f5809b9d9
00000e8082268bb9
00000e80d58d7679
00001d041c500e61
0000000001f5d871
0000000000000181
00000e821842f379
00000e82cd59d939
00000e82dd2ba3d9
00000e82e8fc1b59
00000e82eb559999
00000e832bb91359
00000e833e050559
00000e8399cbfed9
00000e847656eb79
00000e8484719cf9
00000e84b5df5fb9
00000e8512b389d9
00000e85cf351719
00000e85f9d22499
00000e85fec46cd9
00000e861e88ba39
00000e86423bacd9
00000e866eeb0bf9
00000e86b75895f9
00000e88de11cb39
00000e8964814419
00000e8a5758abd9
00000e8a77bfaf19
00001d16bcbaab61
0000000001f5d871
0000000000000181
00000e8c9a7487d9
00000e8cf48ab839
00000e8d6254d799
00000e8d64dc8199
00000e8d7b6fc9b9
00000e8ddceedd19
00000e8e606e1ff9
00000e8e90d32199
00000e8ea9f15bf9
00000e8f1ac8c879
00000e8f9ff4aa19
00000e8fc7398ad9
00000e9151a40959
00000e917253ee59
00000e9179094339
00000e9250e43319
00000e9266cc66b9
00000e92ce9302b9
00001d295d254961
0000000001f5d871
0000000000000181
00000e94e1b61e39
00000e955d70c439
00000e95b19d23f9
00000e962574cdd9
00000e96f1753c19
00000e9812108fd9
00000e9954567f59
00000e9954568019
00000e99d5fef139
00000e9a21954a59
00000e9a250553d9
00000e9bf3500219
00000e9c37173c59
00000e9cc52b3a19
00000e9da0d1c9b9
00000e9da772a699
00001d3bfd8fe761
0000000001f5d871
0000000000000181
00000e9ff8ba0ef9
00000ea014709fd9
00000ea0cc3b4359
00000ea12c021ed9
00000ea18fe08e99
00000ea1d8608e19
00000ea1de37db39
00000ea1e81e13f9
00000ea2c0c18bb9
00000ea40e0ce5d9
00000ea43a293039
00000ea454be1fb9
00000ea4ebef09f9
00000ea5ffacf0f9
00000ea60eacbe39
00000ea661335579
00000ea6ba5784f9
00001d4e9dfa8461
0000000001f5d871
0000000000000181
00000ea810b881b9
00000ea87f49c939
00000ea93567fc79
00000ea96f8cb5d9
00000eaa0b7ee3f9
00000eaa236b8bb9
00000eab69bf7379
00000eacc7c4dd59
00000eace3083dd9
00000ead60624c79
00000eaea41d8759
00000eaefd4f25d9
00000eaff4ffc359
00000eb090083c59
00001d613e652261
0000000001f5d871
0000000000000181
00000eb0a6633419
00000eb0b7ff1ed9
00000eb1528d3819
00000eb1aed81eb9
00000eb1c387fa39
00000eb2fb879899
00000eb3bddd3ff9
00000eb3c55df7f9
00000eb5b316dff9
00000eb6b181fab9
00000eb78d128259
00000eb90d3d2099
00000eb918270bf9
00000eb93d839b79
00001d73decfc061
0000000001f5d871
0000000000000181
00000eba95b1f899
00000ebaadd01479
00000ebab3dfbaf9
00000ebb027a13b9
00000ebbcad95b39
00000ebbeaebbbb9
00000ebd0a8faf59
00000ebe6a6075d9
00000ebf744c5c59
00000ebfd6d8aeb9
00000ec03ca1c0b9
00000ec0b58d89f9
00000ec0b81897d9
00000ec1408b77f9
00000ec1a7a033d9
00000ec1cb004159
00000ec1cee2cd79
00000ec1d43b9b79
00001d867f3a5e61
0000000001f5d871
0000000000000181
00000ec3456264d9
00000ec39b336919
00000ec4f0171e99
00000ec50bfc6c39
00000ec566017899
00000ec56868a879
00000ec56e4f4319
00000ec5733aa599
00000ec675f6e379
00000ec6786a1639
00000ec67bac0599
00000ec6a3cf2f19
00000ec6ad03c5d9
00000ec863e79099
00000ec881116e79
00000ec93be2c4d9
00000ec93be2c579
00000ec9ef89be19
00000eca0e905779
00000ecbe8a4ae99
00001d991fa4fc61
0000000001f5d871
0000000000000181
00000ecd06ba5239
00000ecd7530f079
00000ece0fafd879
00000ece8583f379
00000ecf8c33f799
00000ed045bfc779
00000ed0ff213a99
00000ed108356499
00000ed1158f4cf9
00000ed186f37e99
00000ed1b2f646b9
00000ed23abe3ab9
00000ed516882459
00001dabc00f9a61
0000000001f5d871
0000000000000181
00000ed5f675fc79
00000ed6add0a739
00000ed704baf1d9
00000ed7b3d8d379
00000ed85a6a4639
00000ed8dc8bbf19
00000ed93fb6f2b9
00000ed94df08ed9
00000eda2c0f9b79
00000edabf9c35f9
00000edb09d4d099
00000edda19f7299
00000eddcb72ff59
00000eddf2f27199
00000ede623fd799
00000edef0c905b9
00001dbe607a3861
0000000001f5d871
0000000000000181
00000edfdb2f4339
00000edfe509c3d9
00000ee1a08867d9
00000ee1fceeb799
00000ee240ec29d9
00000ee24ce25b19
00000ee2d236a239
00000ee2fbb1c599
00000ee33bcbddd9
00000ee3ae6d6d59
00000ee3d301ded9
00000ee3e14fe959
00000ee4421a0819
00000ee44db419f9
00000ee612f76159
00000ee6148fc459
00000ee70c4216f9
00000ee70c421799
00000ee767442e79
00000ee791b52219
00000ee8545215b9
00001dd100e4d661
0000000001f5d871
0000000000000181
00000ee917f13019
00000eeaeafa1739
00000eebb6736f19
00000eec5a41b559
00000eeca6f63f39
00000eed39d7fd79
00000eed68390d39
00000eedca235fb9
00000eedd23b6839
00000eede52b5199
00000eeee1906159
00000ef014b420d9
00000ef04609f799
00000ef0d2561d79
00000ef10c0408b9
00001de3a14f7461
0000000001f5d871
0000000000000181
00000ef1e6f8a979
00000ef2178d40d9
00000ef25e8735f9
00000ef330b8e1f9
00000ef3580b6999
00000ef4396625b9
00000ef497d118d9
00000ef4a8ad83b9
00000ef626aa6f79
00000ef691689c59
00000ef74dd476f9
00000ef7a5854399
00000ef858bafff9
00000ef87accf699
00000ef91e4897d9
00000ef93711c6b9
00000ef9488d56b9
00000ef98c109399
00000ef9bdaa32d9
00000ef9e36c4fb9
00000efac5fd53b9
00001df641ba1261
0000000001f5d871
0000000000000181
00000efb3fbce6b9
00000efbfa17bef9
00000efd57d62c79
00000efd66c6e519
00000efdb0c25ed9
00000efdc21703b9
00000efde7ca20b9
00000eff647fbb79
00000eff9d65a859
00000f001a79c679
00000f004b075f59
00000f0140fa2619
00000f01d1792b79
00000f01ebec0a39
00000f01ebf2e019
00000f021c9d70d9
00000f02c0232e99
00000f02db505579
00000f02ed7dfcb9
00000f02f5132279
00000f0375b18c79
00000f0382b5e0d9
00000f03ccb91d59
00001e08e224b061
0000000001f5d871
0000000000000181
00000f04e9f4c7b9
00000f05150c0539
00000f0548871819
00000f0588a393d9
00000f062b020af9
00000f065121c639
00000f06a4a4b719
00000f06fe0780f9
00000f0748649ad9
00000f080881e959
00000f0957055b19
00000f096b8903f9
00000f09a7138719
00000f09d1706df9
00000f09ed4c3c19
00000f09f1599ad9
00000f0a59a16c59
00000f0a793b5ed9
00000f0aab13ccb9
00000f0acfc080d9
00000f0b1485c7b9
00000f0b3ed196b9
00000f0cc2b20c59
00000f0cf2a076f9
00000f0d0abbac19
00000f0d42a9ea39
00000f0d4a01e1f9
00000f0d8b8079b9
00000f0d964d96d9
00001e1b828f4e61
0000000001f5d871
0000000000000181
00000f0e7fcf25b9
00000f0efbe6dcb9
00000f0f05dca339
00000f0f6607c719
00000f0f91f12879
00000f0fe16500d9
00000f104672f939
00000f10b23d4cb9
00000f11169cf099
00000f1196fbcef9
00000f11f046f5f9
00000f1384fe4ad9
00000f148e5d2379
00000f1557331b79
00000f16f46c68f9
00001e2e22f9ec61
0000000001f5d871
0000000000000181
00000f178c480f39
00000f180d6a4b79
00000f185b5350f9
00000f18dd586579
00000f19d95fd4f9
00000f1a003d7399
00000f1a06e6fa39
00000f1b4f950b39
00000f1b9c813b39
00000f1ba0a9e659
00000f1bc1c82379
00000f1bf8744a39
00000f1d50677279
00000f1da3e73819
00000f1df9731cd9
00000f1ec2b243b9
00000f1f1f851bd9
00000f1f3793fb99
00000f1f62761299
00000f1fc914d199
00001e40c3648a61
0000000001f5d871
0000000000000181
00000f20d37a9379
00000f213e7883b9
00000f21f330ad59
00000f229569ffb9
00000f22d49f3ad9
00000f22fcb17219
00000f2330331a59
00000f260ab5a639
00000f26a5f04759
00000f26c8f50679
00000f2889b03ad9
00000f29245d6399
00001e5363cf2961
0000000001f5d871
0000000000000181
00000f2a3bd66879
00000f2a5cc31059
00000f2a63678519
00000f2a636785b9
00000f2aee731839
00000f2afcacaed9
00000f2b1dec9c79
00000f2bea17f539
00000f2c36c8a119
00000f2c7e93e759
00000f2cca9770d9
00000f2df715ee99
00000f2f2320eff9
00000f2fc0b91dd9
00000f3065406bd9
00000f30abd7f259
00000f30c74973b9
00000f310919f419
00000f313116a8f9
00000f318b5e63f9
00000f3194779db9
00000f31f563a4b9
00001e660439c761
0000000001f5d871
0000000000000181
00000f33d0c7a7b9
00000f342c39b999
00000f3469582e99
00000f3510d2e7b9
00000f351670e4b9
00000f352a0a12f9
00000f353307f799
00000f354787eab9
00000f355dc79219
00000f3584e709f9
00000f3590b60fb9
00000f36d2710c79
00000f36f8aa4b19
00000f37e06f39d9
00000f3851098c19
00000f3851098cb9
00000f38636f59b9
00000f386eee21f9
00000f389f0a4439
00000f38d9c22339
00000f38e99cd059
00000f39cf5c8399
00000f39d1fdc939
00000f39f16eb0b9
00000f3a2dd53739
00000f3adac8e219
00000f3c06a2cf59
00000f3c10b8e4b9
00000f3c2cecf679
00001e78a4a46561
0000000001f5d871
0000000000000181
00000f3c65705519
00000f3d89203239
00000f3e49a6ec99
00000f3fe51d01b9
00000f3feff41a99
00000f4007717dd9
00000f40787835f9
00000f412e888799
00000f414acf6a59
00000f41997a31d9
00000f422046bc39
00000f4285234a19
00000f42a4230c39
00000f42b08bc119
00000f42cc0e19d9
00000f430bf3bab9
00000f4371d3c239
00000f4400a78c19
00000f440aa5b779
00000f44c335ccf9
00000f44d2a84b39
00000f44f8b6d3d9
00001e8b450f0361
0000000001f5d871
0000000000000181
00000f463316a1d9
00000f46a9e39f39
00000f46b4e59679
00000f46e1b21a79
00000f46f8ce87f9
00000f47bb757f19
00000f48071c7339
00000f48ab47f119
00000f48c2be9999
00000f49fee82279
00000f4a18c5ebb9
00000f4baa5c90d9
00000f4c29c5d139
00000f4d283b0af9
00001e9de579a261
0000000001f5d871
0000000000000181
00000f4f385109b9
00000f4f6d4eb039
00000f4fa86aed19
00000f5156c13b19
00000f52731ca7f9
00000f53c55dcf79
00000f54473f75b9
00000f55364a50f9
00000f556c928a99
00000f5577611b99
00000f560dc85c99
00000f563fc45bf9
00000f56d4487e59
00000f5716ee09f9
00000f5772f48b79
00000f57b71dae19
00000f57be4fdd39
00000f57dee82739
00000f580983c339
00001eb085e44061
0000000001f5d871
0000000000000181
00000f588fae3f19
00000f599d35a799
00000f59ab524539
00000f5a84be7f19
00000f5b74722779
00000f5bd17eac79
00000f5def32b939
00000f5e046e8df9
00000f5e72b9cdd9
00000f5faf498419
00000f6012693139
00000f607d9fdd79
00000f60893d6759
00000f611a30ecd9
00001ec3264ede61
0000000001f5d871
0000000000000181
00000f61fe6fff39
00000f641f0068b9
00000f6473956779
00000f64d34d1f19
00000f653f06a9d9
00000f667de081d9
00000f66d9fb7d99
00000f67360c0ab9
00000f6795dec699
00000f682951f999
00000f682a31d619
00000f68b390be79
00000f68c1cf9699
00000f69c27c6cd9
00000f69ea1650b9
00000f6a2457a739
00000f6a31999a19
00000f6a8e363eb9
00000f6ab9b9e1d9
00001ed5c6b97d61
0000000001f5d871
0000000000000181
00000f6ae38174b9
00000f6afe3f39f9
00000f6b3c9b7e39
00000f6b71abc0d9
00000f6c90a4ec59
00000f6cd3e83e59
00000f6dec3613f9
00000f6e0e24a759
00000f6e572fd899
00000f6e5f71c399
00000f6f68427259
00000f710234c8b9
00000f71b2409f59
00000f7261a9f659
00000f72a895c579
00000f734c2928f9
00000f73a17af7d9
00001ee867241b61
0000000001f5d871
0000000000000181
00000f745fc50339
00000f74fef10639
00000f74fef7dbd9
00000f75cae4c859
00000f75e5fa3519
00000f760f53a5d9
00000f76eb37fa79
00000f76f0f3e599
00000f77d420e279
00000f784aa8b1f9
00000f78e2260019
00000f7982850919
00000f7aa523fdd9
00000f7b4510c1f9
00000f7b4510c2b9
00000f7b7583b4f9
00000f7c2d0c39b9
00000f7d40d7b499
00001efb078eba61
0000000001f5d871
0000000000000181
00000f7db476e3f9
00000f7e4f1b1779
00000f7e98884239
00000f7f245709d9
00000f7f9eb145d9
00000f80a8b30199
00000f80adb2e719
00000f80b03a84b9
00000f81455ac399
00000f82219efbf9
00000f826b8d5cb9
00000f82a1e66199
00000f8381b400f9
00000f83c45ceb59
00000f84b9502639
00000f8566a26ab9
00000f8580726cb9
00000f86297fc8f9
00001f0da7f95861
0000000001f5d871
0000000000000181
00000f870ab19859
00000f87b931aef9
00000f87cd6b6639
00000f8a1e1eab59
00000f8a4cd01519
00000f8a858d3d39
00000f8ac268ecf9
00000f8ac4fe3ed9
00000f8b7a18b959
00000f8bdc934fb9
00000f8e2a2dc2f9
00000f8ec22e0b99
00000f8ee242ad59
00000f8f55a733f9
00000f8fcbd8ba99
00000f8fd6c44f39
00000f900b69a799
00001f204863f761
0000000001f5d871
0000000000000181
00000f914e7d8119
00000f9156e4d139
00000f92cad104f9
00000f92cad7da79
00000f92e4a46799
00000f930641e639
00000f93948976b9
00000f939dc83679
00000f942871ab19
00000f9445bdbad9
00000f9453ed0e59
00000f9453ed0ef9
00000f94ee854819
00000f9588744039
00000f9602969659
00000f964f869519
00000f97079a68d9
00000f972bc0df99
00000f97b804c7f9
00000f9856900ad9
00000f98c0cf1519
00000f9966e4b559
00001f32e8ce9561
0000000001f5d871
0000000000000181
00000f9a3a8a2679
00000f9aedb792d9
00000f9b544d4d99
00000f9b66618339
00000f9bfa92a319
00000f9c30089cd9
00000f9c5c400bf9
00000f9cdc035359
00000f9d14e796d9
00000f9db8a01999
00000f9dcb91b4d9
00000f9f61cabbb9
00000fa02f75abb9
00000fa0645b75d9
00000fa2b06382d9
00001f4589393461
0000000001f5d871
0000000000000181
00000fa370e21f99
00000fa37f3a3399
00000fa3cbfea699
00000fa42be33bb9
00000fa4335d17f9
00000fa7966ada39
00000fa81fffe7d9
00000fa8cc04e879
00000fa983b67199
00000fa9dfed4139
00000faaa8e8f699
00000faad8cf0079
00000fab8b48c0b9
00000fabbd53f459
00001f5829a3d261
0000000001f5d871
0000000000000181
00000fad183c8b99
00000fad9a9a8419
00000fadb979d3d9
00000fade7b84c59
00000fae93d1e559
00000faf07b6df19
00000faf9acde799
00000fafdbc280d9
00000faff5ef0099
00000fb005b9fff9
00000fb01f833159
00000fb0488eb4b9
00000fb055220719
00000fb110871f99
00000fb1feb3b6b9
00000fb2a04a97d9
00000fb349121b39
00000fb39f2035f9
00000fb3eccbb599
00000fb43e714cd9
00000fb4b89d9e19
00000fb538d44c39
00001f6aca0e7161
0000000001f5d871
0000000000000181
00000fb56c1fd8d9
00000fb5bf0dea99
00000fb5c1862219
00000fb5ff602b99
00000fb712982359
00000fb75898b659
00000fb7ba3b8e19
00000fb7c2c6cc79
00000fb99df02bd9
00000fb9e81157b9
00000fba42047359
00000fbaec7df419
00000fbb2bc47af9
00000fbb74006319
00000fbbdb52c739
00000fbce83e1879
00000fbe402c3499
00000fbe55330179
00001f7d6a791061
0000000001f5d871
0000000000000181
00000fbf0ed6f179
00000fbf6d8e8bf9
00000fbffc2aa239
00000fc073428199
00000fc092205df9
00000fc27dc43399
00000fc2f12dd519
00000fc401b8eb19
00000fc460ecbfb9
00000fc649447779
00000fc71f753fb9
00001f900ae3af61
0000000001f5d871
0000000000000181
00000fc80802dad9
00000fc8326d2af9
00000fc833499799
00000fc8c97b9239
00000fc8fe9bce19
00000fc9bfa03cf9
00000fca88e68439
00000fcad03639d9
00000fcb0b3ef299
00000fcb7d815f99
00000fcce246b879
00000fcd8944b459
00000fcddc824f79
00000fcf2764cb99
00000fd0565f6119
00000fd064a17cf9
00000fd0671b77d9
00000fd0834c1879
00000fd0c1e275f9
00000fd109564cd9
00001fa2ab4e4d61
0000000001f5d871
0000000000000181
00000fd19517b439
00000fd22a8ff0f9
00000fd22ed59e19
00000fd306e96459
00000fd307229d39
00000fd37e83b279
00000fd3bc830199
00000fd4a3097179
00000fd5f5e59559
00000fd6180555b9
00000fd6769e5459
00000fd6934cbbd9
00000fd719b0f979
00000fd72c0f8cf9
00000fd73e93bc19
00000fd8689a50b9
00000fd8c76d2e99
00000fd90b35edb9
00001fb54bb8ec61
0000000001f5d871
0000000000000181
00000fdb1c9a9b39
00000fdbfc340f79
00000fdcf162c819
00000fdcf5693799
00000fdd16347019
00000fdd24485699
00000fde25a64f79
00000fde68b99c39
00000fdefc8697d9
00000fdf10abfb99
00000fdf925fc9b9
00000fe0ea4aeff9
00000fe168d96a59
00000fe2195ef599
00000fe24e1fa719
00000fe24e1fa7b9
00000fe29a3a1c19
00001fc7ec238b61
0000000001f5d871
0000000000000181
00000fe442997979
00000fe4d41042f9
00000fe5c6d58ab9
00000fe64e51a119
00000fe730325e39
00000fe7baa79719
00000fe8660524d9
00000fe87efc3e59
00000fe96f3d7b39
00000fe9b1201bb9
00000fe9c5dbc9f9
00000fea1d7da5d9
00000fea8d3dbab9
00000feb23929d59
00000feb343522f9
00000feb8a0d51b9
00000fec442b2b79
00001fda8c8e2a61
0000000001f5d871
0000000000000181
00000fed49947c79
00000fed940a82d9
00000fed9c643e39
00000fedbea96e59
00000feeb68827b9
00000fef4c7240d9
00000fefcdff1799
00000ff003920bd9
00000ff02f10a7f9
00000ff075f63559
00000ff0f5a87bb9
00000ff116537ff9
00000ff268a0ea99
00000ff2bb276259
00000ff355e6f379
00000ff403932699
00000ff416e9b339
00000ff42e5431f9
00000ff4476687f9
00000ff45751f839
00000ff459c87fb9
00000ff62cf95219
00000ff646dc36f9
00000ff6544c0b19
00000ff685b137d9
00001fed2cf8c861
0000000001f5d871
0000000000000181
00000ff6aa7a6339
00000ff9588a4259
00000ff9dcbbdf59
00000ff9f32b5159
00000ffa120425b9
00000ffbdba3a8f9
00000ffcf9e11f19
00000ffe118acc19
00000ffe12cc34f9
00000fffe1126319
00001fffcd636761
0000000001f5d871
0000000000000181
000010001cc57519
0000100031095139
00001000752f9c79
00001002422254d9
0000100319782639
000010046bcae679
00001004aa1d54b9
000010054d330659
0000100591ccc8d9
00001005a466c019
000010066dab82b9
0000100676e39619
0000100699c2d659
00001006a9891f59
000010076df02159
00001007a03a2b59
00001007f36dc659
00001008c7572019
000020126dce0661
0000000001f5d871
0000000000000181
00001009c4c25e99
0000100adae6ff99
0000100af55cca79
0000100b8a048099
0000100cb595f2d9
0000100dd7a204b9
0000100e41b17639
0000100e851a4b79
0000100ed3ae1b99
0000100f94c70bb9
00001010a0c0cbb9
00001010c85de6d9
0000101138f32ff9
0000101143efc1b9
000010115c908df9
0000101284bfd599
000020250e38a561
0000000001f5d871
0000000000000181
0000101295956859
00001012a4bc2419
00001013b701ec99
00001013f6a72fd9
0000101457fad6f9
00001014a4efcd59
00001014ea2f4039
0000101566cd5039
00001015c064fdd9
00001016e5b46d39
00001016f17fc199
00001017304c1d59
0000101756d34c59
00001017a3e3b0d9
00001017a6492d19
00001017c4439e59
000010185af83079
00001018d9672eb9
0000101a56e67f99
0000101a8580e7d9
0000101abee8a639
00002037aea34461
0000000001f5d871
0000000000000181
0000101c6994c639
0000101d136bf599
0000101da4d32559
0000101dbfa6d979
0000101e000d7679
0000101f2eaca519
0000101f72cc5939
0000101fdaa26ef9
000010200b101a19
000010203f088899
00001020ca7f6db9
0000102169735139
00001022f07fd839
00001022f736ef59
0000102317dacad9
00001023f002d379
000010240a9270f9
0000102505d52a59
0000204a4f0de361
0000000001f5d871
0000000000000181
00001026d77901f9
000010276fd316f9
00001027f229a239
00001028989e7539
00001028b7d7f139
0000102927d699f9
0000102a929e2d19
0000102b7c30d2d9
0000102bec60d699
0000102c7ecbac39
0000102d16eba079
0000102dc8a29d79
0000102dd17e4a39
0000102e386e43d9
0000102e6c72c6f9
0000205cef788261
0000000001f5d871
0000000000000181
0000102f0d9b4bb9
000010319bba61d9
000010320067f0b9
00001032b03ee059
0000103310709eb9
00001033a0a52c79
00001033acbd8b39
00001034990923b9
0000103504de8e99
000010353c7010d9
00001035e3ae17d9
000010362123f319
0000103738c6ef19
000010378e52e059
0000206f8fe32261
0000000001f5d871
0000000000000181
00001037cec75639
00001038d38e0cd9
00001038ffe5e659
0000103992cfa7b9
0000103a4ee06279
0000103be6b4c099
0000103bee372d39
0000103c394f5099
0000103c83f86999
0000103cb1ef6559
0000103cc1c81a19
0000103d0855fbf9
0000103d2d077039
0000103de5316719
0000103e3fadc939
0000103e520c3099
0000103f30a129f9
0000103f4d5810b9
00001040bec96079
00002082304dc161
0000000001f5d871
0000000000000181
0000104122ebdab9
0000104227dce719
0000104248f72119
000010426ffaf2b9
0000104272732799
00001042b73560d9
00001042ba8bbf39
000010436c073b99
0000104540f13839
00001045e1d43cb9
00001046f893ee79
00001046f893ef19
0000104744bdd679
000010477ca70a79
000010478ef307d9
00001047c1f5e2f9
0000104891d585b9
00001049ebbd0979
00002094d0b86061
0000000001f5d871
0000000000000181
0000104bdec6adb9
0000104c66184ed9
0000104d2b273279
0000104d7b8c35f9
0000104dac304319
0000104dad1c0ed9
0000104ef7bc7659
0000104fbb43a8b9
0000104fe7f60bf9
0000105052ef27d9
00001050d23be039
000010513424b2d9
00001051a52c3999
000010528629aaf9
00001052b6a30499
000010533fb2c6b9
00001053acbda8d9
000020a77122ff61
0000000001f5d871
0000000000000181
00001054505ec819
00001054ea9c6cd9
00001054f0f05a99
000010555c12e099
00001055b91c02d9
000010585e5bae99
000010588cb38559
000010593fc78f19
00001059a7d274b9
0000105a0ce27179
0000105a179ae579
0000105a17a1bb19
0000105a5e27f4f9
0000105b2c72ca79
0000105bb880a5b9
0000105c01f15339
0000105c097a8d79
0000105c723265b9
0000105cf4ba3779
0000105cf748b159
000020ba118d9e61
0000000001f5d871
0000000000000181
0000105d9afc3979
0000105e54c23cb9
0000105f54da32d9
00001060425d4e59
0000106043491bf9
00001061ced62b79
00001061d1665ff9
00001062187321d9
000010622c1b6599
000010627473b3d9
00001063875db299
00001063901ee699
00001063ec157c79
00001064a3ea6cd9
00001064a8a355d9
00001064f53fc579
00001065ac668139
00001065f22a65d9
00001065fd5c2599
000010664b992ab9
000020ccb1f83d61
0000000001f5d871
0000000000000181
0000106669f2fc99
0000106780e6b659
00001067a1a604b9
00001067ac8aaa79
00001067bf0b6bd9
00001068edd6dcd9
0000106961fc31f9
00001069d3844fd9
0000106a9e86bd99
0000106bf2346879
0000106c2a8f3799
0000106ea82245d9
0000106f9ba36579
000020df5262dd61
0000000001f5d871
0000000000000181
0000106fc5f95859
000010724b6c8e19
0000107262b8abf9
00001073036fabf9
00001073d4394779
00001074915032d9
0000107543e38419
000010755391edf9
0000107585846b39
00001075f61b95b9
0000107647391759
0000107654798299
000010766b7fbf99
000010773c87f039
00001077728b17b9
00001077782845d9
000010782fc221f9
00001078950675d9
000020f1f2cd7c61
0000000001f5d871
0000000000000181
00001079619ad299
0000107a0dfba4f9
0000107a5ed38399
0000107a9b0ada99
0000107aeb7d1d99
0000107b63bde759
0000107b7a4a6ef9
0000107bb2fbce59
0000107bfd363999
0000107c300e99d9
0000107dc13978d9
0000107e122fd639
0000107e7d1dd279
0000107e86540439
0000107e9a1b91d9
0000107ec3d24b19
0000107f8d917319
0000107f992b8a19
0000107fb7244eb9
000010801ccc9d59
00001081238b1119
000010813ac28939
00001081a839d7b9
00001081dc29df19
0000210493381b61
0000000001f5d871
0000000000000181
000010841b7ad0f9
00001084f271fb19
00001086d3862cf9
000010874592c179
00001087a537fe19
00001087ffdef559
00001088c64938f9
000010890802e5d9
000010893f040d39
0000108a8bd10739
0000108a8d9cb239
0000108aa76b4039
0000108aed453739
0000211733a2bb61
0000000001f5d871
0000000000000181
0000108bbffbd579
0000108bd5941f19
0000108c69997719
0000108d132cd2f9
0000108d412251d9
0000108db7e74399
0000108e012a4539
0000108e938974f9
0000108eb82bf2f9
0000108ee5d1b499
0000108f813ca639
00001090b72e17b9
000010910235b099
0000109210fd05b9
0000109368f45639
0000109383d41f39
000010938c17e1b9
0000109399717579
00001093efe19899
00001094a9415519
00002129d40d5a61
0000000001f5d871
0000000000000181
0000109593f45979
00001095d43c8e99
00001096ce6b24b9
000010973d1dcbd9
0000109778056979
00001098c58ee259
00001098df37cad9
00001099716e3f39
00001099ef921299
0000109a14e8ab39
0000109b66b35af9
0000109b91189cf9
0000109bde60a659
0000109c4538b499
0000213c7477f961
0000000001f5d871
0000000000000181
0000109eedddb919
0000109f6c85f4f9
000010a0a67e0b39
000010a1de917499
000010a2c51d8179
000010a3d52ce899
000010a3eadef319
000010a41551d079
000010a49ad71fd9
000010a4e7f2b7d9
000010a577f53a99
000010a5a43fe9d9
000010a61bc9c159
000010a723de6299
000010a75eb00739
0000214f14e29961
0000000001f5d871
0000000000000181
000010a7eaf25319
000010a7efe657b9
000010a86b23de79
000010a8cdc57659
000010a957ce5e99
000010a9600b28b9
000010a9740cda39
000010a9e4656e99
000010aa4511ae59
000010aaf0447399
000010ad2dda62b9
000010ae6b22a6b9
000010afa01ddb59
000010b0c4714ad9
00002161b54d3861
0000000001f5d871
0000000000000181
000010b17ed62799
000010b18a9cbd99
000010b1b2adb899
000010b26aa833b9
000010b26aa83479
000010b27c12b339
000010b27e8ca999
000010b2d361ae39
000010b3b01d5bd9
000010b408b4f1f9
000010b46bfcd1b9
000010b5245b5a39
000010b52d21bfb9
000010b7013307f9
000010b79a1646b9
000010b809092e39
000010b84e6d2ed9
000010b8cb739e19
000010b97f98d439
000010b9f1959519
0000217455b7d861
0000000001f5d871
0000000000000181
000010ba69e0d359
000010baaaa66119
000010bb12e3f119
000010bb52de4339
000010bb790835f9
000010bba9a05e39
000010bbb4d4d9b9
000010bd14644ad9
000010bd2cc86f99
000010bf41e1d4f9
000010bfbb20d539
000010bfe801ccf9
000010c1e247a259
000010c1fca5e739
000010c1fca5e7d9
000010c323fb0439
000010c3274fbc19
00002186f6227761
0000000001f5d871
0000000000000181
000010c3e8470979
000010c4f16273d9
000010c63e6c7ff9
000010c698b14399
000010c72d64eb39
000010c7b2f73f59
000010c904328d19
000010c9f01f4ad9
000010ca087c6d79
000010ca844b4999
000010cadb64fe39
000010caf652cef9
000010cb55cb1339
000010cb70d24719
000010cbb5f1f6f9
000010cc2b5eb279
00002199968d1761
0000000001f5d871
0000000000000181
000010cd1809e8b9
000010cd38223559
000010cdc2aa0c19
000010cfe2fea619
000010d0f1261e59
000010d15518f239
000010d278d69db9
000010d39c6173d9
000010d3d73b8199
000010d53e88de99
000010d540341bd9
000010d5d39d5d79
000010d6133bc559
000021ac36f7b761
0000000001f5d871
0000000000000181
000010d691a38239
000010d6c1a4b359
000010d6e93b1cd9
000010d72bd7e0f9
000010d7463f6339
000010d9c1b90d39
000010da22c9dc99
000010da54954879
000010da78fe3959
000010da8d8567b9
000010dac3d46939
000010db21f55399
000010db593f7559
000010dc5802c779
000010dc5c1f8239
000010dcfd86e539
000010dd38289879
000010de4f2e3499
000010df31d8e759
000010df36daa419
000021bed7625661
0000000001f5d871
0000000000000181
000010e03b090d99
000010e099e60399
000010e1647e0339
000010e17f1a0379
000010e266c2d559
000010e332aac3b9
000010e3b4fc5479
000010e3f690ac79
000010e5d9b2a7d9
000010e6632d0999
000010e722555d79
000010e76cd07eb9
000021d177ccf661
0000000001f5d871
0000000000000181
000010eaacd8d939
000010eab78fd379
000010eb4a32c199
000010eb90a77259
000010eb9c137559
000010ebd6d95659
000010ecc5914bf9
000010ed3439f8b9
000010ed8ed1c5f9
000010edf8ace319
000010eebe02c0f9
000010eef7f972b9
000010ef375e9c99
000010f010e21599
000010f0ca6622d9
000010f0eedc77b9
000010f14fb125f9
000021e418379561
0000000001f5d871
0000000000000181
000010f238472a99
000010f55ae46139
000010f58e64aa79
000010f5ff3c8179
000010f61ee90279
000010f64cb5c159
000010f771884139
000010f7a79f0879
000010f823a10b79
000021f6b8a23561
0000000001f5d871
0000000000000181
000010fd989c4019
000010feb00e5cf9
000010ff730b9bf9
00001100b56e9cb9
00001101289b3e79
0000110226c99ab9
0000110234288179
000011037b54bb39
000011038b236cb9
00001103ef075799
00001103f9c9f2b9
0000110400847df9
00002209590cd561
0000000001f5d871
0000000000000181
00001106a6fe8479
00001106c3200459
00001106dce99c79
000011075a0a1279
00001107707bb099
00001109994f08d9
00001109e7e52279
0000110a5d077a59
0000110b49b59219
0000110b65e82299
0000110b9bbb65b9
0000110c260928b9
0000110ccc83a4f9
0000110d89619c39
0000221bf9777561
0000000001f5d871
0000000000000181
0000110f3cf3f779
0000110f8097ae79
0000110f9dd2dc59
0000110fc912c7d9
0000111010c914d9
000011112a8a2f39
0000111212300539
00001112260a4479
0000111265b33f19
0000111314bb5939
00001113ec0e2979
0000111423a60c19
000011146fbf7739
00001114797428d9
000011149d1b8fb9
000011149d335519
00001114a0924979
00001114cd91c8f9
00001114f7eb26f9
0000111510396899
000011159f1fcef9
00001115b4c756f9
00001115fd14a7f9
000011167ba38859
00001116a4f44dd9
0000222e99e21461
0000000001f5d871
0000000000000181
00001117b3bb28f9
00001117e33c0f39
00001117f5271179
0000111844a38f19
000011189d7e8b39
000011192e3b3159
0000111995a58d39
0000111a12c58479
0000111ae60f7459
0000111b17d204f9
0000111c9a53b379
0000111d254b6379
0000111d81031579
0000111df8b255d9
0000111e152480b9
0000111e36c87659
0000111eafa69739
0000111ef0b6a3b9
0000111f0d9ec819
0000111f17793ad9
0000111f58298659
000011202cf05b79
000022413a4cb461
0000000001f5d871
0000000000000181
00001120a94004f9
00001120d6ee4199
00001120f4d14db9
00001122258f0e19
000011227a30ee39
00001122d3ad9719
0000112324dc2fd9
000011249a115719
000011256298b859
00001125764f5499
00001126ba9181d9
00001126e2746bd9
000011273a519c39
00001127664f4a19
00001127be011a99
000011288d87c139
00002253dab75461
0000000001f5d871
0000000000000181
0000112a07cabaf9
0000112a24b93d39
0000112b0a3cc2f9
0000112b75de3b99
0000112bb3c61c59
0000112c83cfeb19
0000112ca7af5839
0000112cd2383939
0000112ded3bdc79
0000112e3f8c4a59
0000112e4635c039
0000112fad173cd9
000011306bbba1b9
000011326507df99
000011326eb438d9
00001132aa7545d9
000022667b21f461
0000000001f5d871
0000000000000181
000011344bbbd859
000011346f839ed9
00001134ea4f2ff9
0000113527cf8759
000011367e9ca019
00001136cee11ef9
000011371ba6a8d9
000011376e580e19
00001137e2ceeb79
0000113863d9b1b9
00001138e08f5139
000011390fa83d39
0000113921f2c479
00001139dfb237f9
0000113ad6dd9f79
0000113b4065e859
000022791b8c9461
0000000001f5d871
0000000000000181
0000113d4a269579
0000113def37b319
0000113f5377bb19
0000113f669b3ff9
0000113f8b19d659
00001140328379b9
0000114054552e79
00001140bc157759
000011411fe332f9
0000114126901939
00001141ec1c6839
0000114236fb9979
00001143f649eab9
00001143f649ec19
0000114542171a79
0000228bbbf73461
0000000001f5d871
0000000000000181
000011465d65b599
0000114794628919
00001147bae15479
00001147d5b01339
0000114870081bf9
0000114881981419
00001148e4bff3d9
00001149f58ef439
00001149f9cdc4b9
0000114a1bef5159
0000114a669ee1f9
0000114ad4b55e59
0000114ad9b38d79
0000114b52b96b79
0000114b86568d79
0000114b954048f9
0000114de39b95f9
0000114e3762c1b9
0000114ebec8c999
0000114ee93baa19
0000229e5c61d461
0000000001f5d871
0000000000000181
0000114fdedda6d9
0000114ffdd504d9
00001150cc27bed9
00001150cc27bf99
000011512565b3f9
000011515c99b3b9
000011517ea01139
0000115197023c99
00001152193adc79
00001152b19ec439
00001152d5fc6c99
00001153129046b9
00001153441c9fd9
000011537655ae59
000011539562cf19
00001153c012de79
0000115542f0f359
0000115654dd50d9
0000115701137559
00001157eb7ba179
00001157febc09d9
000011581f3252b9
000022b0fccc7461
0000000001f5d871
0000000000000181
000011596c07e199
00001159f4d530d9
0000115a3ac9f719
0000115a44b71359
0000115b3e5610f9
0000115b8a8da019
0000115bb6436299
0000115cc613bc39
0000115d29db1279
0000115dd95ef5f9
0000115e1c0138d9
000011611d837f59
000011612ec536f9
000022c39d371461
0000000001f5d871
0000000000000181
00001163dd9ae119
0000116459e23d19
000011648603c079
00001164a18479b9
00001164c6f074b9
0000116680816959
0000116692c67fb9
00001167c85a4dd9
000011682a8576f9
000011683191f539
00001168bc24e7d9
000011690ee01f59
00001169f3cb37b9
0000116a9651da59
000022d63da1b461
0000000001f5d871
0000000000000181
0000116c77b598d9
0000116d19fae7b9
0000116e83719e39
0000116ef43a44d9
0000116f288ded39
00001170a015b259
00001170f66d4899
00001170f72e60d9
00001171301e5ad9
0000117215108d99
000011724dea9b99
000011738e015459
000011741d01b9f9
0000117437b6cd79
000022e8de0c5461
0000000001f5d871
0000000000000181
00001175db819b39
000011764359ba39
0000117669ce2619
000011778bad11b9
00001179606870d9
00001179f9e324b9
0000117b3d805839
0000117bccf20639
0000117be6f3a619
0000117c29e21f79
0000117c7a02ff99
0000117c84b81b79
0000117cd036f6d9
0000117cd3772d39
0000117d88db41b9
000022fb7e76f461
0000000001f5d871
0000000000000181
0000117dd0484959
0000117ec020b779
0000117eeed235f9
0000118017b7acb9
00001180c142f699
0000118123faacd9
00001182be3ffff9
000011841bf3dcd9
0000118429309659
00001184d0546a39
000011868f03ac19
00001186a22df099
0000230e1ee19461
0000000001f5d871
0000000000000181
00001187a1ae4f19
00001188d3823b19
00001189dc27bb99
0000118a3c41e319
0000118aa5cc8099
0000118b41fd06f9
0000118b900bc079
0000118bbc6a6479
0000118bca7e61d9
0000118d7c9fe939
0000118ddcf23879
0000118e436edf19
0000118f744d5739
000011904897b139
00002320bf4c3461
0000000001f5d871
0000000000000181
00001190b20d0539
000011922894cfd9
0000119393399579
00001194ffc82b79
000011950ea96fb9
00001195c8111ef9
00001195d6f5a6d9
00001195ffdbe7f9
0000119650e90319
00001196a854a439
00001196b4cb1db9
000011971cec0959
0000119851db9bb9
0000119973471259
000023335fb6d561
0000000001f5d871
0000000000000181
0000119a9b663539
0000119b5fe84fd9
0000119cb96accd9
0000119da52ec939
0000119daf1bca99
0000119e6db496d9
0000119e9a005d59
0000119ec8ddd799
0000119efa9f15f9
0000119f0124b659
0000119fb007b919
000011a0654803d9
000011a0774003f9
000011a11fdb5e79
000011a16679f519
000011a1a688e379
000011a202bb00d9
0000234600217561
0000000001f5d871
0000000000000181
000011a33a36bc59
000011a4f06f3599
000011a5033b13b9
000011a58c1a96d9
000011a5b8616fb9
000011a5e8905f79
000011a61faae8f9
000011a6633ba919
000011a6d2c2a479
000011a6d89ba639
000011a77f4fe059
000011a86211a6b9
000011a8bd2ae0b9
000011a93d01ca59
000011a94e902619
000011a964232ab9
000011a9c989ed79
000011a9e5164059
000011aa05e17c59
000011aa7daec5f9
000011abb49451f9
000011abb8ee9a59
000011abc9bef879
00002358a08c1561
0000000001f5d871
0000000000000181
000011ac7bf978f9
000011ad2fa4e7d9
000011ad46e818f9
000011ad5a54b579
000011adc6319a19
000011b0d61f21f9
000011b114148439
000011b1268449b9
000011b184f9ce99
000011b26a954979
000011b2ae35a8b9
000011b2f48d3fd9
000011b3722462d9
000011b393c1e199
000011b407ecb639
000011b45f23ed59
000011b4909dc719
000011b49a9f5d39
0000236b40f6b561
0000000001f5d871
0000000000000181
000011b65b97f359
000011b65cd69b79
000011b6c391e739
000011b79a6df4b9
000011b7e9186819
000011b7f90fced9
000011bad7e881f9
000011bb99891d59
000011bbb96f97b9
000011bc12759459
000011bd21b9d8f9
000011bdbebbe479
000011be128161f9
000011be8e8c23b9
000011bea9fd3799
000011bec2496eb9
000011bee5af4579
0000237de1615661
0000000001f5d871
0000000000000181
000011bf70303579
000011c02649b0d9
000011c095816e79
000011c10f76b659
000011c113c84879
000011c12385a159
000011c1a1991dd9
000011c1bab09539
000011c20a8247f9
000011c47127e6b9
000011c4eafdfe39
000011c4f3766639
000011c5833d3239
000011c614b7e459
000011c658b04fd9
000011c723f3db79
000011c734e657f9
000011c7492f47b9
000011c7e51ca599
0000239081cbf661
0000000001f5d871
0000000000000181
000011c873f972f9
000011c8c3c25739
000011c8dd98fe99
000011c8ee458f79
000011c945959679
000011c9fb428c79
000011ca81c165d9
000011cb36ea1879
000011cc1f5c4a39
000011cc5012de39
000011cca7917b19
000011ce6a38a319
000011cecb7ee579
000011cf0e011959
000011d07dec9559
000023a322369661
0000000001f5d871
0000000000000181
000011d20c33dc99
000011d5869f4f39
000011d6033ef399
000011d688d65af9
000011d76647d479
000011d76647d519
000011d7a6348eb9
000011d7bc04d719
000011d9a3b63ff9
000011da477429b9
000023b5c2a13761
0000000001f5d871
0000000000000181
000011dbb294a9b9
000011dbce5dfc39
000011ddb29e0699
000011ddc951b039
000011de83cbbe59
000011df575eca79
000011e0dcdff759
000011e10f6e0659
000011e163e726f9
000011e1774b5cd9
000011e25b67c539
000011e276629a59
000011e2ba1e2e39
000011e4079556f9
000023c8630bd761
0000000001f5d871
0000000000000181
000011e43acb4b99
000011e550388939
000011e6c6de8c99
000011e6d0e8bcf9
000011e6d1cf69f9
000011e720d89979
000011e77b3c43d9
000011e7ac48ef79
000011e7b8e833f9
000011e88e719359
000011ea52c5b679
000011ecf9b8edb9
000011ed6e118f19
000023db03767861
0000000001f5d871
0000000000000181
000011edc3acc1d9
000011ee33a9fab9
000011ee545d8a39
000011efdfe297f9
000011efeefa5439
000011f016f9d319
000011f03f53e539
000011f044e35119
000011f091820299
000011f0f0770419
000011f1870e3d59
000011f27d347f39
000011f2c11761b9
000011f2c3a928f9
000011f3af1bad39
000011f50c53b299
000011f5123a3839
000011f56a768099
000011f664af5c99
000023eda3e11861
0000000001f5d871
0000000000000181
000011f79b8259f9
000011f829240699
000011f95a93f639
000011f95a93f6f9
000011fa19334959
000011faaa58ff39
000011fc1209cb19
000011fd602c05b9
000011fd956a30d9
000011fe4eb195f9
000011fee95df3b9
000011ffbcc556b9
00002400444bb961
0000000001f5d871
0000000000000181
0000120075bde4b9
0000120089c8dff9
00001200933f5139
00001201f721ba19
0000120519e8b559
0000120528350b79
00001205366e8cd9
00001205a38a10f9
00001205ac862859
00001205f517df99
00001206f35262b9
00001207142b4779
00001207299f5b99
000012073d3880f9
00001207fabff459
00001208a4148419
00001208ca730b99
00002412e4b65961
0000000001f5d871
0000000000000181
00001209b0d188b9
00001209ea531e59
00001209fea6a919
0000120a4f5799d9
0000120a6a07d079
0000120af82375f9
0000120b6eeb2639
0000120b86224b39
0000120ba515de99
0000120c81912af9
0000120d3f5c84d9
0000120d50fa1ff9
0000120e8d536bf9
0000120f1512c3d9
0000120f61b80cd9
0000120fb137faf9
0000120fba76ab39
0000120fcdd91159
0000121056f42fd9
000012116cbcab99
00001211dce28539
00001211de8c0659
00001212b21346d9
000024258520fa61
0000000001f5d871
0000000000000181
00001213491f4f79
00001213bb2028b9
000012144cd93e99
00001214b55e2b99
00001214f2925499
0000121533f42079
00001215e2ddecb9
0000121606c41259
0000121759ed2779
000012175b94e959
00001217b53d7e59
00001217dc8958b9
000012190bf9be59
0000121a48aa83f9
0000121a8c704c39
0000121b82718939
0000121bbc060559
00002438258b9a61
0000000001f5d871
0000000000000181
0000121d561d4139
0000121dd01ba679
0000121de51eec79
0000121e13e670b9
0000121e73666539
0000121f844195f9
0000121fc8c22659
000012211daf8079
000012216b9c05f9
00001221cfee2319
00001222c6382bf9
00001222fe402539
000012230dff5459
000012237c37f2f9
00001224078eaeb9
000012240aeda859
00001224216758f9
0000244ac5f63b61
0000000001f5d871
0000000000000181
0000122744903f79
000012274f623379
00001227994f0039
000012280d87c6f9
00001229fda5c039
0000122afef284b9
0000122b191b2679
0000122c7ec7c4f9
0000122c928f1ff9
0000122deabf7b99
0000122e8c85c1b9
0000245d6660dc61
0000000001f5d871
0000000000000181
000012308f368fd9
0000123129de92d9
00001231ac358719
00001231bc357ff9
00001231cf75bed9
00001232e4d92ed9
00001232e713f419
0000123351d2c619
00001233c0f37a19
000012342aea0979
00001235fc559079
00001236d53a6079
000012372d79b519
000012373ee5d199
0000247006cb7c61
0000000001f5d871
0000000000000181
000012380f339539
00001238f79e79f9
0000123913cb7379
000012397000a999
0000123b676ce679
0000123c4d989279
0000123c85a20579
0000123d57a202d9
0000123d904f4739
0000123e73847a59
0000123e86bdb9f9
0000123f3508aad9
0000123f66e3b239
0000123f8d3748b9
000012404dafd819
000012404dafd8d9
00002482a7361d61
0000000001f5d871
0000000000000181
00001241c64d9f39
00001241d53c6279
000012436ccf3ff9
0000124440492e79
00001245afbf8139
00001245c1674f59
00001246a944dd79
0000124702ff4859
000012471d5d22b9
000012486a28a999
0000124898378659
0000124899dda299
00001248b7390e99
000012498abeab59
0000124a4c6b8b59
0000124a9df00659
0000249547a0be61
0000000001f5d871
0000000000000181
0000124b5fe10439
0000124b79eb34f9
0000124c816ea599
0000124d88c105b9
0000124e7ee08619
000012508261beb9
0000125097f9def9
000012512f0aec79
00001251384ed0d9
0000125141851f79
000012514cb02139
00001251baf54af9
000012524ed724f9
00001252735427f9
00001252f148fa39
000024a7e80b5f61
0000000001f5d871
0000000000000181
0000125444bfe739
0000125452cb6d39
000012546e9bde39
0000125565f9f839
00001256349df139
000012574c266219
0000125785b5df19
000012593499f0f9
00001259d380cfd9
00001259e82ceab9
0000125a43c1b7f9
0000125b5dc08439
0000125be93b8b99
0000125c0644d5b9
0000125c4345fed9
000024ba8875ff61
0000000001f5d871
0000000000000181
0000125d4ce489f9
0000125f298658b9
0000125fe42c7c39
0000126026c4b1b9
0000126132dedcd9
000012621844e919
00001262941741b9
0000126308513bb9
00001263284c1ef9
000012633a9ee3d9
0000126393720299
000012650b1042b9
00001265ca5876f9
00001265f6ba7319
000012662a50e679
000024cd28e0a061
0000000001f5d871
0000000000000181
00001266e6a72019
00001267f47b6879
00001268502ef9b9
00001268a301e219
000012699e656299
0000126a91f4ce99
0000126af45f6cd9
0000126b89c9a439
0000126c27f5ccb9
0000126c75264c19
0000126c87928cb9
0000126cbb82b159
0000126e22f9ae39
0000126ec0cdd639
0000126f802d0179
0000126fb067d779
000024dfc94b4161
0000000001f5d871
0000000000000181
00001270838bb5f9
000012713e13d059
0000127201ba5379
0000127218c53bd9
00001272f917ec39
0000127399e1cb99
0000127488ad1879
00001274e0f01db9
000012762d112d59
000012772ebc0f59
000012788434eaf9
000024f269b5e261
0000000001f5d871
0000000000000181
00001279ccfd1f99
0000127a9593fb39
0000127ba0217a39
0000127bdf38ead9
0000127beb9feb59
0000127c18d41659
0000127c645cd199
0000127d2c8a9919
0000127d71e396b9
0000127da3399619
0000127db332e0d9
0000127dbe203599
00001280d278aaf9
00001281357b39d9
00001281b8d3d0d9
0000128215b12d79
000025050a208361
0000000001f5d871
0000000000000181
000012833f1b6819
00001283a5159a59
00001283e5613619
00001284572eec99
000012848464c359
000012864455a8d9
00001287e7a6b199
000012883df58cb9
00001289dd2f6039
0000128a0aafe959
0000128a231c3479
0000128a411b8919
0000128a68d7ee99
0000128aef8a7f39
00002517aa8b2461
0000000001f5d871
0000000000000181
0000128c171154f9
0000128c395bafb9
0000128d2863b699
0000128d3fb80d99
0000128dfe3e0a59
0000128e41d21bb9
0000128f0262a619
00001290f6573239
00001291af8188f9
000012931b9ed879
0000129373a83ed9
00001293c0b6aa39
00001293e3433999
00001294664c0519
000012947bf88819
00001294e6ba83b9
0000252a4af5c561
0000000001f5d871
0000000000000181
00001295bcd03e59
0000129632ebce99
00001296795b2939
000012967d99fd59
000012968c796319
000012975d7b0b79
000012978f25f8f9
00001298175cd339
0000129829d864d9
0000129834af71b9
00001298f024c319
00001299541b4af9
00001299d855cc99
0000129a3ad42039
0000129a7fc0e959
0000129ac3ff4519
0000129b41da8af9
0000129bb40fff59
0000129bccde9879
0000129cb0a645b9
0000129cd25eeaf9
0000129d6a0f9139
0000129df4a70619
0000129dfea6ca59
0000129e3d5349b9
0000253ceb606661
0000000001f5d871
0000000000000181
0000129f1ceee099
0000129f6eff3439
0000129fb4180079
000012a0e041adf9
000012a22a06d2d9
000012a22b5adf39
000012a2b90761b9
000012a2eb5a2d59
000012a34ee444b9
000012a366229719
000012a482c51d19
000012a6886272b9
000012a708840ad9
000012a769865259
000012a78b12afb9
0000254f8bcb0761
0000000001f5d871
0000000000000181
000012a7e65acd99
000012a80ccf9519
000012a8d592fab9
000012a9fa466dd9
000012aa5c0feed9
000012aa792e07f9
000012aabe1cd4d9
000012ab79698039
000012ab7cb90cf9
000012ad9c0eae59
000012aee6226379
000012af4a61b799
000012b023dbf3d9
000012b046f18679
000012b0553a9159
000012b0b8c69c39
000025622c35a861
0000000001f5d871
0000000000000181
000012b18c493279
000012b1ab7c04b9
000012b1aeba7039
000012b1ba7b7d59
000012b29ac4ab79
000012b3a0c33419
000012b5ae7e67d9
000012b5d5278b19
000012b639d8b019
000012b654b83f19
000012b7aae4f239
000012b7d6acd079
000012b975f28a59
000012b9a17e7779
000012ba530c7359
00002574cca04a61
0000000001f5d871
0000000000000181
000012baae62f419
000012bacc8124d9
000012bc37a58f79
000012bcf588db59
000012bd67d44879
000012bdd50b4c19
000012be55baa4f9
000012bf4d0b76d9
000012c062fd2139
000012c07c4b31f9
000012c14e0390d9
000012c1ac4d5759
000012c1af2ea7f9
000012c1ca97b1d9
000012c21a623739
000012c2ad6b4859
000025876d0aeb61
0000000001f5d871
0000000000000181
000012c4d93c2659
000012c5ac683079
000012c5bf95a6f9
000012c674e089f9
000012c6b7c9bf39
000012c6d5ddfa59
000012c6f3eccbf9
000012c813c51939
000012c8b58d68b9
000012c8e9861699
000012c9093911b9
000012c98e114db9
000012c9a3fcdcb9
000012c9fc5842f9
000012ca4b8ea159
000012ca8c0bb299
000012caf7bc9379
000012cb39b45999
000012cc3281d4f9
0000259a0d758c61
0000000001f5d871
0000000000000181
000012ce504022d9
000012cf5044acb9
000012cf647ca559
000012cffd1e2079
000012d019013519
000012d08b4737d9
000012d0e39d47b9
000012d1167581b9
000012d1443ed4f9
000012d1afdb5619
000012d2060505b9
000012d2bb65e259
000012d3286eb659
000012d349277019
000012d38e61e399
000012d406071f59
000012d4178601d9
000012d4fe9a5819
000012d52443ad99
000025acade02d61
0000000001f5d871
0000000000000181
000012d6782e0359
000012d6e97407f9
000012d860689e79
000012d88fcdd4f9
000012d94d1f3b19
000012db64aa7559
000012dc17650899
000012dd4d0c44b9
000012dd8110fc19
000012ddbe099b19
000025bf4e4acf61
0000000001f5d871
0000000000000181
000012dfc1b22fb9
000012dfce26d059
000012e083c67279
000012e0ca4322b9
000012e0ebf6b199
000012e20893acd9
000012e2659650b9
000012e2949ea699
000012e2f27859d9
000012e3855bee79
000012e465b25919
000012e47596ed19
000012e50040fdd9
000012e5592a5979
000012e5bbad8459
000012e781c68299
000025d1eeb57061
0000000001f5d871
0000000000000181
000012e93d893a99
000012e94d597c79
000012ea26068a79
000012ea809e65d9
000012eb46bb8e19
000012eb97494ad9
000012ebafe54199
000012ec2bff5cb9
000012ec31061539
000012ec4f132e79
000012ec6f9aa679
000012ee6fc129f9
000012eece0aee19
000012eee26a8519
000012ef4dd52759
000012ef663ad359
000012f00f6c56f9
000012f0ac813eb9
000012f0afc9ff39
000012f22e8615f9
000025e48f201161
0000000001f5d871
0000000000000181
000012f267614679
000012f2fc91aed9
000012f3c687e0f9
000012f3de1996b9
000012f502f1de59
000012f5e8358199
000012f694fdb0f9
000012f69af70799
000012f78f817999
000012f79d03f799
000012f8253ce179
000012f8286a4639
000012f835e0d779
000012f8485acb19
000012f8ba2bd7d9
000012fa9ddea879
000012fae1dfcfb9
000012fb8cde5359
000025f72f8ab361
0000000001f5d871
0000000000000181
000012fbaf406239
000012fbb36e2539
000012fc1364e679
000012fc3fa18c79
000012fd4004feb9
000012fd50d3d2b9
000012fd9f2ce819
000012fdbef677d9
000012fea189e959
000013000b320df9
00001302852d69d9
00001302ef89e599
00002609cff55461
0000000001f5d871
0000000000000181
0000130535eef2d9
00001305bc792499
00001306cfb7a679
00001306e12dfd39
00001306f48ced79
00001307cf2fb5b9
00001307fef099f9
000013084992db59
000013095840dbd9
00001309d74a2c39
0000130b74614759
0000130d2e6e8eb9
0000130de222ce39
0000261c705ff661
0000000001f5d871
0000000000000181
0000130edf5d9e19
0000130f25b1f379
0000130fab699c99
000013104a72ee79
000013104bff5db9
000013127b984879
00001312cc574919
00001313708f99d9
0000131389b9bcf9
0000131416511059
0000131450207339
000013148e05a019
00001315650c2cf9
00001315bfce8039
00001315d0871739
0000262f10ca9761
0000000001f5d871
0000000000000181
00001317ac9afb99
000013182ce63419
0000131916b9bb39
0000131959163319
0000131aa41d7a19
0000131b373e2b79
0000131cae9db319
0000131f201da559
0000131f85b3d7f9
0000131fa72d6f19
0000131fad10a1d9
000013201da030d9
00001320cc307619
00002641b1353961
0000000001f5d871
0000000000000181
00001320e5836199
000013219535c0f9
000013220e475bb9
000013233aff2919
00001323c4dbbd79
00001324272fbc39
0000132542652279
000013258a08fd39
00001326eee70df9
0000132731677c79
0000132758081ff9
000013299f376b99
00001329f9a32399
00002654519fda61
0000000001f5d871
0000000000000181
0000132a517d0bb9
0000132a658bf8f9
0000132b004a3079
0000132b0cfde239
0000132b610c2ff9
0000132b9db54f39
0000132baa691b19
0000132bbe873ed9
0000132bd0326619
0000132c3b7dbc19
0000132c8a6f74d9
0000132c8dc0ae19
0000132c98bf18f9
0000132cf67f8259
0000132dce9c0239
0000132decef0a59
0000132e1d6d3cf9
0000132ff31dbe99
000013302b2e2279
000013309d063319
00001330f69c2d19
00001331e20efe79
0000133278d76ed9
0000133297e4b6d9
00002666f20a7c61
0000000001f5d871
0000000000000181
000013343760a959
0000133458eb4d99
000013345c4515f9
0000133587774659
00001335a171d2b9
00001336875a3d59
000013368f936159
0000133767951d19
0000133775a92c59
00001337d421a6f9
0000133a0bcd3399
0000133a902cf4b9
0000133c83a4f659
0000133c91858759
0000133c9a5dc7f9
0000267992751d61
0000000001f5d871
0000000000000181
0000133cda0692d9
0000133d65f2f2f9
0000133df53ab979
0000133e5a8125b9
0000133e6a770559
0000133ecf276739
0000133ed2e2b499
0000133f5996fbd9
0000133f6d9be6d9
0000133ff242ee19
0000134002e70859
00001340bef32b19
0000134276320679
0000134389bfe419
00001343f4e29519
0000134427f9f659
00001344461d4b39
000013445bf7f219
0000134495dfd739
000013452da35a59
00001345ecead7b9
00001345f969ae99
0000268c32dfbf61
0000000001f5d871
0000000000000181
0000134685450a19
00001346ba726939
00001346d3b111d9
000013470aef4d99
000013477e72e259
0000134790011119
00001347d5427a19
00001347e38b40b9
00001349155542b9
000013493d2302b9
0000134aa7f77159
0000134b78683079
0000134bc4eb13d9
0000134c0711bc59
0000134c9a4bd199
0000134d016b2af9
0000134dd095ccd9
0000134ddd1d51d9
0000134e53703219
0000134ed2116119
0000269ed34a6161
0000000001f5d871
0000000000000181
0000135072a333b9
000013507cb79359
00001350e82d88d9
0000135233f34e19
00001352413d92b9
000013552c0f7af9
0000135550e31759
000013556fcafa99
00001355c5f82379
00001355de4b15b9
00001356ec87abf9
0000135896d5e639
000026b173b50261
0000000001f5d871
0000000000000181
00001358e4d23f99
00001358f5620fd9
0000135b3ab0cb99
0000135b81fe6c39
0000135d05c88599
0000135d57f272d9
0000135d91744ad9
0000135dded6a379
0000135ea1268259
000013602cd2f3b9
0000136161178299
00001361b55d9c19
000026c4141fa461
0000000001f5d871
0000000000000181
00001362306de2d9
0000136360f157f9
000013639ede3979
00001363f00d12b9
000013664b45ef19
0000136757d037b9
000013677491fa19
00001368198d3bf9
000013698d96f059
0000136a842cbad9
0000136a95784a59
0000136ab21ca4d9
000026d6b48a4661
0000000001f5d871
0000000000000181
0000136b5dfb1299
0000136b60e6bad9
0000136dbdb18dd9
0000136e301619f9
0000136e5f127879
0000136eb7e91419
0000136edd5fc0f9
0000136eeb66f699
00001370015bd739
000013703bd6c0d9
00001370494d88d9
000013704ccb3fb9
0000137052b6ef79
000013718617eb99
00001371a5203c19
00001371d19bbcd9
00001371d9e7c8b9
00001372894e0519
00001372ebbb4b59
0000137389f6ae59
00001374152a1279
00001374340b11b9
000026e954f4e861
0000000001f5d871
0000000000000181
0000137598895999
00001375b1e862d9
00001375cf2ef0b9
00001375db1abc19
00001375e1014d39
0000137600c06439
000013763ed60959
000013780cf05559
00001378c350fcf9
000013790e5e3c39
000013796eaa0f59
00001379f9706bf9
0000137a2556d279
0000137b5b29bed9
0000137c169a0759
000026fbf55f8a61
0000000001f5d871
0000000000000181
0000137e8d7cbf59
0000137fab4153b9
0000137feaec3a19
00001381804127b9
00001381902e8979
00001381961527f9
000013820ebf31f9
00001383dfb522d9
000013845cb2d9f9
000013849e584099
00001384b8fe4339
0000138537a33cf9
00001385f63a5359
000013860019b2b9
00001386227034d9
00001386345ca8d9
00001386414fdfb9
0000270e95ca2c61
0000000001f5d871
0000000000000181
00001387a00957d9
000013884157f599
000013888509a719
000013889b960b19
00001388cc42aa99
00001389b41a1d19
00001389cba88d79
0000138a4fd54e19
0000138a4fd54ed9
0000138aec02e659
0000138af22ded19
0000138b2ce35799
0000138bba14c019
0000138c499eb399
0000138c8dbeb939
0000138d5279a5d9
0000138d75a039b9
0000139076b63559
000027213634ce61
0000000001f5d871
0000000000000181
00001391a7a2f719
00001392a5584d99
00001392e1ed3c99
00001393a7c69ef9
000013941ba1fc59
000013957f2fafb9
000013958c7f0359
00001395925d0e99
000013959926e179
000013962efec6f9
00001396369e4df9
00001396ee86aa39
0000139711ab8c39
0000139782c964f9
00001397b4575c39
0000139806407f39
000013996aa71759
000013996dee2199
00001399771f3239
00002733d69f7061
0000000001f5d871
0000000000000181
0000139a0bab9fd9
0000139b8a36a439
0000139c55b802d9
0000139d50a3f4d9
0000139d50ed6fb9
0000139d606f19b9
0000139d62e5a539
0000139fa29c9039
0000139ffc1b0739
000013a11bce16b9
000013a17bd176d9
000013a1be648299
00002746770a1261
0000000001f5d871
0000000000000181
000013a3d3491ad9
000013a3f3ddd6f9
000013a437dbd979
000013a496db3219
000013a5650cb519
000013a5beea4699
000013a786d6a1b9
000013a79f846db9
000013a8762b8939
000013a8d8647599
000013a9c795b919
000013a9d1159279
000013a9d4ea86d9
000013a9f1f44bb9
000013aa6225ccb9
000013aaeeb2d379
000013ab44da82b9
000013ab4ddbe499
000027591774b461
0000000001f5d871
0000000000000181
000013ad4168ba19
000013ad66096139
000013ad6e6bc4b9
000013ad736bbf59
000013adb042bc59
000013b0adf7b239
000013b205b631b9
000013b3f051e359
000013b3fb31bd19
000013b4124c8059
000013b4cbda65d9
0000276bb7df5661
0000000001f5d871
0000000000000181
000013b5db4e54d9
000013b62461dc79
000013b6a2aa19f9
000013b6ca864819
000013b7373e0f79
000013b7935883d9
000013b7de2a4339
000013b87227a319
000013b8a9ea21d9
000013b91408c959
000013b9f3217659
000013ba651b5cb9
000013ba8d28b599
000013bad8f05b39
000013bb8dffa799
000013bbd17d4259
000013bbfa596859
000013bc4e817c59
000013bd428d7259
000013bd86588d99
000013be605f4d99
000013beaa2246d9
0000277e5849f861
0000000001f5d871
0000000000000181
000013bfa579edd9
000013bfa8844af9
000013c01cc0b359
000013c059bfd8b9
000013c0bf04bd99
000013c158af88d9
000013c18254b899
000013c1a6453af9
000013c1a6453bd9
000013c1df468eb9
000013c489b7c8b9
000013c4df85f1d9
000013c4fb3e7f59
000013c54acfe1d9
000013c5c4e84379
000013c5cd54cf59
000013c6ac647e39
000013c7f0b6d339
00002790f8b49a61
0000000001f5d871
0000000000000181
000013ca74cfae79
000013caae21d1f9
000013cb10f1b7f9
000013cb94f1da99
000013cc1c95f3b9
000013cc518810f9
000013ccec451a39
000013cd397cd999
000013ce0d4352b9
000013ce1f40a279
000013ce5a4cce19
000013cf1b5ca5d9
000013cfb6fcbad9
000013cfcaf23059
000027a3991f3c61
0000000001f5d871
0000000000000181
000013d21661a899
000013d27feddef9
000013d2ae2065b9
000013d2e59bd3d9
000013d338a72df9
000013d395cbd9b9
000013d3a4f47659
000013d451b0f159
000013d4bcf93c39
000013d4d0f8e599
000013d514359bb9
000013d6d2ffcf19
000013d807376819
000013d8d78ffbb9
000013da95367b19
000027b63989de61
0000000001f5d871
0000000000000181
000013dc482a93b9
000013dc50eae119
000013dc64ff1d19
000013dcdb12b3b9
000013ddd4b70739
000013de25bf1559
000013de80a6c519
000013de80a6c5b9
000013df39602a99
000013df57806c19
000013dfc628e4d9
000013e0bfcd8419
000013e0f05327f9
000013e2846f2b79
000013e34472eab9
000013e3ac5531f9
000013e3b2fb29d9
000027c8d9f48161
0000000001f5d871
0000000000000181
000013e5d447d0d9
000013e5eee695b9
000013e6ac9781f9
000013e74437fa39
000013e7a21c4639
000013e7bb806c39
000013e881b1d2f9
000013e891b6dc19
000013e8f36bc519
000013e974e17a79
000013e9c2b516b9
000013eba23b59b9
000013ec138b7a19
000013ec138b7ab9
000013ec37c86379
000013eca9638179
000013ecc53fd1f9
000027db7a5f2361
0000000001f5d871
0000000000000181
000013ede01db8d9
000013ee2cedb0b9
000013ee5fff34d9
000013ee62204519
000013efbc439239
000013efd6653699
000013efdaa758d9
000013f10675f679
000013f19a582c99
000013f294c52ed9
000013f300b17499
000013f357feb9f9
000013f36fa330b9
000013f3f0191799
000013f4727dc959
000013f4fad51b19
000013f4fad51bd9
000013f5df989699
000013f5e72019d9
000027ee1ac9c561
0000000001f5d871
0000000000000181
000013f75f8d8b99
000013f7c423a499
000013f86ea20bb9
000013f8d525a8b9
000013f8f79c1619
000013f9803b0dd9
000013f995d15499
000013f9cc89b059
000013fa42638979
000013fa876d4cb9
000013fb731c03f9
000013fb731c0499
000013fbf9ed79f9
000013fc1c5d0339
000013fca2130939
000013fcad14dc99
000013fd067ef0f9
000013fe61fc2939
000013fe94687399
000013ff83b36079
000013ffa7668b99
0000140010e382d9
000014004f6a9959
00002800bb346861
0000000001f5d871
0000000000000181
000014006b9cd799
00001403f9461819
0000140486b6be79
00001404c9f30c19
00001404d9ea7e99
0000140516644b39
00001405c85a5d59
0000140684e93a79
00001406ac2cc8f9
000014078bb64679
00001408908545d9
000028135b9f0a61
0000000001f5d871
0000000000000181
0000140a4cb4c0d9
0000140a5a093899
0000140acf3b3af9
0000140b2ad43639
0000140c000545d9
0000140c03231bf9
0000140c37100059
0000140dbb5e5bb9
0000140f1e42ba19
000014104c0711f9
00001410fbf4fc79
00001410fe81bb59
00001411087aac19
000014111351cdb9
000014115065be19
000014115eb73ed9
000014116c06a4d9
00001411bc6f5b79
000014124410fd59
0000141297a8b7d9
00001412ecd0b6b9
00002825fc09ac61
0000000001f5d871
0000000000000181
0000141394850139
0000141457cc9119
00001414f0de55f9
0000141571f6e339
00001415d3ef5839
0000141645a06d39
0000141691d65e59
00001416d8e4e519
00001416fa1afcd9
000014171dbbf5f9
00001417beeba8d9
00001417ff8c3759
000014182fe5b539
0000141839136f19
000014185ea84cb9
000014196b2a9159
00001419aa8fc379
00001419b65d04d9
000028389c744f61
0000000001f5d871
0000000000000181
0000141cfdf63519
0000141d62b1a919
0000141e92fd8499
0000141e98c71d79
0000142068fd4eb9
00001420d9f8cc39
0000142127574df9
0000142181ea19d9
0000142191ae8879
00001421cfb9b319
000014221305c879
00001423251f6719
0000142344dabed9
00001425192a8a39
0000284b3cdef161
0000000001f5d871
0000000000000181
00001425ce9fd179
00001426f24fa9f9
000014293df66a79
00001429c5489779
00001429f5373779
0000142a05e07699
0000142ad1df5b19
0000142ae1caaf79
0000142b442fabf9
0000142b5d6918b9
0000142c40a0d239
0000142c64b68d19
0000142c680ea479
0000142c68157999
0000142cc4495179
0000142ccb2292f9
0000142d18d76ad9
0000142d5122be99
0000142d57ca7199
0000142d84501959
0000142dc506bc99
0000142e1bfaf779
0000142e5eb113d9
0000142ea4e16ab9
0000142ea4e16b99
0000142ec410e159
0000285ddd499461
0000000001f5d871
0000000000000181
0000142f4140ee79
0000142f9afe07f9
000014303ab5b919
00001430ec0fceb9
0000143115dfe6d9
000014312bde5b19
0000143225c7f939
00001432a507a259
00001432af135959
00001432d6a33039
00001433546bbed9
00001433fec12c79
0000143403c7dc59
000014367d00b199
0000143697994999
000014372c9f29b9
000014375f8dc979
000028707db43661
0000000001f5d871
0000000000000181
0000143841e63c79
0000143860e979f9
0000143898262d59
0000143a072399b9
0000143a8e86ff99
0000143b20c2d8b9
0000143b241cad79
0000143b9fc20cf9
0000143ee343f3f9
0000143f163f2639
0000143fdf11b499
000014401358a179
00001440dddcf399
0000144160c47c79
000028831e1ed961
0000000001f5d871
0000000000000181
00001441bf0b1539
0000144352d1d1f9
00001443d96106f9
0000144408d6c579
0000144461485e19
00001445ff6275b9
00001446328abd79
00001446f04ff139
00001447b0054e99
0000144883943ef9
000014497e97dad9
00001449a8d65ed9
0000144a30a5c299
0000144aae722b19
00002895be897b61
0000000001f5d871
0000000000000181
0000144b02dd0a99
0000144b0ae82619
0000144b57f86499
0000144c19ccd119
0000144ce0ab5eb9
0000144d716ba3b9
0000144df72f7019
0000144e2fc0f2b9
0000144f1099fad9
0000144f3ab9d4d9
000014500c06c3d9
0000145076ff0b59
00001450f321f479
000014511c6557f9
00001451284c13b9
00001451c3739cf9
000014521aeb87b9
000028a85ef41e61
0000000001f5d871
0000000000000181
00001454e523da39
000014554d46d079
000014556e6a44b9
00001455ec2fba19
000014563f2d6279
00001456486dc139
000014573682f099
000014581c7f2819
0000145862659199
0000145869eed7b9
00001459707355b9
00001459c9cfb919
0000145aaceb7a59
0000145b0395c5d9
0000145b2f6322b9
0000145b6293ee59
0000145b7c9dc239
0000145bb0b027b9
0000145c671b6559
0000145d10804879
000028baff5ec161
0000000001f5d871
0000000000000181
0000145d997c0819
0000145dd00f0fb9
0000145e1caf9319
0000145e8273b399
0000145ee56c5179
0000145eeb848579
0000145f55c59239
0000145f67931b19
0000145f79624d59
00001460c420b6b9
000014614318d479
0000146197bcbf99
00001461bb1341f9
0000146279ae02b9
00001462cb1f2c99
00001462d38d63d9
000014637188a519
00001463a8e73d59
00001464146e23b9
000014643d6a7ab9
000014649e8a1879
0000146605381959
00001466c8dcce79
000028cd9fc96361
0000000001f5d871
0000000000000181
00001467d80fb239
000014683cfc6bf9
000014684a3febb9
0000146867fdf9b9
0000146889852839
000014688b321119
00001468fcb78019
000014692793af99
00001469510c68b9
0000146a3e444519
0000146b0bf2fad9
0000146ba6939f59
0000146bec7d6659
0000146c00968139
0000146c26529859
0000146c2999a0d9
0000146d6488b9f9
0000146e67014df9
0000146e83f62859
0000146e9bc3d119
0000146f0f3a1039
0000146f913762d9
0000146fcfaa7779
00001470100c3879
000014701367bef9
000028e040340661
0000000001f5d871
0000000000000181
0000147034f45fd9
00001470bdee6259
00001471abd543d9
00001471f3efc699
000014722203e1f9
00001474361f87f9
00001475385e3a59
00001475e6285199
000014760f79fef9
00001476151a8999
0000147650aa5ff9
0000147699957a19
00001476ac149799
00001476ee85cf39
00001477acfebb19
00001477f97bc1b9
0000147887e5b619
00001478a7bcb7b9
00001478d1f7ec79
000014790bc63e99
0000147917937bb9
000028f2e09ea961
0000000001f5d871
0000000000000181
00001479af8bf2d9
0000147a19f3c199
0000147af08133f9
0000147b3743daf9
0000147b8ec7afd9
0000147c7557a7f9
0000147d472f3959
0000147d68ef0d39
0000147d74602ab9
0000147d98498ab9
0000147dd85c4699
0000147e4ea28a19
0000147e848a9099
0000147f0e3ecc19
0000147f7c24f159
0000147fd9e5a6b9
0000147fe08171f9
000014806dc90259
000014808967f9b9
000014813ea47439
00001481ca6328d9
0000290581094b61
0000000001f5d871
0000000000000181
00001482f85277b9
00001483588b4e79
00001483604993b9
000014839a0a2759
00001483e3ddd779
0000148431caa2f9
00001484662ae399
00001484e1a46e59
000014850c512659
0000148521a23e19
0000148636450019
0000148745f9d819
00001487bb7530b9
00001488a6dbbe99
00001489825924b9
00001489c50a7d39
0000148a86dd4f59
0000148ac6abfd59
0000148b77ae4239
0000148bd3b495d9
0000148becf1ae39
000029182173ee61
0000000001f5d871
0000000000000181
0000148c8f015579
0000148cd9d51319
0000148cfe868fd9
0000148d09885ab9
0000148d300c34b9
0000148dcd9b6139
0000148e7180dc59
0000148ff8b4dcd9
0000149034e5b4b9
0000149043d7d559
00001490ad1ca879
000014913fa36ed9
00001491f9df0679
00001492372129b9
00001492d048e5f9
00001493414301d9
0000149369613f79
000014939834faf9
00001493dc2c1ff9
00001494e36447d9
0000292ac1de9161
0000000001f5d871
0000000000000181
000014957357a279
00001495a3d82d79
00001495e69c5699
00001495e856ef99
000014961d257bf9
00001496474cfd59
00001497329cbf19
0000149795a42059
000014983714e079
00001498de2ec059
0000149903263579
00001499e9fded39
00001499f402d439
00001499fe18dcb9
0000149a3cefd0d9
0000149cb0ba3e59
0000149db98c3b59
0000149e10a388f9
0000149e835f44f9
0000149e8a06fef9
0000293d62493461
0000000001f5d871
0000000000000181
000014a088bef399
000014a097106119
000014a0c853e9f9
000014a10a1d4839
000014a15c12de59
000014a175e341d9
000014a1beb33df9
000014a26a0408b9
000014a304ba1c19
000014a351d16759
000014a370cc0839
000014a3e94ac1d9
000014a4907c8c79
000014a4a9c75059
000014a4d03f6df9
000014a5a872c819
000014a5db7e5599
000014a5dc47fcd9
000014a734e0c039
000014a73c6d7859
0000295002b3d761
0000000001f5d871
0000000000000181
000014a806dc7f39
000014a8a5ee35f9
000014a8bc81b6b9
000014a8e7ca6839
000014a950d78b39
000014a95ac159b9
000014a98e79dc79
000014aa9c8f0179
000014ab81b46a19
000014ac6629cfb9
000014aca81396f9
000014acd7c1fbd9
000014adf29cd7d9
000014adfe619559
000014aef2c6c759
000014b051c75fb9
000014b0dd5a2039
000014b1239bf399
00002962a31e7a61
0000000001f5d871
0000000000000181
000014b1775b2139
000014b1a6ec85b9
000014b3efbbbb99
000014b43f2433d9
000014b5d79f6c59
000014b79de25619
000014b8717d9d99
000014b88fb596b9
000014b89b5155f9
000014ba08de2c59
000014ba8bb811f9
0000297543891d61
0000000001f5d871
0000000000000181
000014bb019512d9
000014bbf4256a79
000014bc5c2c5db9
000014bce8c429f9
000014bd21ea64b9
000014bd43dd4bd9
000014bde3a63319
000014c0c1534919
000014c1b47f9139
000014c1bdad49f9
000014c28c3f9179
000014c2ec9a9ef9
000014c2f7b0cb19
000014c32b619c59
000014c3aae2bb79
000014c3d5a20099
00002987e3f3bf61
0000000001f5d871
0000000000000181
000014c3f2fd8539
000014c52a6a2d39
000014c5726851f9
000014c66d4d4fb9
000014c66d4d5079
000014c7248473f9
000014c744971c59
000014c7febd47f9
000014c8145e0619
000014c8672fcfd9
000014c8e26e1e39
000014cab3ecb7b9
000014cb65e20e99
000014cb7ac87ab9
000014cc8b777c39
000014cc8f2f4d99
000014ccb4929719
0000299a845e6261
0000000001f5d871
0000000000000181
000014cd9887e6d9
000014ce38aa4db9
000014ce4f81cb79
000014ceb6a340d9
000014cfb2f875f9
000014cfd5793e59
000014d0d688dfb9
000014d1a5b0bad9
000014d1f51c8899
000014d33cd58a39
000014d362b8a7b9
000014d41f73b999
000014d4385619b9
000014d51fc5d999
000014d53de56839
000014d5555d8cd9
000014d5c9f3d859
000029ad24c90561
0000000001f5d871
0000000000000181
000014d6cef59819
000014d7043abc39
000014d7535a6e99
000014d78ef1d639
000014d7a1de7cf9
000014da9fb67f19
000014dca2784d19
000014dcf6f38ff9
000014dd907a6d99
000014ddb874f079
000014df5e837a19
000014dfd3f65819
000029bfc533a861
0000000001f5d871
0000000000000181
000014e079d809b9
000014e0ad278679
000014e11852adf9
000014e137639df9
000014e1f38e88f9
000014e27bcd7759
000014e334624fb9
000014e391b4d359
000014e3c281d579
000014e3d258eff9
000014e65754dbf9
000014e714b8ae99
000014e719b51c79
000014e7985e57b9
000014e816c83bd9
000014e880b34ed9
000014e8957c7e39
000014e8b83e42b9
000029d2659e4c61
0000000001f5d871
0000000000000181
000014e996471539
000014e9e483eb19
000014eae732db39
000014eb106c5cb9
000014ebcd3f0139
000014ebe9f2bc39
000014ec6d7482d9
000014ed0aa4f7f9
000014ed1d113519
000014ed8b87b439
000014ee4c7773b9
000014ef16c44a59
000014ef6d86d859
000014ef81680399
000014ef85940bb9
000014f00991e1d9
000014f01da7e179
000014f0860cc8b9
000014f16af9e979
000014f179001379
000014f2177ae6b9
000029e50608ef61
0000000001f5d871
0000000000000181
000014f342f2bb19
000014f43a1e5a39
000014f53c12a3d9
000014f56cd56119
000014f5c324d839
000014f69cae7139
000014f6a87a0499
000014f71f4eddf9
000014f730028cf9
000014f83d0b2259
000014f8890e68b9
000014f955fddd99
000014fa59b70e59
000029f7a6739261
0000000001f5d871
0000000000000181
000014fc123490f9
000014fc14b725b9
000014fc6bb98b99
000014fd0bf136f9
000014fd4f6e5859
000014fde0f05bf9
000014fee368b9f9
000014ff00ac6f19
000014ff0b916639
000014ff0c5b10b9
000014ff88512779
000014ff8b388ad9
00001500a11f2fd9
000015013bc81419
00001501c95e4779
00001502074122f9
000015024771b4d9
000015028cf0b319
00001502abc94599
000015047d21d9b9
00002a0a46de3561
0000000001f5d871
0000000000000181
00001507a821bf99
0000150877fb5539
00001508a6e6d639
0000150c24a4dfd9
0000150c8d4291d9
0000150df6ccf459
0000150e0fd39739
00002a1ce748d861
0000000001f5d871
0000000000000181
0000150fcd0e8199
0000151007749af9
000015107401bb39
000015114d2a8179
00001511cca2ab39
000015123a0017d9
00001512477862f9
000015124c101b19
0000151349c41439
00001513bd589299
0000151404b07ad9
000015160ce26ed9
0000151679deb999
00001516d8e4f8f9
00002a2f87b37b61
0000000001f5d871
0000000000000181
000015189b2b5659
00001518dd636bb9
00001518f58346d9
0000151ba24b5f19
0000151cb2bb5399
0000151d4c5ba039
0000151d99a59479
0000151e7f734e99
0000151eb5c0e9b9
0000151ed0932079
00002a42281e1e61
0000000001f5d871
0000000000000181
000015219af796f9
00001521ba1ed3f9
000015220139d459
000015225f7b5879
0000152262cb0119
00001522a5389ff9
00001522edec50f9
0000152386584c39
000015241850c5d9
00001525f7611df9
0000152617ea97b9
000015268dab0b39
00001527453c2019
00001527dc933d39
0000152872e76cf9
0000152872e76d99
000015287eafa959
0000152881ff4ab9
00001528e7d442d9
000015296ff74a59
00001529dd5c3d99
00001529e9b5e5b9
0000152a373baff9
00002a54c888c261
0000000001f5d871
0000000000000181
0000152b5eeb42d9
0000152d32a90f99
0000152d6a4d25b9
0000152de79ab959
0000152e006ff079
0000152e283ccb19
0000152e4f328799
0000152ff0bb72d9
000015300614f979
000015307c1119d9
00001530c241c759
000015312c295ef9
0000153220bee839
0000153234ac5019
000015325efbc739
000015327bedbb19
00001532c7624019
00001533ad2ccc39
00002a6768f36561
0000000001f5d871
0000000000000181
00001533b6f63079
0000153426f04919
00001534b4e58259
000015371f3db5f9
00001537742749d9
00001537d6489499
0000153952b89659
000015397f967019
00001539cf7cc619
00001539ffc8ccf9
0000153a259f1719
0000153a4b8473b9
0000153b0e171cf9
0000153b3fe76719
0000153b46960939
0000153c81855e59
0000153cbae0d819
00002a7a095e0861
0000000001f5d871
0000000000000181
0000153e38448fd9
0000153f9de07519
0000153fe65346f9
00001540ff7ef779
00001541267f04b9
00001541888e17b9
00001541b646bdb9
00001542492f32d9
00001542771c9df9
00001542c2f5fcd9
00001542d87f2019
000015438f448459
00001543e982be99
00001543f4475eb9
00001544c492ec19
0000154569e4c6b9
00002a8ca9c8ab61
0000000001f5d871
0000000000000181
000015471968b399
00001547e1d60879
00001547e1d60939
00001548b80b51b9
000015498c21f819
0000154a6870af39
0000154a6d776879
0000154bb8ce2619
0000154bcb466939
0000154bd21f9919
0000154bfce754d9
0000154cc4eba219
0000154cfba60c19
0000154d4f7cd0f9
0000154d8cb9e219
0000154e03be3f79
0000154ec133f799
0000154ee4760699
0000154f7e503c59
00002a9f4a334f61
0000000001f5d871
0000000000000181
0000155086486059
0000155251bae6d9
00001552b7f44af9
0000155342dba7b9
0000155343b2f219
000015539ae1f279
00001553d0ab90f9
000015546b808df9
000015548ea23359
000015560249dfd9
00001556e510d7f9
00001558e381d159
00002ab1ea9df261
0000000001f5d871
0000000000000181
00001559c50b9439
00001559e229d2b9
0000155a2caa7d19
0000155a43f4beb9
0000155b10e2efd9
0000155b3eb4f059
0000155b4bfdc139
0000155bfe567bf9
0000155d15b437f9
0000155daceba2b9
0000155e10cffd39
0000155eed79e6b9
0000155f21e65f79
000015604f59e559
000015607174c9b9
00001560911c4099
00001561e29815d9
00002ac48b089661
0000000001f5d871
0000000000000181
00001562d0c9c7b9
00001563511c24b9
000015637a0e6a39
00001563d77d4499
000015640e1986b9
00001564dfbb8079
00001564e78934b9
00001564fbf68f59
0000156541ae5d19
0000156780541d19
0000156824131719
0000156827a8b899
0000156868fd4ff9
00001569cc12d4d9
0000156a35c43c79
0000156a467eb8f9
0000156a635f5cf9
00002ad72b733961
0000000001f5d871
0000000000000181
0000156cba381b59
0000156cda76ae79
0000156d58c41059
0000156de1c03619
0000156e0d564fd9
0000156e2f2f8919
0000156e6d21eeb9
0000156e9ad70359
0000156ec7340f19
0000156f1d8d6719
0000156f32cedcd9
0000156f4e9af459
000015700b344639
000015702a016db9
000015702fbd7519
000015707450e019
00001571ae02de19
00001572a36cd559
00001573b4bfe259
00001574082a69f9
000015744313d939
00001574e19a9379
00002ae9cbdddc61
0000000001f5d871
0000000000000181
0000157609243ef9
0000157740100b59
000015777f18c479
000015778e14f0f9
0000157804a0b139
000015786e46a879
0000157891888d39
0000157899e79099
00001578af0b2d79
000015793e6cf5b9
000015798df5d199
00001579dbd6f019
00001579eaeb3599
0000157adc692ef9
0000157af4b3c6d9
0000157b73915ed9
0000157b8d465359
0000157c522bee39
0000157cbeaa9879
0000157d2bc1d179
0000157db3609139
0000157db36091f9
00002afc6c488061
0000000001f5d871
0000000000000181
0000157e96498ad9
0000157f220188b9
0000157f332d9c19
0000157fc39688f9
0000157ff9959e39
000015808da94219
000015831774b1f9
0000158334b00839
000015834b5b7019
00001583e2fbb039
000015844df18059
00001584bbf92e39
0000158506099e99
00001586a0cc9579
0000158710504279
000015873f968cd9
00002b0f0cb32361
0000000001f5d871
0000000000000181
00001587976c69f9
0000158833f4b459
0000158ab641e7f9
0000158b3727c4b9
0000158ca2967e59
0000158d3501e0b9
0000158d6beef1d9
0000158d752f7cd9
000015909c361699
00002b21ad1dc761
0000000001f5d871
0000000000000181
0000159133d300d9
000015915125db19
00001591d3ace399
00001591f6d8f0b9
00001592bd03eab9
00001592efc1bf99
000015936194bcb9
00001593cec099b9
0000159411778cd9
00001594aa4bf799
00001594d419c879
0000159519801119
0000159552d7b6d9
000015957bad3319
00001595d53e87b9
000015963f5faf19
00001596bd050d59
00001597440277b9
00001597ca257679
00001597cd6e4939
0000159862d834f9
00001598de5f6299
00001599591e4039
00001599c08a3fb9
00002b344d886b61
0000000001f5d871
0000000000000181
0000159b8a2a5cd9
0000159eac2d29d9
0000159f1c7dec79
0000159fe36c3059
0000159fee5b4f19
0000159ff5c95759
000015a0f2f22ad9
000015a169aaa739
000015a25b084339
000015a2a8a78939
000015a2f76ea179
00002b46edf30e61
0000000001f5d871
0000000000000181
000015a37a406c79
000015a3d724e299
000015a3fa837f79
000015a447294c79
000015a482492bf9
000015a4cfcb66f9
000015a5085e8a19
000015a552394019
000015a6e09caed9
000015a73e7f0a99
000015a74a587bf9
000015a8ec3679b9
000015a9184aa439
000015aa3b27b439
000015aa9d6c6859
000015aac16ac4f9
000015ab16510979
000015abfc62a539
000015ac7da41519
00002b598e5db261
0000000001f5d871
0000000000000181
000015ad7f5a9719
000015adc719be39
000015ae461ea8d9
000015ae75b721d9
000015ae86437b19
000015af49884e59
000015afcbe6f399
000015b049a64ab9
000015b0585ed9f9
000015b083e4bcd9
000015b0fb22f839
000015b1e75b8459
000015b201de3f99
000015b319f6d9f9
000015b400b903b9
000015b44880bbb9
000015b52e18a339
000015b57f389d79
00002b6c2ec85661
0000000001f5d871
0000000000000181
000015b63e9bea79
000015b67fe2ce99
000015b72053cf59
000015b829b88199
000015b9057760b9
000015b978a4a0b9
000015ba0dc47799
000015bae0137c39
000015bb0d6b7579
000015bb50b79539
000015bba323ef19
000015bba6812859
000015bd31b79ff9
000015be42082819
000015be80e76639
000015be8522c339
00002b7ecf32f961
0000000001f5d871
0000000000000181
000015bf82e02d19
000015c01cae6039
000015c08c18a4f9
000015c257a96df9
000015c2fc00da39
000015c354f4b3b9
000015c37ac56219
000015c3ae9f9e99
000015c4102f50d9
000015c5cf346db9
000015c5f783eb59
000015c5fae65019
000015c6791c3619
000015c81ca24eb9
00002b916f9d9d61
0000000001f5d871
0000000000000181
000015cb46c814f9
000015cc0d8bca99
000015cc7f71c3b9
000015cd2a377c59
000015cdb936e799
000015ce5c9d82f9
000015ce9b622059
000015cedc39dbd9
000015cef424ad59
000015cef781eb59
000015cfa048ef59
000015d09242ae99
000015d1469f1259
000015d15fcb1619
000015d1d3bea079
00002ba410084161
0000000001f5d871
0000000000000181
000015d35d1eee39
000015d3d84c4079
000015d42983e9d9
000015d5fa8503b9
000015d6966a7fd9
00002baebb5f5d61
0000000001f5d871
0000000000000181
