[MCS8 A] 97 FW 3.104 SV 1.257 
range=1024
periods=2
sweepmode=27e20d0
fstchan=0
holdafter=0
streamstatus=3
calreg0=0
calreg1=0
calreg2=0
calreg3=0
swpreset=8000        
prena=1
syncout=0
cycles=18
sequences=1
tagbits=16
vdac0=92c
vdac1=807
vdac2=8c8
vdac3=8c8
vdac4=8c8
vdac5=8c8
vdac6=8c8
vdac7=8c8
timepreset=150.000     
digio=0
digval=0
autoinc=0 
savedata=2 
mpafmt=asc
sephead=0 
fmt=asc
smoothpts=5 
[CHN1]
REPORT-FILE from 06/22/2026 14:37:19.264  written 06/22/2026 14:37:19
cmline0=06/22/2026 14:37:19.264 
cmline1=A1
range=1024
active=1
bitshift=4
cftfak=2580100
evpreset=10          
roimin=0
roimax=1000
caloff=0.800000
calfact=12.800000
calfact2=0
calfact3=0
calunit=nsec
caluse=1 
[CHN2]
REPORT-FILE from  written 06/22/2026 14:37:19
cmline1=A2
range=1024
active=0
bitshift=4
cftfak=2580100
evpreset=10          
roimin=0
roimax=1000
caloff=0.800000
calfact=12.800000
calfact2=0
calfact3=0
calunit=nsec
caluse=1 
[CHN3]
REPORT-FILE from  written 06/22/2026 14:37:19
cmline1=A3
range=1024
active=0
bitshift=4
cftfak=2580100
evpreset=10          
roimin=0
roimax=1000
caloff=0.800000
calfact=12.800000
calfact2=0
calfact3=0
calunit=nsec
caluse=1 
[CHN4]
REPORT-FILE from  written 06/22/2026 14:37:19
cmline1=A4
range=1024
active=0
bitshift=4
cftfak=2580100
evpreset=10          
roimin=0
roimax=1000
caloff=0.800000
calfact=12.800000
calfact2=0
calfact3=0
calunit=nsec
caluse=1 
[CHN5]
REPORT-FILE from  written 06/22/2026 14:37:19
cmline1=A5
range=1024
active=0
bitshift=4
cftfak=2580100
evpreset=10          
roimin=0
roimax=1000
caloff=0.800000
calfact=12.800000
calfact2=0
calfact3=0
calunit=nsec
caluse=1 
[CHN6]
REPORT-FILE from  written 06/22/2026 14:37:19
cmline1=A6
range=1024
active=0
bitshift=4
cftfak=2580100
evpreset=10          
roimin=0
roimax=1000
caloff=0.800000
calfact=12.800000
calfact2=0
calfact3=0
calunit=nsec
caluse=1 
[CHN7]
REPORT-FILE from  written 06/22/2026 14:37:19
cmline1=A7
range=1024
active=0
bitshift=4
cftfak=2580100
evpreset=0           
roimin=0
roimax=1000
caloff=0.800000
calfact=12.800000
calfact2=0
calfact3=0
calunit=nsec
caluse=1 
[CHN8]
REPORT-FILE from  written 06/22/2026 14:37:19
cmline1=A8
range=1024
active=0
bitshift=4
cftfak=2580100
evpreset=0           
roimin=0
roimax=1000
caloff=0.800000
calfact=12.800000
calfact2=0
calfact3=0
calunit=nsec
caluse=1 
;MCS8 #97 Sversion=1.257 Fversion=3.68
time_patch=1
;datalength=8 bytes
;bit0..3: channel# 1..8 ( 4 bit)
;bit4: edge 0=up / 1=dn ( 1 bit)
;bit5 ..57: timedata    (53 bit), max sweep length 2001.6 h
;bit58..62: tag0..tag4  ( 5 bit)
;bit63:     data_lost   ( 1 bit)
[DATA]
0000000000000016
00000000443995f9
000000005289bc79
0000000068c0b3f9
0000000077defe79
000000009664fef9
00000000cacec1b9
00000000f2cbc6d9
000000010b1e4c19
0000000119fac5d9
00000001319b2e99
0000000151fb53f9
000000015f34d679
00000001624048d9
0000000177d9bdb9
00000001aadc92f9
00000001ac95d019
00000001e21cd1b9
00000001e561d5f9
000000020459f1d9
000000020f21feb9
0000000217f53779
000000025f348a19
00000002764daa59
0000000292e23359
00000002cb3bd6b9
00000002cd46f739
00000002f86068f9
0000000306da0519
000000030a2943b9
00000003531bbff9
0000000386f0b339
0000000398b56af9
00000003a95caf19
00000003c31bb019
0000000401303b79
0000000418658a19
000000041d18b719
000000049f24b339
00000004b6850bb9
00000004e67cb719
000000054dc88af9
00000005659a2c59
00000005c53848b9
00000005e4d8f039
0000000600167d39
00000006005fba19
000000060ccd6079
000000062e2246d9
000000063ea64f79
0000000666dba339
0000000680508739
00000006a4165d59
00000006bd520659
00000006be7ab479
00000007066e5759
0000000731cb45d9
000000075c535479
000000076895e579
000000079a2408f9
00000007beea0719
00000007c09b43b9
00000007c455c899
00000007d9ce0099
00000007f1995c99
00000007f62c3979
000000080c3ea3b9
0000000835f58779
000000085fc2fdd9
000000088d7ab7d9
0000000891f6f4d9
00000008d6251079
0000000928b9fe79
000000092bbce7b9
0000000954af39b9
000000096adda4d9
0000000974d21a79
00000009806eaf19
00000009886ca559
000000099735db99
000000099ec8a519
00000009a83ed0b9
00000009aa844b99
00000009d7b159d9
00000009fe47b779
0000000a0b560479
0000000a130ae879
0000000a1dbb49f9
0000000a411d2099
0000000a4bd03ff9
0000000a4d2dff39
0000000a7f212139
0000000a95b91f39
0000000aa4131999
0000000ac3e04d99
0000000ad4e974b9
0000000b1b297e59
0000000b2629c8f9
0000000b380fdb39
0000000b649c61f9
0000000b72212cd9
0000000b8a8cfb19
0000000b8c4dead9
0000000b8d90e699
0000000b95e8a439
0000000ba41cca59
0000000bbe6919b9
0000000bc3024b79
0000000be3d5ca19
0000000bf53d41f9
0000000c305ec699
0000000c4e3b0779
0000000c50477bf9
0000000cbfd56219
0000000d2d69a939
0000000d7d83ffb9
0000000d9c8a17b9
0000000db9632f59
0000000dc0daaff9
0000000dd60557f9
0000000ddd214539
0000000e09862e79
0000000e8fd52b79
0000000e9e29ed79
0000000ecbf632f9
0000000ed4493f59
0000000eea305df9
0000000f08e8bab9
0000000f0d3cfc99
0000000f3ecc8f59
0000000f5ba66039
0000000f62883879
000000100847b099
0000001010298459
000000102dfbe3b9
000000103eb6ddb9
000000107c13d9f9
000000108f90cdb9
0000001091198459
00000010a0d189f9
0000002156222561
0000000000f66071
0000000000000181
00000010b96af119
00000010d80ea419
00000010da093999
00000010f8159fb9
000000112c253679
00000011585393f9
000000115c00cc79
0000001177d70779
00000011ba448ad9
00000011c02f6ff9
00000011d6c73df9
00000011d6e93e79
00000011e2b42cb9
00000011e6ef0679
000000121ec2cf39
0000001221167fd9
000000127f365a19
00000012be3bfbf9
00000012c6254e79
00000012d29663f9
00000012f6dfbb39
000000130117cdd9
0000001333e2e039
000000133b9f0559
0000001340be9d99
00000013714f2a39
000000137381a539
000000137ca3d5d9
000000138fccf7f9
00000013b83e1959
00000013d517e259
00000013e4a86b39
0000001468091e59
000000146b7adb99
000000149722c559
000000149f80e579
00000014a35f7e79
00000014b74ee0d9
00000014be4305f9
00000014d1dbbe79
00000014d2aaf519
00000014d2ff59b9
00000014f3534519
000000151563c8b9
0000001518c5e599
0000001519b39619
000000151dff2df9
000000151e584779
00000015328921b9
00000015448ae0b9
0000001559e9ee19
00000015613b5f79
00000015ccf5b359
00000015d105ca99
00000015e11f0ff9
0000001609aa9639
000000160d64bad9
0000001611cc4ed9
00000016277a2299
000000163cc6fc19
0000001643018af9
000000164ba33239
000000165f759419
0000001677dbe779
0000001688b45399
000000168b841df9
00000016a37e1cb9
00000016b2852639
00000016b3b89099
00000016e445f959
0000001715446019
000000172953e139
0000001747e00279
00000017791e2c19
000000177bfd8a39
00000017842fee19
00000017881753b9
00000017c431c1d9
0000001818bdbcf9
000000181bd165b9
0000001822781179
000000182837e879
000000183f2c92b9
000000184b04a559
0000001893f03b79
00000018a3887ad9
00000018a40bb8f9
00000018cf92e099
00000018e6a47219
00000018ee9fd779
00000018f2ac63f9
0000001901d8dc79
0000001923326c39
0000001927140759
000000195bb84f79
00000019664b5bb9
00000019892c63f9
00000019a4b47f39
00000019ac51fdd9
00000019cbd2cd19
00000033f68cc761
0000000000f66071
0000000000000181
0000001a008275b9
0000001a03c1ea99
0000001a4fc21399
0000001a529fec79
0000001a6a545af9
0000001a72a863f9
0000001a9544bff9
0000001aacfdadf9
0000001aae5b1eb9
0000001ab019a0d9
0000001afe1e23b9
0000001b26edd319
0000001b2701ebd9
0000001b302a3459
0000001b38bf3b39
0000001b4b114539
0000001b5eea6c19
0000001b814eb919
0000001bfd6938f9
0000001c02a80699
0000001c0611d5f9
0000001ca30c6379
0000001cdea63a59
0000001cecd71939
0000001cf2a4e399
0000001cf5f93bf9
0000001cfba88239
0000001d21087bd9
0000001d301bd999
0000001d3fa6f7d9
0000001d5c302979
0000001d5c893eb9
0000001d5d5715d9
0000001d7795c779
0000001d869f3999
0000001d8b6eac99
0000001da44b4a19
0000001dab2a8059
0000001e162ef5f9
0000001e51b1bbd9
0000001ea6144879
0000001ecf18f999
0000001ed06b0dd9
0000001efc1cfcf9
0000001eff0c6879
0000001f4ed2da39
0000001f5d1b9af9
0000001f72c82c39
0000001f872a15b9
0000001fbf7f8af9
0000001fd242b519
0000001ffd910439
000000204a7b57f9
00000020525dafb9
000000206fc75c19
00000020839a72d9
000000208bf7cc39
00000020b1d82579
00000020b96acf19
00000020f348c8d9
000000210d0230f9
000000212f760fb9
00000021468e75d9
000000217c49b359
00000021b8973bf9
00000021f93bddb9
000000226b0c3039
00000022780c38b9
00000022a21b9759
00000022e67f3159
00000022ff2729f9
000000230a714779
000000231f174499
0000002327f0da19
0000002343c8e8b9
0000004696f76961
0000000000f66071
0000000000000181
000000234febea19
0000002376a60359
000000238bc0c879
000000239f8183d9
00000023a16623f9
00000023b3b70739
00000023cfa3d219
00000023e5255a79
00000023f7726b39
0000002410fd8239
00000024326ec319
000000244b6e5c39
00000024550600d9
00000024691419f9
0000002477cbd579
000000248bf0c439
00000024993bca59
00000024ae598b59
00000024db82d2f9
00000024f19b1e39
000000250c038659
0000002541f12af9
000000255bb3a1f9
00000025611431d9
0000002585792ef9
00000025c4bdc5f9
00000025dae6dc99
00000025de8cad19
00000025deb26499
00000025e7471639
00000025f4cbf7b9
000000260ceba839
000000260eaabd99
00000026350a3079
000000263934e7d9
0000002640fc6c39
000000264231aff9
000000264b9ed579
0000002688593d79
00000026939aa319
00000026afaebd79
00000026e8b9ee59
00000026ea657499
00000026fa0e8e79
00000026ffa18859
00000027146296b9
00000027199c0e99
0000002754405f19
0000002766977219
00000027c15a9a59
00000027eee01fd9
00000027fee3e239
0000002808f33cd9
0000002820dc1679
00000028300f3ef9
000000285e9c4f99
0000002882a62019
00000028aa0a9419
00000028db33b279
00000028dc3172b9
00000028e6041799
00000029200e2319
0000002943883d59
000000294e830439
0000002958911879
00000029913abaf9
00000029d6ac30d9
0000002a18aa4a39
0000002a32f697f9
0000002a5c51bef9
0000002a9d6a0119
0000002ab00b7c59
0000002ac057bfd9
0000002ac98570d9
0000002b154b9af9
0000002b19b76f39
0000002bbe678059
0000002bd140b959
0000002bd547fb19
0000002bf0a8a4b9
0000002c2b092cf9
0000002c5f7fafb9
0000002c7497d8b9
0000002c813ed459
0000002c92d4fb59
0000005937620b61
0000000000f66071
0000000000000181
0000002ca0af1ed9
0000002ca328e919
0000002cd618a619
0000002d28b444d9
0000002d3769b159
0000002d6d03f779
0000002dc7902f99
0000002e503f8b39
0000002e7df66999
0000002e949d3479
0000002ea7bd7fb9
0000002eb7d81319
0000002ebe1bbd19
0000002ecb024259
0000002f8a8241b9
0000002f8a829c79
0000002f97f36639
0000002fb19233d9
0000002fc26f6639
0000002ffaee0019
0000003005062439
0000003008849179
00000030136cef99
000000303eb5bd39
0000003058941279
000000305e9073d9
000000309726d019
00000030b80fceb9
00000030dc26c9f9
0000003109d15f19
00000031654774b9
000000316a248999
00000031ab2a3939
00000031d5710879
00000031d8c33a99
00000031e2bedb39
00000032201b4db9
0000003229856059
000000323d6978d9
00000032443e1259
000000324bd44019
0000003259774759
000000325deb47b9
000000325ef54eb9
00000032b0c26dd9
00000032e162d099
00000032f7eb0119
000000331acfa979
0000003326f66579
0000003373ec0ad9
0000003392baff19
00000033c0503859
00000033c6883919
00000033ea284e99
000000342193d399
0000003430cc3799
000000344644b019
0000003452df76d9
000000345a357b39
0000003461ae7bb9
000000346f2487d9
000000347b989999
000000348be213d9
00000034a010cfb9
0000003508d6b9f9
000000350ccccd79
000000353cfd6d79
000000353d66e959
000000354477f5d9
00000035604ca019
000000358b73ead9
000000358fe02099
00000035904d4a59
00000035cf1d85f9
0000006bd7ccac61
0000000000f66071
0000000000000181
0000003601943f59
000000360c406839
0000003618f526b9
0000003631926959
000000364f0bf599
00000036991e08f9
00000036a0c1fd59
00000036b2cbcb99
00000036f2ca7759
0000003711987b39
0000003755f642d9
000000375e2cc8b9
000000377e293239
0000003782da43f9
0000003789301799
000000379480d099
00000037fe2d1df9
00000038026e5419
0000003803c8a139
0000003826c69b19
000000382a52d779
000000382bac74d9
0000003844f96d59
000000384b84a539
00000038a4b612b9
00000038df5bd2f9
00000038ff9be6d9
0000003904fae239
00000039207f2819
0000003923684f79
0000003923afa439
000000392469c599
000000392a3723f9
000000393af48af9
0000003978bc6f59
00000039833c7419
000000399b7720d9
00000039c663d0d9
0000003a20701499
0000003a37511b99
0000003a3c7bd9f9
0000003a4a2d62b9
0000003a53ba3cd9
0000003a637d9219
0000003a803b0b99
0000003a9f180af9
0000003ae3f499f9
0000003ae7286e79
0000003b07b20599
0000003b14c32a99
0000003b1d406f79
0000003b31d35fd9
0000003b4936d7b9
0000003b562f7879
0000003b7d2a0f79
0000003b84e5b979
0000003c0bb6c719
0000003c41c50e99
0000003c501b9679
0000003c5b6bb0d9
0000003c854cf239
0000003c98e99d39
0000003ca2c44b59
0000003caea66e99
0000003cd0644199
0000003cfa4e48b9
0000003cfe0fe4d9
0000003d32eaa2f9
0000003d6ffa9959
0000003d8b573279
0000003d9a8337b9
0000003da0018899
0000003da295b539
0000003e26e8afd9
0000003e26e8c759
0000003ea237d3b9
0000003efcc22899
0000003f19146f99
0000003f2b8a1939
0000003f36542039
0000007e78374e61
0000000000f66071
0000000000000181
0000003f54b63c79
0000003f685dd7f9
0000003f73ab6339
0000003f8c356319
0000003fc1586559
0000004043305899
000000406585dc39
00000040747d4679
0000004094f23219
0000004099b6d919
000000409a21cf19
00000040a7ccb6d9
00000040aef24d99
00000040c7d60e59
00000041067193b9
00000041204a5739
0000004135b28739
0000004161e978d9
000000416f46e059
0000004194366279
00000041f33773d9
000000422fcf4bf9
000000425ea6e779
000000427351fb39
000000427c8efdd9
0000004285cc01d9
0000004285e9b6f9
00000042a0f89799
00000042de989bf9
00000042eafba2f9
000000433ee33a79
000000434b720d39
0000004352f045f9
00000043892b9719
00000043e6d02399
000000441e74ef59
0000004447402b19
000000445b63e4d9
00000044a5d24f99
00000044b9bc61f9
00000044bce89299
00000044c1b9eab9
00000044c332d0f9
00000044d96bfed9
00000044dde51f19
00000044fd05ed79
00000045087704f9
000000451bc34bd9
0000004529fb7219
00000045324a0e39
00000045454781d9
000000454a991159
0000004553c21859
000000456ea25c79
00000045a9df8699
00000045de418d99
00000045f2cced59
0000004608e96899
000000460ea2d1f9
000000460f3ea339
000000461f67caf9
000000463891d099
0000004639bfc479
00000046607ba0f9
00000046a1315e39
00000046abbb0499
00000046b9fad1d9
00000046d8a67139
000000472e5448d9
00000047813b8bf9
00000047c3644f19
00000047e14f60f9
000000483272f119
0000004842110fb9
000000485e8ddfd9
000000487a1312b9
00000048819ed219
0000009118a1f061
0000000000f66071
0000000000000181
00000048e55ee739
0000004905fe64f9
00000049337f71b9
0000004976aa63d9
000000498a7a97f9
00000049f33c5d59
0000004a0c67e3b9
0000004a1553d5d9
0000004a1e447c79
0000004a1fd1e719
0000004a6efff9f9
0000004a8ed033b9
0000004aa4934cb9
0000004ab089e819
0000004acdf07e79
0000004ad7d6e9b9
0000004b1e4feff9
0000004b391a5939
0000004b79f49119
0000004b8a399939
0000004ba3b1d2f9
0000004bb2fea199
0000004bb4bf23b9
0000004c2e1376d9
0000004c4d102d79
0000004cb7bd9319
0000004d009c65b9
0000004d01264d59
0000004d036f0b59
0000004d79bd76b9
0000004dec862659
0000004e14ede199
0000004e29f27d99
0000004e6f8bb9d9
0000004e7433f599
0000004e7f9fda19
0000004e7fb16939
0000004e8f76ac99
0000004ef52d0799
0000004ef89bd679
0000004effeccbd9
0000004f07f256b9
0000004f135e2059
0000004f2cb20319
0000004fa2cd18f9
0000004fa7519b39
0000004fb36cce39
0000004fdbdea4d9
0000004fe8ad7699
0000004fecab4459
000000500194c8d9
000000501641c6f9
000000501bd530d9
000000502889c239
000000503acaced9
000000503f301f19
0000005064f8e399
00000050716c8099
00000050760366f9
00000050bd3a5e39
00000050e9ac3219
00000050ff289f39
000000511512ac99
00000051446d06f9
000000514d64f2f9
000000517427a739
0000005176fdf0f9
0000005195c610f9
00000051be2a29f9
00000051d8dd7579
00000051db703e79
000000a3b90c9161
0000000000f66071
0000000000000181
00000051f78f3bb9
00000051f8d72b19
00000052207075d9
00000052373c09d9
000000525df79579
0000005284731199
000000528ad42a99
000000528c5c6ef9
00000052a4e23ed9
00000052a57f8659
00000052edaa1619
00000052fe9241d9
00000053187db059
000000533bdbe659
000000536f338bd9
0000005379d7f979
00000053a7135899
0000005410f04b39
0000005436391899
000000549c23d8d9
000000549f6bb919
00000054ab31bb99
00000054cb68a279
00000054d40058f9
00000054e82c6d59
000000550c37e039
00000055740ba699
00000055b422f139
00000056313d9079
0000005633ed0e99
000000567ecc99b9
0000005698936b59
00000056b0711bd9
00000056f2e24059
000000572e458079
0000005732653e39
000000574da4e3f9
0000005753d9f9b9
00000057707fe179
00000057ab685659
00000057c00ed339
00000057f1509279
0000005807e1f2d9
000000585bdbce19
00000058709cb679
00000058715797f9
000000587aab6ed9
000000588abf6f59
00000058973343d9
00000058aa7694f9
00000058dc769bf9
00000058f97eb819
0000005911cce379
0000005928ddf279
0000005942f55c79
00000059662f6019
00000059717fc099
0000005998229299
00000059be1b7819
00000059be2ca7b9
00000059d3509139
00000059de03cf39
0000005a094f3799
0000005a0affa419
0000005a1f13a139
0000005a2bc7a939
0000005a49f943d9
0000005a5a7f2eb9
0000005a5ffc0fd9
0000005a7589add9
0000005a87672539
0000005aa313cd79
0000005abe570839
0000005ac2877719
0000005af44bca59
0000005b09c67e99
000000b659773361
0000000000f66071
0000000000000181
0000005b743a6979
0000005b84dc2999
0000005b9541a159
0000005bbb402f19
0000005bc1745419
0000005bd84fa7b9
0000005c36dd5cd9
0000005c44d3d0f9
0000005c5782c4d9
0000005c5eb9e419
0000005c720e6a59
0000005c927e0739
0000005c9c24e819
0000005cc2415419
0000005cd7c3e6b9
0000005cd984b0b9
0000005cf68045b9
0000005d16e88f79
0000005d34c61f39
0000005d44a5e379
0000005d4e6883d9
0000005d9602f5f9
0000005db8f6bfd9
0000005dde82e279
0000005dfa907a39
0000005e6180f3d9
0000005e7516cbf9
0000005ec9ea5e79
0000005ed08ba879
0000005ed9a75a19
0000005ee979e5b9
0000005f12cacc39
0000005f27957d79
0000005f6739b959
0000005f756efb79
0000005f777dbc99
0000005f7b769279
0000005f97467f39
0000006019c33d79
00000060202fefd9
000000605282cb79
0000006081cfe2f9
00000060ebd17799
00000060ed9cf5d9
00000060fe9a83b9
000000610044ce59
0000006113ee5fd9
000000612b7160d9
000000614440f379
0000006156d135d9
000000619158aa99
0000006191fccbb9
0000006192bdc459
00000061f952bbf9
000000622559da99
0000006255007b79
0000006260d3a739
0000006264b4a619
00000062931a0779
000000629a9b17d9
00000062bb5ada99
00000062d7208599
00000062ea13c139
00000062fcd89fd9
000000633001f719
000000633c16c699
0000006340f2b719
00000063528793d9
0000006369edb679
00000063ad3ad019
00000063b4f14019
00000063c1693cd9
00000063cf990899
00000063d04b9979
00000063d1daf3b9
00000063dfbd4939
00000063f46d6e99
00000064139ed9d9
000000641463bc79
000000645a83e739
000000c8f9e1d561
0000000000f66071
0000000000000181
0000006484b569f9
000000648a8a0e59
000000648be94879
000000649f94a779
00000064b1e57a99
00000064bab54239
00000064c49a3a39
00000064d2047479
00000064f634d499
00000064f6a2c079
000000652fab93f9
000000653324c7d9
000000653ed56559
0000006561e71dd9
00000065674a8639
00000065cc5fa3f9
00000065ddd49b19
0000006613b5cfb9
0000006619f4fc19
000000663c720ad9
000000664075b4f9
0000006645796339
0000006672025839
000000667469a359
00000066752e35b9
00000066a50652b9
00000066e520dad9
00000067648946d9
000000676a67b3f9
000000678e748059
000000678e7f1c19
00000067bfd22899
00000067d86f9f39
00000067fcf2f3d9
000000681932abd9
000000683dae48b9
000000684add4e19
000000685848bf39
000000686d85b5f9
0000006878c86139
00000068c26129d9
00000068c3ae5859
00000068e05b23d9
00000068f4e046f9
00000069219f5f19
0000006932d91479
00000069557999f9
0000006966236fd9
00000069937ffd39
0000006a041bd959
0000006a0ceb77d9
0000006a2dbe5a19
0000006a3d66f7f9
0000006a7d00b519
0000006a943c1999
0000006b187aff59
0000006b32e6d539
0000006b90cac839
0000006c16d0dbb9
0000006c467125b9
0000006c48426339
0000006c70893b59
0000006ccd138cd9
0000006cdcd7e6f9
0000006d5518a559
0000006d5f7bec19
0000006d7e78a6f9
0000006d8c2d2759
0000006d954314b9
0000006dac1b2c59
000000db9a4c7661
0000000000f66071
0000000000000181
0000006dcda76fd9
0000006dcf76f7b9
0000006de04cd1f9
0000006e31648ed9
0000006e48c4fb99
0000006e5e3afa59
0000006e6b8b9fb9
0000006e96c65259
0000006e9fd14a19
0000006ec5f69ad9
0000006ef261cdf9
0000006ef3aac5d9
0000006f0e0ec299
0000006f1b8876f9
0000006f4dc18e79
0000006f5dec1039
0000006fbc08d479
0000006fda301a59
0000006fe23e5519
0000006ff5e48f19
0000007012d7ed59
00000070803e97d9
00000070918d49f9
000000709efda7d9
00000070b5f4d799
00000070c824a779
00000070d605a3f9
00000071181406d9
000000711cff7e39
000000712f259dd9
0000007133915f99
0000007135897db9
00000071439bdbd9
000000715232def9
000000715597dcf9
0000007173b7daf9
000000717a4cd519
00000071978434f9
00000071e9d2cb99
000000722b665539
000000724a44e6b9
000000728df36f19
0000007295355519
00000072ddb13559
0000007312d93e99
00000073514d37d9
00000073552e8c39
000000737eeb9419
0000007394e96e19
00000073a6239db9
00000073f4a43079
000000742047ea59
000000743e397f59
0000007464b5b359
0000007497a38a19
000000749f492299
00000074a02a7db9
00000074a4a88fd9
00000074c22165b9
0000007512cfc759
000000751aa47819
000000755ae66d79
000000758a8354f9
00000075b11c5259
00000075beb91a99
00000075cedf82d9
0000007611f39cd9
0000007618eb2459
00000076209acc59
000000763c17bbd9
0000007672379019
00000076d0f36739
00000076eae8ccf9
00000076f61e56d9
000000ee3ab71861
0000000000f66071
0000000000000181
0000007730f42a79
000000774d8c23f9
0000007751551c99
000000779f6c6c39
00000078504a5199
0000007891210139
00000078a4564d79
00000078ce6cfa39
00000078db904f59
00000078e6c16c59
00000078f895abf9
000000790af1a4f9
0000007958d28579
0000007963807bd9
000000799cff0c59
00000079b01ff0f9
00000079bc5c9619
00000079d09561d9
00000079d68078b9
00000079f2bc1199
0000007a1273e9b9
0000007a44175bf9
0000007a4f30a1f9
0000007a82394c79
0000007a916f3039
0000007ac8ce1459
0000007af2aea759
0000007af2e40799
0000007b1a59f179
0000007b34361659
0000007b466df019
0000007b4a364ed9
0000007b641a22d9
0000007bc8716639
0000007bca0bd1d9
0000007be542bef9
0000007bf9acd6f9
0000007bfe8942f9
0000007c091a8019
0000007c0e4e12f9
0000007c29a94699
0000007c34a60bd9
0000007c41622bf9
0000007c54299df9
0000007c8fbc1ab9
0000007c9017ca99
0000007c9e700719
0000007cab8f4cb9
0000007cd64fa039
0000007cd8a8e459
0000007d0cb838b9
0000007d1aa9a319
0000007d3bad9259
0000007d4189a899
0000007d474df3d9
0000007da09b9959
0000007def49dff9
0000007e103498d9
0000007e32cf37f9
0000007e368c0299
0000007e40032199
0000007e78619e19
0000007e827e5c19
0000007e9b174f99
0000007ea849a2f9
0000007eb8c395d9
0000007ec257c859
0000007f4d833959
0000007f603d4139
0000007fd45028b9
000000800ed48439
00000080166f2bf9
0000008041757a19
000000804fdafff9
00000100db21ba61
0000000000f66071
0000000000000181
00000080e9dce2f9
000000810f4db499
000000810faf42b9
000000812c3c4e79
000000813cfef499
0000008149915659
000000814c81cb59
000000816dbf9d99
000000817627d819
00000081899bddd9
00000081d4a4bf19
000000820f3d7e99
00000082258c8739
000000823d362479
000000826a891139
00000082836ad339
00000082e12a4dd9
00000082eab101f9
000000830a17deb9
000000838adda159
000000839bcbe5d9
00000083a1ffba19
00000083d02a29b9
00000083dbb56879
00000083f5e5d239
00000084b1884159
00000084c5d8e119
00000084e51da079
00000084eb2ce1f9
0000008504e42899
0000008512843479
0000008529fd8bf9
0000008536a70199
00000085759ec819
0000008582953059
00000085c03ad679
00000085c640ae39
00000085e3bdca59
00000085f56433d9
00000086016f5dd9
0000008606ae6b99
0000008616473c59
000000861c9d9819
00000086449e6e99
0000008655ceab79
00000086683b5e59
000000867589b9d9
0000008681f76379
000000869cfa6099
00000086cb2b7279
00000086cbb509d9
00000086d8ca66b9
00000086ee1f5bb9
00000086fee14e59
00000087440e7e99
00000087458b1179
000000878e6fb099
00000087a330bf59
00000087a5f740b9
00000087b17830f9
00000087c62967f9
00000087f2ef4299
00000087fef41b99
0000008839855779
0000008839e42559
0000008844864cb9
0000008850aa01b9
000000886a0bc739
00000088d98209d9
00000088e66f80b9
00000088eeb20299
0000008906b1ad39
000000893dcaec59
0000008970b9e059
00000089841680b9
0000008990dc8519
000001137b8c5b61
0000000000f66071
0000000000000181
00000089fcd93c79
0000008a4acdbad9
0000008a4ceb6c99
0000008a8ebee659
0000008ae5b6d8b9
0000008af260cb79
0000008b1a2ee8b9
0000008b3765a419
0000008b50f42859
0000008ba98474b9
0000008baa22e719
0000008bb0f1f2f9
0000008bbbdec639
0000008bcf3932f9
0000008be7204299
0000008c2446ef59
0000008c446e6819
0000008c5ee83339
0000008c732e8299
0000008c8e376f19
0000008ca7d6f659
0000008cfa3d3059
0000008d1c39e959
0000008db1fd3499
0000008db64cbc59
0000008dd66e47b9
0000008e12681659
0000008e25a33b39
0000008e642ad959
0000008e67ed8d99
0000008e71914d99
0000008e966d0b19
0000008eb8649339
0000008efe21d979
0000008f15fe3ad9
0000008f753a4599
0000008f79ed1ed9
0000008fb516f579
0000008fe9b8b0f9
000000901da9e419
00000090262a4ef9
000000904aa41399
000000904da85239
000000906bc83ed9
000000907446ed19
000000907b7d4659
000000908c6f8f59
0000009098208499
00000090cd0b1bf9
00000090d65265d9
000000911eb176f9
0000009132873719
0000009155530d99
000000917bfe5c39
00000091af7366f9
00000091bcdaea59
0000009223d458f9
00000092924d94b9
0000009294c73b19
00000092bef4cb59
00000092d5fabb59
00000092e32f2fb9
00000092e879a179
000001261bf6fd61
0000000000f66071
0000000000000181
000000931a26c7f9
000000931c8b1b59
000000931d3f5059
000000932815f599
000000934a3ff599
00000093703fa119
0000009381574659
00000093a8c9d0f9
00000093c58fef99
00000093c947a979
00000093c9f24779
00000093df6d7779
00000093ee47f019
00000094073ea559
000000941c1b6cd9
000000943d535ff9
0000009451241f99
000000948591ca59
00000094868f5859
00000094caddc7b9
000000951a999c79
0000009543535159
0000009560d58a59
00000095623688d9
000000956ffd7039
000000958dd8f559
00000095a4cbab99
00000095cf12cb59
0000009617a1ebf9
0000009631bc2439
0000009643c71e39
0000009643e65a79
000000964889d0b9
000000964970e139
000000968bf02479
00000096eb05f519
0000009727ba8579
00000097731ea4f9
00000097af555439
00000097b2030f59
00000097ef8e6279
0000009872f1ca19
000000988fbf5419
000000989dc94159
000000989e6ca259
00000098adb634d9
00000098b1cfc3f9
00000099104aab19
00000099928c3fb9
00000099936a5319
00000099b0802299
00000099b4351339
00000099dfc47939
00000099e1368ff9
00000099e4e72079
00000099f37a4499
0000009a87409079
0000009b12298819
0000009b20972679
0000009b58263cd9
0000009b60919259
0000009b90a5abd9
0000009b99d2f999
0000009ba6131b99
0000009bc1247ff9
0000009bcb6d95f9
0000009bd0911559
0000009c0c50ccd9
0000009c2a059139
00000138bc619f61
0000000000f66071
0000000000000181
0000009c5ffab599
0000009c757014b9
0000009c9a82a3f9
0000009cb60cfeb9
0000009cc1e90db9
0000009ce1848f79
0000009ce2a44379
0000009ce40a2c59
0000009ce64634b9
0000009cf569c6b9
0000009d33924e79
0000009d48283919
0000009dac3a2ad9
0000009db72f9659
0000009e117440b9
0000009e1af949d9
0000009e39c1e279
0000009e5102fe79
0000009e6b450719
0000009e6c3718f9
0000009ed217b019
0000009ef782c739
0000009f22f49039
0000009f48f43959
0000009f646dadd9
0000009f81f97959
0000009fbdd573f9
0000009fde831bd9
000000a010092b19
000000a01331eaf9
000000a026fa5c39
000000a046887ed9
000000a0a49713f9
000000a0d8ef1ed9
000000a0ed42f919
000000a175ebd6b9
000000a180c47cb9
000000a1a153a319
000000a1bbf518f9
000000a1da0b0439
000000a1e19ffa79
000000a1ef00e339
000000a22ce64479
000000a238ccbc19
000000a2548e7579
000000a254c56879
000000a25773b399
000000a267ca4eb9
000000a26f086739
000000a27b3f0239
000000a297ef6139
000000a2de50f899
000000a2f4759ad9
000000a2fa82edb9
000000a2ff647759
000000a30cae01b9
000000a3313bd9f9
000000a3458dfaf9
000000a35295d0b9
000000a365961159
000000a39eb63e59
000000a3ac5c87f9
000000a3ad3b1a79
000000a3b1b8c9d9
000000a3cbe6ef59
000000a3eb4a1a19
000000a40bbad0b9
000000a418553099
000000a4935c3499
000000a49ff9e5d9
000000a4b3503b19
000000a4fa4338d9
000000a522f6e339
000000a53294c419
000000a53a45a6b9
000000a57af71c39
000000a589a5ab39
000000a59cba0879
0000014b5ccc4161
0000000000f66071
0000000000000181
000000a5ceb8c459
000000a64cc59a79
000000a652037339
000000a679c2d239
000000a67b9c2559
000000a6f5fd3e19
000000a72d355719
000000a75b964859
000000a7a6d7b039
000000a7e04247b9
000000a83a67cb19
000000a85b1a2659
000000a8641b7859
000000a881fc1f19
000000a886d4aa79
000000a89a1a1479
000000a8b03a4859
000000a8cfd8cbd9
000000a8d0d22519
000000a8eb5a0c59
000000a8f03a14f9
000000a91b0d9019
000000a935e3e8f9
000000a957074859
000000a97a2326b9
000000a97c2b7d99
000000a97f135279
000000a990c16439
000000a9b18ed2b9
000000a9dc885c99
000000a9ed1712f9
000000aa021cd859
000000aa13d51f19
000000aa20dfe6f9
000000aacbbe0899
000000aaccb38a99
000000aae1b02739
000000ab0cc2c039
000000ab6bcbb3b9
000000ab7cc38699
000000ab8678d8b9
000000aba6fc7dd9
000000abd14c22f9
000000abd6d67cb9
000000abdb0dcb59
000000ac10dca099
000000ac4b0662f9
000000acace12c79
000000ad14a3aab9
000000ad5f13a999
000000ad757f1eb9
000000ad79c96919
000000adc11de699
000000ae2478f0f9
000000ae5e4ef019
000000ae6dc4b819
000000ae8dd06ef9
000000ae96dd87f9
000000aebc0d1dd9
000000aec6b77dd9
000000aed992af99
000000aee09388f9
0000015dfd36e261
0000000000f66071
0000000000000181
000000af6159e8d9
000000afc1ea6319
000000afc8de7039
000000afce293019
000000afd0d96999
000000afea34d999
000000b0020a0239
000000b01f11a079
000000b0251ee9d9
000000b03ecd03b9
000000b0426aa1b9
000000b0a69b60d9
000000b0ba8b2119
000000b0c19321d9
000000b11498fc59
000000b12ec18699
000000b12ff860d9
000000b1399d9af9
000000b15774c679
000000b1599b30d9
000000b16c093959
000000b16f5d5a59
000000b1d875ceb9
000000b1e786c859
000000b1f60ca079
000000b2387c89b9
000000b2acf44ab9
000000b2b2452cf9
000000b2c5534f59
000000b353bc7bf9
000000b37318d519
000000b386891279
000000b4077e3cb9
000000b40da3c979
000000b43b7437f9
000000b44cb7ec79
000000b49c7cbe99
000000b4a03a9259
000000b4aa832e99
000000b507fd1a19
000000b53942f679
000000b58303b1d9
000000b5c79676f9
000000b5c7e80bb9
000000b5d8ea3c19
000000b5e051dcb9
000000b5fc4d6079
000000b6162ac0b9
000000b645fa78d9
000000b65e6bb879
000000b6ad535af9
000000b6cfbbfb39
000000b6d2845d39
000000b70b92ac59
000000b7126020f9
000000b717bccd39
000000b74bae3599
000000b74c59ced9
000000b783c3daf9
000000b7facfe359
000000b83ec0f119
000001709da18461
0000000000f66071
0000000000000181
000000b8889fe459
000000b8a63eeff9
000000b8b1effc99
000000b8e788c439
000000b8ffd03039
000000b93084b639
000000b96305c999
000000b98775f639
000000ba056bb219
000000ba08076759
000000ba151a9af9
000000ba52167359
000000ba90c30d19
000000bab5299819
000000badb695139
000000badbc90579
000000baf43d6f19
000000bb037af6d9
000000bb16871039
000000bb289bc2f9
000000bb73036359
000000bbd280d0d9
000000bc08cd5ff9
000000bc5c99bb99
000000bc5e0c5899
000000bc6bcb8d59
000000bc9aab0c39
000000bcdf7458b9
000000bcea0656f9
000000bd75bd3199
000000bd77bcaed9
000000bd93b48e79
000000bdf0a292b9
000000bdfe7fca59
000000be02124299
000000be0d7ad799
000000be0f6c9c59
000000be11f69bf9
000000be7e5f11b9
000000bea09cbc39
000000bebf0a14d9
000000bec631caf9
000000beecaba319
000000bf1a54dcb9
000000bf268a3319
000000bf6e1e7f59
000000bfe104df99
000000bff5cdefd9
000000c01f8daed9
000000c029b263b9
000000c082c11539
000000c0c8b44199
000000c0ee1d65f9
000000c129ccba39
000000c1489dcdd9
000000c15eb08259
000001833e0c2661
0000000000f66071
0000000000000181
000000c1bb5b8799
000000c235e06a79
000000c23e0473b9
000000c25e4d6af9
000000c2a6261339
000000c2bf97ce99
000000c2d2ef3059
000000c2fb3b2b99
000000c3001c4119
000000c336294939
000000c342569bd9
000000c346bbd7f9
000000c3821a64d9
000000c3dd4b1cb9
000000c4198ba8b9
000000c454aa7159
000000c49e2efc99
000000c4d001f499
000000c51f9d8e19
000000c54f9e80f9
000000c551d07d19
000000c626f1e979
000000c649f72e79
000000c6512d8139
000000c65218c0f9
000000c68ccd1919
000000c691353799
000000c69a5f39f9
000000c6a5563119
000000c6aede2199
000000c6bf29edf9
000000c6c6998959
000000c6dd2b8639
000000c6ea04c4d9
000000c7a7490b19
000000c7e4af2199
000000c832ef25b9
000000c85fd6a719
000000c86441b759
000000c891346bb9
000000c895409a19
000000c8a31132d9
000000c909c4bc19
000000c90a9d5539
000000c925fd0859
000000c95d5f7659
000000c964ca2599
000000c980eda359
000000c9868d4799
000000c99f316579
000000c9de5082d9
000000ca327910d9
000000ca61a5a959
000000ca74f9b419
000000ca958c0d59
000000cadee20cf9
00000195de76c861
0000000000f66071
0000000000000181
000000caf563feb9
000000cb0fe1d439
000000cbae3cb579
000000cbbdce89b9
000000cbd5e14599
000000cc121c5779
000000cc536eba79
000000cc791863f9
000000ccc693b659
000000cd35befc59
000000cdbdab1f79
000000cdc2c01519
000000cdf9666579
000000ce147080d9
000000ce2c498459
000000ce3ad40bb9
000000ce89cb4b79
000000ceb0ab2899
000000ced824e4b9
000000ced9c4e4b9
000000cee20cda19
000000cf0f0b6ed9
000000cf316d4459
000000cf425246d9
000000cf4f250979
000000cf994c18d9
000000d021e0d479
000000d03ad20719
000000d04cbceaf9
000000d095cfaff9
000000d0c91cdad9
000000d0e26b3db9
000000d0e34ccef9
000000d1083cfd19
000000d163fdbaf9
000000d188b42999
000000d19447fd59
000000d19983f2b9
000000d228483b19
000000d268137379
000000d2952d04f9
000000d322feeb39
000000d32ad470b9
000000d337c19539
000000d33d4ef3b9
000000d351815ef9
000000d387534359
000000d3917d05f9
000000d39bda83b9
000000d39f146879
000000d3c4a03bb9
000000d40c61bc79
000000d42a8ac4b9
000000d436124a79
000001a87ee16961
0000000000f66071
0000000000000181
000000d47ebec8d9
000000d495ecffd9
000000d4994989f9
000000d4c34295b9
000000d4edbc0779
000000d4eec07459
000000d504f37db9
000000d5598ec8f9
000000d56c2aec59
000000d582f73159
000000d5842280f9
000000d5c9c555b9
000000d60ff14eb9
000000d6582f2dd9
000000d672561599
000000d6c9cb3fb9
000000d6d94080f9
000000d6f4c8ed19
000000d723da8ff9
000000d727ac62b9
000000d73777a879
000000d743e5e459
000000d77ee4a479
000000d7a8d23219
000000d81c7d4fb9
000000d821ab0d39
000000d82aacac59
000000d8304de499
000000d860624d19
000000d873705619
000000d9219c2c79
000000d94a754259
000000d958490ad9
000000d9738bc419
000000d9b2014339
000000d9c4849e59
000000d9cded2ef9
000000da0183d099
000000da13235759
000000da87aa99f9
000000db314177f9
000000db4cb92459
000000db57946919
000000db598a2859
000000db6ae88af9
000000db6e2da0f9
000000db74b5eaf9
000000db7f831cd9
000000db92f92ab9
000000db9c4eacf9
000000db9fdc4e59
000000dbb7325839
000000dbc136e759
000000dbc7f77f39
000000dbfcb4b5b9
000000dc1888e499
000000dc1f3dfb59
000000dcaada71b9
000000dcdc1d9e39
000000dce978f079
000000dced0d6199
000000dcef87deb9
000000dd21de75f9
000000dd2c5a76b9
000000dd3b173a39
000000dd6a85b839
000001bb1f4c0b61
0000000000f66071
0000000000000181
000000ddc55edc79
000000ddc67c73d9
000000ddd67e5e99
000000ddf1bf9fb9
000000ddfadad719
000000de4ed481d9
000000de53bf6f79
000000de9f7ad799
000000dea0999b19
000000dea85effb9
000000deb0185379
000000dee78bb499
000000defec6ac19
000000df28880259
000000df309de819
000000df32df0359
000000df37306359
000000df489e2759
000000df711f6f39
000000df75ef2c59
000000df85293dd9
000000df96c5a139
000000dfd4b100b9
000000e03e74e4f9
000000e088971a79
000000e0c98c2039
000000e0e9352599
000000e0f5e55419
000000e128326d79
000000e1397987b9
000000e13e8e39d9
000000e14b5bc179
000000e1603f7959
000000e16f668e39
000000e185ac3499
000000e196fe7e19
000000e1a0ce8fd9
000000e1bdafae19
000000e1e6c06499
000000e2506eb219
000000e2b7381fd9
000000e2dffa2bd9
000000e332e20db9
000000e33b402b39
000000e3413208b9
000000e3596ec8f9
000000e3ab26d099
000000e3b20be919
000000e3d447ab59
000000e44ca57459
000000e4553f34b9
000000e46330d399
000000e484d7e499
000000e4b21104d9
000000e4ef288bf9
000000e53d3abf59
000000e56a9b3e39
000000e5ad5384b9
000000e5b77dd8f9
000000e5c5df3419
000000e5f2dff419
000000e62a962ef9
000000e648479ab9
000000e65d300d39
000000e67feeef79
000000e6d91c8e99
000001cdbfb6ad61
0000000000f66071
0000000000000181
000000e6ec996f99
000000e75abcfbf9
000000e7781ca4b9
000000e7ccde58d9
000000e7cf3642b9
000000e84bd11339
000000e87eadd619
000000e8ab220bd9
000000e8c1351df9
000000e8fb1884d9
000000e90c164779
000000e90d587639
000000e936023399
000000e94f4d5ed9
000000e96e08d019
000000e97fd9b7b9
000000e98f77ab39
000000e9956e1d59
000000e9bb400399
000000e9fb74d139
000000ea004382f9
000000ea0c6081d9
000000ea1bf4ed39
000000ea7bc0afb9
000000ea8d0f7479
000000eab6de1239
000000eabaac2719
000000eabc99dab9
000000eb03bb0b79
000000eb1440b4d9
000000eb3c55df59
000000eb403d7199
000000ec5324b419
000000ec53ebe9d9
000000ecb4229df9
000000ecbd0e6539
000000ecc321ab19
000000ecc9055df9
000000eccec71f39
000000ecd1013519
000000ecef4bb359
000000ed16b7e0b9
000000ed73a33919
000000ed862dc299
000000edd3414899
000000ee03e30279
000000ee05d116d9
000000ee22627879
000000ee314b5fb9
000000ee5356a959
000000ee7d0f30d9
000000ee8f23acb9
000000ee9a3262b9
000000eeb4f231b9
000000eef302a399
000000eefe5bd679
000000ef0784e5b9
000000ef276779d9
000000ef2cb9ead9
000000ef3818af19
000000ef52202a79
000000ef671589d9
000000efb0d9f7f9
000000efd0de73f9
000000efe3a28e79
000000eff37deb59
000000f024801439
000000f02800f639
000001e060214e61
0000000000f66071
0000000000000181
000000f07b8552f9
000000f09533be59
000000f0ace506f9
000000f0d1ea3239
000000f0f0565399
000000f12ce17c99
000000f14312ae99
000000f145bbba19
000000f14d11ef39
000000f163974499
000000f1645d40b9
000000f1ccd72939
000000f1dc63b159
000000f2149205d9
000000f235744bf9
000000f24656d019
000000f2cf7e4539
000000f2cfc5ab19
000000f3035c0d19
000000f30d8c5739
000000f364324919
000000f39c8e6699
000000f3ae3626b9
000000f400c24f19
000000f40869c7d9
000000f40b9d4b59
000000f416ef41f9
000000f420c46fd9
000000f46f93c479
000000f49bae9e59
000000f4da1453f9
000000f4dca67639
000000f4ea611a59
000000f4edff2fb9
000000f50921b479
000000f54999a4f9
000000f5b61f3839
000000f5c277c479
000000f609f05fb9
000000f64b565f59
000000f6ccc33219
000000f6d4f5f399
000000f6e35079b9
000000f7268c9459
000000f768559399
000000f7a9978a19
000000f7dfcedf79
000000f7e3693dd9
000000f81ea8cf79
000000f8891359d9
000000f88cdd8b19
000000f8d31d1339
000000f8e61d0399
000000f8ee173d19
000000f8feb10bd9
000000f94a378bf9
000000f96eca3759
000001f3008bf061
0000000000f66071
0000000000000181
000000f9aae38dd9
000000f9b9aa5d79
000000f9ddcf6939
000000fa350ed8f9
000000fa3676e959
000000fa47fdb9d9
000000fa4b46bd79
000000fa54c47359
000000fa5eee42f9
000000fa6252a4f9
000000fa9a353a39
000000fa9edba279
000000fad7302199
000000fb061eb8f9
000000fb7c5fb599
000000fb80709d79
000000fb9b439819
000000fba903f599
000000fbbd2680b9
000000fbd98e8c39
000000fbd9f3acd9
000000fbdfd659b9
000000fc234072d9
000000fc35e89499
000000fc373c1cf9
000000fc3e4330f9
000000fcc7e5cc19
000000fce0af04d9
000000fcebbe4e59
000000fcf9dc9679
000000fd32035279
000000fd445682b9
000000fd514f70f9
000000fd7605c219
000000fda372ce59
000000fdb913f499
000000fdbc766099
000000fdc51ca1b9
000000fde4e0ac79
000000fe4b9cc419
000000fe6a615fb9
000000fe6aa152b9
000000fe8c399799
000000fea476dc79
000000feed149bb9
000000ff8f237319
000000ff9d49fd39
000000ffb90c6559
000000ffc07fdcd9
0000010051244999
0000010104eaff59
0000010144023599
000001016a059cd9
00000101acf690d9
00000101d3eed1f9
00000101e89e36d9
0000010220c77cd9
0000010263954199
00000205a0f69261
0000000000f66071
0000000000000181
0000010306a5f0b9
0000010316baefb9
0000010323386c99
0000010328bacc19
00000103296cb719
0000010388dd8079
000001039db88df9
00000103c97f6c39
00000103f94af4b9
00000104782536b9
000001048c42c6b9
000001049fcb02d9
00000104a9e23bd9
00000104c6856f39
000001052b26c4f9
000001057d725d79
00000105af43b779
00000105b3da5559
00000105b94867f9
00000105d85a0a39
00000105f32a6e59
00000106313aa019
00000106d45c8799
00000106d6d78559
00000107374ba8f9
000001074b3d2ed9
000001076b188bf9
000001076c110b59
00000107fb8aceb9
0000010800d174d9
0000010822223ef9
00000108240b7b19
000001082c20c1b9
0000010856854099
000001088e77c599
00000108d058be19
00000108e45d0879
000001093354ebb9
0000010952bbfc59
00000109686f41d9
0000010977ed3999
000001098a13e4b9
00000109c60cc499
00000109eef0f959
00000109f4ba9399
00000109fe6dac39
0000010a08bddef9
0000010a102266b9
0000010a1d2a91d9
0000010a724cb2f9
0000010a948c6b19
0000010b2e00be39
0000010b43693279
0000010b95e51119
0000010ba02f79b9
0000010bad22c359
0000010bd28b7bb9
0000010be343f8b9
0000021841613361
0000000000f66071
0000000000000181
0000010c433b47b9
0000010c64593b79
0000010c647fecd9
0000010c889644b9
0000010c8e128319
0000010ccf3abeb9
0000010cf06b1219
0000010d09488e99
0000010d10f2e659
0000010d6e805939
0000010d98a3bf99
0000010dcdf4daf9
0000010de9d44a99
0000010e09c331b9
0000010e1aee73f9
0000010e5dfcd5b9
0000010ebad98859
0000010ec2f580b9
0000010ede95ca79
0000010edf5320b9
0000010ef985ecb9
0000010f3389da99
0000010fafe0cb99
0000010fc9d8eab9
0000010fd1448559
0000010fed845b59
0000010ff80c8639
0000010fffa24719
000001102e7aac19
000001105f0dcdb9
000001107d9476f9
00000110a891d979
00000110b51c8479
00000110cfc93039
00000110da773fb9
0000011101cb8df9
000001113467e299
000001113b327499
0000011174f30139
00000111d38530b9
00000111e364e4b9
00000111e64de919
00000112289aed79
0000011242bba939
0000011246ad5959
0000011292fab859
00000112b6a48ef9
00000112cf1789f9
0000011311cd26d9
000001133da88ff9
000001137b867b99
000001139f4fb7f9
00000113cab6f739
00000113d2ec3f99
00000113ecea6159
00000113f5b51e59
00000114022b7919
00000114118b63b9
00000114553bfc59
000001148886cb19
00000114ac04cfd9
00000114e8558cd9
0000011515cf9ef9
0000011541a73839
000001154289e339
0000022ae1cbd561
0000000000f66071
0000000000000181
00000115d09082b9
00000115db8e95b9
0000011622a4a439
0000011642e7ce59
000001168cc8fb39
0000011699b88679
00000116e0b55c19
000001174ad9aad9
000001175bb7c759
000001175c690c79
000001177b0b2519
000001179ad08bd9
00000117d10b9d59
0000011827aa7359
0000011830ca46b9
0000011846cfb5b9
000001184baabc19
000001188647ee39
000001189c043c19
00000118ec41cdd9
00000119dbcc56b9
00000119dee82f99
0000011a13ba37b9
0000011a1db8a7f9
0000011a25c400d9
0000011a650a2b99
0000011a8e1af7b9
0000011ab4d4e2b9
0000011ae89ac2f9
0000011aee4c80f9
0000011af9a0dc59
0000011afc8357f9
0000011b315986b9
0000011b4f34ae19
0000011bcce929b9
0000011bf7cc1d19
0000011bfdc85019
0000011c11ff1079
0000011c283011f9
0000011c32105c59
0000011c39cb0399
0000011c5c43c779
0000011c65f75d99
0000011c9a6d4f79
0000011cc7a667f9
0000011d0b6fbbf9
0000011d20483b39
0000011d28973979
0000011d3e12d099
0000011d7836ef99
0000011d7c337c99
0000011da65edf19
0000011db70cb599
0000011dbd7c7259
0000011de98909b9
0000011e057566f9
0000011e10c542d9
0000011e176f59b9
0000011e215f40b9
0000011e560e0599
0000011e8d1e5699
0000011e958f64b9
0000011ea2559719
0000011eae766079
0000023d82367761
0000000000f66071
0000000000000181
0000011ee951a2b9
0000011ef5bd1cf9
0000011f12456839
0000011f1d6d1139
0000011f3fba4179
0000011f5609c079
0000011f5f21f7f9
0000011f83a7fc19
0000011f91066ff9
0000011fea093e19
0000011ffafe6719
00000120063daad9
00000120152600b9
000001201a5d6f39
0000012038490f59
000001208e2bfbf9
000001209d46c9b9
00000120ca4b6f19
00000120ee4fc159
00000120f2e1bb79
000001210efbfd79
000001212fa39f59
000001214dabb039
0000012151b93259
000001217b89f5d9
000001217d817bf9
0000012183e82df9
0000012192036e39
000001219c13fa79
00000121bfa55139
0000012249105bd9
0000012277066439
0000012283dd14f9
000001228a751359
00000122b3cc8499
00000122c09e0939
00000122c75027d9
000001234e38c439
000001235617cf79
0000012373f922b9
000001237c08aeb9
0000012385ec7839
00000123bf60b199
00000123f4753bb9
000001240acb2a79
000001244084c639
000001245f14b699
0000012469833e79
00000124bbaa6c39
00000124d5018519
00000124d651f2d9
00000124d6d12419
00000124fa8af339
000001250bfe7499
000001250ff1db39
0000012510420659
00000125249642f9
0000012568cfdb39
00000125b5192859
00000126d4a8a5b9
00000126d99517d9
00000126ecda6319
0000012784e65b99
000001278eabd999
0000025022a11961
0000000000f66071
0000000000000181
00000128128b71b9
0000012872f615b9
000001287e0317f9
0000012897a85499
00000128a4b87bf9
00000128c0ee01d9
00000128c700f459
00000128e561e4b9
00000128e8dd3f99
00000128fb4cac79
0000012907bd5e39
000001293537b979
00000129441bc359
000001298cd36b99
00000129910538d9
00000129cfdaa139
0000012a3fcd9ff9
0000012a7b220859
0000012a7ca53659
0000012ab2aae7f9
0000012ad19b39f9
0000012b177f9079
0000012b4af6cd39
0000012b6cde67f9
0000012b701e4b99
0000012b82a06cd9
0000012b8865a219
0000012b964f57d9
0000012bb5a1c2b9
0000012bf1482519
0000012c084db019
0000012c3947a739
0000012c7d04d4b9
0000012c89681959
0000012d29ea3499
0000012d48ac9539
0000012d68d0f0f9
0000012d69642059
0000012dab9c5af9
0000012dd8fec2f9
0000012e2b7edeb9
0000012e69f41b19
0000012e7372dad9
0000012e783901b9
0000012e88dcdd79
0000012eabc3bdf9
0000012ecec896b9
0000012f6bb097f9
000001304a8b8319
000001304bcbd539
000001307365daf9
0000013075335d19
0000013092ff0599
00000130cf6ffcb9
00000130e4d1d6f9
00000130faaac8d9
0000013107e52cf9
0000013142301f99
000001315a73a819
000001315b17cb79
00000262c30bba61
0000000000f66071
0000000000000181
0000013177f732b9
00000131820fd0b9
00000131c1c92799
00000131db3d9f79
000001321c5ce019
00000132302f6179
0000013294798959
000001329598ea59
00000132b98e0059
00000132ddebea59
00000132e25ffed9
000001330ba59dd9
0000013315a99ed9
00000133b8c1bc99
00000133f6453499
00000133f9f41ed9
0000013408b77279
000001341d78ee39
0000013431263c19
000001346cee0f99
000001347c096239
000001347d5c4359
0000013482fcd499
000001349a795cb9
00000134a9513b39
00000134b1fc4819
000001353613a439
0000013546ef0439
00000135acc774b9
00000135c24b7af9
00000135e214c619
000001368a3deb79
00000136a84bd399
00000136b1711999
00000136c1780899
00000136fb844159
0000013775355c19
0000013776a4a4d9
000001378b0563d9
000001379d2e1219
00000137a791b299
00000137c5e90c79
00000137c8af5939
000001380916dc59
000001386128f039
0000013893285b99
00000138b5016d79
00000138bb997a39
00000138cf724399
00000138f050b3f9
0000013968375d39
00000139f55bac79
0000013a3c5047b9
0000013a6e8c9859
0000013a720a7079
0000013a749d45b9
0000013aac0567d9
0000027563765c61
0000000000f66071
0000000000000181
0000013afb492399
0000013b11cba759
0000013b2f55bbf9
0000013b86ff93d9
0000013c090b7819
0000013c39f80cd9
0000013cafd1b8f9
0000013cbb34dc39
0000013d145e7479
0000013e4568f199
0000013e458fd379
0000013e7db2ec99
0000013ebc9a7e19
0000013f26e15319
0000013f4aeeb779
0000013f60bc56d9
0000013f7b4e8a39
0000013fd7c959f9
000001400710e0d9
00000140222413d9
000001403a6574b9
000001403cfbb439
000001407d484959
00000141d30cc9d9
00000141fc13c9b9
0000014204644759
00000142ac695619
00000142e6ca9979
00000142eb2ff4f9
00000142ef986159
0000014307e25f39
000001434284e5f9
000001437093d1d9
0000014370b8a2f9
00000143b427f959
00000143c9cd7019
0000028803e0fe61
0000000000f66071
0000000000000181
000001440ba2fa19
0000014497fac7b9
00000144b5e35959
00000144c62e1179
00000144d251b4f9
00000144db88bcf9
00000144e1c36239
00000144f96fc179
000001452ba02819
00000145350a7679
000001454a987e39
000001456051f9f9
000001457be2ccd9
00000145879006d9
00000145b2940819
00000145fb8e6b99
0000014679feaed9
000001469024cf59
0000014708271019
00000147136260d9
000001471d801ed9
0000014783a636d9
00000147991f7739
000001479f29b4d9
00000147d5595139
00000147efd408b9
0000014828265139
000001484c7ae759
000001485ceb03b9
00000148626a46b9
00000148626a4859
0000014864c28399
000001486d081359
000001487ce3a5f9
00000148c2400cd9
00000148d5cbc279
00000148f0cb8419
0000014907a51119
00000149303b6cf9
000001494b02f539
00000149593bdcb9
00000149ac6a2a79
00000149b572f599
00000149f96558d9
0000014a2a22ae79
0000014a6ecc51b9
0000014a8c54e2f9
0000014ac4bf7d99
0000014b161e6c39
0000014b541eb319
0000014b75f10d19
0000014bbbb44e19
0000014be3c0bbd9
0000014be90fd319
0000014bf4631059
0000014ca2ca29b9
0000014ca6fc2999
0000014cde06e159
0000014d0d3de2b9
0000014d42cddef9
0000029aa44b9f61
0000000000f66071
0000000000000181
0000014d783dcd59
0000014d7b280639
0000014d8d0ca079
0000014d95e59759
0000014da28fc119
0000014da59b60d9
0000014db60b1e39
0000014de2f1da19
0000014e392f2419
0000014e7db5d4d9
0000014eab1e0179
0000014eee3f0499
0000014fa56da279
0000015033d51839
000001504649af79
000001506b5434b9
00000150bfa04ab9
00000150ca208259
00000150ce3b0179
00000150e3e22959
00000152178f8f39
000001521c8fd3d9
000001522e108ad9
000001524d3975f9
00000152779be3d9
00000152ff203539
0000015302ccdaf9
000001538b9bf3b9
00000153c4d3e0d9
00000153ecd8b579
00000153faf92b79
0000015482aa6c19
00000154c28793f9
00000154e8b75ef9
0000015509901419
00000155a40e2079
00000155b245a239
00000155cb3f5c99
0000015616d7ee79
0000015640afc039
000001564bdd51d9
0000015650428fb9
000001567b4dea99
000001567e4e76d9
000001568c5217d9
00000156928899f9
000002ad44b64161
0000000000f66071
0000000000000181
00000156cef588b9
00000156f3c9e3f9
000001573e2b9e19
000001573e66c639
0000015769a2b999
00000157903d0c19
0000015792cc16f9
0000015794c6c839
00000157d9b90319
000001585ee71bf9
000001589392d939
000001589f524ff9
00000158a7b815f9
00000158b1e8ad39
00000158b90d2e19
00000158c69ceb19
00000159015577b9
000001591555c839
000001596a4162d9
000001598bf32359
0000015a16b19759
0000015a1f0f4179
0000015ac81f0739
0000015ad7114539
0000015aef07ccd9
0000015b1fa5c779
0000015b2a86f579
0000015b7edfebb9
0000015b84f21539
0000015b9b904a99
0000015bd05c0799
0000015c21d9cdd9
0000015c3cfbcad9
0000015c56c124f9
0000015c692ca7f9
0000015c8eb4e7b9
0000015c9aeb6479
0000015cf4ad0f39
0000015d239b6db9
0000015d3f64dff9
0000015d8938d699
0000015d917728f9
0000015da84e69b9
0000015dcd088679
0000015deb0d2979
0000015e09d95299
0000015e1bf935b9
0000015e3a90d179
0000015e45b6f259
0000015e50e72db9
0000015edae4a7f9
0000015f5acf11b9
0000015f5c844219
0000015f98fe1499
000002bfe520e361
0000000000f66071
0000000000000181
000001600326ae19
0000016043b93e19
0000016043bac6b9
000001607ec2d259
00000160ac3d0a99
00000160fde10c39
000001610d478af9
0000016131a8a1f9
0000016132977579
00000161363571d9
000001619f793bf9
00000161d2cef399
00000161d9d95ad9
00000161f45924d9
000001622cb9d039
000001629941d3d9
00000162a4359db9
00000162af997c19
00000162c9c87f59
00000163933e84f9
00000163965d97f9
000001639b962a19
00000163b44c5df9
00000163cf2e41b9
00000163cf79ad99
00000163e3dc3079
00000163e5361b59
00000163fd27abf9
00000163fdec7679
000001642e4dcc79
000001643b18a6f9
00000164505e8dd9
0000016450b44a99
000001646b427bb9
000001647efd5d99
000001648617d119
00000164bf673319
00000164d4c90499
00000164e5470a59
00000164ec0781f9
00000164fb3b8719
0000016501c72db9
0000016535d26e39
000001655a4974b9
0000016593cd3459
00000165ec3d5dd9
00000166163fcf19
000001662fb69779
000001664cd2cbf9
0000016668804f79
00000166ffd4d439
0000016715796459
000001672bf49a19
000001672d308a59
0000016735b27c19
0000016738dea8d9
000001677f7e5319
000001679815b899
00000167fa4c8e79
00000167fcba24b9
000001682765d659
000001687b55fcd9
000001687c929279
000001689b217839
00000168c99c91d9
000001693b3af679
000001693c609599
0000016940873d59
000002d2858b8561
0000000000f66071
0000000000000181
000001694d521c39
0000016952ddd399
0000016a5249d219
0000016af1000219
0000016b23473579
0000016b4eddbc39
0000016b58c99fb9
0000016b94e24a79
0000016c5992a159
0000016ca2a9c519
0000016ca6468239
0000016ca81e41b9
0000016cf329c219
0000016d62893a19
0000016d8d813c99
0000016dd08c8639
0000016e6f51af39
0000016eb6e107b9
0000016ec846ef79
0000016edc4da079
0000016f11488d19
0000016f16b00b79
0000016f187d6559
0000016f435d3f79
0000016f50ef37f9
0000016f9ae10bd9
0000016fe53389b9
000001701afbd839
0000017037fde359
000001705ba35f19
000001706c890519
00000170887b4fd9
00000170a64c5fb9
00000170bbc617d9
00000170de38e0b9
0000017101d99d59
0000017126b23a19
000001713f4a5dd9
00000171400c9b99
00000171e4d14699
00000171e5049c19
00000171fc2db439
0000017217056439
000001725777d739
000002e525f62661
0000000000f66071
0000000000000181
00000172cc93f9d9
00000172d048e019
00000172e9bb9b99
0000017307cd4919
00000173126e8b39
000001733e22fe59
000001738cd9ff59
00000173a420a199
00000173c187b1d9
00000173cf89b219
0000017404f50259
000001741d520119
000001744f173c19
0000017462eabdf9
000001746d65b959
000001746fb52d19
00000174cfe30139
00000174d7148c99
00000174eb3f28d9
000001750affc2d9
000001752357f119
000001754048a499
000001755eb63f99
00000175a18e8959
00000175db9bbfd9
00000175fd934519
000001761d47e8b9
0000017643f06f39
000001767a2539d9
000001769e9d2079
00000176dafcd679
000001772d23f1d9
0000017761629cf9
000001778b43c799
000001780228aad9
000001781cd5d499
000001786620d919
000001787e659479
00000178d8627b39
00000178f3f56e39
000001796012db39
000001798fb06879
00000179bf309399
00000179df534f79
00000179efb5e579
0000017a2e854359
0000017a7fe79459
0000017a8b320959
0000017ac6627f99
0000017ae054fe39
0000017affe9e859
0000017b27579039
0000017b3c3fdd79
0000017bd11bb979
000002f7c660c861
0000000000f66071
0000000000000181
0000017bee72f579
0000017bf2fcf3d9
0000017bf31fa139
0000017c0c237dd9
0000017c17a25819
0000017c1ca5cb19
0000017c2b59e479
0000017c6bd1b679
0000017c77073ef9
0000017cbd385c79
0000017d24eeed59
0000017dadb812d9
0000017db76cc219
0000017dbe0bbd99
0000017e1315d839
0000017e7f6bb6b9
0000017ea816d179
0000017f9d33b6b9
0000017fbedb3679
0000017fddf0bbb9
0000017ff2dce499
0000017ff3c760b9
0000018029e6d6d9
000001802bb56059
000001813da22e39
00000181450a9c59
00000181a407c399
00000181b6a45d79
00000181d09e7b59
000001821f328039
00000182328b8f79
00000182347a07b9
00000182598134b9
000001828ee10979
00000182f1c35639
00000183708e5679
0000018424e91099
000001844a6639f9
000001845f2438b9
000001846d826139
000001848d00e0b9
00000184ac832119
0000030a66cb6a61
0000000000f66071
0000000000000181
00000185cb597a59
0000018659b91879
00000186623ca2f9
000001866fa666f9
0000018683352c79
00000186d924b039
0000018720439059
000001874c883c19
00000187de0ed8b9
000001880d526f59
000001881ff8b339
00000188274b4199
00000188730277b9
0000018894c54af9
00000188c9a3d739
00000188dad752f9
00000188f9e80d79
00000189137d7df9
0000018963aea259
0000018976f3b739
0000018a1e5641b9
0000018a59009f79
0000018a5e667a79
0000018a69e315f9
0000018a988f06b9
0000018ad6e0a7d9
0000018b00818859
0000018b386e6bb9
0000018b42434479
0000018b5706e7f9
0000018b5d3851f9
0000018bbe417a39
0000018bc2b06f59
0000018c2bc7cbd9
0000018c9a2d56f9
0000018ca0cd9239
0000018ce7192ef9
0000018ce8040dd9
0000018cfc9d7559
0000018d15ee5a39
0000018d2db3c979
0000018d67e92c59
0000018d68500a99
0000018df5ea2139
0000018e10d4ebd9
0000018e3f5d5479
0000018e5ed9f1f9
0000031d07360b61
0000000000f66071
0000000000000181
0000018eae793719
0000018eb9ba68f9
0000018f7e21c7d9
0000018f8ef709f9
0000018fb9d0ebf9
000001900a22a859
00000190484e4e39
000001906ba67159
0000019070b23b39
00000190a5350e59
00000190bea89ed9
00000190eb965159
000001915abe6999
000001920e8ce799
000001923c411719
0000019266b67c19
00000192b9a4fcb9
00000192c0e02519
00000192ee07f819
00000192ffb2f099
000001933555a439
00000193799e2bd9
00000193a0790e19
00000193b48da499
000001941973c779
00000194452eea99
00000194649ff539
00000194a5b8ed19
00000194fd389539
000001952dc158d9
000001952e9892f9
00000195325804d9
0000019599a17739
000001959c54fd19
00000195aef70379
0000019621fd3679
00000196a89f35d9
000001970020ea99
00000197122f0f19
000001974286a0f9
0000019755351219
000001976ca02119
000001979ffb10d9
0000032fa7a0ad61
0000000000f66071
0000000000000181
00000198601171b9
000001986a8d2899
00000198746c73d9
00000198890000f9
00000198c4461139
000001991f916ff9
000001993662c999
00000199613bd3b9
000001996b233519
0000019a33f16bd9
0000019aa4fddf79
0000019ac983b0d9
0000019af3fe1f39
0000019b28770a19
0000019b5b577159
0000019b68a0c2b9
0000019b981eff59
0000019bc1c74f79
0000019bc9a0a819
0000019c13b82559
0000019c2de617b9
0000019c61939ef9
0000019c88957059
0000019c9db22dd9
0000019d217f6659
0000019d2214a019
0000019d74ede0f9
0000019d7c59df39
0000019dbf608239
0000019dedc52d79
0000019e33260cf9
0000019e43976439
0000019ec5268d79
0000019f17ab5179
0000019f43b16739
0000019fb5074b99
0000019fed54a899
000001a01d9415d9
000001a02f236c59
000001a031e3f6b9
000001a03bb25d19
000001a0af0a0b39
000001a0e00968d9
000001a0e690ca99
000001a0e9d794f9
000001a0f12ee139
000001a114e83ff9
000001a11aa30bb9
00000342480b4f61
0000000000f66071
0000000000000181
000001a17b1ed919
000001a18745d4f9
000001a19305ca59
000001a19df37579
000001a1b1f5b219
000001a240f4a0b9
000001a347ecaab9
000001a352132059
000001a36163ca19
000001a37fa6dbf9
000001a3c94f7839
000001a3dc1e1f39
000001a3dc8b3f79
000001a3e160ee59
000001a4191755b9
000001a4198666b9
000001a41a4b73d9
000001a41febbe79
000001a42ff3eb99
000001a454ff9319
000001a51bf254f9
000001a52a412679
000001a536503d99
000001a583878f59
000001a6059cd459
000001a64b64b9f9
000001a662b04579
000001a6696e06b9
000001a6b17721f9
000001a6c1ccac59
000001a8104f74f9
000001a8419ece79
000001a8642ad899
000001a88058e119
000001a8ac492199
000001a91a92afd9
000001a9244aa3b9
000001a94dd97df9
000001a9ac58c619
000001a9da7b06b9
000001aa199f7619
00000354e875f161
0000000000f66071
0000000000000181
000001aab7bc3f99
000001aac68ab3b9
000001ab0fdd9cb9
000001ab14c643f9
000001ab23458d59
000001abebcbdc59
000001ac0e533699
000001ac39f6fc79
000001ac432d3739
000001ac49704f79
000001ac6b6eb919
000001ace845f9d9
000001ad698311d9
000001ae03526159
000001ae0aed3579
000001ae1e44bd59
000001ae70e5cd99
000001ae7afe6df9
000001ae92ccaeb9
000001aed78954b9
000001af4bb98ed9
000001b021fe3459
000001b06c974d59
000001b0add98819
000001b1029a3c19
000001b10e006ed9
000001b177be2a99
000001b17be48139
000001b20ce0fef9
000001b267c44919
000001b2cb32e3f9
000001b30154ec39
000001b302278519
000001b353e44e39
000001b3aa595eb9
0000036788e09261
0000000000f66071
0000000000000181
000001b3db7d13b9
000001b3dff2ce99
000001b3e2b28bf9
000001b3f5690879
000001b42f87b759
000001b4bade0af9
000001b51e6af6d9
000001b52b2c2199
000001b547d09879
000001b5547ff339
000001b55f4aca99
000001b57c6485f9
000001b591c4b759
000001b5a9ac8eb9
000001b5d04f5879
000001b5febceb79
000001b61b7c1019
000001b64eba71b9
000001b692a3c019
000001b695efc3d9
000001b69ba1d3d9
000001b6bb855599
000001b6d41eb039
000001b6fe446a79
000001b7070a27d9
000001b7316c36d9
000001b7c7a3d619
000001b8194ae639
000001b889967339
000001b8979dc0b9
000001b8c282b579
000001b8ce655bd9
000001b94d470b39
000001b9a0811759
000001ba8be02f99
000001bac53a3b19
000001bb3a235659
000001bb58cb08f9
000001bbb04d9439
000001bc34a8f339
000001bc502c1ab9
000001bcfe7b7db9
0000037a294b3461
0000000000f66071
0000000000000181
000001bdec451059
000001bdfe18b419
000001bf198f0199
000001bf9a7c17b9
000001bff2ae3b99
000001c03a693e39
000001c060b20cb9
000001c0943b1339
000001c0f7353319
000001c1060d3b99
000001c11b543139
000001c164e221d9
000001c238ce26b9
000001c2512859d9
000001c28e2a97b9
000001c2dec0fe99
000001c322964a59
000001c359915f79
000001c37ccbf6b9
000001c381e82a79
000001c45b9dd839
000001c507c61ef9
000001c50f7e8b19
000001c554b74c99
000001c58f2f2179
000001c5a3093219
000001c5dfa0f3b9
000001c648e76f79
0000038cc9b5d661
0000000000f66071
0000000000000181
000001c70f4a8ad9
000001c774a89bf9
000001c77d7e9939
000001c7fc1f9939
000001c86159df39
000001c8869b3f39
000001c88c434fb9
000001c92cec2579
000001c937805eb9
000001c94843de39
000001c94f566999
000001c9742c6e79
000001c9ad890959
000001c9c289ebd9
000001c9cdc4b559
000001ca3af23639
000001ca62651fb9
000001cab57a5c19
000001cabec9cff9
000001cb29e6bb79
000001cb814e95b9
000001cb8b1ea259
000001cba4d29719
000001cbc5a5eed9
000001cbcbd63239
000001cbd20f0399
000001cbe31392b9
000001cc7064ac79
000001ccbebf6019
000001ccfbedc3b9
000001cd0e86c7d9
000001cd19b4a219
000001cd49675ed9
000001cda9006719
000001cdb7019d99
000001cdbfc91219
000001ce302c4e79
000001ce3a0be219
000001ce4f844239
000001cee886ead9
000001cefc574859
000001cf064db079
000001cf2c3ee1f9
000001cf31e1d5f9
000001cf418f3ed9
000001cf57cde9b9
0000039f6a207861
0000000000f66071
0000000000000181
000001cfe24708b9
000001d066e9fd59
000001d19c2c7159
000001d1a8bf9c19
000001d1cc68acf9
000001d1df424d99
000001d21bde0d79
000001d2448068f9
000001d2a2f4bb19
000001d2a49e9219
000001d2c5b10af9
000001d2d32806d9
000001d31096c8f9
000001d33cd7c5b9
000001d34cd27a79
000001d3843f0e79
000001d3a1d07339
000001d3b288b9d9
000001d3c3426b19
000001d3c9e42f19
000001d40aa10979
000001d42ca82eb9
000001d4a90095b9
000001d50cb79659
000001d51e337339
000001d56be09dd9
000001d5d2085159
000001d6185733f9
000001d61f4b6c59
000001d6599fab19
000001d6b22d3ed9
000001d72e07c619
000001d744299579
000001d7c1780d99
000001d7c310ab39
000001d7d8456759
000001d7e5602279
000001d85869b9f9
000001d863e69219
000001d86726de19
000001d871d81619
000001d88b335099
000001d8a318a5f9
000001d8af6fdd39
000001d8d743c1d9
000001d8dfcabc39
000001d8ee07c399
000001d8f7096c79
000003b20a8b1961
0000000000f66071
0000000000000181
000001d90d1be599
000001d944a73f59
000001d9b7471b19
000001da24741179
000001da59b88b19
000001daa5c35af9
000001dab4ceb6f9
000001daf759fa59
000001db31eac679
000001db520193b9
000001db54ca4f19
000001dbab065cd9
000001dbebfb6a19
000001dbf38849d9
000001dc3fdb3ef9
000001dcc2bf2099
000001dcc527d7f9
000001dcd03d6db9
000001dce4f4cb79
000001dd2ad70539
000001dd65b69c39
000001de4236af39
000001de450772d9
000001de7da7f439
000001decd30c059
000001df8089dad9
000001dfa468a059
000001dfb0772639
000001dff5b6cc19
000001e0a2863c19
000001e0cb96f5f9
000001e0cee3f4b9
000001e10b640d79
000001e10c2df319
000001e115ea6299
000001e151b24a99
000001e173692919
000001e1ce960819
000001e1f0e37fd9
000001e2032106b9
000001e21c848639
000003c4aaf5bb61
0000000000f66071
0000000000000181
000001e25a6404f9
000001e3969418f9
000001e3d3b8f719
000001e3fdaf2c99
000001e401567899
000001e443cd96f9
000001e46fd04d99
000001e4852ccbf9
000001e4dad60999
000001e4e578c519
000001e55337ed99
000001e5b09d6459
000001e5ed2c7d99
000001e67cc38439
000001e688ebb7b9
000001e6fd08f899
000001e772c0d2b9
000001e79cb555f9
000001e79e39b7f9
000001e7a1fe8599
000001e85c362a99
000001e85ed26059
000001e92489d479
000001e94fea6c99
000001e9773684f9
000001e994290d19
000001e9bb40b4d9
000001e9c2cb1479
000001ea354450d9
000001ea70df35d9
000001ea8cef6c39
000001eac436afd9
000001ead574d919
000001eaf09bce19
000001eb00a1f2f9
000001eb6e7109b9
000001eb7b405b19
000003d74b605d61
0000000000f66071
0000000000000181
000001ebba9b81f9
000001ebd1823bf9
000001ebef8edd99
000001ec02fadd59
000001ec1298c079
000001ec344b81b9
000001ec6dd4df19
000001ec73ddc0f9
000001ec838814f9
000001ecc1f80139
000001ecf9859b19
000001ed06b7bed9
000001ee77097519
000001ef04d76d39
000001ef269a0939
000001ef666f1d79
000001ef9bad52f9
000001efdbbaddb9
000001f02eb93f59
000001f0bbb631f9
000001f0ee9d5c99
000001f0f0c01e99
000001f17368c339
000001f1ba95b8b9
000001f1bcd82959
000001f1d175a439
000001f200850579
000001f23f0fc3d9
000001f275235939
000001f31a69ebb9
000001f3490c1339
000001f3db6e78f9
000001f3e3fd1139
000001f461fc1a79
000001f46a7e3859
000001f480cf3d39
000001f4af38b4d9
000001f4b6c68ad9
000001f4bae70a59
000001f4ddb8f739
000003e9ebcaff61
0000000000f66071
0000000000000181
000001f5110b6359
000001f51fb6cc19
000001f58314c099
000001f5b93d3539
000001f5f550fbd9
000001f6148c75d9
000001f620759c79
000001f6442f57f9
000001f6ba0a7979
000001f707d9cb39
000001f759455cd9
000001f783479499
000001f7e0fd2599
000001f853d7e039
000001f8591b7599
000001f91896ff39
000001f9396731d9
000001f96f6de299
000001f988794279
000001f99eccfd79
000001f9a0f5e1f9
000001f9a9091099
000001f9aca06219
000001f9b05908d9
000001f9e1fdb0d9
000001fa0133eb79
000001fa2a8d76f9
000001fa77f68c19
000001faed0870d9
000001faf24bd5b9
000001fb548dd6d9
000001fc77875179
000001fccb5dbb19
000001fccb6dadb9
000001fcf847f579
000001fd369a84b9
000001fd6bc2dd39
000003fc8c35a061
0000000000f66071
0000000000000181
000001fe4c0fadf9
000001feaae3c219
000001ff46b162b9
000001ffcc7d8b99
000001ffd59f5c59
00000200684b3039
0000020069af4419
00000200dd7c89b9
0000020205d6f8d9
0000020232941539
00000202469ddc99
00000202c933b379
000002033637ec79
000002037cca81b9
00000203bafa6c79
000002041319fe79
0000020461c9f6f9
00000204af740159
00000204ecc4bf39
00000205194fe3d9
00000205ccc1fd79
000002061a01f779
00000206673995f9
00000206929d9fb9
00000206abd9c3b9
00000206bdfefb99
000002077c9d1f19
0000040f2ca04261
0000000000f66071
0000000000000181
00000207db486b39
00000207de30ced9
0000020813e438d9
000002084f5046b9
000002089dfcd619
00000208e80c6079
00000208ea196b59
0000020931c90e59
0000020932930399
000002094ecd7cf9
000002095f3d63f9
00000209b6d26959
00000209c36f8d59
0000020a4e1afe79
0000020a71514339
0000020a72d88619
0000020a80cfc319
0000020a922c2f59
0000020a96857419
0000020ab3109cf9
0000020ad2851f59
0000020af68f5ed9
0000020b73fa0899
0000020b7bc2bd19
0000020ba11c4739
0000020bb33ee079
0000020c55b3af79
0000020c82bb8f19
0000020cb3459199
0000020cb3b47139
0000020cb53b1199
0000020cbeb695b9
0000020cc7130679
0000020cf6337c39
0000020d192e8839
0000020d32bced19
0000020d438f5b19
0000020d4b665199
0000020d503e4039
0000020d503e41f9
0000020d671fdad9
0000020daa4f7639
0000020db7aac039
0000020dcf9be299
0000020e042e6f39
0000020e5eedae19
0000020e671e5e99
0000020e82fb67d9
0000020e93ae0599
0000020f03304059
0000020f0fb81a79
0000020f1f4bdd39
0000020f54a66a99
0000020f6fe10199
0000020f95874039
000002100d4e3e59
000002101aedabf9
00000210531e0a39
000002106851fe99
0000021083937eb9
00000210b45f2679
00000210d5d87919
00000421cd0ae461
0000000000f66071
0000000000000181
00000210ff1aafd9
00000211141b3619
0000021125ace6d9
0000021158f1c179
00000211a270c999
000002124f8e32f9
00000212833c8619
00000212a4b65d39
000002135aca82d9
000002141c7338f9
00000214614a0359
0000021467fe5279
0000021484eb0779
00000214ccbb99f9
0000021541f2ac59
0000021567b597d9
00000215a54dee19
00000215fee05539
000002162c8ee939
00000216fe905139
000002187d75f239
000002188a534599
000002188f63b239
00000218fd2e2479
0000021949b26339
000002199a8160f9
000002199af58ef9
00000219a7864579
00000219aa1b0059
00000219eaa69019
00000219fc27bcf9
0000021a0132b6f9
0000021a060e7999
000004346d758661
0000000000f66071
0000000000000181
0000021ab34cd219
0000021ade5bbd39
0000021afeee58f9
0000021b2ce2a959
0000021b3375ef39
0000021b5c8b6179
0000021b6283e179
0000021c03f9d1b9
0000021c36f76679
0000021c44b5e119
0000021d8b715099
0000021db6c6c099
0000021db9d5b7f9
0000021dfffa9d39
0000021e8ce80019
0000021ea274c5b9
0000021edbeb5f79
0000021f1acaee59
0000021f2180ccf9
0000021f4672ad99
0000021fcaa753f9
0000021ff7190119
00000220648c4599
00000220695dde59
00000220909e3c19
00000220d2362199
00000220f81e3f19
000002212a3a9f59
00000221a66547f9
00000221c96435b9
00000221d0ba3299
00000221f0847e19
00000222b6ea4319
00000222c68eb899
00000222d094df39
00000222deafe279
00000222e6670779
00000222ee352959
00000222ef39a379
000004470de02761
0000000000f66071
0000000000000181
00000223b9f86cf9
00000223bc1769b9
00000223f56dcf79
000002244be68799
00000224a1e70bd9
0000022504be78f9
000002258c8e5699
000002259e33c6b9
0000022634903bd9
00000226aa8e1339
00000226e360baf9
0000022705bc94b9
000002272b7a6b59
000002275111f879
00000227573356f9
00000227eee66179
000002282c3c2119
000002290cca65d9
000002291702bfb9
0000022aaf05a3b9
0000022abb8c2879
0000022b3aff5df9
0000022b4101b199
0000022b59334c39
0000022b7e95eb59
0000022bd69e2579
0000022c5e623059
0000022c90029cf9
0000022c9bf1c6f9
0000022cbd81b539
00000459ae4ac961
0000000000f66071
0000000000000181
0000022d07632a79
0000022d5a0be5d9
0000022d8d0191d9
0000022dd56cad99
0000022e12324719
0000022f4e9a0919
0000022fd924d419
000002301f727b99
0000023037d92c39
00000230c38205b9
00000230d871b1b9
000002315ce77cd9
00000232be3e1d99
000002336d796959
0000023443432e79
00000234e89c0779
00000234f0d100d9
000002351a3c3b59
000002353795d0b9
00000235dd641579
0000046c4eb56b61
0000000000f66071
0000000000000181
00000236299206f9
000002364c74c1d9
000002365423ce39
000002368019a2b9
00000236b12787d9
00000236b46bb939
0000023701295a99
00000237218696f9
000002372e4d5df9
00000237500f6979
0000023765b914d9
000002377c1361b9
000002378714bcf9
00000237bb7e1b59
000002383ee59199
000002386806b919
00000238b0e0ad39
00000238dcc7bbb9
00000239af17f8b9
00000239b9280ed9
00000239de13aaf9
00000239e636c539
00000239f167df19
0000023a38bfc4b9
0000023a89218139
0000023b1d818959
0000023b1e60d9f9
0000023b7681c8b9
0000023bec922619
0000023c07cfc939
0000023c2fb942b9
0000023c433ba779
0000023c54eaacb9
0000023c6b94f699
0000023c6c5b4fb9
0000023d7da4d559
0000023d86274799
0000023db6410d99
0000023df95b9199
0000023e05ec4c79
0000023e2eb1cf39
0000023e41786679
0000023e72c3c399
0000023eb17e5b19
0000023eb934e839
0000023ede14d259
0000023f41cc7c19
0000047eef200d61
0000000000f66071
0000000000000181
0000023f7ad76999
0000023f898eb2d9
000002404eb6c2f9
0000024098dd51d9
00000240e627fd39
00000240ef14fc99
00000240ff631659
000002410eacb819
00000241148e60f9
000002414c059e19
000002416f89e3b9
00000241bad4af19
00000241dc0137b9
00000242d06638b9
00000243293f7479
000002447aae4fd9
000002450fb95d39
00000245844d0279
00000245b19b5199
0000024616af9319
00000246e6a31879
00000246f4dd20d9
00000247542d1cf9
00000247bdfcee39
00000247c4791459
00000247cb5f1059
000002484c4e92f9
000002488f739459
000002489d380619
000004918f8aae61
0000000000f66071
0000000000000181
00000249bd3a0899
0000024a159099f9
0000024a1e0a48d9
0000024a28f134b9
0000024a555e5f99
0000024a7244cd39
0000024a75ed1c19
0000024a80fb6cb9
0000024aef9c2e99
0000024afb6ca259
0000024b6e8aa799
0000024b81257559
0000024b888e02b9
0000024c01b383d9
0000024c06732dd9
0000024c4b0b05f9
0000024c7feea6d9
0000024d340ba899
0000024d34322079
0000024d55b65bd9
0000024dac5a3539
0000024dc6472ed9
0000024e1dc02a59
0000024e5138c119
0000024e5f83f0f9
0000024f080d6c19
0000024fbc725899
0000025021f13a39
00000250498d51b9
000002506e987ed9
00000250c8cd8f79
00000250f6cdf459
0000025110ade8b9
0000025126781f59
0000025131e0c6f9
00000251fd746ab9
000004a42ff55061
0000000000f66071
0000000000000181
000002530fc4f019
000002535a806379
000002537ec00a39
00000253d7c78679
000002543730e299
000002545cd3f579
00000254b7e32a79
0000025559ad06b9
000002556bd3f539
0000025580d1b459
00000255a8c4b6f9
00000255f1256699
00000255fe40bbb9
0000025613cee819
000002561a6e23d9
0000025690771a39
00000256a80cc3d9
000002570aeefc19
00000257200423d9
000002572c341139
00000257422a4379
000002575d84f619
00000257788c3c99
0000025778ac9dd9
000002578a532959
00000257b00ef4d9
000002581870fc79
0000025859e75239
00000258da2141d9
00000258e69438b9
000002598b847c59
00000259c3564f19
0000025a01a5f2b9
0000025a3ac4eb19
0000025a9d418e19
0000025aa18d7a99
0000025aa70ba8d9
0000025aa7dc06d9
0000025ac25dcf39
0000025acceefeb9
0000025b341ece39
000004b6d05ff261
0000000000f66071
0000000000000181
0000025b91fcbf59
0000025c33860c79
0000025c6b1c8cd9
0000025c6d826d59
0000025cdb636619
0000025d09fad7f9
0000025d2578fc79
0000025d7b7139b9
0000025d90322af9
0000025deac158f9
0000025dffbc5679
0000025e20ab6679
0000025e4b04f799
0000025ec1912bb9
0000025ee6b3dbb9
0000025f28a0d999
0000025f5be29b39
0000025fafcb4f19
0000025fc4daa999
000002603feba899
0000026061c45179
00000260b179d359
000002614836d559
000002615be90619
0000026290f5ed99
00000262b672fcd9
00000262b8e97399
000002630dc4fc99
0000026313830f99
000002646af7bd99
0000026495ce03d9
000004c970ca9361
0000000000f66071
0000000000000181
00000264bf0bfb59
00000265cda77cd9
000002663febfb59
000002664861f279
00000266a1915b39
00000266b23a7239
00000266e5e654d9
0000026720a90519
000002678ae83bd9
00000267ea64d679
0000026828d970b9
0000026859b05a79
0000026874308bd9
00000268ea18ea99
0000026974406139
0000026982582599
00000269847a7bf9
0000026a23c6ab39
0000026a55bfaeb9
0000026a8e55e079
0000026a965a0979
0000026adb119059
0000026b75d0c699
0000026b792a22b9
0000026ba756be79
0000026bc22a0599
0000026be3702859
0000026c1f5b9879
0000026d0d9b2139
0000026d794fb9b9
0000026de950bb19
0000026dec67bdb9
0000026df65d89d9
000004dc11353561
0000000000f66071
0000000000000181
0000026e2b9cad59
0000026e70e692b9
0000026ea6ce76f9
0000026ea9d2b899
0000026eb26857f9
0000026f0d471699
0000026f47235cd9
0000026f73163359
0000026f9107b079
00000270e12aaff9
00000270ffc61fb9
0000027118e44d99
000002711d09e119
00000271249acf59
0000027127678db9
0000027194f6ec59
00000271fc6deff9
000002724d9f3519
0000027277a52ad9
00000272c7364ed9
0000027388be4639
0000027408803639
000002742b492c19
00000274452319b9
00000274597cab19
00000274ea9090f9
000002757bbd4299
000002757e98f719
0000027596e87e79
00000275bff37819
00000275e4ee5cd9
0000027651ee5cd9
000002769e644859
00000276eec1a2b9
0000027724d5a539
000004eeb19fd761
0000000000f66071
0000000000000181
000002778356dff9
0000027808fa3c99
0000027868e01e59
00000278ca0d3739
00000278de0ea3f9
000002791d1eaf19
000002792a0d2039
00000279e382ce79
0000027a0194f3b9
0000027a2e7d77f9
0000027a38c6c679
0000027a39657399
0000027a461f5519
0000027a55aed579
0000027a78def799
0000027a9e470179
0000027adc7a4539
0000027bb00ad179
0000027bcf698b79
0000027c369be939
0000027d0e3d44b9
0000027d5006a0d9
0000027d648c6959
0000027d9d80b059
0000027da05c4db9
0000027e55204859
0000027e85e41539
0000027e869a6279
0000027fd2e5b6d9
0000027ffa92b6d9
000002801aba6bd9
000002801f4adf19
0000028020acc099
000002803bb626d9
0000028046f870d9
0000028061acc8b9
00000280a77cfd39
00000501520a7961
0000000000f66071
0000000000000181
00000280aab36ed9
00000280c54630d9
00000281062db859
00000281a88be899
00000281cd783419
0000028218617519
000002823ebd3a99
00000282655553f9
000002827230bb39
000002828dd4beb9
000002829a6e3d19
0000028360aa79b9
000002837f97e239
0000028501ff8d19
000002851a38d539
0000028543f0db79
00000285513f2279
0000028576b7de59
000002859347d439
000002859cae2839
0000028643a3aa59
00000286c26c3e39
000002876bb48039
000002876d706cb9
00000287bbb6f119
00000287d69b12d9
000002888d128f99
00000288b90d48f9
00000288ea09d2f9
0000028900da5679
00000289a732b499
00000513f2751b61
0000000000f66071
0000000000000181
0000028a1e4b0e99
0000028a8d07ccf9
0000028aa8294cb9
0000028ab75d85f9
0000028aef4bf5b9
0000028b7b404ed9
0000028c52a8c919
0000028cd34729d9
0000028d1c811919
0000028d22a69719
0000028d5ab67b79
0000028d6419a599
0000028d661d4439
0000028dd04931b9
0000028e275d1979
0000028f02d0f2d9
0000028f638522b9
0000028f713c2919
0000028f765d4fd9
0000028f7afdda39
0000028f802ecef9
0000028f88aaf079
00000290071de639
000002907c748179
00000290b2439359
00000290ea5ba619
0000029120eabe59
0000029184e178b9
00000291a18e4fd9
00000291fe845039
00000291ff5c3459
0000029299fed899
0000052692dfbc61
0000000000f66071
0000000000000181
00000293501ecff9
0000029367b03419
000002941fc7a539
0000029479d196b9
00000294d37fad39
00000294f58ddd99
00000295205fffb9
0000029567467b59
000002958afc9819
00000295e7db6e79
0000029608f7b379
00000296b0962079
000002971c048839
0000029720a37159
0000029730a944d9
000002973b4b63d9
000002975fb939d9
00000297cabaafd9
000002989a8dbd19
00000298ebf7f0b9
000002995f81e779
000002999d6a52d9
0000029a8af49219
0000029a935e9a99
0000029afd135eb9
0000029bb1af29b9
0000029c4fe36479
00000539334a5e61
0000000000f66071
0000000000000181
0000029cdd146699
0000029d43398679
0000029dc9fbf679
0000029dd1ee1a59
0000029df1f74159
0000029ea31cbc79
0000029eb124f3f9
0000029ee326d9d9
0000029f0e913419
0000029f1d8799d9
0000029f7cc92b19
0000029f99821859
000002a037506b99
000002a043a74cb9
000002a0ef3df0f9
000002a0fe126f59
000002a121a5ae99
000002a13252bbd9
000002a1458b5bd9
000002a14f84e479
000002a16ca58259
000002a16ceb2bf9
000002a1c5a6fe59
000002a2447074b9
000002a2564edc59
000002a27ce76639
000002a2965f65d9
000002a2c0629419
000002a2cef86779
000002a30391ba59
000002a345a331d9
000002a3835e9159
000002a3969677b9
000002a3b7b79919
000002a4501cf079
000002a51e634a19
000002a5984c84d9
0000054bd3b50061
0000000000f66071
0000000000000181
000002a627dc8d39
000002a6538e9fb9
000002a67ffd4699
000002a68896e739
000002a729abd179
000002a785965359
000002a825fcd139
000002a852bfe3b9
000002a884120a99
000002a8f1670b39
000002a9461cc939
000002a946c5f819
000002a98f342b59
000002a9a2b39639
000002a9e8adc219
000002aa022eb9f9
000002aa5a6f9979
000002aa6e322bb9
000002aa78062579
000002aad8c8ea99
000002ab09112db9
000002ab272692f9
000002ab3fcea019
000002ab85ca6a19
000002ac004114d9
000002ac1cf19499
000002ac40889939
000002ac7ab07759
000002ac886879d9
000002acceb67d59
000002ad8bab75d9
000002adf1300039
000002ae24c7b0f9
000002aee782d239
0000055e741fa261
0000000000f66071
0000000000000181
000002aff7edb9f9
000002b033ccfaf9
000002b03c72d799
000002b0497780f9
000002b060e874d9
000002b069946b79
000002b0a5e15779
000002b0f0889a19
000002b113322dd9
000002b1235b3b99
000002b1bc6d9019
000002b206a78419
000002b2232a9a99
000002b27e9d1439
000002b29eebccf9
000002b2c7197639
000002b345551559
000002b39b8e8ad9
000002b43e6c8199
000002b467f2a3f9
000002b4d05c4ad9
000002b4d2df3e79
000002b527a62199
000002b5efb32af9
000002b637b32cb9
000002b687ecb3f9
000002b731b173b9
000002b7370ce8f9
000002b7dbb9c8f9
000002b821782879
000002b883771e99
00000571148a4361
0000000000f66071
0000000000000181
000002b9215d62d9
000002b94fdd6f19
000002b998a742f9
000002ba48ee3f79
000002ba934cfb99
000002baea11be19
000002bc13a5f2d9
000002bc478245b9
000002bc54d380d9
000002bc569b6bd9
000002bcbfa53c79
000002bdb9362b19
000002bdd0003279
000002bebc51b719
000002befb86c279
000002bf3d904a79
000002bf5be1e2f9
000002bfbef13c39
000002c01fedd639
000002c0627fd9b9
000002c09074e2b9
000002c0f3816cf9
000002c16c5e74f9
00000583b4f4e561
0000000000f66071
0000000000000181
000002c1eaa89959
000002c1ec760ed9
000002c211435299
000002c2f0399dd9
000002c4d7b48319
000002c5489122f9
000002c58ec41cf9
000002c6295287d9
000002c70e4668f9
000002c73a2dbfb9
000002c75b8bc9b9
000002c7750e7a99
000002c7924835d9
000002c7d16f8c19
000002c8b17a1e59
000002ca8b2bc499
000002cab3fba6b9
000002cac25bd139
000002cad1d01159
000002cae89aa3f9
000002cb28853219
00000596555f8761
0000000000f66071
0000000000000181
000002cb2dd3a319
000002cb30b19af9
000002cb6c308a99
000002cbe4a0c7d9
000002cc069f1df9
000002cc4c4a1519
000002cc679b4159
000002ccf4488139
000002cd076c4339
000002cd11e87459
000002cd57509a79
000002cd86459ff9
000002cd8f064919
000002ce3cd47fb9
000002ce896a5239
000002cebcb58dd9
000002cfa54d93b9
000002cfb51a2799
000002cfd1341f99
000002d0342ec8d9
000002d047407f39
000002d07940fb79
000002d0888803b9
000002d182ba5119
000002d18d73cc19
000002d2591938d9
000002d3b238bcf9
000002d3b2b4e639
000002d3f565d879
000002d4574878d9
000005a8f5ca2961
0000000000f66071
0000000000000181
000002d4ad1460d9
000002d517b4ca59
000002d5dd4b3739
000002d61e9bbab9
000002d6529c3ed9
000002d661fae4d9
000002d7441f9e39
000002d8345709f9
000002d83e9513b9
000002d8a7436419
000002d8c1f75fd9
000002d92564a6d9
000002d974fb8f79
000002d9880ef019
000002da71f34559
000002da8a91d3f9
000002db34787359
000002dbc015a859
000002dc16bc6af9
000002dc38b2ef59
000002dccf46d6d9
000002dcf5d73999
000002dd902fcbb9
000005bb9634ca61
0000000000f66071
0000000000000181
000002dde5317ab9
000002de1945ed99
000002de6bc97e39
000002de98fdb9f9
000002df075469d9
000002df54da07f9
000002e04165a0f9
000002e0b51db279
000002e1e9242bf9
000002e27de9b579
000002e2b5d68539
000002e34068b1d9
000002e3d5e12f79
000002e4381cb119
000002e468ad2159
000002e50b9ba6b9
000002e5412310d9
000002e5457f85b9
000002e54676f1b9
000002e58d3450d9
000002e5f4e157b9
000002e61939e3b9
000002e62f2387d9
000002e6961c1139
000002e6ab3bb7d9
000002e6bdd24b59
000002e7013526d9
000005ce369f6c61
0000000000f66071
0000000000000181
000002e727ea87b9
000002e777dceef9
000002e78840f5d9
000002e80dde43b9
000002e872cb3b59
000002e885dde259
000002e8b89e9099
000002e927c4edb9
000002e943431999
000002e95203a619
000002e9beb4cfd9
000002e9dd2d09b9
000002eafb38ac79
000002eafdb34d59
000002ebeb2bc579
000002ec532f50f9
000002ec77a00919
000002ec7bd844b9
000002ed0e0f7fd9
000002ed4b73fad9
000002ed77c17079
000002edbef198d9
000002ede21d1159
000002ede96643f9
000002edf7551cd9
000002ee081493b9
000002ee81018939
000002ef9215d779
000002f06027fc79
000005e0d70a0e61
0000000000f66071
0000000000000181
000002f0d65bf019
000002f0f8ffa699
000002f10057e519
000002f102bd9719
000002f11d1ed3f9
000002f12f2d4139
000002f187b2f399
000002f19f985139
000002f227aaf239
000002f25df6bfb9
000002f27f715c59
000002f29dfe8679
000002f2fc78c059
000002f2ffb13679
000002f3ac3d39f9
000002f4180b2ff9
000002f53197d7f9
000002f63cc17379
000002f69ea1e359
000002f79932a799
000002f7feec7859
000002f807f9f8b9
000002f81433c899
000002f86568ad99
000002f8c4224659
000002f8d50915f9
000002f8f9bc14b9
000002f9086201d9
000002f982537b19
000005f37774b061
0000000000f66071
0000000000000181
000002f9d9b6e439
000002f9fdac6599
000002fa19344599
000002fa899b63b9
000002fa9b8add39
000002fac1a07b99
000002fadd731f39
000002fb9ac12af9
000002fbf85ecd19
000002fbfb562d79
000002fc63ad0f39
000002fcd0547319
000002fea97e1279
000002fedbf35659
000002ff1d60d9d9
000002ff9f451679
000002fff6a0b279
000002fff79a7699
00000300530bc439
00000300f77a53b9
000003015c8082f9
00000301b0e7fa79
00000301c69e19f9
0000030277924bd9
000003027a0f23d9
0000060617df5261
0000000000f66071
0000000000000181
00000303647f20b9
00000303b22b49f9
0000030402c0a3b9
000003043ddcc959
000003063b386e39
000003065eb86af9
0000030672063119
000003074d115579
0000030769d2f719
0000030771c66239
00000307e6dfbbd9
00000307e82c36b9
00000309c66905d9
0000030a4e537179
0000030af368cbd9
0000030b0ba09e19
0000030b2016f879
0000030b9043c879
0000030bc26f6af9
0000030c0d15b939
0000030c31f82619
00000618b849f361
0000000000f66071
0000000000000181
0000030cc56fc5d9
0000030ccb1bc9b9
0000030ccee6d6b9
0000030e11b39319
0000030ea5919539
0000030ed9a3fbf9
0000030edf7ebe59
0000030edfd6d419
0000030ef2837959
0000030fc3dcf6d9
000003102aac5f39
00000310d3a22a39
000003122bf63399
0000031295b05799
0000031340e4aa39
000003140918b759
00000314cacde359
00000314e6f6eb19
000003155cb8bb79
0000062b58b49561
0000000000f66071
0000000000000181
0000031633362fb9
000003167b5c55d9
00000316826d4f99
00000316846b2fb9
00000316b3991a19
00000316cb5987f9
0000031783d4d299
000003181272e3d9
00000318410f4d39
00000318744e8819
00000319416a0399
00000319a60a39d9
00000319af364a39
00000319f82ca679
0000031acf3f0f99
0000031b796359b9
0000031baea47bb9
0000031bfdc07e79
0000031c1e6c61b9
0000031c4878c9d9
0000031c86b43359
0000031d372342f9
0000031d6c7d6e59
0000031d793b5379
0000031daf807319
0000031e3000f8d9
0000031ea30e85b9
0000031ec66d9cf9
0000063df91f3761
0000000000f66071
0000000000000181
0000031f0949e579
0000031f81f8a4b9
00000320314b70f9
000003217ea91b99
000003222c0006b9
00000322e2b4deb9
00000322e83e7b99
00000322e9a90c59
00000323a287bcb9
0000032412b6d359
00000324d8a9e619
00000324fc7e6ed9
0000032550410379
00000325d7c7eb19
0000032644fa4499
0000032684d923d9
00000326bf0b7879
00000326d15828d9
00000326ef4a8bd9
00000326f3aaccd9
0000032700207519
000003271de1d239
00000327228fc359
000006509989d961
0000000000f66071
0000000000000181
000003286a6897f9
00000328a021f5d9
00000329265f7c39
00000329cb071a99
0000032a1bbb59f9
0000032ab754c219
0000032ba920cbb9
0000032bc9cd4af9
0000032c2576cb39
0000032c5ef6efd9
0000032cac599b59
0000032cd6176df9
0000032d1166e3d9
0000032e68b1a1d9
0000032ec0fa69f9
0000032ec4808fd9
0000032eec7673d9
0000032eee2586f9
0000032f80021ff9
0000033009d9f979
0000033096f38679
00000330cabafff9
00000331154fa8b9
00000331603553b9
0000066339f47a61
0000000000f66071
0000000000000181
00000332508ab639
0000033289f1fdd9
00000333144437d9
00000333711f17f9
00000333875826b9
000003338a317bd9
00000333ca28fe59
00000333e6a29879
0000033426ffcdf9
00000334b05075f9
00000335203de219
0000033532f1ab79
0000033549ef9e79
000003355d6da4f9
00000335698a5219
0000033636e89479
0000033673bfaef9
00000336ba6429b9
0000033712152579
00000337e25e2779
00000338130142d9
00000338976440b9
00000338a80bc359
00000338fd709119
0000033a04355fb9
0000033a16d397d9
0000033a45bbe1f9
0000033a710b2659
0000033a84d9cbf9
0000033aa8b0ceb9
0000033abb1171d9
00000675da5f1c61
0000000000f66071
0000000000000181
0000033b20d9b5b9
0000033b8b515459
0000033c168d5b39
0000033c28c93179
0000033c56d1e259
0000033ca38e75b9
0000033cfb929c79
0000033d38aa8c59
0000033d6d1c70f9
0000033db2cac239
0000033dfa838519
0000033e5efa3d79
000003404c260839
00000340bffeaa99
000003412357f259
000003417d2ccb99
00000341b264deb9
00000342227b6279
0000034279c391b9
00000342c02e8cf9
00000342e68f3ff9
000003433484f4f9
000003434e6fd699
0000034392ff2d79
000003439e5b1e59
000006887ac9be61
0000000000f66071
0000000000000181
000003443cf53179
000003461ddad659
0000034695bcecb9
00000347486b8599
00000347714193b9
0000034828e33119
000003483225c5b9
000003483de79739
000003488be53e79
00000348e99821b9
00000349163d4779
0000034965607359
00000349d0aca5d9
00000349e73bad99
0000034af08d5d19
0000034b8d111df9
0000034b8ecf3c19
0000034baac28239
0000034c01c7fe99
0000034c806fbc59
0000034d747f2039
0000069b1b346061
0000000000f66071
0000000000000181
0000034dd8f419d9
0000034ddd4bc219
0000034e49ec4d59
0000034e66b0caf9
0000034ec598cb19
0000034f31a78479
0000034f358b4739
0000034fc4784f99
0000034fee8080d9
0000035001acfaf9
00000350491b17f9
000003509d47b6f9
00000350ded308f9
00000350eb60aa39
0000035133479919
00000351ebb81d19
00000352bf883c19
00000352d595b6d9
00000352df705859
00000352f6879c39
000003534970fef9
000003535da37179
000003537276b639
000003539b21f339
00000353c0f019b9
00000353fb4ce399
000003543e96d9d9
00000354de810d59
00000354ea91fff9
000003557d96c0b9
00000355ba034ab9
00000355c5aaf6d9
000003562a5933d9
000003562ae83699
000003562f3984d9
000006adbb9f0261
0000000000f66071
0000000000000181
00000357056ef359
000003573934bf59
00000357641891d9
00000357692c3239
00000357b74a9059
00000357c30e6a99
000003589d17ddf9
000003591f366259
0000035a3ceed9b9
0000035a8e4b4299
0000035b33812f19
0000035b60183439
0000035bc7e6ed79
0000035c302ab339
0000035c581c0539
0000035c59e5f059
0000035c5b885919
0000035ca19114f9
0000035ceeaca6f9
0000035cf2d4b279
0000035d3a4a7fb9
0000035d52dabf99
0000035d7b62a739
0000035db0dbc279
0000035dd893bb59
0000035e2da49f39
0000035e397e1939
0000035e8686c859
0000035e9367fab9
0000035f662da779
0000035f89b01d39
000003602cbf2259
000006c05c09a361
0000000000f66071
0000000000000181
000003605b229319
000003609f015e99
00000360b62d82b9
00000360fa1c9219
000003613e8702b9
0000036209ee5619
0000036213de2539
000003627589e0b9
00000362d8d77c39
000003638b31b079
000003638ed15e79
00000363fcaf8439
000003640b415139
000003646d7f2819
000003648122f159
00000364db16baf9
00000364e5ab7319
0000036520736a39
0000036667f601d9
00000366b43dca19
00000366eba1ab59
00000366f72ad319
0000036753a56419
000003678a0625f9
00000367dc9e5639
000003682d343bb9
0000036872cd2b79
000003689a67b779
00000368a510ffd9
000006d2fc744561
0000000000f66071
0000000000000181
0000036a1b49d0b9
0000036a2186fab9
0000036a4c066fd9
0000036a84b5b7f9
0000036a8dab7179
0000036acf6ebcb9
0000036bb85ee379
0000036cca772099
0000036ce4c007d9
0000036d224b0bf9
0000036dec8df4f9
0000036ed4394cb9
0000036f17520759
0000037015212d59
00000370a001fe59
00000370acac7b19
0000037139c24d99
0000037147c37799
00000371e6fb2719
00000371eae25019
000003723d4af719
000003725949af19
000003727567fa99
000003729e7c0e99
000006e59cdee761
0000000000f66071
0000000000000181
00000372d4fa9839
00000372d678bcd9
0000037349f45999
000003735d5b1ad9
0000037407cdc619
000003741c3838d9
00000374ceb1d839
00000374f4139919
00000375a0b4de59
0000037634dc77f9
000003768f26be39
00000376d11d6df9
0000037726548d39
00000377b2d62ab9
00000377ba4e0779
000003782bb3de79
000003786f5224d9
000003787ace4699
00000378b3dcf039
00000378e92c11d9
00000378efe23399
00000379ad23a739
0000037c0ab90d39
000006f83d498961
0000000000f66071
0000000000000181
0000037c95bdca79
0000037d31b4b7f9
0000037d4957e139
0000037d6c588659
0000037f84fc4e59
000003800a98ee39
0000038049676859
0000038049b79b79
00000380aac19d79
00000380fbe3f7d9
0000038169e79db9
000003817088a559
000003827644abb9
000003828ae08679
000003829c1cab39
0000038312647c99
000003831c750479
0000038420a22c19
0000038422b31999
00000384326eed39
0000038565c10199
0000070addb42b61
0000000000f66071
0000000000000181
000003859342cf39
00000385994bd999
000003859c7f0b79
00000385f6b49499
00000385f7999499
0000038610a78619
00000386a317e959
000003874ab69379
00000388721b43d9
000003887c0cdaf9
00000388b30300d9
000003891a09fa19
000003891c87d279
0000038a2696c799
0000038a5ed4a279
0000038aeb6a1239
0000038aeb71edf9
0000038b1b09d419
0000038c09721dd9
0000038d7a1cc339
0000038dfad7ff19
0000038e10351739
0000038e73db4659
0000038eb7d5cad9
0000071d7e1ecc61
0000000000f66071
0000000000000181
0000038eedb96699
0000038f3d7a1899
0000038f3e5996d9
0000038ff5e318d9
0000039008875ef9
000003917a62ecf9
00000391eda7b479
0000039207b88659
000003925a5597f9
000003925aece499
000003927621f159
0000039296855639
00000392d3422239
00000392dfd509f9
00000392f4ecc039
00000393cca31039
000003945bab15d9
000003949155a319
000003950db54b39
000003951fecadd9
0000039680452459
00000396beb0ac99
00000396c1126ad9
000003980bf39299
000007301e896e61
0000000000f66071
0000000000000181
00000398b3857459
00000399a47cfaf9
0000039a1827dd19
0000039a7fae55d9
0000039ae1758799
0000039bc4e94ad9
0000039c2c1e1359
0000039c9025ccd9
0000039cc1f086d9
0000039cd85a8ef9
0000039cfc3013b9
0000039e04156cb9
0000039e0745ca59
0000039e98f88999
0000039f5ec585b9
0000039fc06ad8d9
000003a07f33df19
00000742bef41061
0000000000f66071
0000000000000181
000003a185a7b219
000003a193de8619
000003a19e6e2479
000003a20d78ba79
000003a24a403139
000003a28be8ce79
000003a38faa4079
000003a39b1a1399
000003a409cd4df9
000003a43c12ce39
000003a4685bcf39
000003a4897c0d39
000003a4fe57e319
000003a5239f1899
000003a58fa72a39
000003a744d346d9
000003a7baa89439
000003a87e0ab299
000003a8d6fee479
000003a973475db9
000003a976238479
000003a991bc78d9
000003a9d5093179
000003aa5be1b4f9
000003aa6c2ccb99
000003aa8ba5dc59
000003aa95cb6e19
000007555f5eb261
0000000000f66071
0000000000000181
000003ab1bd68f99
000003ab20486859
000003ab4050d059
000003ab51127d39
000003ab7b4c4119
000003acae207439
000003ad060cb539
000003ad0cd17039
000003ad1dc2ca79
000003ad27ca9779
000003ad88907859
000003aee6ef0439
000003af3bccadd9
000003af8d03f879
000003af92e461f9
000003b106875b59
000003b19b637eb9
000003b1e720b999
000003b2167bb9f9
000003b3ab79b1b9
00000767ffc95361
0000000000f66071
0000000000000181
000003b43e127f19
000003b4e153d5d9
000003b5902632f9
000003b59dce8f39
000003b678701479
000003b6d9733279
000003b6da266879
000003b76e9f7439
000003b78ce9b919
000003b7c373a2b9
000003b87cfe4239
000003b9632db1d9
000003b9b29edc99
000003b9f539a459
000003ba1c6c0919
000003ba3a0a34f9
000003ba4e87ead9
000003baa67d3cd9
000003bb43495519
000003bb8ba8b4f9
000003bc3df749f9
000003bcb8f13ef9
0000077aa033f561
0000000000f66071
0000000000000181
000003bf691293f9
000003c000591059
000003c07574c5f9
000003c175795339
000003c17fccd239
000003c22ae00199
000003c29c692fb9
000003c2e98574f9
000003c304301ad9
000003c377ebad19
000003c3fde49dd9
000003c4c1c5d979
000003c57ad0e1d9
000003c5a44f1d59
000003c613a15d59
000003c656916839
0000078d409e9761
0000000000f66071
0000000000000181
000003c76e5a71d9
000003c7eeb21a79
000003c8d77bf7f9
000003c93ec48099
000003c9479a1959
000003c95f530e79
000003c996486fd9
000003c9d6f91a79
000003c9fd5feb59
000003cbf55bdfb9
000003cc45a52439
000003cc8990fbb9
000003cdc3814c19
000003cdeec55599
000003ce1d20e939
000003ce63b2a4f9
000003ce6503c419
000003ce8dbf7899
000003cea2ad9f39
000003ced2d567b9
000003cf35f3b119
000003cf507f5019
000003cf823f70f9
0000079fe1093961
0000000000f66071
0000000000000181
000003cff54af519
000003d090018579
000003d0d22c22d9
000003d1cb0f89d9
000003d245fdb7d9
000003d268d1ec99
000003d29b2e8fb9
000003d2d4dca079
000003d406de2cb9
000003d408c44519
000003d4ccde49b9
000003d58067a9d9
000003d5a538da99
000003d5b0a82799
000003d5c5994679
000003d5ff7b3f39
000003d68e0586b9
000003d6e8b88779
000003d73a246559
000003d7459a7f99
000003d7a7a72bd9
000003d7e0103499
000003d7e31583f9
000003d8ba9c3019
000007b28173db61
0000000000f66071
0000000000000181
000003d96974be19
000003d96a2d42f9
000003d9d782a1d9
000003da9e816159
000003dadeeca1b9
000003dcc4382499
000003de68338359
000003dec81783b9
000003df69c97059
000003df7996ff79
000003df7ece4899
000003df835ce939
000003df8c078e59
000003df8c8b5799
000003df982c8119
000003e091c6d339
000003e09295bc39
000003e0a5ef9fd9
000003e1c8f53099
000003e23e36f1d9
000007c521de7d61
0000000000f66071
0000000000000181
000003e29272a659
000003e440328899
000003e480876bf9
000003e648ff18d9
000003e67f6df3d9
000003e6fcdd1159
000003e6ffec6e59
000003e773c78cf9
000003e7a2c9f679
000003e899a2d3d9
000003ea77f40d99
000003eaa5c6bd19
000003eaecd837f9
000003eafe186a79
000003eb94756bf9
000003ebaf253379
000003ebc29bfbb9
000003ebc4ce36d9
000003ebe065a099
000007d7c2491e61
0000000000f66071
0000000000000181
000003edb1a5e919
000003ee049c6d99
000003ee161b6879
000003ee1d0f11d9
000003eec693d679
000003efbf1e9159
000003efd32d2d79
000003efe159aa19
000003efe9fd3c59
000003f0235083f9
000003f031dc2179
000003f04f7670d9
000003f05a41ce19
000003f092b5a7b9
000003f1533a1d59
000003f159a67b99
000003f1dc8732d9
000003f2506050f9
000003f27265ac19
000003f464edff59
000007ea62b3c061
0000000000f66071
0000000000000181
000003f55801c739
000003f56151e6f9
000003f5882ac739
000003f5b9ae1019
000003f6d1d9f3f9
000003f7023d7879
000003f83683f219
000003f8a8b68b59
000003f8be161119
000003f921a8deb9
000003f9530221f9
000003f983942f79
000003f9bca74379
000003fa8afe52f9
000003faadbd16b9
000003fabee029f9
000003fae978eff9
000003fba950a659
000003fbcf9cc799
000003fc1d92ef99
000003fce5d94eb9
000003fd17a81319
000003fd64a83139
000003fd833076d9
000003fdaa253679
000003fe75642739
000007fd031e6261
0000000000f66071
0000000000000181
000003fea575f6d9
000003fee4facbd9
000003ff0750cbf9
000003ff2d5db619
000003ff2f122ef9
000003ff71d72759
000003ffa80252f9
00000400f0abf479
000004015f868659
00000402444bac19
00000402de2ab4d9
000004031fb66af9
000004039ccb6939
00000405b0f43479
00000407349715f9
0000080fa3890461
0000000000f66071
0000000000000181
0000040926b67759
00000409f12a4779
0000040a032e8bd9
0000040a2d407cb9
0000040c2f71c4d9
0000040c8ce1a9f9
0000040d40c064f9
0000040d6af659b9
0000040e78469319
0000040ee873e9f9
0000040fbbba1219
000004102b2a7fd9
00000411095d1459
00000411179aff39
0000082243f3a661
0000000000f66071
0000000000000181
00000411eb8a6739
000004122d0f31f9
0000041245caa2f9
000004126c56d779
00000412874f1859
0000041293f4df99
000004131816da39
000004135b817559
000004139c14f1f9
00000413e049efd9
00000414c5b1b599
00000414eaf30979
0000041620dc54d9
000004168dc167b9
00000416d0aa1639
0000041776c478d9
00000417ca431959
000004180acfd279
000004184551eb79
0000041938a9eab9
00000419c0cf9299
00000419ea77cf79
00000834e45e4861
0000000000f66071
0000000000000181
0000041ac5eaa179
0000041bba104a79
0000041c21df7e79
0000041c801c0e19
0000041cb32ebb19
0000041cb9dbe0d9
0000041d1187d799
0000041ed0e8bff9
00000420ca793919
000004215e98ec99
00000421941fca59
0000042213f62f39
000004227be59359
0000042359051d79
00000423a5cd8b99
0000084784c8e961
0000000000f66071
0000000000000181
000004240d243419
000004247403aa79
00000424dc02e939
0000042593226479
00000425b4ff1979
000004263cee7c79
00000426a9678319
00000427ad624b59
00000427b10fe339
000004284c76d7d9
00000428532a3d99
000004296d000759
0000042a8ee51359
0000042aa8c024b9
0000042ab375e839
0000042bd4499999
0000042c2624bcd9
0000042c86e7e8d9
0000042ce79c1bd9
0000085a25338b61
0000000000f66071
0000000000000181
0000042de4c0f919
0000042eb2a58e19
000004308b97b559
0000043098655a59
00000430a685cd19
0000043128498bd9
0000043130e40339
0000043186c58c79
00000431b297af79
000004327acc8c99
00000432af450659
00000434098cd679
0000043475871479
0000043575decad9
0000043592f23f79
000004359f6949d9
000004364b9f3d59
0000086cc59e2d61
0000000000f66071
0000000000000181
000004368af051b9
00000436e6d70fd9
00000437546db599
0000043796df9279
00000437dca6e399
000004385ea1a0f9
000004387a5edc39
000004396b0e5a19
00000439c6657439
0000043aad49e639
0000043ae0597019
0000043b241a21d9
0000043b30676ad9
0000043b7164fa99
0000043bc7d5fdb9
0000043bfad03db9
0000087f6608cf61
0000000000f66071
0000000000000181
00000440c2e2f939
000004410460a2f9
0000044144640859
000004417d7584b9
00000441a21b9599
000004426ce51739
000004430cc723b9
000004436c0f7559
000004444de1e939
000004459a765839
000004465914f659
0000044667128199
0000044667573459
00000447c20a5d39
0000089206737161
0000000000f66071
0000000000000181
000004499a83f779
00000449df666039
00000449f4900899
0000044c5af2d9f9
0000044dc4f5c039
0000044de392d5d9
0000044deaea9dd9
0000044e05e1ce99
0000044e35cb84b9
0000044eda53d219
0000044fb9f1c7b9
0000044fd07ffe59
000004502b119ff9
000004510bf8f9d9
0000045132f815b9
000008a4a6de1361
0000000000f66071
0000000000000181
00000452792526f9
00000452feebd0b9
000004538ac8c699
000004538d0063f9
00000453a564daf9
00000453bc941399
000004541c6adad9
0000045471f59319
000004554f2d25f9
00000456a3ea88f9
000004576e7d4179
00000457d10655b9
00000457dea57379
00000458257d0ed9
00000458a3b642f9
000004590fd616f9
00000459110f8819
00000459468f0ff9
0000045ad29a7959
0000045adb93d3f9
0000045b287d7079
0000045b4db50c79
000008b74748b561
0000000000f66071
0000000000000181
0000045c620f2019
0000045d01eaeaf9
0000045d68571439
0000045f9f479159
0000045fcca9d5b9
0000046039ffcbb9
000004614d245c59
000004617908a459
00000461e0670e19
00000461ff0f1cb9
00000462069fa179
000004627810a2b9
000004645bb6ad99
00000464731e8519
00000464af4c7079
00000464ebf05719
000008c9e7b35661
0000000000f66071
0000000000000181
00000464f3e98ef9
000004654a993599
00000465991b3cd9
00000465a4c5a819
000004662be90cb9
0000046670335d39
000004682e4cc999
000004687a2050b9
000004691cf76599
0000046a630827b9
0000046a694b9c19
0000046ac480d3d9
0000046afb111b19
0000046b6348fcb9
0000046b7a1701f9
0000046b89109739
0000046c5f5fb959
0000046d67fd6ef9
0000046d8cae61b9
0000046d95b6f619
0000046ded79f159
0000046e214d4539
000008dc881df861
0000000000f66071
0000000000000181
0000046e783dec99
0000046edb55aa79
0000046f8ab26fb9
000004705178cc39
00000471686879d9
000004716a4e6699
00000471e3bfdb59
00000471feac2e99
000004721878c339
0000047222306199
00000472989d1959
00000472e22aa479
00000472f040fff9
0000047385221299
00000473b88ba6f9
000004743bfdbdf9
0000047449254b59
0000047638208519
0000047679137db9
00000476901b7cf9
000008ef28889a61
0000000000f66071
0000000000000181
00000477bf9154d9
0000047b22349799
0000047b37485719
0000047b7ccd5139
0000047bb1519e59
0000047da87a6c19
0000047e417dd9f9
0000047eaac878d9
0000047ee4383ff9
0000047f02476919
0000047f2a0a4d79
0000047f4d1f1f39
0000047faace99b9
000004800f8a74f9
00000480151936f9
00000480496c6439
000004807cc65299
00000480c2109a79
00000901c8f33c61
0000000000f66071
0000000000000181
0000048248d05fd9
000004828dd1cab9
00000482a12b32b9
000004832fa59b59
000004834c149c19
00000483ccfc2159
00000483d5cbf299
00000484131152b9
000004855644f1f9
00000485aef846b9
000004873e2c15f9
00000487b90a6ff9
00000488003b57f9
0000048898c7c199
000004890268df59
000004899765b099
00000489e4b29319
00000914695dde61
0000000000f66071
0000000000000181
0000048a6ca88c79
0000048a7035be19
0000048c3bd81939
0000048cf70e86d9
0000048d1a902139
0000048d396e68d9
0000048e69e7e8d9
0000048e99bb6019
0000048f6ab28c79
0000048fdf25cc79
00000490a281bfd9
00000490b4e48479
0000049198040d59
00000491d2fdb4b9
0000092709c88061
0000000000f66071
0000000000000181
00000495330171b9
0000049551a98739
00000495d6a21e79
00000496252f1119
000004965f0985f9
000004965fb51bd9
000004968488ed79
0000049684890819
00000497026cd7b9
0000049743fe81b9
000004983405f2d9
000004986d966c59
00000499e7240d99
0000049a53d9dbf9
0000049b6c73a439
0000049c610d52d9
0000049ccc0900f9
00000939aa332261
0000000000f66071
0000000000000181
0000049d45792139
0000049d5f335879
0000049d72b9b259
0000049d8e848fb9
0000049f0dacce59
0000049f307e06d9
0000049f69aa7339
0000049f6c6278d9
000004a05daeb059
000004a0e00a06b9
000004a107a46039
000004a16de97bd9
000004a1a3d7aad9
000004a20ee9bbb9
000004a306594d99
000004a38a637df9
000004a3f36fe4f9
000004a55c84f659
000004a58b36e079
0000094c4a9dc461
0000000000f66071
0000000000000181
000004a662b7a9f9
000004a6b5cd03b9
000004a74d8e9419
000004a74eba38b9
000004a7751c69b9
000004a7c9716d79
000004a82db703f9
000004a8a3578019
000004aa2ea6dc39
000004aab3b6c319
000004aab84f4479
000004abbd932d99
000004abf1f925b9
000004ad52b316f9
000004ad5895d019
000004ae0f9da2f9
000004ae25946139
000004ae3d1b5779
000004aee4c57dd9
000004af6d1b11b9
0000095eeb086561
0000000000f66071
0000000000000181
000004b037ae8ab9
000004b0712be199
000004b099a8fff9
000004b121cd7719
000004b13153ab39
000004b1cc8faff9
000004b26a6daef9
000004b2ab909d19
000004b2b86aeaf9
000004b2ccf88859
000004b44f286999
000004b4c6e09a39
000004b4cc371939
000004b50ac213f9
000004b872cc77b9
000009718b730761
0000000000f66071
0000000000000181
000004ba8965d639
000004babba4d699
000004bb00858cd9
000004bb1050cad9
000004bb57d3f3b9
000004bbed111ff9
000004bd113abc39
000004bd2a29dc39
000004be1c6e8cb9
000004be5adc6159
000004bf2329cfb9
000004bf5d8f7939
000004c00c37e1b9
000004c0a0d9e5f9
000004c0e1e295b9
000004c0f9329c79
000004c1386766d9
000009842bdda961
0000000000f66071
0000000000000181
000004c2c91203d9
000004c3812848b9
000004c4399ef4d9
000004c541685cd9
000004c6c32cbab9
000004c739324d19
000004c7f65c4699
000004c8b7d86699
000004c902a22839
000004c972f083f9
000004cb4aaf14d9
00000996cc484b61
0000000000f66071
0000000000000181
000004cc2bb1abd9
000004ce4e978999
000004ce93756e19
000004cf1ceac339
000004cf85b31e79
000004d02d53b799
000004d08bb497d9
000004d19542b8d9
000004d237c62af9
000004d30182a259
000004d35bd61ef9
000004d366d6aab9
000004d3e12ff9b9
000004d3f960c9b9
000004d410da6b99
000004d47f18c199
000009a96cb2ed61
0000000000f66071
0000000000000181
000004d4ff9e5bd9
000004d6308313b9
000004d671e990f9
000004d692c79f39
000004d6b2d70fd9
000004d6c85de239
000004d6cf2fe1b9
000004d76c5a6ab9
000004d795914cf9
000004d9c3e3c9f9
000004daf0170579
000004db8f1fdf59
000004db915b86f9
000004dcd22865f9
000009bc0d1d8f61
0000000000f66071
0000000000000181
000004deff10c199
000004df5ec6b179
000004df8cd40419
000004dfb8ee93b9
000004e077043c79
000004e0cd8cd7f9
000004e1c659ff59
000004e401ff51d9
000004e4278c73d9
000004e4446a5c79
000004e4f5a5c4b9
000004e60ea84c99
000004e6563bdbd9
000004e71a0f73d9
000009cead883161
0000000000f66071
0000000000000181
000004e7c00fa299
000004e7d1817459
000004e7d5a0b019
000004e83c7af759
000004e85dac3c39
000004e86a163ef9
000004e878e3a1d9
000004e8f9b051b9
000004e99be4db39
000004eabbac2299
000004eba3efd1d9
000004ec4b5a7079
000004ef1ee06599
000004ef40c8bd59
000004ef72c0beb9
000004ef98b7ab79
000004ef9f584999
000004efb64cef59
000004efb96c1c39
000009e14df2d361
0000000000f66071
0000000000000181
000004f0fe1ce9f9
000004f1001e3699
000004f1c68a3b39
000004f1d944cdf9
000004f2189f5979
000004f38b1b1079
000004f401a3d979
000004f416dc0739
000004f41afacf59
000004f535f6d379
000004f55efbec99
000004f622c04059
000004f681aab199
000004f7717f9779
000004f79be66459
000004f96c3ba9b9
000004f9d87225b9
000009f3ee5d7561
0000000000f66071
0000000000000181
000004f9fd20dfd9
000004fa0df1f6d9
000004faed892599
000004fb1ec39d19
000004fb24cae479
000004fb386e2bf9
000004fd0a0f7f39
000004fde61e0379
000004fecbffbc79
000004ff37a79a59
0000050034015e39
00000501633db459
0000050177ee73f9
0000050330fc5799
00000a068ec81761
0000000000f66071
0000000000000181
000005038f1d9fb9
0000050390addad9
0000050409641af9
000005041fbed059
00000504c3cb6059
00000504e71d1b79
00000507043a4279
000005070d79c6d9
000005079ebb5379
00000507caf168d9
0000050955a91e39
0000050b0010c659
0000050b3cf852b9
0000050c09c9daf9
0000050c51b9bf59
0000050c7fe804f9
0000050c8b8b4db9
00000a192f32b861
0000000000f66071
0000000000000181
0000050ce05671f9
0000050d73333319
0000050d91b97a59
0000050deec423f9
0000050e0dfc7039
0000050e1a7c1b99
0000050e9a44f9d9
0000050ece465bf9
0000050ee4bf9c79
0000050f5d521039
0000050fa40d8ab9
00000510c6f53399
00000511158f0bf9
000005112320c619
00000511b64afb59
00000512053059b9
0000051255a40919
0000051313f8af79
00000513a8b78a19
00000514484c7c99
000005146cbd0039
00000514fc2862b9
0000051596c4db79
00000515bda270f9
00000515cfa28279
00000a2bcf9d5a61
0000000000f66071
0000000000000181
0000051679088c19
0000051692d3df79
00000519a6cf0e59
0000051ba0ea7379
0000051c73a1e679
0000051ce112e0d9
0000051e30a9b1b9
0000051e50a648d9
0000051ea88fb799
0000051ee2dd06f9
00000a3e7007fc61
0000000000f66071
0000000000000181
00000520d7e79c99
000005217a15fd59
00000521a7433079
00000522647bdef9
0000052310218819
000005232343b7d9
000005232bef2119
000005245f844399
0000052517e1def9
000005257fca4a99
0000052820e21ad9
00000a5110729e61
0000000000f66071
0000000000000181
00000528a71aedf9
00000528ca086e79
000005291373a239
00000529c30ab5f9
0000052a13d8d2d9
0000052ab19fd179
0000052b4445aa99
0000052bdb82e1f9
0000052ca40be719
0000052d551686f9
0000052dee58c919
0000052df14e2419
0000052f29c34539
0000053011529c79
00000530b3116519
00000530f2a39439
0000053118453eb9
00000a63b0dd4061
0000000000f66071
0000000000000181
000005329ddf4b39
000005330d754fb9
000005338a6a8db9
000005339d493499
00000533af655e79
0000053421bd6ab9
0000053472e00999
000005350dd0df59
00000536e9a56b19
000005382db6e859
00000538ce5321b9
0000053909e2ef19
000005399525c919
00000539e4b548f9
0000053a4f95dc19
00000a765147e261
0000000000f66071
0000000000000181
0000053c2c650c59
0000053c2da8c699
0000053c4ff83e59
0000053d02468279
0000053d18d13299
0000053e86282b39
0000053ec8ae6359
0000053f1e1a4119
0000053f882abb79
0000053fe1a82d79
000005405ac59c59
00000540b6f9c999
0000054164cf65d9
000005416da3a159
0000054173383319
000005425ba82af9
00000543d5158999
00000a88f1b28361
0000000000f66071
0000000000000181
00000545186dadf9
00000545280b21b9
000005458f8b3259
00000545c0935799
00000545c3dd97d9
000005461cdc9399
00000546b93a15f9
00000547ebdae899
000005489c5930f9
00000548e7d1f7f9
0000054a468a6ab9
0000054a4e1886d9
0000054a83dc6bf9
0000054a92394239
0000054b9634c6b9
00000a9b921d2561
0000000000f66071
0000000000000181
0000054e8b0b4239
0000054ec61d1ef9
0000054eecb896f9
0000054fe9686939
0000055139e1a339
00000554c36af3d9
00000556414506f9
0000055666964539
00000aae3287c761
0000000000f66071
0000000000000181
000005574c5e8b19
0000055751b58d79
0000055777cf4279
00000557bd655599
0000055833524fd9
00000558a1ae1c59
000005590e623099
00000559d6001c79
0000055a44f3dbd9
0000055abdc76179
0000055b51b5acd9
0000055bcbd7f4b9
0000055eba4f84b9
0000055f1441ed59
0000055f7cbdbd59
00000560017a0fd9
0000056049ed9b39
0000056059a8d039
00000ac0d2f26961
0000000000f66071
0000000000000181
000005606c8d1279
0000056105fa78d9
00000562846485f9
000005631d4ee959
000005637ee37899
00000564c882bdf9
00000565afd66ff9
000005661f19d2f9
0000056662cb9919
00000566b6640b19
00000566da0869d9
0000056865585099
00000568fd57bd79
0000056965b6cc39
00000569846c6099
00000ad3735d0b61
0000000000f66071
0000000000000181
0000056af8d38499
0000056ce58e51d9
0000056d999b2139
0000056dd7bcacf9
0000056e76646cf9
0000056e9f87c3f9
0000056f1ebb2d19
0000056f422244b9
0000056f471d8e59
0000056f6314fcf9
0000057048500399
000005708fee1019
00000570e4720159
000005715f35f639
00000572173a7b79
00000572242c13b9
00000572780f68f9
00000572d1941259
00000ae613c7ac61
0000000000f66071
0000000000000181
00000573788da659
00000573d8407899
00000574035e05f9
000005744acce039
0000057698549539
0000057769a9edd9
0000057826bf8ed9
00000af206b2d961
0000000000f66071
0000000000000181
