[MCS8 A] 97 FW 3.104 SV 1.257 
range=1024
periods=2
sweepmode=27e20d0
fstchan=0
holdafter=0
streamstatus=3
calreg0=0
calreg1=0
calreg2=0
calreg3=0
swpreset=8000        
prena=0
syncout=0
cycles=18
sequences=1
tagbits=16
vdac0=92c
vdac1=807
vdac2=8c8
vdac3=8c8
vdac4=8c8
vdac5=8c8
vdac6=8c8
vdac7=8c8
timepreset=20.000      
digio=0
digval=0
autoinc=0 
savedata=2 
mpafmt=asc
sephead=0 
fmt=asc
smoothpts=5 
[CHN1]
REPORT-FILE from 06/19/2026 13:44:38.988  written 06/19/2026 13:44:38
cmline0=06/19/2026 13:44:38.988 
cmline1=A1
range=1024
active=1
bitshift=4
cftfak=2580100
evpreset=10          
roimin=0
roimax=1000
caloff=0.800000
calfact=12.800000
calfact2=0
calfact3=0
calunit=nsec
caluse=1 
[CHN2]
REPORT-FILE from  written 06/19/2026 13:44:38
cmline1=A2
range=1024
active=0
bitshift=4
cftfak=2580100
evpreset=10          
roimin=0
roimax=1000
caloff=0.800000
calfact=12.800000
calfact2=0
calfact3=0
calunit=nsec
caluse=1 
[CHN3]
REPORT-FILE from  written 06/19/2026 13:44:38
cmline1=A3
range=1024
active=0
bitshift=4
cftfak=2580100
evpreset=10          
roimin=0
roimax=1000
caloff=0.800000
calfact=12.800000
calfact2=0
calfact3=0
calunit=nsec
caluse=1 
[CHN4]
REPORT-FILE from  written 06/19/2026 13:44:38
cmline1=A4
range=1024
active=0
bitshift=4
cftfak=2580100
evpreset=10          
roimin=0
roimax=1000
caloff=0.800000
calfact=12.800000
calfact2=0
calfact3=0
calunit=nsec
caluse=1 
[CHN5]
REPORT-FILE from  written 06/19/2026 13:44:38
cmline1=A5
range=1024
active=0
bitshift=4
cftfak=2580100
evpreset=10          
roimin=0
roimax=1000
caloff=0.800000
calfact=12.800000
calfact2=0
calfact3=0
calunit=nsec
caluse=1 
[CHN6]
REPORT-FILE from  written 06/19/2026 13:44:38
cmline1=A6
range=1024
active=0
bitshift=4
cftfak=2580100
evpreset=10          
roimin=0
roimax=1000
caloff=0.800000
calfact=12.800000
calfact2=0
calfact3=0
calunit=nsec
caluse=1 
[CHN7]
REPORT-FILE from  written 06/19/2026 13:44:38
cmline1=A7
range=1024
active=0
bitshift=4
cftfak=2580100
evpreset=0           
roimin=0
roimax=1000
caloff=0.800000
calfact=12.800000
calfact2=0
calfact3=0
calunit=nsec
caluse=1 
[CHN8]
REPORT-FILE from 06/19/2026 11:29:06.915  written 06/19/2026 13:44:38
cmline0=06/19/2026 11:29:06.915 
cmline1=A8
range=1024
active=0
bitshift=4
cftfak=2580100
evpreset=0           
roimin=0
roimax=1000
caloff=0.800000
calfact=12.800000
calfact2=0
calfact3=0
calunit=nsec
caluse=1 
;MCS8 #97 Sversion=1.257 Fversion=3.68
time_patch=1
;datalength=8 bytes
;bit0..3: channel# 1..8 ( 4 bit)
;bit4: edge 0=up / 1=dn ( 1 bit)
;bit5 ..57: timedata    (53 bit), max sweep length 2001.6 h
;bit58..62: tag0..tag4  ( 5 bit)
;bit63:     data_lost   ( 1 bit)
[DATA]
0000000000000016
000000005871c479
000000005b0c8dd9
0000000083d73039
00000000eb3574d9
0000000100f172f9
000000011b7ed939
000000017920cc19
00000001f3c91859
000000020306b2f9
000000027b4576d9
00000002e9de8f39
00000002eae3b2d9
00000002fb6fd1b9
000000031d395999
00000003de12fa19
00000003e4513f99
000000040a5c9359
000000042590ea59
00000004535cd059
0000000498a5a859
00000004c35f12f9
00000004ebe2f679
000000053a5d4639
0000000547e72a79
000000055cda1859
0000000568e4e0f9
00000005b0050a59
0000000617d9ecd9
0000000637b745d9
0000000643bf6059
0000000643bf60d9
0000000643bf6119
0000000643bf67b9
00000006c7a3d659
00000006e9b7ba79
00000006e9b7d699
00000006fdf1ced9
00000007231a9f39
00000007d4afb9d9
00000008162b38f9
0000000833902d79
0000000865658299
000000088cd52499
000000089b8ae5b9
00000008cc651d39
0000000910937f19
0000000952f59a39
00000009afa41379
00000009afa422f9
00000009b95bb639
00000009c3d9b6d9
00000009ce483679
00000009d92c37d9
0000000a0e62efb9
0000000ac1ff8e59
0000000ae6c646d9
0000000b248538b9
0000000b9f9f8c99
0000000bc9ef7359
0000000beddf95f9
0000000bfa7bc939
0000000c1014aef9
0000000c32943639
0000000c3f881f99
0000000c48974799
0000000cfd5ef079
0000000d543d7a39
0000000d5eedd3f9
0000000d692af139
0000000d92533e19
0000000db7478779
0000000e7a1074b9
0000000e7a108e59
0000000e7cc8d9f9
0000000ead999919
0000000ebe2603b9
0000000ebe261b39
0000000f05c20eb9
0000000f74a9add9
0000000f9bf53e39
0000000fa5bc7939
0000000fe539c379
0000001078775cb9
00000010981f6279
00000010a477ebd9
0000002157010d61
0000000001f72671
0000000000000181
00000010aede3c19
00000010eb7a5499
00000010fab17439
00000011024190d9
0000001145bd0359
00000011940028b9
00000011c1d6e379
00000011fb48e5d9
0000001200cd0459
00000012522ba8b9
00000012522bbc99
000000125b82d439
0000001281d63bb9
00000012aed6ab59
00000012b8495f39
00000012b8495fb9
00000012b849ceb9
00000012f4ae3c99
00000012fab027b9
00000013282caf59
000000133634a279
0000001360e6d199
0000001360e6d219
0000001363ee0b59
000000137a95a9f9
00000013d11eea79
000000147b4c58f9
00000014c35be399
00000014e71f3eb9
00000014e71f3f59
00000014e71f3f99
00000014e71f4619
00000014e71f4f39
00000015cbebb019
00000015db1bb179
00000015e2df44d9
000000160a5ba019
0000001619b64f59
000000165ed93379
00000016fe097159
0000001710c9db19
0000001712f02899
00000017772ea7d9
0000001797460719
00000017977408b9
000000179dddd119
00000017d94cfaf9
0000001814f29759
000000181f594d19
000000185133a039
00000018699ec219
00000018cc023819
00000018d9c919f9
00000018dca655d9
00000018f17d8cd9
000000190915fed9
000000194b9bf219
00000019a7cb7259
00000019a7cb72d9
00000019a7cb79b9
00000019d6da4559
00000033f76be661
0000000001f72671
0000000000000181
0000001a5b11ffb9
0000001a90764879
0000001ad6607099
0000001b074323d9
0000001b0f08c4b9
0000001b85604e39
0000001b96847b59
0000001b99977759
0000001bd6c73959
0000001bd97d6cb9
0000001bf5416219
0000001c740a5959
0000001ca8441d59
0000001d139c54d9
0000001d35562d79
0000001d39dcf959
0000001d7bef54d9
0000001dc0df5339
0000001e0be5cf79
0000001e7589e9f9
0000001e89d4bd59
0000001eeaa064f9
0000001f47765059
0000001f5a9de339
0000001f99504439
0000001fadf4a219
000000204b98a619
000000205be5db39
000000207aa69639
0000002085838959
000000209a8050d9
0000002106a8b0b9
0000002107d192d9
00000021367bb199
000000213d1a15d9
000000218c8fbc59
0000002197a67b79
0000002197f33a79
0000002296a4c9b9
00000022fcaf31b9
000000234ad5f4d9
0000004697d6be61
0000000001f72671
0000000000000181
000000234c4929b9
000000234c492b99
000000235bd04d59
000000236d681f59
00000023b8e647f9
00000023cd168e99
00000023ec1e7739
0000002413036619
000000249c6432f9
00000025679d4219
00000025c109e339
00000025c10a3139
00000025e8611639
000000272ed964f9
0000002779f4fe79
00000027f9622d99
0000002829e147f9
000000287a7183f9
000000287edbf519
000000288d6a0b99
00000028d4024839
00000028dd2b77b9
00000028dd2beb19
0000002935f75cf9
000000295941ad59
000000296974a219
00000029883789b9
0000002a273e6059
0000002a974fed19
0000002aa61a60f9
0000002aa61abd59
0000002b17faa859
0000002b1b93c919
0000002b4c8afad9
0000002b7a3fabb9
0000002b83003b99
0000002b87fa6f79
0000002b9931d339
0000002bac43d4f9
0000002c138a7a39
0000002c842a0bb9
0000002c8c0cef19
0000002c8c0cef99
0000002c8c0cefd9
0000002c8c0cf679
0000005938419761
0000000001f72671
0000000000000181
0000002cba2757f9
0000002cba275899
0000002cba276d59
0000002cd7277f99
0000002cde165e19
0000002cfa38f559
0000002cfb669479
0000002d3f8510f9
0000002d6381f219
0000002d735399d9
0000002daa28b399
0000002dec30aa79
0000002dffd33899
0000002dffd33939
0000002dffd33959
0000002dffd33ff9
0000002ec8a4add9
0000002ff8d671d9
0000002ff8d674f9
00000030121a0019
000000309685bf59
00000030ecf7ad39
000000313bf87bf9
000000316f8635b9
000000325d20ab99
00000032b0f9cb39
00000032e79c4099
00000032ee3e6359
000000334c47c179
000000339c1bb859
00000033a48bc779
00000033ef63bdb9
000000343ec00779
000000347e04a959
00000034aa67c7f9
00000034aa67c879
00000034aa67c8b9
00000034aa67cf59
00000034b82da719
00000034c2f86019
000000359ebadeb9
00000035a6348e19
00000035a8ab1ed9
00000035a9df96b9
00000035d2cf9fb9
00000035d8a57899
0000006bd8ac7061
0000000001f72671
0000000000000181
000000362e6ef979
0000003683022ef9
00000036adc91f99
00000036e98cc939
00000037519f0419
000000378a5ac459
000000379ee93eb9
000000379ee9a819
00000037e8072699
000000381abd2059
00000038552f9199
0000003855e84939
000000387249dcf9
0000003897bfa999
000000389bce9cf9
00000038fcfae299
000000398b7124f9
00000039ad3b4139
00000039e16020f9
0000003a16087599
0000003a16088d39
0000003adebd5ad9
0000003b60116f59
0000003bb0468919
0000003bb61350f9
0000003bb61363f9
0000003be49f2cd9
0000003c12d4ec79
0000003c2fbf3e39
0000003c403e2eb9
0000003c46e94cd9
0000003c84bc60b9
0000003c8599a039
0000003c94c5eef9
0000003cbe8a39d9
0000003cc340ee39
0000003cdc7a1199
0000003d10591f19
0000003d900b6139
0000003d9e582f99
0000003da05a0f39
0000003db2577919
0000003dc14fbd59
0000003df75f3b19
0000003eb819d9f9
0000003eb819ed19
0000003f1e0c7539
0000003f27bee339
0000007e79174861
0000000001f72671
0000000000000181
0000003f880b63d9
0000003faabd53b9
0000004046d45f39
000000405a59efb9
000000418a187d79
000000418a1884d9
00000041e4ae9919
0000004214e157f9
0000004214e15859
0000004276c74d99
00000042d1f3d0b9
00000042d2f26d39
00000042eaee03d9
000000436e1eb139
0000004373ad6b19
0000004428a0f099
0000004440080a19
0000004440ebe619
0000004470556df9
00000044a2add4b9
00000044d5fe4ab9
000000455a56b039
0000004611364a79
000000464a2b0399
00000046c171f659
000000473ee5add9
00000047b224cf99
00000047b224ff79
00000047b9e17299
00000047b9e17319
00000047d0b0f779
00000048110d2d79
00000048110d4499
00000048753ed059
0000009119822161
0000000001f72671
0000000000000181
0000004892519f79
00000048bbe12d79
00000048bbe12df9
00000048d161aef9
000000490eff1239
0000004917b501b9
00000049353c8039
000000495bac0839
000000497b7c41b9
00000049964e6699
00000049c3bf9139
00000049c3bfa1b9
00000049d583d499
00000049dc113ed9
0000004a37a990b9
0000004a37a99139
0000004a87849419
0000004af3a78739
0000004b4a544979
0000004b4a5478d9
0000004b6ab4b399
0000004b95f54819
0000004bd83391f9
0000004c995310b9
0000004cab6ec5b9
0000004cc431af79
0000004ccac20cf9
0000004d06886dd9
0000004def943359
0000004def9433d9
0000004def943419
0000004def943ab9
0000004e6320dfb9
0000004eaba6c2b9
0000004ef7389319
0000004f03706079
0000004f80268699
0000004f8026a1d9
0000004fd4927c99
000000500e00f439
00000050896eaf59
00000050d4eccc19
00000050d4eccc99
00000050d4ecccd9
00000050d4ecd379
00000050dd7a3679
00000050ec534f19
0000005107b04f39
0000005127452359
0000005184be5859
000000518b4a9eb9
000000518b4ab079
00000051b4fe3139
00000051b4fe31d9
00000051b4fe4159
00000051cbc76359
000000a3b9ecf961
0000000001f72671
0000000000000181
00000051e8b3be59
00000051f77bc379
0000005211b3d839
0000005211b3d8b9
000000528c9e7c39
00000053116c5a39
00000053116c5ab9
00000053116c5bf9
00000053116c6979
0000005320d2af79
000000536309ced9
00000053630a1359
00000053658f2b19
000000536657ad39
000000539e52d8b9
00000053a6bc7179
00000053ad5dcd99
00000053ead03019
00000054b273f719
00000054ef1a9119
00000054f10285b9
00000054f8046439
00000054fbb55599
00000055aec82c59
00000055b73b2a39
00000055c9132c19
00000055e29b8179
000000563ea317f9
000000563ea31899
000000563ea318d9
000000563ea31f59
000000563ea32f19
000000567caeb8d9
0000005694bc2c59
000000569a8e4979
000000577a6ebf79
00000057b9cbbdb9
000000581e688219
00000058211cd619
000000583c588a19
000000586a0f9b79
00000058703503b9
0000005892519b19
00000058d006d5f9
00000059176ead59
00000059176eadf9
0000005923c70459
000000597c24c519
000000597c24c699
00000059d1b85d19
00000059dbb843b9
00000059f7772cd9
0000005a34b03839
0000005acb8a4ed9
000000b65a57d261
0000000001f72671
0000000000000181
0000005b6f352d59
0000005b74179159
0000005b955f8999
0000005c0b3fddf9
0000005c487ba2d9
0000005c487ba499
0000005c988cf9f9
0000005cbe2d3b99
0000005d27411c59
0000005d3462ad39
0000005d3462ae79
0000005d4941fad9
0000005d4b3d9f99
0000005d72114ab9
0000005db1800b59
0000005db1800bf9
0000005e84b67cd9
0000005eae03d959
0000005ed620aef9
0000005f218dc4f9
0000005f3f866099
0000005f54c3e719
0000005fb2f97779
0000005fb95fca79
0000005fc3c6dd99
0000005fcef93f39
000000604e08bc59
00000060a9371359
00000061288a1679
0000006150c28d39
0000006150c28db9
0000006150c29499
0000006166e18319
000000617307ffd9
00000061a0e79039
00000061d208fbf9
00000061f733b2d9
00000062331aab79
0000006272d78339
00000062a9f89579
000000631ddcbef9
00000063278a2919
000000635ad74a19
00000063809a8639
00000063a285bef9
00000063a8651419
00000063af8be259
0000006411102879
0000006430283b99
000000646247ff19
000000c8fac2aa61
0000000001f72671
0000000000000181
000000648f724a19
00000064c84c7e59
00000064f02aadf9
000000652ddf67b9
00000065377005d9
000000653da30eb9
0000006548bc7e99
00000065b02aaeb9
00000065cf7ddf59
0000006602733ab9
00000066088ed659
000000661c2d39d9
0000006625a4c4b9
000000673bff6899
000000679efeba39
000000679efece79
00000067ad98a3b9
000000683012cf99
000000689127a279
000000689127a439
00000068c4a7a939
00000069202e7d59
00000069202e9299
0000006951a2c959
000000696cfee3f9
000000696d774bf9
000000698781be39
00000069d1e0edf9
0000006a0d654279
0000006a325dfb19
0000006a7c4c72b9
0000006ad499e759
0000006b4f88ddd9
0000006b88747719
0000006c17939e59
0000006c84626d79
0000006c84626e19
0000006ca0d17199
0000006d1e65bdf9
0000006d3daa6c59
0000006dc32fcf39
000000db9b2d8361
0000000001f72671
0000000000000181
0000006e57912099
0000006e57912119
0000006ec9304c79
0000006eda5c95d9
0000006f7d3a6119
0000006fa83c2339
0000006fb802db39
0000006fb844a299
00000070081456f9
00000070175d2fb9
0000007022f74e59
000000703e5a68f9
000000710ace9799
000000713cd61359
000000718e89f4d9
0000007198176df9
00000071dac6d399
00000071e0249319
00000071f988aab9
000000723bbe9759
0000007264c5b299
00000072a9fc18f9
000000733756a9f9
000000737da9f239
0000007398192119
00000073af689e19
00000073ea554759
000000747ddb86d9
000000747fbafdd9
0000007486ef6c19
00000074a38ca719
00000074a4d609f9
00000074b87d1cb9
000000750e7c6f19
00000075186628f9
00000075229e73f9
00000075457bc839
000000759e49b5d9
0000007655aa8e19
000000766e88f899
000000767ebf5059
00000076a1827d99
00000076f2176cb9
00000076f21781b9
000000ee3b985c61
0000000001f72671
0000000000000181
000000774bba2199
00000077a1ab9619
00000077ae9f0359
00000077bfde3999
00000077d419fc39
00000078065965d9
00000078232f34b9
00000078425d89f9
00000078abd941d9
00000078cd1c3c99
0000007909d92579
0000007934b62639
0000007934b675d9
000000799c6783d9
00000079b7c13b59
0000007a1959f4d9
0000007a403d54d9
0000007a4f033319
0000007a8ea4dfb9
0000007a8ea4f9b9
0000007b6e7c5fd9
0000007b6fc27fb9
0000007c3681e699
0000007c47618d59
0000007c4ea4c939
0000007c8c7c9dd9
0000007cac2594b9
0000007ccafdb2f9
0000007ccfe16e39
0000007cfa085c99
0000007d745a0cb9
0000007e31ba19d9
0000007e8222e7d9
0000007eb1d6ca59
0000007ebcabd479
0000007ede1411b9
0000007ef7cca839
0000007f37d7f0b9
0000007f4f066c59
0000007f532c6a19
0000007f5b1dc319
0000008020e10a79
00000100dc033461
0000000001f72671
0000000000000181
000000807638ba99
00000080c014fd39
00000080e9f15eb9
0000008207564779
000000820fd5d2d9
000000825105fc59
00000082b3881b99
00000082cfb92ef9
0000008314848699
0000008314849a99
0000008314849b39
0000008332b3be79
000000835b8f9e59
0000008366ab06b9
000000839715e659
00000084321f2359
00000084386f3939
000000844c7be819
00000084ac4f25b9
00000084b5ceaa99
00000084c913c5b9
000000852a35ddd9
000000852f896c79
0000008540e79a99
000000855d5e90f9
00000085ca596499
00000085e60a5119
000000860eb8bd79
000000861aed6e39
00000086530b6799
000000868f6ec919
0000008741a686f9
0000008760cc7299
00000087f56135b9
000000884831e319
000000886949dc19
00000088c01aa259
00000088eb582d59
00000088eeb47199
0000008950b29bb9
0000008956d182f9
0000008956d189d9
0000008973063599
0000008998d26d19
0000008998d26e99
00000089ae71e3f9
00000089ae71f319
000001137c6e0d61
0000000001f72671
0000000000000181
00000089fa3edc79
0000008a48f0a8b9
0000008a48f0a959
0000008a48f0a979
0000008a48f0b019
0000008a84588539
0000008a9f7c37b9
0000008b18ba9779
0000008b3e2e5019
0000008b519385f9
0000008b51939879
0000008b5d4d87b9
0000008b64b04279
0000008b7438d5b9
0000008b801c1919
0000008b882403f9
0000008c4323dd39
0000008c645e0b19
0000008c96c4cbd9
0000008cb6848b59
0000008d2a796af9
0000008d8e65d059
0000008d982ade99
0000008db23795d9
0000008df664e8d9
0000008e114c7519
0000008e97e37e99
0000008eb33d6af9
0000008eb33d7d39
0000008edc78ca79
0000008edc78d2f9
0000008ef75f4cd9
0000008f2811eb39
0000008f720cbd79
0000008f9b9e6479
0000008fb6dad299
0000009080060ab9
0000009080c06439
000000919d62fcf9
00000091c1aae4b9
00000091cfc37359
00000091d0b9bb19
000000922cfe8c99
000000925b779139
00000092ca3276d9
000001261cd8e661
0000000001f72671
0000000000000181
000000932cc04cb9
000000932cc060d9
000000932cc069b9
00000093cc95c3b9
00000093ed751139
000000943a452ed9
000000943a453199
00000094846f18f9
00000094aadc2239
000000954bc36a59
00000095ebf51d59
0000009634c5c979
0000009643c872d9
000000964c9c39b9
000000964c9c4b99
00000096517b49d9
0000009695dd73b9
00000096a6ce59b9
00000096a9414659
00000096d8a38d79
00000097cb854759
00000097d146dd79
00000097fdbc6219
00000098068e97b9
00000098265f2b59
00000098356fda99
00000099431803f9
000000996082a479
0000009962e866d9
0000009962e86759
00000099a141fad9
00000099c8c02e59
0000009a93eafa79
0000009ad71c22d9
0000009ae2497439
0000009b3d249339
0000009b3d2493b9
0000009b5d9d20f9
0000009c06606519
00000138bd43be61
0000000001f72671
0000000000000181
0000009caffcc899
0000009d00102f79
0000009d6bf9add9
0000009dcf7f5959
0000009e220d17d9
0000009e8cdb6879
0000009e9e3b93f9
0000009eba60a859
0000009ed4e891d9
0000009ee2ac3999
0000009f012eb8b9
0000009f0b9a8c39
0000009fbaad1519
000000a005f413f9
000000a00ed79819
000000a052afbcd9
000000a08a828519
000000a09235cd39
000000a10e329ff9
000000a10e32b259
000000a14abe4e19
000000a15dafa859
000000a16ff80c39
000000a18734e759
000000a19c5c8fd9
000000a1bb946339
000000a1bb9463d9
000000a1be4af0f9
000000a1bf915939
000000a1d0ec5b79
000000a204f52299
000000a2b39d0d19
000000a2df545199
000000a3171b3f59
000000a31ff853f9
000000a35fbf2519
000000a36f73fd59
000000a38a4262f9
000000a38a428af9
000000a39f176399
000000a3bdb78439
000000a3dac01e99
000000a41b1a95b9
000000a42e210259
000000a4a862c8f9
000000a4a862dc19
000000a4cfbb4fd9
000000a53c689af9
000000a5597b8419
000000a5647e20b9
000000a5a8ab3cb9
0000014b5dae9761
0000000001f72671
0000000000000181
000000a5cd7f8639
000000a5fca253f9
000000a63ec74c59
000000a654317b79
000000a6ef3f49f9
000000a6ef87d179
000000a6ef87e979
000000a719f750b9
000000a7a815ec79
000000a7b5c84a59
000000a7c4907619
000000a7d79742d9
000000a810c9fdb9
000000a82cf4ddf9
000000a90970d5b9
000000a91ab96659
000000a91ab966d9
000000a91ab97cd9
000000a934372a99
000000a98bf01a19
000000a9a8139b99
000000a9bb539d79
000000a9bb539df9
000000aa0de892d9
000000aa17ba4fd9
000000aa2248a539
000000aa6f4053d9
000000aa7f7702d9
000000ab1ebb99b9
000000ab55d762b9
000000ab74f5fd19
000000ab7d5b7c59
000000ab80b6b639
000000aba5365739
000000abec1db9d9
000000abec1dba59
000000abec1dc079
000000abec1dc139
000000abec6170d9
000000ac285fe959
000000ac812f7279
000000ac9d5759f9
000000aca39fea19
000000acac5a1139
000000acc0a1e8f9
000000ad267b7d19
000000ad267b9719
000000ad62936439
000000ad6e15d799
000000adb44c2eb9
000000adba2d1f39
000000adf321d3f9
000000ae1ae68099
000000aea6c7be79
0000015dfe197061
0000000001f72671
0000000000000181
000000af08b3d5f9
000000af459c34b9
000000af7914bd19
000000b01ccda279
000000b0678fc279
000000b083fb6719
000000b09c5c7e19
000000b0f64cadb9
000000b12f02c2d9
000000b1bce5b099
000000b21b45ee59
000000b220df8df9
000000b28a8b3599
000000b3276abc79
000000b417350c19
000000b41fd14a59
000000b426caa059
000000b43a112ff9
000000b4919fd419
000000b51fbe33f9
000000b51ff27d99
000000b5af71dfb9
000000b689b8a9f9
000000b6ef8df1d9
000000b76e426579
000000b76e42d439
000000b783a467f9
000000b7c77bda39
000000b82dc0a179
000000b82f1d9939
000001709e844861
0000000001f72671
0000000000000181
000000b8a384d499
000000b8ff853159
000000b90deb4739
000000b968ac10d9
000000b98ec758b9
000000ba815c8a99
000000ba8e7856b9
000000ba9252c619
000000ba9368d239
000000bae8ba9079
000000bb1d630a99
000000bb438245d9
000000bb8be8d579
000000bb925f55d9
000000bba4a73399
000000bbb107b979
000000bbeb7c0eb9
000000bc03e44399
000000bc052a51f9
000000bc4b06a1b9
000000bc7542fed9
000000bc75430019
000000bc842404d9
000000bc8ddc0999
000000bcdba01239
000000bd1338cbd9
000000bd637c14b9
000000be3c7398d9
000000bfe43fc2d9
000000c020bd5719
000000c05b044699
000000c09764f219
000000c0b07bb499
000000c110166399
000000c16b769239
000000c175c504f9
000000c175c51759
000001833eef2161
0000000001f72671
0000000000000181
000000c204b034f9
000000c24dd75d79
000000c24f0a6519
000000c25b289ef9
000000c263228239
000000c2683c0099
000000c2cb1300d9
000000c2eaf891f9
000000c32d4ec119
000000c38d072c19
000000c3a0770f79
000000c3dce4fef9
000000c3fb9ae659
000000c3fb9afab9
000000c427cc21d9
000000c427cc2259
000000c443cae359
000000c47c972db9
000000c49ea6bcd9
000000c5a5eaa359
000000c63920a0f9
000000c6abf78c39
000000c72a378e39
000000c782ae96f9
000000c7a325b319
000000c7a325b399
000000c82359df59
000000c84cec7b79
000000c8cc4f8399
000000c8cf5deb39
000000c8e5884df9
000000c8ef392d39
000000c94681cad9
000000ca07ac3599
000000ca22961f99
000000ca22969599
000000ca43f5e119
000000ca62b5ab19
000000ca64f3d0d9
000000ca64f3d179
000000ca64f3d199
000000ca64f3d839
000000ca68d4b719
000000ca68d4d379
000000ca68d4ee39
000000cac0fd3399
000000cacdc92c79
000000cad5919079
00000195df59fa61
0000000001f72671
0000000000000181
000000cafb12f3f9
000000cb13cdeaf9
000000cb9d923479
000000cbd8b7a3b9
000000ccf1cb1ab9
000000ccf36957f9
000000ccfa065d19
000000ccfa065d99
000000cd046c4879
000000cd7f145479
000000cd7f145519
000000cd8d2540b9
000000cd8f32dbd9
000000cd972b3c19
000000cd972b3cb9
000000cdd8c7e359
000000cde7f11d59
000000cde7f12db9
000000cdf8e9e559
000000ce35fdc759
000000ce74f979b9
000000cebb864599
000000cecd78a779
000000ced086beb9
000000cef7689099
000000cf7e60b8d9
000000cf8be1ca39
000000cfaf3452d9
000000cfc6a88819
000000cfcc205c39
000000d05354b9d9
000000d0b0917f39
000000d11ace1e59
000000d1741d38d9
000000d19782d859
000000d1b3345539
000000d1f3c304d9
000000d206f6b9b9
000000d260a25579
000000d294a668f9
000000d2da1106d9
000000d2e1a51e19
000000d31ec36f19
000000d32ca041f9
000000d336a26739
000000d34f049039
000000d387299299
000000d38b205f19
000000d38b2071d9
000001a87fc4d261
0000000001f72671
0000000000000181
000000d497efbab9
000000d4bb77ff19
000000d4c9eccc59
000000d50bf3c559
000000d5b43d0ab9
000000d5f18316b9
000000d62c92de59
000000d62f961a19
000000d640325c59
000000d65569e019
000000d662701879
000000d674ec7cb9
000000d6cc07e819
000000d74c8472d9
000000d756225c99
000000d7a25a1cf9
000000d7f2ac07b9
000000d84bb69df9
000000d8f1d99b59
000000d8fea8bfb9
000000d91f2f2a59
000000d9cacbffd9
000000da39730279
000000da76b307b9
000000da9cba04f9
000000dab0eca959
000000dab0ecc159
000000dafb7cbf59
000000db14a6e199
000000db14a6f1d9
000000db6a8d4f19
000000db6b555bf9
000000dbcb898459
000000dd07955ef9
000000dd1099e599
000001bb202fab61
0000000001f72671
0000000000000181
000000dda50c1d79
000000ddb3d79c79
000000defe660cb9
000000df2443cdd9
000000df300c9e19
000000df37060bf9
000000df5a716bd9
000000dfa7af7119
000000dfadea26f9
000000dfcd468859
000000e0070bad59
000000e01195b359
000000e06774cf39
000000e0698155f9
000000e0b0119fb9
000000e0bb6211d9
000000e0f24a8e99
000000e0f24aa019
000000e0f7e51f39
000000e126f8feb9
000000e1361dd119
000000e158b61719
000000e17cb62c79
000000e1abdee8f9
000000e214f33cd9
000000e278cc8fb9
000000e278cc9039
000000e2a5b4c9f9
000000e2d7bc2df9
000000e310dc3a79
000000e36767c299
000000e38aea3c19
000000e3c42bdff9
000000e3dc44dc79
000000e3edf0ea19
000000e3edf0fe19
000000e425702419
000000e4501bb819
000000e4563bf379
000000e45a8979d9
000000e479a482f9
000000e479a49559
000000e47c7cc2b9
000000e49620fe19
000000e4d2c82c99
000000e4d2c85619
000000e4efdefe59
000000e516f50659
000000e52b1cbdb9
000000e56addcdb9
000000e5b455ce39
000000e5c520bcf9
000000e5ca1063b9
000000e5d08f8719
000000e651a94439
000000e6a28626f9
000000e6db14f819
000001cdc09a8461
0000000001f72671
0000000000000181
000000e714f33af9
000000e72c2c0a19
000000e73204c099
000000e75024ae99
000000e7c9061d19
000000e7df659cf9
000000e838de6e19
000000e83f721979
000000e84c437df9
000000e84c445019
000000e873396f59
000000e88115da39
000000e88115dad9
000000e88115e1b9
000000e883de2e99
000000e8987b6b39
000000e89aab8e99
000000e8b8184c99
000000e8f9baec79
000000e90adb6ed9
000000e9379fa4b9
000000e9cbdc9739
000000e9d1c825b9
000000ea2e364e19
000000ea764d6e19
000000eac774d779
000000ead48a23f9
000000ead9546099
000000eadfe14139
000000eb875f4d59
000000ebd5408999
000000ebe6e44a19
000000ec1a55e419
000000ec44f429f9
000000ec675cb339
000000ec7a048a59
000000ec7a709859
000000ecf9381019
000000ed35432719
000000edbc099819
000000ee0fc478b9
000000ee7c99b919
000000eeb2e50f59
000000eeb2e51f99
000000eeb2e52019
000000eebf597259
000000eff6fcfa79
000000eff6fd7179
000000f00d9b7059
000001e061055c61
0000000001f72671
0000000000000181
000000f06c43e299
000000f0a7df2dd9
000000f0e431bf99
000000f0edde5a59
000000f169067eb9
000000f1ceb81219
000000f2c2ab8f99
000000f328b022f9
000000f35f7297d9
000000f35f729c79
000000f35f729cf9
000000f427be6519
000000f44d61c179
000000f46a03f079
000000f46e52c719
000000f46fcb5339
000000f48abb2e59
000000f48f25ee59
000000f4de0193b9
000000f538145cf9
000000f54a51d579
000000f5577bfad9
000000f5577bfb79
000000f5577bfbb9
000000f5577c0239
000000f56fe01099
000000f5a443ac99
000000f5a443ad19
000000f66850a4b9
000000f698859659
000000f6bf0220d9
000000f765ab8c99
000000f7c4683f79
000000f7c55e23d9
000000f957314739
000001f301703561
0000000001f72671
0000000000000181
000000f9f6e797d9
000000fa28328299
000000fb151a6899
000000fb151a6959
000000fb7e0b4b79
000000fb87b22db9
000000fbe4ec4a19
000000fc3be40f79
000000fc563632b9
000000fc5636a399
000000fc885a6bf9
000000fcb28a3939
000000fcd4e93539
000000fcd4e9ab19
000000fcd9f04999
000000fd89c55eb9
000000fdc8248fb9
000000fdcd44b999
000000fdf2547379
000000fe8ffc16b9
000000fe8ffc7df9
000000feb8b32ab9
000000ff52e4e319
000000ff8370c179
000000ff8370c219
00000100400fd8d9
000001005040fa59
0000010057526319
0000010069954759
00000100a7f73759
00000100a7f737f9
00000100a7f73819
00000100a7f73eb9
00000100a7f74cf9
00000100b2e43c59
00000100e65eef19
00000100ef6ae359
00000100ef6ae599
00000100f0000939
000001010d3d0719
00000101101bc539
0000010176cb73b9
000001018481f9d9
00000101926577f9
0000010263d1bb39
000001026e314439
00000102c0fc1899
00000205a1db0e61
0000000001f72671
0000000000000181
0000010310c4dff9
00000103749d0d39
0000010380b6b8b9
000001039d096f79
000001047315fb39
00000104a2317019
00000104a8641859
00000104dbc85379
00000104e92bed39
00000105ad18c179
00000105e4693099
00000105fbf98dd9
0000010615a22719
00000106b22b66d9
00000106b22b6e59
00000106bf264799
00000106bf277919
00000106d5942559
00000106fbb06279
0000010710dab299
0000010717fdbbf9
000001079866c959
00000107a085bb39
0000010810e825b9
000001081785e839
00000108a3037699
00000108d9d17e99
00000108fb1cdcd9
00000109132f12b9
0000010950e70fb9
0000010965d1a539
0000010965d1ba79
00000109c1219539
0000010a02a96ff9
0000010a7f3bf0f9
0000010a88e60ed9
0000010aafac1d19
0000010ab44e65b9
0000010ab9605819
0000010aedf3c119
0000010aefba30d9
0000010afebe72d9
0000010b5c58cfd9
0000010b71bc5e59
0000010b7c473699
0000010be4558f39
000002184245e661
0000000001f72671
0000000000000181
0000010c22253399
0000010c9763cd19
0000010cb61ddfb9
0000010cc1e67759
0000010cef6a7bd9
0000010cf676b899
0000010cfa97db39
0000010d00fb7fb9
0000010d043d3799
0000010d2827d6d9
0000010d62c9cc79
0000010d62c9cd19
0000010d62c9ce99
0000010dbc719ff9
0000010e51917039
0000010ea9e1e999
0000010ef1c55139
0000010fbddbf399
0000011008107f99
000001104fb3dc39
000001106c374ef9
00000110bb306779
00000110bbf29db9
00000110c6ba01d9
00000110d136f099
00000110ee2adf99
00000110f5084ed9
00000110fc6df539
000001116017d759
000001117a64bc59
000001117a64e2d9
0000011180022e59
00000111caa5d939
00000111d0a8d0b9
00000112d348e259
00000112e0a1a3b9
000001130028c059
0000011306596739
0000011306597db9
0000011378b81f59
00000113cd7c8499
00000113e946aab9
0000011425712079
000001144bfa9759
0000011474d5ad79
0000011520fb9239
0000022ae2b0bf61
0000000001f72671
0000000000000181
0000011586181019
000001158efcabd9
00000116561d6019
0000011677af7599
00000116ea736339
0000011708966779
0000011780883eb9
0000011785331479
00000117b29141b9
00000117d8ab30f9
00000117de9e9059
000001181fac41d9
0000011820e904f9
000001182c42fb19
000001187ca465b9
000001189ba3d059
000001189bf31119
000001190894abd9
00000119200a6e39
00000119a7c31139
0000011aba1f30f9
0000011aeb1ba9d9
0000011af68b0679
0000011af68b1ed9
0000011b1f573c39
0000011b296c1bb9
0000011b6fa30dd9
0000011b75e07e39
0000011ba4c12f19
0000011becd638f9
0000011becd65399
0000011c345c7559
0000011c71aa3cb9
0000011c87d7fab9
0000011cab57b5d9
0000011cab57b659
0000011cab57bd39
0000011cab57bd99
0000011cb4c953b9
0000011ce807bcd9
0000011d3b77f359
0000011d45500459
0000011d4ea1c259
0000011d4ea1c439
0000011d8769db59
0000011dc16d6ff9
0000011e33372db9
0000011e5b771839
0000011e83ca0fd9
0000011e98fdc399
0000011e98fdca79
0000023d831b9861
0000000001f72671
0000000000000181
0000011ecefbb659
0000011ed92649d9
0000011ee4bd4659
0000011ee61709b9
0000011f227c5e79
0000011f5d580ab9
0000011f77018a19
0000011fa2ac8ab9
0000011fb2274579
000001201f4ef8d9
0000012081945bf9
000001208daf3f19
000001209489ead9
00000120d2935559
00000121629683f9
000001216a761659
000001219f1eda79
00000121b54a3a59
00000121c7efffd9
0000012215248039
00000122db1b98d9
00000122dc843819
0000012370160979
00000123eafe3d79
00000123eafe3e19
00000123eafe3e59
00000123eafe44f9
00000124a0016b59
00000124b5764ef9
00000124bf451659
00000124f7fd8bb9
00000124feca67b9
0000012575835619
000001259a0a3d79
0000012657864919
00000126cfd935d9
00000126cfd93659
00000126f6ccccf9
00000126faf97a59
000001274da89179
000001274da8f599
0000012790c6f4b9
000001279ce49e79
000001280bf59059
0000025023867061
0000000001f72671
0000000000000181
0000012857ed5499
00000128bb7fa5d9
00000128c27f2dd9
000001292d29d639
0000012933b9bb19
00000129418d9df9
000001294a133e59
000001296ff27ef9
0000012986988059
00000129c5075599
0000012a1043fa39
0000012a1751bb39
0000012b16133579
0000012b72946739
0000012b8bcc4d79
0000012c8a5abd19
0000012ca284d079
0000012cadc6b839
0000012d0ad5e059
0000012d19f946d9
0000012d2082b159
0000012d4461f899
0000012dd1163b99
0000012e226129f9
0000012eaff13599
0000012ef1594039
0000012f3c78d859
0000012f699c3e39
0000012f6c668c99
0000012f87242db9
0000012f8e9a69d9
0000012f90feac19
0000012fcdf53ad9
0000013099ebd899
00000130d64afd99
0000013107678d59
00000262c3f14961
0000000001f72671
0000000000000181
000001316f2ddd59
0000013192909f99
0000013246a52f19
000001324d589839
000001327fbbaaf9
000001328f566f59
00000132cc2f18d9
00000132f0b72ef9
000001333f2cb559
000001334624a799
00000133a5e28c59
00000133c7aafed9
00000133f1fae339
00000133f8f86bb9
00000133fc3cfaf9
000001341cc94519
000001341cc94599
000001341cc94c79
0000013484a72ed9
00000134e622ec79
00000134ead1aa19
00000135025b5699
0000013540eade79
00000135f8e3b279
0000013617b11539
0000013650b31e79
0000013685ae84d9
000001368fb6fed9
00000136a242ad79
00000136a242c079
000001376281ef59
0000013772ba06b9
00000137a3c95eb9
000001384e93b559
0000013855bbae19
000001385c9fe1f9
000001388ba2c619
000001388ce8ebd9
000001388fd80f19
00000138a2c0cdf9
00000138da461299
0000013929744879
000001395358fe99
0000013966c6aad9
0000013966c6ab59
00000139a8fc2cd9
00000139e0eb6c39
00000139f73fdc99
0000013a67b7a9d9
0000013a70794a39
0000013a89aaf359
0000013aaa2bdbd9
0000013aaa2bdc59
0000013aaa2bdc99
0000013aaa2be339
00000275645c2261
0000000001f72671
0000000000000181
0000013b5b1cb519
0000013b85f4a5f9
0000013bb9fba039
0000013bcf112539
0000013bf7da0b19
0000013c0e061699
0000013c655446f9
0000013c65544799
0000013c655447b9
0000013c65544e59
0000013c6554ae39
0000013c7910c139
0000013c7910c339
0000013c88e9e8d9
0000013c88e9e959
0000013e0bfe0139
0000013e1a6ed839
0000013e27154839
0000013e2a9f25f9
0000013eb00218f9
0000013ede152bf9
0000013ee8b83239
0000013ffd813879
0000014020801fb9
00000141470890f9
000001422d6a69b9
0000014247d28379
0000014261c4e1f9
00000142dc5fde39
0000014390b592d9
0000028804c6fa61
0000000001f72671
0000000000000181
000001441fb6c199
0000014462368db9
00000144946a3039
000001449c563f99
00000144a3812539
00000144cf191299
00000144e34370b9
0000014531233099
00000145363dcf39
0000014561f6afb9
00000145a37a2879
00000146186cb3f9
0000014631ba5e39
00000146dcabcb39
00000146dcabcbb9
00000146dcabd299
00000146dcabf519
0000014702b92ab9
000001474c53ed19
000001476172a639
00000147d8a80e19
0000014833ecb199
000001485b699819
000001496d45dc39
000001499f0531f9
00000149d0cc4579
0000014a5173dc79
0000014aaf51af19
0000014acaf23b19
0000014b168334b9
0000014b188b4179
0000014b8843f7b9
0000014b8bf7b759
0000014bc66bcc59
0000014bd4b85ab9
0000014c39ff07f9
0000014c5367eed9
0000014c95120099
0000029aa531d361
0000000001f72671
0000000000000181
0000014d70d0f4d9
0000014dcfae72b9
0000014debc44eb9
0000014e5204ad39
0000014eda1b46b9
0000014efc4039b9
0000014f35a03239
0000014fee845579
0000015009c8f679
00000150377a0a19
00000150d592b599
00000150d592b619
00000150e0983f19
000001514d316a79
000001514d317e79
00000151a7fb53b9
00000151e58209b9
00000151ec95fcb9
0000015251c5e039
0000015282bd5219
00000152e2bf63b9
0000015311e50839
00000153506b1ef9
0000015377725719
00000153b1afa799
00000153b9901059
00000153ba29c139
00000153ba29c1b9
00000153d37c34f9
000001545c1547b9
00000154706cc8f9
000001548a8ed6d9
00000154df1eaf79
00000154fa2a46b9
0000015549d3ab79
000001556afdbc39
00000155782b7479
0000015589b7a519
00000155908015f9
00000155908029d9
00000155d4846cb9
00000155db8f22b9
00000156528c40b9
000001565f999c59
00000156717b10b9
000001567753db99
0000015679b759f9
0000015685d36cd9
000002ad459cac61
0000000001f72671
0000000000000181
000001570437d119
0000015746cc1439
00000157731390f9
0000015779f269d9
00000157afde1879
00000157afde2c99
00000157ea864d79
000001583e1a8279
00000158a75c0599
00000158f68cc9d9
000001591a60f4b9
000001591ab02779
000001593b3d2e59
0000015988e42399
00000159b2d0ab99
0000015a51c214b9
0000015a6bf83f79
0000015a751b2e59
0000015a76085299
0000015b3518ec39
0000015b51bb0859
0000015b79ac42d9
0000015b79ac5539
0000015b82cb7259
0000015bd60cfeb9
0000015be319bb79
0000015c196dba59
0000015ca8349d99
0000015d062aba39
0000015d19677bb9
0000015d19677c59
0000015d266af959
0000015d66dc2d19
0000015d8bfbaa99
0000015d8bfbab19
0000015d8bfbab59
0000015d8bfbb1f9
0000015d9818a6f9
0000015ddfc79ad9
0000015e3196cd99
0000015e3196ce39
0000015e49924e99
0000015e8b83ac79
0000015e9fe40059
0000015ecabb08d9
0000015ece603df9
0000015f4515b1b9
0000015f61f2e959
0000015f7a64d479
0000015f81b5f599
0000015f81b5f619
000002bfe6078461
0000000001f72671
0000000000000181
000001602a7a1079
000001604d225f79
0000016081eadb39
00000160984b32b9
00000160e65b6619
000001612ffd5d59
0000016171f3f279
000001620fe66839
000001621d4d1919
000001621eed5699
0000016284e78499
00000163c93f4359
00000163ef9a2f99
00000163fe141d99
00000164350b9fb9
0000016470879c59
000001648a3c77f9
00000164975f1379
00000164aaed8b99
00000164aaedf079
000001655ca63159
0000016572897659
00000165922800d9
0000016592281039
00000165c026f079
00000165c026f139
00000166174009f9
0000016617402a79
000001664a1e2079
0000016773849919
0000016883b0e219
00000168fb308c59
000002d286725d61
0000000001f72671
0000000000000181
0000016995ed0779
0000016995ed1c99
000001699acc9a19
0000016a5a0da059
0000016a9849ed79
0000016a9dc38199
0000016b91275199
0000016c071b6d79
0000016c0927b3f9
0000016c10bde6f9
0000016c21b6a4d9
0000016c40d74819
0000016c5df724d9
0000016c88028579
0000016cb94856b9
0000016d5642c6b9
0000016d5642e3d9
0000016dc5a24cd9
0000016de38863f9
0000016e0d98af79
0000016e477a7d19
0000016e5b9392d9
0000016e791f2339
0000016e87db8699
0000016ec9657b79
0000016f0116d199
0000016f06b0f859
0000016f3b2396b9
0000016f99d53379
0000016fc0bf20f9
0000016fc3f05d19
0000016ff0351ef9
000001702ba2ac39
000001702ba2acb9
00000170744a4f79
00000170ac5c2439
00000170bf3b0739
00000170fc6a9eb9
00000171c3906559
00000171fa419fd9
000001726fdadd59
000002e526dd3661
0000000001f72671
0000000000000181
000001730e6f3759
00000173dc81f359
00000173ed3df6f9
0000017430306539
000001759be24e19
000001759be24e99
0000017694139639
00000176f0dc4539
0000017735715c99
000001775008ab59
00000177f1c4f7d9
000001782a1d4559
00000178a9d2ef99
00000179ae8326b9
00000179ae832739
00000179b8cb6bd9
00000179d2988199
00000179fcc232b9
0000017a03ad0c79
0000017a277ac419
0000017a7f665ab9
0000017aaaa33819
0000017aaaa33899
0000017aaaa3a3d9
0000017abd6b0259
0000017ac6186fb9
0000017b034b1fb9
0000017b034b2039
0000017ba0aa47b9
0000017bd16a5859
000002f7c7480e61
0000000001f72671
0000000000000181
0000017c01d25519
0000017c170faf59
0000017c170fc279
0000017c3535f6f9
0000017c42078c79
0000017d045ca299
0000017d59488a19
0000017d65556ab9
0000017dceebaf39
0000017dd15add79
0000017e95c3dab9
0000017ffca4ed39
00000180624881b9
000001809ac25bf9
00000180a59add19
00000180df9d69d9
00000180e6f05379
0000018101bbcf39
000001810f82b339
000001813e91f5d9
0000018175c16b79
0000018186c152f9
000001819669add9
000001821bac7e79
0000018263a5a0b9
00000182d2fab999
00000182d6e39bd9
00000182f1824d99
000001831430d099
000001831bb7e259
0000018350806a59
000001837c0d8539
00000183844d0199
00000183ad997999
00000183ad997a39
00000183bbc6af39
00000183d3629599
000001848bbb7ef9
00000185017e51b9
0000030a67b2e761
0000000001f72671
0000000000000181
00000185b468dbf9
00000185d627dd39
00000185d627ddd9
00000185d627de19
00000185d627e4b9
00000185f0ce87d9
00000186424137b9
0000018658ff7f59
000001865ec60d19
00000187bc5bf259
0000018887262339
000001888e2ab279
00000188a0dbeb59
00000188cf30da19
00000188d6897099
00000188ea9cd019
00000188ffe3a3d9
0000018953656199
000001897938e259
00000189e7f88359
00000189ea6260d9
0000018a1bcfc059
0000018a32259bb9
0000018ab7ddf6f9
0000018abd69caf9
0000018ac4dc77b9
0000018b30679c99
0000018b3bebac19
0000018b6d079f39
0000018b753f7c19
0000018b94028499
0000018c3cd59d19
0000018cc69ff7b9
0000018cc9ad0299
0000018d3a9810d9
0000018d85417ff9
0000018dcfe1e379
0000031d081dc061
0000000001f72671
0000000000000181
0000018e9f0344b9
0000018f3dcb3879
0000018f97188779
0000018fb95ea6b9
0000018feec30fd9
000001902b1a6f79
000001902b1a7619
000001902f3bb259
00000190e5b63959
000001911c092159
000001917ef46479
00000191c08a3639
00000191c86d9979
00000191e3975179
00000191f688f379
00000192056a5c79
000001929521bb59
00000192c7ce17b9
000001931a4f9b79
0000019423e64159
0000019426306939
000001942d80c719
000001943b56e3d9
00000194432c6a99
000001945347d9f9
00000194a4c0dbf9
00000194b42dc6f9
00000194b596e6d9
00000194e6744af9
00000194e6f2f7f9
000001951a24e519
000001953ed977b9
00000195907a2599
00000195bd86f539
0000019686ab0899
000001970f5b21f9
000001974136f939
0000032fa8889961
0000000001f72671
0000000000000181
0000019800bdf019
0000019804e06cd9
00000198c89c5dd9
00000198fa1ec319
000001991bcf61d9
000001991bcf7b99
00000199595b2e99
00000199c0b6e4d9
00000199c0b70639
00000199d47d1d79
00000199f5ddad59
00000199fb0fa479
0000019a089d19b9
0000019a2925f099
0000019a844fad99
0000019a884ade79
0000019aa62bf979
0000019ac2640839
0000019b0d132e99
0000019b16140fd9
0000019b18c7d2d9
0000019b8c779af9
0000019be2b47839
0000019be494d299
0000019be494e859
0000019bf713dd59
0000019c136612b9
0000019c3a10d0f9
0000019c6645b799
0000019cf1e458d9
0000019d97af1bf9
0000019dd2137139
0000019e541e0519
0000019e58f516d9
0000019e58f58259
0000019e9968af79
0000019efd5e77f9
0000019f521d3079
0000019f773abb79
0000019fbeb971b9
0000019ff2b784f9
000001a01f746d59
000001a086dd1d39
000001a0898f7699
0000034248f37161
0000000001f72671
0000000000000181
000001a17e886ef9
000001a182d7a2b9
000001a1ee0be5d9
000001a2282bb619
000001a258bc7f79
000001a2b92c2f79
000001a2f49f7e39
000001a2f49fb0f9
000001a3123a1a39
000001a333fc52d9
000001a33d8bf459
000001a36c607579
000001a38404ee19
000001a4280e1439
000001a4e3b6c459
000001a4f29ab919
000001a4f7491219
000001a5621d03d9
000001a569a5cbd9
000001a58f2c6d19
000001a5b568fdd9
000001a5c18f96b9
000001a5f2fc0339
000001a60feeb6d9
000001a6dc743259
000001a6f0decab9
000001a79acc4d19
000001a79e3d87f9
000001a7a9faf279
000001a7b4b59099
000001a80274de39
000001a847dc8139
000001a872dd9719
000001a882259af9
000001a892dcf5b9
000001a89ec54d79
000001a8bd681cd9
000001a9d3311e79
000001a9d9f59fb9
000001a9e5a2a119
000001aa501d7eb9
00000354e95e4a61
0000000001f72671
0000000000000181
000001aa8726ebb9
000001aab329f459
000001ab2b1e4c99
000001abc31162d9
000001abfff667f9
000001ac08d11d59
000001ac6280eb59
000001ac96fe6059
000001acce44c439
000001ad348a2c79
000001ad8b7739d9
000001add7dc6299
000001ae34400db9
000001ae3b5a1319
000001aebda49f19
000001aebda4b3f9
000001aebda4b479
000001aec2178dd9
000001af4b31b0b9
000001af51abc3f9
000001af7742c2b9
000001afbd2f3639
000001b01c8ea259
000001b142c05199
000001b1593d35b9
000001b1ae2f3a19
000001b232feacd9
000001b232febcd9
000001b23f87f239
000001b26e74afb9
000001b28381c5d9
000001b3107f88b9
000001b324ff42f9
000001b32a6df759
0000036789c92361
0000000001f72671
0000000000000181
000001b3dfee9bf9
000001b3e74855d9
000001b3e7485799
000001b418f65379
000001b43ba69a19
000001b46bc07bd9
000001b48186c379
000001b49ad5bfb9
000001b501f94419
000001b564a24d59
000001b564a2beb9
000001b5db59bdf9
000001b5e88625b9
000001b62b8e3ed9
000001b6d711a439
000001b6d711a5b9
000001b6e22cee79
000001b705fa77f9
000001b761603d39
000001b7f70573b9
000001b85d4e5239
000001b88fbc0f79
000001b88fbc1019
000001b89bc51c19
000001b8b731e899
000001b8bacbd679
000001b9006f1399
000001b934ce7c79
000001b9cf6e31b9
000001b9e48eb799
000001ba26c2e0d9
000001ba4bde83d9
000001ba500b1939
000001badda08299
000001bb116e2019
000001bb250cfa99
000001bb7a76c539
000001bb91d92fb9
000001bbaa9a3699
000001bcda276b19
0000037a2a33fb61
0000000001f72671
0000000000000181
000001bd244aeb79
000001bd471b8df9
000001bd75828e79
000001bdb465d419
000001bdb5ed1b39
000001bdf9914039
000001be472df299
000001be4d99bb79
000001bf473723d9
000001c000e7dd19
000001c0255927b9
000001c0b481bfb9
000001c12d049fd9
000001c14c355699
000001c196b09379
000001c1b60137b9
000001c1b6016e59
000001c1cd7e4119
000001c1e72058d9
000001c1edaef579
000001c20f37d319
000001c2851fbdf9
000001c3099577d9
000001c31d8ce6d9
000001c368ff2499
000001c36d8f2419
000001c3a41f5ed9
000001c3f2a639b9
000001c43db31bb9
000001c4504cb2d9
000001c483b2a959
000001c502edebf9
000001c51b478cd9
000001c587068519
000001c5cfbd66f9
000001c5e847bdd9
000001c5e9caff19
000001c5ffb99ef9
000001c6273c8bd9
000001c62ba4a6d9
000001c64ebcf999
0000038cca9ed461
0000000001f72671
0000000000000181
000001c6a9468e99
000001c6b3882979
000001c6cb0ab019
000001c779c74a19
000001c7b8112bd9
000001c8381c4d19
000001c860818519
000001c8af5b6119
000001c8c97d1d79
000001c91d55e359
000001c99ddcb6d9
000001c9a43ff739
000001c9a8b26f99
000001c9d9a03b79
000001c9f1499bb9
000001ca191d2d79
000001cad96d0cb9
000001cb21b5fad9
000001cb274b70d9
000001cb6d3b8ed9
000001cb8aba7db9
000001cbbe9ecd79
000001cbdf8864f9
000001cc159b0239
000001cc159b11f9
000001cc1e15c259
000001cd0360d9f9
000001cd403865b9
000001cd6c08d3f9
000001cdbb41f8f9
000001cdcda3ce39
000001ce710b9d59
000001ce86713c59
000001cece887e59
000001cef706b879
000001cf01a5a4b9
000001cf2b60ed59
000001cf4b3c4d39
000001cf857b31f9
000001cf8b2a95b9
000001cf8e845e19
0000039f6b09ad61
0000000001f72671
0000000000000181
000001d040832539
000001d04083be39
000001d0684eb219
000001d0b74a4b79
000001d0d6a02999
000001d0f96fdc79
000001d1a5972d99
000001d1bf063179
000001d1cec499d9
000001d2368c0139
000001d24be714b9
000001d295360f79
000001d2fe96d7b9
000001d31e6bf279
000001d32202ba59
000001d340b569f9
000001d361d28899
000001d3afd1a4f9
000001d45219d7d9
000001d472f63179
000001d4ab38c7b9
000001d4e7c4dbd9
000001d4f5e5d879
000001d503c3faf9
000001d526823659
000001d571fa1c99
000001d5928b6919
000001d5c15c1d99
000001d5c15c3659
000001d5f2a41e59
000001d61c40b479
000001d69f2c2b59
000001d6c57b2e59
000001d6cd74ffd9
000001d6ed3dea99
000001d6f32ee759
000001d732ddbf99
000001d7bec6bff9
000001d7fbef8279
000001d7fbef9619
000001d83fb96c79
000001d84bf3e5d9
000001d8a2a83599
000001d8f14475d9
000003b20b748661
0000000001f72671
0000000000000181
000001d9778eab99
000001da06528179
000001da7cd6ce59
000001da91b2f8d9
000001da970f6879
000001dad128bbf9
000001daed280899
000001db15ecbbb9
000001db15ed30b9
000001db983eb759
000001dbd97b7779
000001dbe3b127b9
000001dbeb1dd199
000001dc4c645d99
000001dc68a83739
000001dcb3805859
000001dcb4a2b039
000001dcb9f37ab9
000001dcc3f5f779
000001dcd6e37f19
000001dd732f2f39
000001dd7b03d3d9
000001dd7b69ddd9
000001ddb4953bd9
000001dde6709379
000001de0ad4a259
000001de1bc55799
000001de1f7111b9
000001de312c6ed9
000001de31520a39
000001de38ca7439
000001debf3265b9
000001decae7b019
000001deea30a659
000001df543f8939
000001df938ad8f9
000001df97f6ba99
000001dfc496f799
000001dffd7d7759
000001e0a936c299
000001e0a936c319
000001e0a936e159
000001e0af2304f9
000001e101018639
000001e109423ef9
000001e13f556239
000001e1582ada79
000001e180c5f279
000001e18f2e8819
000001e19ebe4b59
000001e1bce35c19
000001e1df83b199
000001e1eb820879
000001e21f36e3f9
000001e221cda999
000003c4abdf5e61
0000000001f72671
0000000000000181
000001e311338759
000001e32751ddb9
000001e34dba8759
000001e372851ad9
000001e37abe8099
000001e3e9594c39
000001e3ed70b419
000001e3ffa81f79
000001e402ed52d9
000001e41970e819
000001e4632819b9
000001e489189f59
000001e489718679
000001e4e6068fb9
000001e4f33d9a79
000001e638a9f8d9
000001e63f629f59
000001e6746c50d9
000001e6af638799
000001e6b86053d9
000001e6e02cde99
000001e6e4697739
000001e6ea2c2a99
000001e72b1a7479
000001e72b1a7639
000001e741de6af9
000001e7a18d9679
000001e823a890d9
000001e823a8beb9
000001e92b95b459
000001e942325499
000001e9aeb82cf9
000001ea0e4e8f39
000001ea26849559
000001ea49299799
000001ea91c45b39
000001ea9445fed9
000001eac83507b9
000001eada1b1219
000001eafe0e0e39
000001eb3b8e6b99
000001eb5c178279
000003d74c4a3761
0000000001f72671
0000000000000181
000001ec561ac8b9
000001ec94e8c339
000001ec94e8c4f9
000001eca9a63519
000001ecca8d73b9
000001ed13b74f79
000001ed1abc2b99
000001ed255d7ff9
000001ed2e1f3e39
000001ed2e1f3eb9
000001ed3c328459
000001ed42b37639
000001edf3564819
000001ee1eb55c99
000001eeb18dd679
000001eefbe27dd9
000001ef2d5075f9
000001efb6269f79
000001efcf3f3079
000001f0003b7d79
000001f0003b8d79
000001f0003bcf19
000001f05b519ad9
000001f0b297da79
000001f123a47039
000001f12db81499
000001f1a47f3e19
000001f1e486f959
000001f1ff1ccc79
000001f208ceef59
000001f291208ff9
000001f31f565eb9
000001f3259876b9
000001f368599ed9
000001f38f3eacd9
000001f3adac32d9
000001f3ef7e1579
000001f4052a9799
000001f43536a2d9
000001f4e16f9ef9
000003e9ecb51061
0000000001f72671
0000000000000181
000001f4f65e6fd9
000001f592004119
000001f66cd5c4b9
000001f69f0dc759
000001f7f039fb19
000001f85269f559
000001f89d7850b9
000001f8bf229c39
000001f8fdfc77b9
000001f90c507619
000001f912556d79
000001f96ebfbd19
000001fa4af669b9
000001fa8b463bb9
000001fa8b464999
000001faa0a550f9
000001fad2e93779
000001fbd52172f9
000001fbd97b4a79
000001fbf6ce5619
000001fbf8893c99
000001fbfcb9c379
000001fc123b25d9
000001fc34ded0b9
000001fc87a0e959
000001fcec53df99
000001fcec53e019
000001fcf3ace139
000001fcfda3b4d9
000001fda180ffd9
000001fde7d69999
000001fdfdcce0f9
000001fdfdccf599
000001fe256022f9
000001fe2aaf8619
000001fe358ed6f9
000003fc8d1fe961
0000000001f72671
0000000000000181
000001fe8710e3b9
000001fe88b1e959
000001fef54b87f9
000001ff1ea57759
000001ff1ea5cbd9
000001ff63dccab9
000002000b5275f9
000002008825f3d9
000002009d3a5ef9
00000200a6129bf9
00000200bfb43219
00000200c4428019
00000200e0c59bd9
0000020105585d59
0000020164f31a19
00000201786f9f99
00000201786fa019
000002024b7b0ff9
000002025db348f9
00000202aa875599
00000202da5f0299
000002031779f3b9
0000020345215d19
00000203b17cd419
0000020433822e79
000002050dc29539
000002052ad96a39
000002054e4499d9
00000205e4286b59
00000205e4287f79
000002061102e1f9
000002061102e279
00000206cb0a4bd9
00000206dcd70dd9
000002077e87a979
0000040f2d8ac161
0000000001f72671
0000000000000181
00000207d85e47f9
00000207fc95ef99
00000208139729d9
0000020870367e79
0000020887d9bd79
000002093f7914d9
0000020981e1d1b9
0000020981e22619
0000020a8d8e4599
0000020aa36ec979
0000020ac89c80b9
0000020b5762d719
0000020b5762d799
0000020bae60a1d9
0000020bc32ffbf9
0000020c0edc2e99
0000020c203bfad9
0000020c7d8a0679
0000020c7d8a0719
0000020c902b58b9
0000020c92396f59
0000020cb6f714b9
0000020d17bc84d9
0000020d1d43cf59
0000020da1471b79
0000020da1471bf9
0000020da47f6559
0000020dbc4553f9
0000020dd3ddc819
0000020de09a4b59
0000020deebb9e39
0000020e1dfb6799
0000020e30c642d9
0000020e96d80b79
0000020f19c4a5b9
0000020f4d226879
0000020f627b1f59
0000020f7f2c6c79
0000020fa5922e79
0000020fc779e0d9
0000020ffc749ef9
0000020ffe4413b9
0000020ffe442999
0000021026ec4cb9
00000210717992f9
00000210ad1a87f9
00000210b180f7d9
00000210be04c419
00000421cdf59a61
0000000001f72671
0000000000000181
00000210ec92f399
00000210f6b71cd9
000002114ad5e839
000002114ad5e8b9
000002115079f2d9
00000211bdddf559
00000211bdddf5d9
00000211f1c23d59
000002121fd2ee39
000002123200a1b9
0000021263eef839
0000021271d78e19
00000212e8b3c659
00000212faa0aaf9
0000021390bf7519
0000021390bf7599
0000021390bf75d9
0000021390bf7c79
0000021393f18939
00000213a64d37f9
00000213a64d3879
000002141f632019
0000021453131059
0000021466e98979
00000214c637cdf9
00000214c637e079
0000021506d08459
000002151f5da9b9
000002152317fed9
0000021537efdad9
000002157b3d8779
00000215aea3d6d9
00000215b277a619
00000215b681a659
00000215c0db4cf9
00000215fa234659
0000021672be5ab9
0000021687dc86b9
0000021687dc95d9
0000021691823ff9
00000216c3e038d9
00000216d8434159
000002179e616b19
00000217d8185919
00000218a2added9
00000218bab67319
00000218c1867bf9
00000218f930f519
000002192bb8deb9
000002195c6ca339
0000021970404159
0000021990c94899
0000021a030df8f9
0000021a22383fb9
000004346e607361
0000000001f72671
0000000000000181
0000021a412ad7f9
0000021a412ad899
0000021a412ad8b9
0000021a412adf59
0000021a529b03b9
0000021a61f46559
0000021aa1013bf9
0000021b41d55bd9
0000021b4edad8f9
0000021b50fee579
0000021b5d7f3599
0000021b5d7f49d9
0000021b87a40ab9
0000021c0ce02cd9
0000021cc2586279
0000021ccdf055d9
0000021cef5f8fb9
0000021d323ec859
0000021d9c81b9d9
0000021dfcf32459
0000021e22a03379
0000021e5528d279
0000021effcb4d39
0000021f0e83a499
0000021f539ccad9
0000021f9d72ca59
0000021fbc22d619
0000021fd9dd5b79
00000220065607b9
000002201dd11ab9
000002203a57c479
000002206ba3d419
0000022078db7e59
00000220c741cbb9
00000220dd1a4959
000002211e54f139
000002212a68b1b9
000002214da91c39
0000022173bb01f9
000002218ddb4419
0000022199469c59
00000221e13759f9
0000022288ee61b9
00000222b1955af9
00000222b23ecf19
00000222e18b6c79
00000222f08f8e19
0000022304722059
0000022341632959
000004470ecb4c61
0000000001f72671
0000000000000181
000002239e18d519
00000223aec197f9
0000022442cdfbd9
0000022459c87ed9
00000224891969d9
0000022489197d79
00000224c440c5f9
000002251ceb6c59
0000022532bf0ff9
0000022532bf1079
0000022543f6e9b9
0000022578601f19
000002259b368b19
000002260327b299
000002261a3b9539
000002262ab111b9
000002263d5a3239
0000022640e9c379
000002265e2622d9
00000226724299d9
0000022687f40039
00000226b176caf9
00000226b176e519
00000226ca0c0eb9
00000227448c26d9
00000227448c2779
00000227448c2799
00000227448c2e39
0000022768283a59
00000227ec6a8a79
0000022870269ff9
00000228ae6f9cd9
00000228bf9874d9
00000228c0c97a99
000002291b8221d9
0000022963e92719
000002299d975d59
00000229a0634359
00000229f31a5af9
0000022a372924f9
0000022a6f60eed9
0000022af867f8d9
0000022b5506cef9
0000022b5506cf79
0000022ba5686fb9
0000022cce255ff9
00000459af362561
0000000001f72671
0000000000000181
0000022ce65ca1b9
0000022d062652f9
0000022d3d3638b9
0000022d97aeeab9
0000022dd2c08659
0000022dd2c08839
0000022de2fcb8f9
0000022e37322479
0000022e39041019
0000022e6ca55639
0000022e72862d99
0000022e8be6d599
0000022e987e1619
0000022eb2ce84b9
0000022edc259c59
0000022ef7c88459
0000022f63cd7ab9
0000022f7ebed659
0000022f899d9199
0000022f94cdd8d9
0000022fb5fbc8d9
000002308c3d46d9
00000230aaf29ff9
00000230eafd0e39
00000230eafd0eb9
00000231405be779
0000023165e0ad19
000002318c647cb9
0000023239a452b9
00000232848a4139
0000023287da2d39
0000023287da2db9
00000232d06fe2d9
0000023353d8beb9
0000023375769bd9
00000233c2fd2139
00000233d6f46e19
00000233d6f46eb9
00000233d6f46ed9
00000233d6f47579
000002341a8c5579
00000234298d25d9
000002344293fa39
0000023492089479
00000234b089c199
00000234f6857a19
000002353b7bae99
0000023577c85179
00000235b552cd39
00000235dbdd1f59
00000235dcfc0cd9
00000235f112ac99
0000046c4fa0fe61
0000000001f72671
0000000000000181
000002364bcdc1b9
0000023670ae5cd9
00000236ed75b519
00000237328e24b9
00000237642277d9
00000237b2b95b39
00000237e17b2339
0000023806aa3639
000002384d9c54d9
00000238ab029339
00000238d19ef5d9
00000238fb3d2d79
000002393e679279
000002395efa8119
0000023980849199
00000239be05d279
00000239d1571e19
00000239dec9eb99
0000023a5d4e5af9
0000023a732828d9
0000023a73282959
0000023a73284079
0000023a7b8add59
0000023a7b8aef19
0000023aec7e52f9
0000023af7431f99
0000023b580e7359
0000023b6cc59d19
0000023b9f87c839
0000023bb66a73f9
0000023becadbcf9
0000023c07ecffd9
0000023c316e77f9
0000023c76250139
0000023c8e68eb19
0000023cf99afd79
0000023d24f1e5d9
0000023d30a27a39
0000023d4d0a1ab9
0000023d85809cd9
0000023d903f33b9
0000023de7286139
0000023df815c459
0000023e28270b39
0000023ecdb21b19
0000023f0c1c24d9
0000023f11fa3f39
0000023f712c1819
0000047ef00bd661
0000000001f72671
0000000000000181
0000023fccc0fe59
00000240027413b9
000002401544d019
0000024084a39259
00000240ce7886d9
00000240ef9eb539
000002411511d299
00000241640b4899
000002416412dc79
00000241b386a6d9
00000241faf7f779
00000242293b6819
0000024240a89ed9
0000024270f234b9
00000242bd0400d9
00000242bf1e2b39
000002431d29e139
000002433fb76fb9
000002436d737c19
0000024394b0fa39
000002440be202d9
00000244a641ef19
0000024514626a39
000002454482ea59
0000024548233919
00000245815a3af9
0000024592aa0ff9
00000245bb4b3af9
00000245bda322d9
00000245bda33399
00000245c578e5b9
00000245ff5b0939
000002462967a0d9
0000024673f50c99
00000246ada56499
00000246c058f699
0000024700488d59
000002474376e359
00000247b0afce39
00000247cdd970d9
0000024826c878d9
000002484d6df299
000002487f664859
0000024890b99eb9
000004919076af61
0000000001f72671
0000000000000181
00000249018711b9
0000024993cab9f9
00000249ac0a4599
0000024a750b4db9
0000024adbf74b59
0000024b5ec75a79
0000024b6be61b59
0000024b8270edb9
0000024baacd2e59
0000024bcc7dbbd9
0000024be53c64d9
0000024d4873faf9
0000024d56112499
0000024daf7a8859
0000024dd51bc2d9
0000024df1137f79
0000024e346bcbd9
0000024e523b4799
0000024e556d80d9
0000024e94d3a9d9
0000024f4635c4f9
0000024f49120ed9
0000024fc0b3e439
0000024fe7161679
000002501aea6899
000002502446e959
000002502446e9d9
000002502446f0b9
00000250861b14b9
00000250a65131d9
00000250ac79faf9
00000251f917e579
000004a430e18861
0000000001f72671
0000000000000181
0000025240d08d79
00000252804cb4d9
0000025285286359
0000025328cd6d99
0000025328cd8939
000002532d888cd9
00000253efcf72b9
00000253efcf8fb9
000002541c3bd279
00000254a33da9d9
00000254a4ec9db9
00000254db5a6179
00000255305c0a19
000002555428e399
0000025570a14859
000002558ba67859
0000025599901139
00000255a144ed79
00000255e4814b19
0000025610014f79
0000025665ae5e59
0000025668b62379
0000025688373859
00000256c17a5b99
00000256c9faff39
00000256d4842ad9
00000256e2f87ff9
00000256e9bf6219
0000025702b69899
0000025763d1aa39
0000025796df4bd9
00000257d4bc1279
00000258236fab99
00000258239967b9
0000025867819a79
000002588ce541b9
00000258ae24c559
00000258befd6439
00000259a8a2eb99
0000025a030fa6b9
0000025a122d4ef9
0000025a875fa519
0000025b0772c899
0000025b2d2dbe99
000004b6d14c6161
0000000001f72671
0000000000000181
0000025c2db0daf9
0000025d3b8184b9
0000025d84408fd9
0000025dc112bff9
0000025e22afdbf9
0000025e3cdf2039
0000025e5b010ed9
0000025e8bdda7d9
0000025ea065f779
0000025ea8360039
0000025ec058a0f9
0000025ec0590119
0000025f181880d9
0000025f58922bd9
0000026036355059
0000026080279399
00000260afb01f19
00000260be8704d9
00000260c5120f19
00000260ed3c23b9
0000026207fb3379
000002622f1b5839
000002624abc2b59
0000026258e46399
0000026267f72d19
000002626f659259
000002632e9a0379
00000263cccf4699
00000263e1794439
000002643d5265f9
000002644fd13679
0000026466049c59
00000264b404c4b9
000004c971b73a61
0000000001f72671
0000000000000181
00000264c9993ad9
00000264c9996079
00000264e706c799
00000264f69bc939
0000026510105659
00000265491ddc19
0000026694f1e3f9
000002669d7eb839
00000266fc712f59
00000267aa045699
00000267ba053159
00000267bc7e57f9
0000026805ffd839
0000026851e67dd9
0000026851e70479
0000026887b0e359
00000268ebe62919
0000026906a23059
00000269aca92f19
00000269b6ba4099
0000026a04658c39
0000026a0f526f59
0000026a0f528239
0000026a76cc58f9
0000026aa957bc19
0000026af06eb419
0000026b3e3b9bb9
0000026b63f40cb9
0000026bac6afd39
0000026bbd69be39
0000026bc2533439
0000026bf9423459
0000026c0e07bdb9
0000026c18c64199
0000026c54a55c79
0000026c759d6239
0000026c80b2d3d9
0000026cb5bf13f9
0000026d0009f599
0000026d005a9cb9
0000026d005a9d39
0000026d005a9d79
0000026d005aa419
0000026d005ab059
0000026d005ac059
0000026d6c376b59
0000026dd3f41d79
0000026deb8937d9
000004dc12221361
0000000001f72671
0000000000000181
0000026eb38fb459
0000026eeca0d039
0000026f6da7d8f9
0000026fdf663879
0000026fdf665539
0000026fe3d65d19
000002704511dfd9
000002707e8429d9
00000270ba192379
00000271305c5b99
00000271305c5c39
00000271f2f4abd9
00000271f52c3539
0000027221c0dad9
000002727b058339
00000272c43bc779
00000272dfd56559
00000273cd94e559
00000274017feb19
00000274419b0a99
00000274419b10d9
000002744a0de859
000002751969c279
000002752f068579
000002754bf7dc19
00000275bb2876b9
00000275fec26b39
00000275ff555e99
0000027630fc3099
0000027634e09019
00000276626959d9
00000276748be759
00000276748be7d9
00000276793fc879
000002767b82f139
00000276b436e4f9
00000276c8820f19
00000276c8827eb9
00000276e45733f9
00000276f5c2add9
000002775434b119
000002775434b979
000004eeb28cec61
0000000001f72671
0000000000000181
00000277a4d24179
00000277a4d241f9
00000277d2b8f9f9
00000277ed614979
0000027815807579
000002787f8cf5b9
0000027936915b39
00000279384391f9
0000027979c33ab9
0000027979c34df9
0000027986795bd9
000002798a2f7179
00000279ad83a599
00000279b4811859
00000279f2878ed9
0000027a5ae1b439
0000027ae1d972b9
0000027aff6ee019
0000027b3210fe99
0000027b93d12a19
0000027c708d1439
0000027c835b0099
0000027d0995b999
0000027d87ed1ad9
0000027dad0d2319
0000027e259eac19
0000027e259ebcb9
0000027e4e5f2e59
0000027e59954db9
0000027e59954e19
0000027e64ff0fd9
0000027edca1aaf9
0000027ee36fb2b9
0000027f119485b9
0000027f39214a79
0000027f5418af39
0000027f8b02f4f9
0000027fc0341679
0000027fcc997419
000002800e73c6d9
000002809d63ab99
000002809d63c8d9
0000050152f7c561
0000000001f72671
0000000000000181
00000280e0c380f9
0000028115151899
000002818d541cb9
00000281d5a63159
00000281ea5f2c19
00000282324c4c99
000002825c651059
000002829e5532f9
000002829e554379
00000282d8c1f859
00000282e0bb8199
00000282e0bb8319
00000282f2042179
00000282f48a9019
00000282fe2669f9
0000028326dd60f9
00000283941365f9
0000028441591f99
0000028441592dd9
0000028497a8d199
000002849cc0b899
000002849e74ab59
00000284c4658bf9
0000028501756559
00000285017566f9
0000028558da2a19
0000028581641e19
0000028587113e19
000002859dddf639
000002859dde0b99
000002859dde0c19
000002859dde2959
00000285bf879a79
000002862d09f579
000002862f2ff359
000002871812c899
0000028792f93ad9
00000287b519a6f9
00000287bd27c299
00000288f19011d9
000002892e174bb9
0000028930185519
0000028985245fb9
0000028997e92a19
00000289d5e398b9
00000513f3629e61
0000000001f72671
0000000000000181
00000289fc992cd9
0000028a060663b9
0000028a1d3106d9
0000028a1d318339
0000028a1e70e659
0000028a416ed4d9
0000028a56e6b4f9
0000028a81c00d99
0000028a9ff2b419
0000028aaf7cbcf9
0000028ad0de54d9
0000028b35c20df9
0000028bcf690159
0000028be4a59d99
0000028c07f7e659
0000028c600b55f9
0000028c600b5679
0000028c600b6a59
0000028c6ccc1ad9
0000028c853779d9
0000028cb72e4499
0000028cc29767b9
0000028cf9be15f9
0000028d77e1d839
0000028db12820d9
0000028dbe374819
0000028dfd68c6f9
0000028e6c2b5259
0000028eeb044df9
0000028f24718d39
0000028fb88a9a39
0000029004b88a79
000002901169ea99
00000290219077d9
00000290327b9699
00000290327b9859
00000290437dbf59
000002907edd4599
00000290832070b9
0000029089513af9
000002908ca748f9
00000290eece8d19
0000029157b701d9
00000291654420f9
000002922ac2b419
0000029237af1619
00000292440d21d9
00000292724c7b59
000002929ff90ff9
00000292d5d71d99
00000292de6e6099
00000292dfe7bb99
00000292f3f063d9
000002933864d7b9
000002934574f3f9
0000052693cd7761
0000000001f72671
0000000000000181
000002937080cab9
0000029370816899
00000293c04a2af9
00000293d88cded9
00000294237a2e19
00000294237a4479
000002943941d259
0000029440f2e8f9
000002946b637cf9
000002952e5b76d9
0000029611424919
000002962f14f919
0000029660d13b59
00000296819b52f9
00000296e54a09f9
000002974c9f2539
000002979780deb9
00000297be4c9df9
00000297f61669b9
0000029804216879
000002982aeea359
0000029864e64cf9
0000029876fa75b9
00000299863ff7b9
00000299bc8accf9
00000299bc8acd79
00000299e5200f19
0000029a8c4fac39
0000029abe21dab9
0000029b9ad00f19
0000029bf925da99
0000029c28a914f9
0000029c6463c459
0000029c6bd13059
0000029c6ca141d9
0000029c6ca14259
0000053934385061
0000000001f72671
0000000000000181
0000029ca26d7599
0000029ce9b2e799
0000029ceff3ca79
0000029d08b632b9
0000029d20ba0579
0000029d20ba1599
0000029d20ba6019
0000029d24c07b79
0000029dec81a799
0000029e2fc9ecf9
0000029eae7fd8f9
0000029ef3394ed9
0000029f846b2fd9
0000029f94cd0a99
0000029f94efe199
000002a0441e6a59
000002a0441e7a39
000002a077c271b9
000002a0acc1ec59
000002a1018bf519
000002a1018bf599
000002a1018c3a59
000002a1018cbeb9
000002a111bbb3d9
000002a11d07acb9
000002a16ee3b4f9
000002a1c4f066f9
000002a1c4f06799
000002a1c4f067d9
000002a1d8cb1a79
000002a207ab1659
000002a22b9eb5d9
000002a236ec6679
000002a237db92f9
000002a237f56939
000002a277a3abf9
000002a27b34e299
000002a28836d3f9
000002a28b4032f9
000002a2ad2e9c99
000002a2c5d2d619
000002a2f2f460b9
000002a3465d06b9
000002a433e18059
000002a4700bd6b9
000002a47e718ab9
000002a4da8a0bf9
000002a5076b6879
000002a5971c01f9
000002a5c9765f19
0000054bd4a32961
0000000001f72671
0000000000000181
000002a5ec4cd619
000002a613d0feb9
000002a6160b1b99
000002a6386864b9
000002a6e31cf6f9
000002a6e43684f9
000002a6ed17e4f9
000002a6eec47679
000002a6f985d539
000002a6ffaa1479
000002a709901739
000002a7a7372279
000002a82e436079
000002a832c0ee59
000002a893542f79
000002a893542ff9
000002a8950e17b9
000002a930fe0bd9
000002a96f4db3b9
000002aa16106919
000002aad1251b99
000002ab2f463cf9
000002ab2f465499
000002ab641f4e39
000002ab95d68d99
000002aba93a2699
000002abab9cebf9
000002abc6e798d9
000002ac598f9519
000002ac6b1a29b9
000002ac6b1a2bf9
000002ad512b8299
000002ad8bc48d19
000002ae32b246f9
000002ae8b8d5df9
000002ae992a19d9
000002aea9832279
000002aed5255ab9
000002aee7d13239
000002af0a89c1f9
0000055e750e0261
0000000001f72671
0000000000000181
000002af3b0dae79
000002af635ac639
000002af74446759
000002af74447e39
000002af7e23f059
000002af8f91add9
000002afeebe2f99
000002affa35f299
000002b0121ba019
000002b13ae5ea39
000002b1c5dd6519
000002b1d3c54759
000002b1d3c547d9
000002b1dac68b19
000002b1f46a49d9
000002b217025e99
000002b217025f19
000002b2170265f9
000002b23fa35b99
000002b263098df9
000002b27f746ef9
000002b29d6bb2b9
000002b2b7f56dd9
000002b2f6118239
000002b31e489739
000002b3248bab19
000002b366cff679
000002b3ad6ff5b9
000002b3d8729119
000002b42991e9d9
000002b4b6470d59
000002b4bc314fb9
000002b50f1ba319
000002b526e4f379
000002b54aad4b59
000002b5c4ce9059
000002b612cd2c39
000002b62e385fb9
000002b65ddacaf9
000002b67ab72399
000002b6df679e39
000002b749de0759
000002b749de8679
000002b78618b2d9
000002b787ab04f9
000002b87a9f3299
000002b87a9f4779
000005711578db61
0000000001f72671
0000000000000181
000002b9120fce39
000002b99a2a0c39
000002b9a81b9f59
000002b9b78407f9
000002b9e8c91099
000002b9ff72e579
000002b9ff72fab9
000002ba4ae203f9
000002ba51b7f9b9
000002ba86a42cf9
000002ba9ea5fd79
000002bb16723239
000002bb2d42bc19
000002bb44920b79
000002bbf2769a19
000002bc00078699
000002bc44401c99
000002bceb19a519
000002bd3b6de119
000002bd6ca660b9
000002bdba49b739
000002bdc7cfa419
000002bdc7cfa479
000002bdce6c1a99
000002bdce6c1c39
000002bdfb7a9e59
000002be2b3cae39
000002be6b431f59
000002bf32c1ee39
000002bf74306539
000002bfad83e259
000002bfe1577759
000002c036daff79
000002c036db7919
000002c054193c99
000002c083a45e99
000002c10e640f99
000002c1d99c30f9
00000583b5e3b461
0000000001f72671
0000000000000181
000002c1e17c66b9
000002c1fe14ab99
000002c20f0560d9
000002c27025d4f9
000002c28754d859
000002c28754da79
000002c28754ec39
000002c2ea110f39
000002c322d15c99
000002c325c9f579
000002c32d126919
000002c390e797f9
000002c3913986f9
000002c3b639d679
000002c421b622b9
000002c46a46b819
000002c485117e19
000002c508fa8039
000002c5252b0719
000002c5252b1a79
000002c53419b4f9
000002c57e724699
000002c58c3864d9
000002c599712b59
000002c5c0b713d9
000002c5c0b73139
000002c5e6453979
000002c62dc7f7f9
000002c6974b77d9
000002c6a4327ef9
000002c6c7d48a79
000002c6f48cc819
000002c733a5a859
000002c7466da7f9
000002c771a8c539
000002c7984656f9
000002c79c2df139
000002c79c685eb9
000002c80a1d3859
000002c83c4e4df9
000002c83c4e59d9
000002c87d3b3779
000002c8e07e6ad9
000002c8eec1f2d9
000002c9112e40f9
000002c9fa082ff9
000002ca641b52d9
000002ca88464979
000002ca9c7d39d9
000002cae82168b9
000002cae9b15c19
000002caf1e4e959
00000596564e8d61
0000000001f72671
0000000000000181
000002cb3b7ef899
000002cb54e358b9
000002cb7d7486b9
000002cb8b543ff9
000002cc32015fb9
000002cc69ad2299
000002cc69ad2319
000002cc71862e39
000002cccd855939
000002cccd8559d9
000002ccf547c939
000002cd6983e199
000002cd736d7379
000002cdc28e8059
000002ce16f7a7d9
000002ce384eccf9
000002ced9f74699
000002cedaa3ec99
000002cf1e6b7159
000002cf9f6df239
000002cfb531ea19
000002cff6eeef79
000002d00da52ad9
000002d0149fc0d9
000002d04539ce19
000002d0ce89d8b9
000002d0d7de5ff9
000002d143fb1239
000002d14b9a74d9
000002d1694e52f9
000002d2a0ae7199
000002d2bdc5f059
000002d31293efd9
000002d312e80679
000002d3139e4cb9
000002d37e4afa39
000002d3a3fd2bb9
000002d3c6288fd9
000002d3de9176f9
000002d3fadf2999
000002d3fadf2a19
000002d4074667b9
000002d43102b819
000002d441701179
000005a8f6b96661
0000000001f72671
0000000000000181
000002d47dcc1cd9
000002d49666b259
000002d4f3f8b819
000002d5189ec5b9
000002d559857439
000002d5e674d239
000002d65bd41859
000002d678b69d79
000002d70ea194d9
000002d768d2e119
000002d792b72e79
000002d7e51fcb79
000002d8237c99b9
000002d842833c59
000002d8587ff699
000002d86739fcd9
000002d88f30a9f9
000002d8b04f2059
000002d9a6b77e19
000002d9b1ac4699
000002daa91a4eb9
000002dac5ede0d9
000002daf7c23c39
000002db00ef9a39
000002db1fdd6799
000002db68612e79
000002db975782d9
000002dbd3ad0ab9
000002dc134a7499
000002dc292df399
000002dc993ff8f9
000002dca9932ff9
000002dd76ac8cb9
000005bb97243f61
0000000001f72671
0000000000000181
000002ddf22bab19
000002de34c616d9
000002de360f0239
000002df4e7969f9
000002df8d90ba39
000002dfb64eefb9
000002dfb898b7f9
000002e0124f83f9
000002e0284bebf9
000002e02885ee39
000002e03d3a2079
000002e096c28ed9
000002e09df3e8b9
000002e0ee82b779
000002e23bcfaf59
000002e26b1a66d9
000002e2ee758b99
000002e2faa65699
000002e35092c159
000002e35092c1d9
000002e3563badf9
000002e365b3a1f9
000002e3d2d9be59
000002e3f26e1d79
000002e48d0e37b9
000002e4f8d96c99
000002e5455b9999
000002e60a235699
000002e66aca94d9
000002e68c3106f9
000002e690205a59
000005ce378f1861
0000000001f72671
0000000000000181
000002e71ea52bd9
000002e87b327439
000002e8ef272c59
000002e8ffa4e559
000002e90602a899
000002e981ba65b9
000002e9879efab9
000002e99f201a19
000002e9b64bb599
000002e9fc489819
000002ea1e996439
000002ea1e996619
000002ea8a687a59
000002ea8dd47a99
000002eaa1726e39
000002eacc93abb9
000002eacc93ad99
000002eae8552299
000002eb58001fd9
000002eb659a6e39
000002ebbe9c65f9
000002ec6455ec59
000002ec9b4dfab9
000002ecb890a199
000002ecd2fc6259
000002ed40b2f2b9
000002ed52e4e639
000002ed644d88b9
000002edce70d2d9
000002ee22b617b9
000002ee27e093d9
000002ee309a2019
000002ee32819039
000002ee5d3d4279
000002ee746430d9
000002ee99398859
000002eed4fb68f9
000002eeff7f73b9
000002f032b90219
000002f04184a259
000002f05b528f79
000002f060b8b719
000005e0d7f9f161
0000000001f72671
0000000000000181
000002f0934711b9
000002f14be8c639
000002f19423cf79
000002f1cf3df619
000002f2143b2479
000002f2459e8419
000002f2459e8499
000002f28d5b3ad9
000002f29536c119
000002f2d87812d9
000002f2ea5e9cd9
000002f3b7696759
000002f3ba5ee6b9
000002f3d54351b9
000002f3e0f62539
000002f42cba9539
000002f42ebfaab9
000002f49a574d59
000002f4b498f8f9
000002f4d475f8b9
000002f52a394dd9
000002f5cc3b5779
000002f604ac0cf9
000002f61b357cb9
000002f6dca78ad9
000002f6dcca5f19
000002f6e620a7d9
000002f710982a39
000002f75fd2c139
000002f777f3bd59
000002f7807890b9
000002f78078a179
000002f789745a99
000002f8353a88f9
000005f37864ca61
0000000001f72671
0000000000000181
000002fa726dbbb9
000002fa96610b99
000002fab2a4c659
000002fac0f52879
000002fad11dbc79
000002faee421bb9
000002fb227cb7b9
000002fb365e5739
000002fb80ce6a19
000002fbd1912239
000002fbd9be3719
000002fc0e0a4279
000002fc667ecf59
000002fc70d81a79
000002fc70d81af9
000002fc70d83259
000002fcae8f0439
000002fd39373a39
000002fd39373ab9
000002fd39374199
000002fd752d63d9
000002fd9f915eb9
000002fdcd21cb79
000002fe0b4c3579
000002fe13e03159
000002fe17bb69f9
000002fe1fadb759
000002feb93ed039
000002ffd53c4f19
00000300191f86f9
000003002cb05839
000003005dfc63d9
000003005dfc76b9
00000301167da039
000003021c0f08d9
000003023c5f6639
00000302f2a70379
0000060618cfa461
0000000001f72671
0000000000000181
000003039fc36519
00000304083a42d9
0000030449e8b719
000003044ac300b9
000003045a22a499
0000030478a6f659
000003048067ecb9
0000030497d15999
00000305002e33d9
000003056cb24899
00000305f7ea1eb9
00000306c8c66999
00000306e061a319
00000307b4f65eb9
0000030822ff9c59
00000308312a6319
0000030844072559
0000030863e60139
0000030884b47959
000003088b3e4999
000003089b7990b9
00000308a3ae2c19
00000308c98876b9
00000308db00c2d9
0000030916c3b039
000003098044f199
0000030a03dafcd9
0000030a085ba6b9
0000030a1e827f99
0000030a1ea1d999
0000030a7287ab79
0000030b16535519
0000030b16db21d9
0000030b2dc97819
0000030b49bce799
0000030b6a1ced59
0000030b8782c0b9
00000618b93a7d61
0000000001f72671
0000000000000181
0000030c623011f9
0000030c71c69c99
0000030c8e86c579
0000030d152585f9
0000030d2289c879
0000030d26785e79
0000030d3d922e39
0000030d485aa8b9
0000030dd448e219
0000030e116cf279
0000030e26efbbb9
0000030e32ecf179
0000030e3c7214d9
0000030ed8e5fad9
0000030f426225d9
0000030f58be9bf9
0000030f901bca79
0000030fd5242a79
0000030fd8de17d9
0000030ffa54da59
000003105b04de79
00000310d8c9c1f9
00000310de51a959
00000310f9c3df39
000003112bb15fb9
000003115faf7e59
00000311629b38f9
000003118fa27eb9
000003119b872699
00000312ae25cd99
00000312e19886b9
00000312fa045d19
00000313426b0c99
00000313bbfd7a59
00000313e9153fd9
00000313f66c3b39
00000314bcb4e699
000003150af7e759
0000062b59a55661
0000000001f72671
0000000000000181
00000315c01a02f9
00000315cf52bc19
00000315d16e2ff9
0000031608eb8cf9
000003160918b079
0000031634425259
0000031638e01699
000003167e94c379
00000316d825e1b9
0000031720c41fd9
0000031766ae8e99
00000317b6d8a419
000003189077f719
00000318d5976619
000003195476b259
000003195476b2d9
00000319c126b7b9
00000319c126d8b9
00000319f971c7f9
0000031a6aa84439
0000031a96c984b9
0000031ab0df5b39
0000031ab0df5bd9
0000031acf7f3e39
0000031ad8565df9
0000031b0f800919
0000031b170622d9
0000031b7c8140b9
0000031c70068c79
0000031c949c9279
0000031cabd51e39
0000031cf1d5be99
0000031d4ef44c39
0000031d631a8499
0000031d7e056859
0000031d919ea499
0000031e6c95ce59
0000031e8f315179
0000031ebf3314b9
0000031ebf3b2bf9
0000031ebf3b4139
0000031ebf3bbfb9
0000031ecd4351f9
0000031ee9c4a3d9
0000063dfa102f61
0000000001f72671
0000000000000181
0000031f222930f9
0000031f4ab6d939
0000031f4ab6f739
0000031fe01f5bb9
000003200df16779
0000032010750959
0000032042b52319
0000032042b523b9
0000032042b524f9
0000032042b523d9
0000032042b52a79
000003207b3ef1b9
00000320835f51d9
00000320c30f5b59
000003219c8e51f9
000003219c8e5279
00000321ece25339
000003221823cbf9
000003224af78539
00000323251ec419
00000323251ec499
0000032345a474f9
000003235bbf9f59
00000323c7bbf059
00000323cdf608d9
00000323d3bace79
000003244b825ef9
00000324a71b5479
00000324a71b5519
00000325385519b9
0000032558cdd9d9
0000032559097ad9
00000325c0d55b59
00000325eddfb1b9
0000032606b1df59
000003267b5f1c19
00000326d30e08d9
00000326d30e40b9
00000326e3b4c7f9
00000326e9417639
000006509a7b0861
0000000001f72671
0000000000000181
000003285c8244b9
00000328a73fbed9
00000328df89ae19
0000032921f98c39
000003293166e299
000003293166f679
00000329799bce79
000003299045bd39
000003299045d439
00000329d59af7d9
00000329e75bb279
0000032aa1da39d9
0000032abf409e99
0000032b1e3f5579
0000032b61221759
0000032b88e2fe19
0000032b8c49ee99
0000032b9bcccf79
0000032bdb793df9
0000032bf5e91df9
0000032c04d6aff9
0000032c35abdcf9
0000032c4bae98f9
0000032c64296919
0000032c92ecf079
0000032c93fb3299
0000032c93fb3319
0000032c93fb39f9
0000032c93fb9299
0000032cafb050d9
0000032cce959459
0000032d2858edd9
0000032ddc1e3bb9
0000032e1865cfd9
0000032e1865e319
0000032e53e153d9
0000032e87b4abb9
0000032ef0f4fd99
0000033019ca6879
0000033049312559
00000330a3f0ae59
00000330c53e6839
00000330de236339
00000330eb1d2d39
00000330f3f88bb9
000003310a08f459
000003316e87b559
000006633ae5e261
0000000001f72671
0000000000000181
00000331d961ef79
00000331d96203f9
0000033214038b39
0000033299e36eb9
00000332c138cff9
0000033374405d79
00000333a28308b9
000003341ef1e5f9
000003341ef26cf9
000003342a450099
00000334521d5e99
0000033456db13f9
00000334aa763499
00000334b4f104f9
00000334de129699
000003355b9eaa79
00000335a4e73179
00000335abb00cb9
00000335d6eebab9
00000335f5fef2f9
000003360e453fb9
00000336520a99d9
0000033694ba7df9
00000336b55e6159
00000336e80c2bb9
000003373a6e7059
000003373a6e7a39
000003374c2ec079
00000337b2822a79
00000337be8a3ab9
00000337f9cd11b9
000003384a3aa059
0000033866be6fb9
00000338bda374f9
00000338bda38879
00000338c98fe739
00000338e52ed179
0000033933942f79
00000339677bb5d9
000003398dfc6879
00000339e1eee399
0000033a0f2c0c39
0000033a0f2c0cb9
0000033a1ade8259
0000033a6498c719
0000033aa4f03cd9
0000033ab69aac39
0000033ae9052119
00000675db50bb61
0000000001f72671
0000000000000181
0000033afefb0f79
0000033b1a4cc019
0000033b4db754d9
0000033c0300a659
0000033c3dfbfb99
0000033ce7623b39
0000033ceb635c39
0000033cefac5139
0000033d31554959
0000033d73628059
0000033dee561eb9
0000033e2bfaee79
0000033efcc4d039
0000033fb17475d9
000003402ff947f9
000003411c11a299
00000341eea07439
00000342021ed299
00000342021ed319
00000342021ed359
000003421cdc58b9
0000034222f05839
00000342289e3179
0000034261c58419
0000034261c5ce99
0000034264b68a79
0000034272a866d9
000003429719bb19
00000342b3cb88d9
00000342b3cba859
00000342d5282679
00000342d9733cf9
00000342f837da59
0000034321bddad9
0000034322670459
0000034327bd7779
00000343f6358219
0000034416aeec99
000006887bbb9461
0000000001f72671
0000000000000181
000003445c9aa799
00000344c870a1f9
0000034534b9a559
0000034549fbed39
00000345a659a119
00000345af907839
00000345af9078b9
00000345af9078f9
00000345af907f99
00000345b0d26c79
00000345b152c6b9
00000345f71ac119
0000034618347f39
000003462f4f49d9
00000346532b05d9
00000346846ae839
00000346b1039cf9
000003475c53e579
000003476d453159
00000347a0631a39
00000347a0631ad9
00000347a0631af9
00000347a0632199
00000347c846f819
00000347ce76c3f9
00000347d615ae99
00000347dc9168f9
00000347f84fca59
000003484b2e4419
0000034882bd6319
00000348ad7b6599
00000348de92bcd9
00000348f24f8379
000003494252f499
000003499c0337b9
0000034a0a710079
0000034a1f27dad9
0000034a65841f19
0000034a69d443b9
0000034a7fa05439
0000034a921564d9
0000034ac16a2779
0000034add8e8879
0000034af7a9be99
0000034b075e7879
0000034bcee7ffb9
0000034bcee81719
0000034c4abb2579
0000034c5e62be39
0000034c6c660c99
0000034ce071c079
0000034ce72a7e39
0000034d56bbdad9
0000034d5708dc59
0000034d616dfd79
0000069b1c266d61
0000000001f72671
0000000000000181
0000034e1a520839
0000034ea50dacf9
0000034ef881bcf9
0000034f154aed79
0000034f2bffc419
0000034f95411379
0000034fbda58299
0000034ff1fd9219
000003507e6d8d99
00000350aa7b6459
00000350aa7b64d9
00000350c5e7e799
00000351089a2999
000003511d803079
0000035152758899
00000351e90e43f9
00000352056dac39
00000352867b8679
00000353c185ee59
00000353c92b3879
000003541e383099
0000035446312359
00000354769dc239
0000035523130039
0000035582415499
00000355874b4d59
00000355b3c99a79
0000035619f33399
000006adbc914761
0000000001f72671
0000000000000181
000003574cf195d9
000003578f3a00f9
00000357b3e13a59
00000357fea0d379
0000035806270579
000003583506d939
000003583a1906f9
00000358651c9819
0000035873c9d659
00000358a85e43f9
00000359678e0499
00000359a8f09cf9
00000359fc168a99
00000359ff3f2599
0000035a1404f379
0000035a84b104d9
0000035abe3e64d9
0000035ac9c3cf79
0000035b3758b1d9
0000035b45799439
0000035b7e5f92f9
0000035bacc7f8d9
0000035be1d81759
0000035be1d81919
0000035c008d9af9
0000035c1f02bd19
0000035cba2c4e99
0000035d08c54019
0000035d3ba656d9
0000035d5e769419
0000035d8a514d19
0000035daa7e6c79
0000035dab1b4959
0000035dab1b49d9
0000035dfc58bf39
0000035e04c920b9
0000035e755d6219
0000035f1a19fef9
0000035f251a6859
0000035fb3ff8679
000006c05cfc2061
0000000001f72671
0000000000000181
000003610deed9f9
00000361408469b9
0000036146a94999
0000036196c781d9
000003619a03b299
00000361e2bffdb9
00000361eae72939
000003624671abf9
0000036254c87919
000003627fdc26d9
00000362d226ce39
00000362fa19a4f9
0000036354db1a39
0000036354db1ab9
00000363c871a439
00000363eb63fe19
0000036468362019
000003648ebdc359
00000364d43f6b59
00000364daf34699
0000036549b9b519
0000036587576179
0000036592501959
00000365ca617ef9
000003666bdc7939
00000366c221db99
00000367214a8559
0000036729d0cc39
000003672e5bb399
0000036739aa7239
00000367d41a4419
0000036839ad43d9
00000368492de639
00000368c08f79f9
0000036912e18bd9
000003694f863cb9
000006d2fd66fa61
0000000001f72671
0000000000000181
000003699a8ae9f9
0000036a50e29e39
0000036a50e2b159
0000036a7051b179
0000036a92906ff9
0000036abb544159
0000036b77703b99
0000036b7cbbc4b9
0000036b7cf7e8d9
0000036b8e5eedf9
0000036b9f02d8f9
0000036b9f02ee99
0000036b9f030dd9
0000036c9776b219
0000036cef4520d9
0000036cef453619
0000036dfb156099
0000036dfb156119
0000036e00243ab9
0000036e6d0e36b9
0000036edd44cc79
0000036eeafb8db9
0000036efda49c59
0000036f7dfa58d9
0000036fa70728f9
0000036fa70767f9
0000036fbfbf4819
0000036fbfbf4899
0000036fbfbf5b79
0000036fd9c0c9d9
0000036ffa58c0b9
0000037001316459
0000037064064859
0000037077204e19
000003709d1d1c59
000003709f2c3a79
00000370abd9d979
00000371a83a9719
00000371a83a98d9
00000371caa61db9
00000371f7039719
00000372172b8799
00000372812a1cf9
00000372ba427679
000006e59dd1d361
0000000001f72671
0000000000000181
00000372d6061e79
00000372d6061ef9
00000373a13073f9
00000373ee7a2c79
00000374092a4659
0000037413cb5ad9
00000374236a9419
0000037466fa9f99
00000374dde88059
0000037542f4e0b9
0000037587f923d9
00000375afc83419
00000375b5549cf9
0000037630487ef9
0000037632d62719
0000037632d63b39
0000037632d63bb9
000003763f4e90b9
00000376596d3399
00000376a21b9d99
0000037724a1af59
000003774e6491f9
0000037759c24999
00000378050d7c39
00000378050d8a79
0000037825d96a99
000003788725a9d9
00000378fea48fd9
00000378fea49059
00000378fea4a379
0000037902a7aeb9
000003794faf18b9
000003795d112d59
00000379dd3df939
0000037a08f708b9
0000037a30ed4819
0000037a51c5b4f9
0000037a6d78fa99
0000037a8fc1c419
0000037a97d82779
0000037af7d02719
0000037b0a6ac719
0000037bc13992d9
0000037bc4ea33d9
000006f83e3cac61
0000000001f72671
0000000000000181
0000037c2cabd819
0000037c9a18a3d9
0000037ca3c9d979
0000037cc071f4d9
0000037cc0725719
0000037cc207fb19
0000037d49730219
0000037dbfb0fc79
0000037dbfb0fe39
0000037e791bd119
0000037fb8cb0879
000003800ca35c79
0000038022f8a959
0000038077b374b9
00000380f7354d79
000003810b067b19
0000038152ebd719
00000381b513e6f9
00000381f618ce79
00000381f8768799
00000382248e0ad9
000003825ce2fa59
00000382826f19f9
000003831a361299
00000383a9dd48f9
00000383bd2fa3b9
000003840b74bfd9
00000384cb1a0339
00000384cd791ad9
00000384ee63c7b9
000003850159a5b9
0000038521500799
000003855acf63f9
000003855acf6479
0000070adea78661
0000000001f72671
0000000000000181
00000385715bf3d9
00000385a73f6ab9
00000385d8dbc8d9
00000386716ce879
00000386b59ca0f9
000003871abc5a59
00000387376fb3b9
000003875aa1be39
0000038762273ef9
00000387fb1f8cf9
0000038822214ab9
000003886eef9159
00000388841808f9
00000388a4c33939
00000388b9fac119
000003893494caf9
000003893ec4a259
0000038960dfc1f9
0000038a0b1af159
0000038a0dffa839
0000038a8f17b419
0000038ae744fe19
0000038b1e193c99
0000038b3c6224b9
0000038c023d6d79
0000038d819278f9
0000038d87550b99
0000038d9b1c84d9
0000038e1349c3d9
0000038e24a07a19
0000038e38cd8e39
0000038e66580059
0000038eb676e739
0000071d7f125f61
0000000001f72671
0000000000000181
0000038f2b665b99
000003902d27e0b9
000003902d28a399
000003903409fc59
0000039047da17d9
00000390492a2539
00000390c1416839
00000390cd5c3559
00000390d704ed39
000003911328aab9
0000039121617659
0000039127f8bc99
00000391df205c59
000003926d1843b9
0000039286816799
000003928bffff79
000003928c0fbc59
000003928c0fd6d9
00000392b149b1f9
00000392dcf6cc39
0000039317aee339
0000039328a7c419
000003935d298079
00000393baeab2f9
00000393dc0f7179
00000393f0fe2179
00000393fe6c29f9
000003941a11fef9
000003941a120399
0000039467d76b99
000003949cccff79
00000394b537d3f9
000003954621acd9
00000395fbde8979
000003960cc81179
00000396a70bb0d9
00000396bd4cdd59
00000396bd4cf899
00000397a9ed7379
000007301f7d3961
0000000001f72671
0000000000000181
000003981445fed9
000003985d1623f9
00000398662dc319
0000039883f85799
0000039893e912f9
00000399cebb6859
00000399cebb7e19
0000039a40098439
0000039a95196819
0000039ab80656f9
0000039abc8601b9
0000039ae64bba19
0000039aed9df559
0000039b3a284d39
0000039b50c140b9
0000039bbe3eba59
0000039bf9c52cd9
0000039c0c385899
0000039c0c3872f9
0000039c1c2cbd19
0000039c1c2cbdb9
0000039c1c2cc499
0000039c3dba8099
0000039c4a4201b9
0000039c8e0bd6d9
0000039ccbc0e079
0000039d4c5b4e39
0000039d4c5b72d9
0000039dc455dbf9
0000039df86ae719
0000039e303fab59
0000039e52afa979
0000039e8db47b99
0000039e8db4fad9
0000039e94092ab9
0000039e9ee351b9
0000039ec3b56799
0000039ece9b0f99
0000039fe7aa6e99
000003a0538d9159
000003a06ad85b19
000003a07afa8b19
000003a0bb602c99
000003a0bb602d19
000003a1407cbff9
00000742bfe81261
0000000001f72671
0000000000000181
000003a252e74619
000003a2548b7b39
000003a28717a939
000003a2d3864a39
000003a2fd726959
000003a33261b679
000003a339f65b19
000003a38bd92999
000003a3f073a099
000003a427c71739
000003a42ed20419
000003a4e745d539
000003a502501f39
000003a53b585359
000003a5448065f9
000003a5d03df059
000003a60ee3e9f9
000003a69b094b59
000003a6b0da9d99
000003a6c8edbb79
000003a7347a09b9
000003a75871f899
000003a7a78cd959
000003a813eb4599
000003a82a6fe2f9
000003a82a6fe379
000003a91825d079
000003a91f829c39
000003a99c510cd9
000003a9b1de57d9
000003aa01fdbb99
000007556052ec61
0000000001f72671
0000000000000181
000003aaf2274a39
000003aafb6d2859
000003aaffdff699
000003ab189a77f9
000003ab6504a2d9
000003ab9474de79
000003abbaf536f9
000003abd6e06159
000003abe2fdf1f9
000003abf6579279
000003abf91a0299
000003ac0552d8d9
000003ac65e3bd39
000003acd683e979
000003ad021909b9
000003ad12a867d9
000003ada5525299
000003ae1d3fc1b9
000003ae390370b9
000003ae390380d9
000003ae48344cf9
000003af35aa7c99
000003af50a0f899
000003af7f4a6ef9
000003afb2a117f9
000003afc6545d99
000003afc6545e19
000003b077f0c819
000003b0c52c1419
000003b0c52c4159
000003b15d4d3039
000003b16944ff79
000003b1e05718b9
000003b1f9c8fc99
000003b1fdb08a39
000003b2201839b9
000003b24da3d519
000003b2525d6539
000003b2c0c53d99
000003b2d2b85359
000003b311f65eb9
000003b31e0bf619
000003b3491b5d39
000003b378554999
000003b3b22b09f9
000003b3f48221d9
0000076800bdc561
0000000001f72671
0000000000000181
000003b404cf8079
000003b414c492d9
000003b47c39e939
000003b47f18df99
000003b4de7c96d9
000003b52fcd5119
000003b54ed1d739
000003b6028da4d9
000003b605021079
000003b63465f0b9
000003b65860cdd9
000003b66d7ac4b9
000003b6d0f55ed9
000003b72643f199
000003b7500bfd39
000003b77e2391b9
000003b7a89b4e99
000003b7abd7bff9
000003b871c441d9
000003b8d0783379
000003b8fdf451d9
000003b90abb1179
000003b96e8f3919
000003b97b7e83d9
000003b9cec3f3f9
000003b9eab435f9
000003ba02033b79
000003ba90c4d859
000003bac61a3ef9
000003bac61a3f79
000003bae7067b59
000003bb1fe0ae99
000003bb1fe0d0b9
000003bb20917d19
000003bb2443ac99
000003bb27fc5a99
000003bb4584f579
000003bbf9b65bb9
000003bc07703df9
000003bc10fdbeb9
000003bc68329259
000003bca2e5cfd9
0000077aa1289f61
0000000001f72671
0000000000000181
000003bda33784b9
000003bdd93ff679
000003bdfdbb2679
000003be269addf9
000003be269ade79
000003be346209f9
000003bed2040ab9
000003bef4110899
000003bf106c3cb9
000003bf1502c419
000003bfba4a3359
000003c03e64dbf9
000003c07ca0a319
000003c0f96a9259
000003c173b75619
000003c173b75699
000003c1b8bd8439
000003c1e54f2619
000003c1e54f2699
000003c1efd83359
000003c226c78519
000003c2a3846779
000003c33b457b39
000003c36bb9dc39
000003c41084e279
000003c43f62a139
000003c4cae3f339
000003c4ccb85319
000003c4cdc539d9
000003c4e53beaf9
000003c5250d4cd9
000003c5250d4d59
000003c5250d4d99
000003c5597cb999
000003c5982b49b9
000003c5ccd18cb9
000003c5cda85a59
000003c5eceb4459
000003c5efb8beb9
0000078d41937861
0000000001f72671
0000000000000181
000003c6c2e146b9
000003c6f93b5399
000003c6f93b63d9
000003c71b4d9439
000003c723501419
000003c79759c9b9
000003c7b1610a39
000003c7b1610c19
000003c7dac07b59
000003c85dba0f79
000003c891921bd9
000003c8d4bc6119
000003c8eb792979
000003c9b751f859
000003ca80dc2519
000003ca8fa90339
000003cae9588cd9
000003caec871379
000003caff0d4d59
000003cb73c19279
000003cb7c5274f9
000003cba2ef4e99
000003cba2ef4f19
000003cba2ef4fb9
000003cbe0624d19
000003cc5c0307b9
000003cd4c8bcb39
000003cd610d1c99
000003cd67e3d939
000003cd77ee2159
000003cdce501bb9
000003ce04c42899
000003ce36c1e8d9
000003ce57a88519
000003ce64dbdfb9
000003cee9943a79
000003cf8114fc59
000003cf9de83f39
0000079fe1fe5261
0000000001f72671
0000000000000181
000003cffdbd80b9
000003d031b662d9
000003d0583d7a79
000003d0f292c579
000003d0f292c5f9
000003d11dd393f9
000003d21c27e7d9
000003d2424bb819
000003d29475baf9
000003d29b3ecdd9
000003d2b9d624d9
000003d2cedf1119
000003d321e916b9
000003d356147a99
000003d364de9c19
000003d3a581c179
000003d3d6a1eb39
000003d3fae79219
000003d4028531f9
000003d4028535b9
000003d426b46af9
000003d426b4d059
000003d43a760859
000003d48fa36959
000003d4af437c99
000003d4bc748a19
000003d4e47abc79
000003d4f285c9d9
000003d522cd0319
000003d522ee9959
000003d5553faa59
000003d560cb8e59
000003d587ebfb79
000003d58c7bb6d9
000003d5d42f0e99
000003d5fd1c83d9
000003d6150b2f99
000003d6228b7a99
000003d6228b8ff9
000003d62f33f579
000003d6abf116f9
000003d6c0755939
000003d6df0347f9
000003d6dfcdacb9
000003d6e8148e19
000003d709bf6959
000003d76684c4f9
000003d8cab15ff9
000007b282692b61
0000000001f72671
0000000000000181
000003da290abfb9
000003da57c79219
000003da991ebbd9
000003daef3077d9
000003dba1a74479
000003dbb18676d9
000003dbead22199
000003dc12c19179
000003dc1e8e1179
000003dc1e8e2999
000003dc70100239
000003dcaa068bf9
000003dcfbd8b4f9
000003dd5ee3a259
000003dd5ee3b7b9
000003dd76e8ee79
000003dd87f69099
000003dd99f3fb79
000003ddebd2f1b9
000003ddfe7f51f9
000003de01428e19
000003de367dd7d9
000003de56c0c159
000003de69054279
000003de690557b9
000003de70c90dd9
000003deb2d2aef9
000003df052e05b9
000003df3d5a3499
000003df5f00da19
000003df7ebf7bf9
000003df92900719
000003dfec34d7d9
000003e00a5d55d9
000003e012df3ed9
000003e015369f79
000003e0b6644a59
000003e0b931d859
000003e0cefef499
000003e1174d5819
000003e17c76a1f9
000003e1a589e4d9
000003e1a589e579
000003e1a58a0059
000003e1fd126439
000003e2400bc539
000003e242593a99
000007c522d40561
0000000001f72671
0000000000000181
000003e30c8ac259
000003e32273dbf9
000003e37e35e3f9
000003e38de2c519
000003e4b9153759
000003e4b9155339
000003e503263bd9
000003e51a895d59
000003e55fa10dd9
000003e621e257b9
000003e621e25839
000003e621e25999
000003e621e25879
000003e627bc6dd9
000003e6391da859
000003e6849fba79
000003e6ad064999
000003e6e9008099
000003e7106c58d9
000003e7297e35d9
000003e72fede9f9
000003e738d5d739
000003e7716ebf79
000003e7730455b9
000003e7b0e58019
000003e7c2d877f9
000003e84165d839
000003e84679de99
000003e89a0cd159
000003e93c1dcff9
000003e9684236d9
000003e9a1926a19
000003e9b77160d9
000003ea66b9c639
000003ea66b9da59
000003ea7d73f639
000003ea90da00d9
000003eaad51ed39
000003eac8fdc539
000003eaf00fff59
000003eb0ff8ea59
000003eb0ff8fcd9
000003eb1aa44059
000003eb4692e4b9
000003ebd10d5679
000007d7c33edf61
0000000001f72671
0000000000000181
000003ec0e7ce0b9
000003ec20d9a7b9
000003ec20d9a859
000003ec3b67f1f9
000003ec66789759
000003ecbb24f5b9
000003ece495d2b9
000003ecf27297b9
000003ecf272ad99
000003ecf272bfb9
000003ed745d9139
000003ed7faad4b9
000003ede60ebdd9
000003edf0fac279
000003ee0048a299
000003ee5eef7779
000003ee796abf39
000003ee7b299379
000003eea6682139
000003eec9b7d379
000003eec9b7e399
000003eec9b7e919
000003eef02e8099
000003ef0abb6bf9
000003ef7dd1bdd9
000003efa1ce3399
000003efa1ce4af9
000003efdbd3ecb9
000003efea0e9419
000003f017e8b299
000003f04a5de939
000003f084f20b79
000003f0866e2ed9
000003f0b06465b9
000003f0b0647c39
000003f0ec1b8d19
000003f1a4669d59
000003f1e7da1079
000003f28d8fb819
000003f3de470a39
000003f4471b6879
000003f478654519
000003f47b01c0d9
000003f4bb857e99
000003f4e02d1bd9
000003f4f8a5cb39
000003f4f8a5ce79
000003f5180b0d59
000007ea63a9b861
0000000001f72671
0000000000000181
000003f546815939
000003f5856114f9
000003f5ecc01759
000003f61ace4db9
000003f631077719
000003f65d765d39
000003f693472939
000003f70d4d0f39
000003f750fd0ab9
000003f766c7bfb9
000003f766c7c139
000003f77bc1b039
000003f7863a5119
000003f7e8ac3ef9
000003f808ac4f99
000003f8126763f9
000003f8278f93f9
000003f83c4b98f9
000003f84df413b9
000003f886914db9
000003f886914f99
000003f8979beb99
000003f8c0097e99
000003f8c426f319
000003f91e85c0d9
000003f91e85c159
000003f91e85c199
000003f91e85c839
000003f96b4583b9
000003f96f414279
000003f97548fe59
000003fa28efe739
000003fa28f05af9
000003fa9c7e1319
000003faf58c7df9
000003fc0e589e19
000003fc415699d9
000003fc59959339
000003fc63c4ac99
000003fccaf20279
000003fcf02902d9
000003fd045889b9
000003fd82473cb9
000003fdc804e179
000003fde52b8bf9
000003fdf7ea1339
000003fe03cc6f19
000003fe3519e3f9
000003fe5f553039
000007fd04149261
0000000001f72671
0000000000000181
000003ff07d65699
000003ff19839bb9
000003ff19839c39
000003ff19839db9
000003ff1983abd9
000003ff34cf5ef9
000003ff6ffb5b19
000003ff8ed2f199
000003ffe53419d9
000004000a0cadd9
000004001289ca79
0000040020e2f5f9
0000040037dd9bf9
0000040042026e59
000004004447a619
000004004447b739
0000040064d96b79
00000400c30e4079
0000040135a774d9
000004015ba84f19
000004019b8f2b39
000004019f8555b9
00000401a3415739
000004023fe10099
000004026f6e8039
000004026f6e9179
00000402aaeb2919
00000402bfda6b59
00000402ccbb4a19
00000402f421a8d9
00000403329ec6f9
00000403347804b9
00000403426d0039
000004035f22d8f9
00000403a28b7659
00000403a28b76d9
00000403a28b7719
00000403a28b7db9
00000403e2b0b0f9
0000040412661d99
00000404efa92eb9
000004050e91ea39
0000040524dc5d59
000004058cf29979
00000405b5620279
00000405bf087f99
00000405ce579139
00000406a57c0ef9
00000406b4597cb9
00000406b4597d59
00000406b4598419
00000406bcfbe059
00000406c5a6ef99
00000406c80b33b9
000004072df07399
0000080fa47f6c61
0000000001f72671
0000000000000181
00000407f60520f9
00000408ec5d4559
000004091127b159
000004094e67fab9
0000040967c0d5d9
0000040971810799
0000040989529ed9
00000409f48c1199
0000040a9a7b66b9
0000040ab43afa39
0000040b349b1b59
0000040be34e4b19
0000040c1e277079
0000040c7b2753b9
0000040cc2aca919
0000040cc610d5f9
0000040cd328c719
0000040d13b5ea19
0000040d1747fdf9
0000040d9656e359
0000040da2ff3f19
0000040e08da4139
0000040e18806759
0000040e338980d9
0000040eda6fae19
0000040f5137b719
0000040fe45d1919
0000040fee9cbfd9
0000041008d13b59
000004100a533699
000004102efbc499
000004104c600939
0000041062687b19
00000410fbdc49f9
000004111a7186f9
000004112147bd99
0000082244ea4561
0000000001f72671
0000000000000181
00000411cb82a1d9
0000041226a68cd9
0000041248fe0b59
00000412d0a38039
0000041338be1919
000004134ff499b9
00000413a5d268b9
00000413a5d2caf9
00000413a83d8259
0000041464e11779
00000414908e4bb9
00000414908e5e99
0000041493b3b4f9
000004149460f6f9
00000414b22f9919
00000415104cf4d9
000004154d142419
00000415991aa039
00000415a49a7499
00000415abd81af9
00000415ecec7999
00000415eed5bfd9
00000415f2140519
000004164b69f239
0000041662b29219
00000416e3ae2999
000004178d0f9f79
00000417957f9999
0000041802da5179
000004180f88ec59
0000041829bf3f79
00000418335c4bf9
000004188a4138d9
000004188e6a13d9
00000418b6e8a999
000004194a8d5279
00000419677a9079
00000419913d39b9
0000041a2c04bdb9
0000041a3101c4b9
0000041a67a31eb9
00000834e5551f61
0000000001f72671
0000000000000181
0000041aa87a6f39
0000041b8a40ed99
0000041bb31beab9
0000041bbfce2a19
0000041bd43401d9
0000041ce50beb59
0000041cfd134039
0000041d2f021739
0000041d83844139
0000041d92e0f3d9
0000041df50cc519
0000041e3e158bb9
0000041e55cf8bf9
0000041e55cfbc39
0000041e597ae1b9
0000041ea0757f59
0000041f05c0a639
0000041f063724d9
0000041f3210a8d9
0000041f8c51a839
0000041fe2bb6b59
0000041ffff85c79
000004203312e8b9
00000420c18f1d19
00000420ebc94b79
00000421229191b9
00000421278b0939
000004217730a919
00000421841ba4b9
00000421841ba559
00000421841ba579
00000421841bac19
00000421e4a6d4b9
00000421e4a6f439
00000421ee0ac619
0000042265f44359
00000422b90c9759
0000084785bff961
0000000001f72671
0000000000000181
00000423cad5e719
00000424359a02b9
0000042469a2e579
0000042469a2e639
000004246aedc559
00000424aebbad39
00000424f620d019
00000424f66d9199
00000424f66dad59
00000425359256d9
00000425ed19d9b9
0000042619120c19
00000426a9ca8f39
000004274509c519
0000042766b62459
0000042774dd1ff9
0000042774dd2079
0000042774dd2759
0000042774dd8d79
000004279dbb07b9
00000427c4e1fd59
0000042876649f79
000004288b6f8639
00000428dbcff359
00000428dbd00799
00000428e9fb23f9
0000042903f979b9
0000042903f97a19
00000429a9fbcf39
00000429c3e0ed59
0000042a63f16e99
0000042b4f8b41f9
0000042c01b2e9d9
0000042c58411339
0000042c59efe479
0000042c6aacea79
0000042c6aaebc99
0000042c78db1899
0000042c7aad88b9
0000042cd14406d9
0000042ce7509f59
0000042cea470c19
0000042d071044f9
0000042d11de7939
0000085a262ad261
0000000001f72671
0000000000000181
0000042d32c36c59
0000042d61e9bd99
0000042d9a382f59
0000042dccef03d9
0000042de14011f9
0000042e0bc054b9
0000042e30861b59
0000042e34ecf6f9
0000042e48a77cf9
0000042e62d096f9
0000042ee7059799
0000042f111044f9
0000042f848d41f9
0000042f89ad23d9
0000042fff262a79
0000043070b6ab39
000004308d4236f9
00000430940aba19
000004310f826ef9
000004310ff21c79
000004311b663dd9
000004314fc1f0d9
000004315f334959
000004318b8b2499
0000043191359e79
00000431ae063c99
00000431afc0d339
00000431f31f7a59
0000043214863a39
0000043222230879
00000432766a3099
000004327f3f1ff9
00000432aa0b5bb9
00000432aa0b6ad9
00000432ce481839
0000043315f5beb9
0000043332764019
000004334dab0599
0000043363a08d79
000004336511f359
0000043392b51519
000004340b448679
00000434322988d9
00000434a337d1d9
00000434be2026b9
000004352b3207d9
000004352dcf0dd9
000004354185c739
00000435a2951c59
00000435a2952bb9
00000435b0643e19
0000043612cf69d9
0000086cc695ac61
0000000001f72671
0000000000000181
000004368809da39
000004368d7539d9
00000436cd49b139
00000436cd49b3f9
00000436f1c5ee99
00000436f1c601f9
0000043701f16e19
000004371185b8d9
0000043735df9199
0000043737d9c239
0000043737d9d7b9
00000437db5b03b9
00000438af277739
00000438c5789079
00000438ca3b6ed9
00000438f80443d9
0000043961dd9e59
000004397b2fffb9
00000439e181e899
00000439f7321ab9
0000043a1d952039
0000043a1d9520b9
0000043a73390c79
0000043a8b84bb59
0000043b3a47e7d9
0000043bdd203e59
0000043c30deb3d9
0000043c36beee79
0000043c4d65c2b9
0000043c54681cd9
0000043cd067d5b9
0000043d2b418bb9
0000043d662339b9
0000043d9a7e93d9
0000043e449b7159
0000043e540ac799
0000043e76a734d9
0000043e85282b99
0000043e854f4799
0000043ef40e6af9
0000043f3148f6d9
0000043f51342b19
0000043f5f632079
0000043f9f442999
0000087f67008661
0000000001f72671
0000000000000181
00000440abb0ee79
00000440fc386a59
000004423d3a1159
000004427b837859
0000044390fccf39
00000443f4fe6179
0000044405e48e59
000004445d3c23b9
0000044503ab0339
00000445353eacd9
000004457bd1a299
00000445856713b9
00000445feb1ac79
00000445fef396f9
00000446495faad9
0000044652007039
00000446544c05f9
0000044684e04fb9
000004470e51dfd9
000004470e51fc79
0000044716ca9b19
0000044729907b59
000004475054b719
0000044761359719
000004476135a659
0000044767b1c559
0000044786b67ef9
00000892076b6061
0000000001f72671
0000000000000181
000004490eab5b99
000004493b6dcc99
000004493b6e1d79
00000449730c36f9
00000449a75f5899
00000449afe682f9
00000449afe689f9
00000449f0209779
0000044a2c74bb39
0000044a672753f9
0000044a6bded7d9
0000044a74436679
0000044ace1d0ed9
0000044ae65ca319
0000044b0b344719
0000044b0b344799
0000044b0b3447d9
0000044b0b344e79
0000044b360778d9
0000044b40cd3239
0000044bf086e239
0000044bf086e459
0000044c17665f39
0000044c33db19f9
0000044c572bb919
0000044c79f52739
0000044ce8b22339
0000044d2e855df9
0000044da3146779
0000044e810376b9
0000044eab36c259
0000044ecb1b1899
0000044ed6d8c0f9
0000044efd20cff9
0000044f0138c439
0000044f0c0124f9
0000044f6f3eb199
000004502c7c8779
0000045038a39879
00000451459c2279
0000045147484bf9
00000451600e5539
000004518be97d59
00000451ccd93319
0000045201dcc0f9
000004524d65b8b9
000008a4a7d63a61
0000000001f72671
0000000000000181
00000452745cb379
00000453403afa99
00000453b67ba939
00000453d1711a59
000004541f582019
000004543b704619
000004544ebda4f9
00000454638554b9
0000045511cc0cb9
000004554f98f699
000004555cab5b19
00000455697104b9
000004557e8676d9
00000455e10cac79
00000456128df279
000004576a7dbb59
0000045772f4bcb9
000004578269f9d9
00000457a5730359
00000457fc2e2cd9
0000045851884b59
000004585611ab99
0000045862340f99
0000045862342519
0000045882deb2b9
000004589e854bf9
00000458a72b7df9
00000458d6af0479
00000458e61f4a99
00000459428e0099
00000459450064f9
000004597113fe99
00000459711416b9
00000459862bb8b9
0000045a3f4b5d79
0000045a4c30afd9
0000045a859a6bf9
0000045a99608939
0000045ad4fee2d9
0000045b107eecd9
0000045b51b3c959
0000045b6ccf4879
0000045b8bd20639
000008b748411361
0000000001f72671
0000000000000181
0000045bb4ee92d9
0000045bca3e8d99
0000045beedd4679
0000045bf863b9f9
0000045c1249b259
0000045c398521f9
0000045c39852279
0000045c73ec84f9
0000045c8a1d1ad9
0000045d5a5a0819
0000045d9a4cec99
0000045d9a4d0339
0000045dc4709d39
0000045dd3247019
0000045e37aa1bf9
0000045e4fde5119
0000045e6988c939
0000045e8322ea59
0000045ed6a97919
0000045efba2d6f9
0000045f433951b9
0000045f97b33ad9
0000045fb1ab81f9
0000045fba461e39
0000045fe7528339
000004602059a0d9
000004602059ac79
00000460380e4059
00000460380e40d9
000004606d0e58b9
000004606ff7c379
000004608d22a659
00000460bbeb4439
00000460dd3edf79
00000460fd2f7099
0000046158b5b819
00000461672b2ad9
00000462015042b9
00000462107a01d9
000004624f790219
0000046277e6eab9
00000462a44917b9
000004631598c8f9
000004637c1f6199
000004637c1f7499
000004638e14a3d9
000004638e14b959
00000463aab66639
00000463b48524b9
000004640d4eecf9
0000046428f38a19
0000046428f39e19
00000464cec44319
000008c9e8abed61
0000000001f72671
0000000000000181
000004650c98dff9
000004650c98f859
0000046548ae6e79
00000465555e0179
000004655f3fd079
000004663d01c579
000004665318a799
0000046687b4e6b9
0000046759043f59
00000467605fdd99
00000467fa5ab959
00000468354a11d9
00000468921fa959
00000468b5765119
00000468c5dc33d9
00000468d17f44b9
000004697a537d79
00000469ac64cf19
00000469f0357619
00000469f25fe099
0000046a06192fd9
0000046a31edcc19
0000046ac8df7759
0000046aea249719
0000046aea9c4a39
0000046b5bc59a19
0000046b61950f59
0000046bd98c9dd9
0000046be0b39b39
0000046bf7544539
0000046c515c1139
0000046c96784b79
0000046cb27451f9
0000046d086ae879
0000046d48ef6c19
0000046dcc4f8499
0000046dd9b3b379
0000046def6bc059
0000046dfbb06e99
0000046dfbb0d219
0000046dfbb0f4d9
0000046e04b0e8b9
0000046e33285e19
000008dc8916c761
0000000001f72671
0000000000000181
0000046e7cf68459
0000046ee6779959
0000046ef283b7b9
0000046f1350c2d9
0000046fc625f319
0000047002b11199
000004703dfcb839
000004708a10a9d9
0000047109074ef9
00000471bbcd7c19
000004726ccad599
000004728ffac8d9
000004729bc52719
000004729bc527b9
000004729bc527f9
000004729bc52e99
000004729bc543f9
00000472bc738799
00000472d8eb85d9
00000472fd12b299
00000472fd12b319
00000472fd608059
000004730bc28cb9
0000047311f29539
00000473608a6739
000004741c326c59
000004746222a6d9
000004747f993cf9
00000474ddea5e19
00000474f2667059
000004751fbd2a99
000004754b01db19
0000047566905eb9
00000475696d98d9
00000475ab178519
00000475b774ab99
00000475b94ee7b9
00000475c0c76399
00000475c6572119
00000476a42551b9
00000476c4b67759
00000476d0da2ff9
00000476f21b9899
000008ef2981a161
0000000001f72671
0000000000000181
00000477df685e39
000004780403afd9
00000478668a8d39
00000478668aa0b9
00000478668aa159
000004789cfdf7d9
0000047919046a79
000004794ff0df19
000004796595f279
00000479bdf00399
00000479db48ef59
00000479dce5eef9
0000047a5cc1b1b9
0000047a96331059
0000047ab2f55779
0000047b3ab6c1b9
0000047b3ab6d479
0000047b6acb2fd9
0000047b78d75e99
0000047b78d75f39
0000047b78d765f9
0000047c39b52c39
0000047c71252719
0000047c8f18cd19
0000047ccb047199
0000047d4f143c59
0000047d4f1466b9
0000047d63d70e59
0000047d66cfd2f9
0000047da9308539
0000047dbac4c3b9
0000047de6aac799
0000047e302773f9
0000047eb50bc2f9
0000047edf0c73b9
0000047ee6048219
0000047f06b42cd9
0000047f06b42d59
0000047f64cb1d79
0000047f7476b019
000004803fb0ed99
00000480a09b7bf9
00000480a4eb8759
00000480a4eb87d9
00000480b6064419
00000480b6bb3c59
00000480b8716979
00000480b8719659
00000480dd041b99
00000901c9ec7b61
0000000001f72671
0000000000000181
00000480f0523f39
00000481311c3179
00000481c04aa439
0000048210ba2159
000004822f269799
000004827dd3c1b9
000004827dd3d419
00000482d80bd899
0000048317c31f79
00000483542e87f9
00000483ed2b0f19
000004840c80c9d9
000004841b52eed9
000004841b5303d9
0000048420084ad9
0000048421d016f9
00000484509df219
00000484a308e039
00000484ca9d2639
00000484dbf40a39
000004853332a699
0000048556130759
00000485561307f9
00000485b5d8ea59
00000485d9e542f9
0000048625d4aab9
0000048630848779
00000486308d00b9
00000486c1760cb9
00000486d0546ab9
00000486fe142899
0000048769700719
00000487697020f9
0000048812f285f9
0000048816712939
000004883e5b88d9
000004884d920439
000004891fc2d799
000004899897ea99
00000489a27e9839
00000489f7306a99
0000048a1d0498f9
0000048a1d049979
0000048a1d04a059
0000048a1d04a8d9
000009146a575561
0000000001f72671
0000000000000181
0000048aff32f939
0000048aff32f9d9
0000048aff330099
0000048aff330bd9
0000048b2e41a679
0000048b4a13fcf9
0000048b4d0b5bd9
0000048b511efbd9
0000048b77626739
0000048bed152ab9
0000048bffa76039
0000048bffa7d359
0000048c06f12439
0000048c06f13539
0000048c38a3d2b9
0000048c65062459
0000048c6dd05499
0000048cbf268ab9
0000048cc1b18799
0000048ce8194939
0000048cfff47779
0000048d4c465eb9
0000048d7d7fa6f9
0000048e3206be39
0000048e36579799
0000048eb713faf9
0000048ec26a0739
0000048f5c21def9
0000048f8e47cbb9
0000048fbc210579
0000048fe13dcd39
000004900b389339
00000490122bbe19
00000490122bbe79
00000490e9abddb9
00000490ee9feed9
000004913a6c4b19
000004913d414b79
0000049146429879
00000491ae7ce0d9
00000491b17e2759
00000491c818d5b9
00000491e1bead39
000004933417de99
000004933417ec39
000004933417f159
0000049379131ab9
000009270ac22f61
0000000001f72671
0000000000000181
00000493bde44699
00000493e3514c79
00000493e3519d79
00000494fb8d30d9
000004953f7cd2d9
000004954750dd39
00000495531df5d9
000004958ed50039
0000049656045cf9
0000049686a9e259
000004968d4ec479
0000049696050879
00000496a91524b9
00000496d3efb139
0000049719db0f59
0000049719db23b9
00000497b7d1d8b9
000004980a396c59
000004987a9ade59
000004989e5d6699
00000499212d7f99
000004993262bcb9
000004993833f4b9
00000499c2528d59
0000049a5e02b759
0000049ab17409d9
0000049abf64be99
0000049ac00f5219
0000049ac00f5299
0000049acbe0d639
0000049bbeaa69b9
0000049bd4ad8979
0000049bf6dd3c79
0000049bf785a8b9
0000049c2ddc5d59
0000049c31343879
0000049c627399f9
0000049c7789d559
0000049c7789f299
0000049cd2685779
00000939ab2d0961
0000000001f72671
0000000000000181
0000049cfaa818d9
0000049d93816b59
0000049e95cba659
0000049ea608f479
0000049f08efef79
0000049fc9cf0e99
0000049fe7b7c059
000004a0bd812ff9
000004a0f8ca4119
000004a1069434f9
000004a1144bb279
000004a1260c8139
000004a16b8369d9
000004a1c94d20d9
000004a1f8850319
000004a235bd6df9
000004a235bd7559
000004a28f0f6cf9
000004a29f4918f9
000004a29f492119
000004a29f495c19
000004a2c8a90039
000004a2ca1160d9
000004a2db4627d9
000004a2e4b39639
000004a38816e5d9
000004a3a93aa2d9
000004a3a964e539
000004a3a96553b9
000004a3c1696339
000004a429525859
000004a433441639
000004a4f95a1dd9
000004a5d8ab5bd9
000004a5e56385f9
0000094c4b97e361
0000000001f72671
0000000000000181
000004a66e7952b9
000004a67e5d2ab9
000004a67f34ebf9
000004a6801f3cd9
000004a6c6b16db9
000004a7551ae559
000004a7564e0cb9
000004a791b67799
000004a7aadd4db9
000004a7aadd4e39
000004a7aadd4fb9
000004a85b61a2d9
000004a8fdf259b9
000004a9047b8e99
000004a91b9d3579
000004a93a6f6e59
000004a956ba2bd9
000004a9ca23e479
000004aaa8558c39
000004aadfeff259
000004ab0561be59
000004ab34c507b9
000004abe118b359
000004ac47209339
000004acbf9f7ed9
000004acbf9f80b9
000004acda0f4479
000004ad043a35d9
000004ad3982b5f9
000004ad64264699
000004addad92b79
000004ae56caecb9
000004aead0decf9
000004aeb9840459
000004aebf706e59
000004af66e8fb39
000004af6b8c4419
0000095eec02bd61
0000000001f72671
0000000000000181
000004afbb7c7239
000004afdebdbcb9
000004b05a1d3b99
000004b099d1ecf9
000004b0f53ea219
000004b1164f2599
000004b16ab5abb9
000004b1ebde2ff9
000004b24379ebf9
000004b2815bff59
000004b2e5df9879
000004b3bb01b099
000004b3bbf212b9
000004b3be53f2b9
000004b3c85df499
000004b3d9599839
000004b3ec090739
000004b3f4194419
000004b42f152419
000004b4317fcad9
000004b4862f8499
000004b487b22659
000004b487dbd699
000004b4aff37059
000004b4aff370d9
000004b4b0404b79
000004b5857e6419
000004b5857e6499
000004b5857e65f9
000004b5857e64d9
000004b5857e6b59
000004b5f88ddfb9
000004b5fd266a99
000004b619028899
000004b67485fe99
000004b6c2453fb9
000004b6dabae4f9
000004b6de32ffb9
000004b7304b7679
000004b74ce09f99
000004b74f48b6f9
000004b7a4704a59
000004b8146ef399
000004b84244c179
000004b89b5128f9
000004b8b7eb1f59
000009718c6d9761
0000000001f72671
0000000000000181
000004b9377f6c39
000004b963f26f59
000004b9d83fe539
000004b9da673439
000004ba06664439
000004ba5ee968d9
000004ba5f1f68b9
000004ba872c2719
000004bab9ccad59
000004bac20af859
000004bc2cf641b9
000004bc2fb8fb59
000004bc81a37fb9
000004bc9126bd19
000004bd02dfb759
000004bd15d672b9
000004bd2b14ef99
000004bd63fdd999
000004bda41a8699
000004bda41a9939
000004be1ad1f379
000004be1decccb9
000004be3e81add9
000004be680a9639
000004bea88b3f99
000004beb91c7a79
000004becda10b99
000004bed0d94d99
000004bed295b9b9
000004befbee8339
000004bf055bdbb9
000004bf12212f79
000004bf28a295f9
000004bf3681bc79
000004bf5c5c1379
000004bfca048539
000004c065e6e519
000004c07fb3b3b9
000004c08e617799
000004c0973c3f99
000004c0d083afb9
000004c0e6f85e19
000004c0f07eab19
000004c116e35119
000004c1427a9cb9
000004c15e996df9
000004c166dc2d19
000004c18a0b5399
000004c199a30fd9
000004c1aecc1fd9
000004c1aecc4499
000004c1f4a7de99
000009842cd87161
0000000001f72671
0000000000000181
000004c23d1990b9
000004c259e090d9
000004c2981e45d9
000004c35295d559
000004c3a8754379
000004c3a87557f9
000004c3aa7ed5d9
000004c3b6bbb3f9
000004c401490459
000004c453039619
000004c453039699
000004c47873caf9
000004c4ac0a7299
000004c53ff75099
000004c553907c19
000004c593427559
000004c5dc17abf9
000004c5ec0ac3b9
000004c60f7be599
000004c63490a159
000004c6b9d9f899
000004c6eadb5019
000004c732bb6579
000004c85ca68419
000004c862935fd9
000004c87c6e54f9
000004c8b2b294b9
000004c8c33166d9
000004c8e06e07f9
000004c9174b4c79
000004c92779ad59
000004c9b6111139
000004c9dbc66bb9
000004ca70cbe859
000004ca750226b9
000004cab68da5d9
000004cace304259
000004cace30a079
000004cae631d5b9
000004caf1704f79
000004cb1d0fe619
000004cb22a33c79
00000996cd434b61
0000000001f72671
0000000000000181
000004cb7bc540f9
000004cb8eec09f9
000004cb97925839
000004cb98bacd59
000004cba8ba0999
000004cbb23099b9
000004cc2848a3f9
000004cc7027b559
000004cc8d63a5d9
000004cca6925339
000004ccd925e839
000004ccea689519
000004ccf5f36059
000004cd28629319
000004cd371e96f9
000004cd72d151b9
000004cdb27e0859
000004cdb27e08d9
000004ce8d19dc79
000004ce9199f219
000004ce9199f299
000004cecc860dd9
000004ced0ffa519
000004cf34e8a799
000004cf8f52aed9
000004cf96c6e279
000004cf9c92aff9
000004cf9c92d7f9
000004cf9c92e8b9
000004cfadc0f119
000004cfbe6d1af9
000004cff7c03579
000004cff7c035f9
000004cff7c05439
000004d06dc01c99
000004d0d4c8ce19
000004d0d4c8cfb9
000004d150778359
000004d1f59f06d9
000004d2e87134f9
000004d31d588c79
000004d3df452b59
000004d3e20bf2d9
000004d3fee71bf9
000004d415626319
000004d46e5f8319
000004d4b0ee9379
000004d4b3365979
000004d4b3365a19
000004d4b3365a59
000004d4b33660d9
000009a96dae2561
0000000001f72671
0000000000000181
000004d4f25984f9
000004d4fb107b79
000004d53dc21079
000004d569345879
000004d59f519e99
000004d5a4ee3099
000004d5d4c30d99
000004d5fe654699
000004d5ff8bb679
000004d601dc0cf9
000004d640533f79
000004d6ede4c159
000004d70ad3d519
000004d71cfc6679
000004d72dff4b19
000004d72f0800f9
000004d78916f879
000004d7fb9322f9
000004d81eac23d9
000004d846715599
000004d887ddf379
000004d89ddd3c79
000004d95f334299
000004d98284bd19
000004d98bd2df79
000004d98c5a76f9
000004da10927659
000004da4fd5aed9
000004da5b629bb9
000004da6e86e0d9
000004da6e86f879
000004da6e86f9d9
000004dbc8cdb999
000004dbc8cdccf9
000004dbca5119f9
000004dc01fcd599
000004dc165a9cb9
000004dc706e3b19
000004dc706e3bb9
000004dc706e4299
000004dca608c1f9
000004dca608c279
000004dcaa85f119
000004dd26b85bd9
000004dd328b0739
000004dd4704eab9
000004ddaa6c9d19
000004dddc3a2db9
000009bc0e18ff61
0000000001f72671
0000000000000181
000004de46f86339
000004de82810459
000004deb49be659
000004dee59ff799
000004df063f4039
000004df7d7a80f9
000004e006701a99
000004e00cf29bb9
000004e09fa1b259
000004e111feee59
000004e1457aeab9
000004e164d7b459
000004e175014239
000004e1982c1fb9
000004e1aa4b5559
000004e1bcf97a99
000004e257b74d19
000004e29809def9
000004e2c0cf7499
000004e33f7ac439
000004e3bc10f879
000004e3d55f2119
000004e408ded159
000004e411fcb2d9
000004e480ffa239
000004e4a4bc7d39
000004e4df54edf9
000004e4df54ee99
000004e58aca3d19
000004e5b3528d99
000004e5b83b0ff9
000004e5dfa24c19
000004e5e5e10799
000004e612d665b9
000004e65d0670f9
000004e6a994f039
000004e74cc2a079
000004e753cbf079
000009ceae83d961
0000000001f72671
0000000000000181
000004e7854a9919
000004e7abbf1499
000004e7d61f7739
000004e7f78d2c39
000004e80ede0499
000004e80ede0519
000004e8bba2c0f9
000004e8fc1332b9
000004e9a80c55f9
000004e9bf68ddd9
000004e9cccfefd9
000004ea0f0e9a39
000004ea5671df59
000004ea5ca54d99
000004eaae9d01d9
000004ead2a92bb9
000004eb3b254eb9
000004eb95f15539
000004ebae9231d9
000004ecb27de759
000004ecd9486779
000004ecd94867f9
000004ed155ecbb9
000004ed155ecc19
000004ed1f353299
000004ed2be0afd9
000004ed40d11b79
000004ee0720ad99
000004ee0720ae19
000004ee102fe699
000004ee1f8a4479
000004ee2cc97879
000004ee48b82a39
000004ee5f0ebed9
000004eea3c85f19
000004eea9377a79
000004ef8b79c559
000004ef8b79d719
000004ef8d5c2659
000004efa6afc699
000004f01e31d619
000004f06f9f4799
000009e14eeeb361
0000000001f72671
0000000000000181
000004f0a9fd8fb9
000004f0bf88bfb9
000004f0bf88c039
000004f0e77c1cb9
000004f11c69bc59
000004f14306a979
000004f1c2273439
000004f201133499
000004f2061ad4d9
000004f207550279
000004f21ae69bb9
000004f24bed14d9
000004f2791932d9
000004f28404ee59
000004f2dd018479
000004f2dd01acd9
000004f34fcc2a99
000004f36e3e8b59
000004f3d1de8f39
000004f3d1deb459
000004f3d1dec539
000004f4480ea319
000004f471ebef59
000004f473458b19
000004f489db80b9
000004f4a08899f9
000004f4a0889a99
000004f4a0889ad9
000004f4a088a159
000004f4adf63619
000004f4de4e7e59
000004f4dfbb5479
000004f50c07e659
000004f5662e1eb9
000004f59896b099
000004f645fdc579
000004f668bb5cd9
000004f6f55db739
000004f7dec681b9
000004f81e935159
000004f86019cbd9
000004f86210b399
000004f890b541f9
000004f8f4cbe279
000004f9026110d9
000004f904d08d59
000004f95585cdf9
000004f956d41219
000004f960e70959
000004f9c2a6f2d9
000004f9d93c96b9
000004f9e423eb39
000009f3ef598d61
0000000001f72671
0000000000000181
000004f9fbb91bb9
000004fae2345d79
000004fafa4551b9
000004fb35dd0759
000004fb35dd1a99
000004fb43cee179
000004fb4e658e59
000004fbca8b7779
000004fbd5b642b9
000004fbf354d079
000004fc0e52d0d9
000004fc579c8719
000004fc94cd8c59
000004fccb232039
000004fce23de259
000004fcfc1fc8b9
000004fcfc1fd059
000004fd172abef9
000004fd4df1f479
000004fdd2d5f8b9
000004fdd364c759
000004fdd364c7f9
000004fdfe61c759
000004feae53e419
000004fecae6b099
000004ff85721a99
000004ff857237f9
000004ff9c92fa99
000004ffe1f37439
000005006ca20799
000005006d0a5ab9
00000500c40a18d9
00000501960d4799
00000501c4fa9ab9
00000501e10eefb9
00000501e80a9419
00000501f5d18dd9
000005020f98bb79
0000050239a64bf9
00000502871cf5d9
00000502ab2eb519
00000502dffbf379
00000503431bbff9
00000a068fc46761
0000000001f72671
0000000000000181
00000503ebee1f19
0000050414223e99
00000504146abb59
00000504369ffd39
000005047fc531b9
00000504c2520ed9
00000504ce4e0f99
0000050589821099
00000505a1320179
00000505a608e7f9
00000505b557f519
00000505fc17d659
0000050625e05359
00000506b30d3fd9
00000506c5f6d859
00000506c91ad759
00000506e7fcabf9
00000507c91fdc99
00000507e8d22699
000005080b2b9159
0000050840aa96d9
0000050844788839
000005085d8237d9
0000050874c3d199
00000508881f13d9
00000508a2506859
00000508fe83dd59
00000509216b1539
000005093eb2a879
0000050968cfb359
00000509e1451c99
0000050a5b532799
0000050a73a4f239
0000050ad31985f9
0000050ad31a38f9
0000050aef6e0879
0000050b30ff5719
0000050b3656c2d9
0000050b6a444b39
0000050b97c4ed79
0000050b9b3ae199
0000050bae1f6e59
0000050bbb4809b9
0000050bc6fc72d9
0000050bcfa2cef9
0000050bf1243e59
0000050bfbda6fb9
0000050c0e75d899
0000050c1a127659
0000050c4f5baa99
0000050c62be3139
0000050c8dd81979
00000a19302f4161
0000000001f72671
0000000000000181
0000050cb4cb52b9
0000050cc2fd8a59
0000050ccb6dbf59
0000050ccb6dbff9
0000050ccb6dc019
0000050ccb6dc6d9
0000050ccb6dde19
0000050ccb72b819
0000050d2e8a7e19
0000050d2e8a7e99
0000050d2e8a9899
0000050d3603e9d9
0000050e49c9fc39
0000050eeb3794b9
0000050eebaafb79
0000050f17770c59
0000050f5a5c3b79
0000050faf9e8ad9
0000050fda980b59
000005105ddfae79
000005108e89ce39
00000510a389f7f9
00000511985d50d9
00000511a8384d79
0000051269194bb9
000005126eb3e0b9
0000051297d4c4f9
0000051297d4c579
00000512b4bab6d9
00000513d2369999
00000513f20f5039
00000513f20f5159
00000513f20f6659
00000513f3a38119
000005141bc7fd39
00000514a2f17b19
0000051523f87279
0000051594ef40d9
00000515c5d64d99
00000a2bd09a1c61
0000000001f72671
0000000000000181
00000515f193e8f9
000005164230b4d9
000005167f622279
00000516efc52d19
0000051703d8c8b9
0000051708ee3839
00000517531ad139
0000051767055ff9
00000517c4791819
00000517c4792939
000005189b4abb19
00000518ab578e99
00000518ab578f19
00000518ab5795f9
00000518e5f83c19
0000051937d44319
00000519c0395299
0000051a18769e39
0000051a30a90759
0000051a7b2fd739
0000051aa78b27d9
0000051ab6748df9
0000051ab6748e79
0000051ab6748fb9
0000051ae1e3c719
0000051ae1e3c799
0000051c713ecb39
0000051c713ecbb9
0000051c987689d9
0000051c98779599
0000051c99dee079
0000051cba57c8d9
0000051cd5d7ed59
0000051d728c5919
0000051d767958d9
0000051d7ea11679
0000051d9aead839
0000051dc2602519
0000051df1a78ab9
0000051e1d74a599
0000051e2e5f5839
0000051e55ba5599
0000051e6552f0d9
0000051e78d8da19
00000a3e7104f661
0000000001f72671
0000000000000181
0000051f4376d279
0000051f4376d2f9
0000052018363499
00000520627982f9
000005207686ff39
00000520a9f48679
00000520e79c6d39
00000520f3adfd99
000005213dc76cd9
000005218d6b0699
00000521ba6435d9
00000521ba6456f9
00000521f45b6e19
000005229ead4a59
0000052374439219
000005238ff22559
00000523bab679d9
00000523bcc850f9
00000523d00ad4f9
00000524127126f9
0000052412712779
0000052412712e59
0000052412713bd9
000005251666f9b9
000005251c133379
0000052598e43319
00000525c2207e59
00000525e290b639
000005264615e519
000005264e610b59
00000526a5e65239
00000526adc5f499
00000526c2869b19
00000526c2869b99
00000526c80f38d9
00000526fa996d19
00000527165cb7d9
0000052745cb3d99
000005275cb49b19
00000527f0933499
0000052824ceb619
0000052826c00819
000005286f9e6879
00000a51116fd061
0000000001f72671
0000000000000181
00000529352dccb9
000005293c63c0b9
0000052976dc13d9
0000052a16c7e3f9
0000052a1a01f159
0000052a42006019
0000052ac4769679
0000052b3d2bfe79
0000052b4381fc19
0000052b84d9c9f9
0000052be8ccf2b9
0000052c5599e279
0000052c5599e319
0000052c5599fd59
0000052d03aa97d9
0000052d38a99579
0000052d38a99619
0000052d38a99cd9
0000052d5e3e9799
0000052daf7fb959
0000052dc00548f9
0000052e45324799
0000052e472e71b9
0000052e63ff6d39
0000052f15132179
0000052f26931bd9
0000052f6034d359
000005302e0a73f9
0000053039c52639
0000053133ccda99
0000053179ac3179
0000053179ac31f9
0000053179ac38d9
00000531ae0ab8b9
00000a63b1daab61
0000000001f72671
0000000000000181
00000531f7bf5339
00000532126c3f39
000005321a2d3df9
000005321a2d3e79
000005321a2d3eb9
000005321a2d4559
00000532bdee58f9
000005331247a199
000005331a149eb9
0000053358ecab79
000005335bbfc1b9
00000533880fd9b9
00000533880fee59
00000533a473ce99
00000533e3c4f6d9
00000533f0a555b9
000005341a4cc999
000005349dcc7519
000005349dcce939
00000535420c8519
0000053560565059
00000535a1df8339
00000535b0ee0239
0000053696b42f19
00000536b9a9ba99
00000536b9a9ca59
00000536e5e31359
00000536ed397039
00000536ed3971d9
00000537754ff379
00000537cffeadb9
000005382db491f9
00000538a2ba20d9
00000538d52eacf9
000005391d9b6a39
000005398a8ff699
0000053997a4d179
00000539d5312e19
0000053a0cc6f6d9
0000053a243c2039
0000053a3c0b7fb9
0000053a425e45f9
0000053a4ebe0a39
0000053b00bbae79
0000053b1a2312d9
00000a7652458561
0000000001f72671
0000000000000181
0000053b59a2f319
0000053b72b1e439
0000053bdb090ef9
0000053be92fffd9
0000053bf9023859
0000053c24fcfbd9
0000053c24fd1c39
0000053ce99ca779
0000053cef3fd3f9
0000053d0325f9f9
0000053dcbed1af9
0000053dec06b3f9
0000053dfd87d219
0000053eb3cbfbb9
0000053efcc87159
0000053f4b6dfff9
0000053f910bbcf9
0000053fb60392f9
0000053fcdcea6b9
000005400648d959
0000054017af8d79
0000054028ca3db9
000005403a286779
000005406b040d39
00000540adb5ec99
00000540cf53cab9
000005410a8230f9
0000054125362c39
000005412c426619
00000541b3b99a99
00000541d1365039
00000541e3ae9099
000005423f47ffd9
000005423f480059
000005423f480739
000005426b2eef19
000005426b2ef0f9
00000542c3968259
00000542f997fbf9
0000054336a2fc59
0000054336a2fcf9
0000054388fad579
00000543b7711059
0000054425063c19
000005443f332b19
00000a88f2b05f61
0000000001f72671
0000000000000181
0000054544648c19
0000054567a81979
00000545e2c4b719
00000545e6bebc19
0000054641dda739
0000054659fb4699
00000546d8783139
000005472de083f9
000005473c5e8c39
00000547a0b9be59
00000547d8ce3919
000005483f3d7439
00000548d8fa5fb9
0000054982364419
0000054a926ec799
0000054a964015b9
0000054aecc90f39
0000054afbf5a739
0000054b24facbb9
0000054b49427019
0000054b88c12519
0000054ba7ff1879
0000054bb7a7a879
0000054bb7a7bab9
0000054bdd80f039
0000054c07f14eb9
0000054c22770bd9
0000054cc485b139
0000054ce8cb96b9
0000054d0fd544b9
0000054d7c8ff5f9
0000054d8a9af079
00000a9b931b3961
0000000001f72671
0000000000000181
0000054e4555ae39
0000054e4db7a1d9
0000054e51763519
0000054e58d9ba59
0000054e58d9cc79
0000054f3d9b7719
0000054f7f7fa879
0000054f9a8df499
0000054fb0fbdd39
000005507491f499
000005509053bcb9
00000550ae22b0b9
00000550afac4699
00000550d2225a59
00000551a7a61899
0000055259ed00d9
0000055262832b99
00000553ca41d839
000005540ac85b39
000005545bf5c199
000005546fe90259
000005548d221f99
000005549ecb9f39
00000554a2cd45b9
00000554ca076119
00000554f6052819
00000554fe8908b9
00000555218dad99
000005552e0f28d9
00000555500c9639
000005557d0c6199
000005557d0c6fb9
00000555835b3d99
00000555a3c56559
00000555adcf1a39
00000555adcf2d39
00000555e2375759
00000555ed58d399
00000555ff7dcad9
00000556351ce4d9
0000055637051c19
0000055655113439
0000055687089bf9
000005568f272d39
0000055690708299
00000556c8621179
00000556c9a74ab9
00000556d0e6a639
0000055700648659
00000aae33861461
0000000001f72671
0000000000000181
0000055723238b39
0000055746691139
00000557b7dc5bb9
00000557d23019b9
00000557dbce8799
00000557eee21df9
000005581ccf9819
000005583c7d1a39
0000055868c8d879
000005587d9c2c59
00000558ab4212b9
00000559861346b9
00000559dc0eb899
00000559eeabba19
0000055a4b992e79
0000055a64c76159
0000055aa0900659
0000055aa09006d9
0000055aa0901e59
0000055ac462a499
0000055ae2c68ff9
0000055b1296acf9
0000055b3209f2b9
0000055bfac8e219
0000055c9e709c19
0000055d0184c9f9
0000055d833dba59
0000055d8ebb7fd9
0000055d8ebb8139
0000055ddeadeff9
0000055df8390839
0000055e0a36a439
0000055e465a0319
0000055e611149f9
0000055e73b60179
0000055f819eea19
0000055f8a724dd9
0000055fe98290b9
0000055fee6e00f9
00000560403aa599
000005604837de99
00000ac0d3f0ee61
0000000001f72671
0000000000000181
00000560aa650fd9
00000560cc6b0739
00000560cc6b07b9
0000056154275fd9
0000056168ec12f9
000005616f440db9
00000561b02f52b9
00000561c66da6f9
00000561ea96c059
000005620eb32859
000005621f6adf79
000005626b4306d9
0000056323742b19
0000056351955199
0000056369d743b9
00000564f70099f9
0000056503aa97f9
000005650daf8459
000005652d2975f9
000005657206abb9
00000565eac5f839
0000056610784759
0000056614846c99
00000566246ac7b9
0000056649548df9
00000566a4acf159
00000566b410f799
000005671fe33719
000005678dd9d639
00000567d2547cd9
00000567ee5c8319
000005681b88e559
000005683b217099
00000568ccdff039
0000056938616b99
0000056938617ed9
00000569593b58b9
00000569a12bdeb9
00000ad3745bc861
0000000001f72671
0000000000000181
00000569eb5c6f59
0000056a1e253c99
0000056ab2657cb9
0000056abf597679
0000056ad93d6d99
0000056af4f169d9
0000056b1b08d5b9
0000056b4d076759
0000056bbd2a81b9
0000056bbd2a8999
0000056bec24a879
0000056bf0b29ad9
0000056bf7fa0979
0000056c0254d5d9
0000056c07c6cdf9
0000056c4c0b2259
0000056c4c0b3fb9
0000056c4c0b4039
0000056c5a3d7f59
0000056c789d1139
0000056cae037099
0000056cd6fafb19
0000056db4dbdb99
0000056dcb67b3b9
0000056dd54c8179
0000056dd54c8339
0000056ddc1e97f9
0000056dea8fc239
0000056e3a70d559
0000056e6d346f99
0000056e83152a59
0000056e83152cb9
0000056e99468299
0000056eac1e4579
0000056eac1e5a19
0000056f04087539
0000056fe52c2039
00000570194e8659
000005702eb3ecb9
0000057050d154f9
000005705d481419
000005705e91f019
00000570a52b1d79
00000570b2b78ed9
0000057166551659
00000571d7decab9
00000571ef18a799
00000571ef190139
0000057213f78bd9
000005728047fa59
00000ae614c6a361
0000000001f72671
0000000000000181
000005730e0b2ed9
0000057388597b79
0000057388597c19
0000057388599039
00000573b0934159
000005740787f0b9
000005743db06099
0000057463416459
0000057495019bd9
0000057496f62f79
00000575030c0c79
0000057530b90c99
00000575790497b9
000005759a489c19
00000575fe85ed99
000005761f9c7139
0000057642eae559
00000576858b3f99
00000578241a38b9
0000057856d2cbb9
000005785e712d79
0000057864d2ac99
000005786afa65d9
00000578a222d9f9
0000057959801e39
00000579f99630f9
0000057a2d12dc39
0000057a5e05a2b9
0000057a77b082f9
0000057a77b09759
0000057abe5e03d9
0000057ad7f02779
0000057b7435fd39
0000057b8db336d9
0000057b956bedf9
0000057bc2667e39
0000057c2c7f9839
0000057c57c0a379
00000af8b5317d61
0000000001f72671
0000000000000181
0000057ca30805f9
0000057caae40999
0000057cb1cf6499
0000057cea792df9
0000057d251a0339
0000057d348000d9
0000057d4c58e919
0000057d77af7ad9
0000057db31d5499
0000057dda96e519
0000057debd990b9
0000057e189f3519
0000057e189f4af9
0000057e63c69b59
0000057ec9579d99
0000057f158e31d9
0000057fd38900d9
0000057fd4539cd9
0000057ffe2559f9
0000058001355439
000005801934c139
000005804b4b28d9
00000580fc2fc1f9
000005810565e299
00000b025648ca61
0000000001f72671
0000000000000181
