[MCS8 A] 97 FW 3.104 SV 1.257 
range=1024
periods=2
sweepmode=27e20d0
fstchan=0
holdafter=0
streamstatus=3
calreg0=0
calreg1=0
calreg2=0
calreg3=0
swpreset=8000        
prena=1
syncout=0
cycles=18
sequences=1
tagbits=16
vdac0=92c
vdac1=805
vdac2=8c8
vdac3=8c8
vdac4=8c8
vdac5=8c8
vdac6=8c8
vdac7=8c8
timepreset=150.000     
digio=0
digval=0
autoinc=0 
savedata=2 
mpafmt=asc
sephead=0 
fmt=asc
smoothpts=5 
[CHN1]
REPORT-FILE from 06/25/2026 13:37:45.117  written 06/25/2026 13:37:45
cmline0=06/25/2026 13:37:45.117 
cmline1=A1
range=1024
active=1
bitshift=4
cftfak=2580100
evpreset=10          
roimin=0
roimax=1000
caloff=0.800000
calfact=12.800000
calfact2=0
calfact3=0
calunit=nsec
caluse=1 
[CHN2]
REPORT-FILE from  written 06/25/2026 13:37:45
cmline1=A2
range=1024
active=0
bitshift=4
cftfak=2580100
evpreset=10          
roimin=0
roimax=1000
caloff=0.800000
calfact=12.800000
calfact2=0
calfact3=0
calunit=nsec
caluse=1 
[CHN3]
REPORT-FILE from  written 06/25/2026 13:37:45
cmline1=A3
range=1024
active=0
bitshift=4
cftfak=2580100
evpreset=10          
roimin=0
roimax=1000
caloff=0.800000
calfact=12.800000
calfact2=0
calfact3=0
calunit=nsec
caluse=1 
[CHN4]
REPORT-FILE from  written 06/25/2026 13:37:45
cmline1=A4
range=1024
active=0
bitshift=4
cftfak=2580100
evpreset=10          
roimin=0
roimax=1000
caloff=0.800000
calfact=12.800000
calfact2=0
calfact3=0
calunit=nsec
caluse=1 
[CHN5]
REPORT-FILE from  written 06/25/2026 13:37:45
cmline1=A5
range=1024
active=0
bitshift=4
cftfak=2580100
evpreset=10          
roimin=0
roimax=1000
caloff=0.800000
calfact=12.800000
calfact2=0
calfact3=0
calunit=nsec
caluse=1 
[CHN6]
REPORT-FILE from  written 06/25/2026 13:37:45
cmline1=A6
range=1024
active=0
bitshift=4
cftfak=2580100
evpreset=10          
roimin=0
roimax=1000
caloff=0.800000
calfact=12.800000
calfact2=0
calfact3=0
calunit=nsec
caluse=1 
[CHN7]
REPORT-FILE from  written 06/25/2026 13:37:45
cmline1=A7
range=1024
active=0
bitshift=4
cftfak=2580100
evpreset=0           
roimin=0
roimax=1000
caloff=0.800000
calfact=12.800000
calfact2=0
calfact3=0
calunit=nsec
caluse=1 
[CHN8]
REPORT-FILE from  written 06/25/2026 13:37:45
cmline1=A8
range=1024
active=0
bitshift=4
cftfak=2580100
evpreset=0           
roimin=0
roimax=1000
caloff=0.800000
calfact=12.800000
calfact2=0
calfact3=0
calunit=nsec
caluse=1 
;MCS8 #97 Sversion=1.257 Fversion=3.68
time_patch=1
;datalength=8 bytes
;bit0..3: channel# 1..8 ( 4 bit)
;bit4: edge 0=up / 1=dn ( 1 bit)
;bit5 ..57: timedata    (53 bit), max sweep length 2001.6 h
;bit58..62: tag0..tag4  ( 5 bit)
;bit63:     data_lost   ( 1 bit)
[DATA]
0000000000000016
000000000cda0459
000000001e73ce99
000000001f09fed9
000000003d183999
000000004cc80ad9
0000000053906099
0000000055527179
00000000691de159
0000000098a55b99
00000000b9cd15f9
00000000bb6e53f9
00000000c71c89f9
00000000cf9d8799
0000000103b764b9
0000000183ed1459
000000018e69afb9
000000018ec70159
000000021b5bb0b9
0000000241159499
000000024634d4d9
0000000259212bb9
000000025dae68d9
000000026aa1c479
000000026c253df9
000000027dda8d79
00000002e70eb959
00000002ff74ef39
000000031319ca79
0000000346c5be59
000000035080dd79
0000000357339c99
0000000358d83e79
000000035bd0f159
000000037c3bbc59
00000003c79da799
00000003e0e23979
000000041d6c3f59
00000004227f91d9
000000046179c959
00000004862b6139
0000000493ee6a99
00000004955bc479
00000004b7d52bf9
00000004db1f9999
00000005044d6a19
0000000511b9c3b9
0000000516a76ef9
0000000557bc0839
0000000575e28d19
00000005761f19d9
00000005e20ef4f9
00000005ec499539
00000005fa726779
0000000627e2f279
000000065b3f8ef9
000000067e458ad9
00000006afb3d7f9
00000006b174a5d9
00000006b5728d99
00000006ded24b39
00000006ee8c32d9
0000000714875af9
00000007253ce319
0000000737c9bb19
0000000759ac6999
00000007602d5199
00000007782ae219
00000007a6a92c59
00000007bb8621d9
000000080511cc59
000000084f99f9f9
000000086f01e879
0000000886da30d9
00000008972508f9
00000008b934dd39
00000008e2058a79
00000008e44e9079
00000009076b9999
0000000931934e19
00000009389c14b9
000000094e9da939
0000000953e98919
000000097750a5f9
0000000993d2c619
00000009a610b959
00000009a91ee0b9
00000009aaee7439
00000009d59e4c59
00000009fa638179
0000000a470eded9
0000000a82ac35d9
0000000a848f2679
0000000aa0b9f9b9
0000000acd318d79
0000000b077f8d19
0000000b2c7e3f19
0000000b2fb76f19
0000000b45e8ac19
0000000b58421f19
0000000b63c49879
0000000b642dbaf9
0000000bc7ebd199
0000000c0cfaeed9
0000000c33e59e19
0000000c3724ad99
0000000c43955df9
0000000c4eb109b9
0000000c5f5d25b9
0000000c67be99d9
0000000c735e7e19
0000000c9fe2d419
0000000ca3c67399
0000000ca61f62d9
0000000d23747cb9
0000000d37f05359
0000000d5457bf99
0000000d59ea4a39
0000000d6347b659
0000000dab6bdb19
0000000dca9885b9
0000000de0546a19
0000000de8170599
0000000df219ac39
0000000e809eb519
0000000e81446ff9
0000000e936d9259
0000000ebd3ea7f9
0000000ed317a339
0000000edea4ab19
0000000fa544dd59
0000000fd0293079
0000000fd5c8d4f9
0000000fd67cc7f9
0000000ff921d699
00000010083b9a99
00000010181863d9
000000107890e299
00000021571d0961
0000000002786071
0000000000000181
00000010ee17f519
00000010f5780a79
000000117f2bee19
000000118de945f9
00000011a9880899
0000001207578719
0000001225a5ea19
000000123d8799d9
00000012a3ff5599
00000012b393beb9
00000012c70feb19
00000012faab3c79
00000012fcb798b9
0000001308839759
000000130ff00af9
0000001320c9b219
000000134adc84d9
000000134d29da99
000000135068f1d9
0000001354c46d19
00000013e7e20db9
00000013eb2adcd9
000000141ddb5579
0000001440c22899
0000001476921419
0000001481b4fbf9
00000014b671f299
00000014b9cad579
00000014dae65ad9
00000014f75c8dd9
00000014fbc397d9
0000001516413879
000000151e51c339
000000152aff2799
000000153addd919
0000001548df7419
0000001587aa8a59
00000015db9715b9
000000161153aa19
00000016138ae0b9
00000016273b2879
0000001648927ad9
00000016509834b9
000000169f582b19
00000016c392c399
00000016cee0d659
0000001727737639
00000017abe22c59
00000017ba1723d9
00000017d94b6239
00000017dce0dc19
00000017ecd79919
00000018521c1619
0000001876120bb9
0000001886cb9a39
000000188f180ad9
00000018e4fc2939
00000018ea3c3899
00000018fed20bd9
000000190c9e5d39
00000019246e61f9
00000019307214d9
000000198106fe39
00000019953aa539
000000199f673039
00000019fa78a2b9
00000033f787cf61
0000000002786071
0000000000000181
0000001a3b83a359
0000001a4ddac199
0000001a5579ae99
0000001ab19460f9
0000001ab4979439
0000001ad1c6d6f9
0000001af6e79c19
0000001b1ab72ab9
0000001b312eb019
0000001b406bce79
0000001b4957f279
0000001b718e0bf9
0000001b79a92399
0000001b8f70a0b9
0000001bb95d8c99
0000001bc5bbb6b9
0000001bdf1ec3b9
0000001bf2ee8e39
0000001bf4b1b4d9
0000001c4f950f39
0000001c5ebd2d59
0000001cc0a4e9f9
0000001d0654c979
0000001d2a6a7039
0000001d5713d6b9
0000001d9189e499
0000001dd85819f9
0000001e13763bb9
0000001e42032479
0000001e44ac4099
0000001e486970f9
0000001e93c2baf9
0000001ea0736219
0000001ea67a0899
0000001ee29068f9
0000001fa1a54319
0000002020468c99
0000002043881899
00000020bff93999
00000020ff29a739
000000212055b059
000000217bc12939
00000021f2fec7d9
00000022b6d8e6b9
00000022cd22ecd9
00000023050f3059
000000230552fdf9
0000004697f29661
0000000002786071
0000000000000181
000000235f550e79
00000023715cd319
00000023c07c5979
00000023c4fcd9b9
00000023cf0d52d9
00000023d14b0d19
0000002468284959
00000024c2d6e3f9
00000024e8716659
00000024ed369619
00000024ed5211b9
00000024f589da39
00000025204f9f79
000000253dac2499
000000256198c939
00000025a1b954b9
00000025b92a0d19
00000025cbcfe019
00000025d558a059
00000025d6815d59
0000002601139119
0000002662b19d39
000000267dd95019
00000026af7cbb99
00000026e82cf419
00000027364954f9
0000002767a2c999
000000276e6a9859
0000002778d2afd9
00000027925ce1d9
00000027a3e4ff79
00000027aea4e3f9
00000027b1892339
00000027c1e410b9
00000027d3b00159
0000002809e96bd9
00000028113beb79
00000028934db959
00000028aef3d499
00000028df631279
00000028ef18af99
00000029075b5e39
0000002932096f99
0000002933f21959
00000029b4379839
00000029be778f39
00000029df450739
00000029f32762d9
00000029f62f45b9
0000002a236a8df9
0000002a6504e5b9
0000002a7013ec99
0000002a9b7b5399
0000002ad239a2d9
0000002adec9a5f9
0000002adecefed9
0000002aecf3fc79
0000002b07326379
0000002b0d6f3c79
0000002b38254519
0000002b4b9c7159
0000002b5b540419
0000002b8cb513d9
0000002b90018bb9
0000002b9db06e39
0000002bae7bfa59
0000002baec90299
0000002bc40e9f79
0000002be918bc59
0000002c1d6ba179
0000002c3ad08a79
0000002c432a1819
0000002c663e4179
0000002c77c72c19
00000059385d5c61
0000000002786071
0000000000000181
0000002cb1ca88b9
0000002cb8b37379
0000002cccc2e3d9
0000002d39fe7b79
0000002d70e72099
0000002d7eeac239
0000002d921ffc19
0000002da3ebfe59
0000002dade03c99
0000002db30950f9
0000002ddb2ab039
0000002e220f3a39
0000002e22d77059
0000002e96beb139
0000002f09a42cb9
0000002f0fdd0939
0000002f0fdd09d9
0000002f1c02f379
0000002f7f9c4c19
0000002f909fb2d9
0000002fa94e7299
0000002fab02b159
0000002fc8e4b7f9
000000300092eb99
0000003026bd2739
00000030477c9c99
00000030c8081819
000000310a8f4899
000000311095dc19
000000311af50bb9
00000031299c6499
000000312f439f19
000000314e4ad159
00000031eb8a97b9
0000003202a01a59
0000003230cb7e39
000000329e378ef9
00000032b958fad9
000000330cb0f859
0000003318af5799
0000003322201c39
0000003326e5e9f9
000000334a73ef19
00000033604fb8b9
00000033e5ee2099
00000033f1025939
0000003426895979
000000347cbd5d59
00000034806c9799
00000034856f8d79
000000348b126159
00000035245703f9
0000003585f8e839
00000035cde69159
0000006bd8c82261
0000000002786071
0000000000000181
00000035f3749f39
00000036187765b9
000000365485f899
000000366c76d799
000000368f106b59
000000369c29de99
00000036e44aadd9
000000371af8ddb9
000000371cabc699
00000037332be5b9
0000003752a2d799
000000379e5896f9
00000037a3fbc259
00000037aaaa7ff9
00000037dc344499
00000037f855a699
0000003823b4f8f9
0000003839160fd9
000000385630dd39
0000003892dc4739
00000038966bf4f9
000000389a81ee19
000000389c74f119
00000038cca6fdb9
00000038dbc3fe79
000000392622f0b9
00000039360be919
000000393d825619
00000039671b1f99
000000398f107039
00000039de7d6b99
0000003a1f64ea99
0000003a758d0b79
0000003a8bc9c3d9
0000003ab7c67499
0000003ab7e02b99
0000003acfe8a3f9
0000003ae63f65d9
0000003b22923e59
0000003b4d3852d9
0000003bb294c8f9
0000003bbec2e7d9
0000003bc69aa299
0000003be224db79
0000003c17f96459
0000003c3924ee79
0000003c618d31d9
0000003ccb2c4719
0000003cce1b50f9
0000003d1c512ed9
0000003d28a95b79
0000003d61a46d39
0000003d6433d939
0000003d995548f9
0000003d9ca27439
0000003db16d1599
0000003dc45b8959
0000003ddced6a59
0000003df94ab139
0000003e15b530f9
0000003e6e626279
0000003e73265b59
0000003ec4f92a39
0000003ecadce6f9
0000003ed13c5e59
0000003f39127079
0000007e7932e861
0000000002786071
0000000000000181
0000003f6b1b76d9
0000003fbd054dd9
00000040017b59b9
000000402fbb9df9
000000404ef4be59
000000407b867259
0000004090585259
00000040a30cc919
00000040b405a1d9
00000040d82ec319
00000040e4699539
00000041279234d9
0000004134d3f379
000000421c172e59
00000042253391f9
000000424decf619
0000004254e15879
000000425fe22699
0000004283d10839
00000042b8dff799
000000430bda6b19
000000432a2f1799
000000434e5c30d9
0000004357dc1939
000000436fc2bd79
000000437ff9f339
00000043ae4c5839
00000043bbad51b9
00000043cb176979
00000043e8f58e19
000000446d1ba9b9
000000446d659779
00000044b0307379
00000044c5832239
00000045187842b9
00000045190bc759
0000004524f146f9
000000456325b499
0000004603fc1419
000000463247f1f9
0000004639484299
0000004679fd13b9
000000468c4f0f79
00000047097af0d9
000000472b686ad9
00000047462dc5b9
0000004759c03f79
0000004776e497d9
00000047816e5e79
00000047a9df2fd9
00000047b09e53b9
00000047bdaaba19
00000047c1446579
0000004818032719
0000004822daf2f9
00000048369c24d9
000000485ff8bf39
00000091199dae61
0000000002786071
0000000000000181
00000048a4346119
00000048c63f0119
00000048cac08259
000000491d7b3dd9
000000493e357c79
0000004985c367f9
00000049a1a0f279
00000049ab185899
00000049aef159b9
00000049df10ea19
0000004a0321b659
0000004a07f62a59
0000004a52b23b19
0000004aa00951d9
0000004ab6de3bb9
0000004af318a359
0000004b1724dc59
0000004b5a653e79
0000004b76c80959
0000004b8c8276b9
0000004c49743799
0000004c86f86139
0000004c8db994f9
0000004cb8ab8c99
0000004cbcfc3439
0000004cd683d259
0000004d103e7759
0000004d1274ad99
0000004d80a51a19
0000004d9d660199
0000004dad5f3599
0000004ddfcee9b9
0000004df46cfd79
0000004dfee7ff99
0000004e2b1eb199
0000004e3892c579
0000004e42830a59
0000004e4b919239
0000004e728d94d9
0000004ebd55ac79
0000004ebdcd1b39
0000004ebdcd3a59
0000004ef13b7c59
0000004f19dfb279
0000004f46f0e719
0000004f561ebe59
0000004f668d5a39
0000004f6a326419
0000004f862a5e19
0000004feef21ed9
0000005014802159
0000005087976d59
0000005087ebe199
000000508bcf2339
0000005090dd6a79
000000510bc799d9
000000510f38c559
000000510fa770d9
000000512afc7cf9
000000512d0e1a39
0000005136ac3119
00000051479618b9
000000517384a9d9
0000005175a69019
000000517ad325d9
00000051a50cfd59
00000051a655dcf9
00000051b78cfeb9
00000051bd139939
00000051d4690c99
000000a3ba087461
0000000002786071
0000000000000181
00000051eca10d99
0000005205ca7cf9
00000052126209f9
000000523fdc1ab9
000000524a5297f9
0000005250c5bc79
00000052541e7f99
00000052a084c559
00000052a4140379
00000052cc123559
00000052e20beb99
0000005385310979
000000539a384879
000000539d773e19
00000053ebddec19
00000054204174d9
00000054380ae9d9
000000543b414099
00000054a1b35599
00000054a66f20d9
0000005504fbb399
000000552f814b19
0000005533913459
00000055485b16d9
000000554d114419
000000556bca6319
000000557177bbd9
000000558d8381b9
00000055a10a6499
00000055aa18cdb9
00000055dcbc4e19
00000056203504b9
0000005637c958b9
00000056572c8719
000000569fa37e19
00000056bb63a539
00000056c141dd19
00000056c5465539
00000056e32131d9
0000005724553959
0000005747358599
0000005765acc359
000000576b3f1a19
0000005773b1f8d9
00000057885f4499
00000057bfe3a639
00000057dbbf4919
0000005809881f79
000000583bb8b479
000000584d22ee39
00000058d19213f9
00000058f5b11dd9
000000595864cd99
00000059a34ef499
0000005a056a4c59
0000005a26018139
0000005a276e7859
0000005a460b4cd9
0000005a47bbadf9
0000005a852853d9
0000005a92e5de59
0000005aa668ec59
0000005af7f13279
0000005b0185ab59
0000005b218bd999
000000b65a733a61
0000000002786071
0000000000000181
0000005b4d2e0359
0000005b507e3b19
0000005b6754a299
0000005bbe39bdb9
0000005be607d7f9
0000005bef297219
0000005bfd157919
0000005c17af7cd9
0000005c58dc3639
0000005c5eeca619
0000005c7265de19
0000005c91600f79
0000005cb0e79219
0000005ccad062b9
0000005d3df66af9
0000005d7be7af79
0000005dac105ed9
0000005df5477859
0000005e46811599
0000005e5151a979
0000005e74ec6c79
0000005e9aa262b9
0000005e9e836619
0000005eb93ade99
0000005ed50e56d9
0000005ee0214579
0000005ef413d4b9
0000005f30715ff9
0000005f369dbad9
0000005f58962399
0000005f6c2d8d99
0000005f91a559d9
0000005f9eb20019
0000005fcae55279
0000005fd2639bf9
0000005fd3ff8499
0000005fec36ec59
0000006067f1b6b9
000000606c4403b9
000000606fc97459
00000060a1f8b559
00000060a4f6c6f9
00000060b4ab84d9
00000060c9876579
00000060de791899
00000060f13fb3b9
000000612bb61ef9
000000613501ae99
000000613d6431b9
000000614c057459
000000614d399999
0000006164f47659
0000006178426ad9
00000061873a8539
0000006188999eb9
00000061ac954dd9
00000062076b3e39
00000062837952f9
00000062912f8ff9
000000629c89f7b9
00000062af764319
000000633e3984b9
000000636aa3ef19
00000063bf5c5bb9
000000643cb05179
000000643dfa4379
000000644b64bff9
000000646ced98b9
000000c8fade0061
0000000002786071
0000000000000181
00000064f76f9a19
000000655be3eed9
000000655d21c419
000000659c069239
00000065e3d03e19
0000006601efaaf9
000000664c62a499
000000664f1176f9
000000666ecabc79
00000066b1fb5739
00000066ef367859
00000066f4b93759
0000006712894d19
000000675a137279
000000675e26c999
000000676c98fc19
00000067c4f48f59
000000686094b659
000000687a388439
00000068ffb57699
00000069138c2e99
00000069459284b9
00000069a6c1d099
00000069b6ab63d9
00000069d5d539b9
00000069d63508d9
00000069f0543c79
0000006a32e9b799
0000006ab081db59
0000006ab842ca79
0000006ace5c4ff9
0000006b1c145e19
0000006b4ce7ba79
0000006b5c5a45f9
0000006b61cea0f9
0000006b92a5ed99
0000006ba5e53859
0000006ba5fb4af9
0000006c0af25d79
0000006c10164419
0000006c15c16499
0000006c1d5405b9
0000006c4410bf99
0000006c44a92659
0000006c620e4ff9
0000006c98791ab9
0000006ccafd4879
0000006cd0632919
0000006cec4373b9
0000006cec644199
0000006cfaa91cb9
0000006d2b156359
0000006d57055d59
0000006d7d7062b9
0000006d8c5590d9
000000db9b48c661
0000000002786071
0000000000000181
0000006df16005b9
0000006e0fe480b9
0000006e4cae12d9
0000006e5d2dd8b9
0000006e7e2effd9
0000006e86f6ed79
0000006e8eb7d599
0000006ecc0ced39
0000006f3ee214b9
0000006f406e7c59
0000006f54698299
0000006f56fd64f9
0000006f5ecd4799
0000006faf7c9499
0000006fb2df57b9
0000006fc84a1319
0000006fd64e9c79
0000006fd8c16799
0000006fe3bb7f59
0000006ffe171a39
00000070427b4299
000000708685ebd9
00000070a161f079
00000070ae12acd9
00000070b055f899
00000070bdfc7ab9
00000070d8741379
00000070e8f3ecb9
000000711077ea39
000000712692a739
00000071847b4a79
000000718a02cc79
00000071c5554859
00000071d81ffb79
00000072054cf0f9
0000007229026639
0000007231d76e39
000000724c2ccf19
00000072891f33f9
00000072a40d4479
00000072bd9b5df9
00000072fdd64ed9
0000007335138879
000000736d265af9
000000737f2fd719
0000007419ee69b9
000000743890ca59
00000074612cb639
000000747db7cc79
0000007490d69379
00000074bbc6e579
00000074d494f919
000000753c542519
000000753e95f159
000000757a608979
0000007581201dd9
00000075b864a7d9
00000075e6f0ef39
000000763e68b299
000000765ea69199
0000007691290939
000000769d8aaa59
00000076ab32f0b9
00000076c02971b9
00000076c8e104b9
00000076d2d4ed59
00000076f721b0d9
000000ee3bb38c61
0000000002786071
0000000000000181
000000771f5d3779
00000077474c2cd9
0000007772d24879
00000077a725d459
00000077b0cb30b9
00000077c52b5db9
0000007814b130f9
000000782fcd2319
00000078314c55b9
00000078433bfd19
000000784dbd1fb9
00000078598f4db9
00000078a5726099
00000078b18d2e39
00000078d5ef5899
00000078e0bf8839
00000078ef0204f9
00000079930414f9
000000799741ea19
00000079df651379
0000007a2c109b39
0000007abacb2459
0000007ad1571ff9
0000007ad159fa59
0000007ad84a8899
0000007aeb6a1979
0000007af5f4a4f9
0000007af94a8b59
0000007afbc92f19
0000007b087acb19
0000007b1f2d3739
0000007b46388879
0000007b4c3bb979
0000007b74b043d9
0000007b96efe939
0000007bb07b8219
0000007c2c347799
0000007c61faa3d9
0000007c9129d199
0000007c9e297279
0000007cc15a3759
0000007cdfe4ba59
0000007ce82b6499
0000007d589bac39
0000007d9d4bda59
0000007db529aa79
0000007ddde72bf9
0000007e2ffcea19
0000007e46518859
0000007e51fa1ad9
0000007e63f0ccd9
0000007e7868b5d9
0000007e8cb27c19
0000007ea558e6d9
0000007eec9599f9
0000007f32b293d9
0000007f5c47acd9
0000007f7600efb9
0000007f76f6a0d9
0000007f9872fd99
0000007fc5258dd9
0000007fc9fd72b9
0000007fd8489819
0000007feab57879
00000080551ac379
00000100dc1e5261
0000000002786071
0000000000000181
00000080a1626f79
00000080ae54a339
00000080ebec89d9
0000008139c930f9
000000814b91ee19
00000081513434b9
0000008164249019
00000081bf8968d9
00000081ec3162b9
00000082385bb219
0000008242830e79
0000008256dad019
000000827c456bb9
000000829a31d1f9
00000082b2a3c6f9
00000082b533a939
00000082b90f7799
00000083378c7f99
00000083458df219
000000839c7f2599
00000083ad01e899
000000843bdb7e19
000000844999af19
0000008480997e79
000000848fb6fed9
00000084b7b52bd9
00000084c6e1c659
00000084cc5006d9
00000084df1ed779
000000850efc4859
000000852115a499
00000085308d49d9
000000853ade8a99
00000085571e0619
0000008571255359
00000085ab6a5fd9
00000085ef90f059
00000085ff6c1859
00000086128bf239
0000008633ca4939
00000086441380f9
000000865aa2e439
000000866fb84f19
000000867c3e19f9
00000086a2645d19
00000086ae189059
00000086d2322559
00000086f111ba79
00000086f17ac839
0000008723757a19
0000008741bbeaf9
0000008795fe83f9
00000087b70c6bb9
00000087bb18cf79
00000088149960f9
0000008826cc12b9
00000088313b72d9
000000883e739199
00000088774f4019
00000088be1fdd39
00000088c17aea59
00000088f73f5559
000000890791c379
0000008912565cd9
000001137c891861
0000000002786071
0000000000000181
00000089f5f891d9
0000008a765769f9
0000008a81ef8419
0000008ae142faf9
0000008af56d24b9
0000008b052e45b9
0000008b141cf659
0000008b583fbab9
0000008b6170d479
0000008bcfdf3679
0000008be7b14599
0000008bf3053919
0000008bf9e78879
0000008c07eefd59
0000008c0bb68139
0000008c3d5635d9
0000008c5e273019
0000008ca33420f9
0000008d10fa5e99
0000008d148dc259
0000008d32a5a679
0000008d50fcbcf9
0000008dac6182b9
0000008dd128e1f9
0000008df6c06919
0000008e12a35a19
0000008e16784059
0000008ef1f2b399
0000008f1381dbf9
0000008f31587959
0000008f34ca68f9
0000008f3d018359
0000008f51218799
0000008f52823739
000000900fcf1b79
000000904529e419
000000905589eb79
00000090610b6539
00000090d15c3099
0000009165f0e1d9
000000916793b299
000000919cbf5c79
00000091b2327ad9
00000091b3574779
000000923949cf39
000000923faff759
0000009243c43419
000000924c62e2d9
00000092a3b1a4b9
00000092b6d699d9
00000092b9d33679
00000092ca27b179
000001261cf3de61
0000000002786071
0000000000000181
0000009336d21dd9
0000009337f66dd9
000000933fd6aab9
0000009356430059
0000009374b72f19
00000093bc4211b9
00000093ccc7ef59
00000093d5e8cf59
0000009407792159
0000009446905b19
0000009448f25599
000000944dacf819
0000009477536039
00000094a2cb2f99
00000094c7a728f9
00000094ccdcc459
00000094d03c14d9
00000094e49d9cf9
00000094e65559f9
0000009501fdf4f9
00000095299c0739
000000952e00b6d9
000000955a35b4f9
000000957b324b39
000000959e17dbb9
00000095bc58f2b9
00000095dbdc3079
00000095eaf61759
0000009634494c79
000000968626e999
000000968f9b8919
0000009692f71e59
0000009692f71f39
00000096e50c50f9
00000096f4fbbef9
00000096ff1fb599
000000973bffe859
000000976d664af9
00000097c1f57919
00000097db425e19
000000980a5d0af9
0000009829ecfff9
00000098332e3999
0000009842e207f9
0000009860742419
0000009884974f39
00000098a2f7c559
00000098cd347ad9
0000009910603c19
00000099545106f9
0000009986ae36f9
00000099909701d9
0000009991051f99
0000009a663eb919
0000009a6fc66659
0000009a917febd9
0000009a9af64e59
0000009b205ac7b9
0000009b473fdf59
0000009b5cf7af59
0000009b87e55f19
0000009bac9c0219
0000009bd713e019
0000009bf2067f99
0000009c1fe1c099
0000009c32c648f9
0000009c4674b019
0000009c4a9002b9
00000138bd5ea361
0000000002786071
0000000000000181
0000009c7592f939
0000009caace4b39
0000009cd8bbd999
0000009cfab99a59
0000009d22ed5e19
0000009d43042179
0000009d521e1a59
0000009d6d182759
0000009dbbc6ffb9
0000009de6291779
0000009e035ffc99
0000009e26672319
0000009ebc264cb9
0000009f2fe93579
0000009f41a0f6f9
0000009f4477b139
0000009f4cad1a39
0000009f5c6d2759
0000009f65c34359
0000009f7818af19
0000009f9847b659
0000009fd5e03f99
0000009fe5c5a6b9
0000009ffe7b3939
000000a02ca1c3d9
000000a03b8a51d9
000000a05321c899
000000a0687f15b9
000000a0778919d9
000000a0855c4fb9
000000a0aebbcbd9
000000a17c9606d9
000000a1c9ffd6f9
000000a1f0897899
000000a1f2f64439
000000a215f76bf9
000000a219f1ed79
000000a22faf3979
000000a26e02a2b9
000000a2c14664d9
000000a315fd0c19
000000a34111a079
000000a3a1bb9299
000000a400c14a39
000000a40972b1d9
000000a42f9b3b59
000000a46aecee79
000000a47452c5b9
000000a475dbbfd9
000000a4b6167ef9
000000a4d114f3f9
000000a4d8e72939
000000a4dca7fbb9
000000a507620f79
000000a517713b99
000000a54c8f1279
000000a563002999
000000a58a6994b9
0000014b5dc96961
0000000002786071
0000000000000181
000000a5de3c7359
000000a5ef679a79
000000a661337359
000000a66f3e6ab9
000000a672954879
000000a69b799599
000000a6a6bafb59
000000a6c63a2479
000000a6d434a339
000000a6e4ba1419
000000a6f031bb39
000000a6f6ba71d9
000000a71f5878b9
000000a71f638019
000000a7534f0a39
000000a764670579
000000a778636859
000000a78c3b7019
000000a791cbbe39
000000a7a3ceb499
000000a7b6969199
000000a7fe00a9f9
000000a80f27c4d9
000000a82cc55df9
000000a84a1e7439
000000a86318b299
000000a8f345a939
000000a8f9b3b4b9
000000a9512bf519
000000a9594220b9
000000a96037b2b9
000000a981d9b279
000000a988ccd899
000000a990eda179
000000a9d296d419
000000a9f3d24ff9
000000a9f6a8a9b9
000000aa30a0cef9
000000aa4b366859
000000aa5fa50399
000000aa9bd65bb9
000000aab66686b9
000000aaba8e8f99
000000ab2466b719
000000ab261083f9
000000ab4f599a79
000000abaf321d99
000000abe3063c19
000000ac0c0600d9
000000ac2a2c7b79
000000ac9e56f719
000000acaf69b859
000000ad1e0bb559
000000ad2bfbb899
000000ad2bfbebf9
000000ad7f029859
000000adc7b1fe79
000000adefaa1619
000000ae33c49519
000000ae6c8f8b39
000000ae71497439
000000ae8eb6b479
000000aeb69515d9
000000aee0e2d5d9
000000aee1d67339
000000aee70e2079
0000015dfe342f61
0000000002786071
0000000000000181
000000af06732c19
000000af1b654819
000000af454b4499
000000af47d9ba19
000000af58873b39
000000af7089a4d9
000000af738c7159
000000af86eb8639
000000afb211f379
000000afb85b1f59
000000afcd208759
000000afe9370ad9
000000aff4b96f79
000000b00b7e6419
000000b029f2c599
000000b0475257f9
000000b0546c5f39
000000b07f0cffb9
000000b09db5f0f9
000000b0c3727719
000000b133d3bbb9
000000b149463b59
000000b14db3cd99
000000b15ea51e99
000000b1614ab2b9
000000b169203559
000000b17b3de7d9
000000b18dc0e939
000000b1ba8c62f9
000000b1bd8d15f9
000000b1c20d0699
000000b1daf37779
000000b1e48424b9
000000b1f4608479
000000b26c686a39
000000b26e103e59
000000b27b987ff9
000000b2a05e9ed9
000000b2fca48ed9
000000b36ad7ba19
000000b3700338f9
000000b37ade83f9
000000b3c4748c59
000000b3c56b0899
000000b3ea3399b9
000000b404a57359
000000b423369119
000000b423369a39
000000b44d14ecf9
000000b4a42dc479
000000b4c8acd739
000000b4f6e98979
000000b50e5fc819
000000b512d598f9
000000b517950799
000000b51f732159
000000b567747899
000000b58751dcd9
000000b5ab2e79d9
000000b5c7bcba19
000000b61b951a19
000000b628093a59
000000b632786d79
000000b66de15579
000000b674c25179
000000b67b1dde59
000000b67c1af719
000000b6a3930039
000000b6c628cc99
000000b6c8ade459
000000b6cf3b5d79
000000b700c0bc99
000000b72ea95719
000000b7ad5b6759
000000b7b51effb9
000000b7b82d7b99
000000b7bdc542b9
000000b7c1ca4c99
000000b7dcefb379
000000b7df5ec979
000000b7f596cf19
000000b802485e39
000000b814df6219
000001709e9ef561
0000000002786071
0000000000000181
000000b87fad1a59
000000b882a65ab9
000000b89ec233b9
000000b89f0a1179
000000b8df364d79
000000b8e163e399
000000b9183be739
000000b925758619
000000b92725f999
000000b935a46979
000000b937fa4d59
000000b93e32d2b9
000000b96b973eb9
000000b9778acf79
000000b9a03e7b19
000000b9dde43a99
000000b9e56f6659
000000b9f396f959
000000ba213dc9d9
000000ba2aef64f9
000000ba367876f9
000000ba8bdfa219
000000ba900d5619
000000bab9de3159
000000bacc18c059
000000baefeec919
000000bb424cff99
000000bb60961019
000000bb75f64a79
000000bb86046eb9
000000bbca6d9af9
000000bbcf77d119
000000bbd7d9e439
000000bbe01c27f9
000000bbf6571a79
000000bc04394ab9
000000bc228b9319
000000bc44f08039
000000bcc0b31619
000000bce0923f39
000000bd2120b5d9
000000bd3640f379
000000bd891ed319
000000bda529acf9
000000bdb055f559
000000bdd0c15d39
000000bdf171f8b9
000000be064fc039
000000be19633379
000000be6d1fa1b9
000000be77b2bb19
000000be7f5bcbb9
000000be9ff38e79
000000beabc87f79
000000beb37f07f9
000000bed61463b9
000000bedda26b39
000000befb789f19
000000bf06910299
000000bf189e6559
000000bf3425b379
000000bf43e7a359
000000bf458a4fd9
000000bf7995d059
000000bf916b07b9
000000bf9cec6ab9
000000bfbd99f5d9
000000bfd0c004f9
000000bfe1f0a7f9
000000bfe263e7b9
000000bfe6e9d6d9
000000bff5c2f2f9
000000c0061e6bd9
000000c011d57299
000000c0803a51b9
000000c0888fe799
000000c09287fb59
000000c092e613b9
000000c13e3f8b19
000000c17f161939
000000c18cbc7119
000000c18db9f139
000001833f09bb61
0000000002786071
0000000000000181
000000c1d397d399
000000c1de94a699
000000c1e7ba9639
000000c219166119
000000c2368a0d99
000000c277169af9
000000c2cd9ceb79
000000c317ced839
000000c335c4d0d9
000000c34538fbf9
000000c38e99c0b9
000000c3c7eb40b9
000000c3c800bef9
000000c3d9a039d9
000000c3da642459
000000c40e6cd459
000000c40f9a9ad9
000000c42b2a16d9
000000c42d83d9d9
000000c461b25379
000000c4ca0750f9
000000c4ce7ee2d9
000000c512040799
000000c53e70b639
000000c54d4f93b9
000000c570558b79
000000c574ae1559
000000c5df5eeaf9
000000c5e83f8ab9
000000c5f57490d9
000000c5f6a7d919
000000c63a6e4d99
000000c63aeaa0f9
000000c64189ec99
000000c677ffe119
000000c678beb279
000000c6871f4df9
000000c68ccf0619
000000c6cef9f419
000000c6d41d45b9
000000c71f6959b9
000000c7d8181499
000000c7f2448159
000000c8117bbab9
000000c81aceb939
000000c8389ac9b9
000000c872721479
000000c88ca71739
000000c8ac8974f9
000000c8f297f219
000000c8fb651879
000000c927bf4119
000000c95234e5f9
000000c9938b1259
000000c9d29d9f59
000000c9dc5cb599
000000c9dd077ad9
000000c9ea437ff9
000000c9fb4dd3d9
000000ca1f8292f9
000000ca7a6adcd9
000000ca9a3a20d9
000000ca9cbc0ef9
000000cace6967f9
000000cae43f0e59
00000195df748161
0000000002786071
0000000000000181
000000caf1bfb0d9
000000cb1e56e899
000000cb4c2b4a39
000000cb571ac2f9
000000cb7c008539
000000cbb3f99d99
000000cbf86992f9
000000cc48e26cf9
000000cc5d7726f9
000000cc5d773f19
000000cc6e5bc5b9
000000cc7ce9fcd9
000000cc904fb2b9
000000cc910ec639
000000cc9b1c5139
000000ccadf85bd9
000000cce0829539
000000cd1f3fcbb9
000000cd5b8fac39
000000cd8fd758f9
000000cdaf9b1cf9
000000cdba012d39
000000cdd03494d9
000000cdeb8fabd9
000000ce0d421859
000000ce6da3a6f9
000000ce9bfe7639
000000ce9c8315d9
000000cec42009f9
000000cf1a336579
000000cf2564a9d9
000000cf26ec1f99
000000cf496ea519
000000cf4e527739
000000cf7e1577f9
000000cf809b6d19
000000cf975d0b79
000000cfa2ba3799
000000cfa324e139
000000cfa82e1af9
000000cfc621d159
000000d00e1d01b9
000000d01cb97099
000000d068dd98f9
000000d08016fcf9
000000d0adffbd79
000000d0cd0626b9
000000d0e74023b9
000000d0e794b019
000000d114339e39
000000d152624ab9
000000d178063999
000000d1a9269ab9
000000d1ae32cc39
000000d20f9c46b9
000000d211785cf9
000000d21df70d59
000000d2603f3619
000000d29cbb4759
000000d2b6d03d19
000000d2bb578539
000000d2d1b0cd79
000000d2f68b09b9
000000d316665e39
000000d31a5b5459
000000d32655fcb9
000000d327438c39
000000d33319a579
000000d37c2a7e99
000000d38dcdd5b9
000000d41f6bb819
000001a87fdf4661
0000000002786071
0000000000000181
000000d47582e6f9
000000d4d22db0f9
000000d508eeaf39
000000d50b9ebb59
000000d5288635f9
000000d55404eb59
000000d5b897f499
000000d5c2f4bd19
000000d5d459e379
000000d623767779
000000d6316412b9
000000d64ac6cb19
000000d65951c519
000000d6680c6459
000000d69da80a19
000000d6b3a4b7b9
000000d6b53c6eb9
000000d6e69707d9
000000d77661f5f9
000000d78812afb9
000000d7df1d42f9
000000d7fa6f7819
000000d83a5e0b79
000000d8551a4519
000000d890e28a59
000000d8dfd14ed9
000000d9409b4439
000000d942fbd3b9
000000d95ceb3af9
000000d963318a19
000000d96f64ca59
000000d9f4ef6579
000000da775c65b9
000000da79a40459
000000da9912c0f9
000000dab201fb39
000000dadd972999
000000db276bd319
000000db2a3de299
000000db35196839
000000db5108f099
000000db6272e059
000000db68ef6b39
000000db6a869b99
000000dbacf49d19
000000dbc077b979
000000dc2fb6a239
000000dc4716ca99
000000dc6abc1e59
000000dc9b3906b9
000000dcafcbcd19
000000dd3eccc5d9
000000dd6ea259b9
000000dd82f6a519
000001bb204a0c61
0000000002786071
0000000000000181
000000dd922995b9
000000ddce284bf9
000000de2175c1d9
000000de5743a659
000000de9d64eef9
000000deaa9baaf9
000000df374a1d59
000000df40782f79
000000df4a63f8b9
000000dfe647ccf9
000000e03a06c3d9
000000e0855dc159
000000e097dfaab9
000000e09acf0f39
000000e09fc274f9
000000e0ae1cae19
000000e0bd75d8d9
000000e0d2cecf19
000000e11bd7df99
000000e13798cdb9
000000e157b281b9
000000e16bf62419
000000e170c9b059
000000e1796a6799
000000e1f652ba39
000000e2482ee0b9
000000e24d27ff79
000000e26503bcd9
000000e2ac91b2b9
000000e2b69e8699
000000e2e39c7239
000000e3179d2bf9
000000e320d5f8b9
000000e35cb80479
000000e3637fbbf9
000000e386d1afd9
000000e3e5f46899
000000e40aa5b4f9
000000e429c65839
000000e42dc723b9
000000e43c16d999
000000e4a4bd7599
000000e4cff55af9
000000e5bc6063b9
000000e5bed0b459
000000e5cb73da19
000000e5e7fa96f9
000000e5f9b21999
000000e63142fcd9
000000e64d5e04b9
000000e657558239
000000e6b3ad3379
000000e6bd9f7f99
000001cdc0b4d261
0000000002786071
0000000000000181
000000e6e3877939
000000e6f4364d79
000000e72fa4d259
000000e736907879
000000e749244e39
000000e78dc929d9
000000e7cae85539
000000e7d29f2919
000000e833aafed9
000000e876f52e99
000000e87897a419
000000e8a7b69299
000000e8d0c9bc59
000000e8f9fbda19
000000e970082a39
000000e9a5710c59
000000ea15459539
000000ea785987f9
000000eaafa5be19
000000eabec6d0d9
000000eaeb0f9f19
000000eb25762cd9
000000eb3b516a59
000000eb9efc7299
000000eba1fc2179
000000ebbfb79859
000000ebd9888d59
000000ec2a4b1599
000000ec627addf9
000000eca263a159
000000ecc2966879
000000ed1a503039
000000ed46c55479
000000ed592b3c99
000000edca042eb9
000000ee0426bc39
000000ee5a7b9419
000000ee6cb5c459
000000ee821050d9
000000eec758f819
000000ef130c4ed9
000000ef1543b9f9
000000ef45ee6ad9
000000ef5ac736b9
000000ef8cb3ec19
000000efb5416779
000000efbad561b9
000000efe3323159
000000efef7890d9
000000efefbd72d9
000001e0611f9861
0000000002786071
0000000000000181
000000f06e762999
000000f093e6ed39
000000f095271a39
000000f09b106eb9
000000f0bfdc5f19
000000f0fae358b9
000000f11c609ef9
000000f126f83479
000000f137b8e039
000000f1928aec79
000000f1ad0af799
000000f1b9f37939
000000f1d1039959
000000f21321c379
000000f223a28559
000000f2506d5a59
000000f29e1cfed9
000000f2ae6b4c99
000000f2b122ffd9
000000f2c6b6afd9
000000f33e8bbdb9
000000f3436f4319
000000f36c7fb4f9
000000f371b99b79
000000f385cd2d79
000000f3ee329599
000000f413259479
000000f43cedba19
000000f4584a7c79
000000f47b3cedf9
000000f48cd32919
000000f48d1ce459
000000f4974c7479
000000f4bd235cf9
000000f508cf7e99
000000f50951cd99
000000f5242106b9
000000f52c3244d9
000000f53c224859
000000f54bb0ab79
000000f55e41f739
000000f56449a999
000000f5720851b9
000000f58cea8bf9
000000f5f1dc91d9
000000f600e40499
000000f657fc80d9
000000f680153b79
000000f6c31a7a79
000000f6c31a8f79
000000f6d82ab7b9
000000f702935bd9
000000f70779f6d9
000000f711a16979
000000f7769d0f99
000000f79948ee59
000000f7c963e199
000000f7d1ad21f9
000000f7d65b3ef9
000000f7da6debd9
000000f814f98919
000000f84ae51079
000000f857d310f9
000000f85b89fc19
000000f86b5c98f9
000000f8718baaf9
000000f8c638e4b9
000000f8e2306d19
000000f8e49ca6f9
000000f8e6ba7819
000000f94b24a2f9
000000f970f3a7b9
000001f3018a5e61
0000000002786071
0000000000000181
000000f9ee6731f9
000000fa5acffdd9
000000fa6cc0e919
000000fa86151a19
000000fab7023119
000000fab97180d9
000000fad7b30579
000000fb041c4399
000000fb133de639
000000fb33f319d9
000000fb5def0d99
000000fbb4124019
000000fbcfce5939
000000fc6b746b59
000000fc7ddc52b9
000000fc9572c9d9
000000fca59f82d9
000000fcb1cf8579
000000fce1bf68f9
000000fcf3eb8379
000000fd04a32d19
000000fd093d66f9
000000fd09ab62d9
000000fd1ba1dcf9
000000fd5406c379
000000fda56d6a39
000000fdb0254679
000000fe093dcd79
000000fe22e02559
000000fe36125879
000000fe3aa37319
000000fe58167db9
000000fe5f338059
000000fe7cf4e9d9
000000fe8db1a139
000000febfe86959
000000fec1d02539
000000ff191eb379
000000ff372af419
000000ff63b94bf9
000000ff6b9175f9
000000ff745c08b9
000000ff74f2f059
000000ff7fa40739
000000ff87de5b79
000000ffea4eda99
000001001c10ba59
00000100402e5979
00000100ad89bab9
00000100b03a20d9
00000100bb6dd0d9
00000100c92874f9
00000100db63d479
00000101334e30d9
00000101392af519
0000010159328a59
000001015f73ce39
000001017735d4f9
0000010182336a79
000001023f3a8c59
000001024e8b5419
0000010251467ed9
0000010258115f79
0000010267f63739
0000010288187ef9
000001028d316ab9
000001028ee14f39
00000102a1bf9b19
00000102a8766b79
00000102ab7d0dd9
00000205a1f52361
0000000002786071
0000000000000181
00000102e360f8d9
00000102efcd5ff9
000001031d697ed9
0000010324568539
000001033809b279
00000103516c8cf9
000001038460bcb9
00000103e35b0539
00000103e5da4079
000001040fe8fbd9
000001044c0622d9
00000104585dcc99
0000010463b4fed9
000001046d8adbb9
00000104ebf465f9
00000104fb23c219
0000010516731539
000001051cb69d79
000001052a152bb9
000001058fbf2179
000001058fbf22f9
00000105b95d0a39
00000106442eb519
0000010682fb8719
00000106869757d9
00000106bd946c59
00000106c38e3c19
00000106e99e8f59
00000106fea126f9
0000010700e1b159
0000010712cb4e59
0000010722ab9679
00000107415f6e19
0000010747391df9
000001086189fed9
000001089966ed39
00000108bb235199
00000108d89f4499
00000108e070aab9
000001095a64e8f9
000001095ce796f9
000001095e1c65d9
0000010983cf3659
000001098c26a399
0000010991c8ab59
0000010994541319
00000109afe380f9
00000109b6c2a779
00000109bcdd33f9
00000109bd738759
00000109cfea04f9
00000109ef195399
00000109f1a18539
0000010a0f85f4f9
0000010a18491099
0000010a3e8b9ff9
0000010a5cd80e99
0000010a8890f599
0000010ac34d5159
0000010ac683b1b9
0000010adea58599
0000010b066da9b9
0000010b71f81ff9
0000010b733bab39
0000010b9b98d1d9
0000010ba31901f9
0000010bc55349b9
0000010bc63a7239
0000010be800dc79
0000010c107e1cf9
0000010c19241e39
0000010c1ba42579
00000218425fe961
0000000002786071
0000000000000181
0000010c3da15b19
0000010c4dd3c4d9
0000010c796354f9
0000010c87e2d519
0000010cc1944d19
0000010cd1008359
0000010cd7285eb9
0000010ce01dfa39
0000010d01f519d9
0000010d162106d9
0000010d41499fd9
0000010d5d32f719
0000010d68478a19
0000010d8d749919
0000010da0a81a59
0000010dcc281819
0000010dd3afb7b9
0000010de815db99
0000010e1a895019
0000010e2f573079
0000010e61624db9
0000010e816b2699
0000010edac9b0d9
0000010eec2eb839
0000010f28f7be59
0000010f34e81df9
0000010f4c59b0d9
0000010f6bfefa39
0000010f8e335d99
0000010fae4d6b99
0000010fce87abd9
000001100ccfac19
000001104f016b39
000001108c2a84f9
000001108f68ca59
00000110a2dbf999
000001111b515e99
000001112734a539
000001118a7a2799
000001118d1ab0d9
00000111e39e7299
000001126ac3de19
000001128b7ae4d9
000001128eb17959
00000112a87d4439
00000112b1be3399
00000112c2533ef9
0000011313d53419
000001133a1f5939
000001134fba4339
000001137b4adff9
000001138297b959
0000011385e4a699
000001139614f5b9
000001139d45b6b9
00000113dba213f9
00000113fefa7879
0000011424205a19
0000011445dfee59
0000011447750b19
0000011462e8e4f9
00000115048414b9
0000011528cff8d9
000001153271f879
00000115358c1a59
0000011560630df9
0000022ae2caaf61
0000000002786071
0000000000000181
000001158da9bc39
0000011598aca379
00000115b2ea8399
00000115ed6ba1b9
00000115fab691f9
00000116059c9559
0000011606286d99
0000011609e60119
0000011612328719
000001161975fa39
000001167073ecb9
000001167cfb7479
00000116a88c76b9
00000116e3d28359
0000011731486159
000001174d09ff99
000001174d0cb1b9
0000011788dcddb9
00000117b1df17d9
00000117e2473639
00000117e74369f9
0000011811a7a959
00000118126e5e39
000001183b45b419
000001183d545739
0000011845e10e79
0000011847e2f699
000001184e55d2b9
000001186c871d59
00000118934e3059
000001193c18adf9
00000119543c93b9
0000011960648e99
00000119b0de7f99
00000119c1abedb9
00000119d7b72599
0000011a0e275179
0000011a444f8359
0000011a7e84a559
0000011a8bee9259
0000011aa33087b9
0000011aaa303cb9
0000011aac8efe19
0000011ab2572059
0000011b06657c79
0000011b3a733f39
0000011b3f75d399
0000011b763f2b19
0000011b76b626d9
0000011b7a25a359
0000011ba0ba73f9
0000011bb06ecbf9
0000011be7b9e0f9
0000011c040898d9
0000011c157b42b9
0000011c572525f9
0000011ca03b0dd9
0000011ce054d619
0000011d429eebd9
0000011daed78459
0000011e1451aa39
0000011e413fde59
0000011e970af479
0000011eaa59de99
0000023d83357461
0000000002786071
0000000000000181
0000011f479f1059
0000011f5dd04679
0000011f68936cf9
0000011f70f7d839
0000011f96758459
0000011faceb78d9
0000011fb6b21979
0000011fbe4bfa79
000001204eeef279
0000012051988ad9
0000012085580219
00000120c07d4779
00000120ca4bb279
00000120fc898cb9
000001218dd0c8f9
00000121e13386b9
00000121e1eb8e79
000001220f7962b9
00000122944d13b9
0000012295bc8bb9
00000122b205fcd9
00000122c7aec759
00000122d67cd259
00000122e51d9d39
00000122edefbe39
0000012347f40959
000001234ca76619
00000123a71300d9
00000123c8b39f19
00000123cd40ce19
00000123f17ba159
0000012494fdca19
0000012522cebbb9
000001252d359599
0000012537d8bbf9
000001254ceb9c39
0000012550bad419
000001255286c359
00000125769c3c19
000001257f308059
000001259d9ccad9
00000125cb7b1379
00000125f1a4a439
0000012631169399
000001263bed85d9
000001265c701099
000001265e057df9
0000012675e04cf9
00000126792ebcb9
000001269a901179
00000126a6cf9679
00000126c6fce619
00000126c88cb5d9
00000126ca1d47f9
00000126e2c16199
00000126eca36c19
00000127156b53d9
000001274e34da59
000001275e9acaf9
000001278433c439
000001278d490df9
0000012797f3c719
00000127bbe13fd9
00000127e06d1679
00000127ffdf0459
00000128077876f9
0000025023a03a61
0000000002786071
0000000000000181
00000128299df599
0000012847d7e559
000001285763ef99
0000012925f4ae39
00000129659b9319
000001296e23e399
00000129d77a1319
00000129d86c6439
0000012a4b7f8af9
0000012a57166719
0000012a608543d9
0000012a761063b9
0000012a99e6f559
0000012b67bb3959
0000012b72f73f19
0000012b911c1979
0000012b94671799
0000012bc29326f9
0000012bf93663f9
0000012bfd48e319
0000012c127ea1d9
0000012c50277fd9
0000012c580f6799
0000012c694f8959
0000012c7878b539
0000012d1e343339
0000012d3d4c9cb9
0000012d64122cf9
0000012da54aedd9
0000012db836ee99
0000012dc00b5079
0000012dcecea219
0000012de6bfab59
0000012df07e3bb9
0000012dfb2df4f9
0000012e01136bd9
0000012e3c2885f9
0000012ea53f16d9
0000012eaf9d5599
0000012eb8a23c19
0000012ed2a23619
0000012f4f2228d9
0000012f712a6c99
0000012f7eca62b9
0000012f9b081879
0000012fbf8295b9
0000012fcadf7679
0000012fefda12d9
0000013004e43159
000001300ccc0d39
00000130184044f9
000001307f7f2b99
00000130c9fbb759
00000130d93b2339
000001310c4ede19
00000262c40b0061
0000000002786071
0000000000000181
000001319111ef39
00000131b3f25379
0000013208024fd9
0000013220f3b299
000001322d1776d9
000001323b66ced9
0000013300b06999
000001330c0b9819
000001331c3199d9
0000013332b06fd9
00000133606a4b19
00000133ac2cfdb9
00000133acfd6739
00000133b55f9ed9
00000133d0937219
000001342a6059d9
00000134307977b9
000001345a96ac39
00000134a897f679
00000134acab53f9
00000134beb21259
00000134cc7674b9
000001355e3b7959
0000013569506299
00000135a7895839
00000135aca23ff9
00000135b6c5d599
00000135e3c7d399
000001361f687f19
0000013628d798f9
000001365f2d66d9
00000137038dfcd9
0000013704c54239
0000013705762619
00000137182d9979
000001371d4543d9
00000137273ee399
00000137329f9ab9
0000013734e81759
000001375df00759
00000137b08d47b9
00000137b3923f19
00000137c357db39
00000137cdab9db9
000001384987e639
000001384bd4aa39
00000138bf61f9d9
000001391098e179
000001391c3f2419
00000139a2674e99
00000139e78c1419
00000139f545fd99
0000013a41f436f9
0000013a4fc95b99
0000013a76c64419
0000013a7c035799
000002756475c561
0000000002786071
0000000000000181
0000013ad1cde079
0000013afa35f219
0000013b2697c739
0000013b376cf619
0000013b4b7cc179
0000013b69777739
0000013b94c00a59
0000013bb38f2a19
0000013c000afd79
0000013c0113c059
0000013c0f6ece19
0000013c17b4feb9
0000013c1d2d8cb9
0000013c73847c39
0000013ca8a3ecd9
0000013cc257f439
0000013cf0e20c39
0000013d06ececd9
0000013d093ad6b9
0000013d23fcd279
0000013d4d528299
0000013d507ef7b9
0000013d677b42d9
0000013d922061d9
0000013e0b531579
0000013e26d469b9
0000013e749193b9
0000013e824e7c19
0000013ec65be6b9
0000013f1607fb79
0000013f1c078899
0000013f4658a5b9
0000013f9a5ac0f9
0000013ffab64c39
0000013ffc7a89b9
000001406f292099
00000140f86933b9
000001415d2e4a99
0000014161ecbe99
00000141793a5579
000001418401ce59
000001419554b559
00000141d9f97079
000001420eb58bb9
0000014222ce4079
000001429c540539
000001430fc0b6d9
000001436d65a339
000001437fcca8f9
0000014386026c99
000001438dbe3179
000001439691ea59
00000143b1936b99
00000143de6fcbd9
00000143ee54b159
0000028804e08b61
0000000002786071
0000000000000181
0000014421bf74b9
000001443905cef9
00000144400948b9
00000144721c4319
0000014476315d59
0000014489114419
00000144a1763499
00000144acb68af9
0000014506518039
0000014530cb8199
0000014534c9e099
00000145800599d9
00000145c6635879
00000145d2eaaab9
00000145ece10659
00000146265978f9
000001463c73e719
0000014645be1ab9
0000014645f1a259
000001465a363e39
0000014696b0de59
000001470e982d19
00000147436f9299
000001475753c7d9
000001476005e359
0000014789766079
00000147ae0fe059
00000147b2d3e0d9
00000147ce687559
000001480d0e72f9
000001481d4c1039
000001482d517d79
000001484af7def9
000001485eb3d239
00000148a1b6fed9
00000148a7feb079
00000148d60d8ff9
000001494d175159
000001495535c499
000001496ce90739
000001497ff44119
000001498cbfec99
0000014994d40439
0000014994dfbf39
00000149bf8aa0d9
00000149bfe4d5f9
00000149c18ca8b9
00000149d6e02839
0000014a09644199
0000014a682d49f9
0000014a79208259
0000014a8b391b19
0000014abd0233f9
0000014abe59a919
0000014b09b619f9
0000014b1b5e4a39
0000014b4f742599
0000014b7faa5a19
0000014b8dd68a59
0000014b9ede26d9
0000014bd6556259
0000014bd864d099
0000014be2bb4059
0000014bf0bc8799
0000014c1e8920d9
0000014c2db88cd9
0000014c3ac2a219
0000014cf6d0f279
0000014d0f6cd119
0000014d1dbc4919
0000014d27e80f39
0000014d30906d39
0000014d45a59879
0000029aa54b5061
0000000002786071
0000000000000181
0000014d5a99f659
0000014d8153dbb9
0000014deb8b7459
0000014df2b2cb99
0000014e4a16ebf9
0000014e8ac4b539
0000014e9e050139
0000014ea4194939
0000014ea65562f9
0000014effa27db9
0000014f23c355d9
0000014f59fb1239
0000014f7f1c9d99
0000014f9a87cb79
0000014f9ac28e39
0000014fc8912679
0000014fd41da839
00000150000300f9
000001502bedaad9
000001503c8ebf59
00000150582210b9
00000150983c7ed9
00000150bfb95d39
000001510d786b99
000001511ed4a2f9
0000015163dba1f9
00000151db488a39
00000151dd2187b9
0000015239e799b9
0000015247d05bd9
0000015256b70cb9
0000015287533f39
00000152bf1fab99
00000152c9c44c99
00000152d3db09b9
000001530bb4adf9
000001532acbb099
000001532fc89ef9
00000153366f76f9
000001539dd27519
00000153c8215c39
00000153d7385719
00000153e760ee59
0000015417f66db9
000001543dc00db9
00000154b48d8a39
00000154ce463439
00000155126d5399
0000015542c3c5d9
0000015542c3dd59
000001554b530df9
000001558f44f679
0000015591f85259
00000155cc78baf9
00000155d89b2a79
00000155dfb8ed99
00000155e58fe739
00000155f97dae99
00000156163650b9
000001564e4b4099
0000015675696fd9
0000015689d41a79
000002ad45b61661
0000000002786071
0000000000000181
00000156b03736d9
00000156b8fb3cd9
00000156b8fb3d79
00000156bf4ae9b9
00000156c2591d39
00000156e0487db9
00000156efc4d219
0000015712fbe519
00000157360db2f9
000001577a9a0ef9
000001578f9eabf9
00000157b6abe679
00000157b6e71539
00000157dca45119
00000157e2cdd499
0000015803ddde59
0000015831eab579
000001584bee4f79
00000158747e7cb9
000001587b57ae79
00000158a072caf9
00000158f49c9219
00000158fc210219
000001594b00aaf9
000001596423ded9
0000015993721099
00000159bf114cb9
00000159c1e31339
0000015a2d683ff9
0000015a8fa61399
0000015aa5f00119
0000015aadbeb039
0000015aea7d4119
0000015b190f2ad9
0000015b20c66459
0000015b31ae99d9
0000015b362b94f9
0000015b4bd0cc39
0000015b82adec59
0000015ba9c98679
0000015bae503d99
0000015baf34cb99
0000015bcf5cb999
0000015bdf26b699
0000015be69ae1d9
0000015c179fa639
0000015c9a682579
0000015ccdada6f9
0000015ccfac2239
0000015d0b25ebd9
0000015d0dc53d59
0000015d1a00a759
0000015d1d90b779
0000015d2f80cd99
0000015d31d65879
0000015d3a45e959
0000015d60e91cd9
0000015d87420619
0000015d96184419
0000015da2d9fa39
0000015da5e1f2f9
0000015dfca2b7b9
0000015e11d562b9
0000015e1d305539
0000015e8d9c9659
0000015f53d0c979
0000015f6e46b739
0000015f7321d4d9
0000015fc8460a19
0000015fd6800959
0000015fd7eaff39
0000015feef2ad79
000002bfe620db61
0000000002786071
0000000000000181
0000015ff8c48599
0000015ffcdf74d9
00000160046eeab9
00000160464489d9
0000016063ab3279
000001608c07c0d9
000001608f8d7739
00000160a1a83399
00000160b6be4a59
00000160f00c80f9
00000160f2fc5cd9
00000160fe47e5f9
000001614d7c3659
0000016153e35279
00000161559083d9
0000016168c15859
000001618a3f4cd9
000001618d8615d9
000001619f5ed7b9
00000161af0b4039
00000161d7cfecf9
00000161dddc3df9
000001622e371879
00000162527f4979
00000162692f0679
000001626c8ea979
000001627f5523d9
0000016297b35fd9
00000162a9717339
00000162bf709399
00000162d385b6b9
00000162fd3a8839
00000162ff9571f9
00000163243d0af9
000001635cd9b3f9
000001638cd1fa19
0000016390596e99
00000164225462f9
000001645c638d59
00000164749ccef9
00000164957540f9
00000164ad0a47f9
00000164b01a5a19
00000164b01a5ad9
00000164b2092339
00000164e9d07eb9
00000165394a2239
000001655a0f0d79
000001656f055479
00000165f047c839
00000165fb0dae19
00000166221a7d99
0000016624c45b19
0000016633820b79
000001663954c3b9
000001668f6dce19
00000166a2c04719
00000166f30d0099
0000016700d59199
0000016752b58539
00000167b2811a59
00000167e858fed9
00000167fa522db9
000001681951a5f9
0000016821150959
0000016822a5d0f9
000001686b21a539
00000168751d2659
000001688b6b1079
00000168bf6167f9
00000168f7a76219
0000016918a24f19
000002d2868ba061
0000000002786071
0000000000000181
0000016942b4f619
000001697fd9ee19
00000169a0012c79
00000169a0fc4619
00000169a7c60d99
00000169afcd50f9
00000169bf3261b9
0000016a28041d99
0000016a413b1c19
0000016a8b53bb39
0000016a9e053bb9
0000016abc570ed9
0000016ac2aef219
0000016ade8ca1b9
0000016ae9f45ad9
0000016afe948499
0000016afe948559
0000016b14f57399
0000016b70fe51d9
0000016ba7a44759
0000016bec31bf59
0000016bf753fd19
0000016c07fb4fb9
0000016c2719aad9
0000016c2b34a0f9
0000016c55335ab9
0000016c5d526479
0000016cca6ae939
0000016d49607199
0000016d4bc9d4d9
0000016d65dd6bb9
0000016d70b6b2d9
0000016d9ab9a779
0000016da5d781f9
0000016dabc75db9
0000016df3be2339
0000016df5c7b699
0000016df95cc5d9
0000016dfa9e65d9
0000016e23762f39
0000016ed0997a19
0000016ee2545839
0000016f9033bbd9
0000016fc83d5259
0000016fd2477779
0000017014e2bd59
000001704167ef19
000001705df3dc99
0000017060ef9639
0000017095f90879
000001709bf46359
00000171586287b9
0000017169bd9e79
00000171b5463d59
00000171c69b65b9
00000171cca3c1b9
00000171d51d6b39
00000171f177fad9
0000017201eb22b9
000001722065c4d9
00000172590c0699
0000017261d79a39
00000172638d1799
00000172653634d9
000001726f4b6e59
000002e526f66661
0000000002786071
0000000000000181
00000172d2ddd139
00000172fc8493d9
000001732b7c4359
0000017330c944f9
000001735422a659
0000017368d104d9
000001737e41b3b9
0000017393230579
000001739b482539
00000173b0222399
00000173d924f759
00000173e4d8ac59
0000017419b2d099
0000017459e75139
000001748daa0459
00000174c12afeb9
00000174d4a58ad9
0000017519806479
0000017527e996f9
000001752e217eb9
0000017559780a19
000001757f3fc239
0000017598170719
000001759a153779
00000175be4eff39
00000175cc29d4f9
00000175ce20f699
00000175f1e3ec39
0000017622058eb9
0000017641ead6b9
0000017653cc11f9
00000176b7df80b9
00000176bc17a0d9
00000176da760679
00000176ee3bc979
0000017726382479
000001777314e879
00000177a4ccad19
00000177c8643099
00000177cc18a039
00000177fdc502d9
0000017814f009d9
000001782b43acd9
000001783493c179
000001783b29c119
000001783d405539
0000017842c7a699
000001784d843739
0000017888a774f9
00000178bb222b79
00000178bc628019
00000178be67b039
00000178df4afaf9
00000178e13e6bf9
00000178e2f3f2d9
00000178faf813b9
00000178fbbbe179
00000179212ed6b9
00000179764349d9
000001797c3709b9
000001798f0d49d9
0000017a12abba59
0000017a1c819b39
0000017a22d30e39
0000017a4398af19
0000017ac34946f9
0000017aca480899
0000017aed254819
0000017b25810299
0000017b428641d9
0000017b4ac7be99
0000017b704f70b9
0000017b90fb55b9
0000017baff014d9
0000017bc0bd8ab9
0000017bc4171f59
000002f7c7612b61
0000000002786071
0000000000000181
0000017c3159d819
0000017c953c9e19
0000017c98a27cf9
0000017cac06a479
0000017cd2942219
0000017d12b02ed9
0000017d4041d359
0000017d4c1e3139
0000017d9f7fcef9
0000017dadd31f99
0000017db208eff9
0000017e09999619
0000017e1302dd19
0000017e257915f9
0000017e84b8dc19
0000017ebd5819f9
0000017eeeb5e059
0000017f09902b19
0000017f481127d9
0000017f552ee9f9
0000017f65c075b9
0000018036121339
0000018044854279
0000018066c14ff9
0000018075d79319
0000018078bfc7f9
0000018084163079
00000180acf8dcb9
00000180c642c319
00000180f56a2679
0000018101d4caf9
000001810ac7b579
0000018118e0cbf9
00000181923c0bf9
0000018195354db9
00000181ac86e7d9
00000181ca5ef939
00000181e9f9d799
000001822f9fe0d9
0000018280f99c19
0000018286bca499
00000182a024bed9
00000182b3325319
00000182ca4af839
00000183308d9459
000001836c577b99
00000183772ce3b9
000001837c219899
000001837d1251f9
00000183aa124af9
00000183bff9c6f9
00000183caf518b9
00000183ce5a3059
00000184125c83b9
0000018425215bb9
0000018436c23759
0000018445570a79
0000018466fc86b9
0000018513bbca59
0000018516da1b79
0000030a67cbf061
0000000002786071
0000000000000181
000001853b25fdf9
000001853b9464b9
0000018541656459
000001854b5967f9
000001854e636819
000001855ac8f8f9
000001855aefd6d9
0000018565f257f9
0000018579a7c679
0000018587a95639
00000185b252f319
00000185c361c899
00000185edca4599
0000018623ff17d9
0000018644319519
00000186857948b9
00000186c725f619
00000186d8ba9df9
00000186f748bdd9
00000187013964d9
0000018770585719
000001877597fbb9
0000018779c74bf9
000001878270e6d9
00000187c7f768f9
00000187c8335c19
00000187dbe9d539
00000187df3ef079
00000187e286d259
00000187fd466139
000001881eb50bd9
000001885e51f6d9
0000018881716299
00000188e1c7ccd9
00000188f78ef259
000001891dde4739
000001895edf1579
00000189a4f557d9
00000189b3e5b8b9
00000189ce2872f9
00000189d8905f39
0000018a152653f9
0000018a15a14ff9
0000018a455a7839
0000018a5e268fb9
0000018a974d89b9
0000018af2aaeaf9
0000018b243b6c99
0000018b49115559
0000018b5b0b4eb9
0000018b629a0159
0000018b74d20c79
0000018ba9707879
0000018bb4c55619
0000018bbc892f39
0000018be0682f99
0000018bf0e1f899
0000018c0d69b039
0000018cac01fa79
0000018cb7b1adf9
0000018cb9daf2d9
0000018d1f6e0ab9
0000018d3475ce99
0000018d63ad6b99
0000018d836dee99
0000018ddc5ec899
0000018ddea89359
0000018de590b8f9
0000018ded8721d9
0000018dfe43c639
0000018e063213d9
0000018e065b98b9
0000018e4ca432f9
0000018e6578f579
0000031d0836b661
0000000002786071
0000000000000181
0000018ecc9e2879
0000018f019a6a99
0000018f660a0d19
0000018fa7752b59
0000018ff4fcdc39
00000190508934b9
0000019078ee0519
00000190eeb74159
000001911e9f8979
00000191208f25f9
000001912d5cbc19
000001913c8ec819
000001916f47b399
000001917ac402d9
000001919b119199
00000191a23fdd59
00000191ca1a0859
00000191f171a879
0000019248a1f6b9
00000192540990f9
0000019254dad139
000001926392bb59
00000192a80dd6d9
00000192a898b659
00000192a9189d79
00000192c0c0ff59
00000192db8e2139
0000019301edb6f9
0000019311947359
000001938acac1b9
00000193969e22f9
00000193bfde6679
0000019417170259
000001943ae34e39
000001946fa5fe99
00000194a272c659
00000194c5d07c99
00000194cbdaa119
00000194cc394b39
00000194dbb78a99
000001953b5e5e99
000001954b24d7b9
00000195c83b2eb9
00000195cace67f9
000001962894ff19
000001965a79a119
000001965b7fa439
000001965e05b3b9
00000196771089f9
00000196a7888419
00000196a94c8af9
00000196bd06de99
00000196c7751e39
0000019739eb5a79
0000019762eca719
0000032fa8a17b61
0000000002786071
0000000000000181
00000197f8951cd9
000001980507e179
0000019894d89179
00000198bf524259
00000198d90cc9f9
00000198dd5b8399
00000198e5f92b19
00000199079ef4f9
0000019932a68479
000001993eb5add9
0000019956077719
0000019979bd1bd9
00000199d276b179
00000199ee42d9d9
00000199fa375bd9
0000019a0afd4119
0000019a183dc0b9
0000019a2a8587d9
0000019a3f11ec19
0000019a7343b3b9
0000019aca16c319
0000019af79c8319
0000019b0742a739
0000019b103f0739
0000019b18160339
0000019b39ffee39
0000019b3cd0c7d9
0000019b51175a39
0000019b6f9d0b79
0000019b83a70819
0000019bb0f53f39
0000019bccccf599
0000019c2c5e65f9
0000019c77545e79
0000019c8e89d179
0000019cccc91339
0000019d0bb4e799
0000019dcebc3a19
0000019e1a4dbdd9
0000019e201cc4b9
0000019e45afb4b9
0000019e5818c159
0000019e60a98e19
0000019e69fc86f9
0000019e7223c579
0000019e98b87c39
0000019eb049cbd9
0000019eba9a0cf9
0000019ebffd39b9
0000019ec43da159
0000019ec6c23cf9
0000019f00d08e99
0000019f05944079
0000019f153968d9
0000019f176c47f9
0000019f473f59f9
0000019f4c8cadb9
0000019f939b9ff9
0000019fa0837b99
000001a00661ac39
000001a0a4c53719
000001a0b3d2f259
000001a0f03c54b9
00000342490c4061
0000000002786071
0000000000000181
000001a144436559
000001a173ee4399
000001a1a6f6b4f9
000001a1be5450d9
000001a1ebe43719
000001a20685d299
000001a220d576d9
000001a242d4fa79
000001a2870504d9
000001a29ff59179
000001a2adcd74b9
000001a2bcabda39
000001a30b6a7819
000001a31b573199
000001a37e7575b9
000001a3b6d42bb9
000001a3e4e147f9
000001a3e99c56d9
000001a3f4f3d8b9
000001a41dfb0e79
000001a46fbadb39
000001a4a0b1b3f9
000001a4a49fd2d9
000001a4a59b7499
000001a4bb496d59
000001a4da318059
000001a4e7b1a6b9
000001a504bf5fb9
000001a52a460259
000001a546dbcef9
000001a56caf44b9
000001a57f383419
000001a59e2614f9
000001a5fbc9c579
000001a6231d9a59
000001a65de95139
000001a67ffda859
000001a6861aecf9
000001a70ff6f119
000001a7129b02f9
000001a719beaad9
000001a737079839
000001a74e8bbe79
000001a74fb72fd9
000001a76d838959
000001a7915895b9
000001a7ab6ffa99
000001a7e2108cd9
000001a804425c39
000001a805026b59
000001a85549a139
000001a89f5a43f9
000001a8b8916ef9
000001a8c6277419
000001a93087a019
000001a9c9c7a2d9
000001a9ea991d19
000001a9fb523c39
000001aa01870cf9
000001aa05afe799
000001aa6256e519
00000354e9770661
0000000002786071
0000000000000181
000001aa91aa4e19
000001aaddb292d9
000001aaf9d17399
000001ab246ec459
000001ab27021759
000001ab2bb9ded9
000001abd5102259
000001abf219d5b9
000001ac185a0f99
000001ac41f5a459
000001ac4cee0919
000001ac5b4ea579
000001ac6388e719
000001ac67264799
000001acf98e8359
000001ad1bc7fdb9
000001ad673697d9
000001ad777201d9
000001adb2661619
000001adf7905ed9
000001ae00229139
000001ae44eecb99
000001ae5c9de679
000001ae99d5bc19
000001ae9ba14739
000001ae9f4b9839
000001aec6b4ead9
000001af0188bed9
000001af27c41239
000001af55890379
000001af6af67239
000001af95364119
000001b06e94c8b9
000001b0df807d59
000001b11784b6d9
000001b1535a8439
000001b171ec93d9
000001b1756e5ab9
000001b1801af919
000001b199f8c5f9
000001b1c4873bf9
000001b1ccd841d9
000001b1ef654859
000001b1f3141039
000001b2035fe079
000001b26bdd7b39
000001b2c728b1d9
000001b2cdd4efd9
000001b339c51699
000001b364c05df9
0000036789e1cb61
0000000002786071
0000000000000181
000001b3d6975d59
000001b3e22a6679
000001b3e22a6f19
000001b3f2887bd9
000001b3f4b00019
000001b477a113b9
000001b49404f3f9
000001b4ca8bb4d9
000001b4d1855a39
000001b4e5739a59
000001b505c8e039
000001b5154fd219
000001b516be0fd9
000001b523634c79
000001b52833b359
000001b564357439
000001b56f28e3b9
000001b5e18c6e99
000001b5f0f07399
000001b60145ea19
000001b612dbd979
000001b62a824f19
000001b62b171f99
000001b648739a79
000001b64f7d7539
000001b68f6a8a19
000001b6ac4af959
000001b6c1cf2379
000001b6da659439
000001b6dd89c1b9
000001b6e29364b9
000001b76a774b19
000001b782a984b9
000001b7a8381eb9
000001b7b1c3b839
000001b7b40351d9
000001b7e1a1d8b9
000001b7f89544b9
000001b7fdb28659
000001b7ff7a1259
000001b8293ae1b9
000001b8893bcbb9
000001b8b0059179
000001b8be531a79
000001b8e62c9f39
000001b921e3a5f9
000001b949c1a7b9
000001b954ba2ff9
000001b98ded2f79
000001b9c81803b9
000001b9d02c7559
000001b9f56de419
000001ba2e29d339
000001ba3467ad19
000001ba54143579
000001ba608a61d9
000001ba60c840f9
000001ba842a8c59
000001ba9446e079
000001ba9fe55e59
000001bacd2b75f9
000001bae1fdbc59
000001bb2254b299
000001bb6f636bd9
000001bb9c7b2359
000001bba500d6f9
000001bbb32a8599
000001bbb43ba539
000001bbb6ede959
000001bbc47cc999
000001bbd2a7cb79
000001bbf69db6d9
000001bc6acb7399
000001bcadb44399
000001bcd6a20079
000001bcfcef4459
0000037a2a4c9061
0000000002786071
0000000000000181
000001bd309e0799
000001bd4d210019
000001bd60679359
000001bd766d1959
000001bd7defaaf9
000001bd95936859
000001bdd1e160d9
000001bdd5e823f9
000001bde9e50a99
000001be4eefc5d9
000001be5f1ecb19
000001be60f41539
000001be9159d999
000001bec31063b9
000001bf0d847c79
000001bf2736fc99
000001bf31118bb9
000001bf3d6da899
000001bf490361d9
000001bf4aeda099
000001bf60d74139
000001bf8dfcf2b9
000001bfa9911ef9
000001bfc13624b9
000001bfd6d0d779
000001bfe2f9b379
000001bff5175f19
000001c043988d59
000001c0638c4dd9
000001c0d1c81fb9
000001c0d2374879
000001c0da5d4559
000001c176612a19
000001c176a01fb9
000001c1bbba2a59
000001c1c36e8a59
000001c1d588a339
000001c1f89883d9
000001c22dc53039
000001c22dc758f9
000001c2707171d9
000001c2a7e19fd9
000001c2b5dd6b99
000001c329e72459
000001c32cc35c99
000001c33232caf9
000001c38be0df59
000001c3da3c6cf9
000001c42c6e7679
000001c44ae82eb9
000001c44f4b20f9
000001c4b4caa8f9
000001c519621419
000001c51a538d19
000001c5685edbd9
000001c59c4cab99
000001c59c4cac59
000001c5d2b782d9
000001c5e59b4e59
000001c633a2b4d9
000001c6544d7419
0000038ccab75561
0000000002786071
0000000000000181
000001c684a0e899
000001c6a1fa6599
000001c6a50b6839
000001c6ce626f19
000001c70b240479
000001c70daf6439
000001c71e320379
000001c7228a7b79
000001c74cf97f59
000001c764e6e579
000001c768fbe079
000001c7a8d9c899
000001c7b45552d9
000001c7ca171199
000001c7e16cc5b9
000001c7fa3df419
000001c8082b2339
000001c816bd11f9
000001c84ab294f9
000001c86eb8a659
000001c88c0e5d39
000001c88dabdd79
000001c8923e93f9
000001c8efd98e19
000001c8fa7af5d9
000001c914b67539
000001c93b6c1819
000001c9470aea79
000001c984b81359
000001c996121f59
000001c9e7cd6399
000001c9f0692919
000001c9ffae6dd9
000001ca45f55999
000001ca59786ab9
000001ca6a3fda99
000001ca7d9ac679
000001ca7edd6e99
000001ca97c423b9
000001caa23bd2b9
000001cadee18139
000001caef849f79
000001cb0ba63bd9
000001cb195d0e79
000001cb4041b1b9
000001cb769ba2d9
000001cba194dab9
000001cc224caed9
000001cc3e6fccd9
000001cc7922a1f9
000001cc7deafb19
000001cca2d41f59
000001cd16ba3fb9
000001cd1b674ed9
000001cd6d0c78f9
000001cd7a122a99
000001cd9528dbd9
000001cda4cf2dd9
000001cdd23a8bd9
000001cdea036bf9
000001cdff2d1579
000001ce135c8d39
000001ce383b5739
000001ce3ed125b9
000001ce4a4c5159
000001ce59c756f9
000001ce8712ff79
000001ce8779dbb9
000001ceb55ffab9
000001ceb620e379
000001cf2e060299
000001cf5077a159
000001cf55aefcd9
000001cf683255b9
000001cf72b3cff9
0000039f6b221a61
0000000002786071
0000000000000181
000001cfdb86e6f9
000001cfe5b661f9
000001d018e8a359
000001d021ecff79
000001d029512f79
000001d095013219
000001d0a121c2b9
000001d0d64ac699
000001d12185bb59
000001d15e3a56d9
000001d191e898b9
000001d1933be6b9
000001d1a90b9d19
000001d1aa461ab9
000001d1b35f6119
000001d1b35f61d9
000001d1cbf40f59
000001d1e0b8bad9
000001d211393d39
000001d2453c7a39
000001d26647fcd9
000001d2a970fa19
000001d2f1c96fb9
000001d31e027f59
000001d324126cb9
000001d328f54f99
000001d329601719
000001d346ea55b9
000001d38fa9b6b9
000001d3960f06d9
000001d39902ced9
000001d3a2012bf9
000001d3afa779d9
000001d443771299
000001d495067f59
000001d4e4e12c39
000001d5883db9d9
000001d59b9f41d9
000001d5faf625b9
000001d6302c7139
000001d6494b98b9
000001d6621b1f79
000001d68e361779
000001d6da1e8a99
000001d6e35e12b9
000001d775bcbf99
000001d7be2afc19
000001d7bf536e99
000001d7d7bdd0b9
000001d7e2e173f9
000001d7e47ce6b9
000001d7ed10da59
000001d7f1aafd79
000001d8920a31d9
000001d893a69a19
000001d8a0bedc19
000001d8cee62a19
000001d8cf371359
000001d8de8a13d9
000003b20b8cdf61
0000000002786071
0000000000000181
000001d990558ef9
000001d9a3f2ed79
000001d9baea8179
000001d9c13a6b99
000001d9f35b2099
000001da2d1e44d9
000001da71c7b379
000001da73dc4bf9
000001da839faf79
000001dac5946759
000001dad3190319
000001dadb1ddfb9
000001db0b147e59
000001db3b588719
000001db785e9b79
000001db8b99ff79
000001db8d19b019
000001dbe852e4d9
000001dc018045b9
000001dc0a951179
000001dc0f832559
000001dc2400eb59
000001dc5a6d9ad9
000001dc5b3c94f9
000001dc731cff59
000001dc78633159
000001dc8c4a5f39
000001dcae17c5d9
000001dcd154ddb9
000001dd0ad4ba39
000001dd1c1257d9
000001dd35a84b59
000001dd3d2e6299
000001dd59dc4f19
000001dd70dea0b9
000001dd72335599
000001dd7b45ecf9
000001dd824fce19
000001dde8a7bcb9
000001ddf239f259
000001ddf239f319
000001ddf7916379
000001de5210eb59
000001de9831a019
000001deac0c4939
000001deaf9d15f9
000001deb08772b9
000001decd008b19
000001deda963c19
000001dedfcac4b9
000001df1ea0cc39
000001df28d69459
000001df4ff9d2f9
000001df7db0fd59
000001df88ef0599
000001df9e117ef9
000001dfc5834319
000001dfcedc51b9
000001dfff2ff679
000001e058f80379
000001e05f8417f9
000001e071eccf39
000001e115026919
000001e155fd4499
000001e1595fb159
000001e16f7ea699
000001e175817b19
000001e1df498d39
000003c4abf7a461
0000000002786071
0000000000000181
000001e25f642e99
000001e29056b9b9
000001e2d2470199
000001e32bf430d9
000001e348296919
000001e34f0a28f9
000001e39a47f079
000001e39c950839
000001e3d0de6159
000001e3f0e7d799
000001e418ae4d19
000001e41f498dd9
000001e430a65ff9
000001e4636a18f9
000001e4ad018159
000001e4b0675d79
000001e4b6e1ac79
000001e4c9a58f99
000001e4db210959
000001e503668339
000001e538810039
000001e56a97f439
000001e57878ea99
000001e5a0e96599
000001e5d030d3d9
000001e5fa9160b9
000001e63d7c6839
000001e64b2fea99
000001e688c05759
000001e6d1e31779
000001e6d268e839
000001e6de137ed9
000001e6e7421579
000001e73bf9c9d9
000001e74964dfb9
000001e74a4aafb9
000001e7bcb6af79
000001e7fb81ea79
000001e892bbe259
000001e8f305a739
000001e93bda27f9
000001e95b52e4b9
000001e97cf4c259
000001e9a5bcb239
000001e9bdc67b39
000001e9e61df379
000001e9eaf16699
000001e9eff60c99
000001ea0989dad9
000001ea0dc64619
000001ea13440af9
000001ea34f02459
000001eab23905d9
000001eab82b6cf9
000001ead76d04d9
000001eadb42fcf9
000001eadc83eeb9
000001eaec7758b9
000001eaf0d1df19
000001eb02c38b79
000001eb02f996b9
000001eb17360219
000001eb22238f59
000001eb5d3fb739
000003d74c626a61
0000000002786071
0000000000000181
000001eba7e26df9
000001ebb71c7519
000001ec04b81b19
000001ec127c3e39
000001ec296db979
000001ec3f122ab9
000001ec6b99ef19
000001ec86197379
000001ec9a38d759
000001ecc788de79
000001ecce9c00d9
000001ecec904579
000001ecfefe9759
000001ed133b6c59
000001ed223353b9
000001ed534f0d79
000001ed6f357539
000001edebddb059
000001ee1359f019
000001ee41c5c199
000001ee7a98b179
000001ee889a0039
000001ee95e8bb99
000001eea6544079
000001eea6e59e19
000001eea8524479
000001eeb8a36bb9
000001eec4e9e599
000001eecf128f79
000001eee87d6599
000001eef2955a99
000001ef13a661f9
000001ef1e6a7399
000001ef56d16bf9
000001ef9f11f7d9
000001efc4f17519
000001efc77abeb9
000001efda712999
000001f00c02e7d9
000001f0105e4179
000001f031dd26d9
000001f072dc6e19
000001f07a34c699
000001f097a5b1d9
000001f09e52e8b9
000001f0d78c65d9
000001f10f6506d9
000001f11c844a59
000001f1328e28f9
000001f15f4c0e99
000001f16ad19319
000001f182a41059
000001f1c5bb8279
000001f1d6d02999
000001f1d7e10759
000001f1dffab619
000001f1f9464139
000001f2152e1e19
000001f216313bb9
000001f2197903f9
000001f22984afb9
000001f2308658b9
000001f28c342f59
000001f2cb81ddf9
000001f2e6243379
000001f2fcb3a8f9
000001f3250fe559
000001f339281019
000001f3572399f9
000001f37799da39
000001f39168fab9
000001f398cfaa19
000001f3b3b450d9
000001f4749c8559
000001f47f226779
000003e9eccd2f61
0000000002786071
0000000000000181
000001f4fc86ce19
000001f51a3b46d9
000001f52a837cd9
000001f52c487319
000001f536465939
000001f5f9b37b99
000001f5fa91a539
000001f629b72639
000001f652929599
000001f677f70a99
000001f69193c9b9
000001f69bfd4059
000001f6c633fe39
000001f6f1453479
000001f6f8274cd9
000001f7109aa899
000001f7564ebd79
000001f75de10259
000001f77cfe2b79
000001f785049c79
000001f7d0d3e979
000001f7d776a399
000001f839bb96d9
000001f8458ed419
000001f851aa25d9
000001f854643b39
000001f858ba5299
000001f8a5812659
000001f8cd25d2b9
000001f906fa3ab9
000001f9694a1599
000001f9dbab1f59
000001fa30e4ce79
000001fa32bb19d9
000001fa449bce99
000001fa920c0c59
000001fa97a23419
000001faad671c19
000001fab2f4f299
000001fadad68d79
000001fb126e68b9
000001fb41724af9
000001fb50fd20b9
000001fba8d6cb99
000001fbb2b0bd79
000001fbc6cd6659
000001fbc767f819
000001fbd3015e79
000001fc26fc0659
000001fc38483bb9
000001fc6130c919
000001fc7007f279
000001fc96b7db79
000001fcb2619c99
000001fcbd921819
000001fd56296479
000001fd90fe5219
000001fdb0028879
000001fdbf580419
000001fdc96ac079
000001fdcedc1ff9
000001fde687bd19
000001fe0c1f5979
000001fe0dd7df19
000001fe3f1292f9
000001fe42878a19
000003fc8d37f461
0000000002786071
0000000000000181
000001fe48696779
000001fe54ef79f9
000001fe59f8f4b9
000001fe8b21ec59
000001fe8d5813d9
000001fe8f2aa399
000001fee96e1419
000001ff098d7f99
000001ff328b2d79
000001ff79a41a99
000001ff87425f19
000001ff986b2ff9
000001ffa132aa39
000001ffaf73ddf9
000001ffc182d799
000001ffd22fead9
00000200004a72f9
000002001761f699
0000020081573839
00000200d01f47b9
00000200e43c5a59
0000020123ac13f9
000002012560c699
0000020130a13f99
0000020147307af9
000002017ca4feb9
00000201909b87b9
00000201b23c2f99
00000201c961f759
00000201e6e18a19
00000201eee01899
00000201f5bdf6b9
00000201fd13cd39
00000202053e6bb9
0000020228e35359
0000020248cdbbb9
0000020278a5fe59
00000202a5699c19
00000203215394b9
00000203384bd699
000002034b8471f9
000002034cddaf19
0000020364a68f59
00000203656b0779
000002036b5c5779
000002036ffd5459
000002038bc27af9
00000203c1b981f9
0000020416eb8499
00000204615c88b9
0000020470202d79
0000020473afbab9
000002047853c759
000002048de11a39
00000204b4a406f9
00000204e010e919
0000020506453339
000002052be82ad9
00000205386c8c79
000002053d56e8f9
000002058381ba79
000002058bee7a79
00000205f90ccd59
0000020624d188f9
000002063fd5b9d9
00000206428be679
00000206484baa39
0000020657aac039
000002065e7d7879
0000020660d58a19
00000206cf9b2bf9
00000206e6b86af9
00000206f06f9bd9
00000206f3b1e479
0000020720fae659
00000207389faf39
0000020774d77e59
0000040f2da2b961
0000000002786071
0000000000000181
000002079b7878f9
00000207a8f6a2d9
00000207b6ca7439
00000208019b6f79
0000020813c0cb99
00000208373ace19
000002086b0e3859
00000208b12cacb9
00000208c66aa519
00000209297ff759
0000020955369f79
0000020966607a99
000002096aa353f9
00000209859f0cd9
00000209ad5bd0f9
00000209d9423379
0000020a29ac7ff9
0000020a4364ab39
0000020a56522779
0000020a812a5e39
0000020a824d3a19
0000020a846a17f9
0000020a946be079
0000020ac252ab39
0000020b16d18459
0000020b324d6379
0000020b32bffc99
0000020b49725239
0000020b4ba63cf9
0000020b4dd5e219
0000020b6a8819b9
0000020b70711c59
0000020b760812b9
0000020b765a5c99
0000020b879f9719
0000020bbd728d79
0000020c1baedb59
0000020c43f4a319
0000020c591c5d79
0000020c94ffa479
0000020ca9d78499
0000020ca9e340b9
0000020cd3d1bbd9
0000020cde9e9dd9
0000020d01e93599
0000020d83104359
0000020dbde9c759
0000020dd8ac9b59
0000020e16f5efb9
0000020e324e8279
0000020e6bce1a79
0000020e8852d9f9
0000020ed802cad9
0000020f08da8f59
0000020f484c4ad9
0000020f585da0f9
0000020f6cc67f79
0000020f97202a79
0000020fbd0ca199
0000020ffc44d139
000002103c9b3779
000002109a782359
00000210a3d082b9
00000421ce0d7e61
0000000002786071
0000000000000181
00000211029a5919
00000211556a27d9
000002115b2fd679
00000211832b6c19
0000021198a46fd9
00000211bef101f9
00000212179a1fb9
000002125130e9b9
00000212572d1619
00000212a025f2d9
00000212cba23e59
00000213248a10b9
0000021342f2aa79
0000021386fa3819
0000021392372399
00000213983343f9
00000213bc4e3879
00000213beda9839
00000213d84f5719
000002140570f959
000002143cf132f9
000002145b766159
000002147eb99bf9
0000021499b5a559
00000214ba984e19
00000214d8a786f9
00000214e871d739
00000214f1d54c79
00000215241364f9
00000215562e3fb9
000002156b71cc59
000002157746e0b9
00000215b4b1a739
00000215c77ef8f9
00000215ed007859
00000216522a24b9
00000216531d7399
000002165ed22b79
000002167f08f2b9
0000021682dd25f9
000002168ae3a379
00000216c2a59079
00000216ee958719
000002170e023bf9
0000021719efd659
000002173358db59
000002173b19ee19
000002175ab72219
000002177d666999
00000217898ee819
00000217b9729eb9
00000217bd7cc099
00000217bd7cd2f9
00000217be845a99
00000217df872c99
000002180b9a9b59
000002183bee7619
0000021879236c19
0000021880b36519
0000021926c56439
0000021979c2d539
0000021982416d59
0000021988ded9f9
000002198d508319
00000219aacaf8b9
00000219cefbd719
000004346e784361
0000000002786071
0000000000000181
0000021a73711a59
0000021a95095919
0000021ae1afc6d9
0000021ae3b7d199
0000021af5198579
0000021b257c9b59
0000021b2c382079
0000021b4745a299
0000021b5b6efc79
0000021b5fe56939
0000021b6d238399
0000021b776b4e59
0000021bb16c5079
0000021bdba5f319
0000021c54ac4f59
0000021c850bcf79
0000021cadb9e799
0000021d2712c6b9
0000021d74a66bf9
0000021e21a113d9
0000021e38cc7839
0000021e51dfcef9
0000021e8616a859
0000021e9e972739
0000021e9ec68dd9
0000021eac5e8c59
0000021ee09f1699
0000021f298502d9
0000021f2ff70239
0000021f30638cb9
0000021f4029d319
0000021faf5bb5b9
0000021fdeec64b9
0000022032b39259
0000022066b08639
0000022080fb7119
00000220a5c32ed9
00000220eb2f7899
000002212cc4e779
0000022152b2bd99
0000022157b343d9
00000221689a18d9
0000022196430d39
00000221df004339
00000222151f4c79
000002222c971919
000002223ade8c39
00000222465da919
00000222988b3999
00000222afb021d9
00000222c5b26a79
00000222df914bb9
00000222f5f31679
0000022312f13219
00000223152aa719
0000022332394619
0000022352de1ed9
000002235547db59
0000022356fc6439
000002238444fc39
000004470ee30861
0000000002786071
0000000000000181
0000022392fa40b9
00000223a2d387b9
00000223a9e51319
000002242a754959
0000022480ac1d39
0000022488ba6639
00000224b78b12b9
00000224ce727519
00000224ef4bc499
00000224fcc2a9f9
0000022523310919
000002253e7d3f39
000002257c25b619
00000225a824fb39
00000225cead3cb9
000002262a13a3f9
000002264d30dcb9
000002264e915999
00000226879ead19
00000226c13e90d9
00000226c7d9e039
00000226cb9132d9
00000226dec8b959
00000226f289a819
00000226f8bf24d9
000002271e1e7119
00000227794be559
000002277a357d79
00000227a4aa4cd9
00000227cfaf2c59
00000227d7811899
00000227f8283a59
0000022800f65ed9
0000022823ae53b9
0000022823c6cbd9
0000022843150159
000002285526be79
0000022861488fb9
000002289c3ecd19
00000228b05a07b9
0000022908837f19
0000022983a571b9
000002298f7ec279
00000229ff865f99
0000022a43f4e1d9
0000022aa71f61d9
0000022ab19a3ef9
0000022ab3ff84d9
0000022ac34d6e19
0000022acb5c9159
0000022af55f7eb9
0000022b0b9b1b79
0000022b14d76919
0000022b79156619
0000022b94152c19
0000022bea506ab9
0000022bf5ea31d9
0000022bfd14a359
0000022c095695d9
0000022c24ab8e39
0000022c387d5159
0000022c533140b9
0000022c56f5f2f9
0000022c633a2a59
0000022c775c7a79
00000459af4dcd61
0000000002786071
0000000000000181
0000022cee67a079
0000022cfc26d619
0000022d69f3b099
0000022d7fa5ecf9
0000022d925bb3f9
0000022d974a0c19
0000022dc0ae57b9
0000022dcc6d5e19
0000022dd723a819
0000022de636a6f9
0000022e0f4c7159
0000022e21087699
0000022e91abaad9
0000022edc253959
0000022eefce65b9
0000022f061dca59
0000022f31a905b9
0000022f3662c879
0000022f4f2a3739
0000022f627ac639
0000022fa9d9e1f9
0000022fcffe4179
0000023019acfd59
00000230490fa259
000002305d0e81d9
0000023086f32c59
000002309e3b1f59
00000230d297bdb9
00000231651d3c99
00000231870f9eb9
00000231af3c81f9
00000231b25775b9
00000231b8e2e4b9
00000231bb52dc59
00000231bf31b559
00000231cfd4ea59
0000023222f7b5f9
0000023229c91b59
000002323bb1f6d9
00000232482e0ff9
000002327f1674f9
0000023291e2cd79
00000232a8a9ce79
00000232da4a1559
00000233388e8839
000002334e76c0f9
0000023370f35ed9
000002337a8aab99
0000023380fd9ff9
00000233bead0799
00000233f998a1b9
000002340cb8de39
0000023468ff2059
00000234705e73f9
00000234891e0199
000002349680aaf9
00000234b53ea599
00000234c3328019
00000234eb22b859
0000023517e26579
000002351c4eabb9
000002351d50de79
000002351f3c6c99
0000023544b5f399
0000023551842959
0000023555039a59
0000023559678199
0000023567076279
0000023571d33ff9
00000236009dbb59
000002361fd84079
0000046c4fb89261
0000000002786071
0000000000000181
00000236539d2079
00000236a8b64a79
00000236ce7de299
000002370ab84e79
000002370af70df9
000002372c188159
00000237804c6d79
0000023803bc62b9
0000023803c33879
00000238256e1d79
0000023839b55919
00000238411cd7f9
0000023865eba2b9
00000238694d7599
000002388e79f6b9
00000238ac8f27b9
00000238f8605cb9
000002393ce0b899
000002394d49c2b9
00000239ec52d319
00000239f7c87059
0000023adc9083b9
0000023ae9876ed9
0000023aebeb07f9
0000023b03a42079
0000023b1d23f6b9
0000023b83a2d2d9
0000023b966a93d9
0000023b9a4b9839
0000023ba92b16b9
0000023bbd59c8f9
0000023c18dd5f59
0000023c269521b9
0000023c33c6a3b9
0000023c3826a759
0000023cd4ec07b9
0000023cd6999679
0000023d11be0059
0000023d3969f759
0000023d414b4fd9
0000023d4a461f79
0000023da391a819
0000023daa04bab9
0000023dac8b5cd9
0000023db48435b9
0000023dbdf84459
0000023dc772b939
0000023dca987379
0000023df5765f99
0000023e0e341b39
0000023e1e7eae39
0000023e999dfc79
0000023ebbb96d99
0000023ec756dcd9
0000023ee6389099
0000023efc1f9519
0000023f551acc19
0000047ef0235661
0000000002786071
0000000000000181
0000023f7b2e3d79
0000023fc1dcfd39
000002400e0922f9
0000024038031cf9
0000024040d56899
000002404f5db319
0000024056055f79
00000240a76b8e99
00000240c10fa4b9
00000240cef86879
00000240e2cbaa19
00000240e89b4739
00000240e977d1d9
00000240f82d9d39
000002414533a8b9
0000024193d4ec59
000002419b42d739
00000241c35ba959
00000241ea5ab119
000002422d2c5959
0000024257829159
0000024269b67d59
0000024271f25bf9
00000242dbdf29f9
00000242e58e7199
00000242fcaa0059
0000024318c7b519
0000024336243e99
0000024337d39439
000002438fb80939
000002439a8a4f39
00000243a2343519
00000243b6536079
00000243d8cbf0b9
00000243dae85d19
00000243ea649d19
00000243edae5e59
000002440e1dd4b9
0000024424c621b9
00000244399d4e39
000002444f22edd9
0000024457f12b59
0000024466a98c99
00000244a73e0f99
00000244a73e2819
00000244aca7bcf9
00000244b754e0f9
00000244c5913439
00000244d77176d9
00000244e8406559
000002451224ab99
000002451ab4abd9
0000024537fc6a99
000002455aa13059
000002458f7ddf79
00000245b584fa19
00000245b6268959
00000245ce3d5dd9
00000245e92536b9
000002461b10bd39
0000024655c36959
0000024658e8d899
00000246608ed119
000002466d817319
0000024691db8e59
00000246b0a36139
00000246de951f99
00000246fb4d4e39
000002472376f679
00000247e22665f9
00000247e5188519
0000024843096319
000002486afca0f9
000002487539a359
00000248796040d9
000002489bdbcb59
000002489d3a3c59
00000248b9acd499
00000491908e1b61
0000000002786071
0000000000000181
00000248c8a0bf79
00000248cdb62f59
00000248dab5bc19
00000248ebdc7c59
0000024964307559
0000024972003a19
00000249996384f9
00000249b9786dd9
00000249bf380f39
00000249c8e964b9
00000249d84bf579
00000249f614ce39
0000024a27e30759
0000024aa3d7e1d9
0000024ac0cec9d9
0000024ac19d78f9
0000024ad38a29b9
0000024b2c158179
0000024b4aaeef39
0000024b61e140b9
0000024b64250bd9
0000024b7e664c19
0000024ba71824d9
0000024bba437319
0000024bd55f6879
0000024c02ebf239
0000024c08ce3759
0000024c524034f9
0000024c65143179
0000024c70d24799
0000024c73ec5879
0000024c7ab49d19
0000024c96901af9
0000024ca1a62fd9
0000024ca3402439
0000024cacd9ecd9
0000024cceb67639
0000024cd039ae39
0000024cfc5ed259
0000024d3182f299
0000024d3182f359
0000024d4890d299
0000024d9d3ce519
0000024dd05dbd59
0000024e09a4a599
0000024e0bd4f1d9
0000024e3e482739
0000024e468dcc59
0000024e55065299
0000024e5c6c8a19
0000024e625dbab9
0000024e72747c19
0000024e72748df9
0000024e78a38c19
0000024ed6c8be19
0000024ee21203d9
0000024f202987b9
0000024f4ea18b59
0000024f992712d9
0000025027193a19
000002503af68439
0000025044d1a159
000002505571a519
0000025076e77c79
00000250c6cb2a99
00000250f2e76419
0000025105480df9
0000025116d0ef39
00000251443ebe59
000002514f2a5819
00000251eab98919
000002520b9dd2f9
000004a430f8e061
0000000002786071
0000000000000181
000002524d6b3f19
00000252c1588e19
00000252fc0608f9
00000253089dd4b9
0000025344a72d79
000002538859c639
00000254874b9e99
0000025490286fd9
00000254a8a34199
00000254d0626b19
00000254e076d819
00000254e469d239
00000254f47e2919
000002550dddfe19
000002551f1b4919
000002554a63e859
000002556df124f9
0000025581505f79
00000255844da899
0000025589eac559
000002559e39c639
00000255bea44c99
00000255bf0651d9
0000025640cb1d79
000002565bbe5179
000002566f2ff559
00000256b3088ed9
00000256b8d54719
00000256db697bb9
00000257202dd359
00000257363c2879
000002576045b919
0000025767756959
00000257718619d9
000002577240d979
000002577edf1119
000002578341d799
000002579573c019
00000257c643ba59
00000258112c8e59
00000258955c14b9
00000258e2dbcef9
00000258eed1d1f9
00000258ef68cd59
00000258fafa7a39
0000025911efb9f9
0000025919d97259
000002595a2da479
000002596a566e19
000002597df03a19
00000259c7ffb639
0000025a1575e459
0000025a181b0619
0000025a2b9a6b99
0000025a8f0e8899
0000025a92d9be19
0000025ab1862739
0000025ae1632079
0000025b0dc7bf99
0000025b57c11bb9
000004b6d163a561
0000000002786071
0000000000000181
0000025b69e3ae79
0000025b758fde99
0000025b7f4e3059
0000025bd9489ef9
0000025c21f81939
0000025c302906d9
0000025c43c84a59
0000025c7301c8b9
0000025c8c630fd9
0000025cd826cbf9
0000025ce610b959
0000025d0f672d99
0000025d24317559
0000025d2a5666b9
0000025d2f1eec39
0000025d74f13d59
0000025da8274ab9
0000025dabddf499
0000025daebdca19
0000025dc3a898f9
0000025dcdb14c59
0000025dfa2c7f99
0000025dfc596059
0000025e4155ed19
0000025e528dedb9
0000025e84c2e459
0000025e879b2af9
0000025e9c77d939
0000025ea3165c59
0000025eb68c3299
0000025f3c290cf9
0000025f8d1a90b9
0000025fc807f199
0000025fc9bd73d9
00000260566efa79
0000026061fea2f9
000002608c7dda39
000002609e507a59
00000260cfcb1f39
00000260e396b579
00000260edd6b5d9
00000260ef497c79
00000261318b5339
0000026180749b79
0000026188ac3539
000002618ad17bf9
000002619b6a7819
00000261a82b40f9
00000261c56120b9
0000026240c5dff9
0000026260d610d9
00000262651d1239
00000262867d5899
000002628c0cced9
000002628e20da19
00000262c66ae1f9
00000262d13a0079
00000262f5824479
000002634d3cfa79
000002637552c8d9
00000263980b9399
00000263cc384ad9
00000263f6ba53f9
00000263fbe51bf9
00000264584cc4b9
00000264738ae7b9
000002648eb97eb9
000004c971ce6a61
0000000002786071
0000000000000181
00000264df97fe39
00000264e15b2b99
00000264e65ae6d9
00000265030a3979
0000026528a10d99
00000265592ecf39
00000265ad5d7e19
00000265baf5cdd9
00000265e7ddc199
00000265f8188dd9
00000265fe2c9379
00000266102198b9
000002661de9a579
0000026620366dd9
0000026665802dd9
00000266ea621bd9
00000266ee45bad9
00000267352f9bb9
000002676c476539
000002679c529399
00000267a7e622f9
00000267e1edcf19
00000267e6027bf9
00000267e6b1a519
00000267ed050b79
00000268236b8899
000002683ba33d19
000002683f2315f9
000002684640f779
00000268465da719
0000026851253559
000002688383ba59
000002688d1fd219
00000268ab0a5d39
00000268fc773799
000002690c9097d9
000002691ea60999
000002697c40e079
00000269ab9a8099
00000269aecdaf19
00000269d42d3419
00000269f43d8c99
00000269faaa7979
00000269ff400739
0000026a19032fd9
0000026a35cb9db9
0000026a35e83519
0000026a380176d9
0000026a52e6af99
0000026a67f2c759
0000026ad1dae4d9
0000026b27127039
0000026b46765e39
0000026c06f1ce19
0000026c2c2f3679
0000026c5f556879
0000026c6442eed9
0000026c6c9a8d79
0000026c7116d8f9
0000026c8ab05219
0000026c9a439059
0000026ceeccb059
0000026d5e31a319
0000026d66e28599
0000026d8a363d39
0000026d98297119
0000026da3afe299
0000026da4437679
0000026dcc0bf379
0000026de13dde59
0000026dfd043339
000004dc12392f61
0000000002786071
0000000000000181
0000026e088809d9
0000026e15ec0959
0000026e18186b59
0000026e6f306099
0000026e8070f779
0000026ea6dbe499
0000026edc9aae99
0000026ede84ef19
0000026f3bd423b9
0000026f4789bfd9
0000026f64c93f99
0000026f763304f9
0000026fc396ca99
0000026fc6afd6b9
0000026fe07d6659
0000026fe7f49cb9
000002700b840e59
000002709a743499
00000270a7a0a779
00000270ac458a79
00000270dec16799
00000270df3cf779
00000271b224e539
000002723b41b339
000002723e659ef9
000002725fa931f9
0000027265537df9
00000272666fcc59
000002727015dff9
00000272820a9739
00000272d0455239
00000272d3af8b59
00000272dbe87619
00000272eeba5719
00000272efeb5f19
00000272f61e6fb9
000002730bd3bd99
000002731d606d39
0000027373bb3a19
0000027386bb69b9
000002738f8425f9
00000274158689f9
000002741934bcb9
000002742038c639
000002742f453619
0000027451dd3e19
00000274bd1ea999
00000274f841bd19
000002751f37d4f9
0000027553320139
000002757906ee79
00000275a49167f9
00000275b50036d9
00000275bdca3879
00000275c29280b9
00000275c7d12fb9
00000275e3671099
0000027630bf9559
0000027643920879
00000276ad958159
00000276b695df39
00000276f737b1b9
00000276f9a61b19
0000027731d06239
000002773917bc59
000002773b7e5d19
0000027741deaab9
00000277472027b9
000002774e700df9
00000277541a0959
000004eeb2a3f461
0000000002786071
0000000000000181
000002775bd08c19
000002777b314619
00000277833914f9
00000277849e70f9
00000277a330fbf9
00000277cd4823f9
00000277cdb49339
00000277f2dddad9
00000277ff76b839
000002788ad4d4f9
00000278c7c00099
00000278dab1cf59
000002796c33a539
000002799564ac19
0000027996414e59
00000279e3eacf99
0000027a14e9dcd9
0000027a6ff5b3d9
0000027a90399239
0000027ab0963fb9
0000027b02e221b9
0000027b189cd899
0000027b2cd10139
0000027b3dec3ed9
0000027b3ff33739
0000027b563056d9
0000027ba2bb1c79
0000027bad88a659
0000027be3f4a059
0000027c03b01df9
0000027c12eaea39
0000027c266d0e59
0000027c989eaab9
0000027cb7b14ff9
0000027cc00334f9
0000027cdd067459
0000027cf2b8a159
0000027cf7332619
0000027cfe0f6fd9
0000027d0033de79
0000027d0ed2fc39
0000027d0fd5e3b9
0000027d8dd2a859
0000027d9f8b94f9
0000027da91fd339
0000027de4d4bdb9
0000027e534c3e59
0000027e538256b9
0000027e56d0a479
0000027e79cfd619
0000027e7fd2b199
0000027ee09819d9
0000027f4cf17539
0000027f57549799
0000027f612ca499
0000027f666d88b9
0000027f73dc4fd9
0000027f9048dc39
0000027fe8abe059
000002806d71d539
00000501530eb961
0000000002786071
0000000000000181
00000280cb0ac359
00000280d7f15939
00000280fe5afaf9
000002810a2e1f79
00000281186a4039
00000281206baa99
0000028173ada479
00000281dbb3a9b9
00000282172cd699
0000028222ddd099
00000282391d3619
000002823f6f6cf9
0000028293f5b879
00000282bbf7ec79
000002830939cf99
000002830bfed859
000002830dd90159
0000028335e57439
0000028347ec1479
0000028357f08cd9
000002836bebc399
000002840916aaf9
000002841c3a3dd9
000002841c44eef9
0000028420313b19
000002843dc6d079
00000284634a46b9
000002849f7b88d9
0000028521b6d8d9
000002853781b959
000002856bc29bb9
00000285a607cd39
00000285b58d0939
00000285d5bb4859
00000285d72f35b9
000002861225ce59
0000028612f2f199
00000286662e9899
000002866674fb19
000002866a3201d9
0000028674bc7b99
000002870b2a00f9
00000287173b5bf9
00000287a9d80cb9
00000287d5cfd959
000002880e9cce59
000002882f520f19
000002884ced6799
000002884e2b27d9
0000028866c07cb9
000002886885a099
00000288755d2f59
00000288b5f8c639
00000288d30e2699
000002890a477b79
000002895e75e679
0000028972d9e579
0000028980bfac79
00000289c4994019
00000289d2da0739
00000289e3ae46f9
00000513f3797d61
0000000002786071
0000000000000181
0000028a29f1a079
0000028a2cd28739
0000028a362059b9
0000028a553f10f9
0000028a6b6e2899
0000028a7bcbb399
0000028aa8df53f9
0000028ab8490599
0000028ac41a4039
0000028ad2c68c19
0000028add949299
0000028b01ccdbd9
0000028b5441d899
0000028b788be639
0000028b7bcfe579
0000028b93c37319
0000028b97880659
0000028b9b81be39
0000028ba1300919
0000028bc4c36c19
0000028bf4dc0539
0000028c056d0959
0000028c13c8c239
0000028c191743d9
0000028c7650b119
0000028c7e436ab9
0000028cc0838a39
0000028d1242e959
0000028d2bea0139
0000028d54903139
0000028d6a0bf019
0000028da8348779
0000028da8ce13b9
0000028dcd9d8959
0000028deaeb5d59
0000028e4b7e2ad9
0000028e70fe0f19
0000028e7bf3bc59
0000028ebfbb44f9
0000028ed07db719
0000028ed336def9
0000028edbeea179
0000028f11784059
0000028f43b4e499
0000028f718dea39
0000028fab0a9479
0000028fce9f4659
00000290050b05b9
0000029014c8b539
0000029068dc0339
000002907887c319
00000290b6f64759
00000290fd188419
0000029116ec7919
00000291343760f9
0000029135e0d999
0000029138dda799
00000291ae1ed759
00000291c643d9f9
00000291d89cdcd9
00000291e4ae6cf9
00000291e8018d99
00000291ee1b2619
0000029202f85e79
000002920c712839
00000292149eb219
0000029227c49259
000002927ba0d639
0000029296a17bd9
0000029297660a39
000002929f382359
00000292c00f1639
00000292c6ef3b39
000002933c178e99
0000052693e44261
0000000002786071
0000000000000181
000002935e1d4f79
0000029364d4d6d9
000002936f803099
00000293ad1f9e59
00000293b1877c79
00000293bfafa759
00000293c74c5d79
00000293dbb2f599
000002940917ed39
0000029433eb4c19
00000294ad9652b9
00000294c1737059
00000294d0c62419
00000294dd02e059
00000294f7346bf9
00000295182ac979
000002952ffeaf19
00000295904c54b9
00000295a65bff59
00000296062a44b9
000002967cb96339
0000029695d09e59
00000296b83899f9
00000296bb31f999
00000296bc7c2f59
00000296bf3d0659
000002970147e6b9
000002971c4de999
0000029763634a99
00000297644b7b99
000002976cf96679
0000029770d95e99
00000297c9637759
00000297f7772dd9
000002980d7ed639
000002982b614159
000002982eb9bf39
00000298538f1959
000002987e1c0b99
000002989b56adf9
00000298b2e4f6b9
00000298d1e1a4d9
00000298e3b6f5f9
00000298ef071879
0000029914961719
000002993b913a59
0000029960a7dc39
0000029965e9e0d9
000002998162c2d9
000002999f604639
00000299c2112a19
0000029a25ecf119
0000029a401c8939
0000029a44777bf9
0000029a681c49b9
0000029a8fe383d9
0000029ad7bf0139
0000029adc937cf9
0000029af0e6b779
0000029b03718a99
0000029b04739c79
0000029b06c1d519
0000029b5c18ffd9
0000029b66797499
0000029b66e6d879
0000029b7e864919
0000029b90a24459
0000029b983def39
0000029b9c565d39
0000029bb801e4d9
0000029bba38fdf9
0000029be5032ab9
0000029bf987bc79
0000029c1dd96619
0000029c44da10d9
0000029c45a22559
0000029c50f0edd9
0000029c6eb3c0f9
00000539344f0761
0000000002786071
0000000000000181
0000029cd6ad1939
0000029d50872a79
0000029d6c6b5979
0000029dad2ebd79
0000029df53116b9
0000029df8c80e79
0000029e18f73299
0000029e25072579
0000029e32a5d479
0000029e3e6af4b9
0000029e403c2599
0000029e6f941df9
0000029e75e7a759
0000029e95d3ed19
0000029ea9c02119
0000029eb7286d99
0000029ebd9907f9
0000029ecee55859
0000029ee095bc79
0000029f1a839ff9
0000029f33dea759
0000029f33debe79
0000029f50aa12d9
0000029fece11559
0000029ff1c22e99
000002a02341fab9
000002a04451b079
000002a059db00f9
000002a05b19c8d9
000002a069b474f9
000002a07487d239
000002a07926ee79
000002a0831b77d9
000002a094a14899
000002a0f01379d9
000002a13095cf59
000002a153c990d9
000002a15bad4479
000002a1833a88b9
000002a18d806379
000002a1a041f419
000002a1b4a6d939
000002a1da5dd899
000002a1e1c08659
000002a2041c0839
000002a22abee999
000002a278adbcf9
000002a28496e659
000002a29cb06d19
000002a2ab81e4b9
000002a2ac58a5d9
000002a2b061ea79
000002a2d3d9ce99
000002a2de0fc259
000002a302384db9
000002a3448609b9
000002a358901779
000002a398e7b679
000002a3e7776a99
000002a3e892e9d9
000002a41befa7f9
000002a4349e7bb9
000002a4b4e645d9
000002a4faac5299
000002a54d04a059
000002a565cc5d99
000002a5749a0b99
000002a59ff47f19
000002a5a700e379
000002a5a90caaf9
000002a5b6201399
000002a5be54b8d9
000002a5c9fb3b79
0000054bd4b9cb61
0000000002786071
0000000000000181
000002a626b26119
000002a6273067f9
000002a644c762b9
000002a657eea099
000002a68567b0b9
000002a690658c99
000002a6a7f39519
000002a716a48099
000002a8048c5099
000002a8561e8bd9
000002a8bbe30039
000002a8c75dee99
000002a91a7bf2b9
000002a923c67799
000002a925175e39
000002a97074a0d9
000002a9a42f43d9
000002a9baca9df9
000002a9bb4112b9
000002a9e622ee99
000002a9f0f292f9
000002aa10e3fa59
000002aa235eb8f9
000002aa57b12119
000002aa6aeff099
000002aa84ceaef9
000002aa8fee63b9
000002aa9cfcc699
000002aaadeb8619
000002aadf915c99
000002aae198c0b9
000002aafa468819
000002ab001c05b9
000002ab1fd0a679
000002ab4cf24f39
000002aba8fe1eb9
000002abf5932db9
000002ac62363519
000002ac89329b79
000002ac89329c19
000002ac923ce339
000002acc285c999
000002acebcd6199
000002acf9437359
000002ad014194d9
000002ad23430759
000002ad237f6419
000002ad2d04fb79
000002ad3c9de0b9
000002ad57f96d19
000002adc21577d9
000002adf7219b59
000002adfb5622d9
000002ae16ea4bf9
000002ae23a9ec19
000002ae2eaee759
000002ae9ec85679
000002aea1471879
000002aea63c3f59
000002aea865fad9
000002aeaf96edf9
000002aec5821159
000002aec6dc9b99
000002aee319bf59
000002af0791a899
000002af2b434179
000002af3507fe99
0000055e75249061
0000000002786071
0000000000000181
000002af5054db19
000002af59bbfbb9
000002af59bc11b9
000002af5dc78559
000002af689de979
000002afb4566f79
000002afc86e1ff9
000002b01ba29a99
000002b027c247f9
000002b0334e7699
000002b054bd1979
000002b069087059
000002b0b7315f39
000002b0dca19a79
000002b124e49579
000002b140fe2639
000002b14d84a119
000002b15469ab59
000002b160227619
000002b1c0a8e279
000002b1f2c07819
000002b1f5ad8cf9
000002b21063fab9
000002b21c38c119
000002b22d94be79
000002b23e8f8a39
000002b2733a78d9
000002b28acf1179
000002b2915d06f9
000002b2e1624999
000002b2f5bc6939
000002b2fac518f9
000002b34bb87719
000002b34d31bd79
000002b3529125d9
000002b37c893af9
000002b3c5bea4b9
000002b3d9a63ad9
000002b40e524799
000002b41ea38279
000002b4289ede39
000002b436a31c99
000002b492dfde39
000002b4a5660899
000002b4cbafadb9
000002b51e1ef399
000002b525e27fd9
000002b53e16ec79
000002b563e02af9
000002b5806c7cf9
000002b5a58667d9
000002b5b7847879
000002b62050b3f9
000002b656d92819
000002b6a1459619
000002b6c24c8ff9
000002b73c85c379
000002b7950221b9
000002b7a51708f9
000002b7c9956bd9
000002b7d6e0dfb9
000002b7da69faf9
000002b8344c4279
000002b8459b36d9
00000571158f5561
0000000002786071
0000000000000181
000002b895467999
000002b899d09f99
000002b8ebc15e59
000002b8f3011f19
000002b930c72219
000002b935fca5f9
000002b965445f59
000002b972e817f9
000002b9a06050f9
000002b9b14fd099
000002b9ddf42bb9
000002ba41151b79
000002ba83efabf9
000002ba8800b219
000002ba8a17df39
000002bade3c65f9
000002bae74a33b9
000002bb523ef099
000002bba665c579
000002bba817e059
000002bbaf6486d9
000002bbafb0bc59
000002bbc043de79
000002bbc707faf9
000002bc3d523ef9
000002bcc86c3579
000002bcd9706139
000002bcf0e7e3b9
000002bd56fcacb9
000002bd7ac1d059
000002bdbc874dd9
000002bdcb804259
000002be23e7a199
000002be3b5b3e59
000002be3eb1c939
000002bea8ca2c99
000002beb8f507d9
000002bf11d51119
000002bfbb54e319
000002bfe01c8379
000002c019b19b79
000002c04376f179
000002c050dd7399
000002c05d361a59
000002c06e54e9b9
000002c081921ef9
000002c08a656979
000002c0b9f8eaf9
000002c0d2670c39
000002c0f2a80f59
000002c0f5636b79
000002c1282e74b9
000002c13356f179
000002c14f067c79
000002c17e92bd79
000002c1a35b3079
00000583b5fa1961
0000000002786071
0000000000000181
000002c1f5ae3979
000002c2290a3f19
000002c23c6bc219
000002c2412114d9
000002c257c78979
000002c291af5bf9
000002c2ad15db79
000002c2e8a4c859
000002c2ee28b8d9
000002c32af594b9
000002c332c1cdd9
000002c3420bc6b9
000002c389f96d99
000002c395fce439
000002c3a40e1219
000002c3c4cc5a59
000002c3dbf91419
000002c3e79f5959
000002c4198d4a99
000002c48e2015f9
000002c48f54fff9
000002c4a1b1d2f9
000002c4b9ea3f19
000002c4dba1e279
000002c5101d0bd9
000002c519ef0ed9
000002c57ee0bf99
000002c5a1117579
000002c5b6e59939
000002c5db5daf19
000002c5f30629f9
000002c6353cc139
000002c6ba6f2ad9
000002c6e179eaf9
000002c6f6c3f599
000002c70b3b8859
000002c720685f59
000002c72e969939
000002c735da3d39
000002c7587280b9
000002c78e65e539
000002c7ac0a0c99
000002c7af1e15d9
000002c7db395459
000002c7dc0c8799
000002c824360779
000002c8257be8b9
000002c83daf64d9
000002c854b0e319
000002c88c728159
000002c88f64a3d9
000002c898350a39
000002c8ca13ae19
000002c929759ab9
000002c94037ebd9
000002c94efb3759
000002c9575aa8b9
000002c97891e539
000002c99fc58619
000002c9d795daf9
000002c9d795efb9
000002c9e21713f9
000002c9f1360919
000002c9f4e592b9
000002ca4106c2d9
000002ca65482e59
000002ca6bdb3db9
000002ca877f5099
000002cab94f51f9
000002cac42db459
000002cac8d2f9f9
000005965664de61
0000000002786071
0000000000000181
000002cb3284ef39
000002cb328ff659
000002cb5c72c379
000002cb8dede679
000002cbb68114f9
000002cbdccd5e59
000002cc1de3c2f9
000002cc3711cdb9
000002cc4b497659
000002cc6533c5b9
000002cca58ea3d9
000002ccdf081c59
000002ccffd0e8f9
000002cd1ff73639
000002cd23347a39
000002cd500b7ef9
000002cd50f92d79
000002cd6a6ca3d9
000002cdb1720a19
000002cdc900cb99
000002ce1b216e99
000002ce1b4fb5d9
000002ce8bc776f9
000002ce8ef23359
000002ceafd920b9
000002ceb8a93a59
000002cf40086179
000002cf591305b9
000002cf5b0dfa19
000002cf5e385ff9
000002cf9e8bdc79
000002d077417d79
000002d0988958f9
000002d0c6d835d9
000002d0d9307999
000002d0e6bb42b9
000002d12fd39e79
000002d172c0eeb9
000002d191d8b999
000002d1c5e25a39
000002d1e52efb59
000002d1e6ae44b9
000002d208f12c99
000002d26c9fccd9
000002d26c9fcd99
000002d276129e19
000002d2837b6db9
000002d2ab257559
000002d2b9899579
000002d2fbaefb19
000002d308e70ad9
000002d30a5a1079
000002d313242319
000002d32d049179
000002d33ce43279
000002d36c051c19
000002d38b02b019
000002d3c88a1199
000002d462a8d059
000002d46b9f8f39
000005a8f6cfa261
0000000002786071
0000000000000181
000002d4a760de19
000002d4c6ea3219
000002d514f40359
000002d51abf6e19
000002d52b655ef9
000002d53a1f4459
000002d56b1bc219
000002d592336079
000002d5a4efdd19
000002d5aa926a19
000002d5e35ba7b9
000002d64a3d82f9
000002d6529f6e59
000002d679dd0c59
000002d6964baad9
000002d6af978b39
000002d6d50d0dd9
000002d6e44cdb59
000002d70d419a59
000002d719ab9d99
000002d727fe1099
000002d72a5c6ef9
000002d745a74bd9
000002d75f18a399
000002d7f7a1fa59
000002d8870a97f9
000002d8d7674799
000002d8f20cdf99
000002d9110e2019
000002d93f77ec39
000002d951164db9
000002d964d27919
000002d994f629f9
000002d9c67b9e79
000002da17346379
000002da1d56f8f9
000002da3878e0f9
000002da429d9ff9
000002da5caba499
000002dab735a3b9
000002db44143299
000002db4894e559
000002db73b48159
000002dbb74f66b9
000002dbb9d6e0f9
000002dbf44fd839
000002dbf85aa259
000002dc18ba8419
000002dc44112af9
000002dc9331b0d9
000002dcb0e2b2b9
000002dcc76c1079
000002dce8b33699
000002dcf5018bf9
000002dcf6d32139
000002dcfe9c5dd9
000002dd296438b9
000002dd33f1c3b9
000002dd3f905cd9
000002dd41177dd9
000002dd438a7639
000002dd4a271ff9
000002dd4efd04f9
000002dd8008bf19
000002dd9bd35199
000002ddaa6b6099
000002ddab2bd9b9
000005bb973a6761
0000000002786071
0000000000000181
000002ddd7f00959
000002ddebfa8fb9
000002de059b5d59
000002de059b77b9
000002de4a54df19
000002de936811f9
000002de9849b519
000002dea0e778f9
000002debe0fce79
000002debedb23b9
000002deddafbf59
000002df71b9d239
000002df7c6857f9
000002df90b939d9
000002df97677a39
000002dfa10dcb39
000002dfbe8fb819
000002dfdad7fad9
000002dff3248139
000002e001da7219
000002e0098ce659
000002e012e8c959
000002e08e803ff9
000002e09c573939
000002e09d476819
000002e0ad7f52b9
000002e0b26b3879
000002e0f33c2ff9
000002e152e78d19
000002e1961402b9
000002e212031659
000002e23b44a8b9
000002e2558079d9
000002e262271519
000002e264fc0a79
000002e268f6ef59
000002e2693d9559
000002e26cea7db9
000002e295cae8d9
000002e2ae28c599
000002e2bc8e4b99
000002e2d2ae5dd9
000002e2dce39139
000002e301aa5999
000002e30dcd2cb9
000002e35b99f8f9
000002e36ebb3df9
000002e3a97b70b9
000002e3c6838599
000002e477f701b9
000002e495e309b9
000002e4a7ebd199
000002e4cca7e959
000002e4d5837cd9
000002e4e20d3099
000002e4f03b0bf9
000002e510e16a59
000002e517ebd639
000002e533540e19
000002e545855159
000002e572dfc919
000002e5892b4b59
000002e594013879
000002e5c037ad79
000002e5c5119019
000002e610b720f9
000002e610bc41b9
000002e63456bc79
000002e6469f6819
000002e665cc7f79
000002e67761be39
000002e67c065b39
000002e6890cb1f9
000002e6c3fae679
000002e6c4c8f179
000002e6d161a799
000002e6e7bfaad9
000005ce37a52b61
0000000002786071
0000000000000181
000002e73804a3f9
000002e73ac6db99
000002e75b8e4a99
000002e79b37f2d9
000002e79cac5899
000002e7c971ce59
000002e7eca3ff39
000002e7ecf311b9
000002e80aab9319
000002e80c1f7af9
000002e8114e0399
000002e87b80cbf9
000002e89ec55399
000002e8c862d7f9
000002e8d9c9d899
000002e8daaf7279
000002e8e7ed28f9
000002e90a3f7639
000002e941a94eb9
000002e9999880f9
000002e9c602ab59
000002e9ea657d79
000002ea2552dc99
000002ea563a01f9
000002ea5ed0df19
000002ea66766df9
000002ea859b0dd9
000002eacb29f0f9
000002ead797b0d9
000002eadfb78a79
000002eafb0b9959
000002eb1e2687f9
000002eb3e16ea59
000002eb8cdd9ab9
000002eba71561d9
000002ebafa37599
000002ebde2d3ad9
000002ebdfe8a859
000002ebe143fc19
000002ec156f3759
000002ec3bdd69d9
000002ec3e71a9d9
000002ec66f284b9
000002ecf3933ab9
000002ed036aa7b9
000002ed15962899
000002ed1dc27db9
000002ed571255b9
000002ed5855fdd9
000002ed5e9c5139
000002ed717f5a99
000002ed71cb84b9
000002ed732e0c99
000002edbbff19b9
000002edbfd4f459
000002edc8df8999
000002eddd1cb639
000002edddd37e79
000002ede52f4b99
000002edfb7761d9
000002ee3cf79519
000002ee6a3c1c59
000002ee84b7f699
000002ee9ef3a599
000002eeb68c2079
000002ef29c10999
000002ef3218eb39
000002ef4c26da39
000002ef867c7f99
000002f0172550b9
000002f020522879
000005e0d80ff061
0000000002786071
0000000000000181
000002f0cf9bd4b9
000002f0fcf58d99
000002f1362ffb99
000002f14c3d2af9
000002f179fc5db9
000002f1d7f1eed9
000002f1f2bcd099
000002f1f8beb679
000002f20efdccf9
000002f25aacd0b9
000002f271454099
000002f28a6afc99
000002f2acfc7ff9
000002f2b72cfdb9
000002f2f0c1d699
000002f2f1140759
000002f32f6ab9f9
000002f344f1c839
000002f3812ec6d9
000002f3847db4f9
000002f3bebac759
000002f3c324a359
000002f3cdc71059
000002f422c98db9
000002f43da28c59
000002f4481ec879
000002f490212859
000002f4962f4419
000002f49bb4ed59
000002f4bbb2eb39
000002f4ea36d159
000002f527f1dbb9
000002f532cd5a99
000002f548abadb9
000002f57a4600f9
000002f596842559
000002f5bda17999
000002f5c62b4ad9
000002f5cd2f6899
000002f5cf0927d9
000002f5f59329d9
000002f601af0959
000002f625f478d9
000002f644c2ea39
000002f66480ba99
000002f69d70b899
000002f712228879
000002f71e77b979
000002f72c755379
000002f73ac71779
000002f75a029bf9
000002f7675cfe99
000002f77589dcf9
000002f7798e6a59
000002f795d0fb39
000002f7ac27a9d9
000002f7e5f0bf79
000002f7ed42ddd9
000002f7f7a97539
000002f7f8fd5fd9
000002f800242419
000002f8065460f9
000002f819db8959
000002f8328c5419
000002f83ebcde19
000002f84277c419
000002f8558a9979
000002f86675b759
000002f885894a19
000002f8a0aedcf9
000002f8b1053ad9
000002f8e53ad959
000002f91fa759d9
000002f9760b80f9
000002f9822934d9
000002f987055839
000002f99ebe6ff9
000002f9aa3ab579
000005f3787ab461
0000000002786071
0000000000000181
000002f9d3744eb9
000002f9ed9a1239
000002fa03444e99
000002fa03c63259
000002fa03ee12d9
000002fa0e835bf9
000002fa3666a3d9
000002fa4747cf59
000002fa57775579
000002fb19e190d9
000002fb3a4c4299
000002fb44e37b99
000002fb5080e199
000002fb629ea299
000002fb75528359
000002fbb3319979
000002fbeb73aed9
000002fbefa4d199
000002fc0ffc08d9
000002fc1e784119
000002fc60466279
000002fc72fe9959
000002fc8284af79
000002fc82fd3179
000002fc846a14b9
000002fcae29f6f9
000002fcc3663e99
000002fcce3f5b99
000002fd01305759
000002fd60111a59
000002fd748d2dd9
000002fd7b4eed59
000002fd8e143179
000002fda3fb4b39
000002fda9101959
000002fdb95824d9
000002fe02982799
000002fe2aa29179
000002fe4e126139
000002fe815d9eb9
000002fe9a662fd9
000002feac57d119
000002feca69cf39
000002fecc050719
000002feda2829d9
000002ff102802b9
000002ff2616d0b9
000002ff4568ed79
000002ff4e2d7f59
000002ff53469c99
000002ff5b1e0259
000002ff9f26f259
000002ffe649a419
00000300452d1e39
0000030060529f99
0000030084c13759
000003008aa4ed19
0000030097b10059
000003009eea2139
00000300b85cf4b9
00000300bacc5bd9
00000300bb919619
00000300d5ab4119
0000030104a00159
0000030118112f39
0000030158dd77f9
0000030182d4ed99
000003018912e819
000003018d04fbd9
000003019ca75239
00000301ca701039
00000301f0711479
00000301f875cb19
000003020c0df179
000003020ed19019
00000302128ca499
000003023b154ad9
000003024eb91339
00000302889cbf59
0000030290303719
0000030296f4cb99
00000302c1162ef9
00000302e970d239
0000030305932299
0000060618e57961
0000000002786071
0000000000000181
0000030362e173f9
00000303efd346f9
0000030420c82539
0000030424350a59
000003047c6ca3b9
000003049447f099
00000304945110b9
000003049a4bc4f9
00000304f74adb59
00000305017f69f9
00000305143bd199
000003051a76a059
00000305504c9b19
000003055c8f7679
000003055defa3b9
000003058b929919
000003058d12c7b9
00000305b5bbabf9
00000305b80e0db9
00000305e49688b9
00000305e635cb39
00000306039d7879
0000030609828599
0000030641f42259
000003066c9c0979
000003069ef803b9
00000306b2c51499
00000306c389e499
00000306f08b6759
00000306fdef0ad9
000003074cd9bcb9
00000307641ab199
00000307fe97e5d9
000003080558c759
000003087513eb59
00000308d8b7ec99
000003090aee3679
000003090c1161d9
000003094b19e599
0000030961f99b59
0000030972aa2299
0000030976e49f59
0000030980318139
000003098f6f7899
0000030995b9b1f9
00000309b1175d59
0000030a41a83d59
0000030a5c06a399
0000030a6d668e99
0000030a6e00bdb9
0000030a9ee92c39
0000030aacfc7f59
0000030ab7d61df9
0000030ab89946d9
0000030ae029f019
0000030b09747d99
0000030b8fe74019
0000030ba7373fd9
0000030bb926a899
00000618b9503d61
0000000002786071
0000000000000181
0000030cc7be8d19
0000030ce64744b9
0000030cf9834779
0000030dc5543599
0000030e12a1d2b9
0000030e33330719
0000030e33fcba19
0000030e465a6b39
0000030e8b2e21b9
0000030ea5212d79
0000030f0005b7d9
0000030f20990699
0000030f8114be19
0000030f882bb8f9
0000030f94085999
000003101a628d19
000003101c5a4b79
0000031023223219
000003102a9b93d9
0000031046b502f9
00000310a86aaa39
00000310b5bf76b9
00000310dbe9e6b9
000003110c8a66d9
000003111cba9779
000003111f9383d9
0000031150e35219
00000311b7f13679
00000311cc4369d9
00000311d67bc139
00000311fa297719
0000031213e10e39
0000031216c09139
0000031220c80a39
0000031239c242b9
0000031242c115b9
000003124d9f9cf9
0000031252d88399
000003125738b9d9
0000031274ff3b39
00000312a9488739
0000031307629a19
0000031317ea1399
0000031368c05419
000003138e4fe179
00000313ab7a78d9
00000313bccf30b9
00000313caddda39
00000313f9200f59
000003141b4f04d9
000003143701ae39
0000031439d128b9
000003144fc78db9
0000031466a2d3b9
000003148fe10899
0000031499066b79
00000314a934c7d9
00000314b1d83039
00000314b5a06979
00000314c68d5a99
00000314d48803d9
00000314d8ebe3b9
00000314e66843b9
0000031526f45299
0000031540c61b59
0000031548110db9
000003154be81c99
0000062b59bb0261
0000000002786071
0000000000000181
00000315b54c9ef9
00000315bf426579
00000315c5dc6d59
00000315d2bc4919
00000315e4ed61f9
000003166f646119
0000031671328999
0000031684c53799
00000316a30c9339
00000316f5caf459
00000316f8fd82f9
000003171b1dbd79
000003172189ba19
000003172a379d99
000003172ce08d19
000003173605e759
0000031750221719
000003175da690b9
000003178a99a759
00000317b6c22fd9
00000317d76c00d9
00000317d76c1819
000003183b811979
000003183ebec399
0000031855e14a79
00000318841c2659
00000318a0bb9139
00000318af383619
00000318c97071d9
00000318ce18cb99
000003193338ad79
0000031937ebcb39
0000031939e911b9
00000319792b3c79
00000319a35afb39
00000319aeda61d9
00000319bba25039
00000319c044fab9
00000319c9f901f9
00000319eb21a5f9
0000031a1995a6b9
0000031a736157b9
0000031aa7d50bd9
0000031ad076a8d9
0000031ae7299c99
0000031ae8505c59
0000031ae8506f39
0000031affe5cbd9
0000031b22d76799
0000031b34293299
0000031b43a67ed9
0000031b6eaa8b39
0000031ba7492bb9
0000031bbfe20a79
0000031bc5b53d39
0000031c133f8359
0000031c26187859
0000031c7dd80759
0000031c814a38b9
0000031c8a484819
0000031cb13573f9
0000031cbddc0079
0000031cc09ddd39
0000031cfa206399
0000031cffdfa839
0000031d31a21c79
0000031d380f7579
0000031d42ce1db9
0000031d43c66d39
0000031d54db9fb9
0000031d98e8b259
0000031deeb17579
0000031e279dacf9
0000031e55d1f619
0000031e5f75dcd9
0000031e7f7e8359
0000031e80ba29f9
0000031e9e790359
0000031ed343f2f9
0000031edc202b19
0000063dfa25c661
0000000002786071
0000000000000181
0000031f14c7fb99
0000031f8b3b5879
0000031fc12241b9
0000032001c9faf9
000003201f7dc319
00000320d6dbd719
00000320d9d76879
00000320e4bac679
000003210b7d7b99
00000321129fe879
000003214b0011f9
00000321754fa9d9
0000032176e7e9b9
00000321881dd099
00000321bfb2f8f9
0000032200129599
0000032267087159
0000032279abe999
000003227bb66359
00000322904cf219
000003229fd67e99
000003231c139ab9
000003232d44e939
0000032335c20fb9
0000032335f60af9
000003233daef159
00000323552d63d9
0000032368f54d19
00000323daa7c2d9
00000323f6193839
000003240ff12079
000003241c6789d9
000003245cd382b9
000003245f861f39
00000324c7f35879
00000324d32b5239
00000324ee464379
00000324fb52aa99
000003251ceb1519
0000032534deda59
0000032553b948b9
00000325af6fcb99
00000325c5e631d9
00000325df3794f9
00000325e02a2999
000003261b74ecf9
00000326472a7db9
0000032695c47f19
000003269eff57b9
00000326ea794f99
00000326ef8ee079
000003274d5a3779
000003274d5a4a99
00000327a04a5719
00000327a565b4d9
00000327c6e8e939
00000327f6fc7a59
0000032814544fd9
000006509a908a61
0000000002786071
0000000000000181
0000032852c00979
000003289720a3b9
00000328a8667d79
00000328ea85e639
0000032972124a79
0000032973b90f39
000003297c83d939
0000032989f94f19
0000032996c57899
00000329c6b5d3f9
00000329e75164b9
00000329e8065eb9
00000329ea66c3b9
0000032a00585119
0000032a202d4d19
0000032a3d7851d9
0000032a71b52919
0000032a7db211b9
0000032aaaa8db99
0000032abdef7019
0000032ad2b6b759
0000032b3a06b3d9
0000032b79ff57d9
0000032b861755d9
0000032b9ea7f5f9
0000032bab6d2619
0000032bb0d0e7d9
0000032bd5e72199
0000032beb5d1c59
0000032c3b2757f9
0000032c517124f9
0000032c5c618579
0000032cf4e67c59
0000032d14f95039
0000032d450fc3b9
0000032d655a47b9
0000032d893b4e99
0000032d9dbc69f9
0000032dd4fe7119
0000032dd6ea95d9
0000032e43fc4db9
0000032e7f298379
0000032e88b1f579
0000032eabe3ed99
0000032eb7eb5419
0000032ec29fe7b9
0000032ec40ef4d9
0000032ed0f72059
0000032ee4ac9d19
0000032effc2d7d9
0000032f0e7ef4f9
0000032f1c020d79
0000032f50487599
0000032f7808e639
0000032f84d27999
0000032fd08d4ef9
0000032febde6279
0000033008c13a59
00000330124e75d9
0000033029e75899
00000330464d81d9
000003305e019639
000003305f665df9
000003306d9b83b9
00000330a58cd359
0000033111a7a9d9
000003311d8e1d19
000003315642f679
0000033166ac5719
0000033182936d79
0000033189fcdd99
000003318e975b99
0000033194469ef9
000006633afb4f61
0000000002786071
0000000000000181
00000331cee4d879
0000033202b0bbb9
00000332094a7379
000003322ad52b99
000003322df70d19
000003323f35a4b9
000003326b27b9b9
00000332bf5a22d9
0000033314f9c819
000003333417e699
000003334ac8a059
0000033351a81c59
0000033357816539
000003337c5489b9
00000333dd0e9c19
00000333e1d37fd9
00000333e5b8e7f9
00000333fd87d519
0000033401ed9799
00000334084b4cd9
000003341e8ccf39
00000334a00dfd99
00000334a3a98839
00000334b47cfd39
00000334d3a98199
000003350b9f0d59
000003354a1d9259
000003356a1bad99
000003358840f9d9
000003358d894fb9
00000335907e2679
00000335b5fe2419
00000335d6e33a39
00000335d6e33ad9
00000336044ee639
000003365ab03659
00000336a6046c59
00000336cafeb819
00000336cf49efb9
00000336f747b8f9
0000033706a777b9
0000033718d087b9
0000033734cf03d9
000003373be7b839
00000337559e6a99
0000033786347759
00000337afc298f9
00000337b0b5a559
00000337cce17c59
00000337d495a399
000003381c863cf9
000003383418d759
000003388b1854d9
0000033892440379
000003389826c599
0000033899da4759
00000338c9367e59
000003391842d959
000003391d805f59
000003393a587bf9
000003397de46b79
00000339a81bc899
00000339ee6975f9
0000033a08dcb579
0000033a4d1e9619
0000033a53d025d9
0000033a8353b819
0000033a866335d9
0000033a97625219
0000033a976266f9
00000675db661361
0000000002786071
0000000000000181
0000033b37babe59
0000033b3ae7f8b9
0000033b7b4e8679
0000033b814b0ed9
0000033b9ff28ad9
0000033bb2a1b9b9
0000033bd5cd6099
0000033c108e5c39
0000033c18204959
0000033c1aa15539
0000033c1fffa199
0000033c2e540219
0000033c73fa0c59
0000033c9360b2b9
0000033c93d64e59
0000033ca589d5f9
0000033cee8d3339
0000033d133217b9
0000033d49163799
0000033d88775a99
0000033dd15f4799
0000033ddbb35579
0000033e3ad53879
0000033e3e959319
0000033e3e95bcf9
0000033e8bd14f79
0000033eacaaf3b9
0000033ec9ad0b19
0000033ed0201b59
0000033f06ad98f9
0000033f119affb9
0000033f12028a39
0000033f164bb3f9
0000033f28cb6b39
0000033f30d73b39
0000033f363327d9
0000033fb44d67b9
000003401316bd39
00000340284aed59
00000340a97df199
00000340fa79add9
00000340fcec48f9
000003411354fb99
00000341223933f9
000003413e1f7db9
0000034160fd2b59
00000341a4f20999
00000341ab9c8a99
00000341c4ac3eb9
00000341c68d2359
0000034216704f19
0000034218ec3579
000003422311b239
0000034246b96659
000003425ae49f79
0000034285562859
00000342b92da0b9
00000342deeb2659
0000034309ec2959
0000034334ca1299
0000034354f373d9
000003436e9151b9
00000343e84bd839
00000343ffe03bd9
000006887bd0d761
0000000002786071
0000000000000181
0000034461f54439
00000344c61a52b9
0000034514d7b7b9
00000345bbeec719
00000345ee5ea119
000003461705e759
00000346300f31b9
0000034666f9df99
0000034668d2ee59
000003469b4405d9
00000346cc4dacf9
00000346d57e8059
00000346ec636d79
00000346feb9da39
000003476dc5c179
00000347c060b999
00000347ce574ed9
00000347efffa159
0000034866d891d9
0000034878e98a79
000003487bbaa319
00000348b215dc99
00000348c79927d9
00000348ee4577f9
0000034945eee7b9
0000034952d05759
0000034993dce5d9
00000349b1c6d579
00000349c3b3bbf9
00000349f38a57d9
0000034a047f2599
0000034a183f3c79
0000034a8bb93a39
0000034a91e224d9
0000034a935dbeb9
0000034aa118f5b9
0000034aafb4c139
0000034aee1402d9
0000034b29154fb9
0000034ba143fd19
0000034bd3e134f9
0000034c039065b9
0000034c3e008039
0000034c4439c139
0000034c546e1419
0000034c78786cd9
0000034c9f0139d9
0000034cc22df299
0000034cc4e32939
0000034ccae7aff9
0000034cd189d039
0000034d17451659
0000034d189cc9f9
0000034d4fb81399
0000034d7a772959
0000069b1c3b9c61
0000000002786071
0000000000000181
0000034da7511e59
0000034dc8a76439
0000034dee8080f9
0000034dfb53b919
0000034e01aac759
0000034e48872639
0000034e549b6159
0000034e761eff39
0000034e8b087fd9
0000034ee57a4e39
0000034ee8e03999
0000034efeb2c239
0000034f0f0a5d39
0000034f3b5cffb9
0000034f6500bbf9
0000034f6e584119
0000034fc128a399
0000034fe2abb719
0000034fe531bfb9
0000034ff0e38fd9
000003503bd02499
0000035078df43b9
000003507f222cd9
00000350c8f77c99
00000350d2cb4ad9
00000350fa99e179
00000351329aae99
000003515e90ccb9
0000035171a8b119
000003518306a0f9
00000351843971f9
00000351a093e079
00000351a2b80459
00000351a7612e59
00000351d0055719
00000351e4bbca19
00000351fdacf9b9
0000035216cccdb9
000003524da1ead9
00000352507a4cd9
000003525cef0d59
000003526efa6b39
000003528f5d66d9
0000035292b03819
0000035293edc4f9
0000035299688d79
00000352a0aa44f9
00000352ca869979
00000352d9634959
00000352fec1e239
00000353035bedb9
0000035334012a99
000003533c200659
0000035352d0fcf9
000003536cf89059
0000035387b1dcb9
000003539f0c3f19
00000353a3c11679
00000353a6d3c6b9
00000353ad56a359
00000353ad8c8379
00000354481d8639
0000035449cd1c99
000003544a477ad9
000003544ed831b9
0000035451439959
0000035463bdb1f9
00000354bef48b19
00000354c1b79879
00000354eeb631f9
0000035505b614d9
000003551f005f39
00000355214a0499
00000355223d1599
000003553c6a2579
0000035570436a39
00000355bdd8fcb9
00000355d5baa4b9
00000355f4df73d9
00000355fc8284d9
0000035614256159
0000035635007e79
000003563d39a099
000003565573b399
000003565b51c439
0000035661422bd9
00000356768f5e19
000003569f4fea99
000006adbca66061
0000000002786071
0000000000000181
00000356e0761f19
00000356e08e35f9
0000035707534c79
000003570db43359
0000035756cd80d9
00000357c73fd439
00000357c9b5af19
00000357d8256f99
00000357f8f363b9
000003581afc4a19
000003582d6e43b9
000003585b75f819
0000035897f8e4d9
00000358a6d08459
00000358fd997719
000003591037add9
00000359153c9fb9
0000035918ad33f9
000003591d979939
0000035945f908f9
00000359486ddb79
00000359962008d9
00000359bb160b59
00000359d3860839
00000359d60dc6d9
00000359ee5dc9f9
0000035a31985639
0000035abb7def39
0000035acc4051f9
0000035add661f19
0000035b360f1599
0000035b442de619
0000035b4f047ef9
0000035b68d69eb9
0000035b7c91b1b9
0000035b88c4ce39
0000035bb30fef99
0000035bdcdc0cf9
0000035bf69fad59
0000035c01adb959
0000035c05de5ed9
0000035c3edae879
0000035c5536a619
0000035c5d681b59
0000035cfdaf5519
0000035d09040659
0000035d0e3f9599
0000035d32eca859
0000035d396e0139
0000035d7cbbdf39
0000035d7f5c9dd9
0000035e2facad39
0000035e429ffe59
0000035e65b6fd19
0000035ec213cc79
0000035f1d3375b9
0000035f4d3ab039
0000035f87b03c99
0000035f937ba319
0000035fe3804019
0000035fe8be2bf9
0000035fef84a0f9
0000036006b2d5d9
000006c05d112461
0000000002786071
0000000000000181
00000360bcd7b419
00000360d266fbd9
00000360e25cbd59
00000360e3ac26d9
00000360edfc4839
00000360f048c019
00000360f1847d19
0000036116b922f9
000003613ce3df19
0000036192482db9
00000361ae3bcdd9
00000361b9dce579
00000361c8addc19
000003621b144239
0000036230074e39
0000036274f98a19
000003627f37add9
0000036288c3b939
0000036290281e19
00000362a399d1b9
00000362e2c48bd9
0000036326c2ccb9
000003636781f6d9
0000036376fc9e39
000003639ece2af9
00000363e7d51e19
00000363ec8327d9
00000363f4db3519
000003643c0094d9
00000364489e5659
0000036472811919
00000364dfb781f9
00000364ea16ad79
00000364f1249d59
00000364f124ba59
00000364f687f879
00000365321792b9
000003653b77fb39
00000365b64fe059
00000365c0e971d9
00000365d832e879
00000365e6d37dd9
0000036672a98099
00000366e2d4dd79
00000366e8e10e59
00000367393f4d39
0000036744b1ba99
0000036746f79179
0000036755782519
00000367866ff939
00000367eb4f4799
0000036811b03f19
0000036868a67fd9
00000368781271d9
000003688e4c59d9
00000368c9599299
00000368d80044d9
00000368facbb439
00000368facbb4f9
0000036904e72a39
0000036935b9e8d9
0000036935ddb459
0000036957577db9
000003696c7bfdb9
000006d2fd7be961
0000000002786071
0000000000000181
000003698d6a73f9
000003698f6fc939
00000369a7460099
00000369d1fdcd99
0000036a3baa22d9
0000036a48d0d319
0000036a680e6fb9
0000036adddaed19
0000036aef7e0ab9
0000036af2c6edf9
0000036af9764ff9
0000036b02c43139
0000036b04991259
0000036b0c177299
0000036b1f219319
0000036b6fad5bd9
0000036b81148b99
0000036b9ec76819
0000036bb678e219
0000036bb9f5f459
0000036bbcb72559
0000036c01cbf759
0000036c1776ad99
0000036c1b3b9559
0000036c4c76dfd9
0000036c5b393f99
0000036c697f4459
0000036cabadb139
0000036ccf1bd3f9
0000036cfa21b019
0000036d0364dbd9
0000036d47792af9
0000036d503b14d9
0000036d593f20f9
0000036d69ff2499
0000036d6bd2eb19
0000036d716668d9
0000036d809373f9
0000036d8a911c79
0000036dacb533f9
0000036dcfb2d959
0000036ddf5560d9
0000036e05fcf639
0000036e4312ba99
0000036e4de885f9
0000036e76fa0d59
0000036e9a53c999
0000036ea222e899
0000036ebdf35af9
0000036f27da8459
0000036f46f61239
0000036f4f6ed1b9
0000036f6f7e8b99
0000036fceaa1f19
0000036fda998839
0000036fdd9aefb9
000003706bd00cf9
000003707e00c759
0000037081a16339
000003708beb3bb9
0000037095bc9db9
00000370e06c5b19
00000370ea1fc739
00000370f79f4239
000003712a1a1439
000003713694c119
0000037163bf3619
000003716af80ab9
000003716c55e339
000003717a32a9b9
00000371937e6b59
00000371dfab1839
00000371e5671319
0000037203d790d9
0000037266870439
000003728bb94999
000006e59de6ad61
0000000002786071
0000000000000181
00000372d1834f99
00000372f239b9b9
0000037301a71cf9
00000373117915b9
00000373811c93f9
00000373bc4bc779
000003743097ba19
0000037456141f59
000003745bb3ab39
0000037469294219
000003747f358599
0000037489820439
0000037490273879
00000374bd5f6d59
00000374e9b2f819
000003750219b279
00000375104f3ed9
000003751752a039
000003753a3cfa19
00000375705beb99
00000375b5903859
00000375c5997dd9
00000375cc5ab299
00000375d0c905f9
00000375d1fe2eb9
0000037613732e39
000003761e0997f9
0000037640ce2f99
0000037665d531f9
000003768acc40b9
00000376af3f5e59
00000376ef136c59
00000376f825dc39
00000377069bc439
0000037776bd2959
00000377a86f0599
00000377ace0a079
0000037813d28839
00000378144720b9
0000037833b72459
000003784a5ee3f9
000003785e46a719
00000378a1190f99
0000037934e982f9
0000037970de5899
0000037972a3cf79
00000379ab8c0439
00000379b8e7e6b9
00000379baa440b9
00000379be2b4139
00000379c65cf639
00000379c7204299
0000037a3b1e10f9
0000037a590e1e99
0000037aa3211a19
0000037acc508659
0000037af8f72059
0000037afc24a839
0000037b0c784579
0000037b169df499
0000037b42dcfc79
0000037b64233e39
0000037b8195b4d9
0000037bbd12ee39
0000037bc02bbc19
0000037bd4180c59
0000037beaf00ef9
0000037bed492b99
0000037bee377c99
0000037c1cedd079
000006f83e517161
0000000002786071
0000000000000181
0000037c4c78a859
0000037c5be47f99
0000037c75cae159
0000037c88248399
0000037c88248459
0000037d34220239
0000037d49bb9339
0000037d504e11b9
0000037d802ff459
0000037d88112f59
0000037da2394279
0000037db5451939
0000037db92c9139
0000037de9e5a1b9
0000037df10f58b9
0000037e0bbe3b59
0000037e77f60ed9
0000037e7dbf5999
0000037ef8be4399
0000037f288f3639
0000037f461808d9
0000037f5a789859
0000037f7445e819
0000037f854701d9
0000037fa670ec59
0000037fc60c53f9
0000037feafd9c99
0000037feffd81d9
0000037ffbe49959
00000380316d16b9
000003804168bb99
0000038059d7fb99
0000038068c79f39
0000038108998df9
000003810bad13d9
00000381180c1e79
0000038144cba8d9
0000038147878af9
00000381552a0779
00000381649ed0d9
000003816516d939
00000381844e2fd9
0000038189a8ec19
000003824cf87859
000003828d65c439
0000038290a9a919
00000382d6787939
0000038310a1a019
00000383150ade59
0000038318841c19
0000038338e473d9
000003833b9fce19
000003839796da79
00000383acbeae99
00000383ba9cffd9
00000383c37902d9
00000383e36203f9
00000383e9c95af9
00000383f4613779
000003840be0b459
0000038415e0c4b9
0000038469cb4579
0000038479a76359
00000384b74e3e79
00000384c7320eb9
00000385205fbe19
0000038569197e39
0000070adebc3561
0000000002786071
0000000000000181
00000385781a0639
00000385b44cd959
0000038624e30bf9
000003866fd544d9
0000038679a52039
0000038681fa7f79
000003869601c619
000003869c021159
00000386e88c68d9
00000386f87580b9
000003870c42eb59
000003871189f0b9
000003873f868299
000003875f7da159
000003876de71b99
0000038775e50979
000003877b59b639
000003878cf38a39
00000387bad41ab9
00000387c97b41f9
000003882d94f979
0000038847924319
00000388831c7d99
000003888e660299
00000388affefed9
00000388e909dd19
00000388fce6a219
000003892f5bb699
0000038941ff9999
000003894f500b39
0000038955716b79
000003897144f859
00000389896e5539
00000389d2dfbb79
00000389f861f839
0000038a17e73d79
0000038a6fc9f0f9
0000038a77fa9e59
0000038a92362479
0000038ae72a4eb9
0000038aff438f99
0000038b55e9cbb9
0000038bd565cf19
0000038bfce72799
0000038c066029f9
0000038c22e32999
0000038c5b13cfd9
0000038c6c14a699
0000038ca12b7759
0000038cbae8b119
0000038cc016d119
0000038cf38030f9
0000038cf69a58f9
0000038d12f42979
0000038d30aeed99
0000038d3e6bc6f9
0000038d4a0b3b59
0000038d56577dd9
0000038d7407ff39
0000038d7b91b779
0000038d7fabd399
0000038d85fe2019
0000038d8a93da99
0000038db97dfcf9
0000038dc550c4d9
0000038dd653cf59
0000038de05c9e39
0000038def31a139
0000038e41d1e3d9
0000038e4fbe9499
0000038e512211d9
0000038e602f3019
0000038eb5b9a739
0000038eb80fdf79
0000071d7f26fa61
0000000002786071
0000000000000181
0000038ee24a5b39
0000038efa021379
0000038f1c261a59
0000038f3fd71ed9
0000038f83a237b9
0000038fe003ab39
0000039020410799
0000039031b7c9b9
0000039077f16959
00000390d8d17979
000003911e5f75f9
000003915213c8f9
000003916ec5b619
00000391714d6ab9
00000391bdd5a899
00000391dfaa2c79
00000391ed4a3c39
00000391f1003c39
000003921f0e9a99
000003922d03b5b9
000003924936bd99
0000039253115519
0000039254e3ec39
00000392bf966ef9
00000392f0f8f919
000003935b0719f9
00000393b9e6a959
00000393ca5b3759
00000393d3de5479
00000393f7b059d9
00000394305af019
000003943d6e63d9
0000039445ac3b79
000003948e18a139
000003949c962139
00000394ae7de8f9
00000394cbe9ed39
0000039508fdc379
000003953ef7c179
000003955fffa6b9
000003957fe968d9
0000039599b2a599
00000395c65c5659
00000396c3a8a1f9
0000039705ae6f39
000003970b8c2399
000003979633e5b9
00000397d1450e99
00000397d1af04d9
00000397d57786b9
00000397e8c3b0d9
00000397ec16cb39
000007301f91be61
0000000002786071
0000000000000181
0000039827706719
00000398321401d9
0000039835637d59
000003988aa29d39
0000039891bc2259
00000398a21361f9
00000398d56fd7d9
00000398e6ba9cb9
00000399ac76ba19
00000399ada70ef9
00000399b4ef7b39
00000399c5752819
0000039a07ea94d9
0000039a1d68cdb9
0000039a53e4a159
0000039a58f8c579
0000039a804777b9
0000039ac473fdb9
0000039ad8f494f9
0000039afadadf99
0000039b1fa316f9
0000039b2b10be79
0000039b2d24f3b9
0000039b38a4c199
0000039b488328b9
0000039b778ef419
0000039b9322f899
0000039b95ff4839
0000039b984da899
0000039ba5473a59
0000039be5fc1db9
0000039c0146a6f9
0000039c0f9a8f39
0000039c257e1539
0000039c4201ceb9
0000039c4757dcf9
0000039c607323f9
0000039c8dbf1099
0000039c92486779
0000039ca715f739
0000039cc67f80b9
0000039cceb28779
0000039cee7a5919
0000039d0a240459
0000039dc1c00279
0000039dd5b2cb79
0000039dd7fe44f9
0000039de91d3019
0000039dea1c5299
0000039dfdaff0f9
0000039e0f624a19
0000039e2aa00279
0000039e74e0d179
0000039ea7a9d119
0000039eade57779
0000039ee690a999
0000039ef19a1e79
0000039f022d48f9
0000039f1df31c99
0000039f4485dad9
0000039f5e0fc4d9
0000039f6cbc6559
0000039f8cf7be59
0000039fb6f9c679
0000039fcf18d399
000003a00b27dcb9
000003a015f3e939
000003a058bb72b9
000003a0b2fd7119
000003a0c24f9539
000003a0cbb5a019
000003a0f1ff8259
000003a15c295819
00000742bffc8261
0000000002786071
0000000000000181
000003a18ccab599
000003a1d16ee119
000003a227f4c899
000003a247cc6cd9
000003a24e002ed9
000003a2a09cbd39
000003a2b1f18019
000003a2c80e75b9
000003a2cdf3c419
000003a2e1fb9b79
000003a3191db819
000003a38f6a95d9
000003a3bc50d6d9
000003a3c139b059
000003a40391d8f9
000003a425c08c79
000003a430e04459
000003a43e382fb9
000003a462b9a679
000003a475013db9
000003a47c523559
000003a48b3aa239
000003a49fcc4679
000003a4d2d298d9
000003a4fa2e4339
000003a53c0675f9
000003a5bbbb46f9
000003a5c3232039
000003a5d3caab99
000003a608299d99
000003a6106155f9
000003a638af7479
000003a6873d1899
000003a6b6da1779
000003a6e033bdb9
000003a6edca1eb9
000003a6eea55039
000003a748e8d1d9
000003a77deb04d9
000003a791789919
000003a7a5cbcfd9
000003a7a6557c19
000003a7a6b60759
000003a7fef88a79
000003a8576e1eb9
000003a864928e99
000003a88d5ff619
000003a909004579
000003a90c1cc999
000003a9165c44f9
000003a930342d19
000003a937c488f9
000003a942c99b79
000003a952153f99
000003a96f754df9
000003a972647399
000003a9dab7a959
000003a9e3f9c619
000003a9f78539d9
000003a9fe5b5e39
000003aa15888bd9
000003aa2246d039
000003aa6a1c7f19
000003aa996dadf9
0000075560674661
0000000002786071
0000000000000181
000003aadaa1bf59
000003aaeda97cf9
000003aaff445b39
000003ab02c1b459
000003ab0410d3b9
000003ab42438979
000003ab7de072b9
000003aba6a82399
000003abaf5a40d9
000003abb7890df9
000003abc11334d9
000003abc342e7f9
000003abd6370879
000003abeb180f99
000003abffc2fff9
000003ac1ee6ab19
000003ac553b69b9
000003ac60773ff9
000003ac68eaef79
000003aca1644e39
000003acd0c943b9
000003ad0e7f9879
000003ad2efe76b9
000003ad38d874b9
000003ad3c642db9
000003ad92940e39
000003ada4061359
000003adc8c49759
000003ade6519c59
000003adf239ecd9
000003ae09381a19
000003ae1243a159
000003ae28975d79
000003ae2de38699
000003ae6da34d99
000003ae7cabf099
000003ae9d6fd419
000003aeac5076b9
000003aeb7987b79
000003aed021ee19
000003aef25a6a99
000003aef53ebe39
000003aefb1be699
000003af0d939fb9
000003af1cea57b9
000003af60a3b4b9
000003af7a27f539
000003af84417e79
000003afa2f2f299
000003afcebcfbf9
000003afd7923799
000003b00c36ebf9
000003b01d4a0019
000003b02aebd739
000003b0847a8599
000003b0b78b1c19
000003b0cb1d8279
000003b0fe8339f9
000003b10f737539
000003b139526d99
000003b141b039d9
000003b16e42c119
000003b1bca3c799
000003b1e445e959
000003b1edd5b9f9
000003b257987759
000003b2882f0f39
000003b2888ce619
000003b2b49ca139
000003b2f35a81f9
000003b2fd97cf59
000003b306704519
000003b30b8c0e19
000003b339b68ad9
000003b356a3abd9
000003b36bfd5499
000003b377dce399
000003b383292ed9
000003b3c07d4bf9
000003b3c63c03f9
000003b3e2c8d519
0000076800d20a61
0000000002786071
0000000000000181
000003b4040172d9
000003b418b01299
000003b443ee07d9
000003b4638fb919
000003b477a51cf9
000003b488a2f2f9
000003b4c86647b9
000003b4d94ddd79
000003b4dc507f59
000003b4df1bea19
000003b534ce63f9
000003b53df49579
000003b54e8acd79
000003b54fce8359
000003b5549ffdd9
000003b5dbba61d9
000003b5fbcdefd9
000003b607191dd9
000003b6106534b9
000003b6133636b9
000003b61874e899
000003b65cbc02d9
000003b69fb826b9
000003b6ac7b4ef9
000003b6b6b2c359
000003b6ca0f8399
000003b6d2ffdd39
000003b6e481e759
000003b702eff8b9
000003b706a085b9
000003b74d17a339
000003b768d92d99
000003b782cfc639
000003b794732e59
000003b799fdd299
000003b7b26a61b9
000003b7c05a74f9
000003b7d1849a79
000003b7d55e0299
000003b7d73df459
000003b7da07d019
000003b8041230b9
000003b830794d39
000003b8610cdc99
000003b8a8459439
000003b8ad5a63d9
000003b8c74e8199
000003b8cf66f839
000003b8db0fc519
000003b8e6214179
000003b9341a91d9
000003b951e3a439
000003b956876699
000003b98c2b7099
000003b9accd3f59
000003b9b1e794b9
000003b9c05c7c19
000003ba603f8479
000003ba71c35b59
000003baeb86c5b9
000003bb13010f59
000003bb1bfca319
000003bb3ef91b19
000003bb8362f5f9
000003bb933d8419
000003bb96bac5d9
000003bba787fcf9
000003bbad408ff9
000003bbc7712c59
000003bc0e09ad79
000003bc110dc579
000003bc25373959
000003bc501465f9
000003bc62285459
000003bc76a01379
000003bca379c979
000003bcacbd5779
000003bcd23199f9
000003bceb929739
000003bd2f9cd0f9
000003bd4304cd59
000003bd4921ff39
000003bd4b700319
0000077aa13ccf61
0000000002786071
0000000000000181
000003bd68a524d9
000003bd844c6fb9
000003bd9885d9d9
000003bdd2fb79d9
000003bde5c04319
000003bdfe1089d9
000003be122ee119
000003be1ff80a19
000003be29414ff9
000003be871781f9
000003beaeeca919
000003bec63d0b99
000003bec917c179
000003beda541d39
000003bf090116d9
000003bf3bdbed99
000003bf5b333b59
000003bf7486e3f9
000003bf78381279
000003c013145719
000003c01aadd539
000003c05de37b39
000003c06d6750b9
000003c0b9e17ab9
000003c10123f279
000003c12b722319
000003c170887f59
000003c1900dc839
000003c199d61979
000003c1d1d43599
000003c1fcf72059
000003c2061910d9
000003c210de23d9
000003c2b50f09f9
000003c2c920c9f9
000003c2f1e5c759
000003c31ce6e319
000003c358cd7619
000003c364d80bb9
000003c36d8c8719
000003c37346e019
000003c37b3ae959
000003c3ab823ed9
000003c3e8ab37f9
000003c4072940f9
000003c40d5b6779
000003c40f878519
000003c420b2b6d9
000003c43a8d23d9
000003c43f52d7d9
000003c4560fc039
000003c4b2597299
000003c4c9641df9
000003c4d7cc9859
000003c4e3f00af9
000003c506e6f8d9
000003c529a6a319
000003c5313590d9
000003c53290b199
000003c53e1e3859
000003c54f00a379
000003c56ecd0f79
000003c5baaf5919
000003c5f23b4b19
000003c6047039b9
000003c635f073f9
000003c6453996b9
000003c66af7e159
000003c6711bcbf9
000003c67895c1f9
0000078d41a79361
0000000002786071
0000000000000181
000003c6c7e75439
000003c6dc56efb9
000003c6dcbbfb99
000003c6dd269739
000003c6f6239cf9
000003c7482162b9
000003c750399339
000003c7bbd56259
000003c7d0bd4fb9
000003c7d96f6719
000003c7ff186ab9
000003c80bb9ec99
000003c80c5fe619
000003c83a84e259
000003c86dc59859
000003c8808a1259
000003c8dda10f59
000003c8eb4e13b9
000003c90e0eb3b9
000003c91be297b9
000003c928507219
000003c96433e479
000003c975915a19
000003c9a2a96519
000003c9ac138559
000003c9c4a49b19
000003c9dc54d119
000003c9e1e57439
000003c9fe919539
000003ca16a3d279
000003ca20743039
000003ca29b58e79
000003ca2af6f0b9
000003ca32ae0ad9
000003ca3f7d1f39
000003ca5f6c29b9
000003ca82383879
000003caa4aa01d9
000003cae4800819
000003cae88d6c59
000003cb20f0b519
000003cb29cab719
000003cb2d3cf319
000003cb489f5f79
000003cb5266d9d9
000003cb66edc6b9
000003cb8fa3f3d9
000003cbb5ae5eb9
000003cbcdd2ccb9
000003cbd700dd59
000003cc03fb2519
000003cc0ae35519
000003cc185cd879
000003cc33633299
000003cc361c0cf9
000003cc3edac319
000003cc97e0d3d9
000003ccc6db48d9
000003cce7f9f019
000003cd0a0dec99
000003cd19b34979
000003cd348181d9
000003cd3a4769f9
000003cdbc66e899
000003ce144f34f9
000003ce3c8f8db9
000003ce535f7959
000003ce5445e1b9
000003ce55dec759
000003ce5f1f01d9
000003ce85b804d9
000003ced31529b9
000003cefa9e9759
000003cf05942a99
000003cf0b44af59
000003cf4b898019
000003cf66eec6f9
000003cf7aa162d9
000003cf905657b9
000003cf9a0504f9
000003cf9e13f839
000003cfb0bce2d9
0000079fe2125761
0000000002786071
0000000000000181
000003d005f82199
000003d023e36af9
000003d032394dd9
000003d05a56da99
000003d069cd0779
000003d0d1125a39
000003d0d1e72e19
000003d1089c1959
000003d12a851319
000003d1376af879
000003d141919bb9
000003d146ed2bf9
000003d19b680c39
000003d1bc4a6879
000003d1bfa93059
000003d1e7265fd9
000003d1ec696779
000003d2ec7d22d9
000003d2f6f13d39
000003d322619819
000003d3241deb59
000003d3528a0479
000003d360e4ef79
000003d38058f819
000003d3f83357d9
000003d3fe3d9f39
000003d408fb7b39
000003d40a76e1d9
000003d40fb102d9
000003d416d9d799
000003d4198420d9
000003d42d5d3c39
000003d4383b5739
000003d46238c019
000003d48d76f879
000003d4a8847af9
000003d4ebb5bd19
000003d4f3de08f9
000003d5129f3199
000003d55af750f9
000003d56d8fb7d9
000003d58674e079
000003d59f88b979
000003d5ac8d1239
000003d5d21ff8d9
000003d5d4d42659
000003d641c1c779
000003d6b31c6ef9
000003d6fbb364d9
000003d704a2f799
000003d70b8e4b79
000003d70e2ef199
000003d71c605799
000003d72a8db3d9
000003d72c4dbd59
000003d72ddf1c19
000003d757b69c39
000003d76339f199
000003d76af0c359
000003d783607979
000003d799cb4b59
000003d7bc8c1619
000003d7c7138d19
000003d7fa853599
000003d8374f75d9
000003d8553b6d39
000003d88c2551b9
000003d8a75c3439
000003d91213a799
000003d93aabf059
000007b2827d1b61
0000000002786071
0000000000000181
000003d9409bf479
000003d9569e0a19
000003d9e060b9b9
000003da74c5fef9
000003da7eec6239
000003da86029319
000003dad7234079
000003dafc515099
000003db444ab6b9
000003db50973699
000003db69027059
000003db6bb76499
000003db8d9d9479
000003db91e02cd9
000003db9b05c659
000003dbf0e3a079
000003dc47f4e419
000003dc50e80bf9
000003dc592952d9
000003dc830a0019
000003dc8de1b859
000003dc8f3a6759
000003dca2122f79
000003dce6296979
000003dce7a6b9d9
000003dcec668ef9
000003dcf1d4fed9
000003dcf57dc0d9
000003dd20f982b9
000003dd2e787899
000003dd5881bbb9
000003dd5ea584f9
000003dd8923a379
000003ddaa713c19
000003ddae0ebeb9
000003ddbb6853d9
000003ddf101a779
000003de1294bad9
000003de231f4839
000003de36813bb9
000003de386f5ef9
000003de44be9899
000003de4f549f99
000003de73ac2679
000003de7946bdb9
000003de7e129259
000003de8cb1e2f9
000003dea2e07599
000003def19c95d9
000003def3912a99
000003df61364db9
000003dfa6edb759
000003dfc28a9ff9
000003dfe5a91e79
000003dffdaa5979
000003e04dae4fb9
000003e05c0dd559
000003e07f788cd9
000003e0895cd2b9
000003e0a0f1a1d9
000003e0d453e8b9
000003e0dddbfc19
000003e0fc2569f9
000003e10cce9179
000003e15752c519
000003e16d8d6e99
000003e1cd0b6359
000003e1e474bef9
000003e207519899
000003e20aa6e999
000003e2300370f9
000003e24aecb0b9
000003e27773bb79
000007c522e7df61
0000000002786071
0000000000000181
000003e2931b4df9
000003e2d335bfb9
000003e2da24eeb9
000003e31baeb6d9
000003e31c491699
000003e358ce47f9
000003e36efc5339
000003e3803fc499
000003e38585f739
000003e38597d559
000003e3be9c46f9
000003e3d8a01679
000003e4021db139
000003e40da045f9
000003e49ea72ef9
000003e4d14e55d9
000003e4d4f1ce59
000003e4ed725839
000003e50402fa19
000003e51cf801d9
000003e554427c79
000003e5761bc799
000003e5986e9019
000003e59c339439
000003e5d7b70399
000003e5f99ac259
000003e5fbd73359
000003e606bde159
000003e646a2f179
000003e6a93e3e79
000003e6b752bbb9
000003e6bb6dd199
000003e6c8208519
000003e6e511c1b9
000003e731c45799
000003e7446b5959
000003e74e000d39
000003e786eaf399
000003e79fc458d9
000003e7d05f3479
000003e7e277a6b9
000003e826e91959
000003e83ca98b59
000003e85ab185f9
000003e8fc973db9
000003e907013e19
000003e94b0eb859
000003e94f6c3e39
000003e958fe4419
000003e983fe7cf9
000003e99cd0ff39
000003e9d1102c19
000003e9db3a6479
000003e9eba45639
000003eae53f5339
000003eae5a97b59
000003eb07a92c79
000003eb0c1be219
000003eb0c51cdb9
000003eb12417ef9
000003eb16ce2559
000003eb2df2a439
000003eb486f9b99
000003eb56024159
000003eb5c899699
000007d7c352a361
0000000002786071
0000000000000181
000003ec0f35fe79
000003ec5bca8dd9
000003ec68bc79b9
000003ec7b190259
000003ec7d1685d9
000003ec853befb9
000003ec9ed106d9
000003ecb72e0af9
000003ecc4c59c99
000003eccf016819
000003ece8779939
000003ed0138d0d9
000003ed05bbe5d9
000003ed5bd366b9
000003ed6285ab99
000003ed90fc3159
000003ed96eba559
000003edd44a6ab9
000003edf5ad5db9
000003edf6212099
000003ee2e966ad9
000003ee30e71519
000003ee32241e59
000003ee35f4d9b9
000003ee71808bf9
000003ee7523f479
000003eea123a119
000003eea40af3f9
000003eea7e803d9
000003eed6a32159
000003eef76814f9
000003ef638105d9
000003ef69474fb9
000003ef84cab059
000003efbdc22ff9
000003efcd04f9d9
000003efda9d0859
000003efe82e7e39
000003f03873fc79
000003f04424f459
000003f07ec24599
000003f098365b39
000003f0cd3ab619
000003f0febd3a59
000003f135225b19
000003f14b34fc39
000003f18addfad9
000003f1a311fd99
000003f1b0c66ef9
000003f1ca695899
000003f1e11e03d9
000003f1f4c1ce39
000003f241b51799
000003f25e55d299
000003f265134379
000003f279927719
000003f27c80d779
000003f2b0c13879
000003f2dd1077f9
000003f30b8edbd9
000003f31387c459
000003f35314fb99
000003f353283ad9
000003f35f1b4b19
000003f371d06739
000003f3a2086e39
000003f3fb8a9659
000003f401222339
000003f4059a7b79
000003f4136aacd9
000003f42eb0a579
000003f4b64106f9
000003f4ee6d9d19
000003f4f9bceaf9
000003f5003ce439
000003f50084f7b9
000007ea63bd6761
0000000002786071
0000000000000181
000003f54152f7b9
000003f545e2a419
000003f546c1ab59
000003f5647c81b9
000003f5763b8a39
000003f585946979
000003f5c99f8419
000003f5cf497959
000003f5dec7e3d9
000003f6955b9e99
000003f69e72aff9
000003f6e63d5f19
000003f6fd16faf9
000003f716f5c579
000003f7450bb0b9
000003f74d8b0c79
000003f75ceca8f9
000003f7603ca5f9
000003f7716ed279
000003f796d8d6d9
000003f7978441b9
000003f79ffd1739
000003f7accb73b9
000003f807483399
000003f83d76be99
000003f85c9356f9
000003f87a65ba79
000003f8f0d562b9
000003f907ac7899
000003f91da30b39
000003f9567056b9
000003f9658859f9
000003f999732dd9
000003f9baae96f9
000003f9eae09399
000003f9f5ceef59
000003f9fc338239
000003fa3cf5df59
000003fa46431539
000003fa512d76b9
000003fa7a075a19
000003fadcfbdd59
000003fafb9034f9
000003fb576381d9
000003fb639b30f9
000003fb697bd939
000003fb734781d9
000003fb916db339
000003fbd92dba79
000003fc0ffe21d9
000003fc3261e819
000003fcf2c67259
000003fd51dd8659
000003fd6d473359
000003fd7031ba79
000003fda5f83b79
000003fdfadc8039
000003fe08b2ffb9
000003fe0a31fdb9
000003fe554d23f9
000003fe6621b139
000003fe6ff0d699
000003fe7c85e679
000007fd04282b61
0000000002786071
0000000000000181
000003fe99b18119
000003fe9f7b5399
000003fead660119
000003fed614fa99
000003ff2d600239
000003ff4403e059
000003ff68d81699
000003ffb11bd6d9
000003ffb2b64a59
000003ffba00c6f9
000003ffce297619
00000400019cd539
0000040039123b59
000004009abba879
00000400bdf4f1b9
000004013f3c7399
00000401c93cae39
00000401d9236a59
000004020b9dcfd9
000004021ee77ad9
00000402cd1a9ad9
00000402f6e962f9
0000040328020739
000004035ee1e259
000004036976bf19
00000403a429ecf9
00000403d135dc99
00000403d3820399
00000403e89710d9
000004043a656879
0000040456e92f79
000004045848bf39
0000040487acbd19
00000404a685d7f9
00000404a8474819
00000404ba003e79
00000404be085119
00000404c79fd7f9
000004054264a8f9
0000040557499779
00000405f43544b9
0000040626d22799
000004062c52d159
0000040676f6fe39
0000040687fb7ad9
0000040687fbc759
00000406ae58b8b9
00000406d2301519
00000406eea10579
00000406fc087259
00000406fe812d99
00000407015e73d9
000004071d1400b9
000004074aed3319
000004075323d5f9
00000407698310b9
000004076f97cc99
0000040770172739
00000407c34328b9
0000080fa492ef61
0000000002786071
0000000000000181
00000407d563fcb9
000004082ffd9739
0000040831e09179
0000040837603a19
000004083be08c99
00000408436876d9
000004088dd374d9
000004089276aff9
00000408bf245119
00000408c6245379
00000408d48b3ab9
00000408fbededf9
000004093d495659
000004094fd72719
000004095179ee99
0000040972b82e99
000004097a63d459
00000409a5255a39
00000409abd96e79
00000409d66ef199
00000409e4744f39
00000409eb0c93f9
00000409f3f69d79
0000040a20e99bd9
0000040aa1174819
0000040aa72c4f59
0000040ab8669d79
0000040b0d779859
0000040b5a849539
0000040b5ab83419
0000040b63442fd9
0000040b69804a99
0000040b9fdee219
0000040bce353f59
0000040be1c864d9
0000040be1dcbcf9
0000040be22aa739
0000040be22aa7d9
0000040bf6869b19
0000040c1420c159
0000040c4d40be39
0000040c78ac0659
0000040c97989739
0000040ce8f98499
0000040d20736159
0000040d56126379
0000040d682a4399
0000040d6898ecb9
0000040d7d1389b9
0000040db9793099
0000040dbec67bf9
0000040df0377079
0000040e05b12d79
0000040e14c22379
0000040e1f30b719
0000040e226ae639
0000040e3b2701f9
0000040ef8339219
0000040efcbc5cb9
0000040f1fb92519
0000040f256d9f99
0000040f3c355db9
0000040f8a8206d9
0000040faa23ca59
0000040fb72cf6d9
0000040fbd7e5199
0000040fd8284539
000004103410e779
00000410569c4739
000004108a92e139
00000410c48cd179
0000082244fdb361
0000000002786071
0000000000000181
00000411554f2519
0000041155b4a499
000004116e686079
000004118b0d6d19
00000411b0511719
00000411d6b75f19
00000411dde0ec59
00000411f0e240d9
0000041211b74559
00000412174c3179
000004122ff11519
000004123b383419
000004126cedd4f9
00000412bf087d99
00000412e81ec0f9
00000412fb956af9
000004133351c7f9
0000041346aaa559
000004139d586859
00000413a59a2839
00000413b192f079
00000413be688379
00000413e5604e99
00000414268af119
0000041447e21359
000004144d4277f9
000004145c71c6b9
000004147a7caad9
000004149c77e8b9
00000414a710cdf9
00000414e262e639
00000414fb7fcbb9
00000415aadf3df9
00000415b0443399
00000415bea010d9
00000415d52eb7b9
00000415dc9f1cf9
00000415f7a60a59
0000041611a59c59
00000416334351f9
0000041648187499
00000416b7329379
00000416d9514d39
000004170d8838b9
0000041723ef5b19
0000041769b93e39
000004177ae50e39
000004179b17a8b9
00000417bf5a4119
00000417e4d1d579
00000418189fad19
000004181e054b59
00000418506f94d9
000004187867f0b9
000004187fd86559
00000418837b9639
0000041885677db9
0000041902c10519
000004191aeadd19
000004192d2e4899
0000041939710939
000004199c69ce39
00000419a93bd179
00000419e6c68b19
00000419f5241479
00000419f7bb8ed9
0000041a258d41f9
0000041a37f1beb9
0000041a46e611d9
0000041a515f4979
0000041a5bb91699
0000041a5f90f1f9
0000041a6845cfb9
0000041a6c4bf9f9
00000834e5687761
0000000002786071
0000000000000181
0000041aa5275059
0000041ab77fc319
0000041ad6847ad9
0000041ae14a8ff9
0000041afd755239
0000041b029a5639
0000041b3232f9d9
0000041b369e5f79
0000041b79e58279
0000041ba084aa99
0000041baf2b3859
0000041bb4fc9b59
0000041bd2582319
0000041c1bf1ac39
0000041c35e1c1f9
0000041c9c058a19
0000041cc1c1d819
0000041d0342fef9
0000041d16e6f639
0000041d257ac899
0000041d2c9eb719
0000041d3fd6eb39
0000041d9f20c019
0000041dc2b663f9
0000041dcba47619
0000041dd38db9b9
0000041ddc2c1a99
0000041e277c5cd9
0000041e38df5979
0000041eafaf3c59
0000041eb5985399
0000041ee04d2c99
0000041ee6ff8cd9
0000041eeb49e9d9
0000041f336aa019
0000041f541680f9
0000041f5fdc2899
0000041fc7ea40d9
0000041fd78e0e59
0000041ff1ac6619
00000420101d3f99
000004201273bdb9
000004203e23edd9
000004204a6f5999
0000042079609f79
000004209549cfd9
00000420c8aea799
00000420c8aea859
00000421675b4979
0000042180c47bf9
0000042190b59d19
00000421bdeeceb9
000004221ad2ff79
000004225b4395d9
0000042292cca839
000004229de71699
000004229f490539
00000422a24b26d9
00000422a9d27819
00000422ea16c999
00000422f7065a39
000004230c9aa519
0000042322ce8b79
000004233f8a42d9
000004234e390959
000004234f9233f9
0000042352339659
0000042394ab64d9
0000042398e89df9
0000084785d33b61
0000000002786071
0000000000000181
00000423c71b0a39
00000423e877a6d9
00000423fc821db9
0000042414bde399
000004242791f7d9
000004242ff6a119
000004244e4990d9
000004245c6c4e99
0000042464146839
000004246e998a79
00000424848c68f9
00000424889503d9
00000424b39cceb9
00000424f19388f9
0000042510909b59
000004255ea85639
0000042567a2c7b9
0000042589424719
0000042648b28179
00000426776ad579
00000426aac5b2f9
00000426b3d6e639
00000426fcb9e119
0000042728bb14f9
000004273d1cd399
000004274e4fab59
00000427ad5f86d9
00000427d62054f9
000004284dd8d239
000004284f28a479
00000428577434f9
00000428884e2bd9
0000042893db02b9
00000428b45c1fb9
00000428dcb9fa59
0000042903c82099
0000042915c5e3d9
000004291bd22299
0000042923fbb4d9
000004293b79d2b9
000004294d037b19
0000042952985059
0000042966526799
00000429992a9f39
00000429e6441b79
00000429e7631779
00000429ef92bc79
00000429fd461fd9
0000042a17346f39
0000042a91eec239
0000042acbd47579
0000042ae703ee39
0000042b096dcd79
0000042b5b6a9f19
0000042ba5deaa99
0000042bcbc9d199
0000042bcf4301f9
0000042bdc325ad9
0000042c473ff919
0000042c5562cb79
0000042c65fa2119
0000042c69f38b39
0000042c8414f6f9
0000042ca2f96679
0000042cdf631f39
0000085a263dff61
0000000002786071
0000000000000181
0000042d15cbdab9
0000042d1954d939
0000042d30dfd9b9
0000042d3be545d9
0000042d58a41fb9
0000042d78104779
0000042d78741999
0000042e12cc3899
0000042e57781759
0000042eb8f5e179
0000042eba96caf9
0000042ede513959
0000042efcebd879
0000042f16a36cb9
0000042f3be6e6f9
0000042f65ccb3f9
0000042f86466db9
0000042f9cc51f99
0000042fac0ea3d9
0000042fb44513b9
0000042fd80350f9
0000042fdcb4c859
000004301cc79499
0000043037237059
0000043073778a79
0000043075d648b9
00000430ca3f9c39
00000430f7395459
000004312dfefe39
00000431643b4c79
00000431974ec199
00000431bf676a79
0000043214e87759
000004327b20d0d9
0000043285398219
00000432dd15c659
0000043328518179
000004333c55cef9
000004336fbc5a59
0000043381d4b7d9
00000433ac8c7a39
00000433c278a199
00000433f71da2f9
0000043417102f39
000004346ed7e1f9
0000043478aeaa79
00000434a32bba99
00000434b77f6759
00000434ce359839
00000434cf71a639
00000434f401b839
0000043512ec6e59
000004355d9c64d9
000004357b574f19
00000435873f4299
00000435a5948b79
00000435f6067759
00000435fd765df9
0000043613e5bfb9
00000436259ecdf9
000004363ac14019
0000043654334179
000004365e82b139
0000086cc6a8c361
0000000002786071
0000000000000181
00000436ac2ecbb9
00000436c849ecd9
00000436ddeaa9d9
00000437001a3019
0000043715d924d9
0000043784b24db9
00000437b7d1e219
00000438151914d9
00000438625da679
0000043872a75559
00000438a01e38b9
000004392af68679
0000043980139f79
0000043984706c19
0000043995f34f19
0000043999f7b0b9
000004399b68f379
00000439d17b9259
00000439e4f47db9
00000439fc183439
0000043a0639e759
0000043a35c663b9
0000043ad8c9f279
0000043aefc967f9
0000043afc0f87b9
0000043b310ba999
0000043b4feffc59
0000043b52c78119
0000043b6ac8bc39
0000043b6e813039
0000043b739151b9
0000043b90baca59
0000043bb9b97a39
0000043bea0f85d9
0000043bf418ded9
0000043c1c4a83d9
0000043c68f77c99
0000043c8ed48f19
0000043cccb26319
0000043cdb24cc19
0000043d0b264d39
0000043d21ff4df9
0000043d3360c3d9
0000043d49871af9
0000043d50c862d9
0000043d58c2f7b9
0000043d87996c99
0000043dbfadcb79
0000043e28934bd9
0000043e7b9dcd39
0000043e850c4199
0000043ea48bb399
0000043eaa365b99
0000043ec091bbf9
0000043f219e6339
0000043f5295c739
0000043f76685e99
0000043fa807a799
0000087f67138761
0000000002786071
0000000000000181
000004400206ad19
000004403893bf79
000004404c8e2df9
000004405578d159
000004405a68e7f9
0000044090d759f9
00000440a6d50c19
00000440a9fb9cb9
00000440acb6a979
00000440acb6c5d9
00000440bd5eb8d9
000004410969fe79
000004411b493cd9
00000441241432d9
00000441241b6019
0000044172a012d9
000004419d3a9dd9
00000441c224de39
00000441c70944b9
00000441cc43d2b9
00000441faa6ac19
000004420b82ec19
000004420de26259
000004421a7a4c99
0000044246366339
000004428f10a719
00000442f94f6519
00000443177b2bb9
00000443308c8e99
0000044382aa1959
000004446e89a6b9
000004447f50eaf9
00000444c3248759
00000444e0013159
00000444e146cc99
00000444f527a839
00000445153d9939
0000044524984239
00000445311248b9
000004456d05d9f9
0000044590dbb119
000004460a4266d9
000004462a2505d9
000004463ed8ced9
000004464c2122f9
000004465e3bb599
000004468002feb9
00000446817b9699
000004468748d2b9
00000446d47c5d79
00000446e3570959
000004470f2b8819
000004471faba7d9
0000044743d91039
000004475cfdd979
000004479322f179
00000448131555d9
000004481b32fe59
000004482adca8d9
00000448bdd139b9
00000448c84a22d9
00000892077e4b61
0000000002786071
0000000000000181
000004492ed18c39
000004494dd9e4d9
000004495716cc79
0000044965540cf9
000004496767c719
000004498372e0f9
00000449cc13d7f9
00000449ee26e979
00000449effb54b9
0000044a14c24df9
0000044a1a303a79
0000044a96edd759
0000044aa8c7d579
0000044aa9e4f759
0000044adfd60c79
0000044b226e9c99
0000044b317049f9
0000044b51fbfbd9
0000044b7954ee79
0000044bc2d0c639
0000044bcaeffff9
0000044bd6462d39
0000044be901d819
0000044c07f2f499
0000044c2e37cdd9
0000044c312b1019
0000044c8ed79919
0000044ca2962db9
0000044d0e567c19
0000044d11e5dc59
0000044d2d66fff9
0000044d49accc59
0000044d7c200399
0000044d9f592cd9
0000044da69e0ef9
0000044db1d8b839
0000044dbe6e54d9
0000044df1733a79
0000044e04b22f19
0000044e1cf69879
0000044e32080d79
0000044e39867019
0000044e3b2fc259
0000044e6a88e6f9
0000044e73ae4059
0000044e8b4f05b9
0000044e92ed5f59
0000044e9c5a08f9
0000044eb13cb4d9
0000044ebfd17259
0000044eca63a4b9
0000044ef2ecc079
0000044f042ce1f9
0000044f0dab6c99
0000044f152102d9
0000044f5eeba6d9
0000044f7d3d5c79
0000044fcae287b9
0000044ff4119d39
0000045018ba8f79
0000045048c72019
0000045048c73479
0000045071050c39
0000045072d7da59
0000045082366a39
00000450929f7f19
00000450de0d7c39
000004511e195fb9
0000045142850259
0000045165284219
0000045182861ad9
00000451b59faab9
0000045234367139
000008a4a7e90f61
0000000002786071
0000000000000181
000004525b3fb9d9
00000452c84da6d9
00000452e9a33979
0000045308a62ff9
000004530fb17079
000004532523b739
0000045355cac139
000004535ab46819
0000045364caff99
0000045366a1b519
000004538abb6919
00000454158d7859
0000045460866719
00000454987b3239
00000454cb6381d9
00000454d3f150d9
00000454eb9cfa19
00000454ec873d39
000004550c7e61d9
000004550d0beb39
000004556ac7b2d9
00000455aaecc8b9
00000455c702a639
00000455fdc98219
0000045608765579
000004561dc4c959
00000456333698d9
00000456849c3a59
00000456a4005a19
00000456d6939299
00000457154dcf19
000004571f0d3939
000004576ddb7419
0000045788b7e099
000004578f3f8799
000004579e4a67d9
00000457d2a10339
00000458056cbdd9
00000458123b5ef9
0000045819236039
0000045837f38a79
0000045871eb5a19
000004588dbcf159
000004589717a3f9
00000458a1fca819
00000458e06f0639
00000458e139d659
00000458ecb092d9
000004591bd37679
00000459334cb5b9
0000045939ed97f9
000004594cf8a8d9
00000459606c71f9
0000045965590219
0000045976925039
0000045a0ba45fd9
0000045a12b648b9
0000045a1dcb2a59
0000045a74ff8739
0000045ab93f16d9
0000045aedc12eb9
0000045af73c42d9
0000045af73c6179
0000045b1e299259
0000045b3e049d39
0000045b6aa5dd59
000008b74853d361
0000000002786071
0000000000000181
0000045be404aeb9
0000045bf4385179
0000045c0245adf9
0000045c07183bb9
0000045c1cdad879
0000045c30b49239
0000045c66ba9899
0000045c96fcbfd9
0000045cb1df63d9
0000045d2f6bd919
0000045d94e1f2d9
0000045d98144c79
0000045dbb2e0c19
0000045dd7006079
0000045df870bb79
0000045e070f4499
0000045e0a7cb419
0000045e17975f39
0000045e1ae30079
0000045e28004f39
0000045e7e806f59
0000045ed0851719
0000045ed09bbe99
0000045f036d1859
0000045f1b96d0d9
0000045f2235ca79
0000045f863756d9
0000045f9515bbf9
0000045fa98d4d19
0000045fd2880359
0000046010a1f9b9
0000046014f2c799
000004601b0fcbd9
000004601c19d9b9
000004601ddf69f9
000004601fde0419
0000046044c278d9
000004606e588599
00000460979e2879
00000460bab57c99
00000460c10d28f9
00000460c67658f9
00000460d79ed979
00000460e1b1ced9
00000460e7cc06f9
00000460ed62fd39
00000461014b54b9
0000046110ff6579
00000461abb5ff99
00000461b28915b9
00000461b9906419
00000461bdcb8ad9
00000461dbce9319
00000461ed065c19
000004620bb4ba99
000004621b378eb9
0000046222a0a359
000004622341aad9
0000046269b0e519
000004627f672ff9
00000462b0869039
00000462c0e993d9
00000462eef80579
00000462ef7a1219
00000462f99c7919
00000463589aa4f9
000004637e14e559
00000463a128b599
00000463d4402f59
00000463e0f69359
00000464128f74b9
00000464128f9359
000004642426fe19
00000464541aa599
00000464779cb2b9
0000046495b7caf9
00000464ab2137f9
000008c9e8be9761
0000000002786071
0000000000000181
00000464f7991b19
00000464fcb2ccf9
000004650f1c6cb9
000004654b93e239
000004655c4e4099
00000465c6fad459
00000465d902e839
00000465ddf18359
00000465fe69bb19
0000046601827159
00000466502e1239
0000046675efa699
0000046678e2a159
00000466ab6b0019
00000466cd92d119
00000466d3ea5c39
00000466eba0fe99
000004672b0a8179
0000046751f06af9
0000046756385079
00000467618e5419
000004676371ab59
000004676c88e379
00000467990b27b9
000004679c492959
00000467c5867859
00000467e8cbcb79
000004680c2e51b9
00000468437452d9
0000046859457099
000004688d74fc19
000004688e4a9219
0000046897110659
00000468dfd78579
00000468eedc7939
00000468f5e930f9
00000469442ca639
0000046971aac779
00000469ba437df9
0000046a08027199
0000046a1f1a2459
0000046a699717f9
0000046a6bb068d9
0000046ab590d6d9
0000046b4fd10819
0000046b54e6c359
0000046b7480a3f9
0000046c03edfb39
0000046c28e9c5d9
0000046c28fa5d79
0000046c47b64d39
0000046c6aa064b9
0000046c8bd98159
0000046cde57db79
0000046cdf562579
0000046d018a4c99
0000046d5e5de1d9
0000046d771cbb39
0000046d9da73979
0000046de148f0f9
0000046e0ac360d9
0000046e3bdd9d19
000008dc89295b61
0000000002786071
0000000000000181
0000046e71ab9499
0000046f229b5ef9
0000046f9e82d139
0000046f9fbf5899
0000046fb5c5b3b9
0000046ff8f09619
00000470349b2459
000004703a846079
0000047043825799
00000470558dab79
0000047072d502d9
00000470fc66ecd9
000004710a69d699
00000471707f7259
0000047175634139
000004717dd65999
00000471abbeef99
00000471e4b1e1b9
00000471e52d7d59
00000471eedfb219
00000472093065d9
000004722aa853d9
000004723f521779
000004724c030979
000004726704abf9
00000472bb4a38b9
00000472cf946e39
00000472dcf2f0b9
00000472e3775bf9
00000472f0396199
00000472f4951cf9
000004731f6b7299
0000047331c65199
00000473583caef9
0000047366b02279
000004737c2aa9d9
00000473b26d3b19
00000473f53d00d9
00000473ff881a79
0000047403736519
00000474220caff9
0000047489c31059
00000474954f2039
00000474a52287d9
00000474fd8673d9
000004750b766b19
000004751af8e759
000004752ee170d9
0000047543249139
000004754be5cbd9
000004757b62cdf9
0000047582e96599
00000475ac1597b9
00000475d5f13c19
00000475d8991919
00000475f6e40b39
0000047617917499
000004767f1e8d39
0000047696d966b9
00000476b0816419
00000476bd0441d9
00000476d0cea839
0000047741cd4cf9
0000047778212319
000004778b311c79
000008ef29941f61
0000000002786071
0000000000000181
00000477f5b99939
00000478147e9219
0000047816bd9dd9
0000047847ca0759
00000478d274f439
00000478d3925db9
00000478f65ca0d9
00000478f9993ef9
0000047924ca8759
000004797d056499
00000479dadf28b9
0000047a1fef55d9
0000047a6ae3a8d9
0000047a749989d9
0000047a8b44cc39
0000047a9899a759
0000047aa7b10959
0000047abaacce79
0000047ad5949999
0000047b2e348979
0000047b87bda6b9
0000047bbec70e79
0000047bc506f319
0000047bcfc4bf19
0000047c128b9739
0000047c22c41df9
0000047c407bd7d9
0000047c4df0d319
0000047c660aa4f9
0000047c83553a19
0000047c90c93599
0000047cb6417c79
0000047cdf09db19
0000047cf97f9619
0000047d10fecc19
0000047d4d79ba79
0000047d575a9f19
0000047d65d8a2b9
0000047d83994af9
0000047d86c2fb79
0000047e544072b9
0000047e5dc2faf9
0000047e8203aa59
0000047e9083dd19
0000047f2e928499
0000047f5d346ff9
0000047ffab88339
0000047fff43ee39
000004800ae475b9
00000480655f8459
00000480655f8979
0000048086ff50d9
000004809ce16839
00000480a9533af9
00000901c9fee361
0000000002786071
0000000000000181
00000480e61d15d9
00000480ee3e7479
00000480fee0a9d9
0000048108398799
0000048112ff0ad9
0000048122ca4979
000004815510d839
0000048167cc4db9
000004816f3d65f9
000004818d151c39
000004818e248df9
0000048193ead239
000004820c489479
00000482147bc7b9
0000048215938359
000004824af4b039
00000482510a5299
0000048278647079
000004828a31b8d9
00000482a6202999
00000482aa2e7e99
00000482aeed4dd9
00000482b51a3fb9
00000482ca7655b9
00000482efb7b779
0000048318e86099
000004831ee50bb9
00000483382c4959
000004834f4e09d9
000004838015a439
000004838e28aab9
00000483cf952b39
00000483d4d97199
000004844ab76339
000004844b2cd679
000004845128e5b9
000004846f2281b9
0000048473773999
00000484acf09359
00000484c30029f9
00000484ce7328d9
00000484d9a97699
00000484df523c99
00000484f0157a39
00000484f4d9c979
00000484fef49099
0000048500a6c959
00000485218e42d9
00000485277b9799
000004853fd99f79
000004853fd9b4d9
000004854f6275d9
0000048576b4ccd9
000004857e1a91b9
000004859a2b2fd9
000004859b3bff79
00000485c47b2f19
00000486340e5539
00000486340e5619
00000486a1c1fe79
00000486d967a0f9
000004873d5672b9
00000487421fbf79
000004874270d759
00000487724c4739
000004878deda259
00000487acaaf8f9
00000487c536e979
00000487d4d1c719
00000487e27c1419
00000488054c5359
000004882b8a2f79
0000048835170459
0000048851b013f9
00000488660684f9
0000048869ea2979
000004887bb3b9f9
00000488846db4f9
00000488cd2cc819
0000048909adf5d9
000004892f173f59
0000048937868a99
0000048968d540d9
000004897087c799
0000048973d1dcd9
000004897b1edb19
000004897e39a899
00000489c9e35e99
00000489ed5cab39
00000489fe9c7579
0000048a0f2eb2f9
0000048a10d13999
0000048a21a92739
000009146a69a661
0000000002786071
0000000000000181
0000048a89fa7f99
0000048a9bb48859
0000048aaf8c26d9
0000048ac001bed9
0000048acce5e299
0000048acf709dd9
0000048ad0313e19
0000048b58144519
0000048b5a21d8f9
0000048b722e6ad9
0000048bbb009a79
0000048c25c84739
0000048c844fb039
0000048cac2e7659
0000048cb296b719
0000048cbd813479
0000048cce913559
0000048d0ea93979
0000048d5f32b9b9
0000048d68bc1bf9
0000048d841f5ef9
0000048d86c96cf9
0000048d9b1e7b39
0000048da90ba1f9
0000048dbc4e2179
0000048dd2f8db79
0000048df8732339
0000048e10013859
0000048e115ea9f9
0000048e176732d9
0000048e185f2ab9
0000048ea5d30fd9
0000048ebf2457f9
0000048ec2d2c119
0000048eecde26f9
0000048f0eca95b9
0000048f77a57f39
0000048fe22d21f9
000004900a99dd19
0000049036af7819
000004906afbc199
0000049094d20319
00000490a1b7e7b9
00000490b8c9a499
0000049139e6a179
000004918bf24239
000004918cfedbd9
00000491ab680379
00000491be976e19
00000491c8cb62d9
00000491cfa72939
00000491e19dc099
000004920d9468d9
00000492708d43f9
0000049277083f59
00000492ae9f4e59
00000492c2e29079
00000492c3ac78d9
00000492f4c6e759
00000493470618f9
0000049369cba9b9
000004937fccfad9
000009270ad46a61
0000000002786071
0000000000000181
000004938ef73479
00000493a185b179
00000493ade67019
0000049417125659
0000049446eb6839
00000494720e4279
0000049491e7b4d9
00000494bc40f2d9
00000494bf577b59
00000494cd1b5a59
00000494d405d039
00000494df07d3b9
000004950da575d9
00000495141e0b99
0000049536f14c79
000004953b98ac99
00000495461a7ef9
00000495c4bf0e39
00000495c8f866b9
0000049622089eb9
0000049660e99999
00000496a38644d9
00000497400677f9
000004976d5f78b9
00000497902b6c39
00000497aee3ac99
00000497c5b17079
0000049854c57099
000004987b13bbd9
000004989cef8b99
00000498be4cf9b9
00000498c9f1b5b9
000004992cff3319
00000499336be859
0000049939a09bb9
0000049952ac57d9
000004995da44119
000004996e457339
00000499a20bbfb9
00000499a3f00d99
00000499b7533c59
00000499c5241979
00000499f7f3c4d9
0000049a13b5c419
0000049a2c154739
0000049a45b8ba19
0000049a698190b9
0000049a9602d639
0000049abe7d4f59
0000049ac41f6d39
0000049ad16a2119
0000049af5431839
0000049afecf2919
0000049b576e8bf9
0000049b7eb9d179
0000049ba4ac35b9
0000049ba75b7979
0000049c119dba39
0000049c340f4699
0000049c5dd434f9
0000049c83958f19
0000049c96e96f79
0000049cb3dec359
0000049cb51d1959
0000049cc8d85ad9
00000939ab3f2e61
0000000002786071
0000000000000181
0000049d0fad7e19
0000049d37620979
0000049d8579d399
0000049dcb1305f9
0000049df0905f39
0000049e4fdde3d9
0000049e62130b79
0000049e9bf15619
0000049eca0052b9
0000049eda087a59
0000049f06afd479
0000049f07e02799
0000049f0cef51d9
0000049f17f6e0f9
0000049f198b9839
0000049f5446a899
0000049f6ccf0299
0000049fa48538b9
0000049fd93ddf39
000004a033147cb9
000004a07f712bb9
000004a0997b8059
000004a0e5a6f499
000004a0fc2107f9
000004a138bbebf9
000004a150fa72b9
000004a159991a79
000004a18a5e85b9
000004a1b511ee19
000004a1b86190f9
000004a1ba7eb479
000004a1d320a799
000004a1d5e16779
000004a1fbb675d9
000004a2184c9079
000004a2430e9899
000004a255ea6cb9
000004a294613e39
000004a2aa5dd179
000004a2c84d43f9
000004a2faf57659
000004a31d08bc79
000004a320e04a59
000004a362897ef9
000004a37c0a3239
000004a37d917659
000004a383edf359
000004a3f6418c39
000004a41926bf19
000004a47279d059
000004a4cbbb8bd9
000004a4e3b813b9
000004a4f952e539
000004a50dcef219
000004a51b342e19
000004a5adf69bf9
000004a5bfcf4f39
000004a5c4a21ff9
000004a5cc3c0119
0000094c4ba9f261
0000000002786071
0000000000000181
000004a627ca3d39
000004a640fdde19
000004a6542d96b9
000004a664b81bb9
000004a66c59ed99
000004a689212e99
000004a68c9711b9
000004a6b3793459
000004a75acea839
000004a7667b16b9
000004a7ba29a3d9
000004a7d8a67879
000004a7ebdc07d9
000004a7f7e2a039
000004a829a498b9
000004a858a2f8d9
000004a85a9b4b39
000004a879255399
000004a897a39f19
000004a8e6b30959
000004a8f3c57df9
000004a8f710fd99
000004a905ae7139
000004a9324874d9
000004a9df2f2759
000004aa0321f199
000004aa0d7d0c19
000004aa11b6daf9
000004aa17452519
000004aa42802359
000004aabd414159
000004aaf7639c59
000004aafffd4339
000004ab00477c59
000004ab133e9419
000004ab1c029bf9
000004ab3f45cd39
000004ab6017e019
000004ab65e833f9
000004ab8e499079
000004abd3319eb9
000004ac203a8819
000004ac577d99b9
000004ac7c797239
000004acc7624779
000004acd74916f9
000004ad0f0e62b9
000004ad1d547bf9
000004ad225721b9
000004ad5c486639
000004ad9dd95bb9
000004adc80ccd19
000004ae22a1c539
000004ae24ec2419
000004ae25fd6559
000004ae400f2979
000004ae42a19879
000004ae82f0bdd9
000004ae95e606f9
000004ae9920d799
000004aea17b7dd9
000004aef0a18d19
000004af082eadb9
000004af389ba8b9
000004af67db50b9
0000095eec14b661
0000000002786071
0000000000000181
000004afa6c54739
000004afb0599719
000004afe17c7c19
000004b02dd7ea59
000004b06a305e19
000004b0a65db0f9
000004b0eb36a399
000004b139964b39
000004b156e4e7f9
000004b1594f33f9
000004b15cddd479
000004b17b672d19
000004b1984ac799
000004b1b52c1439
000004b1c1679879
000004b1e2b99ed9
000004b20958ed79
000004b20f922b39
000004b258ce3339
000004b25a15b159
000004b2900f1739
000004b290dc3019
000004b2d2ddc2f9
000004b2d61e5eb9
000004b2d9fc0e79
000004b2e7587099
000004b2e8246e99
000004b2efd60e19
000004b3532c0359
000004b35e2a68f9
000004b37e4c3259
000004b390e7faf9
000004b398b45859
000004b3a74f46f9
000004b3c64c19d9
000004b3c7f9bcd9
000004b3eb18adb9
000004b4310de359
000004b489cec7d9
000004b4c1345679
000004b4e40613d9
000004b50cb66c79
000004b553112f99
000004b586e4b739
000004b5a58e73b9
000004b5baf38cd9
000004b5c1e33a39
000004b5dfc15039
000004b61bf20cd9
000004b620a5ce79
000004b64f727759
000004b6751f5359
000004b69583f819
000004b69ce2fe19
000004b6bee7db79
000004b6c6f6fcb9
000004b6d0e10839
000004b6f901d9f9
000004b7577f4919
000004b7633cdd59
000004b791cf2319
000004b7d50b07b9
000004b7e41f65f9
000004b7f473bc39
000004b7fbab6e59
000004b813d50579
000004b846ecaa79
000004b8b41392d9
000009718c7f7a61
0000000002786071
0000000000000181
000004b8e1b240d9
000004b8f83ee599
000004b9133000b9
000004b9dd2e6d39
000004b9dee5a3d9
000004b9f4423b39
000004ba0dbaccf9
000004ba1dc5aab9
000004ba96ba8419
000004ba9b884d39
000004ba9f38c459
000004baa5170699
000004bade81e559
000004bb29360219
000004bb7162e439
000004bb7d310e39
000004bbb09a6879
000004bbba8afbf9
000004bbe260e699
000004bc05a63459
000004bc150a2f59
000004bc235fea19
000004bc34620e99
000004bc47a615d9
000004bc5ce1f8b9
000004bd172331d9
000004bd3d78eb79
000004bd498e8e39
000004bd74598d39
000004bd76db8659
000004bd7d4ce6f9
000004be051b5619
000004be1178b3b9
000004be1c885299
000004be3b46f8d9
000004be42a75799
000004be45e0f779
000004be55740879
000004be6964f319
000004be70d707d9
000004be80e072f9
000004be99134279
000004bea3689ff9
000004beb8f5b899
000004beea5f21d9
000004bf2da683f9
000004bf400e80d9
000004bf4976bd99
000004bf591913f9
000004bf796ec2d9
000004c003537f39
000004c04a97f859
000004c08efe7e79
000004c0bcad0cb9
000004c11cefd139
000004c13fa83959
000004c176e62919
000004c17be2c799
000004c1a2d41239
000004c1a9063b39
000004c1c4e03cb9
000009842cea3e61
0000000002786071
0000000000000181
000004c23604d8b9
000004c23df7e7f9
000004c2a1653bf9
000004c2a5824c59
000004c2a8425c19
000004c2b87a6eb9
000004c2db7e98f9
000004c3098d2039
000004c31c0754d9
000004c38b0bb539
000004c39e53b659
000004c3b818aa19
000004c3c7f2f699
000004c405329079
000004c412edb5f9
000004c419207e59
000004c489852739
000004c4b0d4e939
000004c4e60be399
000004c5469d1bb9
000004c555691279
000004c5c0a90ff9
000004c5c17924b9
000004c5de8460f9
000004c6209f12b9
000004c64f0a1459
000004c65ce13c79
000004c65edcff79
000004c679b74bb9
000004c6a10b5879
000004c6abbf5f99
000004c6aebd4459
000004c6de798719
000004c6ef1ed219
000004c6f357ab39
000004c70b1f81b9
000004c780d32359
000004c782f18679
000004c788775519
000004c795b190f9
000004c7b6b9b299
000004c7ca001439
000004c82fd95379
000004c840b13219
000004c8981cb319
000004c8ae506f39
000004c8d1b7df79
000004c90139a559
000004c90e1751d9
000004c939601979
000004c9657a81d9
000004c96ab8fbb9
000004c97fa55319
000004c9bf9f4ad9
000004c9c5d1e9b9
000004c9d259cb79
000004c9d82be719
000004c9e9e86b39
000004ca06847f59
000004ca2f843dd9
000004ca3933abb9
000004ca408195b9
000004ca65e4bf59
000004ca82e7c639
000004cb0d146a79
000004cb5bc8c979
00000996cd550261
0000000002786071
0000000000000181
000004cb9e741cd9
000004cbba4bdd19
000004cbf4bfca19
000004cc289e6d99
000004cc2b480359
000004cc69fac699
000004cc94ef2519
000004ccca71e519
000004cccdae7f79
000004cce4f8a079
000004ccffa4b459
000004cd653438d9
000004cd675714b9
000004cd73432959
000004cdb79fafd9
000004cdba708019
000004cde9477619
000004cdfd5030d9
000004ce1f512f39
000004ce26f2b279
000004ce6c183eb9
000004cee288a5b9
000004ceecf70f59
000004ceed850839
000004cef0e17cb9
000004cefbe02099
000004cf2c3486f9
000004cf59f8b2b9
000004cf86ef0a99
000004cf89c9ab39
000004cf9f044d79
000004cfb64b2a99
000004cfb711e659
000004cfb9cb2359
000004cff2bd9af9
000004d03a360239
000004d03c4f7839
000004d040eb8179
000004d0496fd439
000004d0683b56d9
000004d08a4cbf59
000004d0911504d9
000004d0bd298539
000004d0c542bcd9
000004d0dc36ed99
000004d0f8bd3bf9
000004d10743ae99
000004d16f60e139
000004d1734cf799
000004d224289959
000004d225a9f399
000004d26f729f99
000004d2a3844ad9
000004d2b16da359
000004d2dc0d07f9
000004d2e6192d59
000004d2edc29459
000004d303daab59
000004d3180f5579
000004d32ef07e39
000004d3349b2039
000004d35487f7b9
000004d38414c979
000004d3937fd179
000004d393f21859
000004d3af214679
000004d3b18ce4f9
000004d3d665cd79
000004d3fe664d59
000004d3ff360239
000004d42405f019
000009a96dbfc661
0000000002786071
0000000000000181
000004d4bbbe8039
000004d50b5276b9
000004d55ef9fa39
000004d57dc34559
000004d584a65c59
000004d5a672e339
000004d5cf5853f9
000004d5f420f819
000004d61b8f9539
000004d6265f71b9
000004d639e37279
000004d676353df9
000004d67d6ae559
000004d719feae79
000004d737750d59
000004d7a87e89b9
000004d7c62860b9
000004d7d577b279
000004d7ffacc139
000004d89bd05439
000004d8ac354679
000004d8c64119f9
000004d8e9f36339
000004d918b6c219
000004d921ec6919
000004d92e77ed59
000004d95faa0439
000004d99015ba19
000004d99c7a9eb9
000004d9a26677f9
000004d9f65b2c59
000004da1a8cf819
000004da265fb4d9
000004da26941c99
000004da56c25e19
000004da6fb0afb9
000004daf9a45199
000004db363d14b9
000004db77be45d9
000004db7c2df939
000004dbf79dcdd9
000004dc1aa39099
000004dc1e4f9139
000004dc3c646179
000004dc5eb67939
000004dc78839479
000004dc89af6e39
000004dc9a4bae99
000004dd16ff5579
000004dd436646b9
000004dd5965a1d9
000004dd78cbc799
000004dddc064539
000004ddeb164c79
000004ddfca76779
000009bc0e2a8a61
0000000002786071
0000000000000181
000004de32d74db9
000004de5aa406f9
000004de7c3a3b19
000004deb68097f9
000004ded801b839
000004df0b3bd319
000004df100a8539
000004df8722a0b9
000004df8bb05179
000004dfa8914d39
000004e006dbaeb9
000004e006e28559
000004e01fcf7f39
000004e03c4839d9
000004e0bdb82259
000004e0c944b239
000004e0cc99aeb9
000004e104f7a499
000004e122ee67d9
000004e1376cfd19
000004e19d1c0399
000004e1bce09b79
000004e1cd5be379
000004e1fb779e19
000004e20df17cd9
000004e2212fa479
000004e222ee7019
000004e2405002d9
000004e2af9119d9
000004e2b6620b79
000004e2e3df1ef9
000004e320191a79
000004e3223a9a39
000004e36759c079
000004e379c60099
000004e385a67099
000004e39133ebb9
000004e40273e479
000004e402b8cb79
000004e44b31cf59
000004e4541ea499
000004e45647dab9
000004e4727d1bf9
000004e47731e319
000004e49a68bd99
000004e4a375a819
000004e4c0600899
000004e5005f2399
000004e506dcdcb9
000004e55754c4d9
000004e55d2e4d79
000004e571f6d159
000004e58b68f4f9
000004e58be18519
000004e5a4187c19
000004e5c649f7d9
000004e5f8bed119
000004e6027b91f9
000004e619a6c219
000004e6265791d9
000004e6678c7079
000004e669af0079
000004e67ca47639
000004e6c8fd9e39
000004e6f3792519
000004e6f9f98e59
000004e715a3a899
000004e73c8b1e19
000009ceae954e61
0000000002786071
0000000000000181
000004e758c5f9f9
000004e75e1b8239
000004e768268a39
000004e7740fe459
000004e821d67cd9
000004e822e19c59
000004e849216d19
000004e84fa42b39
000004e8681e7d99
000004e8a0d99779
000004e8dbbeef79
000004e8f6309b99
000004e8fbd7f5d9
000004e9030ea5f9
000004e919a53ab9
000004e945432e99
000004e979646c79
000004e998ba8a19
000004e999268499
000004e9cd6ea039
000004ea348034f9
000004ea3594bed9
000004ea41461d99
000004ea5c75e679
000004ea7e059ff9
000004ea8354f059
000004eab794de39
000004eae1743539
000004eafa104eb9
000004eafa107299
000004eafc499d19
000004eb02171b19
000004eb0f237719
000004eb0f2378f9
000004eba0ab7939
000004ebbf00fe99
000004ebef89cd19
000004ec4ab9da79
000004ec75af3e79
000004ec83a5df19
000004ec9089f719
000004ecd3a77c19
000004eced9a9419
000004ed34ea4459
000004ed47822859
000004ed483ffdd9
000004ed57be0f99
000004ed7dc1df39
000004edb31d7839
000004ee8a0552f9
000004eeb3e9aad9
000004eee6ea0759
000004ef09e2c859
000004ef46f5ff19
000004ef4a64af59
000004ef4f793d59
000004efb2b02b19
000004efd04f4879
000004eff512bed9
000004effbab8739
000004f02088e6d9
000004f04eeafef9
000004f04eeb0659
000004f07729a099
000004f07f96c8b9
000009e14f001261
0000000002786071
0000000000000181
000004f16633f839
000004f171d37a99
000004f1b40f8d59
000004f1c5279e99
000004f1c6604819
000004f1c8b980b9
000004f1e67513b9
000004f237df2759
000004f28d510919
000004f291e4c3f9
000004f2a5a80af9
000004f332d85e19
000004f35f5e3639
000004f38965b2d9
000004f3b873b199
000004f3c7ac3ff9
000004f4888f3b99
000004f4c12109d9
000004f4c4b3fd99
000004f4cbe2e939
000004f514eb5a99
000004f518188839
000004f5243dd019
000004f5353bc119
000004f5451e5439
000004f555371739
000004f57212ab39
000004f57a575d79
000004f59699e939
000004f5abce6839
000004f5c632aa79
000004f5d102b6b9
000004f5d25cc539
000004f5de43af79
000004f5e3c9ffb9
000004f5ef661459
000004f5ef71fe59
000004f65ffb3eb9
000004f6663842d9
000004f6819df5f9
000004f682798e59
000004f68f369e19
000004f69cb0cf79
000004f6b2260a19
000004f6c5269159
000004f6e347ff39
000004f6ef877719
000004f75b36bf19
000004f76f9debd9
000004f784d3beb9
000004f7d428db19
000004f7e9cabb39
000004f7fd8cde19
000004f82b47ca19
000004f84f337579
000004f8510f81d9
000004f8bd032f79
000004f8dab8b379
000004f90367ef99
000004f982c1e559
000004f98f10d5b9
000004f9a14d4b19
000004f9ba2f4f59
000004f9d0b7efd9
000004f9d49978f9
000009f3ef6ad661
0000000002786071
0000000000000181
000004f9fc0dea39
000004fa423223b9
000004fa82f3cf59
000004fada600179
000004fae1e0d3b9
000004faf7610459
000004fb1fb08a99
000004fb4d12dbd9
000004fb6e88edd9
000004fb8fc31959
000004fc3af00dd9
000004fc487de6d9
000004fcd4010059
000004fd31b1de39
000004fd77d2df79
000004fdabed23d9
000004fde8f3e4b9
000004fe06184999
000004fe096492f9
000004fe0f3978d9
000004fe59484119
000004fe6a6fd099
000004fe7fbe0379
000004fecee9dbf9
000004fefe7e7279
000004ff2710dc59
000004ff27ddfb59
000004ff3c672139
000004ff494bc7d9
000004ff71e5cc99
000004ffbb583f99
000004ffe22bf2b9
000004ffe2e12fd9
0000050029fd5939
000005006f07f959
000005011c917839
0000050190ffa559
00000501bdd355d9
000005021501fdd9
0000050236196659
00000502553c6099
0000050281609959
000005028845c459
00000502d4c0dfd9
00000502eee18bb9
00000503266d1eb9
0000050336b1cbd9
00000a068fd59a61
0000000002786071
0000000000000181
0000050373ede4d9
0000050376543ad9
0000050379e1c639
000005037a9c7ab9
00000503d18d79d9
00000503ea14ec39
00000503f806a139
0000050403a05a59
0000050456503259
000005045ff10359
000005047ea7a979
000005048b9aaed9
00000504a42c1b99
00000504a579bd79
00000504aeec9379
00000504fb3d8ab9
00000504fddf4819
000005053decfa59
0000050554b90059
0000050580506879
00000505998ce659
00000505b27c0b39
00000505d07245f9
000005060d3cc039
0000050614513b99
00000506876dfe39
000005070732b0f9
00000507245ec979
0000050727c7e3f9
000005073612e8d9
0000050771afc839
000005079178e499
00000507950d79b9
000005079645d519
00000507cc75b259
00000507cc75d119
00000507d0e56a39
0000050813970479
000005082e7cc4d9
000005086bc24579
0000050875188df9
000005088c1b6ed9
000005088d371df9
00000508ab1da719
00000508ad2faf39
00000508bf43e5d9
00000508d1fdaad9
00000508e5843099
00000508e661fbf9
000005092b4fd639
000005093cbcd079
000005096a92b3f9
00000509abd50f59
00000509b69095b9
00000509bc245759
00000509d5b47599
00000509e22fc7f9
00000509fd2ede79
0000050a6732ca39
0000050a6bd66299
0000050a80ed2779
0000050a80ed2839
0000050aa5126259
0000050ab0fcfbf9
0000050ab5002719
0000050af4244df9
0000050b36036a99
0000050b934989f9
0000050bd77b8b79
0000050bf3c6da59
0000050c246efb39
0000050c3dae8c19
0000050c4ddcc8f9
0000050c5d559eb9
00000a1930405e61
0000000002786071
0000000000000181
0000050caf724d39
0000050cbafe3859
0000050ccffbd999
0000050ce9dd6139
0000050d269db579
0000050d706c2ed9
0000050df04ddc59
0000050e1ed91699
0000050ea95cfe79
0000050ec7816459
0000050eda4c84f9
0000050ee6fd5b79
0000050ee861a919
0000050f08d103d9
0000050f414e2599
0000050f44b3b399
0000050f63bd1679
0000050f81772bb9
0000050fcd3537d9
0000050fd7e05c19
0000051009592f79
000005108d797179
00000510b7d3b719
00000510c53bbd59
00000510c7b78339
00000510cd87b4f9
00000510f8f98db9
00000510fa9481f9
000005110c2cd1b9
000005111fd663d9
00000511308ca8f9
0000051133b1a6f9
000005113535ff39
000005113b705979
0000051145b7e379
00000511592cc339
00000511e4e837f9
00000512440a73f9
0000051275e17a19
0000051290c2c9d9
00000512c7303099
00000512c9fbf399
00000512e13f3e59
000005133671ad39
00000513602c3439
000005136daa2279
0000051392cfd659
00000513b5ce1379
00000513b8f850f9
00000513d4321ed9
00000513edee3a59
00000513fa542d59
00000513fdcb0219
000005143e7137b9
0000051442e89c79
00000514d94ec779
00000515068c44d9
000005152d044d79
000005153a3b7c19
00000515748b5339
0000051587ce4dd9
0000051595de0eb9
0000051596712df9
00000515bfc979b9
00000a2bd0ab2261
0000000002786071
0000000000000181
0000051639f702d9
000005165a0be299
00000516771e48b9
000005167e96abd9
0000051681705e99
000005169c8b31d9
00000516d6685a39
00000516de502e59
0000051704822959
0000051714837259
000005172c435c39
0000051752b89779
000005175a7c1379
0000051765c10899
000005176ea564f9
00000517764152b9
0000051786bd13d9
00000517897166f9
0000051789b2e699
00000517b64986b9
00000517b8e393b9
00000517e97b1979
000005181b33ef19
0000051831f077b9
00000518513ef799
0000051878958c79
000005188f9dd499
0000051898ffe199
00000518a2c1c979
0000051930404c19
0000051943f2f639
000005195c877a19
0000051962ccfe39
000005196c3fc4f9
00000519c6dbc959
00000519e79ab359
00000519eba5a859
00000519ecf5fe79
0000051a03f71ad9
0000051a8d03f939
0000051a901fd279
0000051a96b75dd9
0000051ab9058a79
0000051ad4c0e459
0000051ad92f3039
0000051ae27cd3b9
0000051b04bc75b9
0000051b06d06019
0000051b9480ceb9
0000051b9da14279
0000051ba2b3f539
0000051bb023df19
0000051bc7816a59
0000051bce03aa59
0000051bd3f096f9
0000051be7b4a8d9
0000051c12ea96b9
0000051c5a829439
0000051c7b4bb759
0000051c96da7db9
0000051cff494839
0000051d00e66199
0000051d96075559
0000051dbffda299
0000051de6d53f79
0000051def314cd9
0000051e22544199
0000051e537163b9
0000051e63a37699
0000051e7f640ef9
0000051e87a23c39
0000051e9c895239
0000051ea4dab779
0000051ef03bce59
00000a3e7115e661
0000000002786071
0000000000000181
0000051f5b74b039
0000051f9ca576d9
0000051fc0f8b439
0000051fe67f5bf9
0000052013ae47d9
0000052094266e39
00000520fbb11739
000005213251c1f9
0000052143b357b9
000005218681e859
00000521da3766d9
00000521f5dc6a39
00000522038ab639
00000522195c8379
0000052274be3859
0000052274d56099
0000052280519b39
00000522c16db199
00000522d306c759
00000522e1f65439
00000522e7b34779
000005232668ec19
000005233879f359
000005236a8b78f9
0000052396252e99
00000523ec346fb9
00000523f7ba6139
0000052403c31879
000005243dac2bf9
00000524686458b9
000005247e1daf99
0000052482a42519
0000052484b6ce39
00000524a251fcd9
00000524c85b08f9
00000524d3c34b19
000005253fe1acf9
000005254ee54bb9
000005255e843eb9
00000525b3f6ad39
00000525b8c3d679
00000525c99d4c59
00000525cbadf619
0000052612abd259
0000052626c5c9d9
0000052657b164b9
000005265fdb0c79
0000052698caa499
00000526a1c2f399
000005270d4cf939
000005274aa8b2f9
000005274dd813f9
000005276b47ed99
000005276ddfdd79
00000527706d6e59
000005277717f419
000005277ad418d9
00000527b03d14f9
00000527ce74a8d9
000005281287fa79
000005281815cb99
000005284fd7c9b9
0000052853e094b9
000005287a6a38d9
00000a511180aa61
0000000002786071
0000000000000181
00000528a2dc8e79
00000528f1131299
0000052900fc4019
000005290c22cff9
00000529567c84f9
000005296c721159
000005297b9e24f9
00000529a07a8df9
00000529c24bc6d9
00000529cefaa939
0000052a2f006a59
0000052a544ff839
0000052a707f8499
0000052a7361e699
0000052a962c0019
0000052ad65a8eb9
0000052ae93a4ab9
0000052aeb80a839
0000052b0a932b59
0000052b1f207979
0000052b9d14bdf9
0000052ba7654af9
0000052bbf227cb9
0000052bc32b0cf9
0000052bc5e41f99
0000052bde1b07b9
0000052bf6d8ef79
0000052c265321d9
0000052c3937df39
0000052c46cfae99
0000052cba24b8f9
0000052cebeb1b59
0000052cedc22ff9
0000052cf41baaf9
0000052d58602159
0000052d7c661ad9
0000052d886b8c99
0000052d9196a059
0000052d9c74f899
0000052dfd35bff9
0000052e1352c199
0000052e460cb319
0000052e578e3e19
0000052e64e13559
0000052e8ad0ee99
0000052e94016af9
0000052eaccd55f9
0000052eb6af07f9
0000052f06b336f9
0000052f16d5a7b9
0000052f20e35d19
0000052f45378df9
0000052f959a4779
0000052fa1aafeb9
0000052fb5013519
0000052fc00e9299
0000052fc5370cd9
000005308868b739
00000530a71ba919
00000530c9dea3d9
0000053113b18d39
00000531209d6c19
00000531298bd0f9
0000053142bdc3d9
00000531476c57d9
000005319959c0f9
00000a63b1eb6e61
0000000002786071
0000000000000181
0000053220430199
000005322061f919
00000532566e1339
000005325bcfab19
0000053263e33e59
0000053265805739
000005329e3c4499
00000532a64d60b9
00000532b8908eb9
00000532b8d1e8f9
00000532d8403839
00000532ea9d63d9
00000532fa796699
00000532fe5fd459
000005332a5fcc19
00000533c95cb739
00000533d6e9dcd9
00000533d6e9dd99
000005343b842fb9
0000053450d1e979
0000053477590979
0000053479b2d339
0000053494324879
00000534c6de20b9
00000534eefd04f9
000005351029f4d9
000005351779fad9
000005353fe83e39
0000053551784b59
000005356c645f59
0000053572e2e799
00000535b18cf9f9
00000535d08f3db9
0000053620306619
000005363f9d5499
000005365684c5f9
0000053672d23a59
00000536bc7bd239
00000536d36e6d59
00000536f0e6b1b9
00000536f543e119
0000053701f23cd9
0000053703d72319
0000053750b208b9
0000053783234999
00000537d5b589f9
0000053815bcbcd9
0000053817e0b399
000005382e23b219
000005383aa8a619
000005384a421b79
00000538510f7059
000005385bb9a519
000005388b9f9639
00000538c35ad4d9
00000538ed4e4a19
00000538eeb8f219
00000539064e8399
0000053915ec8079
0000053945dbb099
0000053985313a59
00000539ba69d339
00000539e06a99f9
0000053a315eb779
0000053a93e15d19
0000053aad527919
0000053abfa43d59
0000053ad5811d59
0000053af4e887d9
0000053afb0a15d9
0000053b05b1a4d9
0000053b18a94cd9
00000a7652563261
0000000002786071
0000000000000181
0000053b5f1fabf9
0000053b697f5859
0000053bba95e0d9
0000053be6fab359
0000053c4df1a159
0000053c681b47d9
0000053c92f307b9
0000053ca086ff59
0000053ca78c1a59
0000053cbaf07379
0000053cfb1bb7f9
0000053d1408cd19
0000053d4f741d19
0000053d7d3727f9
0000053d88fd64f9
0000053d8c132a79
0000053dd73bcd19
0000053dec712a79
0000053e376076b9
0000053e39d43d79
0000053e7e6af519
0000053ecf211f19
0000053edd027819
0000053ee897f1f9
0000053ee9b162f9
0000053ef0c84d59
0000053efa20d9b9
0000053efaccb7b9
0000053f1f24bdf9
0000053f3ad18359
0000053f43083659
0000053f61667799
0000053f818a5eb9
0000053f90afc339
0000053fac542459
0000053fb0ccdef9
0000053fb5dc0619
0000053fcdf5f899
0000053fd162bcd9
0000053fec61acd9
0000054044b23c79
00000540735c0119
00000540f396af19
00000541266a22d9
0000054144809599
00000541684c34d9
00000541759c2719
0000054197b15079
00000541e0742df9
000005420740bf99
000005423abc2919
0000054259076a79
000005426f6f48b9
00000542708a9079
0000054296a95599
000005429acd08b9
00000542b5d123b9
00000542b9646ad9
00000542d0db9ab9
00000542e25def99
00000542e5ab82b9
00000542fbca01d9
0000054347a6ac99
0000054398c3acd9
00000543ae9e9379
0000054409e005d9
000005441c499cb9
00000544251a8579
0000054456aba3d9
000005445c167e19
000005445d880479
00000a88f2c0f661
0000000002786071
0000000000000181
000005447c637c99
000005448ccc78f9
000005448e334839
0000054538099679
00000545b9bf83d9
00000545c3dffbb9
00000545eab4d0f9
00000546219ebd99
000005463a8359d9
0000054648dbff19
00000546b2bdb2d9
00000546c4f55479
00000546f713dfb9
000005472a279dd9
0000054745533719
000005474f72cd59
000005476ac04039
00000547752b5099
000005478c178479
00000547a60f5239
00000547ab00e319
0000054813e15639
000005482cded8b9
000005483496ffb9
000005489c767159
000005489c810ab9
00000548c3d641d9
00000548fbe299b9
0000054900d8a379
000005493f84ca39
00000549662781d9
00000549d1f758b9
00000549fc63b1b9
00000549ff8d8179
0000054a40b8d339
0000054a4ca9c639
0000054a6436a9d9
0000054a9161d519
0000054a9c6a6fb9
0000054aa01dd839
0000054ad8fe18d9
0000054afb71e6b9
0000054b43a86c59
0000054b49ee8bf9
0000054b586abcd9
0000054b7b1756b9
0000054b8add7bb9
0000054ba77fea79
0000054bf8d0c359
0000054c04dd8239
0000054c1f529cf9
0000054c20b7cff9
0000054c218bfbd9
0000054c2980d639
0000054c35715499
0000054c3ad46dd9
0000054c5044ed19
0000054c58a1eed9
0000054c7e273b19
0000054c99396af9
0000054ca69493d9
0000054cac4f6a19
0000054cb28c0879
0000054cb7773859
0000054cde9e6499
0000054cdf160139
0000054d17621d19
0000054d178f8779
0000054d2a475739
0000054d3eb869f9
0000054d62b5d679
0000054d7e441959
00000a9b932bba61
0000000002786071
0000000000000181
0000054df5149459
0000054e095ad3b9
0000054e24d41139
0000054e356b6af9
0000054e7b6d72f9
0000054e9d8efc19
0000054ed2155999
0000054ee8a429f9
0000054efd657659
0000054f09e4fb79
0000054f17851dd9
0000054f4ad36c99
0000054fa4014e39
0000054fb29b49d9
00000550136579b9
0000055044552eb9
000005505c5aff99
00000550643fae99
0000055067c10e59
0000055082605a79
0000055083d284f9
000005509c375159
00000550b283b159
00000550e5d7c6b9
00000550f64d4699
000005516768a6d9
00000551815effd9
000005518fdb5239
000005519f6520f9
00000551b225df39
00000551c1501539
00000551eec867b9
000005523998ef39
000005523b7bab59
0000055249fddd39
0000055252ea36d9
000005526e1d46d9
00000552c5a069d9
00000552f0067339
00000552fd2413d9
00000553125a8e39
000005533c1ac8b9
000005535d4bddb9
00000553769818d9
00000553dc092459
000005541b3a0839
000005542d376fb9
00000554506c78d9
00000554ba769039
00000554cc1426b9
00000554fd194cb9
00000555049db2f9
0000055525d076f9
000005554fae7059
0000055552e87999
00000555adce4439
00000555c366c859
00000555c3ce4b99
00000555d3078759
00000555d39fa619
000005560d50c599
00000556472ae2f9
000005564e72ea79
000005566e4073f9
00000556865f3119
00000556a03e4339
00000556db4352b9
00000556e9a2d4b9
00000556fb274b39
00000aae33967e61
0000000002786071
0000000000000181
000005576ffa02b9
00000557751b5759
00000557954d8b39
00000557bc5861f9
00000557d78a3ef9
00000557eb957179
0000055811e51e19
00000558230e8bd9
000005583a445919
000005587be311d9
0000055881e861b9
0000055886c15ed9
00000558cf919db9
00000558e3be5999
00000558e486ad79
00000558f24aa1d9
00000558f3656cb9
000005590084a479
0000055911663a99
0000055920c18db9
00000559355b3df9
0000055959697699
000005595e7a2c39
00000559600cbcf9
000005598b0064f9
00000559a683f119
00000559d2d47d99
00000559f09af8d9
0000055a0b993439
0000055a260e72f9
0000055a8ae1e459
0000055aa60d3419
0000055ad3b26619
0000055aed118bd9
0000055af4931179
0000055b0b5d1e99
0000055b5ba5f299
0000055b6562ca39
0000055b8ff8b0b9
0000055bb14f3a79
0000055bbb567fb9
0000055c200e5859
0000055c3d1c3059
0000055c97a64b19
0000055ca2e19019
0000055cd01e97f9
0000055d3862eeb9
0000055d4f7045d9
0000055d5fe33559
0000055d71831819
0000055dcb6425d9
0000055e011cfd99
0000055e17468519
0000055e206509f9
0000055e515404d9
0000055e8bd36fd9
0000055eb474fe79
0000055ee8dc6199
0000055ef3e863d9
0000055f4fe580f9
0000055f8a1a83d9
0000055fbea7c0f9
0000055fc3ef8ed9
0000055fd1641b79
0000055fe9cff259
00000560070529f9
000005602dc93139
00000ac0d4014261
0000000002786071
0000000000000181
000005608d6606b9
00000560f43098f9
000005612a59ee39
000005613faa95d9
00000561a5da8b39
00000561cfa023d9
00000561d7bb40d9
00000561ec6d33f9
0000056209ebff79
00000562600f3d99
000005629edcebf9
00000562c378f359
00000562c5bb4939
0000056338c7c2b9
0000056339415439
000005633e8ee4f9
000005636475c9d9
0000056364d56e59
000005637445a359
000005641086d059
0000056411795ab9
0000056431710f99
000005644e3a55d9
00000564522623b9
000005647cf7f759
00000564813519d9
00000564847c6839
00000564919cdd39
00000564a9842379
00000564b362c899
00000564e5b79f79
00000564e5ff9099
000005650d2ef439
000005652ae446d9
000005653ceae4d9
0000056572399579
00000565a04c5d99
00000565ad39d799
00000565bd0459f9
00000565f887d8b9
000005662bfe12b9
0000056651c182d9
0000056675295db9
000005667dbece19
000005667e167539
000005669f509c19
00000566a1bd5979
00000566b46ab799
00000566ba4fca99
00000566d1301a39
00000566db4e12b9
00000567454ffd39
000005674ba00839
000005674c055e39
0000056756d33619
000005677ac5f219
00000567a8b250d9
00000567b9eec679
000005689af1b9f9
00000568c0d42479
00000568cf96efd9
00000568e8ddd659
00000568f9345f19
0000056901ff4b39
000005692b38c179
000005694f477999
0000056957084db9
000005696c0c5ef9
00000569984bea39
00000ad3746c0661
0000000002786071
0000000000000181
00000569c6ac75b9
00000569df78b6d9
0000056a184a7bf9
0000056a60e1c079
0000056aa61f07b9
0000056aae4e95d9
0000056ac3a73db9
0000056add04add9
0000056af918f379
0000056afba1d599
0000056b0622bef9
0000056b6ac31b19
0000056b6d1fe439
0000056b911d7839
0000056b94848e39
0000056ba6c55319
0000056bae66a559
0000056bb02c3a39
0000056bb866c279
0000056bf5915919
0000056c17f72359
0000056c46ca11d9
0000056c813b3239
0000056c946da079
0000056c9ab95799
0000056caebf0379
0000056ce305f6b9
0000056cf1621439
0000056d05918c79
0000056d3b6096f9
0000056d81e66c19
0000056d83016679
0000056da541f8f9
0000056de3e1d859
0000056e32be1e39
0000056e4521d319
0000056e5e41ecb9
0000056e5f5cef59
0000056e89a7c7b9
0000056ebc42b359
0000056ed39016b9
0000056ee2bdd7f9
0000056efa37b899
0000056f3b8030b9
0000056f63c7a899
0000056f8d8c3959
0000056fbd1cd739
0000056fc7e8d5f9
0000056ff3bd8c39
00000570ab429759
00000570c5edceb9
00000570d5571459
000005711d77a079
000005714450de79
0000057155f23c99
000005719baa73f9
000005719eaa8639
00000571afcc1b99
00000571fee01859
0000057219e5c439
000005721c397ab9
0000057236723ed9
0000057268684119
000005727cd882d9
00000572cf44c879
00000572d5a04a19
00000572e84d86f9
00000572f65dbdb9
0000057300c56cb9
00000ae614d6ca61
0000000002786071
0000000000000181
00000573105360d9
0000057351a24519
000005735f9a9379
000005736e41ddb9
00000573811b8379
00000573a0f1f259
00000573c3909c79
00000573d14efa19
00000573ddc7cf59
00000573dde6d659
00000573e76dad19
00000573ffa65019
0000057468ce1df9
00000574cbf09939
00000574ccb7de99
00000574d2a90599
00000574eedab2d9
000005750506b939
000005752696a499
000005754da95b39
0000057616ef6e19
0000057625b0a559
00000576264d3779
00000576703fc5b9
0000057702c97899
00000aee29e8fd61
0000000002786071
0000000000000181
