[MCS8 A] 97 FW 3.104 SV 1.257 
range=1024
periods=2
sweepmode=27e20d0
fstchan=0
holdafter=0
streamstatus=3
calreg0=0
calreg1=0
calreg2=0
calreg3=0
swpreset=8000        
prena=0
syncout=0
cycles=18
sequences=1
tagbits=16
vdac0=92c
vdac1=807
vdac2=8c8
vdac3=8c8
vdac4=8c8
vdac5=8c8
vdac6=8c8
vdac7=8c8
timepreset=20.000      
digio=0
digval=0
autoinc=0 
savedata=2 
mpafmt=asc
sephead=0 
fmt=asc
smoothpts=5 
[CHN1]
REPORT-FILE from 06/19/2026 16:43:34.971  written 06/19/2026 16:43:34
cmline0=06/19/2026 16:43:34.971 
cmline1=A1
range=1024
active=1
bitshift=4
cftfak=2580100
evpreset=10          
roimin=0
roimax=1000
caloff=0.800000
calfact=12.800000
calfact2=0
calfact3=0
calunit=nsec
caluse=1 
[CHN2]
REPORT-FILE from  written 06/19/2026 16:43:34
cmline1=A2
range=1024
active=0
bitshift=4
cftfak=2580100
evpreset=10          
roimin=0
roimax=1000
caloff=0.800000
calfact=12.800000
calfact2=0
calfact3=0
calunit=nsec
caluse=1 
[CHN3]
REPORT-FILE from  written 06/19/2026 16:43:34
cmline1=A3
range=1024
active=0
bitshift=4
cftfak=2580100
evpreset=10          
roimin=0
roimax=1000
caloff=0.800000
calfact=12.800000
calfact2=0
calfact3=0
calunit=nsec
caluse=1 
[CHN4]
REPORT-FILE from  written 06/19/2026 16:43:34
cmline1=A4
range=1024
active=0
bitshift=4
cftfak=2580100
evpreset=10          
roimin=0
roimax=1000
caloff=0.800000
calfact=12.800000
calfact2=0
calfact3=0
calunit=nsec
caluse=1 
[CHN5]
REPORT-FILE from  written 06/19/2026 16:43:34
cmline1=A5
range=1024
active=0
bitshift=4
cftfak=2580100
evpreset=10          
roimin=0
roimax=1000
caloff=0.800000
calfact=12.800000
calfact2=0
calfact3=0
calunit=nsec
caluse=1 
[CHN6]
REPORT-FILE from  written 06/19/2026 16:43:34
cmline1=A6
range=1024
active=0
bitshift=4
cftfak=2580100
evpreset=10          
roimin=0
roimax=1000
caloff=0.800000
calfact=12.800000
calfact2=0
calfact3=0
calunit=nsec
caluse=1 
[CHN7]
REPORT-FILE from  written 06/19/2026 16:43:34
cmline1=A7
range=1024
active=0
bitshift=4
cftfak=2580100
evpreset=0           
roimin=0
roimax=1000
caloff=0.800000
calfact=12.800000
calfact2=0
calfact3=0
calunit=nsec
caluse=1 
[CHN8]
REPORT-FILE from  written 06/19/2026 16:43:34
cmline1=A8
range=1024
active=0
bitshift=4
cftfak=2580100
evpreset=0           
roimin=0
roimax=1000
caloff=0.800000
calfact=12.800000
calfact2=0
calfact3=0
calunit=nsec
caluse=1 
;MCS8 #97 Sversion=1.257 Fversion=3.68
time_patch=1
;datalength=8 bytes
;bit0..3: channel# 1..8 ( 4 bit)
;bit4: edge 0=up / 1=dn ( 1 bit)
;bit5 ..57: timedata    (53 bit), max sweep length 2001.6 h
;bit58..62: tag0..tag4  ( 5 bit)
;bit63:     data_lost   ( 1 bit)
[DATA]
0000000000000016
000000000f7137d9
00000000164490f9
00000000f68b50d9
00000001e12a97d9
00000001f0513df9
000000021c0fbf39
000000024c9016b9
0000000255b7a0d9
000000025ed52739
0000000268282b39
0000000268282bd9
0000000268282bf9
00000002682832b9
000000027c665959
0000000354e74cb9
00000003e3725699
0000000433f6c8b9
00000004e966b6d9
00000004f9b11479
00000005054070f9
000000053d48ea19
0000000544cd6e99
00000005cb84dc79
00000005fe579eb9
00000006536e6d39
000000067b3a02f9
00000006816d8239
00000006eb620a19
000000071440b439
0000000718869fb9
000000071886aed9
00000007332dd4d9
00000007332df0b9
000000078f7c0e19
00000007d8724ef9
00000007de2d9899
00000007f561a1f9
0000000832a4e539
00000008cab4e4f9
0000000944ae9779
0000000995795539
0000000a0bb58859
0000000a7c8df7f9
0000000ab6292199
0000000b1fa6d179
0000000b5444db19
0000000b54d316d9
0000000b54d31e59
0000000b54d32a79
0000000b7838cd39
0000000b7c883cd9
0000000b8b567d79
0000000c55084fb9
0000000c55086219
0000000c7b9653d9
0000000c7cf81a99
0000000c9f996f19
0000000d70f02739
0000000d74a907b9
0000000d859c13f9
0000000ddbb40bd9
0000000eb9b0b799
0000000ee8fbdc59
0000000efbffecf9
0000000faee3ee39
0000000fdbd3c2d9
00000010007e9e39
00000010076504d9
0000001041a86679
0000001041a86719
0000001041a90179
0000001080b46019
0000001084f22179
000000215623de61
0000000000f4d971
0000000000000181
00000010acaac699
00000010b6139439
000000115ff85019
000000115ff85e99
0000001167333ab9
00000011a0e3e839
00000012006e8f39
000000120a2facb9
00000012247b4b39
00000012b14e4e39
00000013a1d38679
00000013cc8d38b9
00000013d6136579
00000013e542bc59
00000013f79da419
00000013fdc0eed9
0000001425e1ea99
000000147c561f79
000000147c562019
000000147c562039
000000147c5626d9
0000001588f03499
000000162cb86239
000000162f4d87d9
00000016a718abb9
00000016db387b39
0000001723983e79
0000001781c5af79
00000017bb382c59
00000017f7209779
0000001890ddb999
000000198d2c8c19
0000001992248599
000000199b57b519
00000019cca55319
00000019cca55399
00000033f68e7c61
0000000000f4d971
0000000000000181
0000001a1dfabfd9
0000001a27fbec39
0000001a62905f39
0000001a6cc87739
0000001b56632f59
0000001b7859ab59
0000001bdfd3ab79
0000001bf00c7c59
0000001bff9b76f9
0000001c06cf73d9
0000001c4ff1f0b9
0000001cccb2a919
0000001cf9ff9ab9
0000001d239fe639
0000001d3ccc6799
0000001d8a85fc19
0000001dac614359
0000001dac6143d9
0000001dd23f6d39
0000001deb38a259
0000001e83b3d2f9
0000001e84ec8979
0000001f115e1ef9
0000001f115e42b9
0000001f115e4339
0000001f267205b9
0000001f31619759
0000001fb39b6839
0000001ffe7e21b9
00000020069e4e19
000000200908a9d9
000000200908c3f9
000000201afb2019
0000002047c33059
00000020694676d9
000000209e88f519
000000209e88f579
00000021256e2119
0000002287bb9459
00000022acea5699
000000230bf640d9
0000002337825ad9
0000004696f91b61
0000000000f4d971
0000000000000181
000000234e6b3459
0000002362c59299
00000024392ef019
000000248c16a3b9
00000024c6464db9
000000254c599d39
000000258bfdca59
00000025a1a0cad9
00000025be27bb59
00000025d8084539
00000025f6daa159
000000261777b5d9
00000026231827d9
00000026ec592cd9
00000026f8980879
000000271d67fd59
0000002752498859
00000027858fddd9
00000027858fde59
00000027f234e919
00000028b586ca79
00000028ca7c35f9
00000028ff331859
00000028ff331939
0000002913b4ce59
00000029ae2773b9
00000029c9697b39
00000029dfab4cf9
0000002a3b4e9319
0000002a42648d79
0000002a4ac734b9
0000002a4f4ec799
0000002b1d1bc4b9
0000002b31728a79
0000002b4981c479
0000002b9335bff9
0000002bc998fa99
0000002c55558af9
000000593763b961
0000000000f4d971
0000000000000181
0000002cd615cb39
0000002cfbfe9559
0000002d63e068d9
0000002d976827d9
0000002da05b2a19
0000002dcd23f739
0000002dfeedbb39
0000002e146cc239
0000002e1db83319
0000002ec2bcd659
0000002ed8e5f799
0000002ed974f979
0000002ede927159
0000002eedd33879
0000002f9f0a9c99
0000002f9ff7fd99
0000002fd803fbf9
0000002fe26f7b79
0000002fe26f8bb9
000000300b8f4979
000000301730beb9
00000030616f8a79
0000003083b5d1d9
000000312df24d99
0000003140799739
00000031b898e539
00000031e44d8139
0000003296be1159
00000032cc41ce39
00000032e239fa79
000000336f1fb839
0000003371c4ae39
0000003375fe71f9
00000033a8cc7b39
00000033de3b0bf9
00000033e6c598f9
0000003430f8bc59
00000034431d1bf9
000000346af84b99
000000346af84c19
000000346af86679
00000034944a0e79
00000034a152cf99
00000034d8440299
00000034d8440319
000000352f0eba79
0000003531152379
0000003535a2ee59
0000003545afabb9
00000035a538b2f9
00000035d86f13b9
0000006bd7ce5861
0000000000f4d971
0000000000000181
00000036228ffb59
00000037177308d9
00000037177318d9
000000371d465d79
0000003750580f99
00000037505817b9
00000037761b5a79
00000037d9996eb9
00000037fc26ec39
000000380843c359
0000003813d33b79
000000385ca21519
000000387eb89799
0000003894c330f9
0000003899187019
00000038e7af81d9
0000003943e018f9
00000039cb8312d9
0000003a2cd78159
0000003a9697e0f9
0000003ab8924d99
0000003ad14405b9
0000003b1da94c99
0000003b6ed2d9b9
0000003c1b5e5379
0000003c2843c8d9
0000003c2843db19
0000003c59a9a859
0000003c7ce56739
0000003cc26bda79
0000003d4ad40f79
0000003d652e7599
0000003d66f0bef9
0000003d8babb859
0000003ddaa758f9
0000003dddd4ce79
0000003dddd4e739
0000003de990f3b9
0000003decde1ab9
0000003e08dcd1b9
0000003e407d81f9
0000003e8567cff9
0000007e7838f761
0000000000f4d971
0000000000000181
0000003f6cdf40b9
0000003f955976f9
0000003fa577d7d9
0000003ffd4a04b9
0000003ffd4a1c19
0000004001a45439
000000401a998b59
000000405d7109d9
000000408fd73579
00000040ca86ae19
000000412febb9b9
0000004145176499
0000004222cd4639
000000425601a459
00000042f6ae82b9
00000042f729b839
00000043099b3e99
0000004323fefb79
00000043b3724559
00000043dcfa7dd9
0000004445049ab9
0000004479b85079
00000044d47bccd9
00000044d6a89379
00000044d6a893f9
000000458df01a79
00000046383f99f9
000000467168ef59
00000046cb2ad199
00000046cb2adb99
0000004735dcf319
000000478c578f59
00000047c4768f99
00000047c4769f39
00000047f7e166d9
000000480fa1e939
0000004825b98359
0000009118a39561
0000000000f4d971
0000000000000181
000000491b394eb9
00000049944513b9
00000049f86dced9
0000004a2344f999
0000004a5618b499
0000004a85978f99
0000004a8e0c8eb9
0000004ab5e5f439
0000004b1e6e08b9
0000004b32ce78f9
0000004b7384fef9
0000004b7a11cd39
0000004bbc0c7d59
0000004bd24c7dd9
0000004bde66f279
0000004c13e96299
0000004cc2758c19
0000004cd32edcb9
0000004d6cb417b9
0000004d6cb41839
0000004d6cb41879
0000004d6cb41b39
0000004d6cb431d9
0000004d8c0ed679
0000004d8c0ed6f9
0000004d8c0ed739
0000004d93532539
0000004d93532999
0000004d94f57339
0000004ded28ad99
0000004e13fa93b9
0000004e170040f9
0000004e4ae241f9
0000004ee8f59239
0000004f0241c2b9
0000004f21ad2319
0000004f2c512b59
0000004f91355a59
00000050397efb19
00000050406f9699
00000050612d04d9
00000050980c2cd9
000000509e953019
00000050a989c5d9
000000510d7c8cd9
000000513a0f15d9
000000a3b90e3461
0000000000f4d971
0000000000000181
00000052410bd7d9
00000052410bd859
00000052b9ebdcb9
00000053784e68b9
0000005396a842b9
00000054101605b9
0000005415d19bd9
0000005424cff8d9
00000054671ba559
00000054671bb499
00000054854302f9
0000005486a00039
000000551b4a36b9
0000005532183319
00000055f58b3c59
000000561ada1219
000000561ada1299
000000561ada12d9
000000561ada1979
000000561ada2639
0000005626fcc5d9
0000005657b27a59
00000056920f2dd9
000000569394c8b9
0000005704890fb9
000000574a4065b9
0000005774884899
000000579773ce19
000000589dc91779
00000058b4ab4559
00000058d6878299
00000058d7e0e039
00000058d7e0f239
0000005972d9f839
00000059951ceb19
00000059cff0c819
00000059d71a6f39
00000059d71a7b19
0000005a4a91bfb9
0000005a7f890bf9
0000005a89f39dd9
0000005aafc6f399
0000005acf822c39
0000005aec0f26b9
0000005b0ae132b9
000000b65978d361
0000000000f4d971
0000000000000181
0000005b4fb7d279
0000005b78434379
0000005b78435139
0000005b78435279
0000005bacf594f9
0000005bbcab8939
0000005c33fdaf99
0000005c92f66299
0000005cac9ebb19
0000005d9cfc6b39
0000005daa7cfed9
0000005ed8669ad9
0000005f22be31f9
0000005f609fb8f9
0000005f77619b99
0000005ff7b2bef9
000000601ff12559
0000006063421b99
00000060804afa39
0000006088743db9
00000060a2ff7d99
00000060c275d6b9
00000061001bbc19
0000006102465139
000000610b155d19
0000006118304ad9
000000613c47b299
000000613c47da99
000000613ecfaf99
000000613ecfc439
0000006189fcfab9
00000061e7aa0839
0000006267b34279
0000006267b343d9
000000629854df99
00000062c468d4b9
00000062c485c2f9
00000062de736b39
0000006303c4d3b9
000000630c4544b9
0000006332eba5b9
0000006350ad5a19
00000063b4b60679
00000063dd418399
00000063ee73f0b9
0000006439072ad9
0000006451333c39
00000064582862b9
0000006458286339
0000006459b98259
000000c8f9e37261
0000000000f4d971
0000000000000181
00000064bf062d59
00000064bf064079
00000064cca1cf99
00000064d8e7bd79
0000006522a098d9
00000065d3e51c99
00000066e3b9cd39
0000006703350439
000000673f57a879
000000679a9736f9
00000067c1838af9
000000682e0f28d9
000000686eb1bdd9
0000006882cef6f9
000000691a12af59
000000693e289f39
00000069429ecdb9
000000694fe13bd9
00000069864e7439
0000006996229ff9
000000699d33d4d9
00000069a0ace0f9
00000069bed7cd79
00000069c7af2db9
00000069e0b524b9
0000006a636a8939
0000006abfb1b7f9
0000006adb72fad9
0000006b1e4c58b9
0000006b86e4ccd9
0000006b93f44b99
0000006ba05ac339
0000006bf1ae2b59
0000006c6fa49979
0000006ca0b00a79
0000006ca40eebf9
0000006ca4906d19
0000006d0c44ce39
0000006d24591ed9
0000006d3cc10db9
000000db9a4e1161
0000000000f4d971
0000000000000181
0000006df26a2e99
0000006df778d7d9
0000006e50f0c2b9
0000006eaeaa0139
0000006eaeaa01b9
0000006ef6ba4379
0000006f0fb169f9
0000006f16aff979
0000006f16affa19
0000006f16affa59
0000006f16b000f9
0000006f16b05799
0000006f16b05d99
0000006f67c46cb9
0000007058c9f639
00000070f008ce99
00000070f008cf19
00000070f008d5b9
000000711d63dab9
000000712514a6d9
000000712e05c059
00000071460c2e79
00000071498827f9
000000716b051619
00000071e6bebed9
0000007254662af9
0000007275171c99
0000007290dbc439
00000072da0862f9
0000007361535ad9
00000073666d9cd9
00000073f27223f9
000000742ae5b919
00000074354d6b99
00000074805e5379
000000748aeee2d9
000000748aef5739
00000074ac192bb9
00000074bbdc52b9
00000074c0371df9
00000074e1e3fc99
00000074ed49fd39
000000751f1b7a19
0000007520ceb819
000000756681ff99
0000007590f35b39
000000760510c099
00000076104b3d19
0000007626681cf9
0000007638f6c9d9
00000076948e1799
00000076b95ac919
00000076b95ac9b9
000000ee3ab8b061
0000000000f4d971
0000000000000181
000000771dc15f19
000000771dc16f19
0000007740c931d9
0000007740c9d159
000000776f90b779
00000077a9555f19
00000077a9555f99
0000007824a1b5b9
0000007824a1cb79
00000078317f8319
00000078a94a0af9
00000078da77c7f9
00000078f1d89e19
0000007901341699
000000792c06b919
0000007969faff59
0000007969fafff9
0000007969fb06d9
0000007969fb1d59
00000079742f1499
0000007974e34f39
000000799e0faa79
0000007b990bc4f9
0000007ba42d9ad9
0000007baedf99f9
0000007baedffb99
0000007bc4bac559
0000007c0398acd9
0000007c2e0ba139
0000007c30c86ab9
0000007c8f77abb9
0000007cd8ae1959
0000007d1e210659
0000007d9757e2f9
0000007de47cac39
0000007de648ff39
0000007e0d6b8019
0000007e0d6b8099
0000007e528e0119
0000007ea0af2619
0000007eaeb46239
0000007ef6e23db9
0000007fd74a2439
000000800090d579
0000008016236639
00000100db234f61
0000000000f4d971
0000000000000181
000000807c961f59
00000080a26ef359
000000811fceecf9
000000811fcefd39
000000816bb21799
00000081c10d6f79
00000081dca18239
00000082265182b9
000000829a6ccf79
00000082df3ef339
00000082e794ce99
00000082ef6f1b99
00000082ef6f1d39
00000082f4f49d39
00000083124cae79
0000008371af3319
0000008371af34d9
00000083aeb2cf59
0000008407561319
000000840b037d99
0000008426d19c19
0000008436886ff9
000000844f8c5619
0000008450aeab79
000000845e286439
000000847912c099
000000847ef7c2f9
000000858eac9d59
00000085dcccbb99
00000085e42a7b39
00000085e9db4ad9
000000861eb07819
000000867a5ffa79
00000086ef7fa159
00000086f7a3f339
00000086f7a3fab9
00000087003c2e79
000000875b403739
000000876f44ef99
00000087798c4159
00000087812ada59
00000087d35da899
00000087ffe1bdd9
00000088165fabf9
000000889d1ab119
00000088c893a259
00000089295fe919
000001137b8dee61
0000000000f4d971
0000000000000181
00000089cbb07779
00000089f84628b9
0000008a19657079
0000008a41723799
0000008a5e139c99
0000008b1ab1c439
0000008b45e52e99
0000008b82dff939
0000008b94874939
0000008bc4330cb9
0000008bf90c18d9
0000008c948f3719
0000008ce9bd9739
0000008d1baf75d9
0000008dae3b4fb9
0000008dc8277959
0000008dd1e442f9
0000008e205bb699
0000008e6c69ce79
0000008e6c69d039
0000008ebd5a65f9
0000008ed50e95f9
0000008ef7e2af79
0000008f0c355619
0000008f6a0b7699
0000008fe568c599
000000903bfe93d9
000000907e3f2b19
000000911e85b579
0000009149c095f9
00000091720ffdd9
0000009180dfda99
00000091977da139
00000091a7b99179
00000091afa71ed9
00000091afa7c159
0000009228af3ff9
000000922f36f5d9
000000925919f2b9
000000927c34ff59
00000092f8c24059
000001261bf88d61
0000000000f4d971
0000000000000181
000000932a9f9c39
00000093e4122139
000000941cdc8d99
000000941d92c259
0000009421777399
00000094719faf39
00000094719fafd9
0000009506c22079
00000095cd1e0739
00000095eb004719
000000961a522c59
000000967225d7b9
000000968da55519
00000096bf1859f9
00000096e3fe3b99
00000097129d92d9
0000009713d74799
00000097d1a94799
00000097eff5bf59
000000987fbc2dd9
00000098ca11e739
00000099320448f9
0000009969920ed9
0000009a0bd7f559
0000009a1a5b5119
0000009a5dc6bc99
0000009aa3479239
0000009ad5f5e4f9
0000009adb5a8dd9
0000009ae291c1d9
0000009ae291c819
0000009b0f8bc459
0000009b6b1e8df9
0000009bf7c75059
0000009c15cca159
00000138bc632c61
0000000000f4d971
0000000000000181
0000009c646b4bb9
0000009caa86cd59
0000009ce14d83f9
0000009d07385539
0000009d385f4f99
0000009d3bc02f19
0000009d6b242239
0000009d86cf6e19
0000009deb76e639
0000009df6b99e59
0000009e296c37f9
0000009e3679c299
0000009e55849a39
0000009e8c894a19
0000009f1eb16559
0000009f4b8719f9
000000a08d5b2d79
000000a0fb46df39
000000a10d3e0299
000000a1b48d7179
000000a1d27d3759
000000a211cba479
000000a24b795a79
000000a251f07ef9
000000a25375f219
000000a27b96cd79
000000a28332edf9
000000a2ad66f299
000000a2f10ec559
000000a2f63eb919
000000a33f14fc59
000000a3adf8f899
000000a4022d6bf9
000000a405d582f9
000000a428f83f59
000000a462d04ff9
000000a4af7afcb9
000000a4af7afe79
000000a4af7b4d39
000000a4c04151b9
000000a4cb679e39
000000a4d4bb5e99
000000a4e258b9f9
000000a500613699
000000a5518e94b9
000000a55e7c6559
000000a581d69c99
000000a596e92f19
0000014b5ccdcb61
0000000000f4d971
0000000000000181
000000a5b95a7079
000000a5d0dc73d9
000000a5e41209f9
000000a5e669bfb9
000000a5eb0d40b9
000000a61feb6959
000000a654682e39
000000a728cec579
000000a76999b659
000000a79a56fef9
000000a7db06cd59
000000a8352a9d59
000000a842247a39
000000a8ce332a39
000000a8e92727d9
000000a901556799
000000a930601439
000000a9786ba8b9
000000a9d4985979
000000aa0bcf5c79
000000aa0ed04539
000000aa536f38d9
000000aa6312c579
000000aa6312d5b9
000000aa8e574119
000000aafdd8dc99
000000ab2c150c39
000000ab725d4039
000000aba1941379
000000aba94db4f9
000000abcd8efbb9
000000ac0787cd99
000000acda43ebd9
000000ad1f8e2499
000000ad48627959
000000ad5d615e99
000000ad729bb859
000000ae5afe2859
000000ae75841959
000000aeae993fb9
000000aeec5ab659
000000aeec5abdb9
000000aeeeb8d0f9
0000015dfd386b61
0000000000f4d971
0000000000000181
000000af2b8aca79
000000af8b4d2999
000000afa8c45f99
000000afc2b880b9
000000afce493919
000000b021c33b99
000000b024d51339
000000b05260bc59
000000b0669a9539
000000b09fec75f9
000000b09fec79b9
000000b0ac492519
000000b0b365ee59
000000b1259bbcf9
000000b14804a9b9
000000b1824409f9
000000b1ab5a7199
000000b1d6d1e999
000000b1dcffc9d9
000000b227878d39
000000b2b72b7b99
000000b2bd2ccf39
000000b396094c99
000000b3bca7e319
000000b441128d79
000000b4f51ae719
000000b5cb164fd9
000000b5cb166179
000000b6012542d9
000000b6492493d9
000000b66677b959
000000b6afd86fb9
000000b6bd8bfa59
000000b6eb1f91d9
000000b6eb1fbc99
000000b714cc6df9
000000b7c2ac0bd9
000000b7c74b2959
000000b7f088c6f9
000000b7f38a9259
000000b8003ed8b9
000001709da30a61
0000000000f4d971
0000000000000181
000000b859f71d59
000000b88b640f19
000000b8c1c06679
000000b8c1c066f9
000000b8fb937019
000000b8fb9371d9
000000b8fb937279
000000b8fb937299
000000b8fb937959
000000b915a61039
000000b92f8a55d9
000000b96b773179
000000b9ce973ad9
000000ba058b3b79
000000ba856fa039
000000baa072bcd9
000000bb82728079
000000bd0cff92d9
000000bd1b4214b9
000000bd829efb79
000000bdd416ce19
000000bdd416d2f9
000000bde5eecc99
000000be44b6ead9
000000be48800c79
000000be5a669bb9
000000be8371bd79
000000be87099999
000000be94087c39
000000bf2789bcb9
000000bf2789bd59
000000bf2789c439
000000bf2789d0d9
000000bf27b6b5f9
000000bf8dc39ff9
000000bf998a9439
000000bfdd13b3f9
000000bfe5fc18f9
000000bfe6216df9
000000c01aeaf9f9
000000c0451ec4d9
000000c0520a5339
000000c112974479
000000c1212759f9
000000c121276c99
000000c14975d359
000000c167207ff9
000001833e0da961
0000000000f4d971
0000000000000181
000000c1a80a7959
000000c1b3fc4f19
000000c1c9480979
000000c21139bc39
000000c22f6b1459
000000c24d649f39
000000c32c02b8f9
000000c3ac1f3c19
000000c3e72649d9
000000c3fa4e4c39
000000c402f46e59
000000c40b2bd959
000000c460d8f819
000000c47252c219
000000c4aac5e599
000000c532217b99
000000c54a591579
000000c557ca8179
000000c5e7d06e79
000000c6a6283199
000000c6bf559ed9
000000c6d7c20919
000000c700d4d4b9
000000c700d4d539
000000c70185d759
000000c70b9215b9
000000c71a639cb9
000000c72d9a9619
000000c759fab959
000000c77b1743d9
000000c7d3066199
000000c81e4de679
000000c861e64a19
000000c899fa22b9
000000c8a3f2c839
000000c8ab4fc739
000000c9218b6339
000000c9584bd6b9
000000c9d58aa059
000000c9f3099519
000000c9f3099a99
000000ca231626d9
000000cac2097df9
000000cac2098579
00000195de784961
0000000000f4d971
0000000000000181
000000cb0fed8f79
000000cb641e1fb9
000000cb641e2059
000000cb641e2199
000000cb641e2719
000000cb9737b619
000000cbb3615c39
000000cbb9f7cd39
000000cc35d47419
000000cc9ece8599
000000cd167e5ad9
000000cd26821639
000000cdbaa7a439
000000cdc8fd8e99
000000ce40f9a139
000000cf194e3cf9
000000cfb3711159
000000cfdaeaae19
000000cff461ce19
000000cff99db4d9
000000d001bcf0f9
000000d01e02db59
000000d05f833099
000000d0624d0219
000000d0b2a96419
000000d0b2a964d9
000000d0bceb1899
000000d15ca287d9
000000d1e31a92f9
000000d1fd4e5af9
000000d27f5ecad9
000000d2fafd6e39
000000d2fd86de79
000000d333aaa9d9
000000d43a467eb9
000001a87ee2e861
0000000000f4d971
0000000000000181
000000d44f9d4019
000000d46fb805d9
000000d4ea4b1b79
000000d56a561559
000000d5deb72319
000000d611eba4f9
000000d659d23059
000000d65d0733b9
000000d6ebedcdb9
000000d70e198f19
000000d70e198f99
000000d70e19b219
000000d774deaef9
000000d777a016d9
000000d7826f9c99
000000d7946ce339
000000d79a462d79
000000d7e3ab9999
000000d836fd4599
000000d867e36ed9
000000d88f2b1d79
000000d8998079f9
000000d8bd211739
000000d95d9c5c59
000000d98fa5f079
000000d98fa5f0f9
000000d98fa5f7d9
000000d9cb0a8899
000000d9dc765d19
000000da48d30979
000000da9e818d99
000000daeec5a039
000000db126ba999
000000db57c104f9
000000db72e58a19
000000db72e59e99
000000dbc17b6fd9
000000dbc31f1c79
000000dcc08dd4b9
000000dcc08dd6b9
000000dd7b77b139
000001bb1f4d8761
0000000000f4d971
0000000000000181
000000de2fbf7d39
000000deccf0f539
000000df346e83d9
000000df541ff1f9
000000df54605679
000000dfaa186579
000000e03927f4d9
000000e0f9c731d9
000000e124217c59
000000e1423bddf9
000000e157a22a59
000000e17c11a939
000000e1c1857a59
000000e1d136b799
000000e23fae4d79
000000e280acefd9
000000e2826681b9
000000e3288e1639
000000e3289920f9
000000e3556d5599
000000e35e3921d9
000000e368727d39
000000e400643ef9
000000e40c7ed3b9
000000e4b9a257f9
000000e4f5885319
000000e4feff82f9
000000e63ec34539
000000e6c4d68919
000001cdbfb82761
0000000000f4d971
0000000000000181
000000e6f489e5f9
000000e7012c0579
000000e70e223639
000000e7c4fb5299
000000e802588359
000000e8087df459
000000e8822db899
000000e8a2124a79
000000e8aae62b79
000000e8aae62bf9
000000e8aae62c39
000000e8aae632d9
000000e952bd6fb9
000000e9820223b9
000000e988f42f59
000000ea1494bbb9
000000ea2ca2ed79
000000ea7cb06159
000000ea7cb0e999
000000eb46d18a39
000000eb837868b9
000000eb9db195f9
000000ec10bffeb9
000000ec4defb739
000000ecb9256db9
000000ecd0290879
000000ecdd049039
000000ecdd0490d9
000000ecfc099399
000000ed40af1e19
000000edc51f0859
000000edf0da1359
000000edf8665c19
000000ee055e77d9
000000ee0cfa54f9
000000ef1e4cf6f9
000000ef480913d9
000000ef6bde4ad9
000000ef7ccbc779
000000ef956420b9
000000efaf554739
000000efaf554799
000000efaf555a99
000001e06022c661
0000000000f4d971
0000000000000181
000000f03c132a19
000000f0abca9d59
000000f1c470c979
000000f239e04239
000000f270de9739
000000f2c4dbbe79
000000f2d934c3b9
000000f311371d59
000000f3588ce979
000000f35ce2f5f9
000000f3aaa34139
000000f4292d1a59
000000f49f4abe19
000000f4b72becd9
000000f510aef439
000000f57a641f99
000000f61b26a0f9
000000f631aa5139
000000f65b454c99
000000f679815019
000000f68e24faf9
000000f68e257719
000000f7785f7779
000000f7787a9af9
000000f7e61f5f79
000000f7e61f70f9
000000f80564c539
000000f84b21c5b9
000000f85181dd19
000000f85181dd99
000000f85181ded9
000000f85181e479
000000f85181f1b9
000000f8834225d9
000000f8a3c50c79
000000f8c37fbbb9
000000f905a828d9
000000f90648af79
000000f90648b019
000000f90648b039
000000f90648b6d9
000000f90648c6d9
000001f3008d6661
0000000000f4d971
0000000000000181
000000f9c7a42bb9
000000f9c7a42c59
000000f9c7a44159
000000fabe8ec679
000000fb156adf79
000000fb35aa7c59
000000fb5d7f1039
000000fb5e42b0b9
000000fb69cda4b9
000000fb76e1cfd9
000000fbad6befb9
000000fbea151099
000000fbfe4248b9
000000fc2415c6b9
000000fc91a65ab9
000000fc99b6dbb9
000000fccae52e79
000000fcd8c1d9f9
000000fcfa326e19
000000fd7d503619
000000fdba319699
000000fdbc9a2599
000000fdf5d4ea99
000000fede0aa2f9
000000ff19857899
000000ff6ef0cb79
00000100358314d9
0000010048a2b979
000001005aadafd9
000001005d269a99
00000100934961d9
00000100f5123ab9
000001011b696319
000001016fb3a979
00000102010101d9
000001024264c1b9
0000010248aebcd9
000001026f13ba19
000001029fefd659
00000102b2bccf59
00000102c165af79
00000205a0f80661
0000000000f4d971
0000000000000181
00000102de551779
00000102dfb13419
00000102f98d8bf9
000001032b8b0eb9
0000010369b8f499
000001039ed31b99
00000103ae741eb9
00000103c87e9cd9
00000103d82d35f9
0000010401eaeb39
000001042b5661d9
00000104b769a399
00000104c63788b9
00000104ebbfadf9
000001051c0c99f9
0000010524e6a979
0000010529d02fd9
000001055dd851d9
0000010602c68c39
000001064f7eaaf9
00000106595ae8b9
0000010713d5f579
0000010755403b59
00000108728f6d59
00000108e9259db9
0000010964d2e219
0000010964d2f259
000001098b76f3f9
0000010a324d9ff9
0000010aa4b2f3b9
0000010b179a8939
0000010b7445f5f9
0000010bb7b90df9
000002184162a561
0000000000f4d971
0000000000000181
0000010c27cdb699
0000010c3b355d59
0000010c3f1986b9
0000010d53aadff9
0000010d6ebe6d79
0000010d96ab23f9
0000010dc3ea4c39
0000010ddc545859
0000010ddec57419
0000010ddec5cbd9
0000010ddec5cc59
0000010de136e779
0000010e31570719
0000010e416474f9
0000010e5265e139
0000010e904c02f9
0000010e9cd45659
0000010f211c6679
0000010f397a68f9
0000010f85187b19
00000110a777ac19
00000110a777bf79
00000110ff3c38b9
0000011132dcb7d9
0000011135eb83f9
0000011191257419
00000111a3ab3359
00000111a8805dd9
00000111a9709f39
00000111a9f32659
00000111b1f6d7f9
00000111b1f733b9
00000111b6e7dc39
00000111c4631819
00000111d8d83e59
000001122666a8f9
000001125c0e1999
00000112ee161879
000001130e7f9499
000001130e7fa759
0000011320d13079
0000011375bf8e19
00000113801db4d9
00000113801dca19
00000113c3304d99
00000113cb573739
00000114498b69b9
000001146c2485f9
000001146c248679
000001146c249659
00000114b0f58b19
00000114f9337f99
0000011508ee7a79
000001154d2ce559
00000115518ea859
0000011566b2d099
0000022ae1cd4561
0000000000f4d971
0000000000000181
00000115e1d94379
0000011605cf9639
0000011605cfa3f9
000001160c945b79
000001162eb7fef9
000001167c70edf9
00000116b8f07899
00000116c5706d59
000001171006bf59
000001171006d659
0000011727443c19
00000117543ddb39
00000117862d02b9
000001179faa3fb9
00000117dac54859
000001181ee15e39
000001184c416b39
00000118746a9119
00000118bb0024d9
00000118c53448f9
00000118c5345ab9
00000118ce83af59
00000118e2acc979
0000011937a29c99
0000011937a2c2f9
0000011937a32199
00000119efc457f9
00000119fe53f199
0000011a16456af9
0000011a1cb76a19
0000011a2731e1d9
0000011bbe7bd839
0000011bdd535739
0000011d3f4a21b9
0000011d87b2e319
0000011dca441039
0000011de4543559
0000011e0132feb9
0000011e0a276439
0000023d8237e561
0000000000f4d971
0000000000000181
0000011f07cc21d9
0000011f93a99ef9
0000011fa51a7339
0000011fcf11a259
0000011fed255e79
0000011fed2566b9
0000012009cab399
000001200dba3f39
000001200dba3fb9
000001202ba5e819
0000012054abd5f9
0000012075ec8459
00000120bf245dd9
000001213543c9f9
0000012150135279
0000012195755859
0000012195756e59
00000121b1b23db9
00000121bf70e339
00000121efb963d9
00000121efb96459
00000121efb965f9
0000012237f8cdd9
000001227ead9cf9
000001227eadaeb9
000001227eadaf99
000001227ed701b9
000001228a226579
00000122a0a82319
00000122e0e6ced9
00000122f8c395f9
0000012356d3a2d9
000001236b6cdb59
000001238d8e6fb9
00000123e65dad19
00000123ea299159
0000012405af0019
0000012405af0bf9
000001240720eff9
000001240d1aa619
000001243dd0dab9
00000124403a71d9
0000012487b080d9
00000124c312ee79
00000124cdcbab19
00000124d1809779
00000124d1e66839
00000125102ae9b9
000001251220c859
00000125346456d9
0000012534645759
0000012534646af9
000001253b190979
0000012561897999
00000125690ecd59
0000012586b15439
000001259396ecd9
0000012632a87c59
00000126b68ad939
00000126db5f07f9
00000126dd438ff9
00000126ea218dd9
00000126f1dadbd9
000001273ab29059
00000127be4bd419
00000127f49c03b9
00000128078f4d19
0000025022a28561
0000000000f4d971
0000000000000181
0000012821b5a1b9
0000012860224439
000001286e098359
00000129396eddb9
00000129f06c2bd9
0000012a08ad8a99
0000012a4fcf8eb9
0000012a7b3ad219
0000012a7b3ae959
0000012aa73d19f9
0000012ab03a6039
0000012ab03a60b9
0000012afaf4be99
0000012afaf4bf19
0000012afaf51bf9
0000012b121e6639
0000012b35b515d9
0000012b73a5f959
0000012b7ca5f1d9
0000012d16407839
0000012d838fe0f9
0000012d957cb199
0000012db94bd859
0000012de1d1e059
0000012de3d48659
0000012e068ef5b9
0000012e5f4bdef9
0000012ec287a9f9
0000012ec7b659d9
0000012ee98fb0f9
0000012f1b0538d9
0000012f9d5a6f99
0000012fe567feb9
000001308d6c1479
0000013099c8bbf9
00000130b35bf559
000001312bb0e1b9
00000262c30d2561
0000000000f4d971
0000000000000181
00000132f86a9039
00000132f86a90b9
000001338a57c4d9
000001339ee424b9
00000133ca8422f9
000001345c89cc19
00000134fbccea99
0000013507e43e99
000001353c209a39
00000135f10e4339
0000013603bb1979
000001365127ed79
00000136aacaee59
00000136aacaeed9
00000136c2deba79
00000136e86df399
000001375f706419
00000137b513b899
00000137b513b919
00000137b513cc79
00000137fee5b139
000001382deba739
000001383ee77679
000001386a2e4759
00000138fcef6e99
000001390e4a1279
00000139d8585f39
0000013a4afd4759
0000013a609b3359
0000013a640a6b59
0000013a7f41ec39
0000013a92ff4299
000002756377c561
0000000000f4d971
0000000000000181
0000013b19957539
0000013b21c59a99
0000013b26dbf5b9
0000013bd6b16c39
0000013bd6b16cb9
0000013c9aa05159
0000013cbf2cbc79
0000013cd18ae399
0000013cfdd907b9
0000013d177db959
0000013d21830b39
0000013d21831bf9
0000013d21831c79
0000013d21831db9
0000013d21832359
0000013d26c512b9
0000013d4cb59ad9
0000013e4a63be59
0000013e4a63e3d9
0000013e4a63e459
0000013e69fc8339
0000013e86aa88d9
0000013e86aa8959
0000013ec7ac0d79
0000013ec7ac0df9
0000013f3b3fc219
0000013f67013879
0000013f93737779
000001405cb34d59
000001409546d599
0000014225e10519
0000014279a328f9
000001429b2b5079
00000142c49c7959
00000142f7248519
00000143561be079
0000014373618ef9
00000143914e5eb9
0000028803e26561
0000000000f4d971
0000000000000181
00000144208b23b9
0000014548c36a19
00000145987d4699
000001466a30d059
00000146ff139759
00000146ff13a539
0000014701ee4859
0000014701ee48d9
000001470e1d5959
000001470e1d6799
0000014718f8b399
0000014718f8b419
000001475c548759
00000147a845a619
000001482cf2cdb9
0000014861df42f9
00000148f7b31fd9
0000014908f14e59
000001491e274b79
00000149335b0a99
000001494a843db9
000001496c7b1f99
000001496c7b32d9
00000149a9cf8599
00000149e34f2119
0000014a1c8308f9
0000014a6db354f9
0000014aa5799059
0000014af7cfb759
0000014b45d6f719
0000014b820adeb9
0000014ba1fdb499
0000014c052164b9
0000014c71207039
0000014cbcd03199
0000014ce01ae2b9
0000014d1b7870d9
0000014d1f261f59
0000029aa44d0561
0000000000f4d971
0000000000000181
0000014dff57bc59
0000014e19b4abb9
0000014e2471c5b9
0000014ea6e77f99
0000014ec34ab6f9
0000014ee2d45f59
0000014f275538b9
0000014f73b95ab9
0000014f9db7b519
0000014ff374c919
0000014ff374db59
0000014ff37564f9
00000151022528d9
000001511cfd0699
0000015148e7c799
0000015195bc9959
000001523d19a139
000001523d19a1b9
00000152658727d9
00000152a22f8819
00000152c6d320d9
000001530aba2f19
00000153b1c32c59
00000153eb020159
000001542624bf79
000001545f5e2279
000001550af10359
0000015559888f39
00000155899aaff9
00000155abac0139
00000155fb611b79
00000156191f73b9
00000156191f81b9
00000156967430b9
000002ad44b7a561
0000000000f4d971
0000000000000181
00000156c36d0e59
0000015722f45df9
0000015740b6e659
0000015747aab519
0000015768af3219
00000157755840b9
00000157abf89799
00000157dc738939
00000157f4d95a99
000001583a20cc19
0000015846018d19
000001587f4385d9
00000158809ef639
00000158809f3699
00000158da88a919
00000158da88a999
00000158da88a9d9
00000158da88b079
00000158ed1d45f9
0000015924338f39
000001593362c599
000001598b7a5139
00000159cc3fb499
00000159f1f6cdf9
00000159f6b686b9
0000015a62c8d0d9
0000015aa8529059
0000015aa85290b9
0000015aa8529819
0000015b10399799
0000015b10399819
0000015b10399859
0000015b10399ef9
0000015b829ba4b9
0000015bd8e0e3b9
0000015c2045c719
0000015c4931a6d9
0000015cd8877099
0000015d25ac7af9
0000015d3e435879
0000015d7c938cb9
0000015dd26172d9
0000015e19350839
0000015e1f979779
0000015f5aa2f059
0000015f7191c1d9
0000015f8968dfb9
0000015f8a2581d9
0000015fba13fff9
000002bfe5224561
0000000000f4d971
0000000000000181
00000160460bc959
000001609e142a79
00000160b2257779
00000160e434b219
00000161353be379
000001617d67a779
00000162042e5ed9
0000016211107c79
0000016242dff019
000001624b27bb99
000001625f5bbeb9
000001626c1cbdf9
000001626c1cbe79
000001626c1cbeb9
00000162756e6bf9
00000162939ff979
0000016297ec2679
00000162c518aa59
00000163fe71d279
0000016424490559
000001642af7bf19
000001645143c559
000001649ae544f9
00000164d1caa3b9
000001650a0daa99
000001653d4f7d19
000001653dbb9099
000001654f895239
0000016572c9cab9
0000016575907799
00000165a21c98b9
000001660f30c239
00000166649d5839
00000166649d7179
0000016682026c39
00000166a43b3a59
00000167602a8cb9
00000167c4eacf39
00000167c4ead039
00000167ef6d44d9
00000167f8d1b059
00000167fcdaebd9
00000167fcdaedb9
0000016828ebf7f9
0000016843e88919
00000168c0b63299
00000168d5028459
00000168feeffaf9
000002d2858ce561
0000000000f4d971
0000000000000181
000001695e82f059
00000169e93e9519
0000016a04f9b819
0000016a04f9b8d9
0000016acdba0339
0000016b82ae36d9
0000016b82ae4959
0000016b83dfaef9
0000016b99c01379
0000016bc4f69819
0000016cb5cf8679
0000016cfbf1fab9
0000016d520ef079
0000016de3160f19
0000016dfb735919
0000016e91221079
0000016e96c65ab9
0000016e9b9d0019
0000016ea2c667f9
0000016ee8c898f9
0000016f11342cb9
0000016f11344959
0000016f113479b9
0000016f169c4759
0000016f96c64cf9
0000016fa3d49bd9
0000016fcac0fbb9
00000170197e1979
00000170702179f9
0000017097262019
0000017097262099
00000170972637f9
00000171724f40f9
000001718d4ff4b9
0000017196083f99
0000017205aa4eb9
000001724df44119
000001724df45379
000001724df453f9
000001726685c0d9
000001727f643c19
000002e525f78561
0000000000f4d971
0000000000000181
00000172dc9aa279
00000173049fbfb9
00000173131f0a79
00000173231c8419
000001737dbd1b39
00000173980a2cb9
00000173a7b14ad9
00000173b1747ed9
0000017481fdaab9
0000017488d91ad9
00000175076a6a59
00000175786ce9d9
00000175ade16f19
00000175cd7cf0b9
000001760535f2f9
000001766d3bd959
0000017690f8d999
00000176bf6c18b9
000001773b7af299
0000017776b02319
000001777b0dd6d9
00000177a218b019
00000177a218c4d9
00000177f6f2ad59
00000177f6f2c719
00000177f6f2cf99
00000177f8dedd59
000001784b5d7779
000001784b5d86f9
000001788e538c99
0000017892549b59
00000178b3e5df59
000001791b1653f9
0000017951e32ff9
000001796ef18119
00000179b0783819
00000179b31669f9
00000179bad6d299
00000179ee93e719
0000017a0bdb22d9
0000017a32eff1b9
0000017a8c74bbf9
0000017b2894efd9
0000017b38ae17b9
0000017b45c4a359
0000017b4e1fda19
0000017ba301b9b9
0000017ba7d48dd9
000002f7c6622561
0000000000f4d971
0000000000000181
0000017c1e462539
0000017c1e464059
0000017c44039eb9
0000017d17f179d9
0000017d2bc57eb9
0000017d9d867239
0000017dc755d999
0000017dcf8fe179
0000017e3b7196d9
0000017e3b719759
0000017eb0c7d6d9
0000017edb6ed6f9
0000017f21de0999
0000017f294b1199
0000017f404f5f59
0000017fa2a29219
0000017fa37ce5d9
0000017fad236479
0000017fd10adc79
0000018042d81779
000001804d974599
000001806e083979
00000180e01668f9
00000180efe0b1b9
00000180f93cb159
00000180fa7c1919
00000180fa7c42f9
000001810dc61db9
000001810dc62b79
000001810dc63339
0000018120e2c139
0000018137bcfcd9
00000181a7085939
00000181a70868f9
00000181f4f81e99
0000018201a48c59
000001822516fd39
000001825e6bc399
00000182af277f59
00000182e9da93f9
00000182fe0497b9
000001831e6eb1b9
000001835f34e519
000001835f355759
000001846b817739
0000030a66ccc561
0000000000f4d971
0000000000000181
000001854d017f39
0000018569595219
0000018588d2fc59
00000185943a8d79
000001859e04e7b9
00000185f9cd9e19
00000185f9cd9e99
00000185f9cdb1f9
00000186091c5f59
000001863dae1d99
00000186bc638259
00000187ac7469d9
000001881f747ab9
000001882a3c4859
00000188647bc219
0000018872d233f9
0000018889e52619
0000018889e59499
000001888e7a06b9
00000188b67db1f9
00000189557b1bf9
000001899fda6d59
0000018a5756d839
0000018a8637be39
0000018b08ebf579
0000018b5ad73a99
0000018bde9d9c39
0000018bf5548eb9
0000018c1f806b79
0000018c24dd4779
0000018c2c1fb159
0000018c5aaae4f9
0000018c8a9a7799
0000018cc6b94f99
0000018cc6b96159
0000018cd86263d9
0000018d1566c4b9
0000018dbfafd5d9
0000018dfb231899
0000018e24880ab9
0000018e2b6a1fb9
0000018e4d3819b9
0000018e599e4fd9
0000031d07376661
0000000000f4d971
0000000000000181
0000018e991ee539
0000018eac5c6179
0000018eb92d3fd9
0000018ebb452059
0000018ebb4520d9
0000018ebb4534d9
0000018f099881d9
0000018f1090e359
0000018f60e27bb9
0000018f60e27c39
0000018f60e27c79
0000018f60e28319
0000018f81d0ee39
0000018f9f13b2f9
0000018fe74fd299
000001903c223c59
0000019041cadcd9
0000019099f4bfd9
00000190ec71dcd9
000001914bc64e79
000001914bc64ef9
0000019165596299
00000191ef8a69d9
00000192927cc259
0000019294d6c4f9
00000192c53d6779
00000192daa6a799
00000193569d0579
000001935fa91d79
00000193806d78d9
00000193e48e90f9
00000193effeb9b9
00000194d15ab5b9
00000194d15ac719
00000194f18bb619
00000194f7676f39
0000019516f24819
0000019528f7f8b9
000001959b7c60b9
000001959b7c76f9
00000195d398c3f9
00000195f08990d9
00000195fa25fb39
00000197228ef6f9
000001975f6a7619
00000197668d2219
00000197668d22b9
00000197668d2999
0000019769fb9cd9
000001976d7ff679
00000197917521d9
0000032fa7a20661
0000000000f4d971
0000000000000181
00000197d61ffbd9
000001982e4e44f9
000001983451dad9
00000198a2c10e99
000001991f3a0cb9
000001997a8176b9
000001997ee433b9
00000199dab75399
00000199ea5bb859
0000019a8dc75c19
0000019b4d070f99
0000019b4ecd64f9
0000019beb5af4d9
0000019bf4742279
0000019c3354c699
0000019c5c83be39
0000019d9482e379
0000019db0704ef9
0000019de9620159
0000019e008f2739
0000019e8bd70b59
0000019e9bec36d9
0000019ec09447b9
0000019ec5c04499
0000019ec8c86479
0000019f31aab5b9
0000019f58e320b9
0000019f64d1aa79
0000019f82587af9
0000019f8f0871b9
0000019f94b91f79
000001a022a5e919
000001a05776afb9
000001a0992e6399
000001a10243c119
00000342480ca761
0000000000f4d971
0000000000000181
000001a127479419
000001a13d911cf9
000001a1442292d9
000001a199ddfd19
000001a2164a66b9
000001a220aed4d9
000001a220af2d99
000001a226aebdb9
000001a2827580d9
000001a2ae54ce59
000001a32f602e19
000001a33dd43b39
000001a36022e7f9
000001a3b11d29d9
000001a3cbc3cd99
000001a3ce638eb9
000001a3efc0c359
000001a42bcf7839
000001a46378df19
000001a66c9ab9b9
000001a6c9e60479
000001a6cb7182d9
000001a73455d3b9
000001a753f0fff9
000001a7920c8199
000001a796ee4959
000001a79b4d23b9
000001a79b4d6b19
000001a85d672b59
000001a887b6a779
000001a8a9c64b79
000001a8a9c64c19
000001a8a9c64c39
000001a8a9c652f9
000001a9d9e79519
000001aa0ead0b99
000001aa3c316479
000001aa43852cd9
00000354e8774761
0000000000f4d971
0000000000000181
000001aaa49fc0d9
000001aab9022739
000001aac6b59af9
000001aad1241559
000001ab111df7f9
000001ab26f2cd59
000001ab2d2fea79
000001ab80516df9
000001ab805170b9
000001ac60165cf9
000001aca81ce039
000001acac47cdd9
000001acb4b1d419
000001acb4b1d5b9
000001acb4b1e859
000001acead5dcd9
000001ad6a6335f9
000001ad6a634fd9
000001ad6a635279
000001ad6db5d899
000001adb27819f9
000001adb2782ff9
000001adb80ead59
000001ae039cd279
000001ae3f485b79
000001ae581b1439
000001ae6e7b4e39
000001ae90591a79
000001ae90b4b7f9
000001ae90b4b879
000001aeb8388e59
000001aedabe4079
000001af8b9e2939
000001af8b9e29b9
000001b0b3207d59
000001b0d2546f39
000001b0ec8a42d9
000001b11eb7f679
000001b14fb10b19
000001b17e8b4139
000001b1cecd0559
000001b1d9b5aa79
000001b1ef876899
000001b20cc91a39
000001b23a5737b9
000001b267ac22b9
000001b35162c399
000001b3bdc1b8b9
0000036788e1e761
0000000000f4d971
0000000000000181
000001b3f90938d9
000001b4069f1479
000001b42245cb39
000001b51d4407f9
000001b55250d1b9
000001b5e62dec19
000001b62aaa6859
000001b6470e2019
000001b6470e2099
000001b6719ea959
000001b6ae1b1939
000001b6b9275a59
000001b6b9e698b9
000001b7054b04f9
000001b7054b1af9
000001b70d9e7dd9
000001b7a3b018f9
000001b7a6dd7139
000001b7ce3ddd59
000001b7d61c37b9
000001b7fc6a4ed9
000001b88ee19279
000001b8a4423b39
000001b900b6d079
000001b9650cf939
000001b9d4d53599
000001b9def3f619
000001ba42c85df9
000001ba555997d9
000001baf5acb459
000001bafd8bb0f9
000001bb10a4ac99
000001bb35ec2cb9
000001bb57765bd9
000001bbdc411d19
000001bc16d6a359
000001bc1c014d99
000001bc90a7a499
000001bcb3131579
0000037a294c8861
0000000000f4d971
0000000000000181
000001bdb6780319
000001bdc226b9d9
000001bdd3178399
000001be451bc099
000001be451be259
000001be648f0259
000001beb125d779
000001beb125d7f9
000001bfbf2b1699
000001bfc3f38dd9
000001c094095659
000001c097484f59
000001c0d8cca539
000001c0e893a459
000001c122be6d59
000001c131f57699
000001c1330a88f9
000001c136ed09f9
000001c192898839
000001c1cce79ab9
000001c1dc42c059
000001c1fcfd5c79
000001c202d70399
000001c248b40219
000001c251015319
000001c2cb344bf9
000001c3345949f9
000001c40546b0b9
000001c46b5136b9
000001c46e3a4119
000001c48498f879
000001c4c4fcdf59
000001c4c60066f9
000001c4d6c21e39
000001c4d6c23459
000001c538ced639
000001c538ced739
000001c53e3b10b9
000001c54540c3d9
000001c57af0dc59
000001c58e3f8e79
000001c58ea33339
000001c605202c99
000001c6536f9919
0000038cc9b72961
0000000000f4d971
0000000000000181
000001c666b49659
000001c66ecfb539
000001c677005479
000001c69931b079
000001c69fb32c99
000001c6b3e62d99
000001c74f008239
000001c7e627cff9
000001c8166af939
000001c820ce8c99
000001c8593e9999
000001c8698f41b9
000001c890d1ac39
000001c8d88d8179
000001c91b1e9599
000001c9547478d9
000001c972823059
000001ca3c134319
000001ca67f1fab9
000001ca902be219
000001caef1c26f9
000001cb57beaeb9
000001cb7fe5fcd9
000001cb89f8dd39
000001cbb915d5b9
000001cbe9481539
000001cc2236cb79
000001cd06451299
000001cd1a5d2e19
000001cd1c62b7b9
000001cd3e56b699
000001cd86d0e939
000001cd94d90c99
000001cdb49e1059
000001cdc13125f9
000001cdf2244879
000001ce439e7b39
000001cf28ae31d9
000001cf99e45919
0000039f6a21c961
0000000000f4d971
0000000000000181
000001d064315339
000001d095d6eab9
000001d095d6ec79
000001d09e3f35f9
000001d0a5c9dd39
000001d0c9030b19
000001d0e4042259
000001d0e60825f9
000001d0fadb30b9
000001d11592ccb9
000001d11d62b5f9
000001d11d62b679
000001d12e802d99
000001d159507b79
000001d15dc66e39
000001d15dc66ff9
000001d1745279f9
000001d174527a99
000001d1cbe718b9
000001d25cee7319
000001d25cee7979
000001d266f2fbb9
000001d281f17119
000001d297397999
000001d2ba214279
000001d2c79b5b59
000001d2e1774bb9
000001d34f65f819
000001d364c03179
000001d3769cce79
000001d392ebea79
000001d392ebeb19
000001d392ebeb59
000001d392ebf1f9
000001d392ebfb39
000001d392ebff19
000001d41dc71cf9
000001d470a81fd9
000001d4960fc5d9
000001d4e5776079
000001d57698fff9
000001d586785db9
000001d59f5c9199
000001d612b16059
000001d624ba5e39
000001d69a415d99
000001d6a07216f9
000001d733eb3379
000001d75212d0b9
000001d75b8fce79
000001d794239ab9
000001d83e581619
000001d84d64a1f9
000001d876d49459
000001d8815f78b9
000001d8815f7e39
000001d8815f9479
000001d8847a2599
000001d885003e39
000001d8e01953b9
000003b20a8c6a61
0000000000f4d971
0000000000000181
000001d93f6d4539
000001d9b4613099
000001d9cd424e19
000001da1dc8a719
000001da1dead979
000001dae6b53a39
000001daf4e31c19
000001dafafdeb79
000001db09dbaad9
000001db4eba7139
000001dba85a11d9
000001dba85a1279
000001dbf11e1439
000001dbfcbd99f9
000001dc28faa2b9
000001dc646d5499
000001dc72a6b719
000001dc750fbed9
000001dc8c6def59
000001dcb6499a99
000001dccb2b83f9
000001dcf44ed4f9
000001dd0573ce39
000001dd0d510179
000001dd75011239
000001ddb45e5df9
000001dde87e28b9
000001de3f09b359
000001de87557279
000001df48bc9799
000001df8cca4ff9
000001dfac804699
000001dfc59942f9
000001dfeb067a39
000001e02a025f39
000001e0d1e361b9
000001e0efb959b9
000001e12057a6d9
000001e139541839
000001e14bd4aa39
000001e1c3d7a259
000001e1ceec5af9
000001e1d59b4b59
000001e24d384a79
000003c4aaf70b61
0000000000f4d971
0000000000000181
000001e2a41f2f59
000001e2a42d7ab9
000001e3515036f9
000001e3892e9a59
000001e390fff8b9
000001e45186f239
000001e47d8b0279
000001e4dc14ab99
000001e4dfb87559
000001e552a1b7f9
000001e55570b999
000001e5b2802819
000001e5ece2a239
000001e6c441c6f9
000001e6f64b5cf9
000001e6fb831a79
000001e70ab6a999
000001e765564839
000001e782230d19
000001e782230db9
000001e7ab4d4e39
000001e816705ed9
000001e81f7480d9
000001e822dacf59
000001e864577df9
000001e8ce5c2b79
000001e8e54c7ad9
000001e96d2acbd9
000001e97aa25459
000001e9ae0eed19
000001e9c89c7d79
000001e9c89c9739
000001e9dde41819
000001ea136e6a99
000001ea2f1be5f9
000001ea53be47b9
000001ea595e1a59
000001ea6d239879
000001ead031e119
000001eb29dc0299
000001eb29dc12b9
000003d74b61ac61
0000000000f4d971
0000000000000181
000001ebb4486a99
000001ebb6e4a019
000001ebc62d1e79
000001ebc92813f9
000001ebc9281459
000001ec09ac1679
000001ec1d91b779
000001ec1d91ca19
000001ec2472c119
000001ec2472d139
000001ec2b295fd9
000001ec30a3f979
000001ec3f192a19
000001ec59621bb9
000001ecc1aef259
000001ecfddddd39
000001ed64f6fb19
000001ed7231fdd9
000001ed7a50b0d9
000001ee1cd76519
000001ee1cd765b9
000001eea83a7679
000001eee5d75f19
000001ef420be1b9
000001ef5257a979
000001ef7f7424d9
000001ef82bbabf9
000001efa5698a79
000001f0e98b8279
000001f10f1dde19
000001f19f5d44d9
000001f19f5d4559
000001f1c584c7d9
000001f234b8de99
000001f234b8ef79
000001f23a70c939
000001f24551e159
000001f245781f19
000001f252036999
000001f2c9b601b9
000001f30d1b3959
000001f334a0b279
000001f3378b1499
000001f3561dfbf9
000001f471631859
000001f4ed921859
000003e9ebcc4d61
0000000000f4d971
0000000000000181
000001f50e48cdd9
000001f568e9ec39
000001f6445e8799
000001f646e46459
000001f67bf3f319
000001f70ac1d539
000001f70ad416b9
000001f70ca93919
000001f714b11cb9
000001f79dc25739
000001f7ceea5259
000001f7d4292119
000001f8424c93d9
000001f895c3e199
000001f8b9a4ed39
000001f8c0489c39
000001f8cb86faf9
000001f953aad6f9
000001f99c17a9b9
000001f9cd7e2fb9
000001f9ee50c619
000001f9f2082679
000001fa1212c039
000001fa217b8559
000001fa4dee6599
000001fa5fbd5859
000001fab116ab79
000001fabc8df4f9
000001fb720cc199
000001fb98448479
000001fbfa9fe9b9
000001fc1aab9f59
000001fc670b1a19
000001fc6e9e5059
000001fc8f8bdbb9
000001fd4fcad839
000001fd54dcb8d9
000001fd69b411b9
000001fda3ba70b9
000001fdcd7aed99
000001fe13e52199
000001fe3f0e9959
000003fc8c36ee61
0000000000f4d971
0000000000000181
000001fe51a0e339
000001fe89537919
000001fe8c684ff9
000001fea9f3de39
000001fed92e1899
000001fee70eb3f9
000001fee803da19
000001ff33126839
000001ff47a41ab9
000001ffd503e079
000001ffe6ad2379
000002000ea20f19
000002001b48e7d9
000002001e559c19
00000200296bd419
0000020054ef7cf9
00000201017c79d9
000002019971f0d9
00000201e6fd1d19
0000020202b459b9
00000202c582e919
000002030bffd619
00000203838bbe79
0000020390e81939
00000203a5bc6339
00000204197429d9
000002043935edf9
000002044fac6619
000002049b0cbdd9
00000204ab919cf9
00000204e10ec059
00000204fc57a6d9
00000204fd002cb9
0000020505dcb5f9
00000205452ebfd9
0000020573710cd9
00000205771574b9
00000205a8907c99
00000205dc196c99
00000205ea474f99
00000205f6cb5419
00000205f9d9f119
00000206c592b679
00000206fa2c0239
00000207003a6bd9
000002071573ec59
000002073c0228f9
000002076083bbf9
0000040f2ca18f61
0000000000f4d971
0000000000000181
000002079e473719
00000207c476d819
0000020847dde5d9
0000020871c235b9
00000208e27d8d79
00000208ea595299
00000208ea595759
00000208ea5957d9
00000209ed5601f9
0000020a1a548b99
0000020a37242f39
0000020abf43f819
0000020ac0b88559
0000020ad9d47bb9
0000020b0c625979
0000020b1ef37859
0000020b3140fa99
0000020b51990439
0000020b67eb32f9
0000020b8fd23619
0000020bc0d16d59
0000020bf1772ad9
0000020c17742a39
0000020c40c4ce59
0000020cacaad839
0000020cfa3d75b9
0000020d1b8688f9
0000020d1e118cd9
0000020d37c2ed59
0000020d4db48fd9
0000020d4f21bd99
0000020d752092d9
0000020d803d4699
0000020d88f2e439
0000020db80533d9
0000020db8054b59
0000020df08cdc59
0000020df4042d99
0000020e001b4319
0000020e34f40979
0000020ebf872a99
0000020ebf874179
0000020ebf8741f9
0000020ec79a7ed9
0000020fa2103b39
0000020fa2493c19
0000020fad047d39
0000021033507879
00000210514a8ab9
0000021056f890f9
000002108e399a19
00000210c823f5d9
00000421cd0c3061
0000000000f4d971
0000000000000181
0000021103b89ef9
000002111c7dba99
0000021126ff7639
0000021148b57f39
000002115b8ec159
0000021183f6b059
00000211d7639a59
00000211f9e5d519
0000021214a822d9
0000021214a82379
0000021214a82399
0000021214a82a59
0000021225e50e99
0000021229263059
00000212839d0119
00000212839d82b9
00000212839d9999
00000212ba349a19
000002134967d0d9
00000213649ec839
00000213649ed7d9
00000213649eea19
0000021395e2a039
00000213c44074f9
00000213d4049b99
000002140254f5f9
00000214084312f9
000002144b01ab19
0000021455318f79
00000214dbbed119
0000021525588899
0000021525588939
0000021525589c59
000002155e18d579
00000215601297d9
000002159e5cc639
00000215e1572999
00000216034d2cb9
000002169d0f8eb9
00000216a6db5639
00000216dbb4d299
00000216f7aaaef9
00000217250c8799
0000021741b83e79
0000021743e61699
0000021789811439
00000217b4721039
00000217ca438839
00000217ca43a679
00000218459ac919
000002186c9c7d39
00000219026d07d9
00000219291faf39
000002196a6d1299
00000219974aadd9
00000219c540df59
0000021a046bb359
000004346d76d161
0000000000f4d971
0000000000000181
0000021a752a87f9
0000021b47c34759
0000021b549d9d19
0000021bd8b21eb9
0000021bd8b21f39
0000021be88fc019
0000021bf4ad1d59
0000021c4865c0f9
0000021c7ad967b9
0000021c7ad97e39
0000021c99e19ef9
0000021cbb107379
0000021cbb108699
0000021ccc4b8519
0000021cf65c20f9
0000021d2546e0b9
0000021d86a4be99
0000021dce706859
0000021e5f74c6d9
0000021e95544a99
0000021ed52e8df9
0000021ed7b430b9
0000021ef8b521b9
0000021f69b8bdb9
000002202c0e3959
0000022032a05d19
000002205314b519
000002205314b6b9
0000022078690699
00000220bc9aacd9
00000220bc9b1659
00000220e2cd8579
00000221e1f657f9
00000221ee7eeaf9
00000221ef02d079
0000022226ffd719
0000022227708f39
000002222eb9dc79
000002222eb9dcf9
000002222eb9f579
0000022260428059
00000222fc31bbd9
00000223104e0ff9
000002236f917719
000004470de17261
0000000000f4d971
0000000000000181
00000223b75b93d9
00000223f6cceef9
0000022404ecf0b9
0000022406b5ccf9
0000022421b5bf59
0000022446c3a2f9
0000022487347a99
00000224dd9eadf9
00000224dd9eb3f9
00000224e173f0d9
0000022512fec8d9
0000022512fedc99
00000225485f4639
00000225769bf139
00000226bacd90b9
00000226d9f12f19
00000226f33e7079
0000022731818779
000002275bbd9119
0000022766872839
0000022787a42299
00000227fd2621d9
00000228501458d9
00000228664c33d9
00000229007136f9
00000229057d7ff9
000002293af88ab9
0000022a29c48ef9
0000022a301645d9
0000022b21a74839
0000022b21a748b9
0000022b345e5939
0000022b56406179
0000022ba86b1139
0000022bf0758699
0000022bf92925b9
0000022bff823039
0000022c3cd85b19
0000022c78376b19
0000022c7a59b3f9
0000022cbd193f99
0000022cc6142b79
00000459ae4c1361
0000000000f4d971
0000000000000181
0000022d29a19db9
0000022d5eaeeff9
0000022d607be539
0000022dadd4f559
0000022dc8982319
0000022dfa744819
0000022e16a05779
0000022e5aaf3199
0000022e7b7a5639
0000022e8093d1d9
0000022ea2de6939
0000022ebd981bf9
0000022f3f005cb9
0000022f3f0077f9
0000022f493ba0d9
0000022f87e2dfb9
0000023014e62e19
00000230170e55f9
000002301c0f1499
000002302cc20179
0000023035edcb59
0000023074fdacf9
00000230c05498f9
00000230ec823cf9
00000231073b7d39
000002311f22fdf9
000002314b7bce79
00000231ba3a3939
00000231cdfa6e39
000002325cc5a799
00000232e94b83b9
00000233a5e8b999
00000233a7b62639
000002343cc604d9
000002344bdd8e59
0000023498346279
00000234dec64339
00000235136d1bf9
000002356960b619
0000023594a3c499
00000235a3ef5939
00000235eb4c5539
000002360761c819
000002360761c899
000002361c4c8bd9
0000046c4eb6b561
0000000000f4d971
0000000000000181
000002362e2c52d9
00000236556891f9
00000236831368b9
0000023726cf6299
0000023726cfff79
00000237417720d9
0000023747518bd9
000002385edb1a79
000002385edb21f9
00000238a2ddd839
00000238ff7f4419
000002393ae90e79
0000023a1c9c5959
0000023a37949999
0000023a3b928a79
0000023a874ccbb9
0000023a8a43c2d9
0000023a969533f9
0000023a96953479
0000023a96953b59
0000023a96954739
0000023aad767f99
0000023c4643ff99
0000023c57ebe719
0000023ca3bd9ad9
0000023ca3bd9b79
0000023ca3bda239
0000023cc87ef2f9
0000023d01d60559
0000023d270b58f9
0000023da5e7a779
0000023ebfbad8f9
0000023ebfbaf0f9
0000023ec3848139
0000023f0e2ba639
0000023f3a522eb9
0000047eef215661
0000000000f4d971
0000000000000181
0000023f9ec15f39
000002402db1b2d9
00000240ab40c759
00000240ca9bc839
000002410a5cec79
0000024174e9c1b9
0000024174e9dbf9
00000241bd993859
00000241c5e94e59
00000241f7b2eb59
000002424ea60739
000002424ea622d9
00000242bfb68ad9
00000242e8c9a1f9
0000024315a1a279
0000024315a1b339
00000243f6150859
000002441bb63b59
000002442f4e26b9
0000024488162619
00000244cf735219
00000244e69b2d39
00000245119f9799
0000024589295df9
0000024589295f99
000002460a4e8b99
000002462557ce19
00000246b52bd199
00000246bff84af9
0000024730c58c79
000002474e124159
00000247aea379b9
0000024810dae299
000002481873a099
000004918f8bf861
0000000000f4d971
0000000000000181
00000248d672f599
00000248d672f7b9
000002491ddc7239
000002495594b5f9
00000249e1e7c439
0000024a05bbd599
0000024aa4365df9
0000024af48ea7d9
0000024b2518f0b9
0000024b710dccf9
0000024b710dcd79
0000024b710dcdb9
0000024b710dd459
0000024b859fef59
0000024b9140f659
0000024bb7a5dc99
0000024bd3aafef9
0000024bff6f5999
0000024c1ef4b639
0000024c3cfa5759
0000024c3cfa7059
0000024cc6dabc59
0000024cf2767099
0000024d6e6957b9
0000024dbe819d79
0000024dbe81b9b9
0000024e0cd4aed9
0000024e19edc319
0000024ea3701ff9
0000024ebb024639
0000024ed1afc299
0000024ee5e8ef99
0000024f21649e99
0000024f2d4c7d79
0000024f5465f199
0000024f63d60cb9
0000024f69b8e199
0000024f6d55a979
0000024f6d6c74b9
0000024fc0c97039
0000024fe2fe6459
0000025007dbf259
000002505b992179
00000250a45394b9
00000250a9a6faf9
000002512c1a09b9
000002515eef00d9
000002516a6ae779
00000251ec501e79
0000025216d52199
000004a42ff69961
0000000000f4d971
0000000000000181
0000025223b44c79
000002522adab499
00000252560de779
000002527ae6b4d9
000002527f19dd79
000002527f19f519
00000252890e7c59
000002528a172539
00000252e41918b9
0000025336642af9
000002537a65e999
0000025393ed81b9
00000253c426c259
00000253ccd769b9
000002547875fb39
00000254b88a90d9
00000254d9bb1bb9
00000254dfe12cf9
0000025507170e79
00000255757f5af9
00000255c594a999
00000255d7b6dcd9
00000255da81f519
00000255fde6ba19
000002562e24eb39
0000025646247499
0000025655fdb639
00000256b96a25f9
00000256ea3d3779
00000256ea3d5c39
000002572d562879
000002573b51adf9
0000025746f4bc59
0000025784378b99
00000257d252c639
00000257de1a30f9
000002581891b759
0000025840152c59
000002585f90f399
0000025871d55419
000002588118f1f9
000002591dd01759
00000259420b3419
000002595a954339
000002597fa4c5b9
00000259d851c319
0000025a39d18579
0000025abd02d679
0000025ac5e26499
0000025b35000459
0000025b5deeae19
000004b6d0613b61
0000000000f4d971
0000000000000181
0000025bb80dffd9
0000025be94b54d9
0000025bf33de4f9
0000025bfbe0ef79
0000025bff90b9f9
0000025bffebe399
0000025c3321c299
0000025d85f62059
0000025d953e39d9
0000025dd81e9799
0000025de98ee8d9
0000025e06085f19
0000025e2f5d0af9
0000025ea40c0cb9
0000025ea40c1cb9
0000025eda1cfd19
0000025f19834cb9
0000025fa984ce59
00000260160e0b19
0000026032814eb9
000002605f0065b9
000002605fb6a019
00000260c1471e59
00000260d56830d9
0000026101e38a19
00000261294ab8d9
000002612a862639
00000261979be019
000002619ce2fb39
00000261c5c31e39
00000261d4c322d9
0000026201df1219
0000026266d37d39
00000263539ad399
000002639912fd19
00000263d86c8799
00000263e8976779
000002640cc8c3f9
000002643af2ea79
0000026446daaef9
000002644ea28a19
00000264618c9f59
00000264a979c639
000004c970cbdc61
0000000000f4d971
0000000000000181
00000264d163c859
000002651ad758d9
000002653fb9d719
00000265432f6079
0000026697906c59
000002674c996179
0000026809ebabb9
0000026868429e59
000002687076c859
0000026870772b59
0000026873f117d9
0000026899722499
000002690f55efb9
0000026914d17299
00000269233d6639
0000026976bd7139
00000269bdd33d59
0000026a213f0979
0000026a4c2890f9
0000026a4c289199
0000026ac53d16d9
0000026acd784cf9
0000026b73fe36b9
0000026bb99c30f9
0000026ce1bf0419
0000026d7de35ad9
0000026d90be3f19
000004dc11367e61
0000000000f4d971
0000000000000181
0000026e3d610e39
0000026e59abf279
0000026f63829c59
0000026f6ad9ef79
0000026ffd9066d9
00000270896c6e59
000002708c928d79
0000027280b12539
000002729b6fd659
00000272e7f6ce79
000002730d0f30b9
000002734ea40c39
000002736e2640d9
00000273a9de8959
00000273ad391d99
00000274e1333919
00000275751d2179
00000275759067b9
0000027585791779
0000027593e9f3d9
00000275a2aea499
0000027674c61419
0000027681221a99
000002769a17f659
000002769a17f6d9
000002769a17f719
000002769a17fdb9
000002770c552ad9
000004eeb1a12061
0000000000f4d971
0000000000000181
000002779297f419
00000277cd519b59
00000277cf9a63f9
0000027819bfe8d9
0000027819bffcb9
000002783bedee19
000002783bedee99
000002783bee0e59
0000027848ddc2b9
0000027848ddc359
0000027848ddd759
00000278721745b9
00000278761433b9
00000278a7dc5ad9
00000278d4bee819
000002791346b259
0000027927b7ce79
000002793ac6a199
0000027941b30ab9
000002799313cab9
000002799313dcf9
00000279d907e939
00000279fd9f0259
0000027a0ead5d59
0000027a109d6079
0000027a2ac0a919
0000027a758c8a39
0000027a9db940b9
0000027a9db95419
0000027aa4c92479
0000027ad8a13719
0000027b1a482b39
0000027b3f59ff19
0000027ba57cd659
0000027bcc8b8f79
0000027bcc8bad79
0000027bed101179
0000027bed1011f9
0000027bed101239
0000027bed101319
0000027bed1018d9
0000027bed102539
0000027bed102699
0000027c506f2db9
0000027c534ff539
0000027d0111a8d9
0000027d0111a959
0000027d184b0f59
0000027d2739b7f9
0000027d38282f79
0000027d38283a59
0000027dfe2a2659
0000027e7f0c33d9
0000027e7f0c4479
0000027ee7301bd9
0000027eec42b719
0000027eef676a79
0000027f05525b19
0000027f736f0df9
0000028051773a99
0000028096d68459
00000501520bc161
0000000000f4d971
0000000000000181
00000280c35a8b79
00000280f14bfdd9
0000028131456e39
0000028141a16fd9
00000281a7b7e099
00000281acd2fe59
00000281cef868f9
000002821eaba599
000002821eaba619
000002821eabba99
00000282327c8db9
0000028255741e39
00000282b9429579
0000028315aae019
000002833fd5c599
00000283e747b379
00000283e747dc19
00000283f99ae5d9
000002842bcf2df9
000002842bcf3139
0000028464f13a19
000002848296d699
00000284d14dec59
00000284d14decd9
00000284eb959219
00000285480c9d79
000002855c73d979
000002859edd5419
00000285a81170b9
00000285a8118a39
00000285e2798339
000002865a54ae79
00000286c9f73439
0000028700af16d9
0000028713be8279
00000287396bbb59
000002873a48c0b9
000002877d71e8f9
00000287f1d9a4f9
00000287f56273d9
000002884162c5f9
00000288547238d9
000002888f437599
00000288cc6934b9
00000288eac3eed9
00000288f53b7bf9
0000028915878b59
0000028942a3bcf9
0000028956e6f399
000002896ebb0b19
00000289f10466f9
00000289f1046799
00000289f10467d9
00000289f1046e79
00000289f1047e59
00000289f800d4b9
00000513f2766361
0000000000f4d971
0000000000000181
0000028a6092c4b9
0000028adffc6cb9
0000028b55136ff9
0000028b73ad7399
0000028bab6e2199
0000028bb6c7b679
0000028c099e6339
0000028c099e63b9
0000028c1012f939
0000028c5b53b3b9
0000028c6366c1d9
0000028c8bb86859
0000028cd7707df9
0000028ce212c519
0000028dad384379
0000028dfc0d20f9
0000028dfd32def9
0000028dfd32df99
0000028dfd32e659
0000028dfd32f579
0000028e06a4cfb9
0000028eec770199
0000028eec771cb9
0000028f1b2cf719
0000028f1b2d17d9
0000028f67ba3fd9
0000028f7eca88d9
0000028fc23907d9
0000028fc2393cf9
0000028fd0520a99
0000028fe261b739
000002902db65b19
0000029045fd9fb9
000002905df40739
0000029065f091f9
0000029092493379
000002909ea4e319
000002909ea4fc99
00000290d97da659
00000291b992ad19
00000291ecc63c19
0000029208c2e139
0000029273062819
0000029314ebff99
00000293340b4079
0000052692e10561
0000000000f4d971
0000000000000181
0000029359339339
000002937ad24379
000002937f078079
000002942828f419
00000294758c5959
000002949bdb79b9
000002949bdbd879
00000294f2537419
00000294f5c53c79
00000294f5c53e59
00000295cb63a979
00000295ea1743f9
000002962a18f0d9
0000029648ac1bd9
00000296e1945559
00000296e4859619
00000296e7db3b39
00000296ee302d59
000002979208c7b9
00000297af7034f9
00000297ce7a2399
00000297e223bff9
0000029820df5219
000002983253d4f9
000002984ce2d279
000002986f5649b9
00000298809f7c39
00000298809f7cd9
00000298a483ec99
00000298da796639
00000298da7966b9
00000298da796db9
0000029904bd8ef9
00000299c7623f99
0000029a0992ec39
0000029a67787199
0000029a725d6719
0000029af7b672f9
0000029b335a7f59
0000029b335a7ff9
0000029b4fc1db79
0000029b59e916b9
0000029be26ca599
0000029c4139ff99
0000029c94d66b19
00000539334ba761
0000000000f4d971
0000000000000181
0000029cdfa4f639
0000029cfead6079
0000029d082a0a59
0000029d8b8df939
0000029d9f708699
0000029dc0e05259
0000029df2849b99
0000029e0820b759
0000029ed1214259
0000029f49060f79
0000029f835b2639
0000029ffeaf1319
000002a0a5910999
000002a0a5910a19
000002a0a5910a59
000002a0a7a66119
000002a0c62dcf99
000002a145f4ed99
000002a1727d1c99
000002a1727d2f19
000002a192142a79
000002a1d5176559
000002a1d5177739
000002a1e9b73679
000002a239e7d179
000002a26f2d2239
000002a286f1ee19
000002a286f1eeb9
000002a2a4cd8a79
000002a2b02a9279
000002a2d454b6d9
000002a38452c179
000002a3afc394d9
000002a3ff5a01d9
000002a42822cb99
000002a497e993d9
000002a4acb5e919
000002a4fad7d5b9
000002a505047d79
000002a5c05331f9
000002a5c3393199
000002a5d4a381f9
0000054bd3b64961
0000000000f4d971
0000000000000181
000002a609afc939
000002a609afc9b9
000002a609afd0d9
000002a609afd819
000002a61d027c19
000002a61d027c99
000002a61d027df9
000002a61d027cd9
000002a61d028379
000002a62bcaa9b9
000002a65ca02ff9
000002a65ca03079
000002a65ca04c79
000002a6e5d3c639
000002a6f68e7fd9
000002a728a24ab9
000002a7c736b039
000002a7e4f70359
000002a832041ef9
000002a875ae5019
000002a87b4669d9
000002a899f69a19
000002a89fdf0359
000002a8efb5fcf9
000002a90a522339
000002a9220a34f9
000002a94f0ec759
000002a95aeace39
000002a960e5ef59
000002a965895299
000002a9794b8579
000002a9794b85f9
000002a9a05f4c19
000002a9c9f2e1b9
000002a9ff8dcc79
000002aa1bdcc5f9
000002aa3314b259
000002aa98fc6359
000002aa9f7b80d9
000002aaa81b33b9
000002aae6855ab9
000002ab2920ad59
000002ab62ca68b9
000002ab7fc2bcd9
000002abf0fb5739
000002ac3abbb559
000002ac52140239
000002ac6ca1a559
000002aca17c3699
000002aca4e20759
000002aca4e21179
000002acaef1e999
000002acb674cb39
000002ace3476099
000002aceac75199
000002addb146599
000002addb147419
000002ae2dfb3e99
000002aec89289d9
000002aed7b9a839
000002aedac555b9
0000055e7420eb61
0000000000f4d971
0000000000000181
000002af9fe36e59
000002afdd959259
000002afdd95a439
000002afded684d9
000002b08a0005d9
000002b0918a1a39
000002b0b79e3739
000002b0d4e6add9
000002b0d4e6b2f9
000002b0eb43ec99
000002b10a23ef19
000002b174d5e699
000002b174d5f679
000002b1885ec859
000002b1d58457d9
000002b1dc2e78b9
000002b22b84dbd9
000002b27f648a59
000002b2a0c1d759
000002b3762a8319
000002b3c50fa559
000002b3dafc4e39
000002b3dfe678b9
000002b41991df99
000002b42b102a19
000002b461081bd9
000002b478dd15f9
000002b47abfd2d9
000002b48fb61859
000002b4a80455b9
000002b50b3f7d59
000002b5292ba3d9
000002b5292c36d9
000002b5295ce5d9
000002b5295cf659
000002b52aedea99
000002b554074a59
000002b570654cf9
000002b601c87099
000002b63ab34fd9
000002b656debcd9
000002b656debd79
000002b656dec439
000002b69decf659
000002b69fc30359
000002b77a1bde39
000002b87b3ecc39
00000571148b8d61
0000000000f4d971
0000000000000181
000002b89dd22559
000002b89dd225f9
000002b89dd22619
000002b89dd233b9
000002b8a7b1e819
000002b8a7b1e899
000002b8b40a6299
000002b8f9344a59
000002b9d42812f9
000002b9fa5c0399
000002ba82611139
000002bab42b02d9
000002bae9a01859
000002bae9a02d79
000002bb3d7cbf19
000002bb5411b7d9
000002bbbb479f99
000002bbbb47b639
000002bbd0de2e59
000002bbd218ddf9
000002bc35869579
000002bd00a9a879
000002bd7eee4279
000002bdf00a08d9
000002be5aa1ed59
000002be5aa1edd9
000002be5bee4ff9
000002be5c0cdd39
000002beb8592459
000002beb8592659
000002bec3f65339
000002bee381d6f9
000002bf3ce17099
000002bf8fabdd39
000002bf8fabdef9
000002bfb0587ef9
000002bfc414aaf9
000002bfc414b959
000002c00e6749f9
000002c010c9c019
000002c078d5bfb9
000002c0bbf2ead9
000002c0d0b4d3d9
000002c11b44f099
000002c11b44f139
000002c12aa428f9
000002c159473e99
000002c166ffd579
000002c1680f9119
000002c190f7af59
000002c190f7c159
000002c1b40802d9
00000583b4f62f61
0000000000f4d971
0000000000000181
000002c1f93c0719
000002c1f9acb999
000002c251872079
000002c263fd7df9
000002c2721391b9
000002c2ec66fbf9
000002c362ce16b9
000002c37975d9d9
000002c38a8f1799
000002c3b0818c39
000002c3d9314399
000002c424cf7279
000002c4749911f9
000002c478a66a59
000002c479d71f79
000002c4f38459f9
000002c51869dc99
000002c51869dd19
000002c51869e3f9
000002c52d46c039
000002c5752a0dd9
000002c613df89b9
000002c6645f5f79
000002c6d05f1999
000002c6d05f1a39
000002c6d05f3199
000002c761e032f9
000002c76bb357d9
000002c7703bae99
000002c7a8fb32f9
000002c813176779
000002c8a32f4a39
000002c8c7309ed9
000002c8db8fb4b9
000002c8f3a9e8d9
000002c919f6cad9
000002c9683bb499
000002c99c7ecaf9
000002c9dbd12b59
000002ca3a5cc0d9
000002ca43ce3899
000002ca78720d99
000002caa9cbecf9
000002caaac069f9
000002cacf9bfbb9
000002cb07b0b939
000002cb0a1feff9
000002cb1c966dd9
000005965560d161
0000000000f4d971
0000000000000181
000002cbbcae2059
000002cc045e0319
000002cc2f260e99
000002cc4a7fcc99
000002cc860830b9
000002cc86083139
000002ccc486d079
000002cd28828bb9
000002cd813be1d9
000002cdac4ec2f9
000002ce0b314119
000002ce9ef16019
000002cef26dc439
000002cef6d04259
000002cf53847cb9
000002cfd3ea3839
000002d040846b59
000002d041679639
000002d0a3babc79
000002d0a3bb1719
000002d0debc5139
000002d0f4c5c399
000002d0f8914399
000002d16dad5e39
000002d172d200f9
000002d1a66eea59
000002d1a66eec19
000002d1af05a239
000002d1d0647839
000002d1eed16b99
000002d23a690bf9
000002d290044f79
000002d2e04b73f9
000002d2fdd5fa79
000002d326da3c99
000002d3616250f9
000002d390ec6899
000002d3cd0f4519
000002d3cd0f4599
000002d3d91f8139
000002d40bef5159
000002d41be6f519
000002d425e41af9
000002d44599bad9
000002d44599bb59
000005a8f5cb7361
0000000000f4d971
0000000000000181
000002d5186d0059
000002d52190a659
000002d52ad9b339
000002d5346324b9
000002d58f815bf9
000002d599c0c419
000002d5ac571d59
000002d5b1959379
000002d5b195a959
000002d5e929ac99
000002d5ede3e9f9
000002d5f1e6a079
000002d5f3400639
000002d64b198779
000002d64bbe5399
000002d64bfb2d39
000002d6ab1d7f39
000002d6ab1d8119
000002d72f6e7d59
000002d72f6e7dd9
000002d72f6e84b9
000002d72ff37219
000002d73244b219
000002d77514b439
000002d77514b4d9
000002d77514b4f9
000002d77514bb99
000002d77e53a739
000002d7a2b16e99
000002d7a55aa979
000002d7b0bba919
000002d7b9f18eb9
000002d80a8786f9
000002d8218634f9
000002d82be2f2d9
000002d83645ab19
000002d85b3ed0f9
000002d8638d2319
000002d87f2d0059
000002d8a74d2ff9
000002d8b392c659
000002d8fcb563f9
000002d9358037b9
000002d93a471ad9
000002d94efd66f9
000002d958bab3f9
000002d9900ff6d9
000002d9d2326bf9
000002d9de0354f9
000002d9ffabad99
000002da087ecff9
000002da2a4773d9
000002dabd1a5f79
000002dac42d7579
000002dad5eba479
000002dae5444d39
000002db089eb9b9
000002db640a1c59
000002db94073459
000002db9f3fb6b9
000002dbce7e4779
000002dbce7e6299
000002dbd744ef19
000002dbfd5d47d9
000002dc078c1e99
000002dc3f867739
000002dc6d4c6919
000002dc776bd0f9
000002dc8ef7af59
000002dcbe916679
000002dd7bc2aa19
000002dd850fc2b9
000002dd98bd0139
000005bb96361561
0000000000f4d971
0000000000000181
000002ddf3ebd6f9
000002ddfa76eeb9
000002de561d4df9
000002de8897f739
000002de8f2882d9
000002decdef7399
000002df26dade39
000002df2f36a499
000002df3df6b099
000002df63103c19
000002dfcfcc5619
000002e0123bceb9
000002e0338fcc99
000002e034916159
000002e07c1cb2d9
000002e126595919
000002e1609033b9
000002e1aa9abe19
000002e1e9b6bb19
000002e1ee5e9439
000002e23f7bed99
000002e25240d339
000002e268e45779
000002e2df5a6539
000002e317aa26d9
000002e397569279
000002e42bb93e39
000002e47a4360d9
000002e4c63a6899
000002e4c8165e39
000002e5100b8339
000002e569dcc659
000002e57cff4019
000002e5993ee359
000002e5a19fd119
000002e5c9346f99
000002e5c93476f9
000002e5ee68f5b9
000002e60daa08d9
000002e643942e79
000002e658fe1b99
000005ce36a0b761
0000000000f4d971
0000000000000181
000002e71ed676f9
000002e76ed5b819
000002e7831e8879
000002e78bedb1b9
000002e7a5176839
000002e7e6e724f9
000002e7f8978d19
000002e822f95559
000002e8887281b9
000002e934f3ec99
000002e982d5be99
000002e9a5bf22f9
000002ea363f7df9
000002ea5890c399
000002ea5ad24e19
000002ea67e1d139
000002ea81c18839
000002ea834365f9
000002ea9782db79
000002eae493da39
000002eaec152db9
000002eb2d12bd39
000002eb4833cfb9
000002eb55870859
000002ebeb37b5b9
000002ec51ddd879
000002ec88bbd5d9
000002ece10b7819
000002ed1312ef79
000002ed47f63dd9
000002eda57d4c79
000002edba839ef9
000002ede1939859
000002edea971899
000002ee2522e4d9
000002ee794007d9
000002eed9a121d9
000002eed9a141b9
000002ef58591cb9
000002efd8d1f079
000005e0d70b5a61
0000000000f4d971
0000000000000181
000002f1cad89399
000002f22c8169d9
000002f238af9239
000002f26e812a79
000002f2b8a16d19
000002f39f4e0179
000002f3c02a05d9
000002f41ba44899
000002f4729cc219
000002f4b7939d19
000002f51d9be159
000002f51f5ce179
000002f51f5ce1f9
000002f540ad1459
000002f580d9c019
000002f5b19fc639
000002f5b37eec79
000002f5b37f07d9
000002f5bac7a199
000002f5d3de2bb9
000002f5e270cf59
000002f62ef148b9
000002f6ae25c2f9
000002f6b9524739
000002f757d6f3b9
000002f75f9ee3f9
000002f763b47eb9
000002f77f2d7ad9
000002f7a49071d9
000002f81f08d9f9
000002f81f08ea19
000002f82e070179
000002f82e0701f9
000002f82e070239
000002f82e0708d9
000002f837941919
000002f83c788839
000002f86f85f579
000002f8c5688159
000002f8ea5848d9
000002f9563034b9
000002f95f850ab9
000002f95f858599
000005f37775fc61
0000000000f4d971
0000000000000181
000002f9e9cc9319
000002f9f586d319
000002f9f586ebd9
000002f9f5f71d99
000002fa07dda759
000002faeddda799
000002fb53297c79
000002fb5329d5b9
000002fb6b1e2119
000002fb786d9399
000002fc540b8c99
000002fc5788dad9
000002fc649dbfb9
000002fc705caa99
000002fd0a7e8479
000002fd13c2df19
000002fe66462939
000002ff0e5cdc99
000002ff318f0299
000002ff32ff6179
000002ff32ff7439
000002ff3d16fc19
000002ff3f0b0179
000002ff93372439
000002ffdbee7ad9
000002ffdbee7b79
0000030033ba56f9
000003008af735b9
0000030098f323f9
00000300bd9aea59
00000300e2f22059
00000300e2f227b9
00000300e2f23d39
00000300eaf78779
00000301396b17b9
0000030140eef019
00000301669074d9
000003016f168c99
00000301a64edb59
00000301ad2b0f59
00000301d8697599
000003020f582a79
000003022e792fd9
00000302d5bc4af9
00000302df096b99
0000060617e09e61
0000000000f4d971
0000000000000181
000003032136b079
00000303c6e04d79
00000304448f5959
00000304448f6f99
0000030454563ff9
00000304741f2b59
00000304fa44ad79
00000306496c5cb9
000003066b1bdcb9
000003066d008699
0000030693d03a39
000003070bce1539
000003078bfda619
00000307b7896e79
00000307bb2fddb9
00000307bb2fde39
00000307d9fb2539
000003082319a959
00000308286296b9
00000308b5c1ab79
00000308e16058d9
0000030910d09b79
0000030a0f1975d9
0000030ac4b99579
0000030ae79d12f9
0000030aedd307d9
0000030aedd30859
0000030aedd32039
0000030b0a7bcf59
0000030b191ffeb9
0000030b31bad2b9
0000030b5b7bc499
0000030b769fa799
0000030bd7e72619
0000030becec5f19
0000030c06a81ed9
0000030c2d72eaf9
00000618b84b4161
0000000000f4d971
0000000000000181
0000030c5e27e8d9
0000030caeac9139
0000030caeaca919
0000030cdad823b9
0000030cf62485b9
0000030d058a4f19
0000030d22f0a799
0000030d259aec19
0000030d3fdf59b9
0000030d8644e579
0000030d9ef7b939
0000030db7efbbb9
0000030dec0ab779
0000030df641bb59
0000030df9b0f999
0000030dfcb54679
0000030e96bf5079
0000030ed68bbb19
0000030f326c4759
0000030f4fa3e9b9
0000030fadf65119
0000031074b22359
0000031074b231f9
00000311d39988f9
00000311d3998979
00000311d3999059
000003120bde1d19
000003124b8023d9
0000031258fe7059
0000031262c257f9
00000312c91f70b9
0000031305e3e439
00000313c5be42b9
00000313dacbfe39
00000313ea251ad9
0000031406206179
000003143d5e2659
000003147d455e79
000003148cac96d9
000003148deeac59
000003151f63ca39
0000031525a715f9
0000031537b14899
0000031564d142d9
0000062b58b5e361
0000000000f4d971
0000000000000181
00000315c9e7ac79
00000315d394fcb9
00000315d39519b9
00000315e038cbd9
00000315f9cf1919
00000315fd9c8d59
0000031622412cd9
00000316515bef19
000003165ff88119
000003169aafdd19
00000316b079ceb9
00000316d50d4ad9
00000316d50d4b39
00000317041290d9
0000031733a618b9
00000317360c7c19
00000317fc561ad9
000003181029f099
000003186e0f6cd9
00000318c801e619
00000318e86bb679
0000031909175779
0000031917703ef9
000003192ae36b99
000003195d86be19
00000319c0fccff9
00000319e42874f9
0000031a1b963399
0000031a2e6250f9
0000031a2e6252b9
0000031a4ba79dd9
0000031a7b2df239
0000031a7b2df2b9
0000031a9af95619
0000031aba910e79
0000031b13bc1f59
0000031b7968dbf9
0000031bcaf92a79
0000031c18fd0039
0000031c2beb4db9
0000031d24410439
0000031d395e49d9
0000031d395e57b9
0000031df71aecf9
0000031e39c32cd9
0000031e39c32d59
0000031e5e422e99
0000031e5e4264d9
0000031e7b00bf99
0000031e90968af9
0000063df9208661
0000000000f4d971
0000000000000181
0000031f78223bb9
0000031f7edef759
0000031f84633d39
0000031faf763379
000003206c61b3b9
000003206e96d9d9
0000032093679dd9
000003211ed52079
000003217f15dbd9
00000321cc2c80f9
00000321cc2c91b9
00000321cc2c9219
00000321d8d2bd19
00000321fc345e99
00000321fc347379
0000032221f2c859
000003226bed30f9
000003229f145a39
000003235b0d5379
000003235b0d53f9
00000323759b2ed9
00000323759b4ef9
0000032397a4a019
00000323b7bd7719
00000323ec3f1619
00000323ec3f2b99
0000032443930199
00000325cc49df39
0000032624405239
0000032624406339
0000032647e0f4d9
0000032660c40dd9
0000032667bedcb9
00000326fe1cee39
000003273c9754b9
00000328370a8199
00000328370a8339
000003284be99a59
00000650998b2861
0000000000f4d971
0000000000000181
000003285eb20519
00000328c121c4d9
00000328d64a6139
0000032944b76299
00000329f7f9cb79
0000032a88f36039
0000032a88f371d9
0000032b6114f439
0000032b89fa8939
0000032c1ce39db9
0000032c42e863d9
0000032c4a1147f9
0000032ca71cf199
0000032ca71d1719
0000032cb2d00299
0000032cbd2fecf9
0000032cbd2fed79
0000032cd982db99
0000032cdbbd0d59
0000032d3d5b12f9
0000032d71580139
0000032d715801b9
0000032db85da099
0000032dfe827ff9
0000032e0b3137f9
0000032f04fc5619
0000032f32193d59
0000032f392ce319
0000032fac40b879
0000032fb5d44e59
0000033003318a79
000003301bf00859
000003302a4de499
000003307a81d619
0000033094e20819
00000330e86a7d79
000003311f757079
0000066339f5cb61
0000000000f4d971
0000000000000181
00000331affb0db9
00000331affb20f9
00000331b17ed699
00000331ccffd2b9
00000331f4ebeb59
0000033264617939
0000033268393359
000003329d708ff9
00000332d80168f9
00000332e6da9b79
0000033309849df9
00000333247004d9
0000033332c05bf9
0000033332c06c39
00000333c0699e59
00000333f2da47b9
00000333f2da4839
00000333f3af06f9
000003347e5ca299
0000033491bfebb9
0000033494093639
00000334ca2edcf9
00000334ca2ee479
00000334df139419
000003351ce9c479
00000335ec633bd9
0000033611347ed9
0000033621f82c19
000003363f9504d9
000003363f950559
0000033650894d99
00000336b10359d9
00000336beaad279
00000336bf7df819
000003375d662f99
00000337913a0f39
00000337bf348a39
0000033817b815f9
0000033884f1dd19
00000338e8af3c99
0000033901dc0a59
000003391c9d2ff9
000003399d236479
000003399d2379b9
0000033a1038b0b9
0000033a42798e99
00000675da606d61
0000000000f4d971
0000000000000181
0000033af847a399
0000033b1b7e9979
0000033b67c31679
0000033b67c31839
0000033b83d947b9
0000033b87c95879
0000033bb2350a99
0000033bb2353dd9
0000033bc66b8ab9
0000033bcda4ec59
0000033c60978ad9
0000033c9fa0acf9
0000033c9fa0ad79
0000033c9fa0be19
0000033c9fa0beb9
0000033c9fa0bef9
0000033d480ecdf9
0000033e1c3fa039
0000033f453bc719
0000033f6ad158d9
0000033faccd5859
00000340755ef719
00000340adcbc419
00000340ffbf4f19
00000341088c5939
000003412d2193d9
000003414639eb39
000003417fcd0799
00000341d6505f79
00000341f674a239
0000034209e80b39
00000342b2b62819
00000342d0ef0b79
000003430198b979
000003430d4be8b9
000003430d4be939
00000343efb0d479
000006887acb1061
0000000000f4d971
0000000000000181
000003444e98bd59
000003444e98bdd9
00000344a1628079
00000344b9804559
00000344bc9b01b9
00000345667256d9
00000345f902beb9
0000034647e60659
000003464c082919
00000346e002aeb9
00000346e002afb9
0000034702adba79
0000034726911039
00000347a13dc959
0000034833a2f859
0000034840168199
000003485ab78119
00000348b302c579
00000348dd7706d9
00000348f4b466d9
00000349898cbc39
000003498ea4c059
000003499c34c419
00000349b950d8d9
00000349ea6fa819
0000034aa11065b9
0000034af315e819
0000034b2307ff19
0000034b97ffd8d9
0000034be8785ff9
0000034ce3200bf9
0000034d3178e819
0000034d677664d9
0000034d7478cf79
0000034d7dc3e399
0000069b1b35b361
0000000000f4d971
0000000000000181
0000034d8d887319
0000034e2598f599
0000034e2f67b859
0000034e74358c59
0000034e9ff2f9d9
0000034f0a39b499
0000034f57c8d019
0000034f5f088659
0000034fe9130ad9
00000350b6ced7f9
00000350c8995f99
00000350e6a48019
00000351a388dc19
00000351abd3acd9
00000352013af059
000003522dc812b9
000003527cf0b399
00000352da90b019
0000035326656559
000003534f7da679
000003534fad6c39
0000035391576319
00000353bd21ddf9
00000353e5c37a19
000003541250e419
000003545d885579
00000354a271a059
00000354bd3cf619
000003557b02bdb9
00000355e8552099
000003564cf8b059
0000035677eaafd9
000006adbba05661
0000000000f4d971
0000000000000181
00000356f45a69f9
0000035734a088b9
00000357b3fd1579
00000357b3fd1d39
00000357df8a2d59
000003585a57bbb9
0000035870242d99
00000358b88b96f9
000003591f684c79
0000035924aeacf9
000003595f2efed9
000003599fce3a39
00000359c4a903b9
00000359ebd06099
0000035a0341f059
0000035a06426cb9
0000035a06430299
0000035a1847ca79
0000035a206161f9
0000035a26e018d9
0000035a80e34a79
0000035b3e414d19
0000035b572bfaf9
0000035b572c0b99
0000035b6b5770b9
0000035b9d0b6319
0000035b9d0b6399
0000035bcd9d5cd9
0000035bd084b019
0000035c5db7c1b9
0000035c9fd38bd9
0000035cf52a5fd9
0000035d0a8558b9
0000035d160d1cd9
0000035d36851d39
0000035d3f64c759
0000035de7407799
0000035df3b87759
0000035df3b877f9
0000035dfaea73b9
0000035e7d19bd19
0000035eef367a99
0000035f6053a239
000003600392c8b9
000006c05c0af961
0000000000f4d971
0000000000000181
0000036044c0db59
0000036059a44179
00000360707caeb9
00000361cf99b119
00000361d5454699
00000361eb46bb99
000003624006a819
0000036276207079
000003628e3b71d9
000003629d341019
00000362b926a8b9
000003630010a639
00000363757ae5f9
00000363a644e679
00000363adc76579
00000363b97bdeb9
000003646d5a0519
000003646d5a0679
00000364d39add99
00000365313f4e19
000003654a2e4d59
0000036553388459
000003659494e4b9
00000365a39f9279
00000365f4d16299
00000366207b20d9
000003662e9740d9
0000036636fe04b9
000003663efd7099
000003664139db79
0000036680bcf4d9
0000036680bcf579
0000036680bd08b9
000003669cd69639
0000036749fb0ef9
00000368a74edcd9
0000036924687fb9
00000369367544f9
0000036936755499
00000369548f2cf9
00000369548f33b9
000006d2fc759c61
0000000000f4d971
0000000000000181
00000369a5858e59
0000036a2f5acf59
0000036a640e1079
0000036ab7c8abd9
0000036ac2b30ef9
0000036b6ac3f819
0000036b70cf45b9
0000036ba3d9b019
0000036bf98b7e79
0000036c2495e9d9
0000036c30338819
0000036c3eeac899
0000036c65eccb39
0000036cb4a528b9
0000036cc75933f9
0000036cec592539
0000036d2b8e93b9
0000036d5a272e39
0000036da61198d9
0000036e3960bf59
0000036e55c46939
0000036e570d28d9
0000036ed58389f9
0000036ee9f4f999
0000036efe6cc8b9
000003702a992599
0000037044926f39
00000370f31360f9
00000370fec7caf9
00000371725094f9
0000037184d532b9
00000371b4fbd859
00000371b734e759
00000371b734fe79
00000371b9f31cd9
00000371da6d20d9
000003720a1b3c59
00000372cbdcd199
000006e59ce03e61
0000000000f4d971
0000000000000181
00000372d2739219
00000372d2739299
0000037308aa1fb9
0000037348dbbb59
0000037348dbbd59
000003734f6745d9
000003735dee5f59
00000373a2a05839
00000373a5671cb9
00000373b18e2179
00000373f855b6f9
000003741b2f8d79
000003742afb6fd9
0000037444da3059
00000374d3a9cab9
00000374eaafd759
000003752ce59539
0000037570e9a619
0000037672b05059
00000376bd6ae2b9
00000376bd6aee99
00000376c65986d9
00000377c8787619
0000037844d41679
0000037844d43df9
00000378d1a872d9
000003798dbc2cf9
0000037a0c511b99
0000037a2ea2fc99
0000037a5978eab9
0000037b11406a59
0000037b1afec7d9
0000037b3bae1c19
0000037b66675999
0000037bdd4db3b9
000006f83d4ae161
0000000000f4d971
0000000000000181
0000037c6671e7d9
0000037c73e88b39
0000037caf6cc499
0000037cc1562559
0000037cc15635f9
0000037ccca2caf9
0000037ccca2e179
0000037d5e536219
0000037d841abcf9
0000037da34266d9
0000037dbe08ea19
0000037df3fee5b9
0000037e6bf84a99
0000037e9dc2bdb9
0000037ee1145499
0000037f20453959
0000037f8f6b71d9
0000037f8f6b7279
0000037f936b3b19
0000037fc28f5999
0000037fe00430f9
0000038026f3d9d9
000003807e2b8979
000003808041aad9
000003808c09a439
00000380a6bddd39
00000380dad62699
00000380dad62719
00000380dad62df9
000003817a2e8299
00000381882b2899
0000038221112659
000003825d427b79
00000382bd2e6d59
00000382ca1fe7b9
00000383b657f699
00000383b94fcf19
00000383c78cd2d9
00000383f64a1719
00000384347d3fd9
00000384347d4059
00000384347d59f9
0000038460ec30d9
000003846f2f9439
000003847a6a3df9
0000038489362299
00000384c4578799
0000038506d5b079
0000038548ee0dd9
0000038557923659
0000070addb58461
0000000000f4d971
0000000000000181
0000038591876259
0000038636f64af9
0000038672e7d4b9
000003867f008879
0000038693274639
0000038695a3f179
00000386e83a1f39
0000038701ab6a99
0000038701ab6b19
0000038742f65dd9
0000038742f65e79
0000038748fba2b9
0000038797d89ff9
00000387b892e6d9
00000387d8609599
0000038866b55179
0000038900980199
00000389042cf9b9
000003898c7382f9
00000389c95701b9
0000038a3c984d79
0000038a5dec44d9
0000038aa799c4b9
0000038ad391dd19
0000038ae19c1c79
0000038aeb040fb9
0000038b0dc97fb9
0000038bd5e2a059
0000038bf2d3c819
0000038c38bc1679
0000038c51988cd9
0000038c5f4fee99
0000038c6c18cd19
0000038c6d271d39
0000038cd9659b39
0000038cebba9179
0000038d12479879
0000038d23d19039
0000038e236845d9
0000038eb080fc99
0000038eb4200859
0000071d7e202861
0000000000f4d971
0000000000000181
0000038ed53ff559
0000038eda70f0b9
0000038edc17e119
0000038ee877db99
0000038f346c4699
0000038f43b12f99
0000038f546ebcb9
0000038f92078c99
0000038fbba220d9
0000038fbba23579
00000390414e5459
00000390414e54f9
00000390902745b9
0000039129168e39
0000039147d0b019
000003914b276cd9
000003914b276e59
00000391db884459
00000392270c6df9
00000392556bc059
00000392556bc0d9
0000039266ed33d9
00000392705251b9
00000392ba0de539
00000392e044d479
0000039326b656d9
0000039356bc4d79
000003937b37ae59
0000039397af51d9
00000393d99ad799
000003942165a619
0000039426b994f9
00000396137921f9
0000039628402499
0000039654fa5639
000003967842f879
00000396e65c9979
000003978936b139
0000039791e6d379
00000397b6dea699
00000397bc183df9
000007301e8acb61
0000000000f4d971
0000000000000181
000003980f2aa039
0000039820d1d279
000003987b259cf9
000003994d5aec19
000003997d3187f9
0000039a8266abd9
0000039ac50ddd39
0000039baecb53f9
0000039beb21b8f9
0000039c23262619
0000039c38e67f99
0000039c57d6bd39
0000039c5f516179
0000039c7b775b59
0000039cd41d84b9
0000039cec5eee39
0000039cec5eeed9
0000039d2de43419
0000039d4c530359
0000039d6b6ef259
0000039d7c480bd9
0000039d92e27a79
0000039df52c4939
0000039eeb8ed8d9
0000039f18eb8879
000003a059820ad9
000003a0644c9eb9
000003a0d15a6ad9
000003a0fc499a19
000003a12c920699
000003a13bba8399
000003a15e25c4d9
00000742bef56e61
0000000000f4d971
0000000000000181
000003a1f1e76ab9
000003a1f1e76b39
000003a207c6fc79
000003a20a550979
000003a233734099
000003a2e877c599
000003a2ecfa1d19
000003a2ecfa2079
000003a3792743d9
000003a39f687259
000003a39f6872d9
000003a3ae8448b9
000003a3c68f8619
000003a49118c5b9
000003a496cd5d59
000003a497e38699
000003a4bc070f99
000003a4daa42819
000003a508848df9
000003a678e256b9
000003a6950be3f9
000003a71c013c99
000003a7c215cfd9
000003a7d127e799
000003a7d127e819
000003a7d127e859
000003a7d127eef9
000003a81c9b9199
000003a82fcbd919
000003a834ab6d59
000003a83d618059
000003a876498119
000003a886b2c079
000003a886b2c119
000003a886b2c139
000003a886fcc7b9
000003a89d2cec59
000003a8a6b38419
000003a8df37c9f9
000003a8df37ca99
000003a95775af59
000003a96a47bf99
000003a9787e48f9
000003a993127099
000003a9b16e4cb9
000003a9d3e4f599
000003a9e97ed8d9
000003a9f3734699
000003a9f3734ad9
000003aa48d94e39
000003aa6caa35d9
000003aa6f355d79
000003aa6f660e19
000003aa72423839
000003aa82637279
000007555f601161
0000000000f4d971
0000000000000181
000003aad1d35159
000003aae0f79439
000003aaf2dc17d9
000003ab064fc479
000003ab473d62f9
000003ab58e3ea19
000003ab9dd267f9
000003ab9dd26899
000003ab9dd268b9
000003aba577af19
000003aba5bd0bb9
000003aba7752719
000003aba8b3d2b9
000003abd48a2399
000003ac2637dbd9
000003ac9757b5d9
000003acb2297359
000003acbbd24b59
000003ad2989f6b9
000003ad38ad7f39
000003ad38ad9339
000003ad38ada059
000003ad852bc4b9
000003ae2c877ad9
000003ae2c879df9
000003ae4cae9f19
000003aed0ef5099
000003af36ff8d59
000003af6f4daf59
000003afda9ea759
000003b014a94559
000003b0ea076299
000003b13508fb59
000003b251dd6599
000003b2889b70f9
000003b2bab77959
000003b2e3906679
000003b2f42cf1d9
000003b3319c2839
000003b3319c3c79
000003b332215619
000003b3322156b9
000003b332215819
000003b3322156d9
000003b332215d79
000003b332216959
000003b332219b79
000003b3495b1599
000003b385dbf6d9
000003b3bf853659
00000767ffcab461
0000000000f4d971
0000000000000181
000003b421d78f39
000003b43b405ad9
000003b4416a9dd9
000003b46d00d799
000003b53b5691d9
000003b54d326c39
000003b54d326cb9
000003b54d326cf9
000003b56c2f5059
000003b56f1e1639
000003b5a1fa7e79
000003b64d552e79
000003b662e1ced9
000003b68c7c9b79
000003b6aa66e599
000003b6b88ec1b9
000003b6fa7b52b9
000003b70eee7b59
000003b7619b1259
000003b764f54119
000003b7a08e0779
000003b7a08e0939
000003b7d6b5c6b9
000003b909e80c59
000003b9121cd699
000003b9121cd739
000003b9121cd859
000003b9121cde19
000003b9121ce9f9
000003b959416979
000003b966471cb9
000003b98b638219
000003b990a146f9
000003b998c82179
000003ba194f28f9
000003ba194f2979
000003ba51074579
000003ba69b16639
000003ba7f374b99
000003bad8571fd9
000003bba3559259
000003bbc281fc39
000003bbc73b0b79
000003bc01867c39
000003bce7a5dff9
000003bd0c5ec5d9
0000077aa0355861
0000000000f4d971
0000000000000181
000003bdd3033979
000003bde4e0c299
000003be25a0bcf9
000003be65a71d99
000003be7455c759
000003be756493d9
000003be98395099
000003bf150487b9
000003bf15048839
000003bf15048f19
000003bf55bce299
000003bf6617c299
000003bf66a50fd9
000003bf7406a4b9
000003bf982d6439
000003bfbd747f59
000003bfbd7491b9
000003c084da1219
000003c17b1a14f9
000003c1ab1f6519
000003c2847f8e19
000003c2bf643d99
000003c2f50135f9
000003c326595339
000003c369cf2db9
000003c38935b059
000003c4e2a52a19
000003c51fab1f79
000003c5665dec19
000003c5a500c039
000003c5dcd38df9
000003c5df228399
000003c6459aaad9
0000078d409ffb61
0000000000f4d971
0000000000000181
000003c6b060ad79
000003c6ce6afcf9
000003c72b661019
000003c776b5df79
000003c79aa47759
000003c7bd78cb19
000003c80cdc55d9
000003c80d455ab9
000003c84dd82f59
000003c85559ecd9
000003c85956abb9
000003c85956ac59
000003c85956ac99
000003c85956b339
000003c873121439
000003c878335659
000003c8b4e007b9
000003c8d886fd19
000003c929c66679
000003c93469bc79
000003c98fb99439
000003c9a5f7b179
000003c9bfba5119
000003ca7ee92539
000003ca9e05d699
000003cac594b2f9
000003cafc84a779
000003cbccf34db9
000003cc70265519
000003cca1e9c959
000003cd1f203d59
000003cdbe25d299
000003ce10c9c479
000003cea6725af9
000003cea6725c79
000003ceb6560599
000003cecbb895b9
000003ceecfe5d19
000003cefe0a9d39
000003cf50a99d19
000003cfd794cdb9
000003cfef8be999
0000079fe10a9e61
0000000000f4d971
0000000000000181
000003d00abeeb59
000003d0464344f9
000003d0c0bbe559
000003d0d1637b59
000003d0f2dd37d9
000003d19a002a19
000003d1a1097a99
000003d1b1ff1d39
000003d1e0097379
000003d2307e4dd9
000003d23f052cf9
000003d23f0575f9
000003d29e9c1899
000003d2cab5bbf9
000003d35ff658d9
000003d367239199
000003d3987adc19
000003d3b54e03f9
000003d3cf348b19
000003d3cf348b99
000003d3cf348bd9
000003d3cf349279
000003d413248a59
000003d42ef494f9
000003d4682344b9
000003d48f8fb239
000003d4d6483659
000003d516a300f9
000003d58a619059
000003d598eb2019
000003d5b74aeed9
000003d5e30fde79
000003d65f088d59
000003d6f0cffdf9
000003d777b58a79
000003d77b5eca79
000003d78bee5739
000003d873b4cdd9
000003d873e108b9
000007b281754261
0000000000f4d971
0000000000000181
000003d96bc40d59
000003d9b7885939
000003d9ff8f7cb9
000003da3d646959
000003da8b6ed0d9
000003dada1a7c79
000003dbe14067f9
000003dc2fb154f9
000003dce1cbd859
000003dd1f92c679
000003ddba444fd9
000003ddbedcab19
000003de6e9db859
000003dec26917d9
000003deee5a1379
000003defa59add9
000003df22e7fa19
000003dfe415b559
000003dfff8c2dd9
000003e0360e35d9
000003e046a48c19
000003e0868c8819
000003e08cb8b019
000003e08cb8b099
000003e08cb8b779
000003e09027cf79
000003e0a30b9699
000003e0bb01d899
000003e111c6cad9
000003e111c6dc79
000003e12b9b8339
000003e177484b59
000003e1980f1e19
000003e1a6ceadd9
000003e1b91802f9
000003e1cd433679
000003e2082319f9
000003e235943139
000003e2359431b9
000007c521dfe561
0000000000f4d971
0000000000000181
000003e29c491939
000003e2c51c84f9
000003e3362fe899
000003e377df3699
000003e4426789d9
000003e491796299
000003e4c23a9659
000003e4cd386bf9
000003e52d3b6ed9
000003e5740df2d9
000003e6067ab3f9
000003e60845cd79
000003e60845ce19
000003e60845d4d9
000003e60845ddd9
000003e60845f6b9
000003e616e7fd99
000003e6357d3a99
000003e6855df6d9
000003e73323e9b9
000003e735045079
000003e79a05d559
000003e7b7f842d9
000003e7cea6e6d9
000003e7ebeaacf9
000003e85d7afbb9
000003e8c8f30ad9
000003e93d809859
000003e99d15dd59
000003e9bf9249f9
000007d7c24a8961
0000000000f4d971
0000000000000181
000003ebf13dcad9
000003ec250d5ef9
000003ec250d5f79
000003ec250d6659
000003ec3f8f9159
000003ec4c1d1099
000003ec703ac419
000003eca6debb99
000003ecd0b91779
000003ed287014b9
000003ed3c230959
000003ed7b7c9c99
000003ed7b7cb0f9
000003ee35954999
000003ee59f0fd79
000003eec4b08579
000003ef29c8da99
000003efbba48b99
000003efbe73a1b9
000003efbe73a859
000003f025968619
000003f0436e6f79
000003f062bec359
000003f09cffe699
000003f0aad5ced9
000003f0d0c00d19
000003f115d05e79
000003f127b61c59
000003f1779ac1b9
000003f1ff4346b9
000003f2f07fd4d9
000003f30289c159
000003f30289cf19
000003f311dfdb79
000003f329bdc319
000003f345781219
000003f346281999
000003f3881a6ef9
000003f391528739
000003f39fcabcf9
000003f3af5b4e99
000003f3b2db59f9
000003f3cad13639
000003f3e7c0d879
000003f3e94809b9
000003f4afc9fdb9
000003f4bb383759
000003f4bb3837d9
000003f4ccac0ab9
000003f4d462e739
000003f50e13cf19
000003f51274bb79
000003f52c70c899
000007ea62b52c61
0000000000f4d971
0000000000000181
000003f54ac644d9
000003f5507ca7b9
000003f561abeff9
000003f5674e93f9
000003f5bdcc80b9
000003f5e945d719
000003f61ba98919
000003f67bb53039
000003f67be95019
000003f6cf3fd979
000003f708558eb9
000003f71fff1d19
000003f7dc8a1259
000003f84dc4bad9
000003f8803584f9
000003f8ce004559
000003f91e560ad9
000003f91e560b59
000003f91e561239
000003f91e561b39
000003f91f370fd9
000003f9200bf1b9
000003f9918cdbd9
000003f9e625c0b9
000003fa019dcdb9
000003fa18ff8619
000003fa3c2e8519
000003fa46e66839
000003fa4a2d52d9
000003fabb66f999
000003fabb66fa39
000003fae5b32759
000003fb3bc0cbb9
000003fc2ab1be99
000003fc75b62379
000003fc7f8ce879
000003fc9ed03df9
000003fcb0575079
000003fcbfe96f59
000003fd0e9729d9
000003fd413f9299
000003fd49869059
000003fd4c03e279
000003fd8ee1c619
000003fda2712379
000003fde70b2e59
000003fded13f779
000007fd031fd061
0000000000f4d971
0000000000000181
000003ff36482439
000003ff4e1b89b9
000003ff8b863779
000004004eb51159
00000400809cf959
00000400ab8cecf9
00000400cc9f3e79
000004014a1e38f9
00000401ba77ff59
00000401fedd8bf9
00000402843d1839
0000040369b81039
0000040369b82d39
00000403c9adfa39
00000403eb21a0f9
0000040422ab6a19
00000404644e9859
000004050fa42559
000004054c62c979
000004057b08fb99
00000405d7e523f9
00000405e9e0b139
000004068e23ddf9
00000406ddd0e579
000004071a6484f9
000004071a846119
0000040723d00439
0000040780a9eaf9
0000040791f11419
00000407a71866b9
00000407b258d779
0000080fa38a7461
0000000000f4d971
0000000000000181
00000407fb0099f9
000004081e68c519
000004085006dbb9
0000040856e48a19
000004089c92a1f9
00000408fbaf1819
000004097a932ef9
00000409e1069ab9
0000040a0b25a4f9
0000040a55dba659
0000040a58ee5119
0000040a63b6d539
0000040a90b85d59
0000040ab711f579
0000040b1fd8fd19
0000040b3ccbe7f9
0000040b3e24c279
0000040b7003c5d9
0000040bfcb3c919
0000040c31142d39
0000040c31142db9
0000040c31143499
0000040c588f3439
0000040cb59a1d39
0000040d2cf9a3f9
0000040d8cdabd39
0000040ded1c5839
0000040e05c8d619
0000040e05c8d699
0000040e4638d639
0000040ee48af939
0000040ee56dce99
0000040f0e793fb9
0000040f48eab619
0000040f5547f5f9
0000040f79bd4439
00000410789c1939
000004109b232759
00000410fdaf2099
0000082243f51761
0000000000f4d971
0000000000000181
000004115f01f8f9
0000041196ae76b9
0000041269759179
000004126e3d0219
000004130c7559b9
000004130fb90279
00000413299fd8f9
000004133d4115f9
0000041342807a59
00000413521be659
000004138a89ac99
000004138e865119
0000041406241419
0000041409d52e79
0000041410e90a79
0000041410e90b59
0000041499e67879
00000414e658ed39
00000414e658edd9
00000414efcd5159
00000415294e19b9
000004154320d179
0000041548e34539
0000041556a980b9
0000041581faf179
00000415b2eec9d9
00000416d993ecd9
00000416ee0f40d9
00000416ee0f4159
0000041741b50ed9
00000417421f3099
00000417cd602339
00000417cdf6e039
00000417de3c2399
00000417ff566ad9
00000417ff567d59
0000041806434d79
00000418152752d9
00000418a39cacb9
00000418a39cae39
00000418a39cc0b9
00000418a81b7639
000004190ecde339
0000041915402699
00000419353f5c79
000004196ea03939
00000419ac471cf9
00000419f112e279
00000419f1131059
00000419f7bbb5f9
00000834e45fbb61
0000000000f4d971
0000000000000181
0000041aaac306d9
0000041aaac30759
0000041b39515ab9
0000041b4ea309b9
0000041baa182479
0000041bc42d1459
0000041bd5556559
0000041be69d1019
0000041c2d56ba79
0000041cd2df1419
0000041cdf62cfd9
0000041cf9a81df9
0000041d63f1d359
0000041d6c4e9219
0000041d92188579
0000041dbd344459
0000041dbd3444f9
0000041e00f75339
0000041e1ea8f8f9
0000041e216a80d9
0000041e6f7396d9
0000041ecef79099
0000041ef77df919
0000041f0914c199
0000041f091501f9
0000041f3c431339
0000041f64cc61d9
0000041f64cc63b9
0000041fa476f919
0000041fb1514fb9
0000041fca10f5d9
000004201917e859
000004202aace6d9
0000042037c50fd9
00000420653d3b99
0000042150f7fcb9
0000042150f7fd39
00000421aad0cfb9
00000421db5204f9
00000421fc67c1f9
00000421fe856159
00000421fe9e57f9
000004222080fe39
0000042223e290f9
00000422aec81fd9
00000422c84b3db9
00000422d55f8bf9
00000423570e0379
00000423626690f9
000004237acee6f9
0000084784ca5f61
0000000000f4d971
0000000000000181
00000423f66e6eb9
0000042510965ad9
0000042510966939
000004254c3effb9
00000425c9feb719
000004260b948d59
000004262a2742f9
000004264d23bb19
000004264d23bb99
00000426858322d9
00000426a4f6c6f9
000004273b7febf9
000004279511fef9
00000427e6eb2d39
00000427f5d79e99
0000042810dbe2b9
00000428c472f259
00000428e93a5379
00000429667c7399
00000429ab9d4019
00000429c2dc8ab9
00000429cc0fde19
00000429fc8da039
0000042a54276e19
0000042a5427d259
0000042ae3c2aff9
0000042afb5a7319
0000042b0c18e7f9
0000042b3b2a8b19
0000042b557df5b9
0000042b630db7b9
0000042b7f9652b9
0000042ba5f92cf9
0000042bd0d2f219
0000042c174c33b9
0000042c2b3d8299
0000042c762437b9
0000042ca0959a99
0000042cc53727f9
0000042ccbf925f9
0000085a25350361
0000000000f4d971
0000000000000181
0000042d256ce459
0000042d256ce5f9
0000042d34e23af9
0000042d42944e99
0000042d462a23f9
0000042d59881959
0000042d60a9c8f9
0000042d6a81d4d9
0000042d6b133f39
0000042d70155bd9
0000042e0196e6b9
0000042e3ef600b9
0000042e785ece79
0000042e98fd3399
0000042ebe1fa599
0000042ec793a3b9
0000042ee3652c99
0000042ee52c7ab9
0000042f104d84b9
0000042f61f47e19
0000042f7cdfadb9
0000042f869c6279
0000042f94fc3419
0000042fba432419
0000042fba4337d9
0000042ff0357519
0000042ff62d9b99
0000043087221db9
000004308e9331b9
00000430b74aa0d9
00000430dbf4f5f9
00000430df76a4b9
00000430f91f38d9
00000431320c8c39
00000431473ac939
0000043177e88239
00000431ba360299
00000431c29b2999
00000431f2631119
000004320f101ab9
000004326c6333f9
0000043291bd43d9
00000432d0090fd9
000004330c8b0599
0000043331b6fef9
0000043440d8b0b9
0000043459993759
00000434832fd939
00000434832fedb9
0000043490f58719
00000434ac1dacf9
00000434db33d3f9
00000434db33f0f9
00000434db33f179
00000434efc97859
000004354db483d9
00000435a879c159
00000435e1f0e0d9
000004363b160d39
000004363b1629d9
0000086cc59fa761
0000000000f4d971
0000000000000181
000004369f7c90f9
00000436de3bf659
00000436de3bf6d9
000004373902a959
000004376c64c479
00000437ff1e2499
000004385982d019
000004385982d399
00000439922a6b39
000004399d346c39
0000043a5c98e699
0000043a99adaf59
0000043acb2a7db9
0000043ad675e059
0000043bda0aaa39
0000043c2ab0f419
0000043c3cb60d59
0000043c43d3b039
0000043c909a99d9
0000043cd0f782f9
0000043d014627f9
0000043d1d3aaed9
0000043ddb0e76f9
0000043ddb0e7799
0000043ddb0e77b9
0000043ddb0e7e59
0000043e0a489479
0000043e781831f9
0000043e95f7bd99
0000043ea326b019
0000043ea3bd6559
0000043ead665199
0000043ec0641b39
0000043f0d9395b9
0000043f49cf47f9
0000043f8f83cb99
0000043f8f83de39
0000043f8f83e0b9
0000043fa28b4179
0000087f660a4b61
0000000000f4d971
0000000000000181
0000044028bf3139
0000044028bf58b9
000004407df8ec79
00000440b71c82f9
00000440d931a659
00000440dd71e039
0000044115a577d9
000004414a8dd139
0000044220d9d099
000004426b6c2959
00000442b83ad0b9
00000443796ead59
00000443f511dfb9
00000443f511e0f9
000004440f56e1b9
0000044445295279
000004444cc455d9
0000044474ebb9b9
000004448604d8b9
000004451291e2d9
0000044540c13d59
000004457e6e8b39
00000445e5f44459
0000044602805ff9
0000044602806179
000004460b3a09b9
000004460b3a0a19
00000446184be439
00000446347876f9
000004463a3c1dd9
0000044657ce07d9
000004469e6eb159
00000446a55104d9
0000044714c3e739
00000447803c5f59
00000447803c74d9
00000447a5aa1df9
00000447d051fcd9
0000044853554219
00000448564ffb59
00000448564ffbd9
00000448c42a7639
00000448d28c9699
00000448d28cb179
00000448eb215c99
000008920674ef61
0000000000f4d971
0000000000000181
000004496b95f5b9
0000044985f6d419
0000044985f6d619
0000044998359419
00000449a04891d9
00000449ad9d8339
0000044a72b51b79
0000044ae16a2b19
0000044af8753899
0000044b09e92a99
0000044b28d537f9
0000044bcf547b19
0000044bf1bcbbd9
0000044c5d85e419
0000044c68c01099
0000044c68c01139
0000044c68c022b9
0000044cbc213ad9
0000044d13a74019
0000044d22725439
0000044d2d9012b9
0000044d8ce58739
0000044d90310fb9
0000044d90311039
0000044dc0abbdf9
0000044eb2fb9bd9
0000044f299b3059
0000044f30ffae99
0000044f342797d9
0000044f38ea8dd9
0000044f40154619
0000044f8653cc59
0000044fad415619
0000044fd940e559
00000450101ddab9
0000045019958619
0000045022305d19
00000450cf7194d9
00000451426886b9
000004516ab1b379
000004523106f239
000008a4a6df9261
0000000000f4d971
0000000000000181
00000452ced86cd9
00000452f7819af9
000004530d51b659
00000453a17a0039
000004543eb42279
00000454628fd499
000004546b6e67d9
0000045472198bb9
000004547e517bd9
00000454f41240b9
00000454f4d8ba19
00000455179b67f9
000004555bcc2519
0000045560c6c519
00000455a2e21d99
00000455cdffa359
000004561c0a7419
000004561c0a8879
000004566833edf9
0000045681536bb9
00000456b0036939
00000456e162d399
00000456f1eef9b9
000004582ae2c799
0000045848b2cdf9
00000458775ccb59
000004589f48ea39
000004594a81aff9
0000045966093739
00000459cf2b3239
00000459fac6d559
00000459fac6d5b9
0000045ac24c4579
0000045b21f6e079
000008b7474a3761
0000000000f4d971
0000000000000181
0000045bb740ddf9
0000045c36d2dd79
0000045c88329439
0000045cad4de339
0000045cad4df2d9
0000045cc8344379
0000045cdd3c50f9
0000045ce29f93d9
0000045d83fb87b9
0000045d85e9e699
0000045d85e9e719
0000045d8e665b19
0000045da3260859
0000045dd3485e19
0000045dd34862b9
0000045e1bb93499
0000045e34ea9d39
0000045e6ecd6b79
0000045e6ecdbd39
0000045ef86a5819
0000045f0a1dc5b9
0000045f0f3e2ed9
0000045f14d6aad9
0000045fc6ab08d9
0000045fe72f8019
000004601a1f71b9
00000460b82f4919
00000460b82f4999
00000460dd13cc99
00000460eb5a0e39
00000461a5de2139
00000461abb36159
000004623ab45679
000004623b6b20b9
000004627eb89639
00000462df5291b9
00000462e2278639
0000046315119bf9
000004643ed749f9
000004647e1a5a39
000004648261b5f9
000004648c6b8459
00000464aa583db9
00000464b140e839
000008c9e7b4db61
0000000000f4d971
0000000000000181
0000046530fecd39
0000046530fedf99
00000465448f7019
00000465510d1a59
00000465c746d279
00000466a61fe4f9
00000466f2ab3bd9
000004670136e919
000004671935a199
000004677a0d0cb9
000004683e6e05f9
0000046852c3ccd9
000004688a0cca59
0000046939b04259
0000046a52268c99
0000046a7db0c4d9
0000046a7ee98d99
0000046ab2976f19
0000046ab29770f9
0000046b1011b899
0000046b7de4ee79
0000046b80a28d59
0000046be3a98e19
0000046c264bd2b9
0000046c264bd339
0000046c3a3e63d9
0000046c3a3e6459
0000046c81e44139
0000046cc0370779
0000046d021d6f19
0000046d0fdb5b19
0000046d2a5f44b9
0000046d9122d239
0000046d9990cc19
0000046daeeaad59
0000046dd8f46439
0000046df3b957b9
000008dc881f7f61
0000000000f4d971
0000000000000181
0000046e5761ce19
0000046e5767a459
0000046e5767ba99
0000046e6a6a2419
0000046e73c2d9b9
0000046e81d812d9
0000046ebab2d119
0000046ebab2e739
0000046ed7126e19
0000046ed7126e99
0000046f20661639
0000046f429f0ff9
0000046f6ab44219
0000046f7994fcb9
0000046fb472c139
0000046fce616e79
0000046fd0568879
0000046fd056a739
0000046ff767d8b9
0000046ff767d939
0000047059c35799
0000047170815219
0000047170816cd9
000004718062d879
00000471bfb33dd9
000004726ba93ed9
00000472af316bf9
00000472f1feae99
00000472f1feb679
0000047321cae2b9
000004735c7b8319
00000473953a03f9
00000473b7c601b9
0000047418036919
000004750acc6859
000004758315c299
000004765e809db9
000004767f034b39
00000476a1d36bf9
00000476a706b9f9
00000476a706ba79
00000476a706baf9
00000476a706c179
00000476c8ed0779
000004773e929c59
000008ef288a2361
0000000000f4d971
0000000000000181
00000477a893fb79
00000478589cbd19
0000047874cb4939
000004789292fe39
000004791bb6b099
0000047975601319
00000479d5c96339
0000047a466f9eb9
0000047a6d6776d9
0000047ae3385019
0000047b3eae4b19
0000047b6dda71f9
0000047ba311b4b9
0000047ba311b539
0000047bd4d57cf9
0000047bd7ef2179
0000047c6de923d9
0000047c702ec1b9
0000047c72816519
0000047ca3603a59
0000047cb2564699
0000047cb8e0e839
0000047d033fa759
0000047d147299f9
0000047d1dd72a39
0000047d3a6b1319
0000047d445a80f9
0000047d445a8179
0000047d70dfb5f9
0000047d8f9ae6b9
0000047e147116f9
0000047e40231e39
0000047ece210399
0000047f70f10f19
0000047fa1fdf859
0000047fb435d7b9
0000047fb435ef19
0000047fb43600d9
0000047fbcff1ef9
0000047fc5beb559
0000047ff76dfd39
000004801d7934f9
00000480678e82d9
000004809a556939
00000480ccd25af9
00000480db581b39
00000480dedb63f9
00000901c8f4c761
0000000000f4d971
0000000000000181
00000480e8926299
0000048182191e79
000004818daf76b9
00000481a110e2b9
00000482240bdbd9
000004825c832bf9
000004825c834659
00000482cf6df479
00000483129231d9
000004833a5c6279
0000048342ec7d19
0000048379b3eb99
000004838fd2ce79
000004838fd30a19
00000483ec222459
00000483f3dd4699
00000483fc912d39
000004840578ff79
0000048451ddaa79
00000484a5a1b239
00000484d82bbf79
000004850803cc79
00000485c0f338d9
000004863c6a90b9
000004872c4ad879
0000048751882899
00000487533114b9
000004877e357479
00000487a5751ff9
00000487db575579
00000487db576a59
00000487fa5a6fb9
00000488099cc4b9
00000488099cc539
00000488231c1c79
0000048843a812d9
0000048867250e39
0000048874c76779
00000488e48ad1f9
000004895983c939
00000489d9062d79
00000914695f6c61
0000000000f4d971
0000000000000181
0000048aa61f2279
0000048b0afa9b79
0000048b60d2f7b9
0000048bc174d179
0000048bc174e479
0000048bdd465039
0000048caa23d299
0000048cc1ef74f9
0000048d3e7b8f59
0000048d7849e319
0000048daa561759
0000048dc484d1f9
0000048dfb2ae2d9
0000048e3e20a199
0000048e65940599
0000048eb13529b9
0000048ed7d0f9d9
0000048eff8fb379
0000048f1b92ec19
0000048f7517f659
0000048f9ecc1af9
0000048feae9c719
0000048feae9d4b9
000004902ac154b9
000004904821a6f9
0000049077805b59
00000490c18fe879
000004912c12bf59
000004913cf83cd9
00000491d579c179
0000049210223ad9
00000492a582f599
00000492faad9e79
000004930ac1ffd9
0000049342bbb839
0000049343e853d9
000004935b4aba19
0000049370f41d59
0000092709ca1061
0000000000f4d971
0000000000000181
00000493ff3e6e59
00000493ff8d2659
000004940e741859
0000049429b47db9
000004942dda7d39
0000049430ffd3f9
0000049476fba759
000004951dd33599
000004959354f679
00000495a984a819
00000495cf3baf59
00000495ea0f0239
000004960aa32179
0000049621a4b079
000004962a6fad19
00000496691504d9
00000496e9a72bb9
00000497020587b9
0000049756b502b9
000004975a3c3279
00000497624af859
0000049775439d39
00000497878158b9
0000049795031239
00000497950313b9
0000049822721319
00000498a4337bf9
0000049901996959
00000499eeb040f9
0000049a05da5a19
0000049a223acd19
0000049a322030d9
0000049a37748139
0000049a46fedb39
0000049a57366859
0000049a69647359
0000049a6cd6ea39
0000049a7b2ff979
0000049a7b2ff9f9
0000049a80dc63d9
0000049a82725739
0000049ab9ad9f39
0000049b196da719
0000049b53e32db9
0000049b76d0ecb9
0000049c4ecfaa79
0000049cce778d79
0000049cd1e55919
00000939aa34b461
0000000000f4d971
0000000000000181
0000049d5a51fef9
0000049d64bc9799
0000049d823b2b99
0000049dc9bf4399
0000049dde0e0c39
0000049e6dce2a39
0000049e9d08c019
0000049ec45a6c99
0000049ef11a5f99
0000049f2cd64619
0000049f42b9b4f9
0000049f57080079
0000049f70fbea99
0000049f95eb41f9
0000049fc02d6779
0000049fd703db19
000004a0300c9139
000004a03cf40b99
000004a04e222119
000004a059801bd9
000004a070dfd0b9
000004a0c8239b39
000004a14af477b9
000004a1a55950f9
000004a1ddffc939
000004a2a3fdf8d9
000004a2eb837259
000004a2eb838359
000004a300020e19
000004a3175e41f9
000004a31e3dcc19
000004a320df39b9
000004a336d75f59
000004a3627fc199
000004a39403d5b9
000004a3b0b32a79
000004a3e441bed9
000004a43a727dd9
000004a47a757919
000004a4f62a8379
000004a4f8604299
000004a4f8604339
000004a4f86049f9
000004a5cb5e92d9
000004a608e68759
000004a61af53779
0000094c4a9f5961
0000000000f4d971
0000000000000181
000004a6a2ba9299
000004a6dbc764f9
000004a778f07bd9
000004a78b381559
000004a79ecf4fd9
000004a7aa597d59
000004a7b66ecb79
000004a7fd462179
000004a7fd462359
000004a80a43feb9
000004a86c5e1d39
000004a8c5a43579
000004a90047e9b9
000004a929e4e799
000004a969cef1b9
000004a969ef0319
000004a96da8b3b9
000004aa08c5c599
000004aa08de0599
000004aa15364879
000004aad3e3c059
000004ab67e3d059
000004aba7683059
000004ac3468f9d9
000004ac34691159
000004ac52b93c59
000004ac7c06efb9
000004acfde00b99
000004ad62933119
000004ad629331b9
000004ae1f989759
000004ae554dff79
000004ae7474ded9
000004ae8d4a6fb9
000004aee3a723d9
0000095eeb09fd61
0000000000f4d971
0000000000000181
000004af77b11579
000004afc718af39
000004aff84684d9
000004b042e1cfb9
000004b1b31d21d9
000004b1b3c63c19
000004b1d1ac3619
000004b21734f3b9
000004b245e9a4d9
000004b24936b5b9
000004b2a4ed1ff9
000004b2bf86f199
000004b2e34c0939
000004b313912079
000004b3437b4439
000004b37b2fcc59
000004b409b251b9
000004b4652c2439
000004b4652c24d9
000004b467614259
000004b4d285a119
000004b4e3fa2a39
000004b4e9174c59
000004b50d869219
000004b53afe73b9
000004b53b41ce19
000004b551cee9f9
000004b66b1f3419
000004b67f492499
000004b68811c4f9
000004b692765b79
000004b69d5339d9
000004b7bda30619
000004b81b2e05f9
000004b8418aaf19
000004b85763ab79
000004b888bacc59
000009718b74a261
0000000000f4d971
0000000000000181
000004b8e95eb159
000004b8ef6fb019
000004b900081b39
000004b902c9aed9
000004b967ce0dd9
000004b9784e5bd9
000004b98df3a359
000004b98e55b079
000004ba8e1af4b9
000004bac68519f9
000004bac6852af9
000004bb77c91cd9
000004bba80e6519
000004bc18d58ef9
000004bc3ff3fb99
000004bc4631d579
000004bcfcf6e659
000004bd34834c59
000004bd7ed665b9
000004bd9f93fdf9
000004bdff0f04d9
000004be990ad8f9
000004beb9a84a19
000004beca814cf9
000004bedb418399
000004bef9b47bf9
000004c0421c2af9
000004c0796d70f9
000004c080c8f2b9
000004c0990e4939
000004c0a0653e19
000004c11344fed9
000004c1d179dd79
000004c1f4d87bd9
000009842bdf4661
0000000000f4d971
0000000000000181
000004c218027d39
000004c29b01d7f9
000004c29d32d219
000004c2bfe679d9
000004c2d26d0139
000004c321b485b9
000004c361703899
000004c3d14461b9
000004c3d85abb39
000004c4214b8e79
000004c4b18b8599
000004c4b18b8619
000004c4cd041c59
000004c4cd043e19
000004c4e6c9d819
000004c4e6c9f139
000004c50bcf5559
000004c575cfeb39
000004c5e2aafaf9
000004c5ed58ab59
000004c5f1e69819
000004c696c410f9
000004c6f94da459
000004c7ccef2339
000004c8191210b9
000004c84f3cecf9
000004c8607062b9
000004c8fae447b9
000004c9538d2059
000004c982231f59
000004c9b9f93579
000004c9ef1e9599
000004ca356e6a39
000004ca614a46f9
000004cb0c669779
000004cb29beb0f9
00000996cc49eb61
0000000000f4d971
0000000000000181
000004cb84f53c59
000004cb84f54ef9
000004cbbcf20639
000004cc12c81f99
000004cc2055f279
000004cddfce4239
000004cef923b779
000004cf58eda739
000004cfa7238bb9
000004cfbf0e1c39
000004d0117a55b9
000004d018b22579
000004d0298c0119
000004d08662f259
000004d11ac63fd9
000004d14b0ad499
000004d188894939
000004d1ebb61dd9
000004d1ffaf6a59
000004d212d4cc39
000004d21d2cea59
000004d267edc6f9
000004d267edd2b9
000004d2752c84b9
000004d284f2e979
000004d284f2fe79
000004d288952f59
000004d296440799
000004d2972d51d9
000004d2e38a80f9
000004d30911fed9
000004d32e44cfd9
000004d32e44e3d9
000004d3432fad19
000004d343300619
000004d392629b99
000004d3bed7b4d9
000004d3c4a789b9
000004d3eab33519
000004d3ff1f2159
000004d43c1f2d99
000004d443cf91f9
000009a96cb49061
0000000000f4d971
0000000000000181
000004d4b666de99
000004d4de7fb3f9
000004d511ddd119
000004d52e57d939
000004d547ffad79
000004d57641a1b9
000004d623fd88b9
000004d665e2b619
000004d67a17d379
000004d6a8beaf39
000004d6b5b99519
000004d71700d779
000004d761fcb8f9
000004d761fcd059
000004d7d126ea19
000004d9593e30d9
000004d98e9fa0d9
000004d99ac4b719
000004da12190399
000004da14a3fe79
000004da3cec9819
000004da78353919
000004dab15cc8d9
000004dae14aad39
000004daf66dd3f9
000004daf94c5a59
000004db70d1ae19
000004dbb79e7999
000004dbc7c640b9
000004dc5b4dccf9
000004dd8c760df9
000004dd9426ed59
000004dd9426ee19
000009bc0d1f3461
0000000000f4d971
0000000000000181
000004de18e11439
000004de18e13179
000004de72384eb9
000004de91801159
000004df5b1715d9
000004df7f3e1899
000004e05e4ecc79
000004e0c82d16d9
000004e1386edd19
000004e143cb76d9
000004e18cc40e99
000004e190b5d459
000004e1f4f75399
000004e22ec0ff79
000004e2526e1c99
000004e270ff7879
000004e2788922d9
000004e28447da39
000004e28447ec99
000004e2ab4c7739
000004e2cd994579
000004e2eafcf419
000004e2fd69d599
000004e301172fb9
000004e399fbea59
000004e3f5ac2979
000004e46beaeed9
000004e50f022bb9
000004e525de66f9
000004e550526c19
000004e58408ced9
000004e58f8e8a39
000004e5ae7ab419
000004e628fdc079
000004e63337af39
000004e6434ad219
000004e6552a41f9
000004e66fd14c99
000004e672672f79
000004e6f58e48d9
000009cead89d961
0000000000f4d971
0000000000000181
000004e7ce253479
000004e81c14e019
000004e87cd88779
000004e8baca32f9
000004e91ef4cb19
000004e9535d1079
000004e9ac4dcbd9
000004e9ac4ddd99
000004eaac949139
000004eab33d60b9
000004eabbb85679
000004eabbb85719
000004eabbb85759
000004eabbb85df9
000004eacc391099
000004eb348fdb79
000004eb51b33b99
000004ebb31dfbf9
000004ec273ca4d9
000004ec34debbd9
000004ec9df09279
000004eca57ab539
000004ecb05462b9
000004eccb6341d9
000004ecfb4067b9
000004ed1a25a0d9
000004ed1a262019
000004edaff00fd9
000004eeebf30919
000004eeebf309b9
000004eeebf309d9
000004eeebf31079
000004ef37e94df9
000004efe65fbd79
000004f00cea4339
000004f01de7b3f9
000004f02f6e6019
000004f036202d99
000009e14df47e61
0000000000f4d971
0000000000000181
000004f0e41c9fb9
000004f106bfd379
000004f14132e1b9
000004f1e42456b9
000004f2aa2dd739
000004f2d36ae5f9
000004f2d9df02f9
000004f2d9df0379
000004f30848c379
000004f339ed59d9
000004f35ffca6d9
000004f39bd67679
000004f3acd3e4d9
000004f3b75938b9
000004f3d10267f9
000004f420e72019
000004f438618759
000004f463b2c959
000004f46cadcbf9
000004f4842e9039
000004f4e688ba39
000004f529146219
000004f5e8790d79
000004f5ff0b5eb9
000004f6206ed179
000004f62b811839
000004f643256839
000004f6b15abf59
000004f707959339
000004f70795abf9
000004f7a3c0a2f9
000004f7a3c0a399
000004f7a3c0a3d9
000004f7a3c0aa79
000004f7a8fa4459
000004f7c119f0d9
000004f7fc341f39
000004f819e49ad9
000004f81c526d99
000004f8310300f9
000004f84a0fb239
000004f86bb76799
000004f86edf8c79
000004f8b6a1a299
000004f8c8162fb9
000004f9e97f4df9
000009f3ee5f2361
0000000000f4d971
0000000000000181
000004fa49e88259
000004fa80112bf9
000004fa876dba39
000004fac42f2b59
000004fae3522bb9
000004fb25d8bcd9
000004fb278cfaf9
000004fb37ed7ff9
000004fbab53d319
000004fbdc59f539
000004fbde466939
000004fbff2601b9
000004fc43354459
000004fc45860139
000004fc529255f9
000004fc9ddde559
000004fcadc0ded9
000004fcfbe3ce59
000004fdb91f5cd9
000004fe065c3679
000004fe6e067959
000004fe86944b19
000004fe96629b39
000004febaabdcf9
000004fee168c379
000004feed2530d9
000004fefb5f1339
000004ff26e44b19
000004ff49ee3059
000004ffaaa85159
0000050011b49bb9
000005005ba0b359
0000050096f540d9
00000500c3c2e219
00000500c3c2fd99
00000500f0488c39
00000501482ee419
0000050156bf5f19
000005016336ac19
000005016336bcb9
000005016ffbf559
000005019341f259
00000501e5db8ff9
00000501e7d1f6b9
0000050212cc2f79
000005024f5756d9
000005024f57bef9
000005025b79c9d9
00000502b19f1a99
00000502ca2544b9
000005031485f439
000005033e280c59
00000a068ec9c861
0000000000f4d971
0000000000000181
0000050417b63b79
00000504f8845b99
00000504fb3d8c19
00000505b533e5b9
0000050613c7d2d9
0000050613c7d379
0000050613c7da59
0000050613c81339
000005066fc356d9
00000506cc8f0c39
0000050792e776d9
00000507feb14739
000005087e2d0c79
00000508e6bf7ed9
00000508e6bf90d9
00000508edbe53b9
00000508f3493979
0000050970852279
0000050992efc8d9
00000509e74eba39
00000509f0b03c39
0000050a2b73ddd9
0000050aebe7d999
0000050b783e9fd9
0000050b783ec479
0000050babff8959
0000050bc6b7df79
0000050c3f032c79
0000050c9585aef9
00000a192f346d61
0000000000f4d971
0000000000000181
0000050cbe7cb979
0000050cd458bdd9
0000050d419caf99
0000050d419cb6f9
0000050d419cc499
0000050e06ea0f39
0000050e38130639
0000050e409f3079
0000050e432ccf79
0000050e432ce739
0000050e5de608b9
0000050e740d2699
0000050e8d170f99
0000050eb5d42b59
0000050ec9314219
0000050ef62735d9
0000050f3247d3d9
0000050f3247e9d9
0000050f3247ec39
0000050f57a8d6d9
0000050f8a6f3099
0000050fc65c9f19
0000051025caeb79
0000051032af7d39
000005104e9d4879
00000510d1a19439
00000511f4c0ce99
0000051229729379
00000512782bfbd9
00000512cabfeb79
00000512cabfebf9
00000512cabff2d9
00000513149c5499
0000051315f4f559
0000051347ed0b99
00000513b165b4f9
00000513bc85edb9
0000051412e0ff99
0000051456bcd999
00000514b0fa9f99
00000514d73e9019
000005150dd09499
00000a2bcf9f1261
0000000000f4d971
0000000000000181
00000515eacffbd9
00000515ee8a8819
0000051605c24099
000005165d9d2099
0000051686381c79
00000517097fc459
0000051798b539d9
00000517a2a4cfb9
00000517d1b77f19
0000051853b69459
00000518c6ce1af9
00000518f6cc0c19
0000051901c64199
000005194e030a99
000005198696a819
000005198712eb59
00000519bd142919
00000519d0bb8eb9
00000519fee5c6b9
0000051a009a5899
0000051a282c6699
0000051b119e87b9
0000051c03adfb99
0000051c19a02f99
0000051c1ea37099
0000051d0e385fb9
0000051d540b0f19
0000051d5fb11fd9
0000051ddfcfb9b9
0000051e787f7199
0000051e860c8f19
0000051f22334919
0000051f35780c59
00000a3e7009b761
0000000000f4d971
0000000000000181
0000051fa3edb639
0000051fb0459439
0000052002b27f19
000005207ce15c99
000005208a009599
00000521058cd659
00000521447d1cb9
000005217250bd39
000005219b9f2219
00000521be4e3379
000005229579afb9
0000052323b987d9
000005234adb5199
0000052369771019
0000052388053cb9
0000052388058579
0000052475036379
0000052486e57219
000005249990a099
00000524a2d88d79
00000525260bac39
000005254eaef099
0000052637b24659
0000052637b258f9
0000052637b2f939
000005264f026e59
0000052679680b59
000005269b0ac919
0000052734e2b6b9
00000527a6debc99
00000527fcd63ab9
0000052833f85539
00000a5110745c61
0000000000f4d971
0000000000000181
00000528c53ad0d9
00000528caab5f19
000005290bfdae19
0000052935fa2659
0000052935fa3eb9
0000052a4c9944f9
0000052a5f138599
0000052a81af3299
0000052a8fcc1ff9
0000052ab2f4d8b9
0000052b65262259
0000052bc6f862d9
0000052bc6f86359
0000052bcf8380f9
0000052bd27597f9
0000052c07b8ccd9
0000052cc9a4b559
0000052cc9a4b5f9
0000052cc9a4b639
0000052cc9a4d019
0000052cd23cd919
0000052ce2f57d99
0000052db5540479
0000052dc6568f79
0000052dec8008d9
0000052e4657fc19
0000052e539dacf9
0000052e942c7739
0000052ee88e11b9
0000052f4efa5339
0000052f7f69ccf9
0000052f8ba6ebf9
0000052fea1ed1f9
000005302411bad9
000005302411d0b9
000005304674bdb9
00000530c9aa9e39
00000530c9aab799
00000530ca05d859
00000531250d1539
0000053169df7079
0000053169df7219
000005319fa30299
00000531ac14fd19
00000a63b0df0161
0000000000f4d971
0000000000000181
00000531ff66eb59
0000053250e3a579
0000053260e18659
000005327affc279
00000532c37b0cd9
00000532c37b1d59
00000532c37b2199
00000532d2630c79
00000532f01422f9
0000053354d47fb9
000005337adbc8d9
000005337ceae6b9
00000533bab56a19
00000533cbfad639
000005342648c019
00000534a2e35199
00000534b8b181d9
0000053526ad4959
00000535de77ec79
00000535fe7b68d9
00000536b984f939
00000536e2614759
00000536e2615c59
0000053720b34c79
000005376c7a7b79
00000537867e6fd9
0000053835654459
000005383565d639
000005387d974e99
000005388f168439
000005388f1698d9
000005389dccc6f9
00000539160c7b19
000005393afa53d9
000005394c60acf9
0000053957d9a8b9
00000539774dd8f9
00000539acba6099
0000053a096eb0b9
0000053a2b447379
0000053a2b4473f9
0000053a75408379
0000053aa64a6379
0000053adbe7acb9
0000053aef016cb9
0000053af1d9a7b9
0000053b0dd37b79
0000053b1cc8b179
0000053b24e58d99
00000a765149a661
0000000000f4d971
0000000000000181
0000053b50a60879
0000053bad5b0bd9
0000053be3ef55f9
0000053c59f2ee19
0000053c6b53e259
0000053d923bd7d9
0000053d9ec19e79
0000053db1e57a19
0000053e26bb37f9
0000053e4c2c3979
0000053e5b8bfd59
0000053eb91eeb99
0000053ec75b69f9
0000053edbe327f9
0000053efb52ad59
0000053f4e873df9
0000053f9e5d1e99
0000053fa3627119
0000053fdd0e6d79
0000054006206059
000005403508bf99
000005403c366619
0000054077e8d899
0000054084caeb99
00000540d4bb3f19
00000540d4bb4fb9
00000540d9e35939
000005414fd86f99
000005414ffb75f9
00000541a72e1e59
00000541c5e0e199
00000541e9b2ae79
0000054243226b39
00000542a3b38bb9
00000543767bacf9
00000543caecdd59
000005441fb19819
00000544352bef59
00000544352befd9
00000544352bf019
00000544352bf6b9
00000544352c3eb9
000005445caeb019
00000a88f1b44c61
0000000000f4d971
0000000000000181
0000054510d8b8f9
0000054545abf619
000005456241f419
00000545b2ae01d9
00000545b2ae1759
00000545d41f84b9
00000545dad38579
00000545ec270c19
0000054668033ef9
0000054684983c39
00000546ab128e59
00000546b2f98959
000005472f048699
000005475e10f6b9
000005475e10f739
000005475e111bf9
000005477754bb59
000005477f6781d9
00000547ab6c0619
00000547fe420399
00000548a6870a59
00000548e50c2e79
00000548f2689179
00000549c91a67d9
0000054a0d6bae99
0000054a1f216c39
0000054a459fae59
0000054a5288dfb9
0000054a5288f939
0000054a69265199
0000054a86561a99
0000054a986a8ab9
0000054ac6777739
0000054ad46943b9
0000054b104c29b9
0000054b2cc19579
0000054bb978eff9
0000054bde02cd59
0000054c33531039
0000054c37d16d59
0000054c49f93539
0000054c4f2bfb59
0000054cdcf44e79
0000054d39b84479
0000054d4b3a9379
0000054d612ac6b9
0000054dc18868d9
00000a9b921ef161
0000000000f4d971
0000000000000181
0000054e40094479
0000054e70534e19
0000054e84bace19
0000054f1d3432b9
0000054f2b207e99
0000054f91c4ddf9
0000054fa03669f9
0000054fb4d9db59
0000054fb6515599
0000054fdb90cc99
0000054fdb90f739
0000055008d6fbd9
0000055008d6fc79
0000055008d70359
00000550888d50f9
00000550a2a2ca59
000005511568ef39
000005511568efd9
00000551401262f9
0000055140bddcb9
000005515abd3a59
00000551d1c2de79
00000551dcb9c039
00000551e3b0ba99
000005520cc4c4f9
0000055244559a79
000005525e1f2a19
00000552da7722b9
00000553154ce039
000005532a6bec59
00000553f61adc59
0000055417700af9
0000055429a902d9
00000554a57d0119
000005550543e519
00000555128b33d9
000005552e9ab179
0000055575524d79
00000555a0985819
00000555e06e32f9
0000055669e13bd9
00000556c1167319
00000aae32899661
0000000000f4d971
0000000000000181
00000557e4424d19
00000557e4424f39
000005596de62739
0000055995f9dd59
00000559c512a139
00000559e1b27779
0000055a0ad7c8d9
0000055a0d434979
0000055a0d434bb9
0000055a6a25ebf9
0000055adaa58df9
0000055af83b8479
0000055b3f7cac59
0000055bad5a3219
0000055be2d37579
0000055bfb94fe19
0000055c4ef51719
0000055c534dc699
0000055c5be9d8d9
0000055ca50b6279
0000055ccef7fe59
0000055cd4d75759
0000055da541c2b9
0000055dc21c8dd9
0000055dc6dca119
0000055e064c8fd9
0000055e784a2199
0000055e784a3319
0000055e80e06239
0000055f3851b299
0000055f6ec76979
0000055f8ec60ab9
0000055f8ec60b99
000005600d3693f9
000005602c2aa539
000005603a3c63b9
000005603a3c82f9
00000560684f4d79
00000ac0d2f43c61
0000000000f4d971
0000000000000181
0000056086b5e319
0000056086b5f899
00000560895a47f9
0000056091cc0779
00000560ea9a4c99
00000560ea9a6239
0000056160a57959
00000561801d3bf9
00000561f7fd3839
00000561f7fd4099
00000561f7fd4359
00000561fab715f9
0000056211414cb9
00000562453413d9
000005632b1275b9
0000056360ff7119
0000056378e38bb9
00000563bef192f9
00000563d7a15779
0000056456ffaf99
0000056456ffcc99
00000564b5ab2dd9
00000564d2349ef9
0000056501dc07f9
0000056536640479
00000565c0f6d219
0000056600a38e19
000005660d8644d9
00000566325874d9
0000056646332599
000005665aae7179
000005665aae71f9
000005665aae7239
00000566a256eb19
00000566cd7c01b9
00000566cf302159
00000566fb4f3c59
00000567667c2199
000005678b032199
0000056793263679
00000567c07e02b9
00000567ceebe7b9
00000567e6762019
00000567e67622d9
00000567fcb26fb9
000005680161c299
0000056801b0e7b9
000005682e2ee8b9
0000056881b28ff9
0000056881b291b9
00000568990ca639
00000568c2e18a79
0000056986164a39
000005698a607899
00000ad3735ee161
0000000000f4d971
0000000000000181
0000056a3d7985f9
0000056a616b58b9
0000056a9bc4a019
0000056b9f331139
0000056bac735359
0000056c33fc5899
0000056c401d3559
0000056c5d0bfed9
0000056c63447ed9
0000056c983431f9
0000056ccd08d119
0000056d132619f9
0000056d6ef23fb9
0000056d97b057b9
0000056dad8ac859
0000056db3c92379
0000056df0552439
0000056e3cdbf3f9
0000056ef9e096b9
0000056ef9e0a299
0000056f07152279
0000056f20a15bf9
0000056f5db675d9
0000056f7945f3f9
0000056fa7b1d6d9
0000056fb5208119
0000056fb61bdb79
000005701a5d8a99
000005707f01a1b9
00000570aa8c2d79
000005713f3e9039
00000571bb5a1799
00000571f4360359
00000571f4360b59
000005729b2782f9
00000572aebae679
00000ae613c98761
0000000000f4d971
0000000000000181
000005743b11ee19
000005748de36d79
00000574f9862259
00000575580dc5f9
000005756129ee39
0000057573c67719
00000575e3c7f6d9
000005764f5168d9
0000057694c75219
00000576cce56a59
00000576f4fd9959
000005771c423c19
0000057733b3b2f9
00000577422b5c59
000005779aa85779
00000577a8d00ab9
00000577fff81679
00000577fff828d9
000005780da4ae59
000005780da4aed9
000005780da4af19
000005780da4b5b9
000005780fc99319
000005784571ad39
00000578866b0879
00000578898d8b99
00000578979dc319
000005789a004b19
00000579150b7719
000005797470e059
0000057983c00e39
0000057a5b21d259
0000057a9a8e2b59
0000057a9a8e3bb9
0000057a9d4554d9
0000057abd440599
0000057ae0a7e679
0000057b153f7519
0000057b29b4a7d9
0000057b394ec619
0000057b4b5adad9
0000057bb435bbf9
0000057c01f47599
0000057c01f48a19
00000af8b4342c61
0000000000f4d971
0000000000000181
0000057c6b796519
0000057c86efc999
0000057ce2fc77b9
0000057d101bb2b9
0000057d18516fb9
0000057d18517179
0000057d38408239
0000057da3b6f159
0000057dfb148099
0000057e21d68759
0000057e2fd0c859
0000057e4cd71d19
0000057e4f4995f9
0000057eeeac26b9
0000057ef0a05319
00000afe7b60bf61
0000000000f4d971
0000000000000181
