[MCS8 A] 97 FW 3.104 SV 1.257 
range=1024
periods=2
sweepmode=27e20d0
fstchan=0
holdafter=0
streamstatus=3
calreg0=0
calreg1=0
calreg2=0
calreg3=0
swpreset=8000        
prena=1
syncout=0
cycles=18
sequences=1
tagbits=16
vdac0=92c
vdac1=807
vdac2=8c8
vdac3=8c8
vdac4=8c8
vdac5=8c8
vdac6=8c8
vdac7=8c8
timepreset=120.000     
digio=0
digval=0
autoinc=0 
savedata=2 
mpafmt=asc
sephead=0 
fmt=asc
smoothpts=5 
[CHN1]
REPORT-FILE from 06/22/2026 16:51:22.036  written 06/22/2026 16:51:22
cmline0=06/22/2026 16:51:22.036 
cmline1=A1
range=1024
active=1
bitshift=4
cftfak=2580100
evpreset=10          
roimin=0
roimax=1000
caloff=0.800000
calfact=12.800000
calfact2=0
calfact3=0
calunit=nsec
caluse=1 
[CHN2]
REPORT-FILE from  written 06/22/2026 16:51:22
cmline1=A2
range=1024
active=0
bitshift=4
cftfak=2580100
evpreset=10          
roimin=0
roimax=1000
caloff=0.800000
calfact=12.800000
calfact2=0
calfact3=0
calunit=nsec
caluse=1 
[CHN3]
REPORT-FILE from  written 06/22/2026 16:51:22
cmline1=A3
range=1024
active=0
bitshift=4
cftfak=2580100
evpreset=10          
roimin=0
roimax=1000
caloff=0.800000
calfact=12.800000
calfact2=0
calfact3=0
calunit=nsec
caluse=1 
[CHN4]
REPORT-FILE from  written 06/22/2026 16:51:22
cmline1=A4
range=1024
active=0
bitshift=4
cftfak=2580100
evpreset=10          
roimin=0
roimax=1000
caloff=0.800000
calfact=12.800000
calfact2=0
calfact3=0
calunit=nsec
caluse=1 
[CHN5]
REPORT-FILE from  written 06/22/2026 16:51:22
cmline1=A5
range=1024
active=0
bitshift=4
cftfak=2580100
evpreset=10          
roimin=0
roimax=1000
caloff=0.800000
calfact=12.800000
calfact2=0
calfact3=0
calunit=nsec
caluse=1 
[CHN6]
REPORT-FILE from  written 06/22/2026 16:51:22
cmline1=A6
range=1024
active=0
bitshift=4
cftfak=2580100
evpreset=10          
roimin=0
roimax=1000
caloff=0.800000
calfact=12.800000
calfact2=0
calfact3=0
calunit=nsec
caluse=1 
[CHN7]
REPORT-FILE from  written 06/22/2026 16:51:22
cmline1=A7
range=1024
active=0
bitshift=4
cftfak=2580100
evpreset=0           
roimin=0
roimax=1000
caloff=0.800000
calfact=12.800000
calfact2=0
calfact3=0
calunit=nsec
caluse=1 
[CHN8]
REPORT-FILE from  written 06/22/2026 16:51:22
cmline1=A8
range=1024
active=0
bitshift=4
cftfak=2580100
evpreset=0           
roimin=0
roimax=1000
caloff=0.800000
calfact=12.800000
calfact2=0
calfact3=0
calunit=nsec
caluse=1 
;MCS8 #97 Sversion=1.257 Fversion=3.68
time_patch=1
;datalength=8 bytes
;bit0..3: channel# 1..8 ( 4 bit)
;bit4: edge 0=up / 1=dn ( 1 bit)
;bit5 ..57: timedata    (53 bit), max sweep length 2001.6 h
;bit58..62: tag0..tag4  ( 5 bit)
;bit63:     data_lost   ( 1 bit)
[DATA]
0000000000000016
000000002cf3c319
00000000637364d9
000000007173f1f9
00000000972a8499
00000000b7feef99
00000000c5b760f9
00000000da85a4f9
00000000e77443b9
0000000139729719
0000000140fcc619
0000000142ef2bf9
000000014f049879
000000014f04b879
00000001c1eb7dd9
00000001dc4903b9
00000001e4596cd9
0000000203a0e579
0000000232d81499
000000023fcff899
00000002475edf59
000000025785fdf9
000000026cbca419
00000002736cf779
0000000275e085b9
000000028b5aae79
00000002ab97c8b9
00000002bd35d9b9
00000002dc6652b9
00000002f8155259
000000030cf7e199
000000032413b079
0000000327114e99
0000000334178a39
00000003643621b9
000000038c42a659
00000003b1eecc59
00000003d1b3a099
00000003e2725ef9
00000004232dc639
000000042bf3cb39
000000045de7d3d9
00000004622707f9
00000004840e0bb9
00000004a1d06699
00000004a535c7f9
00000004aea981f9
00000004b6002b39
00000004d1637459
00000005040fe079
000000050e028f39
000000055fffe1f9
00000005622da739
00000005758b0539
00000005b3d81d59
00000005bc6734d9
00000005d9d204b9
00000006005a8a99
00000006089822f9
0000000608984319
000000061bfd4b99
000000062e83b2f9
0000000646cd6899
00000006473f60d9
000000064d8418b9
00000006554954d9
0000000681861df9
00000006a0412599
00000006bcd9dc19
00000006c31d8659
00000007143a1039
000000071fd9a3f9
0000000722119899
00000007266360f9
00000007581d71b9
000000075be9f099
00000007601c3a39
000000076af28639
00000007709feb79
00000007756e3b59
000000077ebe2d59
000000079420d2f9
00000007a3584479
00000007a36b71d9
00000007ba2b81d9
00000007d59182f9
00000007fb0c31d9
00000008396f6559
000000083e521c59
0000000845daa1f9
000000084efd7df9
000000087dc9e5d9
00000008817cd359
00000008d7aa5b79
00000008dcf0a979
00000008e6ecb2f9
00000009085fb359
0000000916d18eb9
0000000917463119
000000097a75e939
000000097a9dba59
0000000982feefb9
0000000982ff0af9
00000009a94630f9
00000009a9e01139
00000009b71073b9
00000009c424a819
00000009da7b5fd9
0000000a1862aa19
0000000a334363b9
0000000a39c47a79
0000000a4b385f79
0000000a6555c499
0000000a7f34a1f9
0000000a8c906b19
0000000a99bc8719
0000000a9a116ab9
0000000a9b35c279
0000000ab807e259
0000000ae981acd9
0000000af7ea2cb9
0000000af8cc0619
0000000aff8031f9
0000000b02d332f9
0000000b1ba94259
0000000b1ba94a39
0000000b5e156339
0000000b7142bcd9
0000000b7a361619
0000000b7d5a8f79
0000000bbda139d9
0000000bd40233b9
0000000bd6dee5f9
0000000c01abfb39
0000000c19da1899
0000000c69e7fe59
0000000c7d2ade79
0000000c8d3da8f9
0000000c90734d79
0000000ca36ee0d9
0000000cad0145f9
0000000caefb10d9
0000000cbb4eddb9
0000000cc22893d9
0000000ccda3a2b9
0000000cd2c7f159
0000000ce294ac19
0000000d4075a4b9
0000000d4bc0e7d9
0000000d6c2eaeb9
0000000d7a6bda39
0000000d7b57f5d9
0000000d9ceea1b9
0000000dab5d17d9
0000000dbf917c39
0000000dfdd3cc99
0000000e1b041119
0000000e1b7c13f9
0000000e2ad00fb9
0000000e2e02fe99
0000000e891fc779
0000000e8a90ebb9
0000000ea3d248b9
0000000eadb2e619
0000000eb6dea7d9
0000000ef27ecbd9
0000000f13424879
0000000f1ba04d59
0000000f59532a99
0000000f7326b1b9
0000000f7a652059
0000000f84391cf9
0000000f9cfa0339
0000000faf608019
0000000fb7a0cf19
0000000fec0e07b9
000000103ead5679
00000010594959d9
000000105da061b9
000000106d9b87f9
00000021567be261
0000000001475171
0000000000000181
00000010d0a17b79
00000010d1c64779
00000010daef6d79
0000001124bbb6b9
000000114b693159
0000001166342d99
0000001170d41539
0000001170d42c59
0000001174cfe6f9
00000011977a9739
00000011aec0ced9
00000011be8e83d9
00000011c1804f79
00000011c21ab999
00000011f890b6b9
00000012068ac2d9
000000122df12179
000000124cd799b9
000000125226dbb9
0000001264646c99
000000127a6e0179
00000012808af499
00000012b7203359
00000012b7aff939
00000012c5521319
00000012df6c29b9
00000012ecf40859
0000001344231ef9
00000013465a46b9
0000001351bcefb9
0000001354fc30b9
0000001384fb8ed9
00000013858cb219
000000139bb2c5b9
000000139d635e39
00000013bd04aab9
00000013f9da2b79
0000001403af8fd9
000000142fc188f9
00000014380a7899
000000144bf0e2f9
000000145ad74f39
000000145b2526f9
000000149596da39
00000014c1e6de59
00000014eb751f59
00000014f7c84bf9
0000001544cbfe19
00000015ae14b0f9
00000015b4ae5059
00000015d384b3f9
000000160e070b39
00000016399fca39
000000163b99bbb9
00000016aff89e99
00000016f16f18f9
00000016fbac6479
000000170bd282d9
0000001713c0aff9
00000017459af179
000000177b969559
000000179ba87419
000000179df71b59
00000017ad8c3ff9
00000017ed199e99
00000017f8bb8259
00000017f9694799
00000017fa98bb99
00000017fd4d9699
000000181cf85f99
00000018417af519
00000018b6a3de99
00000018b99480f9
00000018c85cb019
00000018ef0a0659
000000190ae9fe39
000000191f7b2959
000000192ca0f579
000000194b48b379
00000019590405f9
00000019a0e4b519
00000019b298ecf9
00000019cf5a9779
00000019d9df5419
00000019dcbaa299
00000033f6e68461
0000000001475171
0000000000000181
0000001a03e11479
0000001a1fd90d99
0000001a3d0a45b9
0000001a41cf8259
0000001a4cd1d0d9
0000001a4ff23039
0000001a511eb139
0000001a80c2e7d9
0000001a831f3c39
0000001a8e70e039
0000001a976f2619
0000001ab88942d9
0000001ac3592a59
0000001accd78c19
0000001af64d8af9
0000001b01663a79
0000001b9054fef9
0000001b93f76e99
0000001ba2daad39
0000001ba9d00a19
0000001bb9d9ac59
0000001bf6e5d499
0000001c012172b9
0000001c2ed81859
0000001c7a69c8b9
0000001cdf088a39
0000001d0f84d4d9
0000001d146d8dd9
0000001d2e404e19
0000001d4791a499
0000001d49a2fb79
0000001d510a00b9
0000001d70a21df9
0000001d7a378959
0000001d83ab2179
0000001ddcf704d9
0000001ddedbd8b9
0000001dfa670219
0000001e12e6e219
0000001e616a89d9
0000001eab703d19
0000001ebd678d39
0000001ec2c4dc79
0000001ecf1152b9
0000001ed6c785b9
0000001efa6dc6d9
0000001f0ce44b59
0000001f14676fb9
0000001f3d6aa879
0000001f56ba6079
0000001f8fe95e39
0000001faf2ed459
0000001fbecdbab9
0000001fc9399ff9
00000020144b6699
00000020165492d9
000000201e531c99
00000020274e9e39
00000020350646b9
0000002037939219
00000020437077d9
0000002055725759
000000205c4b99f9
000000205c4ba2b9
000000206fbc3a19
000000207227e639
000000207615be19
00000020cd9a13d9
00000020e5842419
000000210a6e9559
0000002123981419
00000021265f56d9
00000021324a9839
0000002139304ff9
000000214da7fd39
0000002157217cf9
0000002159866879
0000002161a469d9
0000002172e92c19
0000002174f8bfd9
000000217effd059
000000217f84c659
000000219660dd59
000000219c46a519
00000021ca74e399
00000021f45f4c39
0000002281de0979
00000022a2554f19
00000022e7813d39
00000022f28713f9
00000022fb562479
0000002319652899
000000234586fdd9
0000004697512661
0000000001475171
0000000000000181
0000002355b59c59
000000237a51bfb9
0000002382f048f9
00000023905f6f79
0000002394026f59
000000239a4328f9
00000023a2f88919
00000023b32a8219
000000240716db59
000000241ba3a519
000000243274adf9
0000002450e94df9
0000002460c59939
000000247b4cd579
00000024806185b9
0000002486cdd479
000000248be142b9
000000248f58cbb9
00000024bc1e2ed9
00000024c2d1d1f9
00000024ca7bf199
00000024e00342f9
00000024e6671319
00000024ed434ef9
000000250bc05579
000000252607dcb9
000000259ff791f9
00000025a3d83cb9
00000025a786def9
00000025b0f0e9d9
00000025baec8f79
00000025e05f6e59
0000002656657299
0000002660f30559
00000026644bf599
000000266532e8b9
000000267b9731d9
00000026a8b866d9
00000026c4b3f2b9
00000026cb4643f9
00000026f4cf9ab9
0000002707bdae99
000000273bcc7099
000000273d84acb9
00000027515eac19
000000276c3270b9
000000279e7d4c99
00000027a2112719
00000027b9ed1c99
00000027e6978d79
00000027fe29a479
0000002813c9be99
000000283ad9e559
00000028aef6b739
00000028b2402159
00000028d42a1059
00000028db134419
0000002900c81559
00000029029defb9
000000290a0be299
00000029294d3079
000000292bd352b9
000000297e281cd9
00000029846bac59
00000029b8f5ba59
00000029ddf5b3b9
00000029f2dccc59
0000002a1a814239
0000002a54125559
0000002a5a4ac759
0000002a79b84ad9
0000002a8cbe1619
0000002aa5ae6359
0000002abf2e1d59
0000002ad55b1ff9
0000002ad5d159f9
0000002b4f842899
0000002b6541add9
0000002b8adda2d9
0000002bb6ab36f9
0000002bb835f6d9
0000002be288d219
0000002bf1c02839
0000002c094196f9
0000002c25c5feb9
0000002c33e18839
0000002c78b247f9
0000002c959e38f9
0000005937bbc861
0000000001475171
0000000000000181
0000002cd72bd059
0000002ce30ef4b9
0000002cec9148f9
0000002cec915a59
0000002d0c9fdf39
0000002d1a16c679
0000002d36deb4f9
0000002d4d43ad99
0000002db5d42299
0000002de7949679
0000002e0d29e499
0000002e1c9cfcb9
0000002e2c2a6b99
0000002e337d00d9
0000002e6c9024b9
0000002e741a9419
0000002e789f1059
0000002e9a86bad9
0000002ea0a4fbb9
0000002ea7f13859
0000002ebde20799
0000002ecb62f079
0000002ed5a6f1b9
0000002ee2462459
0000002eefd715f9
0000002f08e7f619
0000002f288a8219
0000002f2fd572b9
0000002f6358e4b9
0000002f96094439
0000002f9a1c6ad9
0000002fb27dad79
0000002fcc714279
0000002fd38503b9
0000002fed5bd4d9
0000003024ddb3d9
0000003034e529f9
000000305b7010f9
00000030643d7bf9
0000003072f363f9
00000030a554a579
00000030b254c659
00000030be645179
00000030fe6f3839
0000003111d83ef9
00000031255232b9
000000316c9570f9
00000031788caa39
000000317cfbeef9
00000031bc446cb9
00000031ec07c959
0000003204874f39
000000320d73fd39
0000003225861e99
000000322c414439
00000032340b23d9
0000003244907999
00000032478bdad9
00000032490bad99
0000003263eada99
000000326f3db279
000000327bc3fed9
000000328508dcb9
00000032949cef19
00000032b5c54c19
00000032bdbf33d9
00000032dd49b1f9
000000334236b699
000000337ab0bed9
000000337f79d559
00000033bbd817f9
00000033dfa33039
000000341dad1579
000000342061f739
0000003420624779
0000003433ab9dd9
0000003434ec1939
00000034637836f9
000000346eec8f99
0000003479200979
00000034a1aea2b9
00000034ba4e8399
00000034c4ef6c19
00000034d18c5299
00000034d40fa859
00000034e5663fb9
00000034ef87d759
00000034f046b519
000000350e791359
0000003525a77ff9
000000353f86c179
000000354d53a959
000000355aca91f9
0000003571e1a0f9
00000035d9254419
0000006bd8266a61
0000000001475171
0000000000000181
000000361d233659
000000361d932659
0000003628105f19
000000362c3929b9
000000362fbf5459
000000363cfa65f9
00000036799d6979
000000367d03e299
00000036a4518d99
00000036d06602d9
00000037198bc139
000000371deb8839
000000372e876ed9
000000373f9e4879
0000003746a256b9
000000377dceee39
000000378e435379
000000378feba8b9
0000003793729dd9
0000003793729f99
000000379fcce199
00000037e3489b59
000000380103d339
0000003819344919
000000381f9f3bd9
000000385b6b3419
00000038667c0779
00000038b8cf1799
00000038bb961b59
00000038e6f28419
000000391066a8f9
0000003917a50ab9
000000393e528159
0000003947ac3459
000000395a029919
0000003975d58459
000000398e622bd9
00000039a238deb9
00000039a643b919
00000039bc0900d9
00000039db9b08b9
00000039e5c87379
0000003a14ab4919
0000003a519e2559
0000003a6fbe2959
0000003a6fd98b99
0000003a90461399
0000003a920e56d9
0000003acbe9ca59
0000003acf858879
0000003aee6b3cb9
0000003aef0ca9b9
0000003af64f51b9
0000003b1a8497b9
0000003b30bff159
0000003b3d913879
0000003b7da9dff9
0000003b9fa15579
0000003bbd003a99
0000003bbdd49bf9
0000003bc6763439
0000003bd97d7a59
0000003be56e5b39
0000003c0d8e7dd9
0000003c0deb1999
0000003c0f1227b9
0000003c437bc7d9
0000003c4bcf3499
0000003c69f78c39
0000003c94f32ef9
0000003cb86022f9
0000003cb9b51ff9
0000003cce366979
0000003d19904cf9
0000003d432bb1f9
0000003d44b3e6d9
0000003d4b216179
0000003d541a6e39
0000003d72d729d9
0000003da0816fd9
0000003db84bea19
0000003de6a53519
0000003e26fc9cd9
0000003e35925a59
0000003e3802ba19
0000003e60ce8ab9
0000003e6104ba59
0000003e924d42b9
0000003e938c4619
0000003eb38032b9
0000003ed972fdb9
0000003ee2d7bd99
0000003eff4cfb99
0000007e78910c61
0000000001475171
0000000000000181
0000003f6d97add9
0000003fb4f23a79
0000003fed0cbf19
0000003fedfb1f79
0000003ff14cdfb9
0000004016f4cf19
000000402e36c159
000000403fef1719
00000040553689d9
0000004058ef5b59
0000004099dee579
000000409b311799
000000409b3129f9
00000040d293da99
00000040d31e7a99
00000040d7f78399
000000412a8e4839
000000412ab92339
000000415995d659
000000418c178359
00000041d567a7f9
00000041f009f379
00000042094df6f9
000000424253f819
000000425ad8faf9
0000004270324df9
0000004289123779
00000042dd850759
00000042e09acf39
00000042f21a1f39
00000042f2453339
000000430404eeb9
000000430e3c88b9
00000043219c3ad9
0000004379480ff9
0000004390009ef9
00000043bbb70df9
00000043bf635e79
00000043c6585df9
00000044383597d9
00000044555f9cb9
000000445bf6ea19
000000445e3bbff9
0000004460dbd719
00000044817e9419
0000004492aba919
00000044a51cca39
00000044af5c2539
00000044bac75b39
00000044be3cf7b9
00000044d5ca2db9
00000044d84c06b9
000000450be5c419
0000004512c17139
000000451aed6699
00000045553639f9
00000045578e3679
000000455d8ec279
000000455ea43879
000000456dc7f079
000000457f6470b9
000000458c735cb9
000000459091d899
00000045c057ef19
00000045cf61f8b9
00000045ebd548d9
00000045ef549139
000000460b48cab9
0000004616b47b59
000000462802ac79
0000004644c0d659
000000465a562159
0000004676da78b9
0000004680678559
00000046a16b21d9
00000046abc70419
000000470f8542d9
0000004718f94619
000000472cf823d9
000000476b0d3619
000000477c3b0239
000000477c3b28b9
000000479b2ee699
00000047b1d94559
00000047c9b43079
00000047f82507d9
0000004812fe36b9
0000009118fbae61
0000000001475171
0000000000000181
0000004894f095b9
00000048953d3679
000000489c571e59
00000048b3223359
00000048b5c16b79
00000048bc031bd9
0000004940d435f9
00000049754a8479
0000004981327019
000000498e3fd559
00000049c8a0c539
00000049ca7fa859
00000049daaee859
00000049e7232cf9
00000049eac5b699
00000049fdbbdb39
0000004a2cffde59
0000004a7cde13b9
0000004a8d066ed9
0000004a98d1d8f9
0000004ab58f0399
0000004adf995d99
0000004af2f668f9
0000004afd52b399
0000004b0f48c159
0000004b33b16459
0000004b7e2cfe39
0000004b9a6ac4b9
0000004b9deb4599
0000004bd5d50cd9
0000004bfdb73679
0000004c25a5e379
0000004c27905e79
0000004c27ccded9
0000004c32d52db9
0000004c6023a139
0000004c759acdd9
0000004c759ae599
0000004ca2bfbf79
0000004cbc079959
0000004cce9a6119
0000004cf34a2999
0000004d056cedd9
0000004d2731a659
0000004d97751f19
0000004da3f14619
0000004dc801bc79
0000004dc96c18f9
0000004df5bde0b9
0000004dfa36ba39
0000004e0340d419
0000004e0bfd2359
0000004e19c80759
0000004e20c83e99
0000004e32c406f9
0000004e3d0799d9
0000004e5a43a3f9
0000004e7bc11c79
0000004e846f16b9
0000004e8dd7df99
0000004e928660b9
0000004ecd922439
0000004ed7c69419
0000004eec50e439
0000004f02a40fd9
0000004f0a2fcf19
0000004f0ccc5d19
0000004f2a33e4d9
0000004f3af8ea79
0000004f776cb279
0000004fe029c3f9
0000004fe7211e19
00000050046d2019
00000050256d00d9
000000502db68519
00000050490dd6f9
000000507ef874f9
00000050c78f3bd9
00000050c8401579
00000050e222f8d9
00000050f8cfc299
0000005102248c19
000000511c9721b9
0000005154114d19
0000005176193059
00000051a3d4f0d9
000000a3b9664f61
0000000001475171
0000000000000181
00000051ed676839
0000005212f80b19
0000005249176ed9
000000525fa87a39
00000052631a2779
000000526b1f4059
000000529f1c7d59
00000052a5132c99
00000052b4b74739
00000052c6e90439
00000052d4c4c1b9
00000052dc19ffb9
00000052eb5a6519
00000052f65ad619
0000005309f7e4b9
000000530ddde699
000000532d6bceb9
0000005339388d19
000000536536d679
000000537693c6d9
00000053a6796d79
00000053d23ae599
00000054448a6399
000000544cfbdcb9
000000545a746699
00000054939ab579
00000054a50dd439
00000054c7364659
00000054dad0bb79
00000054e32bd1f9
0000005534da7f39
000000553b9d4ad9
000000553e3149d9
000000555249f479
00000055608f2219
0000005593a43199
00000055a74e21f9
00000055ca711ed9
00000055cff36719
000000564f554199
000000565652e5d9
000000565652ee99
000000565e71b6d9
000000566af721b9
00000056bcf7d219
00000056c2ca2e79
00000056df629cb9
00000056f89f7739
0000005718100419
000000571e7bf279
00000057370fdad9
0000005760b63259
000000577988de59
0000005782778e39
00000057830e70b9
0000005787e4bd99
000000578aae3ab9
0000005796039699
00000057b962af99
00000057ce17f2b9
00000057d6f6bdb9
000000580100de79
000000580fe76b59
000000583d96bcf9
000000587371e0d9
000000588c2a1839
0000005898829e19
00000058a46313f9
00000058bc989959
00000058c204ead9
00000058d0c73239
00000058db7b4139
000000593e3c4f79
0000005963ee39f9
000000597c711c39
000000598bca1e79
00000059babe0439
00000059f27912f9
0000005a29740179
0000005a552877b9
0000005a9047fa19
0000005ad13518b9
0000005aed885e79
0000005b106d9bd9
000000b659d0f161
0000000001475171
0000000000000181
0000005b48539ab9
0000005b62572219
0000005b7ecb5779
0000005b83985b19
0000005bb6a9df19
0000005c18f95b59
0000005c195b1719
0000005c31d2cf19
0000005c34707f59
0000005c4b233e79
0000005c4f78c059
0000005c8e24ab79
0000005cb048cc79
0000005ce22f17d9
0000005ce81997d9
0000005cea29fe99
0000005d2eaa6c99
0000005d516e8059
0000005d80759ad9
0000005d9732d279
0000005da215bdb9
0000005da89e2cb9
0000005de6ca8259
0000005e1423b6b9
0000005e59faa959
0000005e59fabb79
0000005e5f109ef9
0000005e6ba6df79
0000005e7077e0f9
0000005e9b974c19
0000005ea3dbfd39
0000005ea68a1159
0000005eba2ccd79
0000005f3985ac99
0000005f5455da99
0000005f934570b9
0000005f99813e59
0000005f9dd40359
0000005fa75f1259
0000005fc4bed779
0000005fd2ccee59
0000005fdf562919
0000005ff36a1cb9
000000600e376b59
0000006020a37a59
0000006020ff35b9
000000602bffc499
000000604c5d0c99
00000060587eb7f9
00000060765f2b39
00000060802661d9
0000006091b7aed9
0000006099e23c39
00000060af2876d9
00000060b09ce179
00000060bc5a1419
00000060d8ec9eb9
00000060de3eb3d9
00000060e9104a59
0000006108758719
000000611f31d399
000000612506f619
00000061522d5139
000000616d09a819
00000061f2d16679
00000062397c1539
000000623a6f6099
0000006298432c19
00000062d0e8b2b9
00000062dce4ba39
00000062dde72df9
00000063025f6c79
000000630f229799
0000006325006f39
000000634abd0fd9
00000063615989d9
00000063806d5779
000000638cb8cc79
0000006399f3fa59
000000639c280b79
00000063a6829779
00000063b99d7019
00000063d7707079
00000063e1a4d6b9
00000063eb480bb9
0000006410a0ecb9
0000006415d1cb39
000000646bb63f59
000000c8fa3b9361
0000000001475171
0000000000000181
000000649d64e2d9
0000006507131899
000000650d8997f9
00000065283bf8b9
000000656893b579
00000065691295f9
00000065743a40b9
000000658430fa79
000000658d4ab5d9
00000065a110d8b9
00000065b2624139
00000065caf5ecd9
00000065ddef2239
000000661d56d2d9
0000006684d18b59
00000066a96d0f79
00000066b946ca79
00000066d22771b9
00000066f79b7239
00000067060505b9
000000671761c4f9
00000067176ccdf9
000000672314ce19
0000006733789eb9
0000006734454ff9
0000006736d8a319
0000006746de5bd9
00000067639a4379
000000677d4e09d9
000000677ec63b59
00000067991942b9
00000067a80170b9
00000067b5cedb19
00000067dc524df9
00000068086e9719
0000006848835ed9
000000684a051499
0000006851165779
00000068593a3e19
0000006889f5a799
00000068a5fce6f9
00000068d436f1f9
00000068ee3ae459
00000068f86d7ad9
000000690fa39059
000000691c8e6479
0000006925986619
0000006925b64b19
0000006974f435d9
00000069953b1bf9
00000069a90d7c19
00000069df425cf9
0000006a12630579
0000006a191700b9
0000006a291b9499
0000006a432e33f9
0000006a61e8a7f9
0000006a7f332f19
0000006a9747c759
0000006a9e552859
0000006aa9f89679
0000006acc1819b9
0000006acc9713b9
0000006b3ead3519
0000006b3ead36d9
0000006b5cbf5ef9
0000006b7230d459
0000006b9b793d59
0000006bc28ed339
0000006bdd83d6b9
0000006c174856d9
0000006c2e354839
0000006c2f5ad4d9
0000006c5226e019
0000006c6be77b39
0000006cab7e6279
0000006cc7e9ea99
0000006cd9172d39
0000006cf048adb9
0000006d0bef6af9
0000006d1baa2339
0000006d2759ca19
0000006d5a0cfe99
0000006d754b8779
0000006db0654ab9
000000db9aa63461
0000000001475171
0000000000000181
0000006dd43fc459
0000006df9d85b19
0000006e145f6399
0000006e2dc09239
0000006e4cf02a19
0000006e5aff7799
0000006e71ef11b9
0000006e9f67cfd9
0000006ec5dbf299
0000006f076f3859
0000006f08902ed9
0000006f252375b9
0000006f3ddb31b9
0000006f414abed9
0000006f5abda059
0000006f64825599
0000006f85696279
0000006f9bfc48b9
0000006fe5047859
0000006fe606dbd9
0000006fee301d79
0000006ff161b379
000000703e605639
000000704e4330f9
000000708659c499
00000070981b0bf9
00000070a3b140b9
00000070cabfc519
00000070cceebcf9
00000070f0442d19
0000007143c5f5f9
000000717c309319
00000071aad41779
00000071b4271b99
00000071dc0e7659
00000071e2f64bf9
000000720c6e5eb9
00000072339a2db9
000000727f62b759
0000007295f6ff59
000000729702cf39
00000072b8b76039
00000072badd28d9
00000072c1a549f9
00000072deb532f9
00000072ec25fbf9
00000073053c6119
000000730ef52539
000000733f772b99
0000007366cb34d9
0000007366cb4eb9
0000007378542819
00000073c0f1c5d9
00000073e5257299
00000073f222b359
000000740fdf2c99
000000740fdf3a79
00000074193c4a79
00000074a6626839
00000074b8159f79
00000074e1a9f979
00000074ecb5ba99
00000074f3ec1459
00000074f7c93cf9
00000074fd647579
000000751cfdd919
00000075246d2f59
00000075a3602459
00000075a8a3a899
00000075ae20e4b9
00000075ca5b9e59
00000075d53ea0d9
00000075efba51d9
000000763079cf19
000000764bb7f9b9
0000007655ed1d19
000000767199d899
00000076876fc439
00000076b2024a99
00000076f0612ed9
000000ee3b10d661
0000000001475171
0000000000000181
00000077237eb659
0000007743558719
0000007759807cf9
00000077871c4339
000000778d792b39
00000077f23ddcf9
0000007806a33ff9
0000007808446cf9
000000780ae72fd9
0000007852773739
000000785c3348f9
000000785c9dcc59
000000787c0b1559
00000078d2b4d459
00000078f5e0ff39
0000007916b91db9
000000791f3cb5d9
000000792add8ff9
0000007936633559
00000079385f04f9
00000079509c7499
0000007956fb1e19
00000079585b80b9
000000795ab4ca79
0000007963b1e0d9
000000797d3e26f9
000000798bdce7f9
00000079acad37f9
00000079b5631139
00000079fc6a95f9
0000007a197eb559
0000007a2c997a99
0000007a55510339
0000007a587f1459
0000007a91f63d19
0000007a95180539
0000007a95a3f8f9
0000007ac8d5cad9
0000007ae3f83c79
0000007ae45271f9
0000007af0fdc599
0000007b423d54b9
0000007b44fd8ab9
0000007b5bbdda79
0000007b997f9a59
0000007b9d28c919
0000007b9e22d539
0000007bf909f819
0000007c1c442df9
0000007c2b1c20d9
0000007c344ab0d9
0000007c55949579
0000007c6b34e519
0000007c8061cd39
0000007c9de697d9
0000007cb276b579
0000007cdf2bca59
0000007d1c0369f9
0000007d71e892d9
0000007d71e89b19
0000007d7da60d99
0000007d9e3ce719
0000007dc3287239
0000007df7384819
0000007e03cf0df9
0000007e07c12a79
0000007e1b4a6119
0000007e25d194f9
0000007e411df4b9
0000007e435e6419
0000007e62fd6139
0000007e6ab9beb9
0000007eae138079
0000007ecd612319
0000007eed5da719
0000007ef82e8c99
0000007f13de8a19
0000007f13de8bb9
0000007f16004f19
0000007f4f6a4299
0000007f50950a39
0000007f520dcf19
0000007f9baf9659
0000007f9ce8d799
0000007fa481f139
0000007fb30939f9
0000007fd97e76b9
0000007fdba04839
0000007fe56a2899
0000007fe89bd319
0000007ff61cbb59
0000008002ed3d39
000000800871c419
0000008024216479
000000804a719919
0000008060e38d19
00000100db7b7861
0000000001475171
0000000000000181
0000008071668799
00000080d3492399
00000080df2be5f9
00000081141ab1d9
000000811708c5f9
00000081289de559
000000812d5a0e79
0000008140402819
0000008150a1b8f9
00000081534d5b99
00000081a4c011f9
00000081a9a46699
00000081d0dc3359
00000081d6a516b9
00000081d753f059
00000081f0abb939
000000820a4ab819
0000008214356c19
0000008237ded0f9
000000824a8d2159
00000082627eab99
000000829d2e1779
00000082aa7699f9
000000830d172a79
0000008337d37b39
0000008344d525d9
0000008366d9f159
000000836e9c5ad9
000000836fc28ef9
0000008370328339
00000083aa87b3d9
00000083c56ad5f9
00000083d0d10d99
00000083d6cb81b9
00000083d91390d9
00000084127e3959
000000841562b019
0000008422b8c0f9
0000008429e0b799
000000845161be59
0000008469bc2d39
000000847e1546b9
0000008482815f79
00000084828170b9
00000084aeeec3f9
00000084d70d74d9
0000008520cb66b9
0000008525b99199
000000855549ff39
0000008573b55519
00000085c3051db9
000000861f5e2559
0000008622d7eb79
000000869c121559
00000086e580d299
00000086e89fd299
000000870b08d619
000000871c3a6c19
000000871f3af999
0000008751fd5139
0000008796316579
000000879bdb6d99
000000879d6389d9
00000087c9f27d79
00000087f5eb5919
0000008810807559
0000008818228d19
00000088369df839
0000008836d57ad9
0000008848283e39
000000889db70d19
00000088cb05e339
00000088cdf637b9
000000890a24a9f9
000000890ff9fdf9
000000891839fc59
0000008918b632f9
000000893bd36e79
000000894c2c39d9
000000894f6c8119
000000895f3aeb59
00000089821a8979
00000089952c3439
000000899882ac99
0000008998bf4d39
00000089a12763d9
000001137be61961
0000000001475171
0000000000000181
00000089e247f2d9
00000089e55969b9
0000008a1c9a70f9
0000008a21373519
0000008a254394f9
0000008a46a11d99
0000008a50b36999
0000008a6f739179
0000008a8fc9a179
0000008aba494fb9
0000008acbaea199
0000008ae8128d39
0000008b23709b19
0000008b2623b259
0000008b4eac9a79
0000008b6dbaced9
0000008b7446ceb9
0000008b78505519
0000008b9251b1f9
0000008b930bceb9
0000008ba5f3b9d9
0000008bb2c6d159
0000008cb11c8b39
0000008cd9fe5df9
0000008cd9fe72b9
0000008cfc1710d9
0000008d5f408b79
0000008d6c6cc979
0000008d8ceede59
0000008dc69ce559
0000008dcfd1cd59
0000008e385f55f9
0000008e431b5759
0000008e448cae39
0000008e69eb9759
0000008ed6a19699
0000008eead74d39
0000008f1de6efd9
0000008f256391d9
0000008f72ff2279
0000008f7d0be099
0000008fa8f5f1f9
0000008fbd4edaf9
0000008fd66a57f9
0000009009005719
000000903d68c4d9
0000009095bc99f9
00000090a87cdb39
00000090b4da96b9
00000090e50c1cf9
00000090fced3979
0000009145e0ef39
00000091962efdf9
0000009196796119
00000091b2088d59
00000091bb218ed9
00000091e8ed3299
000000920d11e9b9
000000920fe418f9
00000092596c8919
0000009298a5da19
000000929b4e2619
00000092a9e8a199
00000092b01f7ed9
00000092b6fd4c99
00000092b9816b79
00000092ddc70df9
000001261c50bb61
0000000001475171
0000000000000181
0000009314661bb9
000000932673dbf9
000000935a986e59
000000935ece8e19
000000937acf6319
000000938a45d599
00000093a53a7659
00000093a53a87f9
00000093eda15459
000000940efdecf9
0000009412573c59
0000009436d1ecd9
00000094479340f9
0000009493e13299
000000949becdc79
00000094b5412979
00000094c1437099
0000009510f218f9
000000951ee9bd79
0000009539aafe79
0000009550e3a5b9
0000009562a71659
000000958e162319
00000095c2bac639
00000095c726c819
00000095d3e4e4d9
00000095eda5fe79
00000095fe9cc659
0000009600c95879
0000009612ffe3d9
00000096137f04d9
000000965aca0b99
000000965db435d9
0000009668a86d59
000000969e292599
000000969f07f239
00000096acaf04b9
00000096bcd626d9
00000096beb516d9
00000096c936ffb9
00000096d79fb2d9
000000970d255bd9
0000009724cc09f9
000000973f9f5ad9
000000977031b279
000000977c833859
0000009789b84bb9
00000097f008ded9
000000982856a3d9
000000982b337959
0000009833fff1d9
00000098460e7359
000000985511e8f9
000000987ad9d5f9
000000989a7b7db9
000000989ef51c39
00000098d8902439
00000098e7d124b9
0000009900a5c439
00000099279a3fb9
000000992fcdfef9
00000099466e72d9
000000995e1934d9
000000996416fb59
00000099800ba8b9
000000998dd25099
00000099a920e799
00000099ffe793b9
0000009a20618bd9
0000009a756019b9
0000009aa1573159
0000009acf3f1179
0000009b166d0eb9
0000009b2f38bc99
0000009b3a7c81f9
0000009b43a568d9
0000009b60bb50f9
0000009b88876159
0000009b90dfc0f9
0000009badb23139
0000009bb5513939
0000009bc04d3279
0000009bd0e4ef59
0000009be84fb759
0000009bebc95739
0000009bf1182059
0000009c113e60d9
0000009c3cc5b679
00000138bcbb5c61
0000000001475171
0000000000000181
0000009c89f86399
0000009c9ae89c19
0000009c9d63d0b9
0000009ca04b1919
0000009cadc792d9
0000009ceedb58b9
0000009cf7ce84f9
0000009cff5015f9
0000009d02405699
0000009d3aafd599
0000009d43293ad9
0000009d4b42fa19
0000009d4b931bf9
0000009d525729f9
0000009d5f9bb0f9
0000009d817b81f9
0000009d887be2d9
0000009d9d660b79
0000009dab7a7d79
0000009dd2e24eb9
0000009e1241ff39
0000009e2f66e519
0000009e37a97fd9
0000009e65630179
0000009e67a97bf9
0000009eb954e2b9
0000009ec45b1c39
0000009ed3eedb19
0000009eda85e5f9
0000009f0f8accf9
0000009f16ae69d9
0000009f1982e0d9
0000009f489e7639
0000009f55c7d7f9
0000009f60693559
0000009f749bd7f9
0000009f8487a0b9
0000009fa8652f59
0000009fad383239
0000009fb12db9b9
0000009fc1e7bd19
0000009fce8f8d59
0000009fd3157a99
0000009fdf32b6b9
0000009ff1f42a19
0000009ff2488499
0000009ff290c499
000000a005885f79
000000a03ecc56b9
000000a042285819
000000a056687b59
000000a085be7939
000000a0908f2079
000000a0a64b4979
000000a0a76bedb9
000000a0eb524e79
000000a0ff1ff4d9
000000a1137129b9
000000a132966559
000000a1338159d9
000000a15663cb39
000000a184d05159
000000a190a485d9
000000a1947cf8b9
000000a19a767999
000000a1a16a74d9
000000a1c88b5339
000000a1fa389bf9
000000a211e64499
000000a2191cf0b9
000000a23fad4cb9
000000a2535acc19
000000a29e0e17d9
000000a2a1168039
000000a2bda97a39
000000a2d72267f9
000000a2f7e45d99
000000a2f84c8eb9
000000a3399b7219
000000a347743c59
000000a37dd6fbb9
000000a3a94014b9
000000a3b9bc27b9
000000a3bb2eb199
000000a3f96954d9
000000a41d813b39
000000a449672af9
000000a45ef7c9d9
000000a47675af79
000000a476760359
000000a49d8eda79
000000a4c3421699
000000a4cbfd54f9
000000a4ddca0399
000000a4e209bf19
000000a4e3333079
000000a4f9a63a19
000000a5467c2219
000000a5674aff59
000000a599218019
000000a59a5bc139
0000014b5d25fd61
0000000001475171
0000000000000181
000000a5b0e3c6f9
000000a5fc67ca19
000000a635336359
000000a63d782079
000000a6d26d20f9
000000a6d77a7f19
000000a6df6eded9
000000a6e0520999
000000a6e179af99
000000a6e2752d99
000000a6f1ea5719
000000a6f2d0b3d9
000000a6f7953619
000000a70bd8e6b9
000000a70fd71a79
000000a710667db9
000000a719047219
000000a71d64dc59
000000a74e844c79
000000a76c06ff19
000000a77ce50a39
000000a783cf4a19
000000a79e0349f9
000000a7be15d339
000000a7c8618e59
000000a815e4e239
000000a823467f59
000000a8372e2af9
000000a853d14cd9
000000a86dfed8b9
000000a87e4194b9
000000a8ad960f59
000000a8bc3413d9
000000a8be5f54f9
000000a8c9b92ef9
000000a8e3c00159
000000a8fc512ed9
000000a901bc8cf9
000000a913421a39
000000a92795b4b9
000000a92bf16399
000000a92d4f50f9
000000a95907d3f9
000000a9a03d9d39
000000a9a45b5519
000000a9b51aba59
000000aa091d21d9
000000aa2ce9a639
000000aa342fb839
000000aa4162d159
000000aa4df75bb9
000000aa6fe89799
000000aa7372dc59
000000aa7420cbd9
000000aafbbe53d9
000000ab04bf23d9
000000ab0cdc3759
000000ab5a7c3519
000000ab6d4cbf79
000000ab70195d19
000000abb704a599
000000abc6936e59
000000ac1e8c5639
000000ac5259b0f9
000000ac689bdaf9
000000ac70a10ff9
000000ac877e4d79
000000acb0454af9
000000acb8e4e919
000000acbda09e59
000000acbda0b359
000000acd04b2319
000000ace81114d9
000000acfc7fe379
000000ad03ac1339
000000ad0f287d59
000000ad2dbaa959
000000ad7578db99
000000ad806ecab9
000000adb74844b9
000000add3baacb9
000000ade7ea28d9
000000ade905ea79
000000ae08019b99
000000ae22870559
000000ae22872019
000000ae26a85b59
000000ae4f7e4b59
000000ae5d631279
000000ae85714099
000000ae8daa2a99
000000ae9df624b9
000000aea0d61879
000000aea49f2a59
000000aeaef23bf9
000000aedc2bd7b9
000000aef118dff9
000000aefcc812d9
0000015dfd909f61
0000000001475171
0000000000000181
000000af2ddef959
000000af62eeb599
000000afbe859cb9
000000afbf6e4779
000000afc00339f9
000000afd2df83f9
000000afd63ca6b9
000000afde0361d9
000000b00ad525b9
000000b019d4c059
000000b01a26a819
000000b01f1ac8b9
000000b05eeb5a39
000000b0b9cb2c19
000000b0f4117fb9
000000b0f8b21c59
000000b124cf9459
000000b17ad80219
000000b1916a0239
000000b1916a1279
000000b1b0093e99
000000b1b9f0edb9
000000b1f4536af9
000000b1f5c28399
000000b211a63cb9
000000b21e2ae979
000000b23a845d39
000000b255af10f9
000000b28b2c6a99
000000b29b3a9659
000000b2c482db59
000000b2c8f9c899
000000b2d0eb4af9
000000b2dc426ef9
000000b2e585b639
000000b2f89b96f9
000000b30be650f9
000000b30e577ab9
000000b31be0dd19
000000b346b813d9
000000b37c967119
000000b38c018479
000000b3ad90b5b9
000000b3d0cf8119
000000b3eaa917f9
000000b3fc9d1839
000000b4242b1639
000000b4318d9b59
000000b431ba3139
000000b4431c7119
000000b46f2915f9
000000b494727339
000000b4a5e1abb9
000000b4e1992599
000000b523b2c239
000000b571dcdfd9
000000b57d5fb399
000000b581d66a39
000000b5a8abd199
000000b5e205b359
000000b669963fd9
000000b6ada53af9
000000b6c61398d9
000000b6cec4e859
000000b73e9e5d59
000000b74f190e19
000000b798ecd2b9
000000b7afbf25b9
000000b7c5095899
000000b7d9431e99
000000b7fc489e59
000000b814376cb9
000000b8311550b9
000000b84318e8d9
000000b84bafb879
000000b84cf58fb9
000001709dfb4061
0000000001475171
0000000000000181
000000b86b6c1cf9
000000b87cd9a2b9
000000b8857964b9
000000b8891eba79
000000b8cbc680f9
000000b8da1e6779
000000b8e63d43f9
000000b8efdb5779
000000b90ea08f79
000000b96c3fbf19
000000b9a8e724f9
000000b9b4e01c59
000000b9d5c67df9
000000b9eda64cf9
000000ba57f4e019
000000ba65c7b719
000000ba72731259
000000ba8f859d99
000000ba93a89c59
000000ba9ec8f6f9
000000babb69c599
000000bacbf06c19
000000baceb7ab99
000000bad920cb19
000000bae7270b39
000000bb0827abf9
000000bb0da02df9
000000bb1a977079
000000bb3c0c82d9
000000bb4950da59
000000bb8925c6d9
000000bb94340cb9
000000bbaff521d9
000000bbb9e5fdf9
000000bbcd163f59
000000bbef6ed239
000000bc2cb5f5b9
000000bc3a7dd399
000000bc741afeb9
000000bc94510a79
000000bcd69f8e19
000000bcdb828fb9
000000bcf0a53b79
000000bd01331e99
000000bd02857139
000000bd16b93af9
000000bd3ac7ff59
000000bd63b15559
000000bdb0350759
000000bdff100b39
000000be08f85839
000000be21766cb9
000000be403a5619
000000be96568359
000000beaf095139
000000bec4e3ec39
000000bed1b2d3d9
000000bedfd72d99
000000bf1664b719
000000bf1997bdd9
000000bf22d9c7b9
000000bf27321db9
000000bf2fb01b79
000000bf374e3e39
000000bf4d2badf9
000000bf4d2bafb9
000000bf5c690d19
000000bf9f37eb59
000000bfa3421f99
000000bfcaaf47b9
000000bffa197fb9
000000c037f651d9
000000c05f8a8019
000000c06e069259
000000c07ae756f9
000000c0a5542739
000000c0bafde979
000000c0c2fe3df9
000000c0cc091a39
000000c0d31d56f9
000000c0e3f6af99
000000c0ea2fb899
000000c101da20b9
000000c1275ab759
000000c1560e4c19
000001833e65e161
0000000001475171
0000000000000181
000000c1b2642d59
000000c1c31c3919
000000c1d5682059
000000c234134499
000000c257e7db19
000000c263d7e499
000000c28a247d79
000000c2fd7be0b9
000000c3386579b9
000000c339725939
000000c36392f4f9
000000c39ec06d39
000000c3a4b2eb39
000000c3b4a43359
000000c3c48d80d9
000000c3cee341b9
000000c3f1e935d9
000000c3f3451cf9
000000c3f6895199
000000c3fed06779
000000c41318f399
000000c41677a2f9
000000c41e4170b9
000000c43473c479
000000c43f51ad39
000000c448f81b59
000000c449aa9599
000000c45aa26c39
000000c45d9a8c19
000000c45ecb9879
000000c465385a19
000000c488082119
000000c49130dcd9
000000c50c4151d9
000000c51a6d4279
000000c54dfa9299
000000c562d215f9
000000c56e14d2d9
000000c57a05c4f9
000000c58acbd0f9
000000c59a7bb1b9
000000c5c8132a59
000000c5cfcd64d9
000000c5dc59bbd9
000000c5f5efda19
000000c620f123f9
000000c63a35c5d9
000000c642c342f9
000000c651d31d19
000000c6799850b9
000000c680dc2539
000000c68a70e899
000000c68a70f9b9
000000c68db17e59
000000c6a947fa99
000000c6db1f6f59
000000c6f32b7eb9
000000c6f67209d9
000000c720078f59
000000c721d76679
000000c729dc4ad9
000000c741821979
000000c75321b0b9
000000c79172fa19
000000c79b9d0799
000000c7d96db579
000000c7f2121199
000000c80bb5fab9
000000c81bdbf079
000000c82464a6f9
000000c827bbf4b9
000000c8410241f9
000000c84468f439
000000c89afa3eb9
000000c8a91b7299
000000c8c247c099
000000c8cec56f39
000000c8e3937719
000000c8fa7b6419
000000c90b7e8479
000000c9457839b9
000000c985508f39
000000c98730ce59
000000c98bd7ab99
000000c99aa0cc99
000000c9a9f8c839
000000c9aecbc939
000000c9ec382139
000000c9fbba3179
000000ca0724b6b9
000000ca397a2a99
000000ca45cba3d9
000000ca6f6ddc39
000000ca7199d119
000000ca829b53d9
000000ca8755d539
000000cab6c314d9
00000195ded08261
0000000001475171
0000000000000181
000000cb05712e39
000000cb2736e9d9
000000cb41152019
000000cb4a61beb9
000000cb6ce6ff99
000000cb9ff3a439
000000cbb16582d9
000000cbe0937f59
000000cbe90595b9
000000cc16c8b679
000000cc2634abf9
000000cc2fb282b9
000000cc476fac19
000000cc6d733939
000000cc7ed1f659
000000cca66c7139
000000cccf31ea19
000000cce0078059
000000cce0787479
000000ccee09f5d9
000000ccfca0def9
000000cd10c150f9
000000cd61a23eb9
000000cd6d191cd9
000000cd8a2fbd59
000000cda795d819
000000cdb05e97b9
000000cdbb628d99
000000cdc0f503f9
000000cdcf78cc79
000000ce2db75279
000000ce409d00d9
000000ce6d991419
000000ced7efc0d9
000000cef084af79
000000cf259e1e39
000000cf25ddb759
000000cf2f02b0d9
000000cf42655299
000000cf52a29099
000000cf9aa244b9
000000cf9c5bca59
000000cf9cec9519
000000cfa9c7c519
000000cfecd7a4f9
000000d00d7611b9
000000d01460b4f9
000000d0292bfdb9
000000d04e8db799
000000d05c111df9
000000d06b2ff659
000000d06c7a4e79
000000d06c944f39
000000d07048f4b9
000000d074ef81b9
000000d097444899
000000d0b9a84fd9
000000d0bc009539
000000d0ce6440b9
000000d0e12096d9
000000d109622999
000000d1253ff079
000000d125eb7679
000000d17a578739
000000d17ec74159
000000d17ec742d9
000000d1b2b6d319
000000d1c1384919
000000d1c9f13dd9
000000d1db7305d9
000000d1fa9f6939
000000d20be45d99
000000d21abc8179
000000d223275ab9
000000d22698ded9
000000d227e88ef9
000000d256458759
000000d269e567b9
000000d27930ecf9
000000d2869b59f9
000000d2e8ea2679
000000d3039f53d9
000000d31fa96a59
000000d34375f899
000000d35efbd479
000000d36384e8f9
000000d394228eb9
000000d395112cd9
000000d3a0a221b9
000000d3afb03699
000000d3cbd71119
000001a87f3b2461
0000000001475171
0000000000000181
000000d44af26ff9
000000d463d95ab9
000000d474017cf9
000000d48eae6999
000000d4a68c6679
000000d4b1ca94b9
000000d4b5169919
000000d4e1a0a7d9
000000d54dd555f9
000000d565128179
000000d58615eff9
000000d5d5108739
000000d5e3bc36d9
000000d5fd752219
000000d603b4b019
000000d60826a8d9
000000d6275279f9
000000d63ef28939
000000d640191039
000000d648043159
000000d674c04999
000000d6de7c2979
000000d7010ad339
000000d7438b6999
000000d7489588f9
000000d7512e1259
000000d76a76d559
000000d7a8b03a79
000000d7b3289359
000000d7c48105f9
000000d7df467959
000000d7f4e0d079
000000d802927a39
000000d862f072b9
000000d8b0766f39
000000d8e88ad619
000000d91b100719
000000d91f8cd4f9
000000d931002cb9
000000d9543d3a59
000000d96bd0a319
000000d97c2cb679
000000d982e4e699
000000d98d96a619
000000d9a0c75b79
000000d9a878a6b9
000000d9bbb69f59
000000d9c532c419
000000d9c85492f9
000000da0a3b2799
000000da51ea1879
000000da52065499
000000da7b9534d9
000000da7cec6599
000000da9d662d39
000000dad1b41679
000000daf68d9f99
000000db777b6319
000000db9cedc779
000000dbb6854959
000000dbdadd7f59
000000dbe6118a19
000000dbe85bc299
000000dc7fd6f539
000000dc861c1819
000000dc89a0e2f9
000000dc8a134059
000000dc9d471f79
000000dca723a799
000000dcc9e23e39
000000dce61076f9
000000dce9466259
000000dd15ce4679
000000dd35932a99
000000dd3a2d4a59
000000dd40ec2599
000000dd4d4191b9
000000dd57bc64f9
000001bb1fa5c561
0000000001475171
0000000000000181
000000dd8f8a7079
000000ddad0d20f9
000000ddea4f0eb9
000000ddf58435d9
000000de33666559
000000de5871a679
000000dea804f339
000000deb73956d9
000000def2e48199
000000df0d1e5879
000000df2f20d7d9
000000df49014239
000000df76fec999
000000dfa0aa36b9
000000dfa1e96b19
000000dfb4aca199
000000dfd397a7b9
000000e0575c5479
000000e08e7cb219
000000e0bac86b19
000000e0c603ef19
000000e0d4553f19
000000e0eb4a9719
000000e0f1f9b579
000000e0f2221c79
000000e0f3385559
000000e10a25b019
000000e12d63a7f9
000000e130ed9c39
000000e141e2c979
000000e15fbcb6d9
000000e16cea51d9
000000e177181879
000000e1a42a80f9
000000e1d1b753f9
000000e1d50180f9
000000e1db1c70b9
000000e1e4b16e19
000000e20aa94ab9
000000e2149f1499
000000e25155fc59
000000e260fb85b9
000000e262aa5979
000000e26966ecf9
000000e26d8d7d39
000000e293a61e59
000000e29ff36a99
000000e2e774df79
000000e306f970d9
000000e308863dd9
000000e30eec4c59
000000e31ed94539
000000e36af26559
000000e3786565d9
000000e3b016dff9
000000e3c7d445b9
000000e3d123ab79
000000e3db010d99
000000e3dd5d81d9
000000e3fb6cd1d9
000000e3fc7acd19
000000e4332d12d9
000000e43bca98f9
000000e44b0ee1d9
000000e45cabb719
000000e48535b679
000000e48e5f39d9
000000e4b71b9379
000000e4b9195bb9
000000e4e281ec99
000000e501c88f59
000000e5389be999
000000e56584e319
000000e56cab0c79
000000e57538f379
000000e58e11c099
000000e5a08fa519
000000e5a7328f99
000000e5bdb73359
000000e5ceeb9f79
000000e63d227c99
000000e67ec03799
000000e69b497b19
000000e6a90c25d9
000000e6cb8cb659
000001cdc0106661
0000000001475171
0000000000000181
000000e6e6990e19
000000e6e7c81a19
000000e6fe369a59
000000e75f035b79
000000e792646b59
000000e7b2658d19
000000e7c7da70f9
000000e7fa3030b9
000000e7fb449cd9
000000e810b5ef19
000000e83bbc1c39
000000e83ec663d9
000000e84a775b19
000000e8687286d9
000000e8a64cadd9
000000e8b81fcc39
000000e91151d719
000000e9364e89d9
000000e986882ff9
000000e9a32d4979
000000ea2f0965f9
000000ea53315b19
000000ea654f9939
000000ea654f9ad9
000000ea78442379
000000ea7c1a3199
000000ea891231f9
000000ea89f47bf9
000000eaaf0a7119
000000eaba2418b9
000000eae4372d39
000000eaef62db79
000000eaf9aa7699
000000eaff108e19
000000eb1d3af2f9
000000eb2b0c97d9
000000eb3445f779
000000eb606c1259
000000eb7ff09979
000000eb88b6c6f9
000000ebabb24b99
000000ec1fb4ae19
000000ec6f4f9219
000000ecaa67c499
000000ecc5178e59
000000ece166fb99
000000ecf338ecb9
000000ed14e76499
000000ed373cd4d9
000000ed60729d59
000000ed6974e8b9
000000ed9353ecf9
000000ed9e175899
000000edc1c01539
000000edca447919
000000ee0ca12a39
000000ee265c4799
000000ee26c3b599
000000ee2de007d9
000000ee40179f59
000000ee52592599
000000ee793f7799
000000eea1ab2259
000000eeaa8d5a59
000000eeafcb3239
000000eed954ddd9
000000ef151444d9
000000ef7b62e099
000000ef7b62f459
000000ef96338019
000000efa5100059
000000efa8ea38b9
000000efbd8f2b79
000000efd2a93179
000000efdbfea059
000000efe7e0fa59
000001e0607b0761
0000000001475171
0000000000000181
000000f06d4b6419
000000f0766e48b9
000000f080992e99
000000f096cb1b19
000000f0a44baff9
000000f0b2965959
000000f0cc7f3f39
000000f0cd0d24d9
000000f0f437fbd9
000000f1173446f9
000000f125a71a19
000000f159f9ff99
000000f15f751f39
000000f17fc64d19
000000f1c40e94f9
000000f1ed5ea659
000000f20272e6f9
000000f202aff9f9
000000f23bb00119
000000f281737bd9
000000f2b77914d9
000000f2c5ab3ef9
000000f2fc978f79
000000f2fcd1c479
000000f311ccbf39
000000f35c0356f9
000000f38d026b59
000000f39229a399
000000f3afe21bb9
000000f3b0b0ce39
000000f3d71b3879
000000f3f0d9e539
000000f43f16bfd9
000000f46185d6b9
000000f46f9cb319
000000f4a8fe1c99
000000f4a9722b99
000000f4d8458799
000000f4e7b64bb9
000000f4f011cbb9
000000f520dda779
000000f539435899
000000f53a41a2d9
000000f563a9ec99
000000f56a3bc3f9
000000f56b9ad6f9
000000f56e794a19
000000f57d840459
000000f5ab0d7459
000000f5baa24579
000000f5c3cf8ef9
000000f5d153b4d9
000000f5e5ba5259
000000f607a2a379
000000f60d345879
000000f64ced9459
000000f655db4d59
000000f69b6c70b9
000000f6adfc22d9
000000f6afadf719
000000f6b365c239
000000f6d6836f19
000000f6e5ac7c59
000000f70ed68759
000000f7379429f9
000000f755d1dcb9
000000f777263cb9
000000f78fd41299
000000f79804dc99
000000f7ae9f0659
000000f7fe218999
000000f823855d39
000000f847f74ef9
000000f84a3f4699
000000f87c4e10b9
000000f8f40fe559
000000f91a7d6f39
000000f92558dd59
000000f93041abb9
000000f93153cb79
000000f9518d8239
000000f96e514ef9
000001f300e5a861
0000000001475171
0000000000000181
000000f9c938a8b9
000000f9ff4efcd9
000000fa0f188799
000000fa2ea89479
000000fa56e9d679
000000fa670a5739
000000fa76f45f39
000000fa810fe899
000000fab20c2979
000000fab511e359
000000fad1a4f979
000000fb269e9ab9
000000fb501c2f79
000000fba8676599
000000fbac6110b9
000000fbbacd30f9
000000fbe15110b9
000000fc0ebf7599
000000fc104a8879
000000fc11954819
000000fc4809d479
000000fc6d68cc59
000000fc75ff0679
000000fc7d2b82f9
000000fc88779af9
000000fc964c9c39
000000fcacda3659
000000fcc00cffb9
000000fcddf95599
000000fd0cae1c99
000000fd0f18e5d9
000000fd4eec22f9
000000fd691329d9
000000fdb7f21559
000000fdba30ab99
000000fdc33f9b99
000000fdc41e6999
000000fdc4efe879
000000fdcc384a79
000000fde2a6eeb9
000000fde2a6f779
000000fde53c72b9
000000fe16cbc579
000000fe2bdbcbb9
000000fe3a800479
000000fe62ce3d19
000000fe88930bd9
000000feb3d6dcf9
000000fededbd599
000000ff0761a799
000000ff2475fa59
000000ff2ae45d99
000000ff2c569779
000000ff3b280619
000000ff3f1e8c59
000000ff5236e599
000000ff6633c7d9
000000ffb74a65b9
000000ffcebf2679
000000ffe8bda779
000001000cedc7f9
00000100380b35b9
000001004bc56899
000001005955cb79
000001005d24e959
000001006faea599
000001007069b859
0000010070bac259
00000100746fc359
0000010074985539
00000100812d7399
000001009ee413d9
00000100a08f5c59
00000100af303919
00000100b74f2a59
00000100bc7482b9
00000100d5cf3179
00000100f33deeb9
00000100f36a3e59
00000100f6b79099
00000100fe5f48b9
0000010102a551f9
000001010558eb39
000001012f6ead39
00000101443b4b19
000001014867f499
000001015ba996f9
000001016882de99
00000101a05a51b9
00000101a7aef7f9
00000101cfc96379
00000101ea671339
00000101f79f56d9
000001020381cb59
000001022cafe639
000001023c871d19
0000010248193e19
000001025d3bf339
00000102625603b9
000001027e7c9d59
00000102a3264039
00000102a5198899
00000102aa76ef79
00000205a1504961
0000000001475171
0000000000000181
00000102d55f8359
00000102fe3cc9b9
00000103370b1099
000001033947c6b9
000001034383c5d9
0000010375a18959
000001039b04ce59
00000103bf3dd719
00000103d3e59719
0000010436977df9
0000010492af0219
000001049d993ff9
00000104b016e019
00000104b92b4f99
00000104c3985519
00000104dd1e7f59
00000105196a6019
0000010521b4f979
00000105462b54f9
0000010550f86a99
0000010554f100b9
000001057f8e62f9
000001058cdb8599
00000105c48dfe79
00000105df514159
00000105fbaf7319
0000010610728619
00000106566f3299
0000010657d99c59
0000010661531f39
0000010671886ed9
000001067fba93b9
000001068467d1f9
000001068c40c2f9
00000106a1ce0f59
00000106d0170eb9
00000106d4c3b979
00000106da8ef6f9
00000107497e1099
000001074b2bbd39
000001074cc97d19
000001078d97efb9
000001079aede459
00000107aca91a39
00000107aea9f859
00000107b753beb9
00000107b753e099
00000107b89a7f19
00000107cc6d4ab9
00000107d3566f59
00000107f5acacf9
00000108237d3f39
000001082a437cd9
000001082d041839
000001082ea2edf9
0000010834d45b99
000001084c749479
00000108a282ee59
00000108eb1f67b9
00000108ed3d8839
00000108f872f279
0000010909773a19
000001091a251919
0000010934035339
000001094cfdd6b9
0000010951485679
000001099a556799
000001099ac71139
000001099ec12d39
00000109a3696d59
00000109a93c73f9
00000109be2c3a59
00000109be2c51d9
00000109caa3d619
00000109d246be39
00000109d5af5099
00000109f2d75e59
00000109f59bc879
0000010a45950dd9
0000010a5d152679
0000010a76745419
0000010a8e289d39
0000010a939a89f9
0000010a9feaa839
0000010aa7825b99
0000010ab8a2be79
0000010ac0ed7e59
0000010ac8fc4339
0000010af7205c79
0000010b104669b9
0000010b1a895859
0000010b23e260f9
0000010b31dc9e99
0000010b498f4579
0000010b85e63d39
0000010b97bf6499
0000010ba0e9c4b9
0000010bb76439b9
0000010beaf46d99
0000010bee230b39
0000010c19b85579
0000010c1b652219
0000021841baea61
0000000001475171
0000000000000181
0000010c2ab70159
0000010c4712a0b9
0000010c56a49499
0000010c93effa19
0000010ca726da99
0000010d09f86019
0000010d53b39df9
0000010d5a4a4359
0000010da9e6ad39
0000010db8fd1819
0000010dba7b8ff9
0000010e0089d0b9
0000010e21b71199
0000010e2912fbf9
0000010eac2337f9
0000010eb8f1d2b9
0000010ed0f99999
0000010f0281ff99
0000010f0ed4a359
0000010f25b22699
0000010f27dbd299
0000010f52fa39d9
0000010f958bb699
0000010f99379739
0000010f9ebe3b79
0000010facddbc19
0000010fc793fa19
0000010febd2ff39
00000110349e5fb9
00000110997bf159
00000110a2b37299
00000110ad337219
00000110b61808d9
00000110bcf2d459
00000110c45e8039
00000110cc6c3879
00000110e78b4b99
00000110ed0dcfd9
000001111b4a6939
000001113ac625b9
000001114af2c4b9
000001114e4cc0f9
000001114e4cc299
000001116a59d159
00000111845246d9
000001118618f079
00000111972c1459
0000011197de1039
00000111a89fb659
00000111c161fb39
00000111efc2b579
00000111fe4f16f9
00000112072d4bd9
0000011243ee5f19
0000011266dcf3d9
000001127d8a62f9
00000112acd74cd9
00000112d6e8e999
00000112e6a951f9
00000112f64631f9
000001130dd5fd59
0000011321c15f39
000001136dbb7f19
000001136fe753b9
00000113a22d3d39
00000113a309cfb9
00000113a9806279
00000113af2c82b9
00000113c36e7cf9
00000113c84d8799
00000113f4f2dd39
00000113f72e6539
000001146d83e139
00000114775ede59
0000011496f0cb39
00000114a036f379
00000114d907ea39
00000114f20fddf9
0000011509fbd599
00000115405e6f19
000001155e369679
0000022ae2258a61
0000000001475171
0000000000000181
00000115781ba299
00000115985bdb19
000001159b922859
00000115a46d8699
00000115b651fff9
00000115ca7f7699
00000115d1000c19
0000011608dde419
0000011632aa1659
0000011644f7f599
0000011662a08699
0000011666464999
00000116725a6719
0000011678539959
00000116bcb8c3f9
00000116c2dbebb9
00000116d809dd99
00000116ebc3abf9
0000011755860359
00000117687588d9
000001179600cd59
00000117c8818379
00000117dc88c8b9
00000117de3cf519
000001182d1aa219
00000118367bda19
0000011844dd53f9
0000011867614199
0000011878310619
00000118c67e4879
00000118c6f8d9b9
00000118dc31b659
00000118e237fd79
000001194b999b39
000001196412b259
0000011968ba3839
000001196d4e9639
000001198a99af99
00000119d3f70c19
00000119f338e459
0000011a048a4e39
0000011a09a0c3f9
0000011a42ad28b9
0000011a44df3e99
0000011a6e3467f9
0000011a76b5f099
0000011a7c02bcb9
0000011ac54da119
0000011acdfd4a19
0000011ad09ebdd9
0000011aefa51099
0000011afa703899
0000011b029e7119
0000011b2927c5b9
0000011b2c948659
0000011b51b20979
0000011b52966c99
0000011b5d1a5e59
0000011b63b13379
0000011b66491cb9
0000011b70d4ecd9
0000011ba8ec38f9
0000011bc3eccbb9
0000011c16441b79
0000011c16fa4d19
0000011c1e4a9759
0000011c39f028d9
0000011c580f9f59
0000011c7b354a59
0000011c9bee59d9
0000011ca6c8af19
0000011cdaf8d959
0000011cea5e25b9
0000011d0d34d259
0000011d0d34de59
0000011d3f8a1839
0000011d48e8b4d9
0000011d52c4c899
0000011d56beb059
0000011d8c31e679
0000011dc52bc219
0000011de5f449d9
0000011df54fbfb9
0000011df93b5839
0000011e0aab88b9
0000011e19abc0b9
0000011e1acf6839
0000011e1e1bb939
0000011e200c6fb9
0000011e35d01019
0000011e51b4ed79
0000011e56f3e579
0000011e7e85f6b9
0000011ea0e08bf9
0000011ead420959
0000011eaea629f9
0000011ebcf5a939
0000023d82902b61
0000000001475171
0000000000000181
0000011ee76bf479
0000011f0cd59c39
0000011f102835d9
0000011f46636319
0000011f61a7e7b9
0000011f6ec1c9b9
0000011f849fba99
0000011f920563d9
0000011f977733d9
0000011f9ddcb7d9
0000011fa2494659
0000011fa7f5f139
0000011faf867d79
0000011fb15e24b9
0000011fc6598739
0000011ff1799419
000001201bbd7159
0000012039a1fd79
0000012044287d79
000001205eb59939
000001205ed8ca59
00000120653c30d9
00000120aac7c4b9
00000120b8a6f719
00000120c7935bb9
00000120e26efb79
00000120e3362cb9
00000121136f2df9
00000121323ce0f9
0000012144f2ae19
0000012198892039
00000121ca21d259
00000121f01bfcb9
0000012214b87499
0000012238f567f9
000001226f0dac59
000001227f8682f9
00000122c4177759
00000122f4c9dad9
000001231abfd619
000001233bcb81d9
000001233ec81db9
000001233f3b1c79
000001233f9fc2f9
000001234c6b3059
0000012374768179
000001238c37a1f9
00000123952151f9
00000123d5002019
00000123df9fa4f9
00000123efd852f9
000001242a898979
0000012438e600d9
0000012497e6e839
00000124a2db7ab9
00000124b19b8739
00000124bc1800b9
00000124dff15a39
0000012515ff7ab9
0000012525fa7279
000001254a404d19
0000012558332179
00000125abbd2259
00000125cf56cd59
00000125e0e0faf9
00000125fdcc2799
000001260a9d6fb9
0000012614154b79
0000012623856ad9
000001262b988b79
00000126750a0a59
000001267ddb7799
0000012688903459
00000126c6f758d9
00000126d7662399
0000012708f56139
000001272e3d47f9
00000127315a5c99
00000127554ca819
000001276e9af4b9
000001276e9afa19
00000127878ff099
00000127a879e959
00000127aaa3ff79
00000127b9abb0d9
00000127d7c1b759
00000127df968619
00000127e752e719
00000128080073f9
0000025022facc61
0000000001475171
0000000000000181
000001282ca41df9
000001282ca441b9
0000012849da4d79
00000128574b3a59
0000012861909559
00000128677193d9
0000012890cf38f9
00000128a9b5e0b9
00000128aa415039
00000128f7cd6b99
0000012920701539
000001295f1da239
0000012985423199
0000012993c8a8f9
00000129c331d959
00000129d3e90c19
00000129f169c2b9
00000129f28577f9
00000129fa3b3b39
0000012a065b7499
0000012a0c1d09d9
0000012a1d1583b9
0000012a33a57819
0000012a34cc7739
0000012a3d707bb9
0000012a696b1c39
0000012a960671d9
0000012ae3f373d9
0000012b1b70b3d9
0000012b215ba619
0000012b23c9bf59
0000012b2b3fde79
0000012b2ef02fb9
0000012b411ad1f9
0000012b6836d259
0000012b78cb26d9
0000012b79e294d9
0000012b7b3eea99
0000012bc6f96679
0000012bda530af9
0000012be7467e99
0000012be8e46d19
0000012c63eacfd9
0000012c8dd852f9
0000012ca7aed2f9
0000012caba266b9
0000012cc3925039
0000012cdf12aff9
0000012ce0434499
0000012cee25e319
0000012cfad808b9
0000012d17c24319
0000012d1c002f39
0000012d477c5b39
0000012d4e7deef9
0000012d7f61a379
0000012db7334939
0000012e2764b1f9
0000012ee2b31399
0000012eeb52bdf9
0000012f057fdfd9
0000012f39692859
0000012f4d4ec459
0000012f76323199
0000012f88a08259
0000012fd34e9df9
0000012fe44e43f9
0000013003b84ff9
000001303d138b79
000001303f53d119
0000013042214c59
0000013047cbb5f9
00000130641c8959
000001307bbc5559
00000130bff8fcd9
00000130d216c079
00000130e32d2479
00000131042cd7d9
000001315780d919
00000262c3656d61
0000000001475171
0000000000000181
0000013161367679
00000131a5e6ed39
00000131aaf601b9
00000131b3bf8179
00000131c74d2ed9
00000131e67c0df9
0000013205bf1719
000001325aab8cf9
000001326f4a9959
00000132766af459
000001329e1d0ad9
00000132c0cc5c99
00000132c32b8b19
00000132d7e5c539
00000132ec26fff9
00000132f11e6239
000001330ca217f9
000001331d4fe379
000001333b46c979
0000013351986339
00000133611ca899
000001336b6be919
000001336bdb3259
000001337e0a6c19
00000133a2e0b099
00000133b6c24459
000001341194ab59
00000134192b7159
000001342d0add39
00000134320ded99
0000013488160459
000001348d065f99
00000134a62fe659
00000134ad764519
00000134b7b11999
00000134c80da519
0000013517311019
000001352c8e3099
000001357ebfc019
0000013599d62c39
00000135a015bb19
0000013669ccec39
000001366d32e9b9
00000136774b29b9
000001369c3f5a39
00000136a7d49399
00000136b0d91199
00000136d259b0b9
000001370ead4f79
000001373657c2f9
000001375505e4d9
0000013765f7e9f9
000001376ceab5f9
000001377f6ac559
00000137850ae639
00000137a4241f19
00000137b5624c19
00000137c029d019
00000137e07648d9
00000137fa7c2519
000001380b123a79
000001385906f899
0000013864da2c79
000001386f34f0b9
0000013875a45179
000001389c4f4d19
00000138dd340f39
00000139166a4f59
000001391ae694b9
000001392cdd7079
00000139530b5319
0000013978360499
000001397ce169d9
000001398758a1d9
0000013990c6dbd9
00000139949eb039
00000139a77ad399
00000139bcef5a19
0000013a11762fd9
0000013a5ea033b9
0000013a63e705d9
0000013a82267ff9
0000013aa09c2839
0000013aac843df9
0000027563d00d61
0000000001475171
0000000000000181
0000013ad6d31ab9
0000013afe9ded99
0000013b439eb019
0000013b573a6af9
0000013b5bbfd879
0000013b6238b359
0000013b70cd6219
0000013b8cfff6b9
0000013ba4316f59
0000013ba9c0c619
0000013bde0598f9
0000013be4cc8fb9
0000013be7957bd9
0000013be842b619
0000013befb3d679
0000013bff7a11b9
0000013c094c2459
0000013c3f3addb9
0000013c495cf219
0000013c6b089339
0000013c6bae74f9
0000013c8c281b39
0000013c993017d9
0000013ca4b61359
0000013d1a6eae79
0000013d5d914eb9
0000013d7a80f959
0000013dbd44db59
0000013dbfde1999
0000013dc025c1f9
0000013dce95a179
0000013de2dafa39
0000013dff3e5999
0000013e01fe7279
0000013e220f1f59
0000013e54482ef9
0000013e66fc9b19
0000013e66fc9cd9
0000013e7b5bc1f9
0000013e86bf25b9
0000013ea5100239
0000013f3394c8d9
0000013f445677d9
0000013f44a7e1d9
0000013f4e48cdd9
0000013f4fa054f9
0000013f9d0fced9
0000013fbd388a19
0000013fcd0dc399
00000140281be839
0000014067a051d9
000001406f068539
0000014073a65099
0000014096bbce99
00000140cb3b8899
00000141024ea2f9
0000014118f1ff79
00000141acedab39
00000141adeaad79
00000141ae7fd3f9
00000141b9e9de79
00000141d6f8ef39
00000141dfc10b39
00000141e951e3b9
00000141f894ccf9
00000141fcca9a79
0000014220e61139
0000014234140d79
000001423735e2b9
000001426bcd6eb9
0000014279cc9219
000001428cb89619
00000142902ae879
00000142a13258f9
00000142a6119299
00000142d3c30ab9
00000142fb18fe79
000001430b851679
00000143121054d9
000001431c615159
0000014345c0a419
00000143576c2e19
00000143761a8cb9
0000014394366e59
00000143c4489739
00000288043aae61
0000000001475171
0000000000000181
00000144064114f9
00000144353b15b9
000001443975b519
00000144497bc5f9
000001445cd35259
0000014468363539
000001446d380ed9
0000014471bd5619
0000014489e71c19
000001449877af99
00000144a9080699
00000144b10a2679
00000144c5350c59
00000144ebfe21d9
00000144ed0f5079
0000014503260b79
000001451f6b1619
0000014525f81b99
000001457d4cd639
00000146142876b9
0000014618eef8b9
000001461d72f6f9
000001461f8fdf99
00000146216b4819
00000146238b1399
00000146239606b9
000001463d628019
000001464574e5b9
0000014668c22f39
0000014673c7ef19
000001467724e2b9
0000014685464cf9
00000146bdb506f9
00000146ee262f19
000001470f28fd59
00000147239c4c39
000001477030ae59
00000147838a1519
0000014799c02d59
00000147a506a059
00000147b5913e79
0000014824f98079
00000148340ee0d9
00000148596c3879
000001486c1a24d9
00000148e65ef2d9
00000148e758efd9
000001490a6c66f9
000001490fc72e19
000001491c21d319
000001491c35e7b9
000001492dcc2e39
0000014955800739
000001495e9c8e59
000001495e9c9fd9
00000149958d0cf9
00000149bf6a93d9
00000149c999d759
00000149dd8c4f59
00000149f68eb419
00000149fc2bb5f9
0000014a1c43db59
0000014a2edd86f9
0000014a3d582739
0000014a770d7c59
0000014a7f9b6d79
0000014aa3d29179
0000014aa61b9279
0000014ac7b1c0d9
0000014aea48d159
0000014aec5e9d79
0000014b20f74a19
0000014b24770499
0000014b29643a99
0000014b40e89a99
0000014b79a663d9
0000014be9a321b9
0000014c676b2499
0000014c70da6a39
0000014c83914299
0000014c92ce7ed9
0000014c951de199
0000014c9c384ab9
0000014ca6025a59
0000014cda23b7d9
0000014cf8907e19
0000014d20f34179
0000014d3920f459
0000029aa4a54f61
0000000001475171
0000000000000181
0000014dc1ac0659
0000014dce9df3b9
0000014ddb7b1c99
0000014df48c1279
0000014dfcdcc699
0000014e1e53ed59
0000014e3698c0f9
0000014e54db8239
0000014e6a6cdbb9
0000014e73947339
0000014eb718dc99
0000014ed1f9de19
0000014eefb8bd99
0000014efc9fba39
0000014f0114e3d9
0000014f370fc819
0000014f55aadc79
0000014f7842c1d9
0000014f8ba64a79
0000014f9f38ac19
0000014fae5cdb39
0000014fb087c3f9
0000014fdf922bb9
0000014fec635e39
0000014fef5cb459
0000015008cfb9f9
000001500a038699
000001502b2d8af9
000001503cf63e79
000001503cf64419
00000150a8921559
00000150aebe4ab9
000001511ea9f139
000001514dbf3b99
000001517899be99
00000151aaf3efb9
00000151bfb638f9
000001522cb4c7f9
000001523607c5f9
000001523ef9a919
000001527a3772b9
000001528a0a5459
000001528fea6119
000001529f2ab679
00000152a42bcf19
00000152a79add39
00000152b576c9d9
00000152b6b732b9
00000152c8083939
00000152cdc5f299
00000152ce751bf9
00000152d8cdfcb9
000001531e481919
000001535d5c8319
00000153b2f0de59
00000153ba5451f9
00000153c551f759
00000153f01f13f9
00000153fc1974b9
0000015421252d39
00000154547fcfb9
0000015457e97d59
0000015478def1f9
00000154ae330919
00000154c1f6ed19
00000154e7cd8a79
00000154ffb4eef9
0000015523007739
0000015523aea439
000001553ff3f699
00000155625fdeb9
000001556b437919
000001559f1bbe19
00000155cfb788f9
00000155f2fca599
00000155f61972b9
00000156174e28f9
000001561fe6ab19
000001561fe6c039
0000015628c85779
0000015629a24a19
000001562b205ab9
0000015667e41d79
00000156736dfff9
000001568073f0f9
000001568ee73f79
000002ad450fef61
0000000001475171
0000000000000181
00000156b01bdc19
00000156e76e8879
00000156ed8b7d19
0000015700c4b519
0000015729045699
00000157327adbf9
000001574bdd9f79
0000015759edcb79
000001575b2032d9
000001579546c919
000001579851c399
000001579cd9b4b9
00000157c98c1199
00000157fbef8419
00000158205ef4d9
0000015834e5bfd9
000001586b33d199
00000158732aad99
00000158c7c69d59
00000158fbe82e99
000001599f793f79
00000159a4ca5779
00000159a7ec8b99
00000159def609b9
00000159f0f84119
0000015a1b605d99
0000015a415665b9
0000015a5f7e65d9
0000015a7df5e099
0000015aa45b7399
0000015ac54bbf59
0000015ac8f31959
0000015acf6f46b9
0000015ae7229339
0000015b341054b9
0000015b3cd91bf9
0000015b42285eb9
0000015b549282b9
0000015b6b939b59
0000015b7141bb39
0000015b9b71ec59
0000015bb66941b9
0000015bd9604d19
0000015bdee9c1b9
0000015c077f77f9
0000015c08aa3919
0000015c241f7439
0000015c2cc5e639
0000015c5b988259
0000015c78bda7b9
0000015c95127939
0000015ca7edb0f9
0000015cab662599
0000015cb6c466f9
0000015d5acd6df9
0000015d6ffcfab9
0000015d7cb05a39
0000015da6612799
0000015db5d28b39
0000015dcb461dd9
0000015dfe2e4919
0000015dff660839
0000015e13fdc4b9
0000015e19e0f9f9
0000015e49722cd9
0000015e61b35059
0000015e6f04b959
0000015e808346f9
0000015f07665559
0000015f15791599
0000015f20e59819
0000015f34a5cbb9
0000015f4e027139
0000015f50985719
0000015f6110db99
0000015f86fe2159
0000015f8fcb39f9
0000015f9688ea19
0000015f98b19e59
0000015fdf4f7639
0000015fe1835d19
000002bfe57a9061
0000000001475171
0000000000000181
0000015ff7b5f4f9
00000160119ad3d9
00000160186026b9
0000016023202bd9
0000016023eba899
0000016028bc67f9
0000016032923a39
0000016032c8d3f9
000001603b3c2059
0000016072766699
0000016098734b99
00000160d3b917d9
000001612d73ac19
000001613f122ab9
000001615f814b59
00000161667c5d79
00000161c4885579
00000161e71d5db9
00000162533ce4d9
00000162932ecbb9
00000162aa820779
00000162c22e5f59
00000162cd0a5a59
00000162d5080e59
00000162e919ac99
00000162f8049b99
00000162f8055979
000001630f333579
00000163205caa39
00000163437661b9
000001635370bcb9
00000163566aeb39
000001636e9ff4b9
0000016371bf0e39
000001638a7a7859
000001639879fb19
000001639d645ad9
00000163b4883cb9
00000163b53fad59
00000163b8279e99
00000163da34de19
0000016403b1fcf9
0000016407a76ed9
000001641baeb5b9
000001642f0027d9
00000164316af439
00000164659ad839
0000016469cf3a99
000001646dc7cd79
00000164714ed699
00000164831968b9
0000016496a29519
00000164998ef0b9
00000164a3a04ed9
00000164b4fa2fb9
00000164d054fa39
00000164d16e6679
0000016515066699
0000016537e884b9
000001653a20bed9
000001653e4b1479
0000016548a60c39
000001657365a239
000001658b08e099
00000165bf696199
00000165e70d60d9
000001663d3e1bb9
00000166696e23b9
000001666e1534f9
000001668ec378f9
00000166dd251a19
00000166e1c69759
00000166ef4a0b99
000001671d773f59
000001673d637939
00000167aef30099
00000167b7f6a3b9
00000167c8d01fd9
00000167d01ab679
00000167d01acf39
0000016803279559
000001680d0b9459
000001682baf9179
000001683e62dcf9
00000168457d8cd9
0000016847dcce79
000001685fe93319
00000168891adcd9
000001689d898499
00000168ac61bf19
00000168b48a33b9
00000168c4ebb199
00000168e0ba38b9
00000168f99e0259
000002d285e53061
0000000001475171
0000000000000181
000001695e4eecb9
000001697e4cc7f9
00000169a86e35b9
00000169ad0164d9
00000169ad912579
00000169cd5ebbd9
00000169e328d9b9
0000016a01c27e99
0000016a1aa07b59
0000016a5cc5f199
0000016a69e19b59
0000016ab96c27f9
0000016ac16a00b9
0000016ac1a50a79
0000016ae0862639
0000016b17be3a59
0000016b28477d19
0000016b3782d959
0000016b379b5cd9
0000016b42b7c7f9
0000016b8f7b28b9
0000016ba3eab139
0000016c1fe23219
0000016c373b0899
0000016c5c2034d9
0000016c9c2b70d9
0000016ca8789eb9
0000016ca8ede379
0000016cc9519cf9
0000016cec4690b9
0000016d0384d359
0000016d2bd88699
0000016d45143039
0000016d5a72f939
0000016d5d9a9c39
0000016dacc60b59
0000016e149bafb9
0000016e1d36ab19
0000016e3542bb99
0000016e49695ff9
0000016e518c4599
0000016e543f7bd9
0000016e54e13739
0000016e801187f9
0000016e84f4b699
0000016ea710a159
0000016eadc20079
0000016eafe6bd59
0000016ee31d7039
0000016ee54856d9
0000016f24fa1239
0000016f2fc6f059
0000016f3da24279
0000016f4852b3d9
0000016f63b75a59
0000016f950b0e39
0000016f9833b339
0000016fa15b9479
0000016faf159e39
0000016fbeb403f9
000001700e25c319
000001700eb43479
000001702ec4f9d9
0000017058bff059
00000170791a6ad9
00000170be5a9459
00000170c4cb2359
00000170ca268779
00000170e245b5f9
00000170ffc13279
000001710a779db9
00000171330f32b9
00000171777df7d9
0000017178a8bcf9
000001718a997c79
000001721af85ff9
00000172532d0379
0000017266495999
000001726c7bf4f9
000002e5264fd161
0000000001475171
0000000000000181
000001729a3862f9
00000172a2c20519
00000172be3d1d99
0000017306500779
0000017310af8999
0000017323bd8979
000001733ba83f79
000001733edb6619
0000017346920339
00000173703e82d9
000001739c099fd9
00000173ce902959
00000173e6d7e819
000001744655ab19
00000174bc9450b9
00000174ea692999
000001751b35c0d9
0000017527b89ff9
000001755c62e9d9
000001756c5a1c79
00000175882b2779
000001758e719739
0000017594a08c99
00000175b741c959
00000175d31976d9
00000175ea38db19
0000017604569599
0000017625727699
0000017635fca8f9
0000017641236219
000001768c5ce8b9
00000176a2669a99
00000176a943f1d9
0000017745bb6f19
000001774ebc65f9
000001774effda59
000001775997b619
000001776d40c2b9
000001778f055c19
0000017795fc4379
00000177a3351879
00000177c49951b9
00000177d51cf6d9
00000177f44aea99
000001782ce8d399
000001787bcdb6d9
0000017896b6e4b9
00000178aa328159
00000178ba392979
00000178bd483239
00000178c454bc19
00000178d5379119
00000178df18a299
00000178dfcb2619
0000017949853959
000001794ebd5099
000001796641ead9
000001797249bb39
000001799388a619
00000179e8a82b79
00000179e8a83a59
0000017a01f09c79
0000017a1039a8d9
0000017a1e1b1819
0000017a2d24d4b9
0000017a2feda319
0000017a38da1b39
0000017a3dc5d559
0000017a4aeec959
0000017a550abd19
0000017a66ab4cf9
0000017a70d39779
0000017a93bdf559
0000017a93be1099
0000017a9b812c59
0000017a9c285839
0000017aa026b179
0000017aa865c099
0000017aaf883ff9
0000017abdcbbf39
0000017afc0225b9
0000017b087e5d39
0000017b17c62a19
0000017b2b0256d9
0000017b4411a6f9
0000017b4411af19
0000017b5ed986f9
0000017b795f8dd9
0000017b839613b9
0000017b93b21499
0000017b9e4abab9
0000017ba7489399
0000017bafe1a319
0000017bd95d40f9
0000017bdb834e39
000002f7c6ba7161
0000000001475171
0000000000000181
0000017be99cd079
0000017c0376a139
0000017c044dd919
0000017c07b42d99
0000017c2b042db9
0000017c66222f39
0000017c6eddfb79
0000017c8a6d1479
0000017cd75f2339
0000017d0664ebd9
0000017d191665d9
0000017d610786b9
0000017d81cf1679
0000017d81cf2439
0000017d8ed10639
0000017dae2cdfb9
0000017dc3086d59
0000017dc5738e79
0000017e24660559
0000017e6fa5ae59
0000017e7ff41039
0000017e8b74e2b9
0000017e990064d9
0000017ea555b7f9
0000017ec3224159
0000017eefd9d9d9
0000017eff5ec2f9
0000017f004ae379
0000017f023d74b9
0000017f18d42139
0000017f5940a259
0000017f62304c39
0000017f654b2ff9
0000017f6b85e8d9
0000017f762ccad9
0000017f99661399
0000017f9cd82af9
0000017fbdc82d99
0000017fbdc83659
0000017ffbd45179
0000018012d40619
0000018037de6db9
000001803cd66379
000001807812fc79
000001808495dcb9
000001809ae29f39
00000180b6de8499
00000180e14f1fd9
0000018110db1bd9
000001811b8bb6d9
0000018141bea0d9
0000018182255039
0000018186628ef9
000001818b13e3d9
0000018192792e39
00000181a3636579
00000181bb07c599
00000181c5c46a79
00000181d624a559
00000181f3fd0799
000001820b56d299
000001820e1f7699
00000182176fcbb9
00000182303327f9
0000018242e575d9
0000018251f9a1d9
000001826f2b4919
00000182d55c1299
0000018325fff779
0000018340b16819
0000018340f4a199
000001834a55fbd9
000001834d9fa5f9
0000018358793039
0000018363fd8a59
000001836c32a119
00000183cb139759
00000183dc581459
00000183de99ca39
00000183e149e419
00000183f1680919
0000018418505379
00000184416fbe99
000001846893fe99
00000184820639d9
000001848447f219
000001848b365d99
000001849972b719
000001849acd0619
00000184ac0a42d9
00000184f26587d9
000001852859dff9
000001852e7fcb19
0000018532845239
0000030a67251161
0000000001475171
0000000000000181
000001855f9978f9
00000185732f16d9
0000018577cece39
0000018587d184b9
0000018595cd2659
00000185dd774c79
00000185f332fb79
00000186045a4459
0000018619835d39
0000018635287719
0000018649da33f9
000001867034c0b9
0000018678a8b0d9
000001867d85a0d9
000001869820a219
000001869da60279
00000186a78fc9b9
00000186ada75dd9
00000186ae099e19
00000186b1f10a19
00000186d29b3c39
00000186f0d74519
00000186f7eea1b9
0000018740946f19
0000018777e79a39
000001878a85ac99
00000187932ce359
00000187939647f9
00000187b0746199
00000187b377dab9
00000187dcd2dd79
00000188007b48b9
0000018815d7edf9
0000018815dd5199
000001882753a499
000001882f5a2119
0000018841d0f9b9
000001887d913999
00000188ab2f4899
00000188af5183d9
00000188cc837b59
00000188ee0909f9
00000188f3d1a6d9
0000018900858d59
00000189606aa5d9
00000189991dc5b9
00000189b99b0759
00000189d753e8f9
0000018a252b6759
0000018a3cb170b9
0000018a5340c779
0000018a60182bf9
0000018aa2689879
0000018af34f54b9
0000018afc64b0d9
0000018b0d16fef9
0000018b17736ef9
0000018b20e69059
0000018b2fcac039
0000018b5f50bd19
0000018ba5024119
0000018ba72f7bd9
0000018bac62d8f9
0000018bb1dae399
0000018bc7a4ff59
0000018bf7f1eab9
0000018c32b12a79
0000018c37f035f9
0000018c42843219
0000018c4fe8fbd9
0000018c787f32f9
0000018c814ae299
0000018c910fecb9
0000018ca9e5e2b9
0000018d14ed42d9
0000018d2f8e3479
0000018d45824319
0000018d4a706b59
0000018d66dcaff9
0000018d747fcdf9
0000018d7d1fe719
0000018d9934ce99
0000018da7795fb9
0000018daf354539
0000018e040ba239
0000018e0f7223b9
0000018e0f7245d9
0000018e1795c679
0000018e27491ed9
0000018e5858e6f9
0000031d078fb261
0000000001475171
0000000000000181
0000018e8afe1df9
0000018e8f242579
0000018e929c5659
0000018e9fe25899
0000018eb3d217d9
0000018edc27cb19
0000018ef4dfb619
0000018ef6c4ec99
0000018f27bd8a99
0000018f33992e79
0000018f3735eb59
0000018f3ccd8839
0000018f6648aa79
0000018f6bdb4a59
0000018f7cdafd39
0000018f906c4ed9
0000018fa3f78cb9
0000018faf8bc339
0000018fc080e6b9
0000018fcfa705b9
0000018fe51d84b9
0000019010fa70b9
000001901fecde19
000001902f6a4099
0000019031a06f99
000001906adf3859
000001909616dbf9
00000190a905fbd9
00000190d8599f59
00000190efa9bc39
000001911a3bf119
000001914d1ccfb9
0000019150b188b9
0000019152e95df9
0000019194414f19
00000191b0a1d539
00000191b81c7119
00000191be3fe759
00000191d8d6bfd9
00000191f50f5b79
00000191f6db1c39
00000191f8c2dc79
00000191ffa0dc79
00000192169b12b9
00000192280d1b19
000001922c7cd019
000001924ddefd99
00000192b15c32b9
00000192e0b64999
0000019306df9af9
000001935d39b799
0000019360365699
00000193ac9c4e99
00000193acdd4ef9
0000019405449d79
000001945a381f79
00000194779b4319
0000019486635919
00000194b970f659
00000194ddbcb199
00000194f08fd819
00000194f8ed9699
000001953505c339
00000195357720f9
0000019578d45379
000001957fbae8d9
00000195b74da539
00000195bbaaf059
00000195ec45b2f9
00000196071e1ab9
0000019639882539
00000196406893f9
0000019658b262f9
0000019663ade619
00000196a70c1939
00000196d264f879
00000196e576e539
00000196f55e5239
000001971e462db9
00000197228a2ff9
0000019734bbb959
000001976fd557f9
000001977379abf9
0000019776001cf9
00000197766c8cf9
00000197ae207e19
00000197b73abad9
0000032fa7fa5261
0000000001475171
0000000000000181
00000197ec169a19
00000198357a0599
00000198396d9119
000001984d03be99
000001989bca6939
00000198d55a5759
000001990ab06219
000001992724c9b9
00000199288fe959
000001993224f1f9
000001993b543099
0000019950dde999
000001996108d0b9
000001997ac26699
00000199828074d9
000001999f34ed99
00000199a3dddd99
00000199a8cb9e59
00000199b59d1b99
00000199bafdc879
00000199c024af59
00000199df13a779
00000199e660d5f9
00000199f487e479
00000199fd91b1d9
0000019a31f14ab9
0000019a37df2d59
0000019a601d6719
0000019a8c09e919
0000019aa1555a19
0000019ab5bba2f9
0000019ab7d75559
0000019b0028a3b9
0000019b0faa5319
0000019b19db6df9
0000019b1b598739
0000019b464138f9
0000019b739abef9
0000019b9b915b19
0000019ba3714979
0000019ba64143f9
0000019bdc1a5179
0000019be0feee99
0000019bebe3b399
0000019c204f8f59
0000019c3e3bd399
0000019c5d6fc639
0000019c92ae2399
0000019c93e94af9
0000019c9402a2b9
0000019cabab2c99
0000019cb72bb959
0000019ccae82c59
0000019d0eabdab9
0000019d0eabe299
0000019d5d7054f9
0000019d6a1c1c99
0000019db5767f19
0000019dbf0febf9
0000019ddb71ebb9
0000019e02d62c99
0000019e0f76afd9
0000019e125a27f9
0000019e22926879
0000019e34b34ad9
0000019e40919dd9
0000019e4091b139
0000019e68a0eed9
0000019e72e4e7f9
0000019eca274299
0000019ed23074f9
0000019ee74f7d39
0000019eff8ffdf9
0000019f3e36e519
0000019f6e922e99
0000019f75386719
0000019fb4b9e4f9
0000019fb7f868f9
000001a0296d8399
000001a0a7f3c959
000001a0b8bc0cd9
000001a0bce089f9
000001a0bee64dd9
000001a0d8dd9119
000001a0e9090cd9
000001a0f9fd49d9
000001a0ffc72879
000001a10aacbcb9
000001a11d0e22f9
000003424864f261
0000000001475171
0000000000000181
000001a12c0ae5f9
000001a17bf8cb19
000001a180b96dd9
000001a1860512b9
000001a196e4d8f9
000001a1b96a56d9
000001a1d8445f99
000001a1e2cd65d9
000001a1e35a7cb9
000001a1e4639439
000001a1fd24e4d9
000001a20f076919
000001a2104801b9
000001a232dca399
000001a25eb312d9
000001a268af1119
000001a28f1fda19
000001a2949311f9
000001a2b31659b9
000001a2ba278d19
000001a2baad4499
000001a2c8752459
000001a2ea9f3159
000001a2eddf0799
000001a3075b0e99
000001a32cb61739
000001a338915d79
000001a33bf84a79
000001a3452d1759
000001a362e2c9b9
000001a3b87cd2b9
000001a3bbd52579
000001a3d600a039
000001a3f46edf79
000001a407166f79
000001a4117f9af9
000001a42573aa19
000001a430e6da99
000001a44518faf9
000001a448c01959
000001a47b2e3db9
000001a4ab0a4b59
000001a4b01dd559
000001a4b2cc12f9
000001a4c32df939
000001a4cbe089f9
000001a4dd272cd9
000001a4eb90f099
000001a5044c8c19
000001a5083619b9
000001a520a808b9
000001a5723d1979
000001a58534e279
000001a591d69d99
000001a5a672b399
000001a5dfa05839
000001a5e0022db9
000001a5f31b8339
000001a60495e9b9
000001a6142263d9
000001a658350bf9
000001a68ee42279
000001a6c4df0e19
000001a713ab7359
000001a72272d9d9
000001a77bfdb599
000001a78a8e2f79
000001a7bd25b279
000001a7f5e68739
000001a7f9cf5399
000001a808c50559
000001a8185419b9
000001a835098399
000001a88b5a4799
000001a89d0a9739
000001a89f434539
000001a8a9e61539
000001a8b2d4b759
000001a8cb28ec39
000001a8ef235af9
000001a90a038d99
000001a90ed1f759
000001a957860279
000001a97f70db59
000001a98bf03619
000001a9a3338f59
000001a9e14b93b9
000001a9f178fbb9
000001a9f1eb2299
000001aa3dca4bd9
000001aa42788979
000001aa4fae89b9
000001aa576fb219
000001aa716ba019
00000354e8cf9261
0000000001475171
0000000000000181
000001aac47ee4b9
000001ab010445f9
000001ab240d5f79
000001ab33318bf9
000001ab45447d39
000001ab79c5a059
000001ab860f9b19
000001abae1e3b39
000001abc99eda59
000001abe65c7699
000001abf0b05299
000001abf484c059
000001ac65cc57d9
000001ac851abc79
000001ac8d7526d9
000001aca1b59bb9
000001aca3c60dd9
000001aca7561fb9
000001acdca6dad9
000001acdca6e299
000001ad0ec3f3b9
000001ad28519ef9
000001ad40f50239
000001ad59ff1999
000001ad7a3010b9
000001adee2a7d19
000001ae001d8219
000001ae1b637bf9
000001ae33fc6599
000001ae788485b9
000001ae9ad8a619
000001aed016c7f9
000001aed68475f9
000001aeff631939
000001af046fe219
000001af055578b9
000001af1a3ae599
000001af1b797a39
000001af1bc4e959
000001af2144f339
000001af687e3599
000001af6afcf2d9
000001af83cb8c79
000001afb7f30779
000001afca52a119
000001aff977b479
000001b00c7801d9
000001b015060659
000001b015d7f239
000001b04bb38279
000001b0784eda39
000001b085891919
000001b0986d5079
000001b0ada235d9
000001b0df3b0559
000001b0f6b54bf9
000001b15d53de19
000001b176dd2c39
000001b18f22ef79
000001b190450959
000001b19253f9b9
000001b1ac626d39
000001b1da30faf9
000001b22b23c4f9
000001b253a414d9
000001b28afa4e79
000001b2bb14bf99
000001b2becf7cd9
000001b2cd1f49f9
000001b2ce0cd059
000001b2d21229d9
000001b301a7f619
000001b3026df6b9
000001b310f32b39
000001b330985919
000001b330985f79
000001b347828439
000001b36b4ae839
000001b378ff2339
000001b39d9c83d9
000001b3bb8a3ab9
000001b3bc67dad9
00000367893a3361
0000000001475171
0000000000000181
000001b3cd260bd9
000001b3e4e1e399
000001b403ff4999
000001b42bf47b39
000001b448334f99
000001b45cb1ccf9
000001b4878c4d59
000001b494a95db9
000001b4a0077d39
000001b4aedaf659
000001b4af835879
000001b4ba926f19
000001b4bb3ecc99
000001b4e7ea7db9
000001b4faccce19
000001b52cb620d9
000001b55fa1e859
000001b563b93299
000001b5915ce4f9
000001b5b514b619
000001b5c06a4839
000001b5c77855d9
000001b5ce493119
000001b5e6d2ba79
000001b5e6d2ccd9
000001b5f6b8e0f9
000001b618e01239
000001b68c82db39
000001b6b65c8099
000001b6b72f7819
000001b6bc4d4b99
000001b6c2668959
000001b6d0939939
000001b6fa7e7799
000001b746450359
000001b7711c69b9
000001b77a875ff9
000001b793ce22f9
000001b79bb4b9b9
000001b7a6debaf9
000001b7d9cccaf9
000001b7efa05739
000001b7fe765679
000001b8661e3e79
000001b8931e2bb9
000001b8df964459
000001b8f02aae59
000001b913eb4e39
000001b93380cc79
000001b946bf4119
000001b95ccefff9
000001b963ccdff9
000001b97873e659
000001b9881553b9
000001b9888e1639
000001b99616ba79
000001b99d808e79
000001b9b9df09f9
000001b9bca5e7f9
000001b9c3457379
000001b9d22223d9
000001b9dee0f6b9
000001b9f1e65099
000001b9fc7d90d9
000001ba24345f79
000001ba24346fb9
000001ba2bacacd9
000001ba432271f9
000001ba67466cd9
000001ba812d5839
000001ba86ff84b9
000001bab0c61079
000001babd6d0b19
000001babfce7179
000001bad0bf6879
000001bad5e8ebb9
000001baf23bd919
000001bb016fb6d9
000001bb02a02819
000001bb58d3d9f9
000001bb883a7d59
000001bb951aa099
000001bbacb8e799
000001bc4af52dd9
000001bc6064cff9
000001bc61667619
000001bc78d62159
000001bc94f18239
000001bca968a139
000001bcbb7dbd79
000001bcbe45ed99
000001bce16c0879
000001bce9e9dfd9
000001bcfbd97979
000001bd04487119
0000037a29a4d361
0000000001475171
0000000000000181
000001bd40b8a9f9
000001bd504105d9
000001bd53c558d9
000001bd59af35f9
000001bd792bc319
000001bdb7adef59
000001bdbd3009b9
000001bdde745259
000001bde9fb9339
000001be28e03a79
000001be4b3286b9
000001be5f07d819
000001be82611799
000001be89f9b9b9
000001be8b19d6d9
000001bea2468d99
000001bedf44cb39
000001bf07a4feb9
000001bf2338a799
000001bf2ee74f79
000001bf48d74899
000001bf65a50859
000001bf73b48239
000001bfaedb61d9
000001bfb5b86099
000001bfbb703f39
000001bfd7ba86d9
000001bfecf6f799
000001bffa842599
000001c03c8444b9
000001c04542a019
000001c049e2dbd9
000001c05ddc0739
000001c0a5a6f9b9
000001c0a8cc2039
000001c0e659ab19
000001c0f821c5b9
000001c19107cf59
000001c1a23b8539
000001c1bae91919
000001c1d737ba79
000001c2014c2ef9
000001c205f7e6f9
000001c26fe00e99
000001c2761ebf79
000001c296bd1d99
000001c2a2877c39
000001c2a31156b9
000001c2a3119a39
000001c2b7f88899
000001c2c54aaf99
000001c2e77d4fb9
000001c2e82ef679
000001c3172f4499
000001c32e60db19
000001c337135af9
000001c33eb92df9
000001c3432280b9
000001c37d469759
000001c3ae244439
000001c3bdd63159
000001c3c3845599
000001c3ef6fb959
000001c416b46019
000001c418e94b99
000001c43b2e9339
000001c4418219b9
000001c4470586f9
000001c46463c8b9
000001c4a7dcef39
000001c4be623bf9
000001c4c96a0519
000001c4ca005899
000001c4eaff71f9
000001c4edce23d9
000001c4f791d659
000001c53e080139
000001c558cd2819
000001c598a4e039
000001c59a945859
000001c59d1f1519
000001c5f883f059
000001c5f9bf4fb9
000001c601adaf79
000001c60ee38519
000001c65be36a59
0000038cca0f7361
0000000001475171
0000000000000181
000001c699c87139
000001c6a5c57999
000001c6b53a5c59
000001c6dbdf0fb9
000001c6e2821c19
000001c6f4f58239
000001c7002b4a19
000001c70227d139
000001c7043eacb9
000001c7126a3af9
000001c73dc82c59
000001c73dc82e79
000001c761c9ebf9
000001c7628e0c79
000001c7798a3dd9
000001c77ac21ed9
000001c7c03b15d9
000001c7ededa539
000001c7f9c7a279
000001c83fa698f9
000001c8568e8fb9
000001c85e1ce579
000001c877bf82f9
000001c8890e1bd9
000001c8afe93d19
000001c8beaf4e39
000001c8bfe52ad9
000001c8d54b9a59
000001c8f10326b9
000001c911708299
000001c93f7537b9
000001c9cb7fffd9
000001c9f2b1b359
000001ca2d0a2319
000001ca767fc6d9
000001ca767fe0f9
000001ca9c1a36b9
000001ca9d935679
000001caa831c819
000001cab70a2cb9
000001cad7a3daf9
000001cb10838539
000001cb33f6c5d9
000001cb466e8379
000001cb9a890419
000001cba7d8d0f9
000001cbc0356219
000001cbc640a739
000001cbd26826f9
000001cbd547e579
000001cc07b8e059
000001cc0932c5b9
000001cc1445d259
000001cc14fab259
000001cc188901b9
000001cc20956a39
000001cc2bf06ff9
000001cc43769d99
000001cc5bc20119
000001cc5e012fb9
000001cc6f66f2f9
000001cc87c0f5b9
000001cc982bf399
000001cca14cd979
000001ccb8f6a1b9
000001ccbcd03f79
000001ccd5515b79
000001cd215c5819
000001cd234451f9
000001cd2a1bd4b9
000001cd35c224f9
000001cd5addf2d9
000001cd5d66e279
000001cd9f061e79
000001cda05d1359
000001cdc0160399
000001cdef6c7079
000001cdfaf50459
000001ce416f3019
000001ce4e76c519
000001ce5ca7c819
000001cecb634dd9
000001ced24b9e19
000001cedacce379
000001cf4d7fbd99
000001cf7a56f459
000001cf964bf459
0000039f6a7a1361
0000000001475171
0000000000000181
000001cfc04a93d9
000001cfc16bba19
000001cfe8d1a3b9
000001d03329fe59
000001d0401138b9
000001d04b77a139
000001d05ae7c059
000001d0654d3f99
000001d067ce4e99
000001d072e92059
000001d0c39e4299
000001d0e2cd2779
000001d1073cb899
000001d10bab9579
000001d11a37da79
000001d130a38b39
000001d1579df039
000001d186033939
000001d1a6a62af9
000001d1b27422f9
000001d22375a059
000001d230804539
000001d239b1ac59
000001d244b681f9
000001d24a69c419
000001d26fb71a19
000001d28adc10f9
000001d28b032259
000001d2d850a8f9
000001d2e64bd619
000001d2f5f8d079
000001d2f8fdad19
000001d306d049f9
000001d326e953f9
000001d343a38cb9
000001d392e7fbb9
000001d3b530c859
000001d3c2bbe2f9
000001d3d3d9df39
000001d422978dd9
000001d4520dac79
000001d45a285819
000001d4a1253c19
000001d4ca031019
000001d4d1b23679
000001d4f8ddd699
000001d51c9b4c39
000001d51e8924b9
000001d53de465d9
000001d540c81259
000001d565c17d79
000001d566d17139
000001d56987e139
000001d588984679
000001d5b4e06a59
000001d5c7c8caf9
000001d5cd77dc59
000001d5d1b697b9
000001d5d1b69ef9
000001d5dab3cdf9
000001d5efa3b2b9
000001d612582db9
000001d61f464399
000001d620ff2f99
000001d6335763d9
000001d6a7319359
000001d6d29a3739
000001d739875d99
000001d73a753479
000001d76625bab9
000001d78632d959
000001d7b84bd1b9
000001d7c2994019
000001d7f7362ef9
000001d81a9e6739
000001d843895119
000001d866d90d19
000001d86c533ff9
000001d886b57c99
000001d897c29cf9
000001d8ba3e8959
000001d8d1f2f439
000001d8e9f2c159
000003b20ae4b361
0000000001475171
0000000000000181
000001d93aa46ab9
000001d93c4b52b9
000001d93f7d8119
000001d93f7d8fb9
000001d951077e59
000001d98c800359
000001d9938951b9
000001d9972f4e19
000001d9c62fb639
000001da91058eb9
000001daad437d79
000001dab6a55799
000001dac7c43779
000001dace748779
000001dad707ce19
000001daf6db6df9
000001db052e4219
000001db0966f119
000001db23ff2bd9
000001db58d46e79
000001dbc5ed8339
000001dbd4e6d999
000001dbfe833c99
000001dc20dfa479
000001dc43fd9bb9
000001dc4ca04c59
000001dc5f35b979
000001dc6fa7b379
000001dc8690d279
000001dc8faa0cf9
000001dc99bb8339
000001dc9c4ebd99
000001dca6650579
000001dca7c488b9
000001dca7d380d9
000001dcab059f19
000001dcacf81b19
000001dcafda45b9
000001dcd7acd199
000001dd0a6085b9
000001dd6cd49b79
000001dd87a028d9
000001dddd444419
000001de030f66f9
000001de0d523fd9
000001de193b2059
000001de3e48fc39
000001de7ad5da59
000001de8a16f319
000001dea59da0d9
000001deb216c159
000001df04e7a6b9
000001df27969a19
000001df568194d9
000001df6b5392f9
000001dfba715719
000001e004938439
000001e01cc112d9
000001e03001a3b9
000001e03d2736f9
000001e042986119
000001e05194b0f9
000001e07ed098d9
000001e0a559bbb9
000001e0ffa4aeb9
000001e142e65fd9
000001e14d937e19
000001e14f9eea19
000001e15650a1b9
000001e15d19efb9
000001e164b4fd39
000001e1754a3cd9
000001e1754a4a39
000001e1a867bb99
000001e1d07cd519
000001e1d45c3ff9
000001e1e67c85d9
000001e224216179
000001e23ab02a79
000001e250976f99
000001e25227af39
000003c4ab4f5361
0000000001475171
0000000000000181
000001e25a283699
000001e26b49f239
000001e2949b81d9
000001e2a1729c79
000001e2a56c6899
000001e2a7f959f9
000001e2ab415539
000001e2cc0e2419
000001e33e143d19
000001e366abfdb9
000001e3761bdfd9
000001e37ca7be39
000001e38f9018f9
000001e3aa3001b9
000001e3bf7d4f79
000001e3d678e859
000001e3e2111ab9
000001e3f9e24e19
000001e401744c19
000001e405f85f59
000001e42144c3f9
000001e4300da519
000001e435d6bbb9
000001e443721879
000001e4a8ac5159
000001e4a9e3f219
000001e4f6dbb199
000001e4f98b4ff9
000001e4f9ee3f99
000001e507aae5d9
000001e5165d44d9
000001e5227197f9
000001e528194699
000001e537944619
000001e53a0f1d59
000001e53da9ac59
000001e5700cf719
000001e57eee3b99
000001e59c8ff139
000001e5c2c6a759
000001e5edb548b9
000001e612112879
000001e62b27c119
000001e63a971799
000001e6434c3a39
000001e644393219
000001e64d6b80f9
000001e653ad14b9
000001e65e583559
000001e66d532d39
000001e671bddfd9
000001e684c4a379
000001e698e31fd9
000001e6d3136519
000001e6e7faf479
000001e6f204b4f9
000001e6f448b819
000001e712bb5739
000001e7747d6f19
000001e77736bf39
000001e788dd8af9
000001e7a6aee999
000001e7ba9ab8f9
000001e7d19756d9
000001e7e6cba199
000001e7f66f99b9
000001e80a2f49d9
000001e82755abd9
000001e83112a599
000001e87e609299
000001e8dff30b99
000001e8e81757d9
000001e94b7ab179
000001e971a82119
000001e984e25819
000001e98ac79c19
000001e9c0640cb9
000001e9caca3bf9
000001e9e8c77c19
000001ea1c72b1f9
000001ea33d9b259
000001ea6ba22b39
000001ea7852cff9
000001ea9d29dd79
000001eaac10dbb9
000001eab08d0f59
000001eabbba7959
000001ead032bf39
000001ead2c7c6f9
000001eb01495cf9
000001eb0e8c82d9
000001eb304721b9
000001eb309affb9
000001eb45a52e99
000001eb71560e59
000001eb894188b9
000003d74bb9f361
0000000001475171
0000000000000181
000001ebae955ad9
000001ebcbcea019
000001ebd57c71d9
000001ebed5f91d9
000001ec0920ee59
000001ec12bc00f9
000001ec45cb5b59
000001ec523cbe39
000001ec658e6c99
000001ec82ca77d9
000001eca9d98959
000001ecb0a90fd9
000001ecbec66f59
000001ecc8561059
000001ece366d559
000001ed17b43c79
000001ed46aed199
000001edb2648f19
000001edbea64f19
000001edd6a1a2d9
000001eddaeaa7d9
000001edf2b9b159
000001edfcbe5f59
000001ee145a7519
000001ee1f170919
000001ee32b52ef9
000001ee3536d8f9
000001ee35d955d9
000001ee426b8479
000001ee4dda80d9
000001ee5b6238b9
000001eeb4921a99
000001eecad85f99
000001eee2444a79
000001eef1967cf9
000001eef427a339
000001eef48dd3d9
000001eef4db59d9
000001ef04a8a899
000001ef14fc6e79
000001ef319b5539
000001ef3325fdf9
000001ef454ef9b9
000001ef5ca94199
000001ef6b9eecf9
000001ef703f94d9
000001ef7b329599
000001ef7e595559
000001ef83befeb9
000001ef91ed8439
000001ef9a849279
000001efa8a191b9
000001efd9b98b79
000001f035c1a999
000001f048748df9
000001f06d625139
000001f078929819
000001f080847539
000001f08b477159
000001f08ce71fd9
000001f0c0947b59
000001f0c297fd19
000001f0d5fd54d9
000001f0e82e9739
000001f0f3d3aef9
000001f10c4c9c79
000001f154158419
000001f173fe9479
000001f181973019
000001f1b76d9099
000001f1c73f0299
000001f1dffa7339
000001f1f52ffa59
000001f20e6b55f9
000001f22cb45499
000001f236affa59
000001f2507125b9
000001f25118ce19
000001f284308db9
000001f28afb6439
000001f28e269539
000001f29a14f359
000001f29bb1a5b9
000001f29e040559
000001f2a3f50b99
000001f2b624bf19
000001f2bcd5e0d9
000001f2e2857259
000001f2e9577ef9
000001f31f78f099
000001f322e5c8f9
000001f325365039
000001f333bc0a79
000001f33fdac919
000001f34b335f39
000001f3b46852d9
000001f3ca21e4b9
000001f3e351b339
000001f40fad41f9
000001f419988539
000001f431a2ceb9
000001f441a71659
000001f44850a039
000001f45cbbd7d9
000001f47a203b19
000001f49d922459
000001f4a35ca759
000001f4a9439639
000001f4ab53b0d9
000001f4bde68839
000003e9ec249361
0000000001475171
0000000000000181
000001f4fa5e4539
000001f4ff9bfa99
000001f50aa2c759
000001f558ca66b9
000001f575c3fc79
000001f5a6cda299
000001f5bca15bb9
000001f61fd5aeb9
000001f623031139
000001f642e6e739
000001f64b7c1b99
000001f69f048999
000001f6cfddb1b9
000001f6d22436d9
000001f6f0f1c3d9
000001f70cef9e19
000001f720254fd9
000001f724e8d2f9
000001f72868aeb9
000001f7503bcaf9
000001f77090a979
000001f797e4b7b9
000001f7b9984bf9
000001f7bfde1ef9
000001f7d3f54ab9
000001f7d743d3b9
000001f7e6a29f59
000001f81ca34619
000001f822c89d99
000001f85d45ec79
000001f8779ce4b9
000001f8b17312d9
000001f8b6a6e479
000001f8c4fdec19
000001f8db8a07f9
000001f8e149a0d9
000001f8e28d3959
000001f9449ebab9
000001f9552ee159
000001f994b85e99
000001f9a623beb9
000001f9c558ec39
000001fa22fce119
000001fa232f5479
000001fa255345d9
000001fa5e45d179
000001fa99645d39
000001fabf2ae4b9
000001fac0472d79
000001fad54cd8b9
000001fafa26d5d9
000001fafe32ab39
000001fb1bbaf319
000001fb1f927d99
000001fb39e842d9
000001fb4c8ea5f9
000001fb57335239
000001fb9b6a6f79
000001fbc8ab8059
000001fbd80a6a99
000001fbdc178579
000001fc4fecd299
000001fc5b3cb659
000001fc78395b79
000001fcaca0fd79
000001fcb353c919
000001fcd324c6f9
000001fcd8c7d999
000001fcf8900a59
000001fd066a9219
000001fd168091f9
000001fd18687e19
000001fd4aa76359
000001fd613a88f9
000001fd665910b9
000001fd6835a719
000001fd6c891e39
000001fd8eecda39
000001fda120dfd9
000001fda23cbe59
000001fdf9221dd9
000001fe26eb9ad9
000003fc8c8f3361
0000000001475171
0000000000000181
000001fe4aaf1df9
000001fe4f380339
000001fe66e81d59
000001fedbb3f2f9
000001ff093047f9
000001ff10088e39
000001ff29f7aad9
000001ff47799619
000001ff59ae9e19
000001ff71220499
000001ff8c9ee319
000001ffc78e81f9
000001fffd61b919
000002002e6b0239
0000020038b38319
000002003937d5d9
00000200774a0339
000002008b1be379
0000020099a67819
00000200a51f4379
00000200a8946579
00000200c09ba979
00000200cecad699
00000200ebcd7c19
00000200ec88caf9
00000200ed323959
00000201067edf59
000002013d9b1b99
0000020162279bf9
0000020164ad1439
000002016c445b39
000002017d7cf659
000002017f43ac79
0000020185f47979
0000020196b36e59
0000020196b37d39
00000201a93820f9
00000201acbcc8d9
00000201cc6d3179
0000020200b153f9
0000020206e6c359
000002024393bff9
0000020256cdfab9
00000202688ccad9
0000020271b9a7b9
00000202babf48f9
00000202be62bf19
00000202d744d139
00000202de014cf9
0000020300382ff9
000002030b1648b9
000002030ec508f9
0000020346ad6339
00000203617efa19
0000020375a16bf9
000002038d2e98d9
000002039b67acb9
000002039e000f59
00000203b8fed1f9
00000203c5cf36f9
00000203df06bef9
00000203e8f9dc59
00000203ede26939
000002042acc2859
000002042af41159
00000204635320f9
00000204c6cc3cf9
00000204c7c921d9
00000204eba026b9
00000204f53a0ab9
00000204f5a8d8b9
000002051fd64f59
000002052b571339
000002052e3e7159
000002053cc22559
00000205617e89f9
0000020572986359
0000020589c21499
00000205c2e5bcf9
00000205cb122439
00000205db2719b9
00000205e30e9219
00000205f821f159
0000020600238a79
0000020613d7cb59
000002061b763b39
0000020622a6cd19
000002062e53e479
0000020669e53159
000002069d1cce79
00000206d5496d99
00000206dc1d7579
00000206e19b7019
00000206fa46b5f9
000002074c2005d9
000002074fb00f39
0000020785862159
0000040f2cf9d361
0000000001475171
0000000000000181
0000020798f64439
000002079ac17f39
000002079bee9799
00000207a0d0cf99
00000207b3375d19
00000207c9410119
00000207d79fa9f9
00000207fe9303f9
000002080a14f1b9
00000208181f5079
000002081b1327d9
000002082bfa6599
000002085588e439
000002086bab8b39
00000208756e6239
000002088442f519
000002088786c059
0000020888507879
00000208898f7739
0000020897be84f9
000002089c70e1f9
00000208c8179eb9
00000208dbf07e19
00000208fb1c5c19
000002090e386779
0000020911ce9c79
00000209191b2419
000002091d31dcb9
000002091fbd7859
000002094a205b39
000002096161a879
000002096af808f9
000002096e8f9259
00000209c12bc099
00000209e3f9fe79
00000209e76a71d9
0000020a053f0779
0000020a1a3decf9
0000020a58d8fed9
0000020a789dabd9
0000020a7ee77099
0000020aae4000b9
0000020aae400219
0000020ab22a31f9
0000020b087a50b9
0000020b62540719
0000020b98379d79
0000020bb031c5d9
0000020bb97ff4d9
0000020c63d7e379
0000020c6f4cf6b9
0000020c98662059
0000020c9ce09b39
0000020cfa989eb9
0000020d119a83f9
0000020d197eb1d9
0000020d1c28f6b9
0000020d2f594c59
0000020d3303ecf9
0000020d40188ab9
0000020d43d05bb9
0000020d44a384d9
0000020d5d002619
0000020d9d70a459
0000020da8d68359
0000020dba48e9b9
0000020dc93977d9
0000020dceaf2e99
0000020de2196459
0000020e2aaf0979
0000020e308c5fd9
0000020e4b3f1a79
0000020e5331c4b9
0000020e55c512d9
0000020e5dc850d9
0000020e653166f9
0000020ea49238b9
0000020ea57ecdb9
0000020eccd28e99
0000020ef2c91159
0000020ef2c924f9
0000020f16e035b9
0000020f4f546bd9
0000020f50277c39
0000020f604fcbd9
0000020f84035359
0000020fa0cc72b9
0000020fb5948459
0000020fb5f34559
0000020fd27c8d59
0000020fded00379
0000020ff2d9e3b9
000002103d5f9f79
0000021066a43e59
0000021077f30d59
000002107b63b659
000002107c54ef99
000002107dc04b79
00000210835f2cb9
00000210a9374b59
00000210aad261b9
00000210bba73eb9
00000210cf00c4b9
00000210d0f865d9
00000210d69e2619
00000210de405919
00000421cd647261
0000000001475171
0000000000000181
000002112a91e5f9
0000021140309f19
0000021155b887f9
000002116778dc39
000002116b03f959
000002116c0219d9
0000021170ddf0b9
000002117307c159
00000211935246d9
00000211af055799
00000211b3297c19
00000211cece2a39
00000211dba914b9
00000211f0292719
0000021202944519
000002120c4d9a59
000002121a51ee79
000002123311c8f9
00000212431b5ff9
000002125433c0b9
00000212abab9299
00000212d35af519
00000212e0f91b99
000002131a5d6d19
000002133038c079
0000021350119bf9
000002135a0d45d9
0000021365fb2c99
00000213735f3559
0000021377ee5279
00000213a50f38f9
00000213accc0c39
00000213b0cc56d9
00000213c83d8e39
00000213d3b79979
000002140a314d59
000002143c9c23d9
00000214567367b9
000002145f634579
0000021473c6d9d9
0000021479e1c2d9
0000021492470b99
0000021492ee6559
00000214c25dc459
00000214e4b0e1f9
00000215438556f9
000002156c4128d9
000002157777a999
00000215846959f9
00000215a46731b9
00000215b05a88f9
00000215e568da79
00000215ec49a8b9
00000215f3213379
00000215f5b0c2d9
000002161726fb59
000002161bad2019
00000216259e7559
00000216db7427d9
00000216f3fe1b59
0000021701b17b79
000002173a711b79
000002173a711cf9
000002173dfd4ad9
000002173f8fd8b9
000002174a2a9a39
00000217b3313d19
00000217b71c5ed9
00000217bae41519
00000217c7591179
00000217e1aa7d39
00000217e959ccd9
00000217ea679f39
00000217f2c7f219
00000217f5169359
00000217f94738d9
0000021801b95c99
000002180ee31999
0000021864f59399
0000021874643cb9
0000021888baffb9
00000218a1f6db99
00000218a7bc29b9
00000218b8b0fb99
00000218d2b21719
00000218d485ab79
000002193b632999
000002194d205df9
0000021953e229d9
0000021964f57299
0000021973866dd9
0000021991df9b99
0000021999402f19
00000219dac5c819
00000219df75ddb9
00000219e518f859
0000021a071a1559
000004346dcf1261
0000000001475171
0000000000000181
0000021a372992f9
0000021a482d46f9
0000021a595b6999
0000021a66bdb479
0000021a91ef4959
0000021aa172a7f9
0000021ad461df19
0000021b12f7fdd9
0000021b19c49e39
0000021b1cd6edf9
0000021b24e454b9
0000021bbfda2699
0000021bdfa654b9
0000021beee46319
0000021c085b3e79
0000021c50b754f9
0000021c5dfc8df9
0000021c8d818cf9
0000021caf8835d9
0000021cb8f70f39
0000021cc18d2fd9
0000021d031ad6d9
0000021d252174b9
0000021d368c1b99
0000021d368c2299
0000021d41d586f9
0000021d508e1e39
0000021d57a51159
0000021d63b82639
0000021d9ddb27b9
0000021da1e737b9
0000021da47a4019
0000021da4d45dd9
0000021db1312439
0000021db674a0b9
0000021df58d1259
0000021e176dcf59
0000021e1aa53cf9
0000021e23257959
0000021e292e46b9
0000021e2ef229f9
0000021e3248a899
0000021e32e06719
0000021e49cc91d9
0000021e4b767559
0000021e93c08db9
0000021e9789ab99
0000021eb94f9fb9
0000021ee11cbb99
0000021ef1671c59
0000021f3b460079
0000021f3f5b1239
0000021f710ed699
0000021f795bcfd9
0000021f7b22d859
0000021f9a056759
0000021fb2712c59
0000021fb2714299
0000021fe55ae779
0000022010f15cd9
0000022025d4c1f9
000002202e9ef5d9
0000022039b91c39
000002203ad2f759
0000022043ff9eb9
000002204515f2f9
0000022048bc5c59
0000022056eb9a59
0000022076254d59
000002208f36dfd9
0000022094b4aef9
00000220bea5cff9
00000220cfb4c779
00000220fce5bcf9
000002210cacafd9
000002212cad8139
0000022163863259
000002217784a099
0000022180949239
0000022196ebcad9
00000221a0dbfe79
00000221be7d04b9
00000221c2af5759
00000221fbbaf2b9
00000221fdd840f9
000002221c17c9f9
0000022260e17639
000002227a505f79
000002227ac795f9
000002227f9ff0b9
000002228276efb9
0000022284b42559
00000222a406e319
00000222c43b78d9
00000222e8deb479
0000022312b50ed9
0000022316bad9b9
0000022347c13cf9
0000022360c84ab9
000004470e39b261
0000000001475171
0000000000000181
0000022393ec9df9
00000223ea0e6019
000002244760c059
00000224494b9af9
0000022485131699
00000224969a8999
00000224e2658679
000002251937ea79
0000022525aff3f9
000002252d24e579
00000225391c4e79
000002254152e959
000002259093d7f9
00000225982ccf79
000002260cac6dd9
00000226a4151839
00000226aed06fb9
00000226bd097499
00000226d8ff47f9
00000226dc0689d9
00000226eb274cb9
00000226fb006c19
00000226fe0ab3b9
000002270d07ea79
0000022731b75639
000002273a888979
000002273c923679
0000022741809019
000002276bd9c3d9
0000022785087859
00000227a3e04819
00000227beb8a299
00000227de3921d9
0000022806b7dab9
000002280ea2f199
000002281e6dbf79
00000228357552b9
0000022843164879
0000022845afa359
00000228678d75b9
00000228a823d519
00000228feccd9f9
000002290d8230f9
000002291b385af9
0000022923e50259
000002292c59cb59
000002292e399799
0000022947a6a7b9
000002296fd73a99
000002299a95eeb9
000002299b71ee59
00000229be4d6a39
00000229c6876019
00000229c6877bf9
00000229d0e74b59
00000229ddf99ef9
00000229fd58a7b9
0000022a0283e679
0000022a08c756d9
0000022a185b4199
0000022a956c0e19
0000022a99743459
0000022acadb38d9
0000022ad3cc8259
0000022adbd0baf9
0000022ae058c679
0000022ae11b50f9
0000022b007a7ff9
0000022b056f8db9
0000022b1fc03719
0000022b521e3ad9
0000022b7b980039
0000022b7cfe8399
0000022bbb8eb519
0000022bc31dc9d9
0000022c2285b439
0000022c33dfe879
0000022c4de0d4b9
0000022c51087e99
0000022c6224e3f9
0000022c7159da19
0000022c882e0d79
0000022cc612a399
00000459aea45261
0000000001475171
0000000000000181
0000022cebc164b9
0000022d18bc0319
0000022d253bcc39
0000022d4b2aa739
0000022d52052f39
0000022d806b3099
0000022d821f2fb9
0000022dce485459
0000022dfcdaaf19
0000022e0225a7f9
0000022e1ebbd539
0000022e34d00699
0000022e383956f9
0000022e3aa1b919
0000022e42174559
0000022e5a8019d9
0000022e986ab2b9
0000022eb8fa5239
0000022eb8fa67f9
0000022ecf8c1fb9
0000022ee8a2d359
0000022f1a11b999
0000022f24005ed9
0000022f2c383899
0000022f31b4baf9
0000022f5330ddf9
0000022f625364d9
0000022f69161459
0000022f84091259
0000022f916bab79
0000022fccee2499
0000022ff3c91bd9
0000023027c5fc39
000002306a9ca5d9
00000230b61ac699
00000230e1c5fa59
00000230ea774e59
00000230f62beb79
0000023101a21379
000002310d3378f9
000002314b24e419
000002314bfc0ab9
0000023170dbf1b9
000002317e0ac2f9
0000023186b4d099
00000231a4a2eed9
00000231bbcdd519
00000231c22f5639
00000231d6807919
00000231d7d5b3b9
000002323d1bf239
00000232724f0819
000002329ac2f159
00000232e2ca8cd9
000002330f0176d9
000002330f0187d9
0000023320b60099
00000233afa9bc99
00000233c0335a39
00000233d55ffa39
00000233f57891d9
00000234085c0d39
0000023415bd3a19
000002342ca9fc39
0000023439ef0b19
00000234532e72b9
00000234626403d9
000002347ceba359
0000023493327ed9
00000234c8f82599
0000023517e7bbf9
000002352032c5b9
00000235249ce299
00000235428e7b79
0000023549bba499
000002354be3aab9
000002354c3f8bd9
0000023551934ed9
000002357572e679
00000235b6da4999
00000235ca7c10b9
00000235e80a68b9
0000046c4f0ef161
0000000001475171
0000000000000181
0000023627ef5859
0000023648dc7159
0000023654bcdd39
000002365a06bff9
0000023686b756b9
0000023694f910d9
0000023697327579
00000236c86329b9
00000236d191eff9
00000236dd587219
00000236e3613a99
000002370feb2939
00000237153362b9
000002374c91bd79
000002375a82c7f9
000002375e57a159
00000237679b74b9
0000023777f5ddf9
00000237949c3359
00000237baffd7b9
00000237c3b82999
00000237d1ee6159
00000237d7dc23b9
00000237dc50cc59
00000237fb9335d9
000002381afa3bb9
0000023849aa4439
0000023857465d99
000002386969be19
000002386dcd78d9
000002386fc8e8b9
000002387d8ce679
00000238bac5b199
00000238bccf3cd9
00000238c1356359
00000238c84ed1f9
00000238d0055db9
00000238de5704b9
00000238e14f5a99
00000238e1d6e4f9
00000238ecea76b9
00000238f8b13d19
00000238ff954e39
000002393449ffd9
000002398071eef9
00000239889f9179
000002399b951279
000002399dc1d2d9
00000239c035b019
00000239c7aff359
00000239d4b6e499
00000239fa930e79
0000023a06d8f2f9
0000023a64852a59
0000023a65092ef9
0000023a7c1c6259
0000023aa068dd19
0000023aaa675d19
0000023ad9d30ed9
0000023afb648bd9
0000023b35b09659
0000023b73303cb9
0000023b8bd3b259
0000023ba74fe499
0000023bafb1bf59
0000023bb2173f19
0000023bb478fa19
0000023bcbc9af39
0000023c03f72c79
0000023c09a1b979
0000023c42679f99
0000023c4f6c6479
0000023c59c3a9f9
0000023c69bc7479
0000023ca787f499
0000023cc5061199
0000023cdb0bddb9
0000023d281f4a39
0000023d3cf1cf19
0000023d3e2bd559
0000023d4f118419
0000023d8dd89ad9
0000023d8eaa1459
0000023d9d17dff9
0000023da55df779
0000023de2729c79
0000023ded138899
0000023e0b70a1b9
0000023e38048af9
0000023e85127119
0000023e859d8319
0000023e8beac2d9
0000023e9d9e1c99
0000023eb555d799
0000023eb555e8d9
0000023eb565ff19
0000023ecc770119
0000023ee2425a19
0000023ef154c579
0000023f00e0fff9
0000023f11597d19
0000023f1feaf7f9
0000023f3c772919
0000023f4316a899
0000023f6e33b739
0000047eef799161
0000000001475171
0000000000000181
0000023f83af1af9
0000023f94c600f9
0000023f978d1099
0000023fc00fd0b9
0000023fe6e20a19
0000023feee011d9
0000024004518bf9
000002400c5435d9
000002405db9a479
000002405e87ca79
00000240a0d3a219
00000240a97b8659
00000240b06d27d9
00000240bb95d659
00000240c0f896f9
000002410bb553b9
000002410d949cb9
000002410e230cf9
00000241281f7879
000002412db75e39
0000024163704dd9
000002417f29f5b9
00000241a4b97fb9
00000241d4294f99
00000241edc697d9
00000241f4159cb9
00000241f6484319
00000242087b4819
000002422aaff7b9
000002422f852f59
00000242603f50d9
0000024270c15899
00000242a0961d19
00000242deba7bd9
00000242e4025e59
00000242e8883c19
00000242f6652cb9
0000024303b2f9f9
000002430c05f7d9
000002431aad1bb9
000002432abd56d9
0000024350bf5bf9
0000024395d93a79
00000243aee80b79
00000243b83776b9
00000243c812d739
00000243d84ecff9
00000243edff51d9
00000243f3b400d9
000002440880e279
000002440c667019
00000244103eac59
000002444c7e21f9
0000024454b633f9
000002448ef7ee59
00000244d125e579
00000244fda63a59
00000245270d96b9
0000024531bc9199
000002453762d2f9
000002453dbbe899
000002454ffb6a79
000002457e9d91d9
000002459f43a759
00000245c784cc39
0000024648691cd9
00000246a66ba519
00000246d8ed4259
00000246da8a9cd9
00000246deadfef9
0000024701e3c1d9
000002470757aa39
000002471577fed9
000002472f1043d9
0000024739a392d9
00000247437b94f9
000002474f777e99
00000247a70136f9
00000247aa6f8619
000002480fc17759
0000024876b71799
000002487e9e9d79
000002488562d879
000002488e0c68b9
000004918fe43161
0000000001475171
0000000000000181
0000024906e14e79
0000024946c16e99
000002494a74f759
000002494bc965d9
0000024998096b79
0000024998cfedd9
00000249c0fc41f9
0000024a0337c339
0000024a263a5db9
0000024a43244c19
0000024a570c4df9
0000024a6ff8b779
0000024a70b41b99
0000024a7fc84319
0000024abd4201b9
0000024ace862899
0000024ad66d43d9
0000024ad8195e39
0000024b142cd139
0000024b1c7516d9
0000024b4dbc6eb9
0000024b7c2016b9
0000024b9706e459
0000024b9e3c7d79
0000024bb18157d9
0000024bd8751799
0000024c252be999
0000024c32512cf9
0000024c3f111819
0000024c54d09df9
0000024c5af459f9
0000024c5f12beb9
0000024c6e117bd9
0000024c734c32f9
0000024c831e4bf9
0000024c89340ff9
0000024c89341599
0000024cca799db9
0000024ce9ba69d9
0000024cf1539119
0000024d1e467ab9
0000024d51574d79
0000024d7b09fab9
0000024dd4ddf399
0000024ddfe7fcf9
0000024deaa4f5b9
0000024dff561a79
0000024e03e21f79
0000024e214fe1d9
0000024e24d64af9
0000024e268aacf9
0000024e44b5c179
0000024e651fc9d9
0000024e766cabd9
0000024ea81efcf9
0000024eb6073339
0000024ec39c4019
0000024ed6322e79
0000024f1b22fd59
0000024f1e17da39
0000024f4ec36dd9
0000024f63012719
0000024f9e36f839
0000024fb7ce18b9
0000024fb8c86299
0000024fdbdcafd9
0000025001e957f9
0000025019e3abb9
000002501e0cb259
000002504104ee39
000002506e82a319
00000250b1480219
00000250cbe3c9f9
00000250dc2ff8d9
00000250e1bebe39
00000250eef66479
0000025120f33619
00000251347faaf9
0000025142865bd9
0000025152896bd9
00000251a265f5f9
00000251a4be8cb9
00000251c487e599
00000251e46fd899
000004a4304ed061
0000000001475171
0000000000000181
0000025228e11479
00000252959df6f9
00000252a2b85f79
00000252b840de59
00000252dae1e559
00000252ec1ce9d9
00000252f9a4ce19
00000252fd393759
000002533023e119
00000253507f3c39
0000025356fc8679
000002536c025f99
00000253a4f1c9f9
00000253bd988f99
0000025412252959
0000025419c1a3f9
0000025435fceed9
0000025451448959
000002545144a159
0000025470c8f2d9
000002549f179a59
00000254ac8a3499
00000254af598779
00000254bd62b919
00000254be749b59
00000254c2a9b359
00000254e1b694d9
00000254f84f9999
00000255047c4ad9
000002552ce0c639
000002553afc2a19
0000025587f84e59
000002558cad6819
00000255c673b2d9
00000255dad6ce79
00000255fa919c19
0000025603d7d479
0000025609feb219
000002563bbe6179
000002563fb28979
0000025649b12259
000002564fc1d659
00000256504ed9f9
0000025653ece119
000002565d9f28d9
00000256628bc739
00000256bae55999
00000256d1fad299
00000256d62abe19
00000256e1dc2d79
00000256f6c46fb9
000002571df43e59
0000025735e4cef9
0000025746c52039
0000025748716539
0000025779e28e79
00000257bc1f1a59
00000257d4ee1539
00000258057d8819
0000025809ffc9d9
0000025866c2b719
000002586d7c5779
000002588d8e55f9
00000258ccba2a39
00000258e7347d39
00000258f55da5f9
0000025901e0ba59
00000259a88b0119
00000259df4d9299
0000025a05ded219
0000025a07467f79
0000025a1f7967d9
0000025a3099d359
0000025a33e9eeb9
0000025a358e88d9
0000025a3c3211f9
0000025a6dd2d2f9
0000025a8a662b59
0000025a9f928f59
0000025aa1d4c1d9
0000025ae7f7a019
0000025aed1d05b9
0000025b16dd3339
0000025b21a7bdb9
0000025b5ba97919
0000025b63c10ff9
000004b6d0b97061
0000000001475171
0000000000000181
0000025b72f60cb9
0000025b8515a5d9
0000025bc9e876b9
0000025bfc9c8599
0000025c037d7f79
0000025c106de699
0000025c237a0039
0000025c3f28b599
0000025c43d6a539
0000025c68f8da39
0000025c8b6cf259
0000025c9f0a50d9
0000025cb09fbe19
0000025cbc32b3f9
0000025cd65e12b9
0000025cdd6003b9
0000025ce298a7d9
0000025ce5199859
0000025d1a995a99
0000025d7b707479
0000025d8bc44199
0000025da8b9eb19
0000025db6db4139
0000025ded882439
0000025e3124dd19
0000025e52647f99
0000025e546a61f9
0000025e8c603fd9
0000025e90c46a79
0000025e947096b9
0000025eb0d8b439
0000025f1d708bd9
0000025f339e2459
0000025f51393bb9
0000025f6cc23539
0000025f9adbe779
0000025facd203f9
0000025fb1ab3719
0000025fb6fde219
0000025fccaf4759
0000025fe790b259
0000025fed18cc19
0000025ff9bbb639
000002601a4b6039
000002601a680ff9
000002602bb14279
0000026048763839
000002605e4d0059
000002606acb29f9
000002608d6e89b9
00000260dd455199
00000260e06bf539
00000260e5f49879
00000260f54ff519
0000026105929b99
000002612a2e8bd9
0000026130ddee59
0000026131255d39
0000026131451af9
0000026137b37a39
0000026152971399
000002617f81f479
0000026181572839
00000261bf39be99
00000261efd34579
00000261f9cd2c39
000002620c46ab59
0000026237d21179
00000262496421f9
0000026261ab76b9
000002629bdd9db9
00000262af361bd9
00000262b6d8e559
00000262d9fe13d9
000002631965e4f9
000002637399bab9
00000263755f66f9
00000263798cedf9
000002639efae219
00000263a071f619
00000263aa1a88b9
00000263cb5e4899
00000263ce7d8679
000002645a78f5d9
0000026468d61359
00000264a4cadeb9
000004c971240f61
0000000001475171
0000000000000181
00000264f57b6679
000002653a583af9
000002654f3e4f79
000002655bafa379
0000026568d9dd39
00000265953ac659
00000265abd3a4d9
00000265ada65e99
00000265d0028879
00000265d202ddb9
00000265e3945cb9
0000026627bfebf9
00000266395620d9
0000026669264399
00000266780fdb99
0000026680a86f79
0000026691d1c999
00000266922d0119
000002669b2d0679
000002669c20ba99
00000266c710b5b9
00000266cc88f919
0000026710d70a39
00000267255ab5d9
0000026749ca8fd9
000002675fa55539
00000267677c9499
000002678b1b2259
00000267a3494079
00000267c0ba2519
00000267dd917e19
0000026813ee5f79
000002682bd88ef9
000002684421e159
000002687596aff9
00000268d0be69d9
000002692a8cc759
0000026935545639
000002693848afb9
0000026986414139
00000269a7b83699
00000269c66f88b9
00000269f8091239
00000269fb030c19
0000026a1df6e139
0000026a40796999
0000026a40e01b79
0000026a4551f559
0000026a6ad92e59
0000026a7b928ab9
0000026ab0bbaa19
0000026add0018b9
0000026ae9f5a6d9
0000026aedd9ec99
0000026b08005299
0000026b3454ca19
0000026b3f567299
0000026b545f4739
0000026b558df779
0000026b75dfe079
0000026b7fe4db59
0000026b859cbab9
0000026b8c8bf759
0000026b90d44859
0000026ba1610259
0000026be6263079
0000026c1e74b899
0000026c25336019
0000026c25472199
0000026c40f3cb59
0000026c45b7e339
0000026c4ea6b5f9
0000026c8d076b59
0000026c96fc9cd9
0000026c97390c99
0000026cdc7c39f9
0000026ceec54b79
0000026cfc92d9b9
0000026d21370499
0000026d45d76ef9
0000026da3de2d19
0000026da58dba39
0000026dd5e3b7f9
0000026dda9d32f9
000004dc118eaf61
0000000001475171
0000000000000181
0000026e284b7479
0000026e65797c79
0000026e6c762239
0000026e8c3c0899
0000026e90601119
0000026ed18ad139
0000026ed18ad819
0000026ede4d2b99
0000026eeb487e19
0000026f0b3f7a39
0000026f0e6a04b9
0000026f22224e19
0000026f36e229b9
0000026f370b7c39
0000026f94b69cf9
0000026f94ec6099
0000026f9ac900f9
0000026fada65c39
0000026fc1a092b9
000002708c939f39
00000270944d41f9
00000270e0e26f19
00000270eef6ca19
000002710d254fb9
000002710fd77299
0000027115ab62b9
0000027184a8dc99
00000271bdcde0b9
00000271cb280119
00000271cbab1f99
00000271e42d6a59
0000027218aac459
0000027245c6d939
0000027261dbf979
0000027271d55b59
0000027283ff76d9
000002729c116bf9
000002729ca6ffb9
00000272a795ceb9
00000272c620db79
00000272e5438eb9
00000272fa6877b9
0000027333774799
000002733a590f19
0000027358f07339
00000273ade8e799
00000273b1235319
00000273d821b979
00000273d8254019
00000273e6022819
00000273f28ce1d9
00000274158c1759
000002742b782639
00000274702afab9
0000027490a15739
00000274910ec8f9
0000027493fc64d9
000002749da4bc19
00000274ad8b59d9
00000274af7f77f9
000002757539abf9
0000027588db71f9
00000275b23b9479
00000275d7b56f79
000002760fb236b9
000002761677a939
00000276170277d9
000002766ac970b9
0000027681686219
00000276887c2819
000002768b232719
000002768f0a49b9
00000276968b7359
00000276a17d5d99
00000276d0e77499
0000027732f2a679
0000027743964639
00000277489e1b59
000004eeb1f94e61
0000000001475171
0000000000000181
000002775e4297f9
0000027765578359
00000277691125d9
0000027779159559
000002779e14d0f9
00000277aaa15659
00000277b99062b9
00000277ce5264b9
00000277e723d619
00000277ef5afe79
000002782384c7f9
0000027824aecf79
00000278271d3e99
000002783c8d82d9
000002783dc221d9
0000027849381b39
0000027865ab5b19
000002786ec46799
000002789dabf0b9
00000278a8da9fb9
00000278d9620839
00000278daa0d719
00000278f21b93d9
00000278f5078b19
0000027903248f79
0000027908c6ad19
000002791e822d59
0000027928b125d9
0000027935046e19
00000279385fd079
0000027942c03639
0000027947ad8bf9
000002794bb22119
000002795cffc239
0000027975d5f079
00000279a6faa4f9
00000279bfa2a359
00000279dc669439
0000027a05680ff9
0000027a0bf32359
0000027a1c86df59
0000027a1cf3a039
0000027a20a36e39
0000027a233c8fb9
0000027a2d0317d9
0000027a312ef979
0000027a5a42bcb9
0000027a5a42ced9
0000027a6269ab39
0000027a866933f9
0000027a8ad205d9
0000027ab06c1619
0000027ab1951339
0000027ab4a6dbb9
0000027afc468b39
0000027b0e5409b9
0000027b311b7699
0000027b3f023f19
0000027b7e6f6d79
0000027b88331fd9
0000027b8ce06d79
0000027b915289f9
0000027b935cb539
0000027bc64ec799
0000027be58356d9
0000027c211eca79
0000027c24d34079
0000027c2dd045f9
0000027c30a91ef9
0000027c5cd460b9
0000027c806d7c99
0000027c8bfcb399
0000027c90699a19
0000027ca7894679
0000027cb62f2779
0000027cc9605f19
0000027ccf8a4a99
0000027ce45a1299
0000027cecdb4c79
0000027d040c6939
0000027d4046d7b9
0000027d8572f6b9
0000027d9f27a479
0000027dc149e399
0000027dcf1292d9
0000027e1fb276f9
0000027e40da6379
0000027e56a8e6b9
0000027e6ecdcaf9
0000027e7f1dd259
0000027ea12f31b9
0000027eaa33dc59
0000027eb701c199
0000027ebd9b2cb9
0000027ed2627e99
0000027eddff8e79
0000027ee02aa779
0000027eefa6eef9
0000027f104dcd79
0000027f18834cb9
0000027f188350b9
0000027f1ff58a99
0000027f22d4beb9
0000027f2d1b0919
0000027f5a754739
0000027f7358baf9
0000027fbb541199
0000027fe1b06a19
0000027fe484b4b9
000002800cc2ea59
0000028073cecc99
000002807eb95979
000005015263ed61
0000000001475171
0000000000000181
00000280acbcf2b9
00000280fa600f39
000002811017b999
0000028136550c99
0000028137308299
000002814e227359
0000028189fb9439
0000028192cd9379
00000281a2995059
00000281aacc9b59
00000281ad50f399
00000281ca334359
00000281ee615e39
00000281f70d65f9
00000282396db559
00000282507b2cb9
00000282773f4679
00000282879f4599
000002828c99b9d9
000002828c99d099
00000282a262bdb9
00000282a4b51979
00000282acc53d59
00000282b4ec1eb9
00000282c02d85f9
00000282c5709379
00000282e7c81719
000002832db606f9
0000028378d5c459
0000028388353e19
00000283a80a2139
00000283bc685cf9
00000283e13014d9
00000283f34a6b79
0000028407ae99b9
0000028412206e59
00000284189c4af9
000002841e6b8139
000002843ab303b9
000002845d803d99
0000028483a501f9
00000284abc0deb9
00000284d5be4839
00000284db52ff39
00000284f0b95139
00000284f8c68459
00000285216051d9
00000285266b44d9
0000028527e8a379
0000028536edc4f9
0000028538ff14f9
00000285408a4519
00000285597dccd9
000002855e457099
0000028565467f39
0000028571f4e7f9
0000028573aa89f9
0000028579ea6cf9
00000285bf0edeb9
00000285dc6cb679
00000285dce86ab9
00000285e36fc1d9
00000285eb17f2d9
00000286046454b9
0000028616c9a459
0000028633dd63f9
000002864e5d86d9
0000028652ed6539
00000286764d4339
000002867f56bc99
00000286ba2aa199
00000286bc2ec8d9
00000287208cf319
000002873e814679
000002874d37fb79
000002875cf08019
000002876bd85a59
000002879af1efd9
00000287aebc7179
00000287c3060bd9
00000287cc9287d9
00000287d7d42319
00000287e7266cb9
00000287eea13259
00000287f692bbf9
00000288228aa1b9
0000028830219659
000002886cb6f519
0000028879816d79
00000288a4b52079
00000288be4343b9
00000288bf9ea639
00000288c33e7499
00000288cb316039
00000288dd32e159
00000288fdbe65f9
000002890b5ea9f9
000002890e5a78b9
000002893ff1bd19
0000028941f1c6d9
000002896139fe99
000002896fe94839
0000028996218f79
00000289a7f557f9
00000289edb1ef99
00000513f2ce8d61
0000000001475171
0000000000000181
0000028a893865b9
0000028aaccaa219
0000028acb044039
0000028ad9375d39
0000028af17bc9b9
0000028b2ade5e59
0000028b914bb579
0000028bf26dd1d9
0000028bf6fa0859
0000028c1cddd659
0000028c3dc0aad9
0000028c3f898199
0000028c5bf83659
0000028c76a3d3d9
0000028c7e1819d9
0000028c8c146679
0000028cb9a5ec19
0000028ce0c09ad9
0000028cecc97379
0000028d028df039
0000028d0b979519
0000028d346e80f9
0000028d42825bb9
0000028d70a5a519
0000028d92d2f2d9
0000028daa7c16b9
0000028dc13d4199
0000028dcc1d9239
0000028dce9eb379
0000028e08ce4559
0000028e1787f499
0000028e362bb299
0000028e41e28599
0000028e45c756f9
0000028e45c76719
0000028e51f65739
0000028e73ed1f59
0000028e9224ce19
0000028eb2dbc239
0000028ecd6b9e79
0000028ee3ca4799
0000028ef1edd979
0000028ef9d8d199
0000028f0f8ffb39
0000028f31e190b9
0000028f32dfe079
0000028f3c838019
0000028f4485a0f9
0000028f733721f9
0000028f7e26f799
0000028fa539fff9
0000028fbb51d399
0000028fcdf32299
0000028fcef56279
0000028fd890d5b9
0000028fe504dfd9
0000028ff1599f39
000002900bad0399
00000290369007f9
000002903e856e79
00000290478dec99
0000029083d49e39
00000290a41a9999
00000290b9213799
00000290c93771f9
0000029102fe7619
000002910884beb9
0000029118594899
0000029123c9e2f9
000002912f88d2d9
00000291405ef659
0000029144152d59
00000291ab708719
00000291c1839659
0000029219111a99
0000029223455f39
0000029229f3c1f9
000002923e8a1159
0000029257b0c059
0000029259c94519
00000292949cb1d9
00000292954664b9
000002929ff6cfb9
00000292d23f55f9
00000293067a06f9
000002931b8dcc99
0000029326c52a79
000002932ce12379
000002933b4b5b39
0000052693392c61
0000000001475171
0000000000000181
000002936aaad879
00000293ae8cb759
00000293b376e9d9
00000293cd843cb9
00000293e9ec2959
00000293f051c8f9
00000294116d6fb9
000002941fe265f9
000002942b11e1b9
00000294371a3a39
0000029444ecde99
00000294530d4799
00000294a74992d9
00000294dbe01a39
00000294e52d8299
00000294ede86d79
00000294ee626a59
000002951f7708f9
0000029534393cf9
00000295b4198a79
00000295c5086139
00000295cef2a579
00000295d2c28e99
00000295e35ca879
000002960b81df99
000002964b94ab99
00000296622139d9
0000029666d0c819
000002966cb24139
000002967f0369b9
00000296ad01a539
00000296ba5a7d99
00000296f1f754b9
000002970f9de6b9
000002971d3a91f9
00000297369fa779
0000029736c37479
0000029736fe8839
000002973d3f1e59
000002974aa6d579
000002974aca2c19
000002975c8089f9
0000029768dc3ef9
000002976d81b719
000002976de61379
000002977d639d79
00000297d334ec19
00000297dbc897d9
00000297dd8527b9
00000298231ad539
0000029844a8f739
00000298489021b9
000002985a2de679
0000029865a39019
0000029872c56a79
000002987d40add9
000002987f9c25b9
000002989100b0d9
000002989cec5c79
00000298a7ae6239
00000298e7f32af9
00000298ff9d3979
0000029914213379
00000299142142b9
000002992eb7c2d9
0000029935ca5899
0000029936e5d679
000002995e3f1959
000002998b9232d9
00000299b25464d9
00000299c9629799
00000299cf50b939
00000299e6464c79
0000029a2bd59459
0000029a43f30979
0000029a59bd8879
0000029ad92e6d99
0000029adb531699
0000029af8d50259
0000029b019a6ad9
0000029b227fdd79
0000029b540269f9
0000029b8773dc99
0000029b97c06699
0000029bafb32819
0000029bb361b319
0000029bbf4be5b9
0000029bdfab99b9
0000029be3c37af9
0000029be6643d99
0000029be84c8d99
0000029bfcbd2c99
0000029c1a586599
0000029c7eaa59b9
0000029c857761d9
0000053933a3cb61
0000000001475171
0000000000000181
0000029c9fa7a199
0000029cd89b42b9
0000029ce5777619
0000029ce69a7639
0000029cffef0579
0000029d43df5b19
0000029d6cdae059
0000029d72139399
0000029d79e18859
0000029d82c05159
0000029d8fcbbb19
0000029dbb832f59
0000029dc1c5de79
0000029e00ed8539
0000029e1e5f2079
0000029e46e65639
0000029e52b64c79
0000029e9d35cc79
0000029e9d58dd19
0000029ea9447819
0000029eb872a559
0000029ed8b99019
0000029ee4ffb4d9
0000029ee5423e59
0000029eee367659
0000029f179b4d59
0000029f1d4f9e79
0000029f303eda79
0000029f32559a79
0000029f3a358bf9
0000029f4495c6f9
0000029f6956e459
0000029f8a669f79
0000029fc0c2abb9
0000029fc7e69bf9
000002a03b849ef9
000002a049a06379
000002a0725f7979
000002a0ba1a5a79
000002a0c1e89239
000002a0d9ce21b9
000002a119836739
000002a121e10699
000002a1339424f9
000002a153ef06f9
000002a15a3d1719
000002a1c5ee2b39
000002a230e00639
000002a23ae8e839
000002a24a72d7f9
000002a26750cd59
000002a268c5b7b9
000002a26effca59
000002a26effcbf9
000002a28459e1f9
000002a2b441d399
000002a2e9675759
000002a2eac89bf9
000002a30e1b19d9
000002a3510dc119
000002a368abfbd9
000002a382ba07b9
000002a3906679b9
000002a3c07d28b9
000002a3c2676759
000002a3c545e739
000002a41c105459
000002a43cec3019
000002a44c213499
000002a45741f639
000002a476955719
000002a47e8de4f9
000002a47f01f7d9
000002a47f163099
000002a49a789ab9
000002a4b5184019
000002a4b82aad99
000002a4caafeeb9
000002a4d59f9759
000002a4dedf7179
000002a4fc3dfd99
000002a50089ae19
000002a5065ace19
000002a50f2ce479
000002a510882239
000002a573779b79
000002a57c535919
000002a58b1ba619
000002a591874a59
000002a59f329979
000002a5b510ac99
000002a5c63f8df9
000002a5cf17efd9
000002a5cf73d1f9
000002a5de5de7d9
0000054bd40e6a61
0000000001475171
0000000000000181
000002a62a424a59
000002a64a654499
000002a6549f55d9
000002a665f0c0d9
000002a6834665d9
000002a694eb5279
000002a69ae25759
000002a6b7d387f9
000002a6c42f4099
000002a6c9a91459
000002a706201f19
000002a7117d6399
000002a71cb380b9
000002a71da42c19
000002a76ef897f9
000002a798ff8bd9
000002a7bec13679
000002a7cdc6f799
000002a7d2cfe5b9
000002a7f1b77539
000002a81ac716d9
000002a81ffa78f9
000002a825701859
000002a8302875f9
000002a83166c319
000002a85e8fa039
000002a86f4e5499
000002a8706ab7f9
000002a889eea959
000002a89da58a39
000002a8af111cb9
000002a90be20f39
000002a916a33219
000002a9195128d9
000002a92e0a9279
000002a92ff30219
000002a9588f74f9
000002a959df7d99
000002a95e488d79
000002a95e5f3df9
000002a95e7ec539
000002a9a2b75bd9
000002a9a4e00619
000002a9ccecb279
000002a9f0007299
000002aa42b75359
000002aa513b1bb9
000002aa65f5ed79
000002aaa3b37eb9
000002aaca2ad079
000002aaf835c7d9
000002aaf8d95659
000002ab0e0ff5b9
000002ab1d4b2df9
000002ab49af1199
000002ab749d68f9
000002ab94769cd9
000002abcaf91339
000002abcdfc16b9
000002abdccd9cd9
000002ac07c6ea39
000002ac0e3b6979
000002ac7a68a439
000002ac84e93ab9
000002ac99e49b39
000002acbe2b7179
000002acbe88f5b9
000002acd0b920f9
000002ace6e4c779
000002acee8b6d79
000002acee8b8d39
000002acf7638ef9
000002ad1223cdd9
000002ad1ea6b2f9
000002ad26586d79
000002ad55ced979
000002ad59a48019
000002ad86f72f59
000002addfc584f9
000002ade16141d9
000002ae1f619fb9
000002ae6839bb39
000002ae7fdaeab9
000002ae91e9e3f9
000002aed7bd46d9
000002af0b50a519
000002af1e78c979
000002af2b2ded99
0000055e74790961
0000000001475171
0000000000000181
000002af3e8603b9
000002af3e860519
000002af5e486319
000002af69185899
000002afc164f779
000002afd14e9299
000002aff382a959
000002aff382c499
000002aff9dcb1f9
000002b001a97b39
000002b002779e19
000002b016321ed9
000002b01b22bbd9
000002b034b48c19
000002b0690890f9
000002b06c0303b9
000002b071341859
000002b0a7f26619
000002b0c5e047d9
000002b0d70a4b99
000002b0e6ce3999
000002b16e5c0459
000002b1951a78d9
000002b1b8287559
000002b1d59d23d9
000002b1e158bbd9
000002b1f66e0539
000002b21311ee59
000002b21371e559
000002b214fbc079
000002b24dc019d9
000002b27a937c99
000002b2b11b86b9
000002b334d92c79
000002b362de6ed9
000002b37719b6f9
000002b3809552f9
000002b388393c79
000002b3a75e3939
000002b3bcd690b9
000002b3c5592d39
000002b3f525c939
000002b3f7602fb9
000002b429369df9
000002b42be13af9
000002b46d3e92b9
000002b49e2d6b99
000002b4a362d919
000002b4c51271b9
000002b4edb2ced9
000002b4fe9e9259
000002b508a0e1b9
000002b5274b7ef9
000002b53fe58099
000002b54ef220f9
000002b55eeb2859
000002b588424979
000002b591431a99
000002b5b57543d9
000002b5c9b8d7b9
000002b5cf4ac459
000002b5d41b9e19
000002b5d9f7e8d9
000002b5f0948779
000002b60f731e99
000002b613293ed9
000002b6171a47f9
000002b63ff0bb19
000002b650d7ec39
000002b6c594e799
000002b6dc963a19
000002b6ec717699
000002b702dc56d9
000002b70c78c919
000002b7336f4079
000002b73bf3fb19
000002b73e7034f9
000002b75d014fb9
000002b7603bdd39
000002b78e56ba39
000002b7adee1739
000002b7b3e4e4d9
000002b7b3e4f999
000002b7bd151039
000002b7bf757799
000002b7d19d03b9
000002b7dde24b19
000002b802414df9
000002b831085e19
000002b83b304259
000002b83d4bc099
000002b8429f21b9
000002b84a347019
000002b84c9fa359
000002b8667daff9
000002b86b0562f9
000002b86d440559
0000057114e3a861
0000000001475171
0000000000000181
000002b88d9a0fd9
000002b88f23e6f9
000002b8903b1639
000002b8cd157c59
000002b8cfb7e6b9
000002b8dab06bb9
000002b8ef13c2d9
000002b90452bd19
000002b917500e59
000002b9228238f9
000002b93675bd39
000002b9460464b9
000002b9534f0959
000002b9534f1d99
000002b954fc27b9
000002b993c1e399
000002b9accf72f9
000002b9d7729ad9
000002b9e144bab9
000002ba27274a39
000002ba27dcbe79
000002ba30052379
000002ba57657799
000002ba6cc76ad9
000002baa65e0f59
000002bab4980bb9
000002bb190bdbd9
000002bb3a0b32b9
000002bb59c46799
000002bb61977b19
000002bb838c8299
000002bb870a9159
000002bbae070e39
000002bbb68cedd9
000002bbc0dff859
000002bbc0e25939
000002bbc58d4759
000002bc05986039
000002bc1d2fa9d9
000002bc2db9e299
000002bc35bbc4b9
000002bc3698d859
000002bc40df0a79
000002bc497b1c39
000002bc58c78819
000002bc8b4d7dd9
000002bcb8e34e19
000002bd037dd879
000002bd03bb5399
000002bd0b04fcd9
000002bd19a8cff9
000002bd2aa85879
000002bd4486a459
000002bd7b46da39
000002bd911a2d59
000002bd96e5f2f9
000002bd96e61599
000002bdef683a19
000002bdf55428b9
000002be03685659
000002be046d8eb9
000002be1557cb79
000002be204c0f19
000002be204c17b9
000002be26e1bbf9
000002be4484c879
000002be470d17d9
000002be60977679
000002be99e68cd9
000002beaae466f9
000002beba1e7bb9
000002bee60e5219
000002beed75e079
000002bef68930b9
000002bf0bde1e39
000002bf3a0da8b9
000002bf627b5b99
000002bf64dddb99
000002bf76240e59
000002bf77f393b9
000002bf80b819f9
000002bfb7442399
000002bfc63d8079
000002bfdd0cb959
000002c00f55da19
000002c028446859
000002c03b597fd9
000002c04603d259
000002c051d324b9
000002c088096f79
000002c0bc58d719
000002c0d7078ff9
000002c11f4bb8f9
000002c127e3ed19
000002c1324d95b9
000002c137be6339
000002c14f4a48f9
000002c18d8989b9
000002c1b3f9f0d9
000002c1ca551619
000002c1ce99aeb9
00000583b54e4761
0000000001475171
0000000000000181
000002c221674599
000002c23106f099
000002c231595b79
000002c2964cca19
000002c2eccd2559
000002c301418df9
000002c31cc57b39
000002c31f4c8499
000002c347e1d639
000002c34985e219
000002c356677b39
000002c36195bdb9
000002c3668ad059
000002c370e0b399
000002c39178dc79
000002c3cbff97f9
000002c3fc23b359
000002c4218ab1f9
000002c433bfabd9
000002c442cbb6b9
000002c445d8ee99
000002c446265019
000002c482b34479
000002c4a60c9639
000002c4a60c97b9
000002c4c18e28f9
000002c4d6224919
000002c4f67a0319
000002c530508039
000002c54cb0a379
000002c5920f6339
000002c5c740f3f9
000002c5f39d89b9
000002c6010677b9
000002c60c0806d9
000002c623291639
000002c63c0b08d9
000002c65a8c10f9
000002c65f0ca619
000002c68be431d9
000002c6a4099939
000002c6d7cfeb79
000002c70bfecc59
000002c73a656459
000002c747c441b9
000002c74c4f2599
000002c7723e4bf9
000002c79562c959
000002c79a469c39
000002c7a2bd4579
000002c7aa9f5979
000002c7fdc2a7f9
000002c81758dbd9
000002c81ce71f99
000002c85bcff919
000002c8702a1219
000002c87ad88919
000002c87bdd0c39
000002c8c6234e19
000002c8f92cd9f9
000002c90a0ec139
000002c912203819
000002c914ecd319
000002c9231d1139
000002c93dabdaf9
000002c9941a9519
000002c9e35fb759
000002c9ef964799
000002ca0b0e91d9
000002ca5886aeb9
000002ca5b3383b9
000002ca66b90699
000002ca780a4c99
000002ca98847799
000002caf55b1f79
000002cb036b7739
000002cb09a480f9
000002cb24da6fd9
0000059655b8e661
0000000001475171
0000000000000181
000002cb5e9dd819
000002cb60193899
000002cb876fdc79
000002cb8e6b2a99
000002cba1a63319
000002cba8734ad9
000002cbe4837b19
000002cbe5d3ca19
000002cc04209e19
000002cc124f6119
000002cc1dcb1e59
000002cc1f9c2339
000002cc33397319
000002cc411296d9
000002cc4570bc79
000002cc75fdbfd9
000002cc767c9c79
000002cc92af0539
000002cc92f7b2f9
000002cc9352f819
000002ccc51b0679
000002cce788b2b9
000002cce8cf30f9
000002ccf5ba40d9
000002cd30fe8899
000002cd466117d9
000002cd52e87319
000002cd6a0bba59
000002cd6fa2d879
000002cd81022759
000002cd8f5db319
000002cdc6b2c559
000002ce495f33d9
000002ce625f5079
000002ce8c49cf59
000002ce8c4df599
000002ce96e43699
000002ce9fd9d039
000002cec35b1c39
000002cece83b6d9
000002ced7871019
000002cef9128939
000002cf0bd5e7f9
000002cf13979d19
000002cf47754559
000002cf62a08359
000002cf635db039
000002cf635db1d9
000002cf69d85899
000002cf72c95239
000002cf83c053f9
000002cfacd2f519
000002cfc9c169f9
000002cfdc9069d9
000002cfe1c6b299
000002cff1d0d0b9
000002d013984cf9
000002d02137ddb9
000002d03b661a79
000002d06ed747d9
000002d07aecfb39
000002d084de5e99
000002d0a8519779
000002d0bb1d9699
000002d0d0b3d639
000002d0ebed3c79
000002d151c100b9
000002d16bb67079
000002d196f1b799
000002d1a381bc99
000002d1c0960b99
000002d1d0468439
000002d1dcf60519
000002d24caae999
000002d24e3fcbb9
000002d28f268ff9
000002d2b695dc99
000002d2c85d6479
000002d2e67e0259
000002d303cf4239
000002d307af4499
000002d30beea899
000002d30efdead9
000002d343c8af39
000002d354a4c639
000002d364dab779
000002d369a79c59
000002d38b354e99
000002d391101af9
000002d3ae173f79
000002d3b3af0c59
000002d3dcd89c19
000002d3e7cf5bd9
000002d3f6c2a4b9
000002d3faddd539
000002d403a0acf9
000002d4308be599
000002d44a969a39
000002d46c014a59
000005a8f6238561
0000000001475171
0000000000000181
000002d499fc3dd9
000002d4a43cc799
000002d4af52fbd9
000002d505f29719
000002d52b22ae19
000002d52f0e8b39
000002d54e4e3d99
000002d5550e6b59
000002d55bbc7619
000002d575a9ea19
000002d58f45bfb9
000002d59c25d259
000002d5ab02a359
000002d5ba2bbb59
000002d5e6c095f9
000002d607ad1199
000002d609613a59
000002d62519bef9
000002d636e7cbd9
000002d645b97c99
000002d666c88719
000002d67db58e79
000002d69ee03799
000002d6a9048ad9
000002d6c7423b39
000002d6c944bfb9
000002d6e321c419
000002d6eef88a79
000002d6fae49919
000002d7079c7959
000002d7113e5859
000002d715508479
000002d72408cc39
000002d72eaef2b9
000002d75fca06b9
000002d779d2cbd9
000002d7cfb95459
000002d7d99af719
000002d8002d0cd9
000002d801df1899
000002d805710319
000002d80b345539
000002d856e42af9
000002d86fd74399
000002d87a86f299
000002d8baec4539
000002d8c90ae759
000002d8d439f7d9
000002d8d43a0cf9
000002d935261db9
000002d94d0cc159
000002d99d9931f9
000002d9c394d559
000002da28c6d419
000002da2c52cf19
000002da34cd6fd9
000002da3ab89519
000002da63451ab9
000002da6aa5e419
000002da762c5c19
000002dae48d2959
000002db21cac619
000002db41eea9b9
000002db48566ff9
000002db5696e639
000002db6e662379
000002db7063a539
000002db8c88a1f9
000002db98bfb919
000002db9ff74b59
000002dbb2c2dcb9
000002dbf50e4fd9
000002dc0068d4f9
000002dc5a92d119
000002dc60073af9
000002dc6eac4e19
000002dc7e040939
000002dcc13593b9
000002dcdb99db59
000002dcdca51a39
000002dce91d6999
000002dd23670bb9
000002dd4525ced9
000002dd627a3a79
000002dda2a61e39
000002ddb3e63cb9
000002ddb4471179
000002ddb73f9639
000005bb968e2461
0000000001475171
0000000000000181
000002dde612dff9
000002ddf100e639
000002ddf3c78659
000002de1d573c19
000002de32a9cc39
000002de457e88f9
000002de5563acb9
000002de7683e499
000002de907b5979
000002debb2dea79
000002dec3d03039
000002dee00a1b39
000002def30f6ed9
000002def8f7fc99
000002df072c3659
000002df127fffd9
000002df4568efb9
000002df4a772ad9
000002df6b3f8f99
000002df7c31bc19
000002df7de408d9
000002df7edbda39
000002dfdf465fd9
000002dfefe5dd79
000002e0020f8bb9
000002e0122af799
000002e01863f1f9
000002e05c16e519
000002e0929c8db9
000002e0a1f7d9d9
000002e0bbcad059
000002e0c3730499
000002e115d994f9
000002e147593739
000002e14b6731d9
000002e16a6425f9
000002e18af94159
000002e1ad6efb79
000002e1fb80b139
000002e22434b119
000002e229e23939
000002e25cac9839
000002e26faa2999
000002e2b3dd9a19
000002e2b5d083b9
000002e2e8b44e79
000002e2e9598359
000002e32454cb39
000002e366856c59
000002e379ebbcf9
000002e37e21d0b9
000002e38de95539
000002e393733799
000002e3c356ee19
000002e3ccea31f9
000002e3ea07bd19
000002e3fd6c58b9
000002e41b9a0e39
000002e463c48559
000002e48d9e4a39
000002e4a49c8b19
000002e4dc3b8839
000002e4dee5cc39
000002e4fce0e059
000002e54330f759
000002e54c9bc1f9
000002e54e934a39
000002e55566ecd9
000002e570891159
000002e5774020b9
000002e583a1e259
000002e59d9f4e99
000002e5a53e97d9
000002e5acedd3f9
000002e5f64ca4b9
000002e616a983f9
000002e653675c19
000002e65c006a59
000002e6745fdf59
000002e684a4dfb9
000002e68dfc04b9
000002e6c7b2eb79
000002e6d2cfa859
000002e6d4491df9
000002e7130bc6b9
000005ce36f8c361
0000000001475171
0000000000000181
000002e752bd1a19
000002e7694b0079
000002e79be2b139
000002e7c04331b9
000002e7cacff1f9
000002e7ceeb5779
000002e7d1a1eb59
000002e7e75ec359
000002e806913499
000002e8281c17b9
000002e861b916d9
000002e89b49a919
000002e8a1b28879
000002e8b7d7ecf9
000002e8c121b379
000002e8d3c62d19
000002e9022f1df9
000002e94b93fcb9
000002e9513bc8b9
000002e9513bd1b9
000002e95f1c5159
000002e95f6f6659
000002e986de0cf9
000002e992737959
000002e99d2f81d9
000002e99ecbed59
000002e9ad0c95f9
000002e9b5892cf9
000002e9c3f4b159
000002e9c88ea499
000002e9ccedf279
000002e9e7e23339
000002ea088829d9
000002ea08f10499
000002ea0a5684d9
000002ea0e95ca99
000002ea1aa74f59
000002ea3aa064b9
000002ea4606d9b9
000002ea4d6ce4b9
000002ea55cd74b9
000002ea8c2d94f9
000002eabdc5f319
000002eae4a832d9
000002eafd842bf9
000002eb0b12add9
000002eb1085cf19
000002eb2aecc839
000002eb9c4b4459
000002eba3f008d9
000002ebb7c87e59
000002ebcc313cb9
000002ebfb3b9979
000002ebfdd5b219
000002ec0638b2d9
000002ec1ba263f9
000002ec2248e8f9
000002ec33162139
000002ec9716c339
000002eca24eaa99
000002ecc83735d9
000002ecf1c4ad79
000002ecfe5e79d9
000002ed100b30f9
000002ed50409ff9
000002edacc4b039
000002edd780bf59
000002ede7b2cf99
000002ede7b2e139
000002ee10beafb9
000002ee2c77a759
000002ee49ea1799
000002ee49f479f9
000002ee61fe56f9
000002ee6ecddef9
000002ee765ce7b9
000002ee888edf59
000002ee90b357d9
000002ee99d4a0d9
000002eebe3c9bd9
000002eed38d8559
000002ef08ef2f59
000002ef0ea2ea99
000002ef1e02e699
000002ef1e61a459
000002ef28220cd9
000002ef7c2b8999
000002ef7f1397d9
000002ef93939cd9
000002efaab49b39
000002efaab49cf9
000002efafe21439
000002efb177dbb9
000002efc1d08ab9
000002eff3fc3219
000002effadb7ff9
000002effaedcc79
000002f0348454f9
000002f035e60199
000005e0d7636261
0000000001475171
0000000000000181
000002f07869ea79
000002f07b358059
000002f07d8a3299
000002f09ee08739
000002f0a41f40f9
000002f0c9c32d39
000002f0d421ca39
000002f0e1efd979
000002f11a8987d9
000002f11e97e879
000002f172100ed9
000002f17d6b24b9
000002f18a74a679
000002f1b92d7bb9
000002f1e7347b79
000002f1f37e62f9
000002f222e6fbd9
000002f237965cf9
000002f2704ee759
000002f2847f95d9
000002f2b9a6b6f9
000002f2d7fb3859
000002f2e3cdcab9
000002f2f361e999
000002f2fe60e7b9
000002f3373890d9
000002f346b2c179
000002f3706c6759
000002f394521c39
000002f395c9db19
000002f3a6c06e19
000002f3a7d3ddb9
000002f3af240ed9
000002f3d8aec299
000002f4050c7659
000002f42ec9a959
000002f433b096f9
000002f4a2c6a839
000002f4a2d95259
000002f4b6644379
000002f4bb5b1919
000002f4c9076019
000002f4ed893a19
000002f51b86e379
000002f5281342d9
000002f53273c739
000002f55bc51df9
000002f56c666379
000002f59b2ebb19
000002f5c7b94719
000002f64c1be939
000002f66116d2b9
000002f6997a63b9
000002f6b694c0f9
000002f6cd47cb19
000002f6db4a9dd9
000002f6ed5d20b9
000002f6f2ecd579
000002f706343c79
000002f70dd4bfb9
000002f79e908b59
000002f7a080b259
000002f7df0acd39
000002f82fe5ba79
000002f83ad89e39
000002f88507cf59
000002f88a0183d9
000002f88b542519
000002f88dbd4419
000002f88f3533d9
000002f8910d1039
000002f9109d08d9
000002f923649d79
000002f926c114f9
000002f92d4f88b9
000002f95c249cd9
000002f9649f7579
000002f98a0b2cd9
000002f9a8a07379
000005f377ce0161
0000000001475171
0000000000000181
000002f9c87f21f9
000002f9dc1b8059
000002f9e5a2d4f9
000002fa145b63b9
000002fa17948979
000002fa179c04f9
000002fa408e4e99
000002fab49e0e39
000002fb5fd8df19
000002fb6fef6a39
000002fb71fd67d9
000002fb83afe7d9
000002fb944eddd9
000002fb94db64d9
000002fb9a35d2b9
000002fbed1a50b9
000002fc4cdfad79
000002fc784b3e99
000002fc86479c79
000002fcab112b19
000002fcbb2e6af9
000002fce4d4e459
000002fd32002579
000002fd5bf585d9
000002fd99b1d2d9
000002fdb59a1cb9
000002fdcd0784d9
000002fde1236379
000002fdff716859
000002fe3cd10979
000002fe70e8d0d9
000002fe82fb9859
000002fe97076119
000002fe99dbf299
000002fe9acf88d9
000002feaa239479
000002fed1efa2f9
000002fef5c79e19
000002fefbde24b9
000002ff103d2ad9
000002ff5568e359
000002ff56cbfef9
000002ff6eb30fb9
000002ff6f817f19
000002ff79b7dc99
000002ff82ab5dd9
000002ff9bcd4cb9
000002ffeb80ee59
0000030019e74679
0000030025d7e419
000003004a2ffe59
0000030055e473b9
00000300b7bd0e59
00000300d97734d9
00000300dc740d99
0000030100969979
000003010f62dfd9
00000301953207f9
00000301a0e77899
00000301d0eff2d9
00000301fdd9dc19
00000301fdd9e559
000003021fc7fef9
000003022e6323b9
0000030239423259
000003023aa14ff9
000003025427a719
0000030275b31999
00000302769def19
0000030277b7e499
00000302bee07479
000006061838a061
0000000001475171
0000000000000181
00000303321e4c59
0000030332aceeb9
0000030356333e59
0000030399e03a79
00000303a55951b9
00000303a65b6519
00000303ac1e4d39
00000303e9f69999
00000303ef516bd9
00000304113ca579
000003041d01a2f9
0000030422ddd7f9
000003042c3b2ab9
0000030472049f59
00000304ae5b2dd9
00000304b44d37d9
00000304cbf6c019
000003050535b059
000003052bf2e0d9
000003052cf37419
000003054e439639
000003055d0c2b19
000003058504fb59
00000305c4917159
00000305d4c7f0b9
00000305d9aba259
00000305e49702b9
000003061ad87019
0000030628196619
000003064e8c24d9
00000306973decd9
00000306c1922059
00000306fee536d9
0000030708e48a39
000003075170bc59
0000030753bb90f9
0000030772a16359
00000307742255d9
0000030799453739
00000307a9ec3b19
00000307bb4fe259
00000307ea4c8919
0000030803fd3f59
0000030811d4a0f9
000003083f602e59
0000030850f309b9
000003085470d0d9
0000030858d72379
000003086e2fd4d9
000003087515ce59
00000308b050bf39
00000308c1872399
00000308ede9f439
00000308f6cff7f9
0000030912b22a79
0000030959d44279
0000030983d4c839
000003099a7ab1f9
000003099f183c39
00000309ebdbdc19
0000030a0c362199
0000030a256c3339
0000030a347994f9
0000030a418e0999
0000030a473a6099
0000030a475d2339
0000030a7750d319
0000030a7a41be59
0000030a9e279519
0000030ab0d1d299
0000030afaf941d9
0000030b0440b879
0000030b21161539
0000030b4bb43f99
0000030b53878779
0000030b79c69c39
0000030b9f9dfa79
0000030b9fe40a39
0000030bb288b259
0000030be0195219
0000030c2a1e92b9
0000030c32615bd9
0000030c4c560a19
0000030c5ae44db9
00000618b8a33e61
0000000001475171
0000000000000181
0000030cc2fe2f99
0000030cc3710839
0000030cc373ad19
0000030ce9768139
0000030d3f082099
0000030d4ec24df9
0000030d53499419
0000030d587a09d9
0000030d915abd79
0000030dae0c8159
0000030dcce771d9
0000030dcfedbd99
0000030dd33ed859
0000030de3f29f19
0000030e06eefcd9
0000030e10dd9b59
0000030e18ef30b9
0000030e2ff7eb19
0000030e63a02519
0000030e7dc9d199
0000030e84fc5499
0000030ea8ff0839
0000030eb1a2be79
0000030eb4f98159
0000030ecf0bdc79
0000030eebee13b9
0000030ef5d95e99
0000030f185ed279
0000030f31a2ae79
0000030f332b4cf9
0000030f332b5379
0000030f47d63a59
0000030f52fea399
0000030f6e49dc79
0000030f95510c59
0000030fb55c7499
0000030ff12fca39
00000310605aef19
000003106428da39
00000310800592b9
000003109ce76019
00000310a028e1b9
00000310a6c880f9
00000310b36a8e99
00000310c453bc59
00000310caa3a959
00000310e88104d9
0000031120fb6b79
00000311365c2c59
000003113c1b0bd9
000003114625f3f9
000003114c096c79
0000031188c46af9
000003119da04f19
00000311a2c74219
00000311a52a2259
00000311a8ac22d9
00000311c1d233d9
00000311dc9c9179
00000311e285acb9
00000311fbeea8b9
0000031210a08419
0000031215759399
0000031224b2db19
000003122ad49299
000003123897bc59
000003123fbd1579
0000031278938399
000003128cc489b9
00000312a9cc1399
00000312bbab9279
00000312c5170ef9
00000312e415e959
00000312ec8465d9
0000031308ae7119
00000313530df319
000003135b61a679
00000313809bf099
00000313809c0db9
000003139411f119
00000313bdc5d719
00000313f74caa39
0000031419898e59
0000031434d2a399
0000031443d0f979
00000314550fc019
00000314680d7659
00000314680d8699
000003148dc6c059
0000031491ce39d9
00000314bbdf8459
00000314c0fa39d9
00000314c1723cd9
00000314cdbb2759
00000314ce56c479
0000031500df9159
000003152be05679
000003152be06359
0000031547e60bb9
000003154ac284b9
000003156b27a579
00000315816cc879
0000031598e8dfd9
0000062b590ddd61
0000000001475171
0000000000000181
00000315d9c45899
0000031625cb7bb9
000003162c92a199
000003162e8f84d9
0000031631365df9
0000031636ed9839
00000316411e8bf9
000003167aa23fd9
0000031685f17219
00000316923cccd9
0000031692f171b9
0000031696da91b9
000003169ef73eb9
00000316c905b839
000003171bec3c19
000003172a6ee919
0000031750ce18d9
0000031790030679
00000317995c20f9
00000317b0f56af9
00000317c3451a79
00000317c4701e99
00000317d0c532d9
00000317ea1b8659
00000317f656f6b9
00000318027740f9
0000031802e6ba79
000003180711c4d9
0000031819e675b9
0000031851d148b9
000003185f0e5d19
00000318654f2639
000003188d0f5f39
000003188e3280b9
000003188e47f639
00000318a3490b59
00000318c5fc8239
00000318df74a0b9
00000318e6f17539
0000031949514039
000003194b6866d9
000003194f0a52f9
00000319515a5999
000003196ceba359
00000319b31aa739
00000319b6b5a139
00000319d01b2479
00000319ddeea2f9
00000319f4030f99
00000319fd7f1e59
0000031a3377bf59
0000031a38a4ea99
0000031a4e5ad559
0000031a75441fd9
0000031a79f857d9
0000031a80886bf9
0000031aaf20c7f9
0000031ab999ee79
0000031ac869d619
0000031ac869d7d9
0000031ad1ddff19
0000031ae21a34b9
0000031aecc42339
0000031b14959079
0000031b2fda0bb9
0000031b6c1cea79
0000031b6ebfa439
0000031b9fd788b9
0000031ba9cc4739
0000031bb73f6139
0000031bc8d49b59
0000031bd3a10859
0000031bf552ac59
0000031c0c32cf59
0000031c0dc71019
0000031c337ed659
0000031c5fb440f9
0000031cb3eef4d9
0000031cb55df999
0000031cd3b09699
0000031ce12913d9
0000031ce1291859
0000031ce1572eb9
0000031ce7ce5e59
0000031cfb09c999
0000031cff327979
0000031d2fea1559
0000031d782cc339
0000031d79aeb319
0000031d8af5cf99
0000031dbbf21a79
0000031dd97a8499
0000031ddbd80b79
0000031e08f33159
0000031e21055d79
0000031e278da799
0000031e34371719
0000031e4c323059
0000031e55aa6719
0000031e6490f099
0000031e65784139
0000031e690f2c99
0000031e6b3a58f9
0000031e6f938ef9
0000031e8ec55599
0000031eaba21c19
0000031ece5ac259
0000063df9787c61
0000000001475171
0000000000000181
0000031f0a70a279
0000031f26fee499
0000031f3e7509b9
0000031f3e846ff9
0000031f60f098f9
0000031f6b0a3db9
0000031f6f919f39
0000031f7f4cce39
0000031fcd661739
0000031fcfc420f9
000003203bf83299
0000032040349a99
0000032042be82b9
0000032058e83099
0000032060fb5979
000003206112c6b9
000003206ff31159
00000320993535d9
00000320a3b114f9
00000320a449a7d9
00000320b8281839
00000320b83349b9
00000320d4296599
00000320eedb8bf9
00000320f0b8a819
00000320f777b379
0000032142fc2a99
000003217c679679
0000032195ba9ad9
0000032198fe67d9
00000321a0bf2cf9
00000321a36581d9
00000321a910fc59
00000321aea475f9
00000321b071a739
00000321bfbfdf39
00000321cb0ab0b9
00000321cf0ca799
00000321eccbe999
000003220ece2039
00000322359e9dd9
0000032264205b19
0000032264206c99
00000322c59f78d9
00000322ee312639
00000322f112a6f9
00000323284b0939
0000032349e153f9
000003234dfada99
000003235e82f299
0000032366a17ad9
0000032379c718b9
000003237ad2dad9
0000032382145e79
00000323a47a4b39
000003240debdf19
000003242439d6b9
000003246888b999
000003246deebb39
00000324a0497f39
00000324a9fb78d9
00000324dd2e38f9
00000324e6edf379
00000324e7080579
00000324eca7bc99
000003250384adb9
000003251972c179
000003254b85e079
000003257a3084b9
0000032586b69ad9
00000325ceb317f9
00000325db791619
00000325eec49d59
00000326303e9099
0000032635c27c39
00000326398c2c19
0000032647439a19
00000326531fcf99
00000326575dab79
00000326609c4819
000003267dcd3599
000003268b494bb9
00000326b1c298f9
00000326d848a419
00000326de35c959
00000326e6ea0b19
0000032703fdbe19
0000032707a94859
00000327117153d9
000003271d565c39
00000327246a4699
0000032755f1c639
000003277eee6a59
000003278079a879
0000032784679e59
00000327847adf39
00000327a63a64b9
00000327c4242a19
00000327db6b3e39
00000327e2a3e679
000003281906f819
0000065099e31a61
0000000001475171
0000000000000181
00000328618b55d9
0000032863f25c79
0000032877ab32b9
0000032899be3919
00000328af6b99f9
0000032957733479
0000032958393479
00000329974fc8f9
00000329a1024d99
00000329b1cb1499
00000329ded8bd59
00000329e8b997d9
0000032a153b4c19
0000032a5644eed9
0000032a5c4cbad9
0000032a839d7399
0000032a89a32cb9
0000032acde7f5f9
0000032ade1aec59
0000032afa3af859
0000032b0d5822d9
0000032b444a62d9
0000032b4ff56a19
0000032b6c5ee799
0000032c85405b79
0000032c9ecf3ad9
0000032caf3c13b9
0000032ce674a919
0000032ce8cdd819
0000032cf362f259
0000032d1b7b50f9
0000032d34eac1b9
0000032d5ca392d9
0000032d6cb855f9
0000032d829f7b39
0000032d927d13d9
0000032e041a0ed9
0000032e12ed5b99
0000032e38b934f9
0000032e7b606bb9
0000032e7ef00659
0000032eab734b79
0000032ecb4be419
0000032ed3da4299
0000032edcaa11f9
0000032edfe66319
0000032ee0c24619
0000032efac88a19
0000032f15f01b59
0000032f17d0bdd9
0000032f1c9fd619
0000032f38e990f9
0000032f51bc0bb9
0000032f5813c839
0000032f653e8659
0000032f843d4a39
0000032f84542599
0000032f95ed2f39
0000032f9e131bf9
0000032fa3148619
0000032fab209059
0000032fb2016ad9
0000032fca97dd19
0000032fd0a48399
0000032fd51a1e39
0000032fe839a1b9
000003300b4595d9
0000033013c2ce39
000003302aae9bb9
000003303e7c4479
000003304379ca79
000003306370b8f9
0000033070415b39
00000330da6589b9
00000330f8f251d9
000003312d75fef9
000006633a4db961
0000000001475171
0000000000000181
00000331ba0751d9
00000332114a7819
000003323f842739
0000033246bf1fb9
000003326129e7b9
000003326e64f9f9
00000332783df559
000003328d63c3b9
00000332ae1c2939
00000332b72b3279
0000033303d5b019
0000033338760c79
000003335e213559
0000033362687959
000003336b3c8c19
00000333714b1e99
0000033384eeca39
00000333b2d78bd9
00000333c9ef8219
00000333cff18719
00000333de176f39
00000333e89ed679
00000333f0a5bef9
000003340faed1f9
000003341537b359
000003344dc8dd59
0000033454b11e79
000003347b6c1fb9
000003347e46bd79
000003348bc5e919
000003349aaa4f39
000003349eb69fb9
00000334a6ea2939
00000334a977a9b9
00000334b1604f59
00000334ca3690b9
0000033536d16319
0000033549b98d59
000003355abbde39
00000335672a20b9
000003358cb911d9
00000335ac80ef99
00000335c886b4d9
00000335de6d6c59
00000335ebfab839
0000033616900879
00000336561c2db9
000003366bd7f479
0000033699584439
000003369edfa9f9
00000336a9d94559
0000033704ff5239
00000337247f1e79
000003372f51c159
000003372f594879
000003373b3a7cf9
000003376f3be659
00000337e851cf59
000003381ec15239
0000033832fbc2f9
0000033833d6d9f9
000003383db339f9
00000338542bdbb9
000003389c468659
00000338b6de71f9
00000338e7c79899
00000339044d9ad9
000003392a192c79
000003392a1a02d9
000003392f555919
000003395256bed9
000003395256d4d9
00000339566e38f9
0000033966cc8539
000003396f2c5af9
00000339767322f9
00000339980f55f9
0000033999776b59
00000339a3507699
00000339a91d4259
0000033a16bae899
0000033a57165539
0000033a66120419
0000033a79871499
0000033aa6aa2a99
00000675dab85761
0000000001475171
0000000000000181
0000033b001b47f9
0000033b1f6e6259
0000033b2be70f19
0000033b2f5349f9
0000033b668cb539
0000033b847d05f9
0000033badf78e19
0000033bae9408b9
0000033bc71459b9
0000033bc8a8bf19
0000033bd1475cb9
0000033bd5c138b9
0000033bd5c13a59
0000033bdce24dd9
0000033be5184c39
0000033c2cd373b9
0000033c9c0950f9
0000033cbda9e8f9
0000033cbda9fad9
0000033cd67251f9
0000033ce62a50d9
0000033d1d8c6e79
0000033d2d062a99
0000033d52f659f9
0000033d5eb22a79
0000033d713bca79
0000033dac242af9
0000033dfa97a719
0000033e190ddeb9
0000033e329452f9
0000033ecda04c39
0000033f07f53859
0000033f1df96d99
0000033f2c77c6b9
0000033f2fc7b599
0000033f67fe4e79
0000033f7842a8b9
0000033f89bb02f9
0000033fa6e91039
0000033fb56f37d9
0000033fbbac1439
0000033fe0ecba99
0000033fe3fc59d9
0000033ff1769999
0000033ff4b86939
00000340445f29b9
000003404c8c3039
00000340574dbb39
000003407d6fd839
00000340a9fd8519
00000340be2c7c39
00000340f9de9e39
00000340fe32c0f9
00000340ff8d7979
00000341868016f9
00000341b610b6f9
00000341c7548d39
00000341db301d39
00000341df385839
000003421bf9c039
0000034260ff4759
0000034264eac4f9
00000342873d20b9
000003428bfb7619
00000342b0d75699
000003435730d8f9
00000343ae13b6f9
00000343bc8b43b9
00000343d02c0c39
00000343e30f1c39
00000343e7238419
00000343f4344af9
000003440d151a79
000003440f8e4199
0000034410026919
0000034425ce6799
00000344367fc179
0000034439992b79
000006887b22f561
0000000001475171
0000000000000181
000003444c1de1b9
00000344955425f9
00000344a51b8e79
00000344b33b02d9
00000344bb772679
00000344e73751b9
00000344f2547419
000003450045f499
0000034509e6cb79
000003450e826199
000003456737bdb9
00000345921f1b19
0000034599a96279
00000345ad283d19
00000345ad284af9
00000345c2f9d2f9
00000345ed7f63b9
00000345f25cf979
00000345fa0480d9
000003462c11f899
0000034636c98599
00000346450d4139
0000034674940d99
00000346762d8b39
00000346824515b9
00000346c6ac96b9
00000346cac1e699
00000346cf640679
00000346ebdcf319
00000347472fc619
000003474e255f39
0000034771491d39
000003477ee10939
00000347bdd039b9
00000347c4d1e159
00000347d16a20f9
00000347d4e28d19
00000347d7c74479
00000347f006e079
00000347f23acdd9
00000347f25a1919
00000348206ec5d9
00000348243ee659
0000034833d60299
000003484d2689b9
00000348817cdc99
00000348d4888819
00000348d996b1b9
00000348fd3072f9
00000349098fa239
00000349326c0dd9
0000034935b17139
000003493c8e5b39
0000034949a5ac79
000003497fe054b9
000003499d1bef59
00000349bc742059
00000349d1962cf9
00000349d7f840d9
0000034a61a5ac79
0000034a723916d9
0000034a985c2959
0000034ab37ff9f9
0000034ad9eb0099
0000034addcaa7f9
0000034b1110ef59
0000034b131d8239
0000034b198a9bb9
0000034b2fa9db59
0000034b5b623d19
0000034b658aaa39
0000034b6889d739
0000034b7ff94859
0000034b897ba279
0000034b8a716df9
0000034b93fa0f59
0000034bc38f3819
0000034be3ae7dd9
0000034c2080a459
0000034c5fb241d9
0000034c64a57899
0000034c7f718bf9
0000034c8ee552d9
0000034cb400b5d9
0000034cb61f0739
0000034cd6c57e99
0000034cf58a81f9
0000034cfb8590b9
0000034cfd0e2579
0000034d03a4bcf9
0000034d223b7c79
0000034d2ad89699
0000034d3edfe779
0000034d493bc719
0000034d49acfc59
0000069b1b8d9461
0000000001475171
0000000000000181
0000034d94223499
0000034d9f4c4ef9
0000034da3777ed9
0000034da5307ef9
0000034de25f7e39
0000034df045d119
0000034e019ef8f9
0000034e11822279
0000034e3ed12099
0000034e483a9a59
0000034e4ca8b959
0000034e531571d9
0000034e5a466e39
0000034e5caab8f9
0000034e5d22ef59
0000034ea5054bd9
0000034ec1f639b9
0000034f0c8e29d9
0000034f30980b99
0000034f480424d9
0000034f5b3d1d99
0000034f5e482019
0000034fdfda5dd9
000003502a1e6079
000003503f145e39
000003506a163919
00000350767893d9
000003508b1f1659
000003509aa9eb79
00000350a450d4f9
00000350ab621fd9
00000350b1f7d039
00000350b4292479
00000350bbca0059
00000351001d0159
0000035100556e39
000003513118c2b9
000003514d3f3ff9
000003516e3a7719
000003518dbde8d9
00000351c12ad3f9
00000351e4c06a99
0000035228f20a59
00000352708a8a19
00000352744b6d59
000003528c737c59
00000352904c61b9
00000352a7f6a9f9
00000352aaf3eed9
00000352ffd69379
0000035304d045f9
00000353232786b9
000003533a2b3fd9
000003533b266db9
0000035350b97559
000003535e086af9
0000035372061f99
0000035376005859
0000035382d72df9
000003538e18c899
00000353a3921899
00000353e44f7d99
0000035408c8ecb9
0000035409454079
000003541f2f07d9
00000354336f4df9
0000035448aed5b9
0000035456a06f79
000003545af13a19
00000354982ad179
00000354b55f8359
00000354d465bcf9
00000354fa6682d9
000003551191abf9
000003552cdc3ff9
00000355434f2ef9
0000035547194b59
0000035552c3af59
0000035582a7da79
00000355c5e2cc19
0000035608c8fa79
000003561b9339d9
000003564662bc79
000003564c890959
00000356773ab539
000003568787dfb9
00000356a094bf59
000006adbbf83261
0000000001475171
0000000000000181
00000356def44019
00000356ee1e9af9
000003578a2d7699
000003578fa37139
00000357c2d4e559
00000357d59d7db9
00000357e47e7bd9
00000357ec91f179
0000035807fc1a19
000003585233d879
00000358a9a5c859
00000358ab621039
00000358ae285f39
00000358c314ae79
00000358cb231b99
00000358f0a09039
0000035919bbf439
0000035932b65a39
000003594023c1b9
00000359599c5b79
0000035969f6fb19
00000359964fcf59
00000359bcbcb5b9
00000359bccaf1f9
00000359c826e699
0000035a1a374399
0000035a2114a599
0000035a2bb34a79
0000035a65cf68f9
0000035a67763a79
0000035a8d774cf9
0000035a8eb14079
0000035a995ef939
0000035a9cbf86f9
0000035a9cbfa2f9
0000035abf3bcb79
0000035ac73f77f9
0000035acb2798f9
0000035ad5a58399
0000035adf4c05b9
0000035ae793c5f9
0000035b12eb9099
0000035b12eba179
0000035b44c8f719
0000035b4684f159
0000035b472606f9
0000035ba00ae8f9
0000035baf931539
0000035bcb755219
0000035bd2b8bf79
0000035bd326b3d9
0000035bda2b8839
0000035bf636dd79
0000035c09e31859
0000035c0e4bbd39
0000035c346989f9
0000035c46e8ad59
0000035c4b5d3bd9
0000035c5935acd9
0000035c5acd73b9
0000035c760006d9
0000035c86abab39
0000035ca707ea59
0000035caaaff4f9
0000035d013ab659
0000035d01cfab79
0000035d032877f9
0000035d1211f339
0000035d1247d399
0000035d4504a039
0000035d4fe82599
0000035d5a3404f9
0000035d5d2f30d9
0000035d61a97fb9
0000035d9f2a7e59
0000035dcc172759
0000035dec4b7839
0000035e168781b9
0000035e377d7bd9
0000035e43f8aa79
0000035e5b906e19
0000035e8446fa99
0000035ecd9e46d9
0000035f01da6139
0000035f1eb1e359
0000035f2c1815b9
0000035f2c36beb9
0000035f5f244459
0000035f60da5539
0000035f7a301619
0000035fcdc8e119
0000035fd049fbb9
000003602a8c3699
000003602bc5abd9
000006c05c62d161
0000000001475171
0000000000000181
0000036069cf05b9
0000036070a6f499
00000360864c25f9
000003609a1dd6d9
00000360e1160259
00000360f0727ef9
00000360fc825679
00000361159a24b9
0000036124a737f9
0000036148db9e79
000003614fb19dd9
0000036156a3bb99
000003617f6f6619
0000036185f51e79
000003618ebf03b9
000003619f0f3b39
00000361a34f5b39
00000361ad2e5599
00000361c72b8f99
00000361cb05e1b9
00000361cdbe0fb9
00000361d026b319
00000361d4747319
00000361d4a9f999
00000361e4821279
00000361e52dfd99
000003626eefaa19
000003628377f559
00000362b025ad59
00000362c7038659
00000362cb91a3b9
00000362dcd1df79
00000362de724d19
0000036302217619
000003631e8d1899
0000036345ad63f9
0000036389f68339
000003639b1dd399
00000363ca29a5d9
00000363d862ce99
00000363dd301d99
00000363eccc0739
00000363f8464119
0000036433c12859
000003646bc73fd9
000003646da2b359
000003647e5392b9
000003647e539a59
00000364817dd059
00000364977b28d9
000003649ba5e339
00000364a8db3419
00000364cd991359
00000364cf862699
00000364d39cf679
00000364ee36e2b9
00000364fe0a5cf9
00000365111e6c19
000003651cc96659
0000036527a1c279
000003652aba9059
000003653d5eb979
000003653d988c79
0000036578597c59
00000365896aeb99
00000365ae4cddd9
00000365bd974419
00000365cd54c819
00000365d8a6aaf9
00000366127fd0d9
0000036614e63b19
0000036615168379
00000366308a0dd9
000003663995d179
000003663adcff39
000003663c91b6b9
000003664d4ae4d9
000003665e1beb59
00000366b01e0df9
00000366d452a1f9
00000366db02b8f9
00000366e1411299
00000366f566ff59
00000367032a25d9
0000036712c9e039
000003671384c899
000003671fcfadf9
0000036727212c59
0000036735cd0c39
00000367882119d9
0000036788d912f9
000003678cabbb79
00000367a73ec299
00000367c1050dd9
00000367c4c17659
0000036832c5dbf9
000003686a176199
000003686d97ed39
000003686e41ea19
0000036876a6c4b9
00000368947f82d9
00000368a7ccb8d9
00000368d8ce83d9
00000368f2a69bd9
000003691cce6619
0000036923294579
0000036928e81c59
000003695c325ff9
000006d2fccd6f61
0000000001475171
0000000000000181
00000369864127d9
00000369d9056619
00000369dbe345b9
0000036a30f95e99
0000036a4830df79
0000036a52e81459
0000036a5a103db9
0000036a7095c099
0000036a871b8619
0000036aa7681d39
0000036ac5079f19
0000036aca1cac39
0000036ad2751499
0000036adc80ca99
0000036ae0078339
0000036b28ecf399
0000036b2ff58539
0000036b50828519
0000036b5abeb519
0000036bd7fb9179
0000036bef9c25b9
0000036bfd7b8b79
0000036c0a149d99
0000036c0e0251f9
0000036c3e228ed9
0000036cbfcd94d9
0000036cf8021f19
0000036d1f5d14b9
0000036d68091f19
0000036d788db859
0000036d8603dc39
0000036d8603ddf9
0000036da003aa59
0000036da003cbd9
0000036dc8511bf9
0000036dd717d9f9
0000036de05bdfb9
0000036e03625979
0000036e47fb8e59
0000036e54a64919
0000036e649e5439
0000036e814fc039
0000036e87e967f9
0000036e90657919
0000036e998ea699
0000036ea6e878d9
0000036eab0fc619
0000036ec2df74d9
0000036ecc321199
0000036edaad2179
0000036eeb9dc0b9
0000036ef96b2819
0000036efe287c19
0000036f3eccc3f9
0000036f4da90a59
0000036f5552f819
0000036f7d3725f9
0000036f8764a559
0000036fb7849c59
0000037010057a99
000003701a4460d9
0000037023c157d9
000003704e0bbe99
000003705493e419
000003705493ed59
00000370adfed8f9
00000370b20206f9
00000370e266b599
00000370efe2b679
00000370f08e14f9
00000370f9c43c79
00000370feb191d9
00000371069688d9
00000371072b35b9
0000037111772ad9
00000371162a8d59
000003712adaa919
00000371392a3a79
000003713f5cb0f9
000003715271bcd9
0000037155280459
0000037163d61819
00000371989b77b9
00000371a658bb99
00000371f1fee419
000003720d1a8cf9
000003721a2781b9
000003721fc218f9
000003723155fcf9
000003725dc144f9
000003725fa5b619
000003727d5107d9
000003728cfeb879
0000037299fb9039
00000372c133d399
000006e59d380d61
0000000001475171
0000000000000181
00000372e12f8c59
000003732d82de19
00000373626709b9
000003736f20b0f9
0000037395a58919
00000373c544ac39
00000373c637e7b9
00000373fd5ad7b9
0000037412014899
0000037422f59039
000003742c7a3f39
00000374402a84b9
0000037441fb8279
000003746a00b2d9
00000374715a2d39
0000037478c79979
000003747faf3039
000003749fac74f9
00000374ed8f6479
00000375213ea779
00000375280d4cf9
00000375305e5db9
00000375350013b9
000003754c1f17d9
00000375574bf819
000003755d79e719
000003756c4b8c79
0000037573502a99
00000375750b2159
00000375779a8639
0000037588f6f419
00000375b251de99
00000375d744b4b9
000003764b7b98b9
0000037678874099
00000376bef35479
00000376d4fdb539
00000376d63d0679
00000376e3658679
000003771708e2d9
0000037740599e99
0000037745d170b9
00000377651626f9
00000377667e9479
00000377791de9f9
00000377f66d1c99
0000037810c8f779
00000378a8da7c39
00000378eb61b9f9
000003791aa1a7b9
0000037940d7ef19
000003797cb3ed79
00000379ad3e6d59
00000379b5374cb9
00000379c75f3b99
00000379dba5c979
00000379fb891659
0000037a215ec179
0000037a38fc8999
0000037a3cb6e3f9
0000037a3e938219
0000037a975b33b9
0000037aaf08fd39
0000037ab4760039
0000037abe8514d9
0000037ae42fe319
0000037aea3c12d9
0000037af908e099
0000037af94926b9
0000037b0b800cb9
0000037b6425b579
0000037b6e6e8079
0000037b9ab289b9
0000037bb0ed9159
0000037bcc1a1099
0000037bdf4007f9
0000037bfd7c3759
0000037bfd7c4c99
000006f83da2ab61
0000000001475171
0000000000000181
0000037c43796559
0000037c4c024459
0000037c56ceb9d9
0000037c7c45f579
0000037c86021519
0000037cb1340719
0000037cb80a7499
0000037cc64da7d9
0000037cf8e44a19
0000037d0073ba39
0000037d03aaeb99
0000037d11bda7b9
0000037d283147b9
0000037d287cd759
0000037d287cdf59
0000037d300986b9
0000037d3819f2b9
0000037d46e69199
0000037d4ad43179
0000037da44767b9
0000037db3a1b759
0000037e17fc0619
0000037e4f7bfd99
0000037e5cc0bad9
0000037e61f93fb9
0000037e7f9d3cb9
0000037e818a82d9
0000037e8efa7579
0000037ebd401a59
0000037ec0659f19
0000037ee8334ab9
0000037ee84ca079
0000037eff5f0d19
0000037f275929f9
0000037f33a73899
0000037f3c4fc219
0000037f48b0cd59
0000037f4f8377d9
0000037f6060dad9
0000037f78ab47b9
0000037f7ed8e1f9
0000037f87013e79
0000037f8d928839
0000037fa4c09579
0000037fb49cf239
0000037fbbd0b839
0000037fbdffc559
000003800a184639
00000380225e7d79
000003803c080639
000003804d926899
000003806056b059
0000038092edf5f9
00000380d6912b19
00000380e3abb239
00000380f21c3fb9
00000380f82e4fb9
000003811906aef9
0000038120f7eed9
0000038135180df9
000003813eb6caf9
0000038140c4a119
00000381562289d9
000003819c2af499
000003819e939ad9
00000381ab8357f9
00000381c455a219
00000381d6cd46b9
000003820a63bd19
0000038211053e59
000003823105ad99
0000038247b5bdf9
000003824a490a79
0000038252feca79
0000038264ba90d9
00000382acaf1b79
00000382b96a12b9
00000382ba263ab9
00000382d981f539
00000382e07619d9
00000382e2bce3b9
0000038310f95cb9
000003831bd73819
00000383450f0bb9
000003836f8d5139
000003837d9bc639
0000038386f78219
00000383ad19c279
000003842f4df979
000003843136fef9
00000384563841f9
000003846390bbb9
00000384a8986959
00000384b5405eb9
00000384c0b8c759
00000384d5a4a959
00000384e5b41039
00000384fcb24af9
0000038500672b59
000003850656fcb9
000003850b73c219
00000385191e42d9
00000385236447d9
0000038533fdcef9
0000070ade0d4961
0000000001475171
0000000000000181
000003858123be39
00000385cb3f84f9
00000385d9b08c99
00000385dd5418d9
00000385e861a8d9
00000385e9eb54d9
00000385f97ac1b9
000003860ba56639
0000038623764739
0000038650792e79
0000038658ca37d9
000003865dc6de59
000003865efe1559
0000038727403319
000003873c5a6179
000003875758fcf9
000003879fa993b9
00000387aaeff119
00000387b1f34439
00000387b8a041b9
00000387c06d5cd9
00000387c2ffacd9
00000387d8013439
00000387db632659
00000387ed3ba4b9
00000387ed3bbc59
00000387ee508419
000003882566fa19
000003882a5da2d9
0000038840aed259
0000038876eafff9
0000038892062599
00000388e4f741f9
0000038908812d19
000003892f4e2ab9
00000389417352f9
0000038943f0be19
000003896e7642f9
00000389797146b9
000003897e000059
0000038993d690b9
00000389b5f12c59
0000038a011badf9
0000038a035959b9
0000038a38332dd9
0000038a66f3d039
0000038a7ae3bef9
0000038ab06cf199
0000038ac1a929b9
0000038ae70856d9
0000038aeb69ff79
0000038b07344d19
0000038b31a68af9
0000038b407b6419
0000038b4f9f2639
0000038b8210cf59
0000038baed212d9
0000038bb0d8ccf9
0000038bfab32c39
0000038bfb5706b9
0000038bfd605759
0000038c0f72cbb9
0000038c1c36f3b9
0000038c5ae0b259
0000038c6f0796b9
0000038c8b5e53b9
0000038d01eb05b9
0000038d08bc46b9
0000038d2052dc19
0000038d217ce1d9
0000038d2d634879
0000038d342438b9
0000038d45b05c19
0000038d5f78ce39
0000038d712f3019
0000038d73130539
0000038d7cb21059
0000038d85dd5359
0000038da380d559
0000038dc6a63899
0000038dd5eabd39
0000038de0c3b7b9
0000038e1fe11ed9
0000038e3579d999
0000038e5d595579
0000038e706b5db9
0000038e71aa2619
0000038e9c40ded9
0000071d7e77e761
0000000001475171
0000000000000181
0000038eca2ddad9
0000038eee9b9b39
0000038ef4998a39
0000038f1a73cc99
0000038f31efaa99
0000038f5f2767f9
0000038f62e69119
0000038f680ab439
0000038f68a75bf9
0000038f6fc31a19
0000038f72d2b159
0000038f7482c4d9
000003901a0d4eb9
0000039061425439
0000039079193459
000003909978bd99
00000390c84878f9
00000390f648c5f9
000003910ab939d9
000003910d25f7d9
00000391234e47b9
00000391270adaf9
000003912d82f019
000003914ac9d739
000003915a9868b9
000003916b73f0d9
00000391afd1a499
00000391cb39d5f9
00000391e2b081b9
00000391f5a96999
00000392196abcf9
000003922a8b2c59
00000392554ab039
000003927ad13039
00000392945d1ed9
00000392b3dda019
00000392da9a0a19
000003930cf568b9
00000393173c0b99
00000393177c5b99
0000039321cbff19
0000039332fe3659
000003933567ffb9
000003933f813a19
000003936be131b9
0000039375848bd9
00000393b017d8b9
00000393b0fefaf9
00000393c54c2cd9
00000393cbef2959
00000393d1844cf9
00000393dd6d34f9
00000393eee87cd9
0000039412cc3e79
000003941b4899b9
000003946ad31a19
000003946db6a539
0000039479e196f9
00000394c940c039
00000394cd0b3f39
00000394fd537319
0000039507856379
0000039520468bd9
0000039546197939
0000039546216bd9
000003954a3f1b99
0000039569d27f59
0000039570397719
0000039587acc8f9
00000395dad57f19
00000395ed60a599
00000395ef3a6199
0000039620a5a019
0000039625abca39
000003964ed28779
00000396516c8959
00000396857b8879
00000396893b13b9
00000396ad70cf79
00000396b52e3059
00000396bfe8f099
00000396c617f219
00000396d516c879
0000039749322719
000003974add2ab9
0000039750abed99
000003975eeac399
000003978a47d9d9
00000397990a7e99
00000397ad794519
00000397df62f839
00000397f3309679
00000397f51dea99
0000039805cd60b9
000003980b8d8799
000007301ee28561
0000000001475171
0000000000000181
000003981eb398d9
00000398336cecd9
0000039844939bb9
00000398577e1f19
0000039874a5ce79
00000398bb4c99d9
00000398d2919919
00000398dd03c139
00000398ecb20899
00000399a441a0b9
00000399a8c63579
00000399d25f9519
00000399e1756fb9
0000039a0b7cc7d9
0000039a15db90d9
0000039a242ff9d9
0000039a7d890539
0000039a81f77ab9
0000039a9275afb9
0000039a9b1ba179
0000039ac995cc79
0000039ad6d7f339
0000039aea0b0b39
0000039b0b2ec719
0000039b0bba7039
0000039b1ceada19
0000039b464b7939
0000039b6353c499
0000039b6bc8c199
0000039b862fa779
0000039b99b53619
0000039bacdae3b9
0000039bb4fb83d9
0000039bb98f2e39
0000039bc023ac79
0000039bc53f4279
0000039be2ee0399
0000039c0639cfd9
0000039c25acdb19
0000039c2fc52e99
0000039c30e53159
0000039c4b981df9
0000039c931e43f9
0000039cbe761fb9
0000039cc122fbb9
0000039cd41936b9
0000039d18674939
0000039d1d861b99
0000039d6ac3eeb9
0000039d6e8e7a99
0000039dc09b62d9
0000039dc1e822f9
0000039dfbe98759
0000039e007526b9
0000039e1f68c5f9
0000039e29b88239
0000039e4bb72139
0000039e871d54f9
0000039e95414379
0000039ee70c5019
0000039ef006b659
0000039ef63eae39
0000039f0692e039
0000039f129b81f9
0000039f1c7f6279
0000039f26077b79
0000039f479a7279
0000039f4b9df919
0000039f7a5ce219
0000039f8edc5839
0000039fa477ce99
0000039ffb3b5c79
000003a015a8a6b9
000003a017693f79
000003a01917eff9
000003a034fac059
000003a04197ceb9
000003a0578caa99
000003a05ca11c39
000003a073266659
000003a07ae0bf79
000003a0941c05f9
000003a0a25bd559
000003a0afe7f499
000003a0b42717f9
000003a0d0dd1c59
000003a10820ba59
000003a1373b38f9
00000742bf4d2361
0000000001475171
0000000000000181
000003a15f81cf39
000003a1b447b6f9
000003a1bd41f319
000003a1f49198b9
000003a20b1aafd9
000003a20e794b59
000003a21f615e19
000003a223fdc6d9
000003a2470f5499
000003a248a8f579
000003a278c092b9
000003a2853e9019
000003a28aa41259
000003a2a7f65259
000003a2ba2c1679
000003a2e72373d9
000003a30b2da499
000003a30d4a31b9
000003a3273b39f9
000003a33ee95439
000003a34b184a39
000003a37075e179
000003a37afc8219
000003a3a1ee18b9
000003a3b4321279
000003a3bfcbd419
000003a3e1f70d99
000003a410c450d9
000003a429933bf9
000003a4366540d9
000003a43d974a19
000003a4536ba2b9
000003a486086e79
000003a4a6ee66d9
000003a4e2543cb9
000003a4f2bd0919
000003a506d75719
000003a55816e9f9
000003a564945959
000003a58e574c59
000003a5a1c77eb9
000003a5ac20f9d9
000003a5aff67af9
000003a5bd568d79
000003a601a8dd19
000003a610964cf9
000003a61183e539
000003a627314e59
000003a63667e9f9
000003a64e259679
000003a6c7bc5c19
000003a6dfe6e2b9
000003a6fe468d19
000003a738107219
000003a75de7f019
000003a7b81d0af9
000003a7c88d0519
000003a7d36cf9b9
000003a7d5bde8d9
000003a8084c8a99
000003a847b80819
000003a867c43379
000003a87add7659
000003a8d81de679
000003a8ea65b159
000003a908d696f9
000003a934866159
000003a95fbe0e79
000003a97789ff59
000003a97d92ba99
000003a98d588fd9
000003a9997b1cb9
000003a9b6838619
000003a9bba22999
000003a9c3e6ff59
000003a9d5daff59
000003a9f1dce419
000003a9f4c4ae39
000003aa3594cbf9
000003aa496e5159
000003aa7265ef59
000003aa90c50579
000003aaa1b8e7f9
000007555fb7c161
0000000001475171
0000000000000181
000003aaea756dd9
000003aaf4a03719
000003aaff6cee99
000003ab153504b9
000003ab2344c739
000003ab32fea2b9
000003ab5bc05959
000003ab7179af99
000003ab87eed799
000003ab96bb8599
000003abd91a63d9
000003abf0d9d619
000003ac121a2c19
000003ac47fe3c39
000003ac6411ec79
000003ac6ba32fd9
000003ac75d379d9
000003ac789c2859
000003ac94357839
000003acbf1862d9
000003acdcbdb6d9
000003ad00d0e199
000003ad2cd2f819
000003ad6778a779
000003ad6e2a1c19
000003ada3756ab9
000003adb9736959
000003adb9b74839
000003ae2b0f7b19
000003ae2c8dae99
000003ae4ef5cc79
000003ae578a9db9
000003aebaafde39
000003aebef91639
000003aec6168379
000003aedaa0d8d9
000003aee55e2079
000003aefb856039
000003af01ff3099
000003af02d50099
000003af22cc3c39
000003af3ce14439
000003af3f69b879
000003af638d21b9
000003af76133199
000003af808aa679
000003af9dd55b99
000003afa4d4a7b9
000003afa4dfb059
000003afbcf21639
000003afc249a8b9
000003afd9a5f9b9
000003afddafeaf9
000003afe443df99
000003b018f96f79
000003b05dc9f139
000003b0727f6b99
000003b094b46e99
000003b0ad45edb9
000003b0af2cf899
000003b0be70ee59
000003b0c1b29659
000003b0c24923b9
000003b10e874659
000003b10f734979
000003b11dea96b9
000003b137e3be19
000003b13adb2439
000003b158a27fb9
000003b15ef4f779
000003b17e883899
000003b19dedd019
000003b1cda56cb9
000003b1dc05cef9
000003b1de481c39
000003b1e3ec1599
000003b1ee8c5559
000003b1f7c22dd9
000003b1f7d7a099
000003b23733c7b9
000003b2559c45d9
000003b257073179
000003b296ecc979
000003b2b37b8fb9
000003b2eb8d29d9
000003b34f1e6799
000003b37cc871b9
000003b384117ff9
000003b38f98fb79
000003b3b5c769d9
000003b3bdd1e079
000003b3c5d45099
000003b3c8cee6d9
000003b3c9559079
000003b3ca1f5a99
000003b3d0fb6519
000003b3d80c51b9
0000076800225f61
0000000001475171
0000000000000181
000003b40d67ad79
000003b4196b2bb9
000003b43ec75d59
000003b4415efc19
000003b4625c3319
000003b47d70b019
000003b4bfbbbe79
000003b4ccc4eb79
000003b4f4d8cb39
000003b532bec339
000003b534af8939
000003b53bc3c539
000003b53eb4b759
000003b5421835b9
000003b54d1c50f9
000003b5656a0439
000003b56e6f32f9
000003b5a37f06d9
000003b5b96a01b9
000003b5c1ececb9
000003b5cd0d43f9
000003b5daae0b79
000003b610d5c9d9
000003b61d8e8f99
000003b61e6eeb59
000003b63646f8d9
000003b65e49ff79
000003b6889f5239
000003b6995e6179
000003b699e9e939
000003b6b209be99
000003b6dbae39f9
000003b6e3c82519
000003b6ed260e79
000003b6ef1c7cb9
000003b6f51b3639
000003b733393719
000003b75348fb99
000003b781923699
000003b7a927f6d9
000003b7ae65f519
000003b7c19eb519
000003b7e6cef959
000003b7ea7709b9
000003b802a8ff99
000003b856f5a639
000003b857e08ff9
000003b8610d2039
000003b8a03512b9
000003b8ae608939
000003b8dc423a39
000003b8fea95ef9
000003b928c72739
000003b9358f3659
000003b94f6d7839
000003b9571d1cd9
000003b95c7f7999
000003b9c294bcb9
000003b9f3327739
000003ba17ae11b9
000003ba296bfc99
000003ba29a073f9
000003ba3d71acb9
000003ba413b7959
000003ba5654d839
000003bab7b5a919
000003bb2a039f39
000003bb2a03a0f9
000003bb2f3c39f9
000003bb308c1cf9
000003bb438e09f9
000003bb4972ae39
000003bb7f2af439
000003bbab223b39
000003bbb4e5c539
000003bbe1699cd9
000003bbe9af59f9
000003bbea6809d9
000003bbfc287d39
000003bc000d4a19
000003bc3ab17a39
000003bc5115cc19
000003bc62c3e699
000003bc6479c439
000003bc65d0c679
000003bc7b96a2d9
000003bc7c18d799
000003bc8c134839
000003bc9499aa79
000003bca6bce6f9
000003bca84910d9
000003bcaa4422f9
000003bcc9f27439
000003bcca3e0139
000003bcd83ae319
000003bce8966979
000003bcf664fb99
000003bcfac53519
000003bd05aa06d9
000003bd099a32b9
000003bd0be8daf9
000003bd247ee619
000003bd381c4699
000003bd381c65f9
000003bd3842f559
000003bd3e059cb9
0000077aa08cfd61
0000000001475171
0000000000000181
000003bd5e38f899
000003bd6801de79
000003bda5813bb9
000003bdd0054f79
000003be05ceb559
000003be19d4f599
000003be1aaf6d59
000003be1bdbe199
000003be27d46fb9
000003be2b574779
000003be41560b19
000003be5f307619
000003be8627e0f9
000003be8691fc39
000003be897c8d19
000003bec3a63059
000003bec72bb759
000003bed6c07999
000003beeafb2d79
000003bef88db7f9
000003bf1493b899
000003bf20e40979
000003bf45e9b719
000003bf56d259b9
000003bfb2ca2eb9
000003c027bc1b59
000003c035170059
000003c05d2e0719
000003c070c961b9
000003c08b96b559
000003c0e3ee9599
000003c0e8786479
000003c0f1e593f9
000003c12339a899
000003c1279a8439
000003c140653459
000003c154134779
000003c168437e79
000003c17ab368d9
000003c17fa75cb9
000003c19fac61f9
000003c1a61b2739
000003c1ba537399
000003c1ce3066d9
000003c1fca753d9
000003c213a421d9
000003c25a8421d9
000003c284592419
000003c29b8f1e19
000003c2ae278519
000003c2cf7bca99
000003c2e2f56599
000003c2f8a30879
000003c2fccf8d79
000003c36298b4b9
000003c3e311e179
000003c3f7bd0999
000003c3ffb2f119
000003c468cee6d9
000003c490da3079
000003c4ac1cfb79
000003c4d7849f19
000003c4e602c259
000003c502744e39
000003c534f0ed19
000003c55170ed39
000003c58b475619
000003c58f15d4d9
000003c594313759
000003c5b9449f79
000003c5c61c4e59
000003c5f17ea059
000003c5ff57c979
000003c63e842299
000003c6547ab9f9
000003c673ca8959
000003c673cb3939
0000078d40f79b61
0000000001475171
0000000000000181
000003c6a21c7559
000003c6a6b78499
000003c6aa787ef9
000003c6cec12879
000003c6d576ce59
000003c6f08c7e19
000003c71357b839
000003c71bafd4f9
000003c746f78999
000003c7496166f9
000003c755d0a179
000003c76c0137b9
000003c76da97999
000003c780a8d259
000003c789aeb819
000003c78b789919
000003c7907dd719
000003c79e44af39
000003c79e44b059
000003c7a8ecdfd9
000003c7ca233b99
000003c7d947b399
000003c7deaf1539
000003c8172967b9
000003c81e906d99
000003c826dd4719
000003c84b14d199
000003c879ad0059
000003c8a1fd3839
000003c8b873f219
000003c8b8d18b19
000003c8bc1a28f9
000003c8c74cc8b9
000003c8d82e5679
000003c90334dcf9
000003c90c6982f9
000003c91a49dff9
000003c955ce51d9
000003c95fea3df9
000003c9751f9759
000003c97b993f39
000003c9a8794119
000003c9de517619
000003c9eb8a6139
000003ca1aecb379
000003ca5938c859
000003ca5c737459
000003ca630e5a79
000003ca807537f9
000003caaff3f399
000003cab7ca3819
000003cac5276499
000003cad8164c59
000003cb01827979
000003cb1b2cfa19
000003cb31ced819
000003cb37b22f59
000003cb441c9119
000003cb53b42fb9
000003cb6d2bab99
000003cb700967f9
000003cb7d5356d9
000003cb7e909279
000003cb9526aa59
000003cbaa908e99
000003cbb75aa759
000003cbecedae79
000003cc26083eb9
000003cc4812ad39
000003cc5cafa9f9
000003cc60c9abd9
000003cc77b926f9
000003ccaaa40ad9
000003ccc8b47c19
000003ccce748259
000003cd18a31879
000003cd31807eb9
000003cdb9b93339
000003cdbca78159
000003cdcb7f9cb9
000003cdfbae14d9
000003ce42b57199
000003ce7495f739
000003ce80412fd9
000003ceb8ef3059
000003cec4571ff9
000003ceec43ccd9
000003cf246cbb39
000003cf3feff659
000003cf5c75f139
000003cf638fcef9
000003cf8b78c979
000003cf8e8cbe59
0000079fe1623961
0000000001475171
0000000000000181
000003d01eac16b9
000003d02a0cbdf9
000003d03496afb9
000003d034db08d9
000003d0405cc4b9
000003d064c4bb79
000003d06d3f42f9
000003d08886ad79
000003d08c6e7a99
000003d0c33303b9
000003d101c25af9
000003d1061923f9
000003d13bb117d9
000003d1a3e1d019
000003d1db7b8039
000003d223f834b9
000003d228f36499
000003d275a96f99
000003d2763d90f9
000003d2831a1b59
000003d2b1698bd9
000003d344f02139
000003d344fe6379
000003d34ef6bcf9
000003d351bd3199
000003d369b01319
000003d375cfbcb9
000003d375cfbed9
000003d3b0ae83d9
000003d3b435e179
000003d3bf5ca5d9
000003d3ceaa5c99
000003d41a0fef99
000003d41b991cb9
000003d445eb5819
000003d4902b93b9
000003d49a66f7b9
000003d4b576c119
000003d50595ed19
000003d525c600b9
000003d53d0d6e59
000003d547f6f2b9
000003d5b0e33639
000003d5e29a0e79
000003d614444439
000003d61bd566f9
000003d61e601319
000003d6296b8939
000003d639027ef9
000003d639028cf9
000003d66310ebf9
000003d664041fd9
000003d66467c8d9
000003d67cdc3c99
000003d67fc2cbf9
000003d6add33a39
000003d6bc0865b9
000003d6db7c5379
000003d71e40bbf9
000003d724aced99
000003d739e62b39
000003d7428d3bd9
000003d745bf9999
000003d756a833b9
000003d7649d2e99
000003d791602359
000003d7bc49d5f9
000003d7f0492f99
000003d813860d39
000003d81d87d219
000003d84ee7ebb9
000003d8643f4179
000003d882c9be79
000003d89fd4b099
000003d8bc116339
000003d905efdef9
000003d9182b8b99
000003d91ac100d9
000003d938f01099
000007b281ccd661
0000000001475171
0000000000000181
000003d968bec259
000003d999764f79
000003d9c920cdf9
000003da3ffda499
000003da7280b8b9
000003da91a0d999
000003dab47a8ed9
000003dab82063d9
000003daefa6a639
000003db099b2a99
000003db323e5a99
000003db5adf44b9
000003db6da154b9
000003db93e87359
000003dbad57f759
000003dbb437cab9
000003dbcccbc779
000003dbf5209ef9
000003dc31785af9
000003dc3e917659
000003dc44775399
000003dc472d0ab9
000003dc4a0d33b9
000003dc5152af99
000003dc5e5601b9
000003dc7a6d00d9
000003dc83cfaa19
000003dc9de66199
000003dc9e579e79
000003dca6ac1fd9
000003dcca4b2739
000003dccf8393f9
000003dcf9fef0b9
000003dd12d8e319
000003dd50ef9c59
000003dd8e161c19
000003dda8e02319
000003dda98852d9
000003de09f9e359
000003de125bedd9
000003de159086f9
000003de1cda8919
000003de4e64dab9
000003de54fc9e39
000003de81df8999
000003de86086a19
000003dec0ec2359
000003defb7390f9
000003df1033f359
000003df168c3999
000003df1f291859
000003df2ebf2339
000003df2fe23f99
000003df70a793f9
000003df77b02379
000003df78b9ba19
000003df7bffde19
000003df935b0699
000003dfd383be39
000003dfd4b7da99
000003dff9767f99
000003dffa4685d9
000003e00132c439
000003e01099d0b9
000003e037e70279
000003e038fc9679
000003e0414a24b9
000003e04ad5f8d9
000003e04ffb7cd9
000003e055bb16b9
000003e062d05f59
000003e097c23079
000003e0a121d179
000003e0a18a11b9
000003e0af335419
000003e0d0a67759
000003e0d9e30539
000003e0e9e298b9
000003e124d35379
000003e12b920bd9
000003e1659b22b9
000003e18cf47899
000003e1951da4b9
000003e19a675879
000003e1c90588f9
000003e1f64ea239
000003e2239d8ff9
000003e24ecf7d79
000007c522377461
0000000001475171
0000000000000181
000003e2993c4279
000003e2a0799f19
000003e2ba186239
000003e2c0d221d9
000003e2d9b03519
000003e2e04cf339
000003e2ef629339
000003e30643ef39
000003e321935ed9
000003e3349130f9
000003e3601e7859
000003e396b331d9
000003e39e01e939
000003e3b1da3199
000003e3cee9ab39
000003e3d52c2cf9
000003e3d8702339
000003e3dec91db9
000003e3f8662d79
000003e405feb9f9
000003e41ede7019
000003e449bfd039
000003e456a14c99
000003e486c7c3b9
000003e4b2cc57b9
000003e4d59c4f19
000003e5127328f9
000003e51d0f1ef9
000003e53c3e2139
000003e54d290539
000003e5510acd79
000003e553a46839
000003e55abe3639
000003e5721f2dd9
000003e58b8e9479
000003e5abab8159
000003e5aef33e59
000003e5b1fc4cd9
000003e5c232c2d9
000003e5d9623bd9
000003e5ea3666f9
000003e5f33e8ed9
000003e5f905f359
000003e619ed8e59
000003e621a472f9
000003e645f1d5d9
000003e649c3c019
000003e672637f19
000003e687b5f3d9
000003e6cc0a8ef9
000003e6d880f819
000003e6d8efc899
000003e70e3faab9
000003e7174172f9
000003e720103859
000003e72b346439
000003e751327119
000003e79878cc59
000003e79d65fc79
000003e7dde208b9
000003e8142df759
000003e844a1a139
000003e84e058c99
000003e87f57f4d9
000003e891256519
000003e8c7d31d59
000003e8caec5599
000003e8e3b6ec59
000003e8ffc1d7d9
000003e92120a1f9
000003e928098cf9
000003e93507bc19
000003e97560ba19
000003e9af858df9
000003e9c92572b9
000003e9d2d0ca79
000003e9e66c9339
000003ea0ae18cb9
000003ea0b30d639
000003ea144bf5b9
000003ea352c10f9
000003ea3c16d7b9
000003ea3fd93499
000003ea4cab4d39
000003ea5ce33619
000003ea61ace619
000003ea6900fdf9
000003ea6e3f0b19
000003ea84e7d1b9
000003eaac537c19
000003eabe200639
000003eaddc0aa39
000003eae284dff9
000003eb27079af9
000003eb296a3019
000003eb4776b939
000003eb7da87ef9
000003eb8ac079b9
000003eb8fe771f9
000003ebcb17cf79
000003ebd060a399
000003ebd7783ed9
000007d7c2a21261
0000000001475171
0000000000000181
000003ebf8c92df9
000003ebfbb661f9
000003ebff0cf8b9
000003ec2003fe19
000003ec56d408d9
000003ec628a64f9
000003ec877704b9
000003ec8ab90839
000003ec8adf28b9
000003ec9569f739
000003ec9664a819
000003ecaa006b79
000003ecb8fd6619
000003ecba873a99
000003eccb286839
000003ed0f89a199
000003ed25fb4259
000003ed35f49219
000003ed39ed94d9
000003ed4b5a6d79
000003ed5f625039
000003ed6cb9f579
000003ed70b232f9
000003ed858fe4f9
000003ed944f6279
000003ed9bd78a39
000003eda1bbbf39
000003edab887059
000003edbe1cc939
000003edd2055279
000003edda2884f9
000003edf9e820d9
000003ee1b17f559
000003ee3ae000f9
000003ee6b4f7e59
000003ee8a7436b9
000003ee966d7d79
000003eea53f3559
000003eec566f3b9
000003eee11ac999
000003eef52ff519
000003eefc73d259
000003ef00f87d19
000003ef03cf0c59
000003ef12a2a2f9
000003ef27b802d9
000003ef361f52d9
000003ef60b4aeb9
000003ef6728aa79
000003ef68fd89d9
000003ef84dd8f59
000003efb69585f9
000003efb76dec39
000003efe6119d19
000003efe70e7419
000003eff01d6259
000003f01c5d4e59
000003f05d1a6619
000003f067ecf979
000003f069464eb9
000003f08deb3f19
000003f0a36e8499
000003f0c3a70ed9
000003f124617b79
000003f1282fadf9
000003f12e5cdcb9
000003f14d108d39
000003f1881a8079
000003f1d2974e39
000003f1f0a2ffd9
000003f2225da839
000003f2604125d9
000003f30c15c439
000003f323dd5cf9
000003f3296cfeb9
000003f347db17b9
000003f37fb97239
000003f398bbc859
000003f3accf71d9
000003f3b96e7839
000003f3d75e55f9
000003f3e25d6539
000003f3e25d6bf9
000003f3eec3b1d9
000003f3f659dcf9
000003f40ab2c5b9
000003f4b165ccf9
000003f4b46b7019
000003f4baab2fd9
000003f4c59e8d19
000003f4d5b1dc39
000003f4e3bcc479
000003f4fce03a19
000007ea630cb061
0000000001475171
0000000000000181
000003f5444ae0b9
000003f580810219
000003f599988dd9
000003f59e33d919
000003f59fb370b9
000003f5c5f442f9
000003f5e32d5c19
000003f5f3eb1079
000003f6111df479
000003f6201b9559
000003f6b0920459
000003f6e2c27e99
000003f6e9675979
000003f702bde7f9
000003f703696c19
000003f735c01c79
000003f7bc3b6dd9
000003f7da5fb739
000003f7e04cdc19
000003f7f341bb79
000003f803f2cf39
000003f8123dfbb9
000003f8180e6cd9
000003f81de5d039
000003f820a24359
000003f831e7da79
000003f8384bfa59
000003f84644c3b9
000003f8d36421d9
000003f8e9d70279
000003f90118cfd9
000003f92c7cbd39
000003f944233719
000003f9609319f9
000003f9af182999
000003f9c2e74339
000003f9c52f8b99
000003f9f1b7d999
000003f9f74e0bd9
000003fa37bde759
000003fa56f91699
000003fa61c8ffd9
000003fa66c88999
000003faf664bc19
000003fb189453b9
000003fb1c0a1a99
000003fb20cb0d19
000003fb4353db99
000003fb830766b9
000003fb830d9659
000003fbc8ee8359
000003fbec3ccfd9
000003fbee5784f9
000003fbf4ab5359
000003fc33c02039
000003fc34ce5259
000003fc3c751ef9
000003fc52a818f9
000003fc6ed606d9
000003fc967e04b9
000003fcb4634b99
000003fcc94a99b9
000003fcca5cb3f9
000003fce4aaa8b9
000003fd2f3cd5b9
000003fd68d93f59
000003fd6ad2d6f9
000003fd6faf7f99
000003fdd9564119
000003fde49c8939
000003fdfb7c46d9
000003fe0dd26719
000003fe11191b79
000003fe1eb467b9
000003fe4847c5f9
000003fe5ba6b1b9
000003fe79cbef79
000007fd03774d61
0000000001475171
0000000000000181
000003fe855ac7f9
000003fea03f7eb9
000003fed837a5d9
000003ff30c34b39
000003ff3ccc3679
000003ff675286b9
000003ff74059f39
000003ff7b9fd999
000003ff8df964b9
000003ffa9c2fa99
000003ffc5c8a899
000003ffcd5ec5f9
0000040001a3db59
00000400143783d9
00000400180a0499
0000040025116659
000004003c0e0f19
0000040044808ef9
00000400b47c1ed9
00000400d2d56ff9
00000401b70f3b79
00000401fd5d43b9
00000402507f2c19
000004025ba00419
00000402711872d9
00000402e068d419
00000402ea0fc179
00000402eb307e19
00000403396c6039
000004033d7e0e99
0000040349f6ca99
000004034f5b69f9
000004035800e759
000004035de27bf9
000004038b2755b9
000004042af8b959
0000040441194619
000004044b3ab4b9
0000040467126d19
000004047cd62bb9
000004048c26a379
00000404fb17aa39
000004053077caf9
00000405348673b9
000004054e03fbf9
0000040556545279
0000040566873bd9
000004056a5394d9
000004056ef56f19
0000040577660f79
000004059b3d1fb9
00000405a33fad39
00000405d36e2c19
00000405efc4a7d9
00000405f28d51d9
000004060f977039
000004062888cff9
000004062b684b99
0000040639f635b9
0000040659ba8419
00000406773d7859
00000406b5856699
00000406badbef19
00000406c231f539
00000406c2e286b9
00000406c4091f19
00000406dc2e1419
00000406e5a7a719
00000406f1a1e079
0000040709b0ea79
000004072c9e21b9
000004072ee6a2d9
000004072f21ea19
000004072fd81079
00000407346953d9
00000407651f4159
00000407663457b9
000004079f3fa1f9
0000080fa3e1eb61
0000000001475171
0000000000000181
00000407deaf0479
00000407f8fbeb59
000004080509d259
00000408476075b9
00000408889144f9
0000040889c66379
000004089f9e6eb9
000004089f9e8f39
00000408b416ced9
00000408dfe569f9
00000408eb25f0b9
000004090849dfb9
000004090d339c79
0000040920387679
0000040976c26819
00000409a230e2f9
00000409b7a17e99
00000409dc897e99
00000409ffbe3ef9
0000040a0fd7de79
0000040a511d6f99
0000040aa3506df9
0000040aaba40a39
0000040ab0f10919
0000040ab4c905f9
0000040ae6dffd99
0000040aebbe3219
0000040afced3f19
0000040b060a5919
0000040b72e69559
0000040b89472f39
0000040be67a4119
0000040bf221e6b9
0000040bf6942099
0000040bf7d80739
0000040c02cdad39
0000040c032f2e59
0000040c047d2239
0000040c0cdc34d9
0000040c18902bb9
0000040c330df479
0000040c491ee8f9
0000040c623e44f9
0000040d39533399
0000040d4e4dead9
0000040d72e3c439
0000040d7e65d979
0000040d9bb13d39
0000040dced84419
0000040e764d5d19
0000040eeb1317f9
0000040f0204c079
0000040f388d3b59
0000040f579c9bb9
0000040f59006019
0000040f7f3c6939
0000040f93fa61b9
0000040fabc30d59
0000040fc24da9d9
0000040fd30f03d9
0000040ff05702d9
000004101fd5e879
0000041022f488f9
000004103a9012f9
000004104f288859
0000041087086d59
00000410a81678f9
00000410b1f1ca39
00000410ea5a32f9
000004110a3707d9
000004110b6fcdf9
000004110e8fc179
00000822444c8861
0000000001475171
0000000000000181
00000411768e0f39
000004118547b819
000004118a4efc99
0000041198e6b3d9
00000411fb88a139
00000411fb88c059
0000041270a576d9
00000412a238d3b9
00000412d6d68979
00000412f52e4939
00000412fd797e19
000004135f43b2b9
00000413619d2a59
00000413730b4439
000004137634a219
0000041390a319b9
00000413999a9fd9
00000413ac767a19
00000413b1eabd19
00000413c7fb3919
00000413e7d55f39
00000413ec63af19
000004140ce4eb19
000004144a86e0b9
000004145036da19
00000414631536f9
00000414a60a2379
00000414d799a859
0000041509040f59
000004151282a439
000004153b467fb9
000004153b468719
000004153d110099
000004155b4d26d9
000004156e9963d9
0000041586fef859
00000415a9aa48f9
00000415ae81b879
00000415b5196759
00000415b7392d19
00000415d238a559
00000415e9f01d99
00000415fa8c25d9
0000041655470ad9
0000041659e7e679
000004167a442d59
00000416841b5319
0000041692be49f9
00000416f46849b9
00000416fdf06579
0000041719fc4f59
00000417348e5a39
0000041737dadc59
00000417419c9859
0000041765033c59
000004176c135c79
00000417d80ca2d9
00000417f1928dd9
00000417f226ee19
0000041804028a79
000004180baa2b79
00000418393e55d9
0000041846af5999
000004188f7fc979
00000418a4744cb9
00000418ecfbc639
00000418f199f3f9
000004196b54dab9
000004196fc00ef9
00000419781a7c99
0000041978558079
0000041981ec1879
00000419884cd379
00000419c8501ff9
00000419d243bd99
00000419e1a4b019
0000041a2b28d1b9
0000041a505954b9
00000834e4b72661
0000000001475171
0000000000000181
0000041a752f03d9
0000041aa8a433f9
0000041af74636f9
0000041af9cd0d19
0000041b182ab979
0000041bbe5b08f9
0000041c1cdaacf9
0000041c28589299
0000041ca3634db9
0000041cc27fa499
0000041cebacd119
0000041cf4b0d3d9
0000041d1b1e6a99
0000041d3a7b5139
0000041d3fa216f9
0000041d6d6e1219
0000041d7e8ed899
0000041da3ab1f99
0000041daf0e5879
0000041db75294f9
0000041dd3ad2c79
0000041e1861d919
0000041e2cb22819
0000041e586b4759
0000041e753c1e79
0000041e86e6eb39
0000041e871f5ff9
0000041e8b6f4979
0000041e92e3ab19
0000041eece50af9
0000041f57ce0339
0000041f7d431739
0000041f86eedbd9
0000041faad3a2f9
0000041fce2076f9
0000041fdbb3b9f9
0000041fdef16099
0000041fe3076fd9
0000041ff2b857f9
0000042011541fb9
000004204075eaf9
000004208b739ab9
00000420aa5b3959
00000420ca342359
00000420d6e68499
000004210f2899b9
0000042121821e79
0000042126abb819
00000421523d27f9
000004215d619cf9
0000042183303b39
000004218b586099
00000421cfbf4339
00000421d33c88f9
00000421e31aff59
00000421e3a5f059
00000421ed543e79
00000421fc677ab9
0000042249f610b9
0000042254674c19
00000422568670f9
0000042261320299
000004229adc1c99
00000422a97ee139
00000422c3c08939
00000422ce7b3879
00000422d36b0bd9
00000422da1ef2b9
00000422eaf9acd9
0000042328e60af9
00000423417d1c59
00000423a3302cd9
00000423a96f4679
00000423ad2c0eb9
00000423b2a806f9
00000423bd9cfe79
000008478521c361
0000000001475171
0000000000000181
00000423eb08f5d9
00000423ec2b3319
000004241cac8639
000004242bc78319
000004245c79bf59
000004245f848d99
0000042477d6a899
000004248ea19eb9
00000424b92d0099
00000424c21c4639
00000424ca679259
00000424f91e7559
000004259681d739
00000425a2e006f9
00000425d4027af9
00000425efbda659
000004260ca32bb9
000004261e6fd1b9
0000042624e12619
000004262d767499
000004262fbf9679
00000426341097f9
00000426355548d9
0000042654bb59b9
0000042682396f79
00000426984ad3f9
00000426c9729c19
00000426d712d119
00000426d8b0e3d9
00000426dea6ecb9
00000426f40074d9
0000042722f07ab9
0000042736aba219
0000042741fc7d99
000004275bba29d9
00000427b25b3159
00000427cc244659
00000427d05f4a59
00000427d43c2b59
00000427e7873459
00000427fbe57179
000004282e454259
0000042833e98839
000004285076c0d9
00000428659a7819
00000428792e6fb9
000004287be5afd9
000004288466f839
000004288c038519
0000042893cdd8f9
0000042899165a59
00000428c97174b9
00000428eb9746b9
00000428edb0f8f9
0000042934e86359
0000042962768b99
00000429be4dc379
00000429c86429b9
00000429db4938f9
00000429fe8c0399
0000042a30c09ad9
0000042a39758439
0000042a3b8fa3f9
0000042a45224af9
0000042a63d74a99
0000042a93e46919
0000042a9f11c0f9
0000042aa22f6839
0000042aba666dd9
0000042ac5815af9
0000042ac5817499
0000042b55d97cd9
0000042b63c148d9
0000042b88237c19
0000042bb24ba859
0000042bc6c0bc39
0000042bff6b39d9
0000042c0c8d4e99
0000042c191387d9
0000042c2ab95739
0000042c43d9bc99
0000042c4f1908d9
0000042c63d9bdd9
0000042c99d793b9
0000042ca3a13ed9
0000042cab322879
0000042cb9880919
0000042cc9fcf199
0000042cd313b499
0000042cdbfb95d9
0000042cebb4dbd9
0000042cf038d5d9
0000042cf18235b9
0000042d04e8a5d9
0000085a258c6161
0000000001475171
0000000000000181
0000042d4663d879
0000042d49960db9
0000042d4adc4039
0000042d4c947339
0000042d557cc999
0000042dcc164b39
0000042de6bf9bb9
0000042deeee1bb9
0000042e050aacd9
0000042e0b34fe79
0000042e0b350fb9
0000042e0b351179
0000042e30dace79
0000042e3ee55939
0000042e44d26ff9
0000042e4e4f5f19
0000042ec734d839
0000042edaf20799
0000042eed837319
0000042f05410eb9
0000042f39359c59
0000042f4fb8af99
0000042f649cfad9
0000042f9211bb99
0000042fa7632b19
0000042fb001a4f9
0000042fdea3b0b9
0000042fe4966dd9
0000042ffe4620f9
0000042ffecff219
000004300d329159
000004304bdb69f9
0000043058707c59
0000043058eb6f19
0000043067e14039
000004306b23db59
00000430720da099
0000043107ce9ed9
000004314254bb99
0000043144353419
00000431471f3679
0000043177dc8399
0000043179313739
0000043183c52f59
000004319829c6b9
000004319829c879
00000431aabb72f9
00000431ad384ab9
00000431df1773d9
00000431f337ff99
00000431fc418fb9
0000043201b326d9
000004321b18ba39
0000043224497ad9
000004323eee3879
0000043269fe0219
00000432725774f9
00000432a4c91139
00000432ac37b1b9
00000432b7348219
00000432f62e4259
0000043333c75519
0000043338d72079
0000043368e42919
000004338202e5f9
0000043389663b59
00000433aaa38819
00000433b46200b9
00000433b90c31f9
0000043410fd2879
000004341296e799
0000043433a8b0f9
0000043456f4b839
0000043459b710f9
0000043461de8b39
000004346f1ba7f9
0000043496034a39
000004349771d4b9
00000434d151f2f9
00000435083e3719
000004350c8d4fd9
00000435298862f9
0000043545d83ad9
0000043545d83cb9
0000043585bdb5f9
0000043596ebd159
000004359a6dda39
00000435a0a68419
00000435d14a5d79
0000043613caed99
0000043632c25839
0000086cc5f6fe61
0000000001475171
0000000000000181
0000043679d326f9
00000436815aeb59
000004368720de79
000004369c1012f9
000004373d758859
000004374b4479b9
0000043758a97fb9
000004376939fcb9
0000043769c300b9
0000043770634259
00000437749239f9
000004378ba85619
00000437924b5f79
0000043796fb39b9
000004379b5c2dd9
00000437b1a49199
00000437b6481c79
00000437b9861fb9
00000437c0d31bb9
00000437c1384ef9
00000437c57ecbb9
000004382db56779
000004383b731859
000004384a6f0079
00000438652b33d9
0000043873ddd999
0000043879dc0899
00000438a14b47b9
000004390c3ec299
000004396da8b019
0000043979c45fb9
00000439852d0799
000004398ad37fd9
00000439a5365719
00000439bd332c79
00000439cc6f8139
00000439f18440d9
0000043a1922d799
0000043a26c88bf9
0000043a2f8285d9
0000043a30d01999
0000043a3ae5cb39
0000043a467a0779
0000043a53451f59
0000043a650832b9
0000043ab197ee19
0000043ab9ec8919
0000043ad48f9919
0000043ae05cd8d9
0000043b0c20b2d9
0000043b26f00f19
0000043b345c28f9
0000043b3ba44dd9
0000043b45ade179
0000043bc1f96459
0000043bc4809c79
0000043bc8102ed9
0000043bdbf86419
0000043c13058379
0000043c3398bbd9
0000043c3637bfd9
0000043c58c115f9
0000043c6e036979
0000043c72c58139
0000043c9e247e59
0000043ca0e9bd99
0000043cc8331cb9
0000043cd89555b9
0000043cdd322119
0000043cfed0deb9
0000043d81a71b99
0000043d873c8a39
0000043d89501d79
0000043d96b51cd9
0000043debbcf019
0000043debf8a919
0000043df64cf2f9
0000043e077b8619
0000043e6e565399
0000043e7db1fb59
0000043eb0582d19
0000043eddb54819
0000043ef137bf19
0000043f256011b9
0000043f41d0f1b9
0000043f8eb0d959
0000043faea92779
0000087f66619b61
0000000001475171
0000000000000181
0000043fbd579959
0000043fc8528539
0000044020904eb9
0000044026ab7739
000004403a23e059
000004406337ffb9
00000440a8e66459
00000440cb990999
00000440dd41a499
00000440eec38639
000004410f2314f9
000004411bf09c59
0000044136f41339
000004413ac56dd9
0000044141d8e979
0000044144c604f9
0000044145338a59
00000441580a0ef9
0000044160553ff9
00000441734c3bf9
000004417ec1b559
000004419467b839
0000044195237539
000004419ba8c479
00000441a780bcd9
00000441a877e5d9
00000441bd6ec1d9
00000441ca4568b9
00000441d51b2479
00000441db90ccd9
00000441ed3eb6d9
0000044204b722b9
0000044215760e79
000004422d929839
000004425aadfcf9
00000442823d4879
00000442a9527e39
00000442df861b99
00000442faeb91b9
00000442ff95bf59
00000443092be3f9
0000044317fbe3d9
000004431a7e3359
000004434a345879
00000443583ed339
000004436cc785f9
00000443ae6ec5f9
00000443b733f019
0000044401ae3e99
0000044405d6ac39
000004440b102e19
000004441e362e19
0000044438bce119
00000444407763d9
000004445711e299
000004445d1c62f9
000004445f160e99
0000044460945259
00000444760e2199
0000044499551779
00000444d07e14d9
00000444ff672ab9
0000044515303cf9
000004451a533959
000004451a5346b9
000004453e065219
000004453fcf8299
0000044553563959
0000044555b0f559
000004455989aad9
000004456fbd2699
0000044573373a39
000004457971f239
00000445c8e427f9
00000445c91a81d9
00000445d5afec39
00000445e6883ed9
00000445ed9476f9
000004460fb3e959
000004462afe5079
000004462fd24999
0000044644789839
00000446480517f9
000004464ddd7b79
000004465873f4d9
000004468c88ba39
00000446a85dfdd9
00000446b45f3439
00000446c3ef3ff9
00000446dad1b099
00000447154acbf9
0000044737191499
000004476403fb19
0000044771503519
0000044787390bf9
000004478b6b9919
000004479782e6d9
00000447a3f2e399
00000447b1ae9479
00000447cc5cbb79
00000447e1c9e4f9
00000447e635b8b9
000004481a234239
000004481a235279
0000044822922139
000004486c79ccb9
000004487687f099
00000448d373e139
00000448e46cb1d9
0000089206cc3961
0000000001475171
0000000000000181
0000044947d26c19
00000449666f0a19
00000449666f17f9
000004496f1682f9
0000044992db7f79
00000449b991bc79
00000449c077e719
00000449d2c8a4d9
00000449e1a64fb9
00000449f51dbe19
0000044a0aed2d59
0000044a1009d019
0000044a412466b9
0000044a5332c8b9
0000044a707a7619
0000044aa24a7659
0000044aa7de8eb9
0000044ab89f4999
0000044ac0eacbb9
0000044aca333019
0000044ae37f6f79
0000044aea14acb9
0000044afecc1a39
0000044b0a034f19
0000044b373fa239
0000044b5081b939
0000044b8a13e0b9
0000044b9ca9f419
0000044ba08e24f9
0000044bbb7a4019
0000044bc41ec119
0000044bf2563239
0000044c05f96c79
0000044c0b21d0d9
0000044c353dead9
0000044c45a66039
0000044c4a5acf99
0000044c864a1079
0000044c908da259
0000044cc3fcae19
0000044cd17238d9
0000044d2dfc41d9
0000044d35a8c759
0000044d78cb81b9
0000044d994696d9
0000044dca93b6b9
0000044dfeb63dd9
0000044dff6a8bd9
0000044e3bd98c79
0000044e4d46b119
0000044e6ab47cf9
0000044e7ed590b9
0000044e96d27619
0000044e96d277d9
0000044e9e277a99
0000044ebe9b01f9
0000044ec18621b9
0000044ec443c459
0000044ed5fa1b99
0000044f22976bd9
0000044f53867759
0000044fe9ac6039
0000044fee074839
0000045011656139
000004503781cd79
00000450386b7b99
000004503dfa1bf9
000004503f01ba59
0000045051313f79
000004505df9b759
000004508bac6a39
00000450c2408039
00000450ccf5d9d9
00000450e9f30419
000004510ffac199
0000045123da24b9
000004512ef3b379
0000045181161999
000004518410b999
00000451a51e3b79
00000451a8b746b9
000004521544d739
000004521f1f9ef9
0000045247592139
000008a4a736d661
0000000001475171
0000000000000181
0000045296a18559
00000452b8451fd9
00000452c9ec1f39
00000452d4a75e59
00000453137c1719
000004532fd4e539
0000045330ad0d99
000004541e75f3f9
000004541eb6a959
000004546dd60ab9
000004546e8637f9
000004548d63cb39
000004549fc30b79
000004550cc93b19
000004551db179d9
000004551f3e4559
0000045544575799
00000455448c8719
00000455cf35fd39
0000045612774d59
00000456138ba5b9
00000456299d8259
000004562d446659
0000045640084579
000004566fb25bb9
00000456ae2de0b9
00000456cae22a39
00000456d1a283d9
0000045770765119
0000045783c09a79
000004578644aad9
00000457b2b57e99
00000457ed537b79
0000045807b1a5d9
000004580d1e2739
000004581a81aff9
000004581acc7019
0000045833129839
0000045899891af9
00000458ea3c23d9
0000045908a9fef9
00000459432c0b79
0000045949d587b9
000004599cd25979
00000459b65bf6b9
00000459bcafc139
00000459bee13419
00000459d8119719
0000045a0adf2759
0000045a34bdceb9
0000045a77b46079
0000045a7c57ee79
0000045a9b153379
0000045aa6cc6bd9
0000045adfe99879
0000045aec78e039
0000045aff07b339
0000045b24fade99
0000045b2a6204f9
0000045b547eeb19
0000045b6325d159
0000045b8e682619
0000045b9725bc79
0000045b9af0d6f9
000008b747a17361
0000000001475171
0000000000000181
0000045bdcb98359
0000045bf76546b9
0000045c05917d39
0000045c1b3c3639
0000045c247d44f9
0000045c4f521899
0000045c7de46599
0000045c92b8ffd9
0000045cd05f72b9
0000045cd63efa19
0000045d07fa1e99
0000045d0ba924f9
0000045d11d14a99
0000045d135e6e19
0000045d15537cb9
0000045d6ec78e99
0000045dc96312b9
0000045dd628dcf9
0000045dd8281839
0000045dd85becd9
0000045dd8a1ca39
0000045de45b53f9
0000045e55a12079
0000045e55a13739
0000045e5729c399
0000045e93bb1839
0000045ea0f93319
0000045eb76f5a59
0000045edc17ff59
0000045ef0eaf439
0000045f06f2f399
0000045f06f30c39
0000045f162a03b9
0000045f2e655879
0000045f2e657739
0000045f37f07bf9
0000045f511edff9
0000045f7112ff19
0000045faa68d2b9
0000045fb2bf87f9
0000046002cb93f9
00000460252a7a19
0000046037834f79
000004605dd908b9
000004606cb7f439
00000460800cab19
000004609d9251f9
00000460a4e6a259
00000460c6aa0579
00000460cb417ef9
00000460f5a47c79
0000046104d36d79
000004610af8b579
000004614ac29fd9
000004614cc3fd39
000004615e7ac9d9
000008c3023b7c61
0000000001475171
0000000000000181
