[MCS8 A] 97 FW 3.104 SV 1.257 
range=1024
periods=2
sweepmode=27e20d0
fstchan=0
holdafter=0
streamstatus=3
calreg0=0
calreg1=0
calreg2=0
calreg3=0
swpreset=8000        
prena=1
syncout=0
cycles=18
sequences=1
tagbits=16
vdac0=92c
vdac1=805
vdac2=8c8
vdac3=8c8
vdac4=8c8
vdac5=8c8
vdac6=8c8
vdac7=8c8
timepreset=150.000     
digio=0
digval=0
autoinc=0 
savedata=2 
mpafmt=asc
sephead=0 
fmt=asc
smoothpts=5 
[CHN1]
REPORT-FILE from 06/25/2026 13:55:25.691  written 06/25/2026 13:55:25
cmline0=06/25/2026 13:55:25.691 
cmline1=A1
range=1024
active=1
bitshift=4
cftfak=2580100
evpreset=10          
roimin=0
roimax=1000
caloff=0.800000
calfact=12.800000
calfact2=0
calfact3=0
calunit=nsec
caluse=1 
[CHN2]
REPORT-FILE from  written 06/25/2026 13:55:25
cmline1=A2
range=1024
active=0
bitshift=4
cftfak=2580100
evpreset=10          
roimin=0
roimax=1000
caloff=0.800000
calfact=12.800000
calfact2=0
calfact3=0
calunit=nsec
caluse=1 
[CHN3]
REPORT-FILE from  written 06/25/2026 13:55:25
cmline1=A3
range=1024
active=0
bitshift=4
cftfak=2580100
evpreset=10          
roimin=0
roimax=1000
caloff=0.800000
calfact=12.800000
calfact2=0
calfact3=0
calunit=nsec
caluse=1 
[CHN4]
REPORT-FILE from  written 06/25/2026 13:55:25
cmline1=A4
range=1024
active=0
bitshift=4
cftfak=2580100
evpreset=10          
roimin=0
roimax=1000
caloff=0.800000
calfact=12.800000
calfact2=0
calfact3=0
calunit=nsec
caluse=1 
[CHN5]
REPORT-FILE from  written 06/25/2026 13:55:25
cmline1=A5
range=1024
active=0
bitshift=4
cftfak=2580100
evpreset=10          
roimin=0
roimax=1000
caloff=0.800000
calfact=12.800000
calfact2=0
calfact3=0
calunit=nsec
caluse=1 
[CHN6]
REPORT-FILE from  written 06/25/2026 13:55:25
cmline1=A6
range=1024
active=0
bitshift=4
cftfak=2580100
evpreset=10          
roimin=0
roimax=1000
caloff=0.800000
calfact=12.800000
calfact2=0
calfact3=0
calunit=nsec
caluse=1 
[CHN7]
REPORT-FILE from  written 06/25/2026 13:55:25
cmline1=A7
range=1024
active=0
bitshift=4
cftfak=2580100
evpreset=0           
roimin=0
roimax=1000
caloff=0.800000
calfact=12.800000
calfact2=0
calfact3=0
calunit=nsec
caluse=1 
[CHN8]
REPORT-FILE from  written 06/25/2026 13:55:25
cmline1=A8
range=1024
active=0
bitshift=4
cftfak=2580100
evpreset=0           
roimin=0
roimax=1000
caloff=0.800000
calfact=12.800000
calfact2=0
calfact3=0
calunit=nsec
caluse=1 
;MCS8 #97 Sversion=1.257 Fversion=3.68
time_patch=1
;datalength=8 bytes
;bit0..3: channel# 1..8 ( 4 bit)
;bit4: edge 0=up / 1=dn ( 1 bit)
;bit5 ..57: timedata    (53 bit), max sweep length 2001.6 h
;bit58..62: tag0..tag4  ( 5 bit)
;bit63:     data_lost   ( 1 bit)
[DATA]
0000000000000016
0000000009c97cf9
00000000444eadd9
000000005255f459
000000006e20c619
0000000080289a99
000000009d327d19
00000000c53e9539
00000000f0ad5759
000000010f5a6459
0000000114195719
00000001153f4099
00000001297d3b79
0000000163ba7d59
00000001c65444f9
00000001ca0e19f9
0000000202391919
0000000209ad2659
000000023694b099
00000002385ac2f9
0000000246d70859
00000002720cfe59
00000002e65b0279
00000002f1dbbf19
0000000304628db9
000000030be2c319
0000000314c6b959
0000000347e14539
000000034da28d59
000000034fbe9f79
000000035f5a2039
00000003b20e1839
00000003b7537599
00000003c9b01359
00000003f4240e99
00000003fd6ee0f9
0000000402d8b379
000000041441c139
00000004160d73f9
000000041ac0cc59
0000000424a3a399
00000004299bb239
000000042b8d5c39
0000000443cb4799
000000044f15ab39
000000046dd70d99
000000049bd14359
000000049e0ab119
00000004a40603b9
00000004d66d02f9
000000051471d299
00000005244b56d9
000000052f6b11b9
000000054907cf79
000000057be916f9
0000000581b2b039
000000059b237cd9
00000005c14cc3b9
00000005d298a0d9
00000005d98e6c19
00000005decddb19
00000005e5582d19
000000062ad34ff9
0000000665abff79
0000000679112519
0000000691e57419
0000000699a58b39
00000006a834b5d9
00000006d0b71379
00000006d5b9fdd9
000000071a0da9f9
0000000748c9a719
000000075881c859
0000000767adf379
000000077d0bc059
000000078ff99f99
00000007b8dd6139
00000007eb912959
000000080688dcb9
000000080b3ec459
0000000817a012d9
0000000845bc5099
00000008744c3819
0000000890d16679
00000008c477e019
00000008cc378a79
00000009005aa1d9
000000093fd21cf9
00000009417437d9
00000009898cea99
00000009a8bd2979
00000009b5711579
00000009b5773739
00000009d69f41f9
00000009d70820d9
00000009d841f459
0000000a3863e579
0000000a39da6159
0000000a40dd77f9
0000000a467ad319
0000000a72309679
0000000a7e28b219
0000000a8eba7a99
0000000ab80dc359
0000000b13e91939
0000000b257f2039
0000000b290db3f9
0000000b4874ecf9
0000000b59cbfb79
0000000b636a3b59
0000000b64a1cb19
0000000bd8e75919
0000000bdd507e39
0000000be391c8b9
0000000bee0c3d59
0000000bf8cb4a59
0000000c012a9a19
0000000c259db559
0000000c40be47d9
0000000c42555079
0000000c5dbe5159
0000000c68c32059
0000000c844423f9
0000000c8820ee59
0000000ca4892d59
0000000cac239c59
0000000cb8671379
0000000cbd0b2719
0000000d0a786839
0000000d0edec319
0000000d1e728179
0000000d24efc939
0000000d3205c359
0000000d684033d9
0000000d6b5fe199
0000000d6e3f0d19
0000000d94cfc1b9
0000000d99f1e2f9
0000000db0a886d9
0000000dc5984b59
0000000dcacb5db9
0000000e21eab1d9
0000000e31d2a1b9
0000000e336d2a99
0000000e3c7dc519
0000000e6c557539
0000000e760c9119
0000000e760cb079
0000000e7ff94a39
0000000ea960f5d9
0000000ec2dca519
0000000ed19e6139
0000000ee7729179
0000000eea0359b9
0000000ef1f005d9
0000000ef2b445b9
0000000f4ff036f9
0000000f7c7cb279
0000000f90e6a1f9
0000000fbef7aed9
0000000fd1de9079
0000000fd5796599
0000000fdef53bb9
000000101dc5bfd9
0000001053ce1999
000000105f8e94f9
0000001068bd07f9
0000001070622f99
000000215794b061
0000000002d18771
0000000000000181
00000010b04391d9
0000001120c59af9
000000112afd69d9
000000112c4b5399
000000113e42d7d9
000000118aae3b79
0000001194293f39
0000001195d15619
00000011a1a26a99
00000011b67fdf59
00000011c5b44059
00000011d0e36ef9
0000001203737099
0000001226bf0f59
000000124b07bc59
000000125f56d5b9
0000001273473b39
000000129f547599
00000012b9fe5e59
00000012f91d0ad9
00000013188dff39
000000133195d599
000000134f1bd179
00000013584f3019
000000135cdb3ab9
000000137af8d4b9
000000139a655ab9
000000139e33c8b9
00000013d0a1dcf9
00000013d98d1ad9
00000013ec4b74b9
00000014089fe979
00000014305dad39
000000145cfd1f19
000000147af72479
000000149f456f79
00000014a388c279
00000014fb4a72b9
000000150e82c539
000000152fb3e999
000000153c1aa8b9
0000001549d52eb9
0000001565841fd9
0000001588709ef9
00000015c89a79f9
00000015ccf16459
0000001600b5fbf9
0000001605529ff9
0000001631e22959
0000001638686519
000000163e937139
00000016457d3039
000000166eab3219
00000016ccdd8339
00000016defdad19
00000016f2d93939
00000017057d5bd9
00000017169a15f9
00000017539d9839
000000176a122159
00000017f43596f9
00000017f4bd74b9
000000180e273839
0000001813151d39
000000181703d3d9
000000182f62b1f9
0000001867a61c19
00000018c7043899
00000018d797f059
00000018e9234019
00000018fe7e9839
00000019432b9279
000000197734a3f9
000000198b3778d9
00000019b1803e59
00000019c23a78f9
00000019c7f9bbb9
00000019cc030cd9
00000019d6eb9b99
00000033f7ff6e61
0000000002d18771
0000000000000181
0000001a117445b9
0000001a23ebdff9
0000001a59b7f959
0000001a6615be99
0000001a72c13979
0000001a74d5c019
0000001a75bce4b9
0000001a856453f9
0000001a9a1f7b79
0000001aef80e0d9
0000001b10eb1499
0000001b32ff59f9
0000001b6f1d0f79
0000001b787a3fd9
0000001b8203d019
0000001b988376d9
0000001b9bd61bf9
0000001ba2161e99
0000001bb43c9719
0000001bca4c9f99
0000001be49cfe79
0000001beca95b59
0000001bf008a359
0000001bf34b8c19
0000001bfcee03d9
0000001c1e836659
0000001c306d5d19
0000001c5ce1eb79
0000001c88a5c519
0000001c8a3311f9
0000001c99b7ea39
0000001c9d1aa439
0000001ca3f54839
0000001cafcc1cf9
0000001ce0a92f19
0000001d0ff88e79
0000001d28e8a039
0000001d2ae866b9
0000001d490d9ab9
0000001d506ea839
0000001d75dc8299
0000001d862bfdb9
0000001d9f403919
0000001da7a87d39
0000001dbf7057f9
0000001dc080c0d9
0000001dc5cbc479
0000001dee3fc1f9
0000001e1057e199
0000001e249d7379
0000001e36c62ed9
0000001e671b8b99
0000001e7bce7119
0000001e8da6cdf9
0000001e90024d99
0000001eaccfb059
0000001eb32de5d9
0000001ed3025af9
0000001eef5ed5b9
0000001f0b8d3859
0000001f10646b59
0000001f27606ff9
0000001f6014ad39
0000001f7ee91bb9
0000001f83cbaaf9
0000001f9d10ae79
0000001f9d10c139
0000001fc85e9c79
0000001ff2832639
0000001ffa97c219
0000001ffc59e259
000000204aacca19
000000207cf40999
000000207f510619
00000020990a8439
00000020b2893f19
00000020bb52b9b9
00000020bf3757d9
0000002131e94a99
000000214a8d2279
000000214cf45a79
000000218304bf59
0000002187141019
00000021a29db7b9
0000002203032519
000000220e976899
000000222c431dd9
000000223d0734d9
0000002246d82859
00000022866c0c19
00000022a1b64a39
00000022e1290ef9
00000022ed12f3d9
0000002317603959
000000231b95c7b9
00000023230523f9
0000002324987eb9
0000002329325499
0000002335315b79
00000046986a2d61
0000000002d18771
0000000000000181
0000002352b186b9
0000002390ad33d9
000000239dcda559
00000023c9c94e59
0000002422216959
0000002424fed879
000000242724e6d9
0000002428f73a79
00000024302ec319
0000002432497f19
000000245801b9f9
00000024735fe759
000000249f6e4b39
0000002529ca7979
000000252ea20719
0000002555937459
000000255a299a99
000000255ad0ef59
0000002564156379
000000257ca9d3f9
00000025824e82f9
000000259c659819
00000025b5445a39
0000002606ab94d9
0000002616bca6d9
000000262407a599
00000026364cac59
000000265553f999
0000002695d5e9f9
00000026b0d18f79
00000026bb7c9379
00000026c65daff9
00000026d1f902f9
00000026f84ee1f9
0000002714d86b19
000000272572c3f9
0000002761f5c239
000000276667af39
000000276de6c799
00000027933c6f19
00000027becd3cd9
00000027c7f30339
00000027f87d8f99
00000028098438d9
00000028673b8bb9
0000002876aebaf9
0000002878580ed9
000000288eebaf99
00000028a050d9b9
00000028cd4a49b9
00000028dcecd3b9
00000029153e1159
00000029153e2b39
000000291de935b9
000000294f4636f9
0000002964769a19
00000029804734f9
00000029a38955f9
00000029ecc6fdf9
0000002a0182f379
0000002a149101f9
0000002a2028b619
0000002a28f00879
0000002a32c11b39
0000002a3a21a019
0000002a4738ad39
0000002a6753ed39
0000002ab21e41d9
0000002af871aa99
0000002b0be5aa19
0000002b155e40b9
0000002b1d67a3b9
0000002b2a405cd9
0000002b2afd8e19
0000002b68ce7159
0000002b6aaebeb9
0000002bd58dc7f9
0000002bdc2d3279
0000002bf7f4fdf9
0000002c14b602d9
0000002c2e4dd5f9
0000002c8d625ef9
0000002c908a2819
0000005938d4eb61
0000000002d18771
0000000000000181
0000002c9ebe2599
0000002cac8e8c99
0000002cadc300f9
0000002cbf26dd39
0000002cd167ea19
0000002ceaaccd39
0000002d28704679
0000002d5d45d819
0000002d607734d9
0000002d73e38739
0000002d81887f99
0000002dccd45859
0000002dd8dc8a59
0000002dda227c99
0000002ddf2f3779
0000002df7e3dcf9
0000002df82d98f9
0000002e1365e7b9
0000002e40ac39b9
0000002e60aafa19
0000002e6fbffcb9
0000002ea93bb559
0000002f09549439
0000002f14e78c79
0000002f2158cc99
0000002fda0fec39
0000002ffd66bc99
00000030003a4ef9
000000300b5bb7d9
0000003026a7c359
0000003049972019
0000003070fc6259
000000309f57c839
000000309f743539
00000030a4a13599
00000030d54f3f39
00000030de85cff9
00000030e42ed139
00000030eed8b8f9
00000030fe8c7cb9
000000310d426399
000000310e2cb999
0000003148cfc899
000000315dd126f9
0000003169147e59
0000003184198af9
00000031a0173bd9
00000031e9499159
0000003207304699
00000032096eee39
0000003240debb39
000000324c1c0d19
00000032690ab039
00000032ab331579
00000032bc2ba959
00000032d42a4a79
00000033385ed2b9
0000003349143d39
00000033736b6f39
0000003385136879
0000003385203f19
00000033be79c0f9
00000033cbda2ff9
0000003400244559
0000003424ee2819
0000003428ae4a79
000000342e473f19
0000003458981059
0000003475d96479
000000348ae0d399
0000003506a62319
000000353517d219
00000035550c27d9
000000356508b499
00000035686303b9
000000358b234b99
00000035a338b599
00000035a877cd39
00000035c28ce519
0000006bd93fa961
0000000002d18771
0000000000000181
00000035ff198359
000000361aed32d9
00000036527092d9
000000367c9720b9
000000367f777b39
0000003688cdeb59
000000368e422859
00000036ac520c19
00000036bb555079
00000036cd7e7199
00000036daa960d9
00000036ed479f79
0000003700952679
000000373053f199
000000373630f2b9
000000374183c319
000000376a2fdc99
000000379a614a99
000000379e477239
00000037b0b13319
00000037cc4088f9
0000003804561679
0000003837fd09f9
0000003839090519
000000385bd26899
000000385dc5ded9
000000386311ff39
00000038cecfbe39
00000038cf9b60d9
00000038fc13e8d9
0000003901ac2819
000000393719d2b9
00000039420e3359
0000003990699c39
0000003990aa2a99
00000039ee4bd619
00000039f35e0239
0000003a2bdc90d9
0000003a39b052f9
0000003a506150b9
0000003a7bf74b99
0000003a8befe059
0000003a9e1629f9
0000003ab72c73d9
0000003b11183579
0000003b14c748b9
0000003b31cf5b19
0000003b90dbe879
0000003b912af799
0000003bce142459
0000003bcf1e2d99
0000003bd3f80dd9
0000003bdbedd6f9
0000003c00b3b779
0000003c2e01da39
0000003c841344d9
0000003c9a118719
0000003cb64aaf79
0000003ce4ee0099
0000003d0315acb9
0000003d71b38d99
0000003d8c4f9ef9
0000003d9e5188d9
0000003da8e61719
0000003dbdddbf59
0000003defd10bb9
0000003e282a4ab9
0000003e28fb1cf9
0000003e613789f9
0000003e62f3d5b9
0000003e63371e19
0000003e67e3def9
0000003ea8854359
0000003eac2ce9b9
0000003eb15fead9
0000003eb67a35d9
0000003ee3730399
0000003ef1a83619
0000003f0fa193b9
0000003f265b2399
0000007e79aa6761
0000000002d18771
0000000000000181
0000003f61bf9e59
0000003fb1201c59
0000003fbb335cb9
0000003fc16819b9
0000003febb38559
0000003ffe70bb19
0000004017c04fb9
0000004057d5a8f9
000000407eb381f9
00000040815176b9
00000040954b4c19
00000040b4bff3b9
00000040cad9f9f9
00000040dda81b59
0000004149c69159
00000041be3ed979
00000041ce75cdd9
00000041da926e59
00000041e52c24f9
00000041f0695479
000000421e4a7399
00000042280273b9
0000004229878239
0000004237068919
000000425c8bf279
00000042740e6bd9
000000427d8bc9b9
0000004298fc1e99
000000429f740979
00000042a088cb79
00000042b8a4b599
00000042c0943e79
00000042c5ae0b39
00000042d2de1a59
00000042fd88c939
00000043051047b9
000000430f361df9
000000430f364879
00000043177efa19
0000004323380159
0000004328d6c2d9
000000434380b0d9
0000004348ccee99
000000437a0c9d59
00000043bea81979
00000043c6a1d7d9
00000043f7ba1359
00000044144fbe59
000000441f240079
000000442d23c659
000000443aa310b9
0000004449bfe2f9
0000004479f49f99
00000044a30fe839
00000044a32ede79
00000044a6809459
00000044c0783379
00000044c5284399
00000044e1ab43d9
00000044e33d9ff9
000000452d4414d9
0000004536739db9
00000045384ef559
000000454e22a139
00000045511d91b9
000000455157cb79
00000045c09ddef9
00000045ff0a4a19
000000463097eb59
000000465cb7fb79
000000468d34d779
00000046ee32c119
00000046fdf69cd9
000000472b73f579
000000473a2e1b79
000000474b155299
000000475a72f799
000000476ce084d9
000000479ab4c739
00000047c0709279
00000047cd4dc099
0000004807d2a519
00000048454ee659
000000484f84fe59
0000004881dd9519
000000911a152561
0000000002d18771
0000000000000181
000000489e8b6a19
00000048e61a3999
00000048fd069e99
0000004900713619
00000049297dd479
0000004937c03039
00000049577deb99
000000495d7a5979
0000004966b13299
000000496716f2b9
0000004972e475b9
000000499357c439
000000499b625df9
000000499eac6419
00000049d6372f19
00000049fc6541b9
0000004a10a69599
0000004a2c503679
0000004a6a1c7f99
0000004a7eb3b579
0000004a9aff2559
0000004a9e7e7019
0000004aa14ff779
0000004ade76b0b9
0000004b2485c439
0000004b47daaf79
0000004b54ee5059
0000004b6af736f9
0000004b74a5afb9
0000004b77949259
0000004b7a69a2f9
0000004b838d22d9
0000004b97bda139
0000004bc0d04a59
0000004bc4fba5d9
0000004bccccdd99
0000004be903ea39
0000004be9a0d899
0000004c19746ff9
0000004c1bb87139
0000004c1cc245b9
0000004c239fd079
0000004c7c016439
0000004c7e4a5a59
0000004c8fb91599
0000004c9b737839
0000004ca6a9f359
0000004cbddc15f9
0000004cd90dd419
0000004d06cbaed9
0000004d1cb88ed9
0000004d336ee959
0000004d4fdfc3d9
0000004d5fe07f99
0000004d837a0159
0000004d8cd1eb99
0000004d9393d059
0000004db1e11159
0000004dc11dfe99
0000004dc17fb7d9
0000004e0883dd99
0000004e0e54b4b9
0000004e419195f9
0000004e45860a79
0000004e54e4eb59
0000004e7031eb59
0000004e8fd1cb59
0000004ea36f04f9
0000004ea4500719
0000004eaff84ad9
0000004ed9829cd9
0000004ef0d16cf9
0000004efb5038d9
0000004f0331d1f9
0000004f1ac4ef59
0000004f4b24a019
0000004f50dc0b39
0000004f512a1819
0000004f561a82f9
0000004f5cc9e2b9
0000004f7e41ccb9
0000004fab29b739
0000004fb83babb9
0000004fc94aae19
0000004fcfc6ea79
0000004fd99912b9
0000004fdf9a6799
00000050199d2079
000000501dfe4f79
0000005048de0359
000000505da52cb9
0000005093c702d9
00000050a87e01d9
00000050a90798d9
00000050ba6969b9
00000050ce402539
00000050f2744519
000000510c6c6df9
00000051107fc819
0000005111005a39
00000051248e9439
0000005186585d19
000000518d11e3d9
000000518eb56939
000000519746a5f9
00000051c0e2ee19
000000a3ba7fe361
0000000002d18771
0000000000000181
000000522e9f28b9
00000052a7901599
00000052bc3271b9
00000052cb7b8179
00000052ce775c39
00000052e3501479
00000053150045f9
0000005330d6f659
000000535fe033f9
0000005367c2c0d9
00000053b0c34a99
00000053b82b65b9
00000053f4436b19
000000541d8b7419
0000005439b1eed9
000000543a02af59
000000546b58c219
000000548aa82ad9
00000054a9ffeed9
00000054b4e9a239
00000055204b1279
000000552dccd879
0000005535c20239
000000555470c759
000000555e9a32b9
00000055608e8599
000000556b786ff9
00000055819fc7b9
0000005590b548f9
00000055a029c019
00000055aa58a779
00000055b9e12eb9
00000055db5681d9
00000056430085d9
000000564cd8ed39
000000567bca61b9
0000005688566179
0000005689b21439
00000056ab1e60b9
00000056c0d83a79
00000056e83286b9
000000570a00b619
00000057423e4c99
000000576b166379
000000577fb2b9b9
00000057802995f9
00000057d28c5439
00000057e50a72f9
00000057ebfa1059
00000057ed9b0399
00000057eeac9019
00000057f8be5899
0000005824d9b159
00000058dcb135f9
00000058ecc15059
0000005903d1f279
0000005908de1999
000000591cd868f9
000000591e638bd9
000000592b3e38f9
0000005933677ed9
00000059411219f9
0000005953b7a499
0000005959cb7139
000000595c7aefb9
00000059650f6f39
000000597fe5bd39
00000059ffc6f6f9
0000005a0f670539
0000005a12066439
0000005a1a495cd9
0000005a1b674dd9
0000005a2c61c219
0000005a2c85a199
0000005a6854c4d9
0000005a6939e179
0000005a8089afd9
0000005a8568a719
0000005a90b50739
0000005a97240d79
0000005a9fab9cd9
0000005ac3ddcfd9
0000005ac8ad29f9
0000005adbebba99
0000005ae3872ad9
0000005ae44e1759
0000005aebb78499
0000005b008205b9
0000005b2a03ccb9
000000b65aeaa161
0000000002d18771
0000000000000181
0000005ba058d019
0000005ba4f0eef9
0000005ba9a28fb9
0000005baa20aab9
0000005bc7fdf5b9
0000005bcb19f899
0000005bd9d2c019
0000005bf9f16ab9
0000005c31e09719
0000005c79e0fbf9
0000005c9602dc79
0000005c988ceb59
0000005c99a42519
0000005cd7589c59
0000005d0019f859
0000005d17ae2e99
0000005d5511bbd9
0000005d69dbd6d9
0000005d69ff5559
0000005d6b654119
0000005d6eb432b9
0000005d81a0adf9
0000005d99feca39
0000005db4b0dbb9
0000005dde6a74d9
0000005de65584d9
0000005dfe4394f9
0000005e03db8479
0000005e2358e8f9
0000005e2cfab2d9
0000005e4b0ca079
0000005e6245bf79
0000005e87f73af9
0000005eac891359
0000005ebba93bb9
0000005eecc4b159
0000005f19ad41d9
0000005f1dce35f9
0000005f1e655f99
0000005f33ad34f9
0000005f46d5aa39
0000005f483a31b9
0000005f4e27f819
0000005f4f9c74b9
0000005f548e0139
0000005f724d3c39
0000005fac0ffe99
0000005faeb1b9b9
0000005fde636639
0000005fe0be5579
000000602820a319
000000603b2d8899
0000006055d3b1b9
0000006070039a99
00000060710b9e59
0000006071b469d9
0000006100de7af9
0000006116a7ff19
000000611af48439
0000006121148bb9
000000613cc51719
000000614e2269f9
000000615126ae99
0000006178a324d9
000000619cf6b099
00000061a0675059
00000061bcd89f99
00000061c4e480b9
00000061c6c9bc79
00000061fee9ac39
00000061ff46c1b9
000000620cb50919
000000620ebcfe19
0000006214bddaf9
000000622e6ad7f9
00000062a0b588f9
00000062b8c690d9
00000062c2489239
00000063041db219
00000063134ca4f9
0000006323fb5a39
0000006323fbc1f9
0000006335215419
000000637afefab9
000000639796a139
00000063a3fde5b9
00000063ade1c3b9
00000063b99fc5d9
00000063b99fd739
00000063d9175559
00000063f96f90d9
000000641206d4d9
00000064230c5819
0000006423379a99
0000006433a56ff9
000000644c197f59
000000645d3416f9
000000646001ac59
0000006471a4ab99
000000c8fb556061
0000000002d18771
0000000000000181
000000648e1de3d9
00000064fae5a8b9
000000650c165719
00000065147979d9
000000651b901119
00000065235218d9
0000006584732179
0000006602e1acb9
000000661d8af639
0000006630d13039
00000066672e0659
000000666eb14179
000000667dc8e799
0000006689cfe5d9
00000066a60f7559
00000066b039e3b9
00000066dd6308b9
00000066eb612cf9
00000066ec3254b9
00000066f380a8f9
00000066f9a525f9
00000066fae5df19
00000067221138b9
0000006730ae7ab9
0000006759458c79
00000067806286d9
00000067be79a619
0000006800f33e79
0000006812f7cd79
00000068280f7779
0000006854475e99
00000068595269d9
00000068621e7919
00000068854ae519
00000068adb01f59
0000006915b897b9
00000069279e5bb9
0000006954775679
00000069577ff899
000000695c792759
00000069642c41b9
0000006992885959
000000699cf90f99
00000069afa4b3b9
00000069d1a5e579
00000069f9231c19
00000069fa4a0a99
0000006a21580c59
0000006a3f776d39
0000006a4e2c9ad9
0000006a6c41e9d9
0000006a757a16b9
0000006a80772cf9
0000006a81768c19
0000006a83d20399
0000006a887530b9
0000006addd2db39
0000006b206d8239
0000006b214b6879
0000006b30775e19
0000006b32fd2b99
0000006b4d9417f9
0000006b5df5a499
0000006b85c87679
0000006b87578ab9
0000006b9c32d159
0000006bb0f15ff9
0000006bbc8854d9
0000006bdafdcf39
0000006be269ac79
0000006c102527f9
0000006c10436a19
0000006c2c0b3299
0000006c3b3f1fb9
0000006c3be9d159
0000006c3d9366b9
0000006c774d36d9
0000006c985d6b59
0000006ccef7e3b9
0000006cd04201d9
0000006cd534db79
0000006cf28a6679
0000006d04fb32b9
0000006d1b712cb9
0000006d41201a79
0000006d527d33b9
0000006d794b3559
0000006d90944bf9
0000006db166b4d9
0000006dc376df19
0000006dc7ffe2d9
000000db9bc01e61
0000000002d18771
0000000000000181
0000006dd83060d9
0000006dd8978bd9
0000006debc395d9
0000006e0bac7c79
0000006e0f969df9
0000006e37829899
0000006e3fb73ab9
0000006e406bb2d9
0000006e5978b639
0000006e635a37b9
0000006ea6b30c59
0000006eb2aa6799
0000006ebcf473d9
0000006ee8481819
0000006f1d46def9
0000006f3f30fbf9
0000006f7c3085b9
0000006fcc5137b9
0000006fcc514ed9
0000006ffe809e19
000000700d32e2d9
0000007015dd77f9
000000701b843999
000000702e615ed9
0000007031f59999
0000007046e08919
000000706a6abc39
0000007075fe9099
00000070be9833b9
00000070e47c46f9
00000071005707f9
00000071073b0779
000000711b491a99
00000071347f7af9
0000007157883619
0000007179bfd419
0000007190904379
0000007191418cb9
00000071c77b8ef9
00000071c84ef639
00000071db462a99
00000071eb880179
000000722c9bfa39
000000723221cb99
0000007241f57019
00000072531f5dd9
0000007268ead2f9
00000072d8e479f9
00000072fea5c739
000000731fe9fab9
00000073619b7a59
000000736fbf6a99
000000738a910cd9
00000073b3936a59
0000007432f91cb9
000000743af15f99
000000747093e179
00000074775859b9
000000749bd644f9
000000749c755f59
00000074a1a254d9
00000074c1de6ff9
00000075135983f9
000000752170c719
0000007522efa2b9
000000752cf5b0d9
000000752f5bbed9
0000007559d33e99
000000757a78b639
000000758ef0c7d9
00000075991a59f9
000000759a796159
00000075a8558ff9
00000075be87bcd9
00000075ccb06859
00000075decbad99
00000075edaa2d59
00000075f549ddd9
000000760cf27e39
0000007617450759
000000762a52d559
000000763c816439
00000076407911b9
00000076543d72d9
00000076543d8519
00000076663c3619
0000007669cda8f9
00000076b4a72a19
00000076eae0b079
00000076ebf73a59
00000076f276c2b9
000000770a6d7a59
0000007712675699
000000ee3c2adc61
0000000002d18771
0000000000000181
0000007782d016b9
000000778761b379
00000077a634b619
00000077c3041e79
00000077c812b799
00000077c9bb2e59
0000007812e9a3f9
0000007814918439
000000783326eaf9
00000078543ac779
000000785cc99499
000000785f532f99
00000078783dd179
00000078907bf859
00000078fd86eb19
0000007971deddb9
000000797ed20539
000000797f1ec599
000000798b2dec99
000000799c49bf39
00000079a0c0d959
00000079c1918bf9
00000079d6a8d919
0000007a173df4f9
0000007a1cea8479
0000007a2cd49459
0000007a2f081a79
0000007a451535b9
0000007a4cc2e239
0000007a549fc4d9
0000007a6dacb279
0000007a8f807159
0000007aa0126d59
0000007ae20ebbd9
0000007afa8b9139
0000007b04253799
0000007b26d8ae79
0000007b280a9219
0000007b321353f9
0000007b4f8eabd9
0000007b5566c319
0000007b671a2a99
0000007b725500f9
0000007b7fea7f79
0000007bad892c39
0000007badbe5c79
0000007be04fdbd9
0000007be70ec599
0000007bf20a3b99
0000007bfb576939
0000007c23eda059
0000007c279c3b19
0000007c2b829419
0000007c2c342b79
0000007c3c8b8e99
0000007c60921d19
0000007c60a751b9
0000007c644f3239
0000007ce1936399
0000007cfa0620f9
0000007d3907c099
0000007d44b90039
0000007d55b5ce59
0000007d639fd859
0000007da9ca7ff9
0000007dcaadf519
0000007de38d17b9
0000007e0a5e8739
0000007e164e78f9
0000007e24226559
0000007e27cf3d19
0000007e570b3899
0000007e73787b99
0000007eb13f7f19
0000007eb3fe6759
0000007ec798a659
0000007f042a1399
0000007f0a76da59
0000007f465c3c99
0000007f4fb67db9
0000007f6c89f1b9
0000007f6feaa299
0000007f8211d299
0000007f9ea2d4d9
0000007fbce60f59
0000007fe19e8f59
000000801a1ac439
000000802e2bf1f9
000000803c1305b9
000000803f8c3c79
00000100dc959a61
0000000002d18771
0000000000000181
000000809a6542f9
00000080ce7162f9
0000008110008d19
0000008150358839
0000008162f51259
0000008163f2d839
0000008170e91839
000000817dbeea59
00000081a4554d59
00000081ab1fdf19
00000081ab558d79
00000081bb669fd9
00000081d08fe219
00000081e08ed4f9
00000081e21e8119
00000081e40b4099
00000081f04701f9
00000081f4907f39
00000082097201d9
000000820a148af9
000000821a2ad859
000000823d985a39
000000824228ac59
0000008259e29e79
000000829ae48d79
00000082b3d5b159
00000082b3f2bfb9
00000082b71953b9
00000082babd4419
0000008336266659
0000008343eb3a99
0000008351bb9bb9
000000836520fe79
0000008378983ef9
00000083839e08d9
0000008389dc2599
00000083992017b9
00000083e456ec59
00000083fd704799
00000084144f2e99
0000008418878559
0000008430839659
0000008430f951f9
0000008468e9a139
0000008476cb7fb9
00000084c450e399
00000084c9856079
00000084cb722a39
00000084d2457719
00000084dedf6bd9
00000084e29a2579
00000084f7587eb9
00000084f776de59
0000008500cab2f9
00000085048d1eb9
000000855698c339
0000008568e1ef99
000000857200aed9
0000008598aa3279
00000085be826ef9
000000861de00379
0000008627964559
0000008628af9d39
0000008644b2cd79
0000008684f4b539
0000008699b97b19
00000086ce7eb0f9
00000086e085bdf9
00000086f8c54379
000000872788abf9
000000872788cbb9
0000008735bb58d9
000000877de87439
00000087a4e47e99
00000087b99a5f39
00000087bdf198b9
00000087e38a67d9
00000087edfea6f9
00000088174c58f9
000000882e145399
00000088c7f3d039
00000088cd1c4cb9
000000890b8521b9
000000890bdb7999
00000089170e2659
00000089170e3a79
000000891f23d6d9
000000893df75759
00000089544694d9
0000008977997779
0000008979d683b9
000000897fd21739
0000008990ce5cf9
0000008995770739
0000008999742879
00000089b4daaff9
00000089b6402b19
000001137d005761
0000000002d18771
0000000000000181
00000089cf2be159
00000089e2136df9
00000089fdc941f9
0000008a1dd5f9f9
0000008a38242919
0000008a41f07ad9
0000008a4d4a7b19
0000008a598f4c79
0000008a7db13239
0000008aa2624739
0000008aa63cd379
0000008ab11c0959
0000008ab2a73539
0000008ae92edb19
0000008b0b5c2fd9
0000008b0e86bc19
0000008b373d4339
0000008b60c55b39
0000008b6e91e319
0000008b73bd5859
0000008ba842d219
0000008ba93a7eb9
0000008bac336ff9
0000008bce692c39
0000008be4257239
0000008c2f043af9
0000008c45815579
0000008c72ae26b9
0000008c7325fd79
0000008c8b2863d9
0000008c9cc98579
0000008cae8ed939
0000008cb31bae39
0000008cdca6dbf9
0000008d31981419
0000008d42437e19
0000008d7159fa19
0000008d8516a479
0000008d919dd779
0000008df0039e59
0000008e07d9f519
0000008e0a3895b9
0000008e2179f399
0000008e2337a659
0000008e26424719
0000008e4afca019
0000008e5430e1d9
0000008e6309e859
0000008e8678f6f9
0000008ebc83ce39
0000008ec79db439
0000008eea378619
0000008eeeeaacd9
0000008efd0cf199
0000008f17cdcbf9
0000008f252a1e19
0000008f4d8d0279
0000008f53978dd9
0000008f5fea3f99
0000008f8df18b59
0000008f9c790559
0000008fa88fe699
0000008fd1b4d639
000000905a2c1839
00000090710dab59
00000090789a6459
000000907969c979
0000009082ff33f9
0000009084c57fb9
00000090a5f64c59
00000090a78d7079
00000090ab7f0a99
00000090b1011979
00000090ba1e94b9
00000090de79cfb9
00000090e0847f99
000000911b7156d9
000000911dbc8739
0000009134581d99
0000009137448379
00000091434c88f9
0000009146518399
00000091655a34d9
00000091d8347919
00000091ebbbcd79
000000921242f899
00000092250b3619
000000923451b199
00000092471c3879
0000009267b79479
000000926b830f39
0000009280ad5dd9
000000928abbc299
000000929a77e839
00000092a7be07b9
00000092b6db0a19
00000092ccde3b79
00000092d98d0f79
000001261d6b1561
0000000002d18771
0000000000000181
0000009332cd8339
0000009360a6c799
00000093863315d9
0000009397239f79
00000093b06a2919
00000093f4c10e59
00000093fdf65199
000000940b23d079
0000009427d22fb9
000000946b7523b9
000000946d217599
0000009479809c99
000000947b05a179
000000948d2aad59
000000948f1c9dd9
000000948f5c4599
00000094903ee219
00000094a0c6cfd9
00000094ab731599
00000094c323c5d9
00000094d19d4d99
00000094d5c723d9
00000094ee23fff9
00000094ee62d519
00000094f66f6b79
0000009518f53f19
000000955b4a2259
000000957eb0e159
000000957ffa0c39
000000958e96def9
000000959e9252f9
00000095a0e8ed39
00000095a83125d9
00000095c6cb28d9
00000095cbfafa39
0000009625b6bc19
0000009626f05a99
00000096a99f63b9
00000096d2f27799
00000096f0729c79
0000009721023459
0000009749a61df9
000000976d64db19
00000097b356fed9
00000097b393c439
00000097b5287eb9
00000097c624cc59
00000098010b0179
0000009808839559
000000983f6cd059
00000098498953d9
000000985bece459
0000009882ae0459
000000989a0c9719
00000098c97cc2d9
00000099088c9f39
0000009937f94639
000000993b615e59
000000993dc9cf59
000000998ae76c59
00000099d6b947d9
00000099dec99899
00000099e9f06259
0000009a0f946ef9
0000009a17dd1559
0000009a3a0980b9
0000009a492b2739
0000009a745a98f9
0000009a9c420d99
0000009aacad15d9
0000009ae395c6b9
0000009b1342f4d9
0000009b238d4139
0000009b31e3f4b9
0000009b935f6d19
0000009b9cf338b9
0000009bbe1aa859
0000009bcbfea979
0000009be7fcd159
0000009c197d4c99
00000138bdd5d361
0000000002d18771
0000000000000181
0000009c75e4f5d9
0000009c76980f99
0000009c990d79d9
0000009ca6918479
0000009cba33e019
0000009d33852359
0000009d39ea3079
0000009d3ab42819
0000009d637722f9
0000009d63b67759
0000009d7fe25439
0000009defce31f9
0000009df3341859
0000009e36fca199
0000009e3a494399
0000009e51eb5159
0000009e615571f9
0000009e702bfd19
0000009e7f1ea279
0000009f27895a79
0000009f30fdd339
0000009f3772c019
0000009f43c3da39
0000009f99d45c79
0000009fb7d5b4d9
0000009febedd9f9
000000a009a85f99
000000a013f02a79
000000a016e705b9
000000a0391b8f39
000000a04a860699
000000a065108a39
000000a0709bdd59
000000a08bb151f9
000000a09f6bfcf9
000000a0a36d0e19
000000a0afa43479
000000a0b18f0bf9
000000a0c20f5fb9
000000a0cdf23559
000000a0d17515b9
000000a0dfd6c8b9
000000a0ed740a79
000000a106d1abf9
000000a116d9b519
000000a11f14a4d9
000000a121e1f539
000000a129823879
000000a152556499
000000a156a463f9
000000a18b110fd9
000000a1a73f1e19
000000a1dc847db9
000000a215dfc099
000000a22eaac9f9
000000a22f4c91d9
000000a2317eded9
000000a23f63f099
000000a270ce2459
000000a274b51299
000000a274b51359
000000a314f8f959
000000a327213499
000000a34e94abd9
000000a35516c3f9
000000a36fe3b7b9
000000a39b221c59
000000a3b46e55b9
000000a3c1cf3b59
000000a3cd8ffc39
000000a3da1d3319
000000a3dd5e2f79
000000a3f4f3c839
000000a407f75d59
000000a435b44919
000000a447d299b9
000000a46557cf99
000000a471d66f39
000000a4879424b9
000000a4da68dfb9
000000a4f9e6bbf9
000000a4fa11ce19
000000a50a949119
000000a5210ede39
000000a524a46579
000000a5258e05d9
000000a538b86dd9
000000a550be5359
000000a566482c19
000000a569cdbb79
000000a59fc8c019
000000a5a5b8b219
000000a5a65c3a79
000000a5aac09f19
0000014b5e409161
0000000002d18771
0000000000000181
000000a5aeaf1219
000000a5b5872bd9
000000a5c72ed2f9
000000a5fc610199
000000a648b6b5d9
000000a66623ff39
000000a6807dda39
000000a6940c59d9
000000a6a45803b9
000000a6c14d6e79
000000a6f07662b9
000000a6f4963359
000000a704733239
000000a71f49b1f9
000000a71f6156b9
000000a722f85439
000000a741f88039
000000a748c55139
000000a75a7c34d9
000000a75a9bcf79
000000a79ccd6a79
000000a7ad2c8a79
000000a7afc8c4d9
000000a7bac299f9
000000a7be9e7a99
000000a7d04c61f9
000000a7eef22f39
000000a7ff3bfc79
000000a81e70bf59
000000a8340edab9
000000a847a9ee59
000000a84f374eb9
000000a882012499
000000a8ad4a1499
000000a8b00fc059
000000a8b0d47359
000000a8c5c0a7f9
000000a8c675f9f9
000000a8edbf4739
000000a8efb442b9
000000a92a3177d9
000000a931c559b9
000000a971f46319
000000a98cab3679
000000a9ec41cb39
000000a9f51b3619
000000aa05a8d7f9
000000aa0e26adf9
000000aa0fbfeaf9
000000aa4c939cd9
000000aa5b5e7f19
000000aa6ee97979
000000aa723cbf79
000000aa74657199
000000aaa6862c19
000000aab5b24059
000000aac5a10af9
000000aac9a95d79
000000aacc13be59
000000aadbd0f619
000000aae73611d9
000000aae77246b9
000000ab0c8390f9
000000ab62220839
000000abdd681379
000000abe41097d9
000000abe6ff28b9
000000ac01a2c979
000000ac06a30639
000000ac24eec8f9
000000ac28a207b9
000000ac3cc81399
000000ac4af77d99
000000ac541e9c99
000000ac55c540d9
000000ac619257d9
000000ac61be6979
000000ac62fe75b9
000000ac644ebf39
000000ac6626a999
000000ac77a3af79
000000ac8238ab19
000000ac9f02f2b9
000000acbeca9c59
000000accc0ff879
000000ad165bda39
000000ad29937d19
000000ad6504a2f9
000000ad71157c19
000000adad25b8b9
000000adb0c7b719
000000adc132c3b9
000000add5e22319
000000ade02fe639
000000adee43ad99
000000ae1b61de19
000000ae2e8cde19
000000ae4d6c06f9
000000ae59ccafd9
000000ae5d427059
000000ae9eaafaf9
000000aea7125cd9
000000aead265439
000000aeb80d9199
000000aee19c0ad9
000000aeeaf1da79
000000aef2c38839
0000015dfeab4f61
0000000002d18771
0000000000000181
000000aefee74a79
000000af0e34d439
000000af0fbf6219
000000af20531139
000000af3f7cbcf9
000000af40dd9b19
000000af49b37e19
000000afa8b880d9
000000afcbd8fed9
000000afec407859
000000b0015649d9
000000b012645ff9
000000b01f7e61d9
000000b027621bb9
000000b034d682b9
000000b08e3cf2b9
000000b098bd8459
000000b0cf2ec7d9
000000b0d4aadab9
000000b0fecca539
000000b102db58b9
000000b1139672d9
000000b11de978b9
000000b12f7a9079
000000b1731475b9
000000b181c0a9b9
000000b1ae304bd9
000000b1c95a7cf9
000000b1d19dd099
000000b1e0f926d9
000000b1f84f8bb9
000000b2060930b9
000000b229af5a99
000000b24a612699
000000b254f145f9
000000b27b2440f9
000000b2886485b9
000000b29f7bc479
000000b2bab17659
000000b2dac77cd9
000000b2df3fd9d9
000000b2e846ba39
000000b2f0587d19
000000b2fba5ef79
000000b307c18479
000000b310bfad99
000000b317a0dd19
000000b320d86419
000000b3228452f9
000000b322846499
000000b337414c39
000000b343f4b379
000000b347d525f9
000000b3cbaa6e39
000000b3d4022d99
000000b3db64aa59
000000b412145a59
000000b421825279
000000b434de4759
000000b44e33ce19
000000b456098579
000000b471870e19
000000b4857bbdb9
000000b4903d28f9
000000b4973c7479
000000b4a1bd2a19
000000b4a7690a99
000000b501c996f9
000000b51125a239
000000b51b1a8799
000000b5413f5e39
000000b5476a6c99
000000b54d223739
000000b565713b19
000000b576527b59
000000b5973e2d19
000000b5b6d79b99
000000b5cb7fa279
000000b5cf91e6b9
000000b5e82c1f39
000000b5f930c959
000000b60a578399
000000b6286569f9
000000b62f599b19
000000b65411d1f9
000000b659938eb9
000000b66dc5ab19
000000b67d8a9c19
000000b68c971639
000000b6cf89c4f9
000000b6e72a5e99
000000b718cd9f99
000000b724599359
000000b73b3f1cd9
000000b751e8c679
000000b76a949df9
000000b78b354e19
000000b790e30ad9
000000b7ac8b6ff9
000000b7b5020dd9
000000b7c3b9d1d9
000000b7e54bccf9
000000b8077d0e39
000000b80ce90979
000000b823b4ed79
000001709f160d61
0000000002d18771
0000000000000181
000000b8ab167d59
000000b8b43d5959
000000b8bf621019
000000b8cac1f979
000000b8eab3a239
000000b937c8e499
000000b94191edf9
000000b9597778b9
000000b96037b079
000000b964845a39
000000b9974cb8d9
000000b9b3f464d9
000000b9edfb5ed9
000000b9f5c8aef9
000000ba040db9d9
000000ba43367399
000000ba4fe6d619
000000ba591b6e79
000000ba6f0fbdd9
000000ba9832a9d9
000000baaa0f1059
000000babb4a7c19
000000bac851a279
000000bae2a2d699
000000bae85e1359
000000baea5aa639
000000baf48c0a39
000000bb2c736bd9
000000bb2e498679
000000bb3392b659
000000bb3f5b4a99
000000bb705686b9
000000bb80ebda19
000000bb8b27a739
000000bb94f2ff99
000000bb9f456259
000000bbb2bfcf19
000000bbcfcd5879
000000bbde03f6d9
000000bc35f4a9d9
000000bce2460779
000000bcf255ec79
000000bd17bb4199
000000bd3ced4e59
000000bdcafa9eb9
000000bdef2f0e59
000000bdf331b079
000000bdf4a86b79
000000bdf4b1bd79
000000bdfb922739
000000be0f8308b9
000000be2baad459
000000be3890bc99
000000be3faa10b9
000000be42600319
000000be4280a579
000000be5ffe6079
000000be61507d39
000000bea8230fd9
000000bead4dd4b9
000000bf0ed06f79
000000bf3b141219
000000bf635df2b9
000000bf7aed4f99
000000bf86d9f339
000000bf92594b79
000000bfb33edc79
000000bfcb062b19
000000c01d9ca2f9
000000c03057d119
000000c034c186d9
000000c03a3b2c19
000000c06ccb75f9
000000c086d65639
000000c088e131d9
000000c094eb6759
000000c0ad037739
000000c0ad17d959
000000c0b7c88039
000000c0bf829179
000000c0c7078199
000000c0c7b2bbf9
000000c0cbb40ad9
000000c0dea1d559
000000c0deca8d99
000000c112532379
000000c11908e079
000000c12c11a3d9
000000c13a299999
000000c156464159
000000c1868dca59
000000c18911df19
000001833f80cb61
0000000002d18771
0000000000000181
000000c1a084d0f9
000000c1a36e6ff9
000000c1aa7cacf9
000000c1cb87b3f9
000000c229d53b19
000000c2372e3ad9
000000c2580687d9
000000c28a1e71b9
000000c302200799
000000c3157fa899
000000c321d39799
000000c327f57279
000000c336e48319
000000c372cc7919
000000c385fa8039
000000c3c59166f9
000000c3dfb53a99
000000c3e91813d9
000000c40bab8bf9
000000c40c89b4d9
000000c41189b119
000000c457ef1dd9
000000c46359d799
000000c4a3a248f9
000000c4c49b5839
000000c4cb23ed59
000000c4ddd65859
000000c4fc015eb9
000000c50d1be359
000000c523ffe999
000000c541c780f9
000000c5440b3f59
000000c5450b4439
000000c55afce079
000000c5763b8f99
000000c5bba831b9
000000c5c03c6479
000000c5c04df759
000000c5dfc5c199
000000c5ebf8ba39
000000c6051594b9
000000c61ab78599
000000c620e222f9
000000c623c3f179
000000c64faac6d9
000000c651cf7799
000000c653e67279
000000c67202fc39
000000c67817d259
000000c69ab917b9
000000c6c6cb93d9
000000c72602ab59
000000c73b9bf419
000000c7550f48b9
000000c7cbd28a79
000000c7f7085cf9
000000c81c77d8d9
000000c81c99ca99
000000c82d450339
000000c82e7af819
000000c8388aeff9
000000c851223359
000000c8524569f9
000000c852457d79
000000c85e2c9b59
000000c87bf40119
000000c8848ed439
000000c89fd31f59
000000c8abd990d9
000000c8cb147659
000000c8d0956599
000000c8ea58de59
000000c923c18db9
000000c950469cd9
000000c959e6ff39
000000c960750559
000000c996d185d9
000000c9991b35b9
000000c9adc6e1b9
000000c9baf42a99
000000c9eacdebb9
000000c9fb2c4b79
000000ca353038b9
000000ca3a838339
000000ca50e312d9
000000ca54dbdd19
000000ca8db60ff9
000000ca92729459
000000ca9f2c5a19
000000caa315ff59
000000caab1dfc59
000000cab641a919
00000195dfeb8961
0000000002d18771
0000000000000181
000000cb0a0ee6f9
000000cb3b6803f9
000000cb603b6099
000000cb66611d39
000000cb7167d9b9
000000cba17c9c19
000000cbb28a6fb9
000000cbc2402119
000000cbccb1f179
000000cbe7bf1879
000000cbf6229319
000000cc060601b9
000000cc29ac66d9
000000cc2e4315b9
000000cc5fb24699
000000cc9d3a2239
000000ccc8239db9
000000cce7e50099
000000ccf601fb19
000000cd19db9cd9
000000cd3f645399
000000cd4c8618f9
000000cd78e930b9
000000cd814f0499
000000cd84699179
000000cda2d6a4b9
000000cdae612099
000000cdb20e67d9
000000cdb89d9079
000000cdd6dbadb9
000000ce0125c539
000000ce076ae859
000000ce1058abb9
000000ce1d02f7b9
000000ce1e949519
000000ce3f855c79
000000ce658d46b9
000000ce80c2b839
000000ce84d6b9d9
000000ce8b38aeb9
000000ceb76cbdd9
000000ced01344b9
000000cee8c8d579
000000cf0f49d259
000000cf2e80e799
000000cf425f52b9
000000cf483e8bf9
000000cf5cf12559
000000cf79f06b39
000000cf9da4b1f9
000000cfa1ca7cd9
000000cfb6fcc0f9
000000cfe551b319
000000d016a9c299
000000d036bcd799
000000d068fce9b9
000000d06a863fd9
000000d08c224899
000000d0c4115679
000000d0f650f059
000000d0fee13a79
000000d12797c0b9
000000d129df9819
000000d13d7b34d9
000000d199b724d9
000000d1a59e2319
000000d1e299c0b9
000000d206843719
000000d20753d8d9
000000d21c811f39
000000d23b9b5ed9
000000d258cc55b9
000000d25cbe5639
000000d25cf79a59
000000d266c56939
000000d267aca379
000000d26a01f2d9
000000d289942ff9
000000d2b8d6b579
000000d2bdf14d59
000000d2ddb4da99
000000d2df562dd9
000000d2ed27c9b9
000000d316419bb9
000000d31948f739
000000d322201f39
000000d3697daab9
000000d38d107a99
000000d3a4aff4b9
000000d3c97a0859
000000d3e254c1d9
000000d3e95a5cf9
000000d402e05eb9
000000d4063baf19
000000d420a4b299
000000d42a72e899
000000d432f59ff9
000001a880564661
0000000002d18771
0000000000000181
000000d4bb435299
000000d4c6026cb9
000000d4e4938a19
000000d4e8e272b9
000000d4ffe06399
000000d515b17a39
000000d526ebffb9
000000d530bedfb9
000000d53d6b3a79
000000d5451acd79
000000d554ff3e59
000000d55a10cf59
000000d58cf70959
000000d5a31a90d9
000000d5c83b8db9
000000d648026219
000000d6520d27d9
000000d6572dccb9
000000d6affd55d9
000000d6c0a60659
000000d6c69adf99
000000d6d8e9dbd9
000000d6ef50bb59
000000d7045538b9
000000d71b4be639
000000d7348e59f9
000000d734f698d9
000000d73b015659
000000d7572af1b9
000000d758f4a7b9
000000d75cf51239
000000d78b721459
000000d796a49cb9
000000d7a66804d9
000000d7b2462fd9
000000d7c7800879
000000d7c7802679
000000d7ce237479
000000d7ecf1a559
000000d7f5a58d19
000000d8255be959
000000d82a1d64d9
000000d83e4f8cd9
000000d8471a7a79
000000d8492a9dd9
000000d86343ff19
000000d86b17cb99
000000d8973bb4d9
000000d8992c9bf9
000000d8d6998819
000000d8d942afb9
000000d8e7d8bcf9
000000d8fe9f48b9
000000d93129af79
000000d937dc9cd9
000000d93eb86819
000000d941821519
000000d954086819
000000d95da1e519
000000d9631c3699
000000d96b149479
000000d976f35c79
000000d98b52a8b9
000000d998a9f719
000000d99e4ce939
000000d9a92514f9
000000d9c09c6619
000000d9f09ebb79
000000da06f211d9
000000da07c6fd39
000000da1197d499
000000da55dabe39
000000da7ea7f3d9
000000dabe1edb39
000000dad702a5d9
000000daea4ff759
000000daf73cf7d9
000000db00d5faf9
000000db33f8a859
000000db453ef5f9
000000db556300d9
000000db6594e7b9
000000db668657f9
000000db719a1259
000000db862250b9
000000dbb5aff559
000000dbbe618719
000000dbc574b319
000000dbd784d979
000000dc542fd8f9
000000dc5e0369b9
000000dcb2749279
000000dcb4cd2999
000000dcbb7753d9
000000dcc3280f79
000000dccb874219
000000dcd3cca319
000000dce9d3aa19
000000dcebe5fcf9
000000dd18084259
000000dd38e199f9
000000dd5ce19ed9
000000dd60a39979
000001bb20c10461
0000000002d18771
0000000000000181
000000ddaa45ca19
000000ddbc3dd319
000000ddc342bd79
000000ddcaf03779
000000ddd12d89f9
000000ddd3e8d5b9
000000ddfc818ed9
000000ddfe1e1b59
000000de35ed2f39
000000de4d0154b9
000000de732bb699
000000de815ee5d9
000000decd7dfa59
000000ded3bd87d9
000000dee4d91619
000000deec203dd9
000000df250466d9
000000df39d9e399
000000df50183a19
000000dfdf5bf0f9
000000dff8368639
000000e0126e2dd9
000000e01bdb7c39
000000e027798659
000000e03b460839
000000e042bf4fd9
000000e076e3c959
000000e096c242f9
000000e09ad7d1d9
000000e0be09f619
000000e0be38b459
000000e0ce3ed9f9
000000e0d321b7b9
000000e1424c0c39
000000e17302b039
000000e1d6eca059
000000e1e4df3e99
000000e1f2f02399
000000e1fc494df9
000000e20a0bdf99
000000e20c20fa59
000000e212893eb9
000000e22122e479
000000e23799ab19
000000e238aa7499
000000e239a89d19
000000e24ce41779
000000e27f355999
000000e2872604d9
000000e2d9f52a39
000000e2fdd488d9
000000e30f5b38f9
000000e32d755d99
000000e39fb7efb9
000000e3afbef139
000000e3b2328379
000000e3b9286999
000000e3c74e0159
000000e3dd00e239
000000e3e9407cd9
000000e3e9973019
000000e42146edb9
000000e431538d59
000000e4547cf3d9
000000e467022eb9
000000e485ee5e99
000000e4d4e6c239
000000e4eb4f69f9
000000e540c4e1d9
000000e557b73a99
000000e55afca339
000000e573b979b9
000000e5792c15f9
000000e591256b59
000000e591257b99
000000e5962f23b9
000000e5a31fa1d9
000000e5b7ac9759
000000e5f7a3dfb9
000000e62e62e559
000000e654a7aa59
000000e660bb7659
000000e660ef65d9
000000e68ca56999
000000e6a4db13b9
000001cdc12bc261
0000000002d18771
0000000000000181
000000e6e0eef319
000000e70be4b7f9
000000e715af8cd9
000000e72f765e59
000000e73d02afb9
000000e75cd4d8d9
000000e7913eb339
000000e7fd490df9
000000e7fd8ead79
000000e80bd95cd9
000000e82c4b9739
000000e83ec21cd9
000000e85ebe9519
000000e86c3c7a79
000000e87bf30d19
000000e8814c64f9
000000e89684f4d9
000000e8968b08b9
000000e8b2979a59
000000e8e0c53cb9
000000e8e19f9a99
000000e9053e95d9
000000e922d5ab99
000000e923d8de79
000000e93e8ffdd9
000000e955755479
000000e962e6b6d9
000000e98d6303d9
000000e9b1626999
000000e9b7c4e639
000000e9db4e20f9
000000e9fe4db2f9
000000ea15c55a59
000000ea2232a8b9
000000ea2e8c9c99
000000ea5caee539
000000eabd940d99
000000ead3726559
000000eae7a22239
000000eaef7c8ab9
000000eb06955239
000000eb19182959
000000eb309d00b9
000000eb4fa150d9
000000eb798d4859
000000eba7b37a99
000000ebd34ef499
000000ec0a32acf9
000000ec15222779
000000ec19b649f9
000000ec5a523399
000000ec5d9b60d9
000000ec666f30d9
000000eca5303959
000000ecaaf980b9
000000ecb94b3059
000000ecc70bb6f9
000000ecd7a8df99
000000ece29f9179
000000ed1865d379
000000ed221c3eb9
000000ed363265f9
000000ed371e02d9
000000ed46c9ca99
000000ed4ab4fb39
000000ed52ab6219
000000ed6d5e5f59
000000ed90182a99
000000edab217859
000000edb4042879
000000edbbfee0f9
000000edeabfba39
000000edeb889439
000000edf4509839
000000ee66c4c299
000000ee6c1008d9
000000ee9e4e7899
000000eeaa318ef9
000000eed1741079
000000eedcd64d99
000000ef169e9e99
000000ef170f5839
000000ef20db1119
000000ef21b71e79
000000ef4bbbf7d9
000000ef7d810279
000000ef8a321899
000000efdbd96e99
000000eff3cace19
000000f00650b379
000000f014e447d9
000001e061968061
0000000002d18771
0000000000000181
000000f02fc223f9
000000f048275139
000000f07d9bddf9
000000f0802a07d9
000000f0946461d9
000000f0bc44d599
000000f0c1ef2039
000000f0c6adfcb9
000000f0dac65c79
000000f0f44d0d79
000000f1096f35f9
000000f10c9ad719
000000f11b61e079
000000f137fe7679
000000f158669039
000000f162dc1739
000000f16f1a30d9
000000f178671579
000000f185192539
000000f1921e1e19
000000f197fe4319
000000f19df2e3b9
000000f1cc019d39
000000f1fe4c0f39
000000f24615c839
000000f28487b079
000000f28bda2c19
000000f2950a4cb9
000000f2a53a1319
000000f2ab7ea359
000000f2ab7eb339
000000f2d257fe99
000000f2fba39579
000000f3371aa2f9
000000f36f912419
000000f37325be79
000000f39a21e0b9
000000f39f77fd79
000000f3a039c4d9
000000f3f57e7639
000000f40e9de119
000000f417588fb9
000000f441b63639
000000f45186e139
000000f466c3d619
000000f4867d4499
000000f48bac6b39
000000f48ef9a079
000000f4aa512979
000000f4b25e2e79
000000f4c33e85f9
000000f4c33ec6f9
000000f4db49a6d9
000000f4e982b5b9
000000f526f3e3f9
000000f55a263319
000000f5bfa95a19
000000f5c7c242f9
000000f5dc7b5719
000000f5f0422f59
000000f600a4f2d9
000000f61410a5b9
000000f61a061f39
000000f62a241b99
000000f62ba605f9
000000f63f978639
000000f669ef9299
000000f678d9edd9
000000f6a7b944f9
000000f6b5832759
000000f6d9c14359
000000f6e85c09f9
000000f6e944f959
000000f71a093e79
000000f7295b7d19
000000f75a59ac19
000000f768bac819
000000f77d3c3379
000000f77fd926d9
000000f7927b58b9
000000f79f635a19
000000f8132d9c39
000000f8533140f9
000000f859875639
000000f85c297c39
000000f8b334e699
000000f8e3831df9
000000f8e3a6b159
000000f8e64eb1b9
000000f8eb9af739
000000f8f720d159
000000f8fedf53f9
000000f91f0a8b19
000000f9552ee5b9
000000f9600cc059
000001f302013e61
0000000002d18771
0000000000000181
000000f9a812f339
000000f9ac72ea99
000000f9b5447c59
000000f9cbd60399
000000f9f722f6d9
000000f9fa4e18b9
000000fa1f742999
000000fa437d97d9
000000fa45fef779
000000fa4fb661f9
000000fa60170c99
000000fa7c4b24b9
000000fa8e3b02d9
000000fa94779cb9
000000faa42b98b9
000000faab843ad9
000000faaff21ad9
000000fab328c3f9
000000fabb524979
000000faea76a999
000000faf5860ab9
000000fb066ec0b9
000000fb3e2c09b9
000000fb44f00399
000000fb5e2bedd9
000000fb87cd17b9
000000fba30e81f9
000000fbbd625519
000000fbc0f194d9
000000fbf20c7d19
000000fc10b34699
000000fc5e1908d9
000000fc638dbab9
000000fc7c6093f9
000000fc7c6095b9
000000fc82d42539
000000fc85178b19
000000fc9c8dc9b9
000000fcab492059
000000fcca3cdf59
000000fcfaab8ff9
000000fd5ca260f9
000000fd8940ced9
000000fd9856d339
000000fda4890179
000000fe080f2bf9
000000fe1cb4af39
000000fe28a50ab9
000000fe40667c59
000000fe87c47739
000000fe8b014ab9
000000fe9a43fd39
000000fea59e9af9
000000feadb64ab9
000000feb580e6b9
000000fed666ae79
000000ff4cad8259
000000ff7fbf0119
000000ff8c497939
000000ffba81f919
000000ffd3bfcfb9
000000ffde6f6cb9
000001000a529a19
000001000fda0d19
000001004f7ab759
0000010062b179f9
000001007d9e57f9
0000010080e8e459
0000010081efa699
0000010084648dd9
00000100868b6d39
000001008c93b759
00000100acc46ef9
00000100bf1ea239
00000100c2777919
00000100e0ef8af9
000001010587c519
000001010de55039
0000010155efa599
000001015abe2f99
000001015f9d8219
000001016c3f38b9
0000010184fe12f9
00000101937f5ff9
00000101a41c3659
00000101c12f4059
00000101d6a421b9
00000101d6a43679
00000101da1e4cd9
00000101f46c1e59
000001024f6ea179
0000010250c27279
0000010257a1b739
000001027e61c7d9
00000102810d0959
0000010293f67259
00000102cc0e1959
00000205a26bfc61
0000000002d18771
0000000000000181
00000102feb45c79
000001031407af39
000001031e943f79
00000103238bbb19
0000010345ffc6f9
00000103478975f9
000001037f167319
000001038b4688d9
00000103ae0212f9
00000103baf428f9
00000103bc5fd299
00000103c6481b59
00000103c9695179
00000103da853839
00000103db150fd9
000001040b655c79
0000010413580e79
000001042d96c119
0000010439bec559
000001045a8bb579
0000010487ad0e19
00000104cccb7c39
00000104cf8408d9
00000104f8fb49d9
0000010507c448d9
000001051ca970f9
000001052767bcf9
000001052cee3d99
000001052e075759
00000105474777f9
0000010547708ad9
000001056d9962f9
000001058c49a679
0000010596693059
00000105a38d23b9
00000105d01e3b79
000001063fb09739
0000010652a16059
0000010668bd98b9
00000106955bfd39
000001069dd85779
00000106d8d90c99
00000106df006499
00000106fc98ca59
000001071aabdd79
000001071e898c39
000001072d13b199
00000107346199d9
00000107360158f9
0000010739563619
000001077ea05959
00000107bba97079
00000107c3f92279
00000107c951fb99
00000107cfd896b9
00000108027838d9
00000108324c5199
000001083eb98099
000001084f053839
00000108510fb839
000001086dab1bd9
00000108711113d9
0000010871d7b699
000001087ba6c699
0000010888245df9
00000108a26f1ef9
00000109205e9e79
000001095fb55e39
000001096ea02619
000001097a7eadb9
00000109a0ac82d9
00000109ae01bad9
00000109c4d8d219
00000109dc283fd9
00000109e128f4d9
00000109f071b859
00000109f1a72ad9
00000109f87f1339
00000109fbc25f59
0000010a059b8c39
0000010a22f4d299
0000010a34d77219
0000010a67121c79
0000010a685bf579
0000010a6e72db59
0000010a72a4a359
0000010a9210eb99
0000010aa3752119
0000010af16ad3d9
0000010afd7132f9
0000010b4296c0f9
0000010b79d953f9
0000010b89135519
0000010c0221a0d9
0000010c13636c39
0000021842d6b961
0000000002d18771
0000000000000181
0000010c41b74db9
0000010c5db81fd9
0000010c5de01919
0000010c61b56cb9
0000010c7ef1c5b9
0000010c7f25c399
0000010cc68aaff9
0000010d006d1719
0000010d1370e5f9
0000010d1e0c5a99
0000010d21e06f59
0000010d373b31f9
0000010d81197619
0000010d83faf119
0000010d85f653f9
0000010df4585d99
0000010df89e16f9
0000010e1b268119
0000010e1b7f0bb9
0000010e58d7fbb9
0000010e797c6ed9
0000010e9b5564f9
0000010ea211aeb9
0000010f1251cfb9
0000010f1372e539
0000010f1dcd5559
0000010f20664759
0000010f5acc29d9
0000010fa6690279
0000011015708c79
00000110391099d9
0000011044ab0579
0000011082318819
000001108ec91a39
000001108f9b5179
00000110a57c8c99
00000110c090a439
00000110c536f999
00000110ce2fe619
00000110eb620979
00000110ee287b19
000001112511e419
0000011146388619
000001117421d019
000001118368b1d9
000001118f733879
0000011195d8a0b9
00000111b2cb7ad9
00000111cb007fd9
00000111d9b61699
00000111dbb6c6f9
00000111dc57ba99
000001126fedde59
000001127cb87d79
0000011287fc26b9
000001129b329d79
00000112a39489d9
00000112b040e3d9
00000112c08eb2d9
00000112e3463d79
00000112e3465959
00000112f6fda4d9
0000011306d86e39
0000011315a2d6d9
0000011315a2d779
0000011327f62bb9
00000113434ec879
000001134b99e819
0000011367f81879
0000011375773459
0000011388131d59
000001139b315799
00000113b5cad839
00000113b707f679
00000113b9c81119
00000113c9df1059
00000113d9cbb1b9
0000011405845279
00000114272a19f9
00000114629a2119
00000114790e02b9
00000114b7708ad9
00000114cb0e3c59
0000011537385af9
0000022ae3417761
0000000002d18771
0000000000000181
00000115adf50879
00000115c1fcf699
00000115d21e8e99
00000115ec27cd99
00000115fae9a659
000001162c453a99
000001162f5386d9
000001165ae2f4b9
00000116a356c519
00000116c8541139
00000116c956b0b9
00000116e406aad9
00000116e406b339
00000116ecc86df9
00000116ef579999
000001173e851cb9
000001173fba5df9
0000011756d4f639
0000011756d509f9
0000011756d523d9
0000011758eec519
0000011764b11df9
000001176da31cb9
00000117709497b9
00000117ab3a70b9
00000117b22bc139
00000117c1e0c579
00000117c98ac6f9
00000117d9042f99
000001180c78c119
000001180f02b9f9
0000011818761c99
000001182f084a79
000001182f1789b9
000001184760a419
0000011872b28e59
0000011890223fb9
0000011895f36719
000001189f9fbe99
00000118e1100879
00000118e3de2e19
0000011901e24ab9
0000011903940e39
000001191b5f7a39
0000011923f60019
0000011936e1d6f9
0000011936ef1bd9
000001196a15f519
000001197a4a5359
00000119a75d53b9
00000119aacbc5f9
00000119ac164d19
00000119d2e7c3d9
00000119faef4179
0000011a116da659
0000011a128127d9
0000011a3e8f2099
0000011a41091059
0000011a75581979
0000011a96ff23d9
0000011a9cd8b439
0000011acce3f059
0000011b38286279
0000011b3a07ad99
0000011b653e25d9
0000011b67c8ed39
0000011b6e7a4a59
0000011bae637579
0000011bc51e6c19
0000011be0ad1a99
0000011bec761cd9
0000011bfa230859
0000011c0adb7f59
0000011c1c5d6ed9
0000011c3153c359
0000011c64ea9ad9
0000011c86798959
0000011cad05ff79
0000011cccaa9959
0000011cf3120e79
0000011d07a9f6f9
0000011d18a88179
0000011d4c66a5b9
0000011d58ca5239
0000011d60f8c7b9
0000011d7725df99
0000011d86f6e799
0000011d93448cf9
0000011da84f3e19
0000011dc983bed9
0000011df1f46359
0000011e20f1a579
0000011e317a2c99
0000011e62963959
0000011e86989359
0000011e89b71d39
0000011eb05c3419
0000023d83ac3561
0000000002d18771
0000000000000181
0000011ec2ff1059
0000011ed0960999
0000011ee2d13159
0000011ee8b1fad9
0000011f0bdd0499
0000011f40e75a39
0000011f634dda39
0000011f72811ed9
0000011f76dfaf59
0000011f9569c4d9
0000011fbdd40499
0000011ff07fc2f9
000001200232cb79
000001200303a539
000001200919a2f9
000001200b8b7a99
0000012035b23ab9
000001204c66f5f9
000001205b096dd9
000001206587ba39
000001206a21bc39
00000120cb384179
00000120df414eb9
00000120f68a3619
0000012112124959
0000012121f10059
0000012161318239
000001216fe1b519
0000012171e38b79
00000121770f62f9
0000012177235fd9
00000121783eb959
00000121a427aeb9
00000121c1d14919
00000121c61e77f9
00000121d4ad7879
00000121df772f99
00000121f80ce439
0000012216561699
00000122221a7419
0000012223528cd9
000001222a43e959
000001223e315299
0000012259fc1499
000001225e59f639
0000012262c254b9
0000012263559a39
00000122646be259
000001227a04a859
000001227b9fe1d9
000001227fc14a19
00000122841af619
00000122851ce459
000001229bc50a39
000001229e38e399
00000122d4e5bb39
00000123176ebcb9
000001231a3dcc19
000001231b0e3839
0000012344129599
00000123493c2f99
000001235f68d699
000001237184a579
00000123778ee699
000001237a92f5b9
00000123964787b9
00000123ce41ec19
00000123d599d759
00000124046e28d9
000001241cba9319
00000124345f1cd9
0000012440911059
000001244c1d40f9
000001246f743099
0000012487fc9639
0000012489e341f9
000001249bfe15f9
00000124a6105d19
00000124ac7002f9
00000124ae20e559
00000124b6e9ad79
00000124c5a619f9
00000124f2fa2f19
0000012503a704d9
0000012510a5ff59
0000012512aaf239
0000012530665f19
00000125325abf39
000001254c3de9b9
000001257337b119
0000012590ee8819
00000125967af319
00000125af7604f9
00000125b9e40f19
00000125d86ce819
00000125e7cc36d9
00000125ee9779f9
00000125f425f079
00000125f69b7fd9
00000125fdd64a59
0000012616ecd719
0000012628a576d9
000001265fd12ad9
0000012683a6b0d9
00000126abf3b0b9
00000126ec814dd9
00000126ef2c71d9
0000012721c9b139
0000012735d5ebd9
000001277fdc3419
000001278086b959
00000127c517e159
0000012805eb4cd9
000001280ca51d99
000001280cd76479
000001280dc30679
000002502416f361
0000000002d18771
0000000000000181
0000012811823c39
00000128421bec79
0000012849de2079
000001285da93939
0000012888936ef9
0000012894a2b399
000001289c322899
00000128a7536b19
00000128bca5b099
00000128ca0646b9
00000129480027d9
0000012948003959
0000012958361199
000001295bd343f9
0000012990eb84d9
00000129ab153cb9
00000129de2336d9
0000012a0203abf9
0000012a17c27539
0000012a423f21b9
0000012a42660f59
0000012a85b2e279
0000012a8a9dd579
0000012a963dac59
0000012aa9a45a19
0000012ab7e4fb19
0000012ae2888e79
0000012b0e4fa2d9
0000012b512c7db9
0000012b5c6ebe79
0000012b9eba7239
0000012ba0f2fb59
0000012ba3137399
0000012bb79b51b9
0000012bc8657339
0000012bc94031f9
0000012bd925a559
0000012bebed3b99
0000012bfdb1c299
0000012c219f87d9
0000012c329d59d9
0000012c3a901339
0000012c63108a19
0000012ca2120099
0000012cbb2ab559
0000012ccc5f9619
0000012cefa8c959
0000012cfa4ee299
0000012cfe62fd79
0000012d14596659
0000012d323a01b9
0000012d54649939
0000012d608d7af9
0000012d6133c139
0000012d8e774299
0000012d912ac399
0000012d9c175539
0000012daa1d06f9
0000012dc55f6a99
0000012dc8c65a79
0000012e09621c79
0000012e383b0c79
0000012e445173b9
0000012e49a06d99
0000012e6b336039
0000012e6c533f19
0000012e6ee310b9
0000012ee93cea59
0000012f05024e59
0000012f06961699
0000012f5325afb9
0000012f5418d5f9
0000012f56f9a039
0000012f5ca80499
0000012f74091079
0000012f7b1183d9
0000012f7cdb8f39
0000012fdca72ab9
0000012fec6f4799
0000012fedcb9c19
0000012ff214ce19
00000130025e2e99
000001300f52fb39
000001302c16ad79
0000013040739959
00000130539ffd79
0000013055465879
000001305e200f19
0000013065661d39
0000013094713cb9
00000130d5d59679
00000130dbf698b9
000001310ee32e39
0000013126df8359
000001312c738739
000001314defe6b9
00000131514d2c59
00000262c481b161
0000000002d18771
0000000000000181
00000131653c2e99
00000131aba56fb9
00000131cf0cb539
00000131dd38db59
00000131e6b25f19
00000131f56d53d9
0000013201683f59
0000013203f9b079
0000013207df9699
0000013209ca9f19
000001321f01c6f9
0000013228a20819
00000132356ffbb9
000001323ac16539
000001323b969c79
000001325e692899
000001327d9b5179
00000132b6cc29d9
00000132f7ee9419
00000132ff64d139
000001330bb74819
000001331ccc1db9
0000013366302739
00000133663027f9
0000013389c242b9
0000013393068039
000001339c9d8219
00000133a304bb19
00000133a7f28879
00000133cd6ba559
00000133d7c85a79
00000133e3d36219
00000133f88dcf79
0000013401f1f9b9
0000013409f81459
000001340c389519
000001343b544979
000001345939a419
000001346b415b99
000001346e226ed9
00000134c7a1c0d9
00000134e70e2ef9
00000134ecc675b9
00000134fa040759
000001350f596079
0000013574082759
000001358bc65819
00000135948801d9
000001359bb0a519
00000135aed34719
00000135c76b17f9
00000135d94785d9
00000135e323b679
00000135f4dbbc79
00000135ffdcc939
00000136470def19
0000013650d3e919
0000013652a59339
0000013659c4f4b9
000001365c629f79
000001367bd28779
0000013698bfbcf9
0000013699f874d9
00000136cf383999
00000136d6c8a159
00000136da77a939
00000136e8d9ad19
00000136f7d59db9
0000013706086f39
0000013761214f99
000001376afb97d9
000001377a726e99
00000137b4886259
00000137d8b2fe39
00000137e6dda8b9
000001380ac64db9
0000013824737919
0000013832111139
00000138513df499
0000013857a4d259
0000013879de8b39
00000138ba88cc59
00000138c0912079
00000138f98eea39
000001391c0decb9
00000139258da0b9
000001395088b379
000001399dbfd099
00000139a712f939
00000139b0011999
00000139bdd12839
00000139f4b08d99
0000013a015281f9
0000013a05081f39
0000013a16489999
0000013a5d58b8b9
0000013a6a8b5c39
0000013a6b612db9
0000013aaebddf19
0000027564ec6f61
0000000002d18771
0000000000000181
0000013acfe33979
0000013ad239ab19
0000013ae33c8859
0000013af932c179
0000013b12455639
0000013b182afdb9
0000013b24735899
0000013b35ebfd99
0000013b7a9c94f9
0000013b7e217579
0000013b7e218c59
0000013bcea25939
0000013bdf9060d9
0000013be67f7939
0000013bea891ad9
0000013bf9fb1eb9
0000013c2f0212b9
0000013c316d0259
0000013c433dde39
0000013c52d06719
0000013c679c1b19
0000013c8ed86d99
0000013cc09dd839
0000013cc8f928b9
0000013cd5099bf9
0000013d0622dbb9
0000013d3abc47b9
0000013d40345dd9
0000013d53895e39
0000013d8d0c6ab9
0000013d94f8eff9
0000013da21a6ef9
0000013da5ae0559
0000013daa1cabf9
0000013dbc8ea1d9
0000013dc02f5639
0000013dc2920859
0000013dea98b6f9
0000013e12cfa2d9
0000013e148a4999
0000013e2dc8af39
0000013e3417b579
0000013e3f32a039
0000013e68af2c19
0000013e81cbbd99
0000013e977e6879
0000013ec5f36259
0000013ed9ec1a39
0000013ee9ea1159
0000013f06674299
0000013f07123339
0000013f1bc1ec39
0000013f3554f0d9
0000013f3ab5c4d9
0000013f7415d799
0000013f749b65d9
0000013f78f5f5b9
0000013fae9d02d9
0000013fd77852f9
000001400ff518f9
00000140131aa6f9
0000014031e134d9
0000014050d897b9
000001405521b599
0000014061f69ab9
0000014065ce8df9
0000014092a4d8f9
00000140a9c03419
00000140b32c5559
00000140b8b74f59
00000140c1c00d19
00000140c57284d9
0000014102e31d59
00000141347d31f9
0000014139ebebd9
000001413c6536f9
00000141ad65f759
00000141e4154299
00000141efd1f719
0000014223d33db9
00000142307e47d9
000001423f5dc4f9
00000142488899b9
0000014251405a19
0000014281aef4f9
000001428344d939
000001428521e319
00000142a1ce00b9
00000142d0fbf239
00000142d43c0499
00000142d451c5d9
00000142dd774439
00000142eaa82bf9
000001431d85d4b9
0000014342051219
00000143618d93f9
000001436a3c7879
000001436bfceeb9
00000143752a0799
00000143822452d9
0000014395b58df9
00000143b3947759
00000143e5493539
00000143f8873f99
0000028805572c61
0000000002d18771
0000000000000181
000001440be90ef9
000001442f906ff9
0000014437ad9d39
000001447e6d80b9
0000014487d50d39
000001449701ad99
00000144aa50e9b9
00000144aba4e9f9
00000144b0a40b99
00000144e0c91379
00000144e74765b9
00000144edaf1e19
0000014505aad5f9
0000014514046899
00000145422db319
0000014546102f99
000001456da2a939
000001458f8e2679
00000145a26489d9
00000145ddac24d9
00000145e6e10739
000001464a072ed9
000001465b4f8899
0000014673119ad9
000001469874b219
00000146b0e302d9
00000146ba605679
00000146d96b2cb9
0000014708997f79
0000014711c23fd9
000001474137e299
000001479097ac39
00000147a90561d9
00000147ae86f1b9
0000014808303179
00000148406c5159
0000014869788099
0000014888807459
00000148b5c9c9f9
00000148e5c6f479
00000148f10986f9
00000149158288f9
0000014954fa7119
0000014963e1cab9
0000014967912359
000001496f23eb99
0000014979407939
0000014992ca4a59
00000149a5097459
00000149bcec1a79
00000149fe45d4d9
0000014a1dde4019
0000014a2434ae79
0000014a3a530a79
0000014a3eec7999
0000014a94857179
0000014aa0357819
0000014aa7f6a639
0000014ab4d017f9
0000014ab9b670f9
0000014abf7e7ef9
0000014ac1e60e39
0000014ada3eb8b9
0000014add7bea19
0000014af5689a99
0000014af5692e59
0000014b1a1af2d9
0000014b1b8ce8d9
0000014b1b9f87d9
0000014b3b97dc59
0000014b705933d9
0000014ba0180079
0000014bc07f3059
0000014bc28a37b9
0000014bd5bf2dd9
0000014bdb31c1d9
0000014bdbad3eb9
0000014c1123ac59
0000014c38a72199
0000014c5140df39
0000014c6dc49599
0000014c83ef7cd9
0000014c970662d9
0000014cbbac9ab9
0000014cd5dca539
0000014cf68b0119
0000014d17dac3b9
0000014d447812b9
0000029aa5c1ea61
0000000002d18771
0000000000000181
0000014d5612a019
0000014d6a004899
0000014d6b48ddd9
0000014d79578579
0000014d8b0bbe99
0000014d8dca5439
0000014db6fbae99
0000014dbc71e259
0000014dcaf97ff9
0000014dce0f4eb9
0000014dd3384139
0000014deda56999
0000014e0fbd89f9
0000014e1610c499
0000014e21fd86d9
0000014e440fab79
0000014e588c1839
0000014e5d73c5b9
0000014eb252b059
0000014edce4b199
0000014ef349e179
0000014f16b0f139
0000014f524f5c19
0000014f61fb9519
0000014f63ce07d9
0000014f64d0fc39
0000014f85f52819
0000014f984d16d9
0000014f99fa8739
0000014fa61dc1f9
0000014fa61dd0f9
0000014fc43da9b9
0000014fc650d6f9
0000014fe702c2b9
0000015051e025d9
000001505fab5d59
0000015065239779
000001506bc713f9
000001507d40c719
00000150a064a679
00000150a7916ab9
00000150a9888979
00000150b05a5d99
00000150bc66d5f9
00000150ee1556b9
00000151025c3879
0000015133164359
00000151789666d9
0000015184ed20b9
000001519603d8f9
00000151c01a7919
00000151c463a1d9
00000151caacbff9
00000151fd3611d9
000001520c6113b9
00000152119ec5d9
000001521d17c1f9
000001521e2800b9
000001521e6a2f99
000001523c614359
00000152457dbfb9
00000152496b49f9
000001524ee79239
000001525b9d2999
00000152a683bbf9
00000152a8ad2a99
00000152bd56c339
00000152bdd84879
00000152dee11fb9
00000152f34d9ef9
0000015308eef399
0000015310b0f9b9
000001532dd80639
000001533c000959
0000015344f902b9
000001534db23399
00000153540b1cd9
000001535bd7ead9
000001538fdb58d9
00000153fd8476f9
000001542aa50279
000001545bcb13b9
00000154603ed479
0000015475baadd9
000001548571c8b9
000001549cdd9979
00000154b85095b9
00000154de70eb59
00000154eb232159
0000015501dc7139
000001550a989b59
0000015518e1d519
00000155353b6919
0000015570960559
000001559d7e8fd9
00000155d24af6d9
00000155d4c84259
00000155d7317d39
00000155e11c7b59
00000155f471c5f9
0000015601d82899
000001560e4f6bf9
00000156114884f9
00000156549999b9
000001566fbac619
000001569a4c56b9
000002ad462ca861
0000000002d18771
0000000000000181
00000156a4418df9
00000156d364f7f9
00000156d8640119
00000157029cc519
00000157190e1bd9
00000157315ce639
000001573b1f12f9
00000157450aa099
000001576ba02eb9
0000015777a0a619
00000157c2488599
00000157db8f4359
00000157e063e619
00000157e37d9df9
0000015831afdab9
000001585d1c8079
000001587efb8579
00000158932074b9
00000158d24a2799
00000158dfd79199
00000158fc2b9539
0000015900a00b99
0000015905cdebd9
0000015909a82cf9
000001590f86fb79
000001591bf3ef79
000001595e45ed19
000001598f38f0d9
00000159b16d0fd9
00000159c345ac59
00000159c5b93c79
00000159d82667f9
0000015a9804ccd9
0000015aa62797f9
0000015aa62799b9
0000015acbcd5af9
0000015af12720d9
0000015b1567d219
0000015b15790899
0000015b2c8aec59
0000015b32555199
0000015b53159599
0000015b59c4d0b9
0000015b65a8a1f9
0000015b6f7e4739
0000015b93c578b9
0000015b9a6d3bb9
0000015ba368eef9
0000015ba44f8639
0000015bc59f9919
0000015bcff9abb9
0000015c041084d9
0000015c30821d59
0000015c618d6159
0000015c66de0619
0000015d06e8dc39
0000015d1160d7f9
0000015d14c9fbb9
0000015d1b3aa979
0000015d39a54a39
0000015d4e14b379
0000015d559df119
0000015d7c431b59
0000015d7f4ba3b9
0000015d98386559
0000015d9fd741b9
0000015db374fe19
0000015db3d0bd79
0000015e0624f039
0000015e23a3ba39
0000015e275812b9
0000015e32585799
0000015e3e01cab9
0000015e3e37b399
0000015e417978f9
0000015e44a27f39
0000015e47eb84f9
0000015e481b1919
0000015e4e213759
0000015e743fa2b9
0000015e8e25c959
0000015edc689f59
0000015ee7c268d9
0000015ef72e7939
0000015efd5a4119
0000015f174e7fd9
0000015f2b9589b9
0000015f3a067019
0000015f49367099
0000015f4d7c79f9
0000015f630ed5b9
0000015f67457bf9
0000015f6cc77379
0000015f6d504c99
0000015fa96c3939
0000015fbbf21b79
0000015fcfb7f5f9
0000015feeb75df9
000002bfe6976661
0000000002d18771
0000000000000181
00000160074aa2d9
000001601e5be719
000001601f6eef99
000001602d0b4079
000001605a95f5f9
0000016079cb54d9
00000160891e6619
000001609ab014f9
00000160d5880ef9
00000160e0e9bbb9
00000161106f7999
0000016135e5aa39
000001613d6009f9
00000161770291f9
0000016178b22ed9
000001617b1e3539
00000161957f18b9
00000161984fd799
00000161d75fcff9
0000016223136319
00000162311093d9
00000162a98092d9
00000162b56a7b19
00000162cb51f119
00000162cc8041b9
00000162e5986e39
00000162fb647639
00000163200e8719
000001632c35b479
00000163379f9219
000001634a92e9f9
0000016372fb5359
000001638b884c19
00000163919d9819
000001639a48ab39
00000163a93522d9
00000163beea2379
000001642c01b4f9
000001643b716c39
0000016446216899
000001646a40c919
0000016470b13299
000001648a2eb479
00000164a14655b9
00000164ce073fd9
00000164dbcc01b9
00000164eae047f9
00000164fcbfba59
000001650c3436f9
00000165160cd479
0000016538c01519
0000016557cc8579
0000016580a0f0d9
00000165890d0f39
000001659572a079
00000165974d3a39
00000165a0fa3f79
00000165b5dbf8b9
000001663fae4e59
000001666e9e9bf9
00000166baa38199
00000166cab54e59
00000166cf6148b9
00000166d5d65519
00000166e32e2479
000001670ea34739
0000016721541959
000001672872ba39
00000167410f1759
000001674a2f6819
000001675ceea319
00000167627aa699
0000016768cf7d79
000001676fc1de39
00000167a3e18979
00000167be564439
00000167be721259
00000167cc2f9239
00000168004b7e39
000001680e3988d9
000001682271e8f9
000001682282d959
000001682373a2b9
00000168494c05b9
0000016868862219
00000168983d5d59
00000168bcac6999
00000168c73016f9
00000168e69d1af9
0000016913747ef9
000001693ce61419
000002d287022361
0000000002d18771
0000000000000181
000001694907e279
0000016968356899
00000169a22505d9
00000169a83587f9
00000169a835a819
00000169aade9eb9
00000169c1399cf9
00000169d8320579
00000169e24f5999
0000016a05710a79
0000016a1120f739
0000016a1e0c2b19
0000016a3a4b3719
0000016a53d440b9
0000016a5725ae99
0000016a6ee70079
0000016a9ab424f9
0000016a9d990419
0000016aaf713139
0000016ab69584d9
0000016aca2bd879
0000016ad99028b9
0000016af1fe8ef9
0000016b042df2b9
0000016b0d5f5e39
0000016b0e637bd9
0000016b3ca85799
0000016b6194a779
0000016b737cbd39
0000016b97813c19
0000016b9b7e1fd9
0000016bb9811ff9
0000016bf097fe59
0000016c11bc9ab9
0000016c3ce2c5b9
0000016c40edec59
0000016c4ed1ae99
0000016c6da712f9
0000016c95c357f9
0000016caa37e0b9
0000016cb1feb639
0000016cb6f94f59
0000016ce29bb299
0000016d0c6a8459
0000016d1e951379
0000016d288ebd79
0000016d2a7383d9
0000016d2d281019
0000016d42f87cf9
0000016d528561d9
0000016d5a6ae2b9
0000016d7d50f8d9
0000016d84219d39
0000016d87b7add9
0000016d893301f9
0000016dc37ca779
0000016dcc3311b9
0000016dde376579
0000016de1696379
0000016e070cb599
0000016e32d08c99
0000016e4591ef99
0000016e48475df9
0000016e578fe9d9
0000016e61b7d119
0000016e8b23d9b9
0000016eb5206979
0000016ed3dc14f9
0000016edd7fc0f9
0000016ee411d2b9
0000016ee939b499
0000016f0da17459
0000016f0fb489b9
0000016f1d494379
0000016f261de139
0000016f64bee4d9
0000016f6a5c9ab9
0000016fa22ae019
0000016fa9715a19
0000016fd424abb9
0000016fe1170e39
0000017002040f79
000001703c372e79
000001708c76ea99
00000170c912b299
00000170d7f1deb9
00000170db661fb9
00000171062bb479
000001711d0f0eb9
000001711e4c6b39
0000017126b58479
0000017137e78879
0000017138a51a19
000001713a6b3479
0000017154ead659
00000171910b1ad9
00000171921e10d9
000001719ea4f239
000001719f2b0c79
00000171c202e379
00000171c2bd6a39
000001720c60f339
000001722ded47d9
000001725abaa459
000001728b342439
000002e5276ce161
0000000002d18771
0000000000000181
00000172b72b00b9
00000172c1b47099
00000172c2ca8899
00000172cb8739d9
0000017304386a39
00000173145d3239
000001732e73c299
0000017330f522f9
000001733f133cb9
0000017358b00a19
00000173595650d9
000001735cc20f59
00000173a1aec199
00000173a1e4ba19
00000173adb70119
00000173c0319f99
00000173c56e9639
00000174180c4119
0000017418ddd759
000001741f3e1159
000001742242d919
00000174239c5df9
0000017442a73559
00000174447cfcd9
000001745f2cef79
00000174880fb4b9
00000174ae9bf839
00000174fcbafe19
00000175332ba0d9
0000017568656e59
000001756915e879
000001758fd54c79
00000175acdd48d9
00000175b53a9cb9
00000175d2acf299
00000175fc5cd4f9
00000176018e86d9
0000017615633519
00000176156f70f9
00000176301c69f9
000001763ae60b79
000001766ccb58f9
000001766e0f9219
000001769c1f82d9
00000176b3f08b59
00000176bc79f1f9
00000176d454fd39
00000176e465a439
00000176f0c29eb9
00000176f170f2f9
00000176fb358f39
000001770edb4119
000001771e303119
00000177765b3319
0000017785a3b4d9
00000177ac3b31f9
00000177c7dcf719
00000177d6add4d9
00000177df0823d9
00000177f21f65d9
000001780aa4d419
000001781a7cdd99
000001785202d759
0000017854b30a19
0000017856962679
00000178738b4319
00000178803d0499
00000178ac63c179
00000178c6948159
00000178cc585919
00000178d55945b9
00000178fc113639
0000017952ef9979
000001796553a119
000001798ae228b9
0000017999ea1679
00000179b477e2f9
00000179d2777ef9
00000179fb4f4f79
0000017a01292559
0000017a04474319
0000017a11b379f9
0000017a28f00af9
0000017a786fffd9
0000017a81a37d99
0000017a86ea9859
0000017a971102f9
0000017b2115b019
0000017b4bff5859
0000017b6dfdc299
0000017b93370ab9
0000017b97a0b059
0000017b97a78f99
0000017ba801ceb9
0000017bb72f6f19
0000017bc732a799
000002f7c7d79f61
0000000002d18771
0000000000000181
0000017bf06d6a39
0000017bf0e42079
0000017c1d3228d9
0000017c6317e0b9
0000017c6840a079
0000017c70b07639
0000017c72e3cad9
0000017c83051319
0000017c83d748b9
0000017c8f849559
0000017c9d9b3759
0000017cc96a7ef9
0000017cd1b85679
0000017cdf9d50f9
0000017d09b68439
0000017d0a0550b9
0000017d52e5a479
0000017d5401da39
0000017d5a01ba99
0000017d5bbcee79
0000017d813d1279
0000017d8b068859
0000017d90b19f99
0000017d93d266f9
0000017da8adad99
0000017e023eabd9
0000017e16b8db79
0000017e3b769bb9
0000017e49d64b99
0000017e50a17579
0000017e518b7719
0000017e734871d9
0000017e8dbc8379
0000017e93bac9b9
0000017eaaf03bf9
0000017eada20cd9
0000017eb985e719
0000017eee4103b9
0000017efcf63979
0000017efd12f1b9
0000017f03b12499
0000017f40c7c919
0000017f65508179
0000017f71da45b9
0000017f73076979
0000017f908fe399
0000017fa8a52bf9
0000017fafa7b419
0000017ffee5f659
000001800ac6ffd9
000001800ec78ad9
0000018036456439
000001805d804e19
000001809b88ec59
00000180ad2ab599
000001811db435d9
0000018155022199
00000181707bccf9
000001818328a919
000001819badbb19
00000181b464fcb9
00000181db720ef9
00000181e2206239
00000181f0522219
000001820ed32d99
0000018224438279
00000182380253d9
00000182714e56d9
00000182738a5319
00000182888928f9
00000182a5bdc5b9
00000182dc8777b9
00000182e2e14ff9
00000182e6ab48b9
00000182f25fc139
000001830cff59d9
000001831abf6859
000001831e7160f9
000001831fdfc179
00000183345ccfd9
0000018341749439
0000018343dba4b9
000001834fd0d399
00000183626eb9f9
0000018365e5ea99
000001836aee9239
0000018371d55cd9
000001837d46d2d9
0000018380894af9
000001838256a8d9
000001839a0317d9
00000183ac5f9119
00000183d1071e19
000001840b7e0059
000001841e363b79
0000018450dc01d9
0000018455693d19
000001847086f6b9
0000018476edea59
0000018480feb679
000001848b44ee39
00000184d794edd9
000001850098d9f9
0000018530471c59
0000018532496779
0000030a68425c61
0000000002d18771
0000000000000181
00000185368448b9
0000018568159819
000001856b575139
00000185732eebd9
0000018592b7e7f9
00000185a45d3839
00000185e4dd82b9
00000185ef98c3f9
000001860731d259
00000186159b3c39
000001863ce95059
0000018645797239
00000186556ed679
000001868e69f039
00000186a7de82d9
00000186abc30519
00000186d1c9d8d9
00000186f67fedd9
000001873d5e8a79
000001873f6ddd79
00000187420211b9
0000018756ab13f9
00000187627737f9
0000018765e42219
0000018765fb7cd9
000001879a61e819
00000187b494ba99
00000187c3c9e8b9
00000187c7cfad79
00000187c7ef4159
00000187c8b77559
00000187d4eb62f9
00000187fa1d9819
000001880f64b559
0000018855598e39
0000018859b03bb9
00000188678a5039
000001886f7475f9
000001887df17d59
00000188994e7cd9
00000188bc7b00d9
00000188c26b3539
00000188cd3bcd39
0000018902641499
0000018906d7e559
000001890fb49ff9
000001897dfdc259
0000018988509d59
00000189a9b44319
00000189b43e5d99
00000189b77cdc79
0000018a2d166699
0000018a3be44139
0000018a3eeb3459
0000018a88c10099
0000018a93b61879
0000018ac66c9c59
0000018ad6dcd479
0000018aeb3651d9
0000018b19b06459
0000018b2ebb5a39
0000018b41d6efb9
0000018b4bde9f59
0000018b4d5fe599
0000018b56da5d19
0000018b5c9cb399
0000018b76b1eeb9
0000018b78a44eb9
0000018ba71255f9
0000018bb29e9039
0000018bce3cc619
0000018bdbf6fa19
0000018bdc42d0b9
0000018be0adbc59
0000018c1f020b19
0000018c249bfa19
0000018c31b64e59
0000018c3a11c679
0000018c42429a99
0000018c60347119
0000018c6ba963d9
0000018c79851199
0000018c7a13c479
0000018c7f041d39
0000018ca185f8f9
0000018ca41613b9
0000018cad68a0b9
0000018cddc4d859
0000018ce846eff9
0000018cfb9d2699
0000018d0d9bcfd9
0000018d0df209f9
0000018d2fb9e5d9
0000018d386fdc19
0000018d3df7eb99
0000018d4dbbe579
0000018d59d82af9
0000018d83a58ff9
0000018d85d4b519
0000018d892d9a99
0000018da8acad39
0000018db3885259
0000018dd378a359
0000018dd6871279
0000018dda94e159
0000018de0ae4159
0000018de0cc4a59
0000018e143a9719
0000018e23af9399
0000018e3b5818f9
0000018e4592af79
0000018e624810f9
0000018e7990b6b9
0000031d08ad1a61
0000000002d18771
0000000000000181
0000018e86021079
0000018eb0a642d9
0000018eb90ea099
0000018ee0abc199
0000018ef381f199
0000018f0b9d4959
0000018f39d68ff9
0000018f62bbb7b9
0000018f68561579
0000018f886b39b9
0000018fba633819
0000018fcc331959
0000018fd8e3f059
0000018fda619939
0000018fde0cbef9
0000018ffeb97ef9
0000019021d98c39
0000019025f2a8b9
00000190278a8299
00000190641a7939
000001907485f3b9
0000019077ec9419
000001907e210979
00000190c3394319
00000190c3ca6779
00000190c8631359
000001910ddb3919
0000019128f334f9
000001914b4d0e79
000001916b338f39
00000191998b8599
00000191ac4b5db9
00000191c4051a99
00000191c5c58499
00000191e8f4e8b9
00000191ec54c599
00000192117b7b59
0000019212f60299
00000192245296f9
00000192398b03d9
000001924d543359
00000192656426d9
0000019270776199
00000192776235b9
000001928cf5b7f9
00000192a3deadf9
00000192b3cc6839
00000192feab2179
00000193303d5a39
000001939e29c199
00000193bc960879
00000193d1194a99
00000193d8359979
00000193fe82e299
000001941f5454f9
00000194391eac59
000001944c27fab9
000001945dc72479
00000194724f7f39
0000019485a97eb9
000001948ba6e8d9
000001948da82499
0000019496fdaab9
000001949c53f1d9
00000194b2f37299
00000194dbfe4bd9
00000194f3baa3b9
00000194f850b8f9
00000194f98158f9
00000194faae9a59
000001950d61e099
0000019541145ef9
0000019596b9cab9
00000195c247a8d9
00000195c511a2d9
00000195dc8b3939
00000195ee8c5ff9
00000195f5c39799
00000196006253b9
000001963c69e8b9
00000196a60918d9
00000196c4bc2799
00000196c7a9e519
00000196d45640b9
00000196db0a1f39
00000196ed4eb7d9
00000196ed73acd9
00000196fd387e39
000001970baa37b9
0000019710a3f359
0000019728877919
00000197360ddcf9
000001975509f119
000001976258ee79
000001976c1702d9
000001978dd5cd39
000001978e7ebfb9
00000197a38672b9
00000197a8c1c2b9
00000197b0a742d9
00000197c9751f59
00000197cb8549f9
0000032fa917d861
0000000002d18771
0000000000000181
00000197f52d9079
00000197f7ea5b79
0000019823e6cc79
000001982ef0a1b9
0000019865dc5ef9
00000198713dca59
00000198e17e5ad9
00000198e39ace39
00000198f0fc4fd9
0000019910fc9939
0000019929924619
00000199384e1179
0000019942c24d39
000001997a5625b9
000001998c398159
0000019999ca12d9
00000199babea4f9
00000199cbac2a99
00000199fc980959
0000019a0a73a579
0000019a0d3238d9
0000019a0ece8c79
0000019a15659dd9
0000019a1efcef79
0000019a62297999
0000019a898a0519
0000019a99542439
0000019a9c897d19
0000019aa138aff9
0000019ae0c53059
0000019ae78508b9
0000019af27ac239
0000019afa62bbf9
0000019b0243c179
0000019b1ebbb839
0000019b3c5993d9
0000019b3df2de59
0000019b6e20d919
0000019b7b44ee79
0000019b8206a279
0000019b8685c519
0000019b96bbc3d9
0000019b9b554799
0000019bd5c15119
0000019bd60693b9
0000019bf4b8fe79
0000019bf9e423b9
0000019bfcbaf2d9
0000019bfec53b99
0000019c47abe879
0000019c6cf71839
0000019c94097239
0000019cbe13e819
0000019cc7e6acf9
0000019cd1f0b179
0000019ceb0f5bb9
0000019cf5a44dd9
0000019d398408f9
0000019d3e2606d9
0000019d502d2699
0000019d5b2a6019
0000019da0daeb59
0000019dac151b99
0000019db7a36a39
0000019dc44a97b9
0000019dd272fa39
0000019deed74839
0000019df35f6359
0000019e0d8f06f9
0000019e0e3af5b9
0000019e2f51f419
0000019e4e8f42d9
0000019e5c22cf79
0000019ea9df8479
0000019ec001ef99
0000019ee2ad1f59
0000019ef53900b9
0000019efa33ec59
0000019f44ea6e99
0000019f4d36a5b9
0000019f51335259
0000019f5158a599
0000019f75dcadb9
0000019f7897c339
0000019fb0f56bd9
0000019fcb20d819
0000019fd5e58359
000001a011d6f2f9
000001a057c616b9
000001a067df9e19
000001a07514b7b9
000001a087cb0f79
000001a0887c99f9
000001a0c2453c79
000001a0ee9c4479
0000034249829561
0000000002d18771
0000000000000181
000001a1498282d9
000001a1612f5b99
000001a16ecb9ff9
000001a18315c459
000001a1843559f9
000001a198570439
000001a1adad45f9
000001a1b7fd3699
000001a1c37743d9
000001a1c661aa79
000001a1d65d0019
000001a206c0ce39
000001a23b51f079
000001a2418b15d9
000001a2578a93f9
000001a280fd5399
000001a2af648879
000001a2c83fc2f9
000001a2da86f699
000001a306024219
000001a31aef9f59
000001a33782ecf9
000001a34f2c6599
000001a371bbbc99
000001a37617eeb9
000001a3a118b3b9
000001a3ac838e79
000001a3b823ea39
000001a3fc8dc7d9
000001a4106e92f9
000001a41b639379
000001a42a5105d9
000001a4468724d9
000001a44b89fff9
000001a44eb865b9
000001a45a0c86d9
000001a464a1df79
000001a468bc0fd9
000001a481934bd9
000001a4b942fe39
000001a4bab65e19
000001a4c0a55d99
000001a4d689da99
000001a4ff8c4c39
000001a52b69c699
000001a5528ac9f9
000001a556742f39
000001a55a3a51d9
000001a594e4c459
000001a59e2aa519
000001a5c93f6279
000001a5d39ef099
000001a5d5131799
000001a5dab4c599
000001a5de934ef9
000001a5e8ffe9b9
000001a5f8856379
000001a6049b5399
000001a606540679
000001a63063aa19
000001a667301839
000001a66ad444d9
000001a678c79119
000001a687ac4b59
000001a68d157bb9
000001a69a4ea019
000001a6cf621159
000001a6fd587f19
000001a7037b5839
000001a7081364f9
000001a7120261b9
000001a715235939
000001a72cf20ef9
000001a73ecdb5f9
000001a7588546f9
000001a76acf8759
000001a76acf9559
000001a77b8a07d9
000001a796857df9
000001a7a4447279
000001a81116a2b9
000001a8a0a281d9
000001a8a436f0d9
000001a8a43730f9
000001a8c2758499
000001a8f3fecab9
000001a917c659f9
000001a955ad3779
000001a960817919
000001a96ebf8919
000001a97a577359
000001a989e11f39
000001a99e82f9f9
000001a9a4aa0059
000001a9b09688d9
000001a9b7626179
000001a9ede5a0d9
000001aa103599b9
000001aa1d3ceb59
000001aa5e56c279
00000354e9ed5361
0000000002d18771
0000000000000181
000001aa85e50e19
000001aaa11b77d9
000001aaa2e74279
000001aab9970159
000001aac2308979
000001aac4f4f039
000001aaea9537b9
000001aaef5f4d19
000001aaefa00799
000001ab1b4a09d9
000001ab66bbcb19
000001ab7a77ac39
000001ab98418139
000001abac7ed7d9
000001ac1fc25959
000001ac1fc26979
000001ac3deee3d9
000001ac540f2ed9
000001ac64739a59
000001ac80de2a79
000001ac8d770899
000001aca69b1859
000001acadc8b599
000001acbeb9c0d9
000001ad1170ffb9
000001ad65fa4379
000001ad81f1f7b9
000001adb6330819
000001adc3a82ad9
000001addd32b719
000001addd5a8839
000001adde31e0b9
000001ade9d42c79
000001adfb0db2b9
000001adfef28db9
000001ae10bd54d9
000001ae1ee29099
000001ae3186e9f9
000001ae34aaf879
000001ae3ba53179
000001ae52694d39
000001ae553662b9
000001ae576f9939
000001ae576fac39
000001ae576fbef9
000001ae83873439
000001ae9867eb79
000001aea53b4af9
000001aea8e2b539
000001aeaaa426b9
000001aeae021199
000001aeb1a67619
000001aeeb469919
000001aefbd9ac59
000001af0890f159
000001af12286619
000001af140c76f9
000001af1987adb9
000001af1c50cd99
000001af3637e259
000001af4aaf8179
000001af5b8d7979
000001af72f59499
000001af75c6a159
000001af988e8679
000001afa2bcbbb9
000001afbe479059
000001afc104e879
000001afcb446c99
000001affc88bb99
000001affd88f099
000001b044149ab9
000001b06c127d99
000001b089b9c459
000001b09663a239
000001b0a07f8b59
000001b0a6cc5159
000001b0b85b51b9
000001b0be9d5359
000001b0d4f50ff9
000001b0e1dec6d9
000001b148e5d6d9
000001b174abbc19
000001b185aca859
000001b189bc8d59
000001b18b9123f9
000001b20c619ff9
000001b2513826d9
000001b2535b27f9
000001b29134c9b9
000001b29da61059
000001b2a5bba479
000001b2b826f519
000001b2e80bbf79
000001b2f1247239
000001b311da4439
000001b326808139
000001b33bf35059
000001b33d11c759
000001b3420d50b9
000001b3751472f9
000001b39f040c99
000001b3c084e4b9
000003678a581161
0000000002d18771
0000000000000181
000001b3ebabf799
000001b42d4f3c19
000001b43492c499
000001b43df72839
000001b44bf9f279
000001b44d805899
000001b45da9fbd9
000001b461651e39
000001b461f79b99
000001b48b89de79
000001b4a4b4ea59
000001b4d27c8439
000001b4fa73a9f9
000001b5021329b9
000001b506f40799
000001b51a826739
000001b53006c1d9
000001b5328e2eb9
000001b56657a679
000001b5729d1d19
000001b58b23ab99
000001b5a9a2af99
000001b5ac9c2c39
000001b5cd549c59
000001b5d46292b9
000001b5da730559
000001b5ecc3f6b9
000001b61459cd59
000001b631fa6299
000001b63ac0e3b9
000001b63f591339
000001b6488eb139
000001b65a14bf19
000001b661573ff9
000001b686449fd9
000001b6908d0b99
000001b6aa6d42f9
000001b6b3dc8139
000001b6c949e4b9
000001b6e3d82999
000001b6f0c8f8f9
000001b74705eeb9
000001b762d19539
000001b76696b099
000001b770ab0b99
000001b77d3a0379
000001b78472bfb9
000001b7c2abdf59
000001b7eb707d79
000001b80d5e71f9
000001b83c7c1f99
000001b88321a3f9
000001b8920c9ff9
000001b89ab07319
000001b8bdabcc19
000001b8d6723299
000001b91857c1b9
000001b9748f42f9
000001b97ca66059
000001b983258379
000001b9dfe68d79
000001b9ea0def99
000001ba1fb0ea19
000001ba1fd1bfd9
000001ba4b938159
000001ba4fae8099
000001ba51e6e2b9
000001ba63b6c2f9
000001ba9182a119
000001ba9a535ab9
000001bab23bbcf9
000001baf6d42099
000001baf8fda239
000001baf9d35ff9
000001bb4e79eb19
000001bb5044bfb9
000001bb721911d9
000001bb7b35f759
000001bb8f35a019
000001bbc065daf9
000001bbe8662559
000001bbf15eaf99
000001bc005ff9d9
000001bc08116a79
000001bc875e8a39
000001bc8cca1ad9
000001bc9e11e059
000001bca72e8b39
000001bccd7af679
000001bcf3ea8479
000001bcff7c9ad9
000001bd0d6b87b9
0000037a2ac2ce61
0000000002d18771
0000000000000181
000001bd19cb9179
000001bd243671d9
000001bd31679a79
000001bd434bd0d9
000001bd4635bd19
000001bd7324ae79
000001bd79ae5d19
000001bd8c630ff9
000001bdb298d3f9
000001bdc583ab79
000001bde72a4459
000001be12762d79
000001be242a2719
000001be6e57e059
000001be8c060359
000001beab467b99
000001beba0919f9
000001bee0497a79
000001bee3870699
000001bef6cfb7b9
000001bf0f78f9d9
000001bf17511459
000001bf5f34f5d9
000001bf6cc0ba79
000001bf928c4ab9
000001bf968fc9f9
000001bf9dddb339
000001bfaaa24099
000001bfabb4d7b9
000001bfe17d0299
000001bff28732b9
000001c01f0c0e79
000001c039646d59
000001c043603fd9
000001c0497ee4f9
000001c056f4acf9
000001c0833274b9
000001c08c980099
000001c0aa368199
000001c0aca1e059
000001c0c09c44b9
000001c0ee57c7f9
000001c160ce6159
000001c162a5b559
000001c16f674719
000001c1a6692dd9
000001c1ec24c3b9
000001c1ff766ab9
000001c20c6c0679
000001c2358c6b99
000001c239c68179
000001c24f1240d9
000001c27aca7d59
000001c2a0578639
000001c2b6379e39
000001c2f6ddfbd9
000001c31668e039
000001c3798f6759
000001c37aaabe79
000001c381a358f9
000001c3891d4af9
000001c3bdb69c39
000001c4283e20d9
000001c44633e959
000001c4527ee559
000001c4678502f9
000001c47e82fcf9
000001c48b94e6d9
000001c4b05cfad9
000001c4ce630659
000001c4f3142539
000001c50e122379
000001c521981d19
000001c524cb4459
000001c52affda79
000001c5300dc9b9
000001c531729c19
000001c540243799
000001c54d05de39
000001c55abd6e99
000001c57313c599
000001c57fe003f9
000001c59c349439
000001c5b4cc6b99
000001c5e62d3659
000001c5f8e87239
000001c62b622559
000001c62f975559
000001c63ab818b9
0000038ccb2d8c61
0000000002d18771
0000000000000181
000001c66c4f1399
000001c6981c8399
000001c6b9fa3179
000001c7099fc6b9
000001c718796d59
000001c72418ea19
000001c729df1159
000001c7598a4019
000001c78e96ac39
000001c7d9286c79
000001c7e767f499
000001c8108f4359
000001c81e727559
000001c825c76699
000001c832f51f39
000001c85175de59
000001c85f21d899
000001c88924f019
000001c88f18a1f9
000001c894122b79
000001c8ad47ed39
000001c8ae07fcd9
000001c8ceda9299
000001c8ddf6eb39
000001c91713b659
000001c918668999
000001c924230a39
000001c92a582bb9
000001c949e8db19
000001c952bb3e99
000001c95cbf7e99
000001c9d1150ad9
000001c9d4b35439
000001c9d54e41d9
000001c9d762f299
000001c9e48ea579
000001c9e957b479
000001c9efeedaf9
000001c9f8fb5cb9
000001ca2079ed19
000001ca2e0b33b9
000001ca4dc960f9
000001ca61cc1379
000001ca8f340759
000001caae7d05b9
000001cada3f2719
000001cafa5063f9
000001cb38a509f9
000001cb4c283099
000001cb4faa9579
000001cb5b048b79
000001cb6dbab059
000001cb989d4999
000001cba27595d9
000001cbb3661339
000001cbb89ee479
000001cbc42e9119
000001cbdae113d9
000001cbde9be039
000001cbe610bad9
000001cbf29e76f9
000001cbf5686b59
000001cc25f99e99
000001cc39e31a99
000001cc45f36779
000001cc46defc39
000001cc4cf079d9
000001cc54ed25d9
000001cd4f73f399
000001cd5ee737b9
000001cd663430b9
000001cd700d3339
000001cd7d65a839
000001cd8e007a59
000001cdd232ab99
000001cde0c32bf9
000001ce0b8fd459
000001ce199cc679
000001ce3a86acb9
000001ce3e2451d9
000001ce474299d9
000001ce5f281299
000001ce9424a439
000001cea5a58bd9
000001cec51e4399
000001ceda2453d9
000001cee37cf7b9
000001ceece32ab9
000001cf08602159
000001cf0a832cf9
000001cf1e016459
000001cf426bdb19
000001cf799606f9
000001cf8e7845d9
000001cf9b99d7d9
000001cf9f32f879
0000039f6b984a61
0000000002d18771
0000000000000181
000001cfc4da9c99
000001cfc6e30a59
000001cfd2457ed9
000001cfe0f83439
000001d00c0bb3f9
000001d0148b7bf9
000001d017309b99
000001d049baaa19
000001d0569c9e19
000001d0609ce039
000001d06fc76c79
000001d08e7c9fb9
000001d0b88e8a39
000001d0c300cc19
000001d0cbf8ae59
000001d0d7017cd9
000001d0dac328d9
000001d0e7636579
000001d0ee839579
000001d0fbaebc79
000001d10dfb9879
000001d12dd96839
000001d161cb2db9
000001d1647b7f19
000001d188cab359
000001d1b5167459
000001d1b708b179
000001d1d2ba80d9
000001d1ea117659
000001d21849ae79
000001d23fb4f3d9
000001d2494497d9
000001d25317dd19
000001d2ad272459
000001d2b61357b9
000001d31c0de7f9
000001d31cedc7d9
000001d33ff52fb9
000001d359344ff9
000001d3744e8359
000001d37909d7f9
000001d3a239eff9
000001d3ab3013f9
000001d3bff78359
000001d3ced5b9b9
000001d3e3dbfe39
000001d418f1a739
000001d42866c7b9
000001d43406f5b9
000001d4426b2d99
000001d456fdbbd9
000001d476d463f9
000001d49c52f8f9
000001d4e71ebe99
000001d50e553b59
000001d513f69399
000001d51ddff879
000001d51de01339
000001d53223e159
000001d54f6bf1b9
000001d577981f99
000001d59aeb91f9
000001d5a0c72359
000001d5beabd859
000001d5c9808859
000001d5fc380059
000001d6182b1c39
000001d651cd7e59
000001d658fdd8d9
000001d665342d99
000001d68b071599
000001d69612c499
000001d69e2ae5d9
000001d6a270ff59
000001d6b2cbdbb9
000001d6c7fe9f59
000001d708914059
000001d71a037519
000001d72a2dc399
000001d730ebc0b9
000001d735cfdb19
000001d749d60b79
000001d7554d91b9
000001d78062dcd9
000001d78754b379
000001d78b447899
000001d7ccf08959
000001d7cf247fb9
000001d7d4acac59
000001d7e0fd9cd9
000001d7e1907b19
000001d7f43b2d99
000001d7fa616859
000001d8387f5eb9
000001d83bcb1899
000001d8614dae59
000001d88ca7fe19
000001d89391c4b9
000001d8a3f57039
000001d8b7f781b9
000001d8d1512cd9
000001d8debfb979
000003b20c030761
0000000002d18771
0000000000000181
000001d906112159
000001d9118a5899
000001d91ba43499
000001d92241ad19
000001d92e3c0199
000001d95814e5f9
000001d9599730d9
000001d9a169e6b9
000001d9c9827659
000001da11934d39
000001da1df9a859
000001da2f730699
000001da3427c0f9
000001da3c176c59
000001da552a8779
000001da7bf20759
000001dacd9f9c79
000001db185e6419
000001db1d813f79
000001db1d8156d9
000001db334b5719
000001db54ebfef9
000001db814272d9
000001dbaac91d99
000001dbbafc84b9
000001dbd44fa159
000001dbdc7d4e39
000001dbdf88ce39
000001dbe585ab39
000001dc00092399
000001dc301a9cb9
000001dc3345ca39
000001dc35f43a19
000001dc486bd919
000001dc4e913299
000001dc660ac3b9
000001dc6cae7379
000001dc75daa979
000001dc83d01099
000001dcbff28599
000001dcc33a4079
000001dcc34d9fd9
000001dcc59a9419
000001dcd30ebf39
000001dcd40999b9
000001dce915bdd9
000001dcf7fff479
000001dcf9387a19
000001dd2515b439
000001dd38afb779
000001dd487fac79
000001dd5f70f299
000001dd7c73e999
000001ddd97f7839
000001dde31f6b79
000001ddec6b7639
000001ddfe245b79
000001de08829cf9
000001de27e182b9
000001de84f4b259
000001deadcbed99
000001dec0e3d7b9
000001dee4abed39
000001deeebddff9
000001df097c0559
000001df31d409b9
000001df85321419
000001dfbc9a0cf9
000001dfc72bed19
000001dfdc103059
000001dff3be30b9
000001e003e153f9
000001e00c629d39
000001e0473a3399
000001e04985e079
000001e064fc9a59
000001e082654939
000001e089c98f19
000001e08f04d1f9
000001e09370ff39
000001e0a3081df9
000001e0c3962ab9
000001e117e6b759
000001e11bd2f599
000001e13009df39
000001e134c2cf19
000001e1441d5179
000001e163127619
000001e16cf241d9
000001e1ba5c63d9
000001e2071ebcf9
000001e23d4babf9
000001e242fac799
000001e245ec9e39
000003c4ac6dc561
0000000002d18771
0000000000000181
000001e268abdd59
000001e26dd76259
000001e293cffe99
000001e299838ab9
000001e2b89247f9
000001e2d5598779
000001e2e575e299
000001e2ea2b2e99
000001e2ef3be779
000001e2f5ed0599
000001e2ff0d6e19
000001e3475077b9
000001e358231af9
000001e3585766f9
000001e37d5f6119
000001e381f17d59
000001e3a9a81839
000001e3b37fcb99
000001e3e1b64a19
000001e4125380d9
000001e452a25039
000001e4565cc7d9
000001e45c26f559
000001e48eeda159
000001e4ffe9ec39
000001e51ab19e39
000001e539f208d9
000001e56133cf99
000001e5683c73d9
000001e597759d39
000001e5c370cc59
000001e5ccd7b2d9
000001e5f1a529d9
000001e644a805b9
000001e6edec8899
000001e6fa8eea59
000001e704765439
000001e70a5ebb39
000001e712e035f9
000001e727d05079
000001e73842bcb9
000001e73e7351b9
000001e754b08799
000001e75bf2fc19
000001e76751d059
000001e7bdc95e79
000001e7bf908719
000001e7d9573859
000001e7deae7d19
000001e7e518abb9
000001e83f044f79
000001e84ff7b2b9
000001e85b3e3839
000001e88b00d1d9
000001e8ca429499
000001e8d2ad4b99
000001e8f6246df9
000001e900d6a3f9
000001e910ebbd79
000001e917d48679
000001e92fdcca39
000001e936b3e4d9
000001e94e43af79
000001e968729579
000001e980838479
000001e9a26dae79
000001e9a2f1fbf9
000001e9ac2ae2f9
000001e9d61a1ab9
000001e9ddf804d9
000001ea75e84099
000001eaa5114ff9
000001eaa9838559
000001eae8362239
000001eb14c87259
000001eb2b937799
000001eb4753d279
000001eb76479a99
000001eb8eeab899
000003d74cd88361
0000000002d18771
0000000000000181
000001ebb9077839
000001ebbc143ad9
000001ec043c5879
000001ec0ff03419
000001ec66ccf8b9
000001ec742fa079
000001ec97a0a319
000001ecb6672399
000001ecb6d1f099
000001ecc1006cf9
000001ecd1b10ab9
000001ecf50d9459
000001ed000f1059
000001ed6c96df99
000001ed90853379
000001eda0b13b99
000001edba1d68b9
000001edea8148b9
000001edf2ce4c59
000001edf3a884b9
000001ee573fb099
000001ee60605419
000001ee667f6279
000001ee68563999
000001ee795070d9
000001ee8520cb79
000001ee9157f8d9
000001ee96d57c19
000001eec7be0879
000001eefe83f1f9
000001ef14e56e99
000001ef1a4b49b9
000001ef416fe819
000001ef623aca59
000001ef63ea1a99
000001ef7ed24699
000001efa3f67d79
000001eface6e959
000001efb029be59
000001efc69944f9
000001eff444e6d9
000001f030a06499
000001f0403f6c39
000001f0857fa9d9
000001f087724b39
000001f09a176d19
000001f0b4eb41b9
000001f0e1215e59
000001f0f0b83ff9
000001f0f5e5ee99
000001f0fae91279
000001f10dfb72d9
000001f1263b57d9
000001f136502399
000001f139cc1639
000001f16890e299
000001f181c6f1f9
000001f18f720bd9
000001f193d43939
000001f1957a92f9
000001f19deb16b9
000001f1b1061a39
000001f1b921f739
000001f1c0379719
000001f1c41c8479
000001f1ea652779
000001f213efed19
000001f22d778419
000001f23035bd39
000001f2665ddfd9
000001f2865d3ff9
000001f2a5d507d9
000001f2cd6a6fd9
000001f2dbd1af99
000001f2e1e98499
000001f2f8042859
000001f305d86f59
000001f353737919
000001f363552e79
000001f38464e9d9
000001f3a958e7d9
000001f3f1dc6e59
000001f450d9e519
000001f454894bf9
000001f45c4651b9
000001f4623fa959
000001f466feb799
000001f49f0037d9
000001f4a48ec399
000001f4b23440b9
000001f4b257d759
000001f4cc7f3959
000003e9ed434061
0000000002d18771
0000000000000181
000001f4fc7fc159
000001f52211d1d9
000001f5245f82f9
000001f52af042d9
000001f52ef7a9b9
000001f56775e0d9
000001f568bfa3f9
000001f572056419
000001f58489b219
000001f58e8be319
000001f59a0e9f39
000001f59ca25f99
000001f5c1304d99
000001f5c39db239
000001f5dfde8d79
000001f5fb82ea39
000001f6089499d9
000001f632922599
000001f64f7bb519
000001f653871eb9
000001f666f955f9
000001f694dc7039
000001f6a156c959
000001f6c5382d39
000001f6d08c2f59
000001f6ea393af9
000001f6eb40def9
000001f6fd6070b9
000001f71e40b379
000001f74cc18eb9
000001f7514beb19
000001f7833fa619
000001f78df9db59
000001f7c05f43b9
000001f80f4a1cf9
000001f82eda8519
000001f84fe3d0b9
000001f85c4678f9
000001f87b0a7dd9
000001f8ad62ccf9
000001f8b6ed9e19
000001f8c12e86f9
000001f8c46af759
000001f8ee490519
000001f8f09aa4d9
000001f8f7ae7bb9
000001f8fd7554f9
000001f90d9b0579
000001f937f3b859
000001f9a18bcb19
000001f9be2bd839
000001f9c4d1ba39
000001fa095bd859
000001fa0a370b59
000001fa342a6239
000001fa3a4f5859
000001fa3b4dc3f9
000001fa46c80159
000001fa695a6a59
000001fa7376b6b9
000001fa86319819
000001faab0e6339
000001faeb26cd59
000001fb27254339
000001fb3497b279
000001fb3c3551f9
000001fb4115d279
000001fb48833339
000001fb555447b9
000001fb7cecdc59
000001fb812f7259
000001fb89cc1959
000001fb8f98def9
000001fba4049579
000001fba688e919
000001fba78f6319
000001fbc740dc59
000001fbe7abc039
000001fc52571ab9
000001fc5d4a5579
000001fc6a6f4499
000001fc9ab68f79
000001fcb0760d19
000001fccf023899
000001fce85cc5d9
000001fcf183edd9
000001fcfd8ce279
000001fd0e93aff9
000001fd8946b9f9
000001fda90b8339
000001fdaa08be59
000001fdb0095e59
000001fe2d714cd9
000001fe30970ad9
000001fe3f004d79
000003fc8dadfe61
0000000002d18771
0000000000000181
000001fe4c79d339
000001fec66ab6f9
000001fefc0204b9
000001ff25ff9bf9
000001ff53efbc39
000001ff6f33d599
000001ff91853779
000001ff9ecf9d19
000001ffd107f959
000001ffdbed3a99
000001fff2a9a279
000001fff3ba9ef9
000001fffd8fe0d9
0000020011893399
000002003e07fd79
0000020042631959
00000200500f31f9
00000200a6163db9
00000200b21f1019
00000200c389d739
00000200c8dfbad9
00000200cfaa9639
00000200d61213b9
00000200dbdcec79
00000200fcfa54d9
00000200fe64dbf9
000002017143fd79
00000201806d3b99
0000020189a8cb99
0000020192b5ccf9
00000201bbf8d6b9
00000202083717f9
000002020a2bc699
000002021bf7b5f9
000002021d1f86b9
000002025a3e1759
0000020265363e39
000002026d8221f9
00000202822f48d9
0000020298758279
00000202b26f2d39
00000202b8771839
00000202bdaec6f9
00000202c7867f39
00000202cba603f9
00000202d4c56b99
00000202dee11459
00000202e2f216b9
00000202fd30b259
000002035005b279
0000020361845659
0000020385ff1459
0000020399ba3f59
00000203af027ef9
00000203b3c39699
00000203ba566619
00000203fb787039
000002040a482819
000002040dbc1819
000002044d08b0b9
000002046d0031b9
000002047f508259
000002049d3b5079
00000204a2e6ce99
00000204c0293d59
00000204ce153b59
00000204d9262159
00000204f8623439
00000205027673f9
000002056b8d4499
000002057fdc2079
00000205a443e2d9
00000205ad926a19
000002061a886a59
0000020629165559
0000020677322e59
000002067c526b79
0000020695a0ccd9
00000206a70a88b9
000002070e9cf739
0000020723bc6c79
000002076e073bf9
0000020794ffed59
0000040f2e18bc61
0000000002d18771
0000000000000181
00000207a0f075d9
00000207ab2f1af9
00000207b9409539
00000207c59d0f59
00000207cde93c79
00000207e2f17d39
00000207fac2d7f9
00000207fdf1af59
000002080f2a1a59
0000020818f8c1f9
000002083b5220f9
00000208409f72b9
000002085cfaa6f9
000002086cb002f9
0000020879510139
00000208ce0fe3b9
00000208fb564519
00000209121eea79
000002091e8e8219
0000020924246a99
000002092442f799
0000020942ada799
0000020942f95f59
000002094a0faf59
000002094c744179
000002094d5d11d9
0000020950a3e1b9
00000209545a6299
000002096136dc99
00000209a53fdf59
00000209a8e96f19
00000209c0ba9459
00000209d20304d9
0000020a05b14c59
0000020a126db759
0000020a36aebe79
0000020a83879199
0000020af8ea1e39
0000020b415c46f9
0000020b4dd8d039
0000020b61ab3859
0000020bc4da1439
0000020bd8d4c339
0000020bf86aa5d9
0000020bfe252d99
0000020c00ced919
0000020c24f21239
0000020c881a5f19
0000020c9e2f3699
0000020cb876a139
0000020ccc789659
0000020cd07da819
0000020d14548a99
0000020d2c73f439
0000020d30ada7d9
0000020d372b6a99
0000020d3c3879b9
0000020d4e7d8d59
0000020d5ed5f959
0000020d6a79b819
0000020d6c3b85d9
0000020d71b3a759
0000020d7b3cb379
0000020d7c58b1d9
0000020d7ef03ef9
0000020dc74bccb9
0000020ddae97bf9
0000020de767ecd9
0000020df4395e99
0000020df6234e79
0000020df91abe19
0000020dfd1996f9
0000020e01334df9
0000020e0997f7b9
0000020e248cfcf9
0000020e544a9d39
0000020e71de9839
0000020e8dd7e819
0000020e9713ddf9
0000020ebc66aa99
0000020eca86ce19
0000020edb391dd9
0000020ef8e74bd9
0000020f217e7779
0000020f4cd2bfd9
0000020f6168bf79
0000020f761f69b9
0000020f7d1966d9
0000020f84913779
0000020fce430499
0000020fd55ac179
0000020ffa611459
00000210187e3839
0000021023df5439
000002102769f4f9
0000021029b22659
000002102d576799
000002102ec0bab9
00000210445e6399
000002105b62b339
000002105d3a76d9
00000210a8fced19
00000210b3a9edd9
00000210ba3783d9
00000421ce837961
0000000002d18771
0000000000000181
00000210f59b8a79
0000021136a1f259
000002114ac715f9
0000021170b428b9
0000021179e07419
000002118e3ae659
0000021196ab4e99
000002119df77a79
00000211b042b0f9
00000211f5831f19
0000021208f80739
0000021256f49539
0000021291c82dd9
00000212a0865b99
00000212b42aa2b9
00000212c7071839
00000212e4e39f79
0000021309026639
000002133ea7f0d9
0000021368e30bd9
0000021373993f79
00000213747ad499
000002138348f4f9
000002138d4e6799
00000213a0aba079
00000213a25e2279
00000213c1492a39
00000213d651fff9
00000213dc55b139
00000213f2d2f0d9
0000021416ae5f79
0000021421c3a919
000002142bef7a19
0000021430454d19
000002144da75099
0000021451a46159
0000021461703279
00000214757f5fb9
0000021487267519
0000021493bca3d9
00000214a4d643d9
00000214aed81799
00000214b278c459
00000214cd286a79
00000214d0659f79
00000214e6834859
0000021507f4ceb9
000002152c38a5d9
0000021532194239
0000021546e0e199
00000215685c87f9
000002157f6c76d9
000002158b8e2159
00000215a0f90359
00000215a502dd79
00000215cabf5ad9
00000215db104d59
00000216045837d9
0000021610d7fd19
000002161bed7099
000002161e7878b9
00000216548f7579
000002165db7fa99
00000216638dfff9
000002166e732459
00000216794e15f9
000002168477b779
00000216a8b84d59
00000216b3a15b19
00000217135d8b59
000002175060bf19
000002178112bdf9
00000217927b2dd9
00000217a92f9139
00000217b113fc59
00000217b140dcf9
00000217eacfd5f9
000002180fc10bf9
00000218879a0cb9
00000218a73383b9
00000218be03e219
00000218d73e7e79
00000219136f3bf9
000002192aee6d99
00000219440782f9
00000219919d8b19
000002199d4f9f99
00000219cb8263f9
00000219d2c325d9
00000219df2c7619
00000219dfa95739
00000219f2b16599
000004346eee3761
0000000002d18771
0000000000000181
0000021a5d1587f9
0000021a6cae0219
0000021a76256079
0000021a7abda459
0000021a7d8dda19
0000021a924e8c59
0000021aa05649f9
0000021ab538b2b9
0000021abb3ec6d9
0000021b20794159
0000021b3a2daf59
0000021b3dffe6d9
0000021b8904b1d9
0000021bab809579
0000021be763e2d9
0000021bec202ff9
0000021bedcddc39
0000021c33ac17b9
0000021c352ca539
0000021c3ee46a39
0000021c47cbadf9
0000021c5e841379
0000021c7bab17b9
0000021c91757179
0000021c94f5de59
0000021c953836d9
0000021c9d7100d9
0000021ca544c159
0000021ccba52619
0000021ccc5792d9
0000021ccf34b519
0000021cdf770979
0000021ce1167139
0000021d09bf2b19
0000021d29fe0df9
0000021d2bca33d9
0000021d2fea3259
0000021d3d06e259
0000021d3d551619
0000021d3e50ab99
0000021d693b93d9
0000021d76734619
0000021d84483cb9
0000021d86891139
0000021d87c96c39
0000021d8a3a5579
0000021dab3288d9
0000021dd2140b59
0000021e0b3c11b9
0000021e375fa959
0000021e4f713c39
0000021e61aefd59
0000021e6abb2cf9
0000021ea3d0acb9
0000021eb61ce859
0000021ebbb70759
0000021eefa7de99
0000021f19653219
0000021f229446d9
0000021f2327e9f9
0000021f36908459
0000021f3a395d99
0000021f45e46919
0000021f616f6a39
0000021f62ebe2f9
0000021f6993b0b9
0000021f6ebaf2f9
0000021f744c78f9
0000021f9f4bc7b9
0000021fa7c7fe79
0000021fdcdaf7d9
0000021ff18e1bf9
0000021ffceebb39
00000220079eab99
0000022022c139b9
0000022031a0bf59
000002204720e759
00000220484d5979
0000022068bb9639
0000022099cd0499
000002209cd36499
00000220a1fcc659
00000220a4453599
00000220df5493f9
00000220fe0bbbd9
00000221062d7b59
0000022152ed97d9
0000022172e45cb9
00000221737a4b99
0000022188e21959
00000221895a7ef9
0000022189edc5f9
0000022192df9959
00000221b72e2199
00000221b98d9ff9
00000221fbe701d9
0000022232bc0bd9
000002224605f0b9
000002225e48eb79
0000022272f46119
00000222753e79d9
0000022284779979
0000022292423e79
00000222b3de9739
00000222c8664979
00000222d340a159
0000022305c66179
0000022309dae399
00000223105de6f9
000002231f34a5b9
000002233554fff9
0000022342690a19
0000022358c20179
000002236d539e59
0000022378e2b2b9
000002237de6ec99
000004470f58f561
0000000002d18771
0000000000000181
00000223d7acf3b9
00000223d9201459
00000223dccc9039
00000223e01669b9
00000223efc02099
0000022425ba0939
0000022430d5a359
000002243f23c399
000002244f299e59
000002245eb58cb9
00000224624b0dd9
0000022463599eb9
000002247dee3699
000002248d7dced9
00000224cb430779
00000224e0a230d9
00000224e8116a79
00000224feccf019
000002250045d959
000002253822b2f9
000002255477be19
000002255b4c5c79
000002259183c119
000002259844a079
000002259e877ef9
00000225aaa7c899
00000225e8b7d899
00000225f47f6739
0000022606338199
0000022621eeb3f9
00000226301fe5b9
000002264520edf9
0000022652095bb9
00000226668ef399
00000226ab7069b9
00000226b56f5299
00000226bf547eb9
00000226f469de99
000002271f3c9979
0000022735556bb9
00000227522bea59
000002275d2cfe99
00000227864b30f9
00000227b5e65b39
00000227b7963b99
00000227b7d7e3f9
00000227c04b0299
000002281a039cf9
00000228487ff459
0000022871167039
000002289f6354b9
00000228bb6c5119
00000228d5f9d3b9
00000228ea2d9119
0000022903e02cb9
000002292e5cf479
00000229375a9dd9
0000022946fd2f19
0000022947897f59
000002299fc45419
00000229c38af599
00000229df997f59
00000229eca81099
00000229ee4d97f9
00000229f042cdb9
0000022a04e26e79
0000022a2f9a3459
0000022a55a3f959
0000022a56b65559
0000022a7be9ad19
0000022a7c16df79
0000022ab59e9899
0000022aca33c259
0000022ae4c53079
0000022aefbdea59
0000022af09d9679
0000022af6923499
0000022b16e06ad9
0000022b17ce5659
0000022b197793b9
0000022b40aac159
0000022b5d2c6139
0000022b8531e6f9
0000022b905620d9
0000022bdae70999
0000022beeccff39
0000022c0fa8bff9
0000022c175aec59
0000022c257f2a39
0000022c44a50599
0000022c4c300079
0000022c61d4b579
0000022c695339d9
0000022c6f84a959
0000022c705468b9
0000022c85d06559
0000022cc6735c59
0000022ccd6e25d9
00000459afc3b361
0000000002d18771
0000000000000181
0000022ce72f4a59
0000022ce8004e19
0000022cf51ebb39
0000022cfe3bb8f9
0000022cffcdbd19
0000022d2df3a0d9
0000022d46e370f9
0000022d5afb6fb9
0000022d8a8d1a99
0000022da3801119
0000022da51ce699
0000022da96ee0d9
0000022db00c9f99
0000022db961a859
0000022dbd099f19
0000022dd895a879
0000022ddb332c59
0000022e0aaf8859
0000022e2c176c19
0000022e41159df9
0000022e53a51619
0000022e6ac1e6f9
0000022e70e69719
0000022e8a2d6499
0000022e8ab7a8d9
0000022ec1b3fcb9
0000022ee41cdd59
0000022f469d12f9
0000022f471cf319
0000022f717c7b99
0000022f775e2e79
0000022f7e4efc99
0000022f90452399
0000022fc52f0579
0000022fd53257b9
0000022fd9ac5f19
0000022fda962ef9
0000022fe69f7719
0000022fe7525439
000002301d0b3199
0000023026afcf79
0000023030a7f859
0000023055230599
000002305752d6b9
00000230b2e2cc59
00000230c4d8d479
00000230f2afc219
00000230f9c00c99
00000231169a01b9
000002313c0c79b9
000002315f4c2ab9
000002317d1bd179
000002319090f9b9
00000231967e75f9
00000231a15c8079
00000231bb3065b9
00000231eeee0319
000002322cd19159
0000023236987119
000002325d277739
0000023273d4b099
000002328e094039
000002329385fd19
0000023293bc3379
000002329e4d8939
00000232a5fad279
00000232b5f39ad9
00000232bacb7819
00000232bed11599
00000232cdf7c279
00000232ee48e779
000002330235c659
00000233027a7cf9
000002337336ef79
0000023379d27ad9
0000023387681659
00000233b142d119
00000233f3dcccd9
00000233f4f50079
0000023431708039
0000023438db1f99
0000023443c334d9
00000234554ad4f9
000002345cc97719
0000023473a79cf9
0000023475324cd9
000002348c1d2639
000002348e995459
00000234a2815fd9
00000234a7fba1b9
00000234ca5b0f59
00000234d6db3eb9
00000235088528f9
000002351411fc19
00000235267411d9
0000023593ac8ef9
000002359d674cf9
00000235ad4a97f9
00000235baf1f999
00000235ca27e959
00000235f0a22f59
00000235fb3f4139
00000235fc5431b9
000002360039df59
000002360d042bf9
00000236122326b9
0000046c502e7061
0000000002d18771
0000000000000181
0000023640f64dd9
0000023641df9019
000002364fe522d9
000002366d06e3d9
0000023683a94bd9
000002368ba7cfd9
000002368c896159
000002369c1a8cd9
00000236d75af839
00000237136a1df9
000002372e670bb9
0000023743fde059
00000237839abbf9
000002378b450579
00000237a43eed99
00000237b49e7299
00000237bbe2a239
0000023806b40af9
0000023820d938f9
000002382b61d7b9
0000023842d50b19
000002384d48a3f9
00000238626e0139
00000238b1a9b959
00000238b89ee7f9
00000238d385f119
00000238e8ad0359
00000239034e66b9
0000023924492f99
0000023930db9d79
000002394705d179
00000239478c91b9
00000239478cc9b9
0000023964895bd9
000002396db70b99
000002396efd8a59
00000239baac6e19
00000239c66e0039
00000239f2c76df9
00000239f562e699
0000023a0e1e6ad9
0000023a0f366519
0000023a2143a4f9
0000023a2af95659
0000023a51926bb9
0000023a53a6a5b9
0000023a6971a959
0000023a6d6dd459
0000023ab2945ef9
0000023ad4154979
0000023ae18598f9
0000023afa1ce739
0000023b0a3ba5d9
0000023b10a69219
0000023b5415d2b9
0000023b72dc4fd9
0000023b7dfce939
0000023b8aa69479
0000023b9224c979
0000023ba42cbef9
0000023bb696fc59
0000023bf42ed219
0000023bfb308e19
0000023c40f64379
0000023c5d5a5d99
0000023c5e576ed9
0000023c780ba959
0000023ca87cfe19
0000023cae015999
0000023ce2728099
0000023cf27bbbb9
0000023d19a777b9
0000023d1f7fb899
0000023d2bf3d1d9
0000023d58aa7459
0000023d7c1f7db9
0000023da15f9339
0000023dbc00fc59
0000023dcc80b799
0000023de8562259
0000023def071199
0000023dfc621e39
0000023e039c01f9
0000023e08bee2b9
0000023e0babb679
0000023e1834b319
0000023e24b12eb9
0000023e3c520ef9
0000023e422b4f59
0000023e4ca92af9
0000023e529967f9
0000023e7219d6b9
0000023e82b56a79
0000023ee2f79479
0000023efbfeb7b9
0000023f11c10279
0000023f15a733f9
0000023f1b92b219
0000023f41faeb19
0000023f4becb5d9
0000023f58815159
0000047ef0992e61
0000000002d18771
0000000000000181
0000023f94dfe779
0000023f9ee1a879
0000023fc56b5ad9
0000023fc9bbebf9
0000023fe4248a59
00000240398b8ed9
000002405ec46fd9
00000240706c4a39
000002407a36d959
00000240cb44cc39
00000240cc1cdeb9
00000240cdd41699
00000240d11de659
00000240db2e5479
0000024101b8a7b9
00000241285b6ef9
000002414e5de199
0000024189ad8db9
00000241a92a42d9
00000241afadc939
00000241b9f0ff59
00000241d6433cb9
00000241f5d04a79
0000024219de3699
000002421cfe8979
000002423534e2d9
0000024236403459
0000024249aa6779
000002425e2debd9
0000024267ea31b9
0000024284940a99
000002428c5c6a59
00000242984039f9
000002429d9e7059
00000242b7955959
00000242c411af39
00000242c98e7ab9
00000242cf19eed9
00000243097798f9
000002430b218d39
000002430d3b3f59
000002430da2e5b9
000002433332f159
000002434d7a7e59
000002436c1f1819
000002438717b099
00000243a3dbcaf9
00000243aac8b499
00000243bc1f81d9
00000243fd65f8f9
000002441d44c979
000002441dd9b8f9
000002447b413299
000002449a383ad9
00000244e0b6bb19
00000244f91235b9
000002452384f8d9
0000024530a5dcf9
00000245393669f9
0000024558b7b019
000002456307f319
000002456e2d5cb9
000002456e8b2d59
00000245e8cca079
00000246066a2ef9
0000024610a31f39
000002461ca9da99
000002462b160519
0000024636940a99
000002463eea57f9
000002463f221879
00000246468de6d9
000002464b2a8119
000002466a11ccd9
000002466ea675b9
00000246927db419
00000246ae562499
00000246af60abd9
00000246c3c0ad19
00000246d2f01c99
0000024714545fb9
0000024733ecfd59
00000247364175f9
000002477bb043f9
0000024787bd3a19
00000247a2de9c99
00000247a9ab63f9
00000247aab8ac59
00000247d0b81099
00000247d286ddb9
00000247d984ba19
00000247f0f53df9
00000247fbe2c959
000002480f33a2f9
000002481a8f3899
00000248262d7619
000002482a8b6299
000002483a2b1fb9
000002483a8c4539
000002484b8b4c59
000002486f6a64f9
0000024884782939
000002489f502679
00000248a1cfffb9
000004919103ec61
0000000002d18771
0000000000000181
00000248d3880639
00000248da13dcb9
00000248ed483d39
0000024905435459
0000024933213299
0000024934e36c79
0000024937164d59
0000024948cf6d79
000002495b9a6759
000002495f5995d9
0000024967c43eb9
0000024968c2e1b9
0000024968f02c39
000002496fb3c239
0000024984a8e139
0000024984a8e7b9
00000249c6409d79
00000249d13c00f9
00000249fbd76ff9
0000024a15e5eb59
0000024aca540e39
0000024ade915539
0000024afefe6799
0000024b014b7a19
0000024b455e3ab9
0000024b4649f959
0000024b7abb26d9
0000024b880c0f39
0000024b93aed5f9
0000024ba68b1319
0000024bae421119
0000024bbbc417d9
0000024bbedc0cd9
0000024bcabcc8b9
0000024be34bf439
0000024c3a1d5319
0000024c479ab5b9
0000024c4dfde3b9
0000024c576546b9
0000024cdde60ed9
0000024cf4757f59
0000024d0900d6f9
0000024d5097e9d9
0000024d585fb8f9
0000024d60ac1819
0000024e031188f9
0000024e23ca14f9
0000024e399ff539
0000024e7a01e7f9
0000024ea45bf339
0000024ec3b54179
0000024ed3c9d9b9
0000024f18d4ff39
0000024f25dd7bf9
0000024f268e6c19
0000024f5dc1a459
0000024f8cd0bf39
0000024f8fd46479
0000024fd9a01759
0000024fdc0e05f9
0000024fef607179
000002500e758099
000002501a764799
000002501d926919
0000025023de5fd9
00000250d2ee1599
00000250e621e899
00000250fbee31b9
000002510a993e39
0000025145a72e59
000002514e3ef419
0000025189c94459
000002519991c839
00000251c5bcf919
00000251cb608339
00000251cc48e799
00000251e6c52dd9
00000251f33beb19
0000025200b965d9
000004a4316eaa61
0000000002d18771
0000000000000181
0000025230d58f99
000002523791a6b9
0000025258a0ea39
0000025264bc8af9
000002527590dcf9
00000252846570b9
000002529e955699
000002533510b8f9
00000253634d1c79
0000025379e9c0d9
00000253828d3459
0000025396dffb39
00000253b9d15899
00000253efad9559
00000253fcffb899
0000025416dbfa59
000002542223ad59
000002545dcc1319
000002546be02359
00000254dfee30f9
0000025505ab4a99
000002551b2fa7d9
0000025526b7f9b9
000002556b99e0d9
0000025570299439
00000255b215b899
00000255ec878579
00000255efd3d299
00000255f3d8e3f9
00000255fa90cfd9
000002560fd8cc59
000002561562bff9
0000025645756579
000002564b846c59
0000025653fc2d19
000002568a65e479
00000256c3d7b139
00000256cf4d2519
00000256e541f039
00000256f794e8b9
0000025711199019
00000257139b2e39
000002571b254979
0000025729825e59
0000025760a3f219
00000257650d3639
0000025765dae699
0000025787dde7b9
000002579edbd399
00000257e23f3319
00000257e65e84b9
000002583030c559
000002586a954319
0000025873a9d6d9
000002587b9d3639
0000025882026919
000002588dee49f9
00000258a3252e39
00000258ade90619
00000258c1147759
00000258d6405cf9
00000258f24b94d9
00000258fc14bab9
0000025921e615d9
00000259251d28d9
000002597bfde019
000002597e19ea79
000002598ce95319
000002599ede2fb9
00000259a56b3ad9
00000259c65aff39
00000259d102b239
00000259dd7ed299
00000259e97849f9
0000025a04f45099
0000025a09dce199
0000025a15523cd9
0000025a3417ec19
0000025a4ce4edd9
0000025a998a80b9
0000025a9d168979
0000025a9de06199
0000025aa7b242f9
0000025ab7a54319
0000025acf43bc59
0000025ad77170f9
0000025b0e6b1d59
0000025b1a0afed9
0000025b2f8f4099
0000025b31b303b9
000004b6d1d96761
0000000002d18771
0000000000000181
0000025b71a6ac39
0000025b7a391a19
0000025bbdc29539
0000025bf391d619
0000025c02f8cbb9
0000025c059b96d9
0000025c4468bbf9
0000025c5f9960d9
0000025c6be02559
0000025c743a5bf9
0000025c75b5c4d9
0000025c8343a679
0000025c92668b99
0000025c931705d9
0000025cb40d6eb9
0000025d03d81599
0000025d0ee84179
0000025d17d8c159
0000025d4ee1da79
0000025d68124a19
0000025d6e69cf79
0000025d8597f659
0000025de65fea79
0000025e45f967f9
0000025e46492179
0000025e4db3def9
0000025e577ce799
0000025e5df38699
0000025e8485b7d9
0000025e993fc1f9
0000025eae088f59
0000025ec20248b9
0000025f227a1459
0000025f24d97759
0000025f51d3abb9
0000025f65e1d4d9
0000025f79dec519
0000025f83400f99
0000025f90331e79
0000025fa8287239
0000025fd87029d9
0000025fe185b7b9
0000025ffe9e90f9
0000026002511799
000002601332d0d9
000002601812f159
00000260407e1519
000002606f433919
000002611a076419
000002612e412dd9
000002614d157a59
0000026165eb8479
000002616ba40b99
00000261791e7e19
000002617af9b3b9
0000026181c8ea79
00000261d0b83859
00000261da9b1299
00000261e70c9739
00000261f2a320d9
0000026208adeb39
0000026232204a59
0000026236f5db99
00000262386e07d9
000002626753a959
00000262743c06b9
00000262a719ae59
00000262e42df1b9
00000262fa77b659
00000262faa2dbf9
00000262ff9eacd9
00000263072c6bd9
000002635113fbb9
0000026365029fb9
0000026378d93e39
00000263a85650d9
00000263e1c4b259
00000263e1c4b2f9
00000263e47528f9
00000263f908c559
00000264175e54d9
0000026438c9cef9
00000264470028f9
000002644d718859
000002644ffb30f9
00000264708ca2d9
00000264abef6e79
00000264b36400f9
00000264b4523019
000004c972442561
0000000002d18771
0000000000000181
00000264c4286939
00000264cee94339
00000264e74bf699
000002656537c939
0000026566aaa0b9
00000265a8ca9a19
00000265a932fe19
00000265b1fe73d9
00000265b75255f9
00000265bb84a6d9
00000265c0045f59
0000026608929219
000002660c6930d9
0000026619fefb39
000002663033b719
00000266463225f9
0000026651bc5c79
000002667fb3ee19
0000026684fc0759
000002668c824379
00000266af568e39
00000266b663eb39
00000266cf0de259
00000266ecb1cb79
000002670774d039
00000267103e0f99
000002674f69c759
0000026772cc66d9
000002679bffb559
000002679d2bb059
000002679eab2e19
00000267d8b37019
00000267f6775f59
00000267fca9a619
0000026813433159
000002681cd4a239
000002681f4a1339
000002682aef7b79
000002684259d259
00000268612fd499
000002686249c4f9
00000268a27b5b39
00000268be677199
00000268da654839
00000268ed75d239
00000268f8e7ae79
000002691833f639
00000269276c80d9
0000026933a3eef9
0000026936bcd799
000002693e4b00f9
0000026990b7cd59
0000026a36578ef9
0000026a7fec2899
0000026a83d66f79
0000026a9a7c2e99
0000026aa14bb919
0000026ab46cc159
0000026ab6cb9259
0000026acd8ec959
0000026aee57dd79
0000026aef8848d9
0000026b41ceb599
0000026b42d3ff79
0000026b5a851739
0000026b5c309399
0000026b67615739
0000026b6dcf53b9
0000026b9925c5b9
0000026b9eef9c59
0000026bbaa3d759
0000026bbaa3e859
0000026bc7851579
0000026bd2f00c39
0000026c2cc93a99
0000026c36286cf9
0000026c3d1d8219
0000026c4b409819
0000026c544355d9
0000026c5db74259
0000026caa9ae6b9
0000026d18de8839
0000026d2f4ea319
0000026d85e6be99
0000026d8806c2f9
0000026dcc9a7a59
0000026debab6ef9
0000026debd0c859
000004dc12aee361
0000000002d18771
0000000000000181
0000026e118356b9
0000026e1c8aa5f9
0000026e7309baf9
0000026ea8daec59
0000026ebd0afad9
0000026ebfddf1d9
0000026f1c6b97b9
0000026f317cb599
0000026f5ca71d39
0000026f953129f9
0000026fa58ace39
0000026fdd6ef859
0000027001e9b539
000002700c8c4579
0000027027793939
0000027032811099
0000027041a69a39
000002705ea26d99
000002705f46f8d9
00000270725b61f9
0000027077b6ab19
00000270881558d9
00000270a4779f39
00000270ae986a79
00000270ccfd59d9
00000270eb0586f9
000002714d4fe579
00000271901c88f9
00000271a8a528f9
00000271d5cfdab9
00000271e2bffa59
00000271e4ac9699
000002720ef854b9
0000027213962919
000002721f1edcb9
000002721f1eef79
0000027266475d19
00000272682d44b9
0000027270dc22b9
000002727e7918f9
0000027295c2af59
00000272a34f49d9
00000272cac645f9
00000272d1b08d79
00000272e35f6c19
00000272e9ec0c19
00000272f42cef59
00000272f917e359
00000273255cffb9
000002732fc592d9
000002733c69c639
0000027361f945f9
000002736ee79379
00000273a85df6f9
00000273a85dffd9
00000273cb795fd9
00000273e22cf9b9
00000273fd4c01f9
00000273fd763619
000002741a1f55b9
000002742b70a739
000002742ccb1819
000002743fd6cf59
00000274511ded79
0000027457abacd9
000002747b3f2019
00000274ce432d19
00000274e4e0b4d9
00000274ff8394d9
000002754f53e799
00000275574c48f9
0000027560d9aff9
00000275782d1899
0000027580f18179
00000275a01af6d9
00000275c8dfab79
00000275e5a5d7b9
00000275e7d91e79
00000275fd19e819
000002761a02d2d9
000002762e213639
0000027640f3a419
00000276508207b9
000002768ddd0cd9
00000277037be8d9
00000277224b1499
00000277291e8719
0000027738c022f9
000002773ed0ec99
000002774aebb719
000004eeb319a161
0000000002d18771
0000000000000181
00000277d56a6099
000002780bbc3939
000002781d7f6499
000002782e960d79
000002783e986d59
0000027854194779
0000027867bfb1d9
000002787b47a759
000002788da39439
00000278ac8f9579
00000278c5864299
00000278eea84fb9
000002790de007f9
0000027920c31399
0000027922eac019
0000027927bd2cd9
0000027938ee1e19
0000027950cf36b9
0000027985676859
0000027994739e59
00000279b92ee0b9
0000027a21d58c39
0000027a31ee6699
0000027a40f28f79
0000027a40f29859
0000027a74e896b9
0000027a9b973499
0000027aa1135bf9
0000027acd9b3f79
0000027b021dee59
0000027b0ebc13d9
0000027b13966a39
0000027b303a7f99
0000027b43617879
0000027b8b458319
0000027ba38f3cd9
0000027bc7a98899
0000027be2c08399
0000027be348c019
0000027c28172059
0000027c4fe4d199
0000027c50569539
0000027c5f0ebc99
0000027c6a671fb9
0000027c84ded059
0000027caaf17879
0000027ccc37f7d9
0000027cdd111a59
0000027cdded1979
0000027cddfd26d9
0000027cf2f829d9
0000027d2e16e319
0000027d5322a7f9
0000027d6b263099
0000027d70451639
0000027d82e113d9
0000027d869bc9d9
0000027d8bb59a19
0000027da5da1f79
0000027db57c17d9
0000027db9e94819
0000027dc2bcc339
0000027dda079f79
0000027df49295b9
0000027df810af19
0000027dffefaab9
0000027e02faa279
0000027e03465c99
0000027e0a4ccb99
0000027e175dd679
0000027e3eacd139
0000027e4ea35299
0000027e4ea95a79
0000027e7062f259
0000027e71fd5b99
0000027e8e5eb979
0000027e973b2ef9
0000027e98868899
0000027eacff5239
0000027eb98641f9
0000027ece361559
0000027edfb2c919
0000027ee2e7ab19
0000027f42562e39
0000027f42563af9
0000027f66cd9699
0000027f6b4d5559
0000027f6c400019
0000027f976f6919
0000027fb0caab39
0000027fb5df4339
0000027fc3af2299
0000027fc5e51219
0000027fca9b82b9
0000027fdf381c39
0000027fec3f5419
0000027ff84c87d9
000002801e1b3099
0000028020df4db9
000002802f3cd3d9
0000028030e2f719
000002809377e1d9
0000050153845f61
0000000002d18771
0000000000000181
00000280dc9a8c99
00000280f04ca9b9
00000280fc0d5079
0000028112bf8ab9
000002811db9bf79
0000028180a5ea59
0000028180a5ec39
000002818e5b5dd9
000002819deecbb9
00000281d394e9b9
000002820480cf39
000002821b76bdf9
00000282381badb9
00000282413215b9
00000282590836b9
0000028263093259
000002826b473099
000002826ed8cfb9
000002827e73a179
00000282b2bd6399
00000282d96c2059
00000282ecc75c19
0000028315e277b9
000002835604c019
0000028370432ab9
000002838b61fc59
00000283a892ed19
00000283cc9febd9
00000283fb826cb9
00000283fb9359b9
000002840f621b19
0000028414b29ff9
000002841bbafcd9
0000028456fd9739
00000284585b6a99
0000028472b2ae19
00000284c39b34f9
00000284c942d1d9
00000284e1e0d4b9
00000285274f9619
000002852d026cd9
00000285387b9139
00000285741946f9
00000285948009d9
0000028599e538d9
00000285a5f988d9
00000285bcf0d219
00000285c9660bf9
00000285e5703b59
00000285e7a292b9
00000285e9e0edf9
000002860e33c5f9
000002862a3908b9
000002863f9050d9
00000286413e22f9
0000028646ab2a99
000002868545ae19
000002868bfb3539
000002868df19cf9
00000286c4d12db9
00000287357a3dd9
000002875fc9d799
00000287697eab39
000002876ba6d5b9
000002877431ea59
00000287aff6f5f9
00000287c1e41ef9
00000287c1e42119
00000287c3a6c6b9
000002881c8f6719
0000028827330c59
0000028836bf5c79
000002884dfa0019
0000028858e1d0b9
00000288a4e93ed9
00000288cd515ad9
00000288cdd63939
00000288cddf45d9
00000288d76051f9
00000288d96a7319
00000288dc588899
00000288ded2fa59
00000288f8c50a99
0000028902e74e59
0000028908928c39
0000028958f068b9
00000289612ab9d9
000002896f36ee79
0000028985ff6df9
00000289da69e499
00000289ec217a39
00000289ee290e99
00000513f3ef1c61
0000000002d18771
0000000000000181
0000028a0ea873f9
0000028a526e5499
0000028ab16754d9
0000028ab4154259
0000028ae0a700d9
0000028af60b7b79
0000028b2bcc0a59
0000028b4a2cf979
0000028b4dd42759
0000028b69bb66b9
0000028b7c1f1779
0000028b837b8ad9
0000028b87171699
0000028b94c240d9
0000028bab9c48b9
0000028bd9615419
0000028c08eaabd9
0000028c14318739
0000028c56ab6ab9
0000028c5f7f7f99
0000028c7d8a0999
0000028c890a14f9
0000028cba4e1c99
0000028ce3089139
0000028cf35bbb79
0000028d09a14379
0000028d1e2f4379
0000028d4d787cf9
0000028d57604a59
0000028d6ec10519
0000028d8d1585b9
0000028da6af2319
0000028dbc8dd0d9
0000028ded2eb579
0000028e9e7c7159
0000028ea64be1b9
0000028ea76345b9
0000028ec31e4979
0000028ed9a2d199
0000028ef648e199
0000028f02a07ef9
0000028f02a093f9
0000028f32bc1399
0000028f49f3a899
0000028f700c6d39
0000028f7dc6bf99
0000028f8a179579
0000028fb9ab3919
0000029017490d79
0000029022f75a99
000002903164bb79
000002904a6932b9
0000029067e638f9
000002906877a0d9
000002906eb0d9f9
0000029075a56c99
00000290b240cd19
00000290cd6342f9
00000291253016f9
000002913fafb999
00000291539a5859
0000029159213839
000002915cc042f9
00000291634db9f9
00000291c3050f59
00000291d0367df9
00000291e3589439
00000291ee4aaf19
00000292022d6df9
0000029204723e59
0000029222337259
00000292234ac6f9
0000029225283af9
000002922964f099
000002922b949539
0000029232358619
00000292576e56d9
000002925e5747d9
000002925e575759
0000029267a60e59
00000292730bcb39
000002927a8e4a39
000002928cd224f9
000002929bafc199
00000292bf49c8d9
00000292c29e3db9
000002932c2056f9
000002933b21b839
000005269459da61
0000000002d18771
0000000000000181
0000029355b42019
0000029356f84799
00000293a19f0a19
00000293ba8bb859
00000293e182a779
0000029406c0b539
00000294252a47b9
000002944d398639
0000029452addd79
0000029470b26759
0000029493076d79
00000294cf0eac79
00000294d3de53d9
00000294e7c246b9
000002955cf7b0d9
0000029564727b59
0000029572a94ef9
0000029584bba1d9
000002958776c5f9
000002959e9a8679
00000295e0ddf479
00000295eaba6b99
00000295f3bdc839
000002963d723ab9
00000296580972f9
0000029666128e19
000002967c8a0599
0000029683740a39
00000297299c9379
000002973fd96079
000002974d52db79
00000297806aa619
000002978fcc8339
0000029790e5b879
00000297a5534419
00000297bf0e3a19
00000297ef314439
00000297f7fd7699
0000029800bcde59
00000298309e44f9
00000298406fdbf9
0000029899717b59
00000298b1ad4a19
00000298c81e62b9
00000298f377fc59
000002990560b9d9
0000029919df3039
000002992a3cd519
000002992fc8fe19
000002994a9272f9
000002996a6bb0f9
000002996c64c699
000002997baf35d9
000002998ff214d9
0000029a099bc399
0000029a178d1279
0000029a3b816f59
0000029a3b818899
0000029a4b038e99
0000029a68b2ddd9
0000029a77315339
0000029a7bd15a39
0000029a9d12ff59
0000029a9e705359
0000029aaa6ce5b9
0000029aaeb7fb99
0000029ae2a62759
0000029af7050439
0000029b113ee999
0000029b276f94f9
0000029b472d4739
0000029b984d7fb9
0000029ba2543a79
0000029bb717e4f9
0000029bcb46e519
0000029bdc54acb9
0000029bef5e8799
0000029c08e30e99
0000029c2862af99
0000029c3ca59179
0000029c73c87d19
0000029c89e36c99
0000029c8cbcf959
0000029c91ea01b9
0000053934c49861
0000000002d18771
0000000000000181
0000029c995bbbd9
0000029ce8588239
0000029d17438819
0000029d1a378df9
0000029d1d4a89f9
0000029d44277c19
0000029d5293c739
0000029d579d3ab9
0000029d6b24cd99
0000029d7a15b019
0000029d7b9f1ab9
0000029d83307239
0000029d87977239
0000029d9b6e06f9
0000029dd3d8f2b9
0000029ddf8081b9
0000029de1d4d679
0000029de630ef59
0000029de8846c79
0000029e3ddace99
0000029e43b79099
0000029e43b7ac39
0000029e6be00019
0000029e7f38c579
0000029e8184f2d9
0000029e9be71f99
0000029eaafa35d9
0000029eabc02999
0000029ed8591e59
0000029eecc0ffd9
0000029eeeecab99
0000029eef868f19
0000029f251e37d9
0000029f2830ebb9
0000029f3ae3f939
0000029f3ff90359
0000029f52cc6b39
0000029f6a3c0a99
0000029f8f841459
0000029fac2af999
0000029fc0b7ebb9
0000029fc6fcc5b9
0000029fcac5e419
0000029fdaed3c99
0000029fe76097f9
000002a01f599c59
000002a0381c9fb9
000002a04581a759
000002a06a5ae5b9
000002a080470539
000002a09b773af9
000002a0a48ef5b9
000002a0ab4f9979
000002a0b2993799
000002a0b66eb059
000002a0e03649f9
000002a0e057eab9
000002a0e7509099
000002a100132519
000002a121093c79
000002a12cc898f9
000002a14ab9dc79
000002a1bee8ee79
000002a1c218eeb9
000002a1d80d11d9
000002a1e6114f19
000002a1ee94b639
000002a1ef1c7bb9
000002a205f65e59
000002a20701ad99
000002a207da1679
000002a21f49a1b9
000002a246985679
000002a2537ebdf9
000002a28f4da2f9
000002a29906fc99
000002a29a9d0279
000002a2b149da99
000002a2cff29ef9
000002a2e2865779
000002a302adf8b9
000002a3074f0ed9
000002a349f08c39
000002a39d23d3f9
000002a3a1015359
000002a3a4ab8df9
000002a3bf7473f9
000002a3d30c3a59
000002a3d3ce33d9
000002a3d7bae559
000002a3dffc5c39
000002a3eb35d939
000002a3f5683039
000002a3f7f23e79
000002a4073386b9
000002a42fac9879
000002a4851e8959
000002a48f65c4b9
000002a4981b23d9
000002a4c53c0cb9
000002a4c80b0d39
000002a4f2550af9
000002a50f310099
000002a50f839539
000002a527da3059
000002a52c75cb99
000002a58e2a51b9
000002a59b49a899
000002a5a5c8ea39
000002a5af6f2719
0000054bd52f5661
0000000002d18771
0000000000000181
000002a5f5f73b19
000002a6453138d9
000002a652ef28f9
000002a655f5c4f9
000002a6799e1f99
000002a681d61b19
000002a686ac3319
000002a6b995adb9
000002a6dda5b1b9
000002a6e18d3059
000002a6ed922099
000002a701075a19
000002a71f7e0e39
000002a789562fb9
000002a7bed31b59
000002a7e9a429b9
000002a7eb3a2939
000002a7fc2ad8d9
000002a870761479
000002a889c01379
000002a8bb3917b9
000002a8dc7837d9
000002a8f8b71519
000002a8f9ec3719
000002a901ab0079
000002a92a78f6f9
000002a937042299
000002a94339aad9
000002a95e3d8099
000002a968e36599
000002a96d8a8499
000002a971202b59
000002a9a6453b39
000002a9ac700639
000002a9b3dd6ad9
000002a9c95de5b9
000002a9d4607019
000002a9eaf97fb9
000002a9ec771279
000002aa2b983039
000002aa2f8ad299
000002aa3e44ed99
000002aa6b285bb9
000002aa84e93b39
000002aa98396319
000002aab2bd2599
000002aabeff0399
000002aae8486419
000002ab0ae4cad9
000002ab0bdabd99
000002ab1029a6f9
000002ab3a3aa999
000002ab69952b19
000002abb699ac99
000002abc181bc99
000002abccb17b79
000002abd9808d39
000002ac04d060f9
000002ac0aa727d9
000002ac1827f5d9
000002ac341e4c99
000002ac808afe99
000002ac9c269339
000002aca4c6cb79
000002acd10ef639
000002ace65e0bd9
000002ace93fef59
000002acf76eb219
000002ad01b30559
000002ad0bac03d9
000002ad41c9f8f9
000002ad47901af9
000002ad6251a979
000002ad84406659
000002ae38cffad9
000002ae4755def9
000002ae72a9f519
000002aec947e939
000002aee5f26ff9
000002af228b8cd9
0000055e759a1461
0000000002d18771
0000000000000181
000002af45373739
000002af5c9ddbd9
000002af75e01599
000002af8befceb9
000002afad8eb019
000002afadb87539
000002afcd6d79d9
000002afdca0b1d9
000002afdcedf879
000002b0153884f9
000002b02132c139
000002b0245605d9
000002b069518f39
000002b08753b859
000002b087c734d9
000002b09335e239
000002b0a4bdff99
000002b0d77eafd9
000002b0e0523c59
000002b0e1b36059
000002b0f6fd6a99
000002b0f95440f9
000002b128e3ca99
000002b15d2dacf9
000002b1648913f9
000002b166e2ae39
000002b167e7ac39
000002b17fae52d9
000002b1a820a579
000002b1c9fcb639
000002b1cd54cc19
000002b1f316a959
000002b21abed319
000002b23f7dfbb9
000002b276585bb9
000002b2831af339
000002b288431e59
000002b29385f819
000002b297874cf9
000002b2bc279f19
000002b2c3f078b9
000002b2c8f9c419
000002b2f918be19
000002b312a76179
000002b351f651d9
000002b368c09d39
000002b369d03019
000002b370ffa8b9
000002b3a8468099
000002b3e24b8c39
000002b4047c1959
000002b423a76c99
000002b426f67f19
000002b43c394839
000002b453fc9cb9
000002b4747f4e99
000002b47a4e3df9
000002b488ee9cf9
000002b48dd770b9
000002b4903fd3f9
000002b4a78b5219
000002b4c8bb9279
000002b4f5391119
000002b52ce52d99
000002b58bb16119
000002b5a9660b99
000002b5aa724e99
000002b5acdfa919
000002b5b1242c79
000002b5da5ddad9
000002b5e872f159
000002b601c89b59
000002b6060ca359
000002b632bee6d9
000002b6349877d9
000002b64c9727f9
000002b671edce59
000002b68c420639
000002b6a6739a59
000002b6ab2400b9
000002b6d5c84b99
000002b6e0dbcbd9
000002b70acb7259
000002b72b4e7339
000002b753ba8239
000002b7612d3619
000002b7790d3eb9
000002b77ea4c4b9
000002b78bc8c519
000002b7a488c819
000002b7a488d0b9
000002b7ffbd78b9
000002b80515f4f9
000002b80f9c7579
000002b81fcd5c39
000002b83ac77979
000002b83c6e8299
000002b841df89d9
000002b86b82eed9
000005711604d261
0000000002d18771
0000000000000181
000002b891cfdbd9
000002b8c9208859
000002b8dbc40699
000002b8fde565b9
000002b920dd32f9
000002b924d7d099
000002b935eaef19
000002b93b691f59
000002b948654359
000002b950cc6419
000002b9827675d9
000002ba027aedd9
000002ba10fc3959
000002ba689a0a59
000002ba81447139
000002ba962a9d79
000002bac2998899
000002bac65a6b19
000002bad1575399
000002bafca729b9
000002bafe1e8d39
000002bb09385ef9
000002bb29093b79
000002bb2b12eeb9
000002bb33e40579
000002bb373ff6b9
000002bb42e77719
000002bb436aee99
000002bb4dd65839
000002bb61850179
000002bb6f53c739
000002bb8dfb27f9
000002bbba334899
000002bbba335c99
000002bbe9be5979
000002bc02553e19
000002bc07381939
000002bc90833ad9
000002bca0b58ab9
000002bcb168fa19
000002bcb9263179
000002bcc883a1d9
000002bcd8c49159
000002bceafcf199
000002bd05cba7d9
000002bd07aef7b9
000002bd08491d19
000002bd0c49e359
000002bd3157dd19
000002bd3a7e9eb9
000002bd40d621b9
000002bd4b7f5559
000002bd50fcddd9
000002bd54455819
000002bd597923f9
000002bd6406aa79
000002bd726feb59
000002bd7a0776b9
000002bd935ac0f9
000002bd9ee5bab9
000002bdc11a9879
000002bdd3ec34f9
000002bdd8a1f419
000002bde8661799
000002be1f4c0539
000002be2ca48899
000002be3521e479
000002be4dd85ef9
000002be73bf09d9
000002be77a93239
000002be8ca94539
000002be8e4ba5f9
000002beaaf7e0b9
000002beabbcb9b9
000002bec5af42b9
000002bed0182eb9
000002bed9935839
000002bef16ffef9
000002befae06459
000002bf03c77d39
000002bf15882b59
000002bf15b2b639
000002bf25a10179
000002bf401f3099
000002bf547b88d9
000002bf6001e9d9
000002bf75a8faf9
000002bf9caa52d9
000002bfbb309e39
000002bfc1601e39
000002bfc698bc39
000002bfcb9034f9
000002bfe38aaf79
000002c037641679
000002c03d0660d9
000002c058c1cd99
000002c07ed94a19
000002c08f36acf9
000002c091e37d39
000002c0a22dfdb9
000002c0a6fd0a39
000002c0b69c60f9
000002c0b69d7699
000002c0d0eccfd9
000002c0d4ef21d9
000002c0ec871cf9
000002c0f6373239
000002c1055c94d9
000002c112f1f759
000002c1148c1d19
000002c11724b919
000002c147086bf9
000002c153f826f9
000002c15b589a59
000002c15f2f0b39
000002c160e3e0f9
000002c1708687d9
000002c195ce1259
000002c1b8dfdc99
000002c1c06b5e59
00000583b66f9061
0000000002d18771
0000000000000181
000002c20a3b7819
000002c20dcee499
000002c22b7a23f9
000002c26173fa59
000002c2694686f9
000002c28379a4b9
000002c2ba9662f9
000002c2c9a0fdd9
000002c30f800899
000002c3161c3ab9
000002c32ed792b9
000002c35c46cbb9
000002c364405d39
000002c3723b42b9
000002c39c873219
000002c3a3549679
000002c3b84368d9
000002c3d9462ed9
000002c3dc4ff379
000002c3e0173eb9
000002c3fde431b9
000002c4392aa039
000002c44230e9d9
000002c46719d579
000002c489fa2139
000002c48b51fe79
000002c4c3ccb899
000002c4d9bb0dd9
000002c512871879
000002c523b966f9
000002c53a88a3b9
000002c53f092659
000002c542d74799
000002c55fdb01f9
000002c5a20ce819
000002c5a6183759
000002c5f4bdc239
000002c5fcc0b339
000002c6497ef299
000002c64ad2e0b9
000002c659536599
000002c678a17039
000002c68f998b99
000002c6931bd179
000002c6a7405639
000002c6b25a54d9
000002c6d1a53199
000002c6d24612d9
000002c6d515bfd9
000002c6df1809d9
000002c6f2f2b759
000002c6f9583e19
000002c70b0d6f19
000002c70b32c279
000002c7126597d9
000002c7416bfaf9
000002c7719ba939
000002c7959c87f9
000002c7e2959d79
000002c7e8de7c59
000002c7ec955479
000002c7fa1a4899
000002c80128f019
000002c80c0dae99
000002c814005419
000002c820513139
000002c8388ea7b9
000002c852b84d39
000002c862027539
000002c86f7cd6d9
000002c882eba0f9
000002c8a02c8b99
000002c8a2d17a39
000002c8bd67e439
000002c8f2c4ed79
000002c8f851bc99
000002c9441318f9
000002c949ad8e99
000002c99852c859
000002c998bee059
000002c9b50410f9
000002c9b6ea9199
000002c9bab4dc79
000002c9e16249d9
000002c9e8f5cd59
000002c9ea6eed19
000002ca0e54ecf9
000002ca49348479
000002ca53697959
000002ca8bd3b139
000002ca91f61139
000002ca99f17139
000002caa07abc59
000002cab44a9a79
000002cabed2f019
000002cadd3cb019
000002cb11ceac79
000002cb15b3ef59
0000059656da4e61
0000000002d18771
0000000000000181
000002cb306bcb39
000002cb38169379
000002cb3b5969f9
000002cb451c0d19
000002cb959b9639
000002cb9a8125f9
000002cbb2c30ef9
000002cbe675e019
000002cbebfd1579
000002cbf23f2239
000002cbf6748639
000002cbf838a9b9
000002cbf8bd3bd9
000002cc3abc39f9
000002cc49c3d759
000002cc7a586a59
000002cc7f111fb9
000002cc88f84839
000002cc98cbda59
000002ccc5d89d79
000002cced44e039
000002ccf6a87b19
000002cd05ad2819
000002cd1a6e2ef9
000002cd1b340159
000002cd26871659
000002cd3376a699
000002cd495278d9
000002cd64a179f9
000002cd7c069bd9
000002cdb132a7f9
000002cdc4c6e9b9
000002cde62c7a19
000002cde6692659
000002cdf5ec6159
000002cdf7d8e239
000002ce19300199
000002ce213f7659
000002ce248a34f9
000002ce31365559
000002ce8d7ec1f9
000002ce93bc1e39
000002cecfa52959
000002cee6039399
000002cef85cc519
000002cf00a5c5d9
000002cf07496419
000002cf261619f9
000002cf2fd23039
000002cf38cf5a39
000002cf520adfb9
000002cf9d6df7f9
000002cfa2e20179
000002cfb87f11f9
000002cfe62dae99
000002cfe76d8939
000002d003ae4c99
000002d03a769139
000002d0827abcb9
000002d0831c5459
000002d089710d39
000002d0a53a5679
000002d0a8a43539
000002d0ccb648d9
000002d0ecc1b2f9
000002d0ed806459
000002d104ff0a19
000002d12ca1bfd9
000002d1406f90b9
000002d14f7e24b9
000002d151128559
000002d15709eeb9
000002d15e81edd9
000002d1869c4859
000002d19bc5a299
000002d1af872ef9
000002d1af9fd0b9
000002d20a5df899
000002d20c71e6f9
000002d232d0e3b9
000002d257f4c959
000002d29a791dd9
000002d2b4e0b5d9
000002d30c5b4359
000002d31973fab9
000002d325591c59
000002d329620059
000002d32e45d8b9
000002d337330cf9
000002d3a47d3fd9
000002d3e8e6f479
000002d44fadbf59
000002d460f40bb9
000002d462919df9
000005a8f7450c61
0000000002d18771
0000000000000181
000002d487cd6099
000002d4ad978a39
000002d4b767a879
000002d4ba703ff9
000002d4c6fbf359
000002d4e25a28d9
000002d5151df0d9
000002d52c156939
000002d550c1fcb9
000002d55c86fbf9
000002d55e8485b9
000002d5680e77d9
000002d592b2dd59
000002d594d71d19
000002d5a5ae2b59
000002d5b4cf1879
000002d5c9794cb9
000002d61c1fe1d9
000002d64a3ad5f9
000002d679424419
000002d67f77c559
000002d6816ebf99
000002d69cd75179
000002d6a0eb3919
000002d6b447abb9
000002d6b49aaab9
000002d6bf146159
000002d6c0935079
000002d6c5df08f9
000002d6d4e3d599
000002d6e1d792d9
000002d6e68ab0d9
000002d70085dbb9
000002d70ef79659
000002d74902d779
000002d778f58679
000002d77fc464f9
000002d789ed48b9
000002d7946e0b39
000002d7a5eef659
000002d7bc915c39
000002d7d56b19f9
000002d7d8a2ea59
000002d7fc2182b9
000002d81e54b8f9
000002d8720903b9
000002d8921842f9
000002d8e5fd0df9
000002d8f95446b9
000002d8fe653439
000002d904e0a379
000002d916a0cf59
000002d933010c79
000002d93f19a619
000002d94e737cb9
000002d95c8b5e59
000002d9a30014f9
000002d9b965fb59
000002d9d4be4bf9
000002d9ed2bda59
000002d9f0088499
000002d9f165dbb9
000002da09325599
000002da0afb2c19
000002da3629c8f9
000002da5b196359
000002da5e132fd9
000002da6a6b61d9
000002daaa81ca39
000002dac5271779
000002dac5c6d479
000002dac7d060f9
000002daf1d42ef9
000002dafe55fff9
000002db133776f9
000002db2dde47b9
000002db493156d9
000002db53091a39
000002db544194d9
000002db55d895b9
000002db62888b59
000002db8e202499
000002dc14a79759
000002dc16909259
000002dc196d6d59
000002dc2d98ad19
000002dc3d385219
000002dc57daacf9
000002dc57dab579
000002dc5c438179
000002dc82d20059
000002dc91d239b9
000002dcada29319
000002dcf95217f9
000002dcfa0a8ef9
000002dd023c6999
000002dd1c3de459
000002dd39f8fed9
000002dd81a25d79
000002ddc426deb9
000002ddc8bb3779
000005bb97afca61
0000000002d18771
0000000000000181
000002ddd2877e99
000002dddf09fa39
000002dde4ee3e99
000002ddfecf71d9
000002de0816d219
000002de0c2b77d9
000002de2997a299
000002de49485299
000002de4cb36cb9
000002de59980a99
000002de81e54819
000002de8363fcd9
000002dea23005b9
000002deb118ffd9
000002deb45f6099
000002dec8f0ec59
000002decd28d8d9
000002df0a6101d9
000002df2795feb9
000002df371d55d9
000002df45d961b9
000002df6a550ef9
000002df82360799
000002df899e3e99
000002df8a72bc39
000002df954939d9
000002dfa81373f9
000002dfabf31879
000002e017a56c99
000002e01a7e8a59
000002e0a2bc14d9
000002e0a42df639
000002e0e49d09b9
000002e0eeab8339
000002e10346a099
000002e11fc43059
000002e1205c8399
000002e132fade19
000002e1413ed679
000002e1594d93d9
000002e1831e72d9
000002e18d349b39
000002e198900cd9
000002e1999bf279
000002e1a0ae07f9
000002e1b851b999
000002e1ba3c5279
000002e207f0ddf9
000002e217b72e79
000002e2188e5c99
000002e22d0ecf59
000002e26bc170f9
000002e28a7650f9
000002e28d5f29b9
000002e2a1525f59
000002e2b3b77cf9
000002e2d8e6a899
000002e3055a0719
000002e306f64079
000002e30e38adb9
000002e3183f2bb9
000002e321dcddb9
000002e33c708d19
000002e35dfcbf79
000002e36978b859
000002e37d9aa299
000002e3c5ab8e79
000002e3f8416819
000002e442601779
000002e479dc5699
000002e4e30038d9
000002e4e3735b59
000002e4e412f119
000002e516e33319
000002e5326275f9
000002e55f92e779
000002e5823a4c59
000002e5b8b48ef9
000002e5b8b49f59
000002e5bc3bf039
000002e5c0332759
000002e5c47d2679
000002e5daa79319
000002e5fdaaa1b9
000002e60e6c2619
000002e6519fd119
000002e651bc2a99
000002e660455c59
000002e6b476d679
000002e6d2ab4f59
000002e712a67019
000005ce381a8861
0000000002d18771
0000000000000181
000002e74c625e59
000002e74fb42fd9
000002e756107a59
000002e7b35709f9
000002e7cc1b2c79
000002e82f559539
000002e8309d0af9
000002e838009f39
000002e84d81eab9
000002e86088a379
000002e895472999
000002e89e50a8f9
000002e8c66c9679
000002e8d13504d9
000002e8f40edaf9
000002e90365f979
000002e92cd4e0b9
000002e948475c19
000002e95200e799
000002e9692480f9
000002e97e5ed4d9
000002e9c28c7d59
000002e9e8a77239
000002e9f68a4f39
000002e9f97bc6b9
000002ea0d67db19
000002ea361688d9
000002ea5a7d7279
000002ea633c3539
000002ea7f5d1599
000002ea863d5b19
000002ea88e62159
000002ea975c7a99
000002ea99c0e519
000002eaaceb78b9
000002eaae464c59
000002eac6f0bcf9
000002ead045baf9
000002eb297d2a79
000002eb5ddb0459
000002eb6067bdb9
000002eb673eb8b9
000002eb6ef5bc59
000002eb959d71b9
000002ebbc1e1dd9
000002ebbc71b659
000002ebce5ed199
000002ebdd6594d9
000002ebe01da219
000002ebe222fad9
000002ebf000e239
000002ebf1abb299
000002ec0cc18ff9
000002ec12290399
000002ec1e8aa1f9
000002ec21e83439
000002ec539b4159
000002ec5a5d1919
000002ec7ecaab59
000002ec89fc8cb9
000002eca62e7f19
000002ecb1f59579
000002ecd4c32db9
000002ecd7794bf9
000002ece2d1fcf9
000002ecf9fd91d9
000002ed0e6b9dd9
000002ed68517e39
000002ed80e1a699
000002edc111af59
000002eddc6d8d99
000002ede52018f9
000002ede898f4b9
000002ede8c22eb9
000002ee9598e359
000002ee99c0a359
000002eed9460b99
000002eef63d9359
000002ef1140a219
000002ef12a83d79
000002ef2622ba39
000002ef566077d9
000002ef637a61f9
000002efab5de839
000002efc13744f9
000002efd7c6edb9
000002f00ce17599
000002f011064619
000002f020fd4059
000002f028e04319
000002f035af0d59
000002f0477a0dd9
000005e0d8854661
0000000002d18771
0000000000000181
000002f06c8c7219
000002f0738af0b9
000002f0738afab9
000002f089e805b9
000002f09989d939
000002f0dcc85939
000002f0e229d219
000002f0e6243319
000002f1019e68f9
000002f11e2d8479
000002f187015039
000002f1e84014f9
000002f1e90c9419
000002f1eb70fd99
000002f20073d759
000002f212a2b8d9
000002f21e91f339
000002f22ee3edb9
000002f23479f9d9
000002f260acdc99
000002f2643a86f9
000002f28006be79
000002f2a020bdb9
000002f2d042fe59
000002f2e399d4d9
000002f2f8328c59
000002f30a59d6f9
000002f3258909f9
000002f328370ab9
000002f3485db9f9
000002f379ca7759
000002f38c5a2079
000002f39fba4af9
000002f3b8236bb9
000002f3bbfaf8b9
000002f3c31df1f9
000002f402918ab9
000002f40493b2d9
000002f415ce42f9
000002f425c24399
000002f45ca51699
000002f49820deb9
000002f499471599
000002f4ddcc2dd9
000002f4e3487b59
000002f4f6aa2c79
000002f4fa0620d9
000002f500847399
000002f511e44c79
000002f511e44d19
000002f5383dbe19
000002f57f24f559
000002f5935c8059
000002f59ce7ba59
000002f5a59b16d9
000002f5f245f6f9
000002f6159b8b19
000002f63fb74279
000002f6452b7479
000002f649178e19
000002f65a716099
000002f65af7fc39
000002f65c2e4a99
000002f677941f99
000002f67ba7f799
000002f681e5ddb9
000002f6f41ebab9
000002f73ae48cf9
000002f754aaed19
000002f7592d9f19
000002f75c695319
000002f76c7ffa59
000002f76d10c219
000002f784ffc999
000002f78b9ef859
000002f7cbf75d39
000002f7eedad099
000002f8134c8079
000002f83d963f39
000002f848e7fdf9
000002f852110879
000002f86e26c1b9
000002f87207a479
000002f878698139
000002f8a34b0879
000002f8cfcafa59
000002f8d0a83e19
000002f8efb57819
000002f9006cacb9
000002f90860b3f9
000002f9098f14f9
000002f927b00c99
000002f938cd7439
000005f378f00361
0000000002d18771
0000000000000181
000002f9cab62d59
000002f9ef9be039
000002f9f91ff139
000002fa10964c59
000002fa3c82c539
000002fa808c2959
000002fa8f9925f9
000002fa9b1d2879
000002faaee92ef9
000002faed4cc1f9
000002fb062bfed9
000002fb52d40739
000002fb82fcc199
000002fb995a2a99
000002fbab94e1d9
000002fbb557f2b9
000002fbd377d0d9
000002fbd41aeb59
000002fbd64f7679
000002fc41ef79d9
000002fc44dfdd39
000002fc4edbb519
000002fc65286e39
000002fc865b7eb9
000002fc878a8e19
000002fcb2907819
000002fcba541b99
000002fcbc7968f9
000002fd00bb9899
000002fd069ae1f9
000002fd3c1427b9
000002fd3dfb4c19
000002fd579ad7f9
000002fd730039d9
000002fdafd26e39
000002fdbbd66619
000002fdc3f42b79
000002fdcd12bc79
000002fdee9958f9
000002fe11c45f99
000002fe1d7d6239
000002fe1fdc4b59
000002fe4424c199
000002fe8a39b859
000002fe8a3a6539
000002fe97b75a59
000002fea5597bf9
000002feb7af7959
000002fec1368e59
000002fecd0efcb9
000002fed74ba719
000002fedbcb28f9
000002feee71b119
000002ff05af3479
000002ff0c7c1b39
000002ff0f8af799
000002ff1f2d0679
000002ff34161eb9
000002ff3915e539
000002ff8945d699
000002ff8eb27ed9
000002ff92897a19
000002ffeb32d459
000002ffed3fd979
00000300316f5259
000003003a04ea19
000003005a7f8ed9
0000030083f4edb9
00000300990612d9
00000300a5b80899
00000300dee0cfd9
00000300e413b6d9
00000300ee5d3019
0000030125c4f359
000003013fe61239
0000030141873919
0000030148fa68b9
00000301fbe2ca19
00000302263f8759
000003023d3ebdb9
0000030275b794d9
00000302842cf859
00000302b69b6b79
00000302befb68d9
00000302d6dd56d9
00000302e06921f9
00000606195ac161
0000000002d18771
0000000000000181
000003030d02f439
000003030e582a79
000003031507d7d9
00000303189ba0b9
0000030348a44619
0000030352c8a419
00000303534ca5f9
000003038290cad9
0000030385a6ad99
000003038dbb3459
0000030398aec439
00000303e1d7d919
00000303ede13559
00000304640c03f9
00000304650afcd9
000003046ffb4c99
0000030472ec3419
000003048fdc6619
00000304c9676899
00000304cbfac0f9
00000304d6152cf9
0000030500afdbf9
000003055bd94719
00000305630d19d9
000003056e02ee19
00000305787a2e39
000003059f1154f9
00000305b0c53499
00000305ba2c7b79
00000305ba2c9239
00000305d9e36a59
00000305df05def9
00000305e0688359
00000305e66dcf59
00000305fc265d59
000003061bab2579
00000306256e2fb9
00000306320504b9
0000030653088379
0000030656c2f7f9
000003065aac2059
0000030668b9fd39
00000306acabc9d9
00000306c4d09e99
00000306d1731eb9
00000306d2e13479
0000030750cbd7f9
00000307910efed9
00000307f47eb159
000003080a6d9d79
000003082ce23a59
000003082ce23ad9
000003082cf421f9
00000308316269d9
0000030847accdf9
00000308635582b9
000003087fb59d79
00000308b27f26d9
0000030912599019
0000030937da1a39
000003095460a919
00000309565da939
000003097611ffd9
0000030978827f19
00000309788289d9
00000309808924b9
000003099998df59
00000309b837fe79
00000309bf064559
00000309fe1e4f59
0000030a34402ff9
0000030a3e7d0c79
0000030a443c1939
0000030ab88e0399
0000030ad1a37ad9
0000030ae5c99ab9
0000030ae667f6b9
0000030af001a2f9
0000030af5ba4a39
0000030b0e111af9
0000030b30d29299
0000030b350c84d9
0000030b38d0be59
0000030b3ca059d9
0000030b667db479
0000030b6dea6359
0000030bbb434f19
0000030bd5077199
0000030bdcf082d9
0000030c21af8e59
0000030c3d0a3b59
0000030c45bd1179
0000030c4ad48eb9
00000618b9c57f61
0000000002d18771
0000000000000181
0000030c8c2653f9
0000030c8c3119b9
0000030c8c9fd719
0000030cca8f0af9
0000030cdbbb3919
0000030cf4a166b9
0000030cf5e39479
0000030d08221a19
0000030d4507ea39
0000030d5fc80719
0000030d6a3e4dd9
0000030dcfbe48d9
0000030dd415fbf9
0000030dfe51a959
0000030e154d9699
0000030e3348ddd9
0000030e3b25cef9
0000030e40571539
0000030e4ebc6299
0000030e86fc1cf9
0000030e8f28d719
0000030ea5191e39
0000030ebd943ed9
0000030ebda6ea59
0000030ee8e9c619
0000030ef5cdb7d9
0000030efd4f2d99
0000030f5c5382b9
0000030f691f09b9
0000030f6e90a499
0000030f70c7beb9
0000030f7a927f39
0000030f9dd934d9
0000030fa8a97a99
0000030fcf410719
0000030fd9cc39b9
0000030fdd1750d9
0000030fe6f09559
0000030fe6f0ae39
000003101b3ebf39
000003101f775eb9
000003103eb71c99
000003104c5fd6b9
0000031066f42399
00000310987e3639
000003109914cb59
00000310aa0ca7f9
00000310ab01d859
00000310bd9d2759
00000310fd38ad79
00000311043d5459
00000311348af559
000003115ac61379
0000031178639cd9
0000031183a2ca59
0000031189c44c79
00000311b1c97839
00000311e3bb2499
00000311e85c35f9
00000311f0ca3df9
00000311fca8a139
0000031216cb2fb9
000003121a073c59
0000031224a8a299
0000031225f294d9
000003122d9712f9
000003124ac8e0f9
000003126edacc19
00000312854e3579
00000312a3b36d39
00000312ed5d2d99
00000313272afbb9
0000031336e807d9
0000031350ea1759
00000313ac7ca6d9
00000313c55be5b9
00000313c8948339
00000313d74d0dd9
00000313f4e0d4d9
00000313f95a7039
0000031400bc0b39
0000031404800419
00000314094e0fd9
0000031410cb0d19
0000031416e50e99
0000031453fd5b19
0000031457d70639
000003149ec69199
00000314a49ae999
00000314aac5dc39
00000314bfc44539
00000314d46faf39
00000314d6fa5af9
000003153ce9e4d9
000003153e14d4b9
0000031542eb2299
0000031556499259
0000062b5a303e61
0000000002d18771
0000000000000181
00000315f0809679
00000315fa27c239
0000031643f54a59
0000031655a9d5f9
00000316769e8e59
000003168ddcf1b9
000003168fa1b4d9
00000316a1b83159
00000316a21a56d9
00000316a6c6a419
00000316bd6f1f59
00000316e9555ef9
0000031700725fd9
000003170f011f19
000003172ec97279
000003173ebe81f9
0000031759f03f19
00000317b35bc699
00000317bc3a7f79
00000317ffebe4f9
000003181b0f90f9
000003184b4cc1d9
000003186b727f79
0000031870359459
0000031879092639
0000031881106a39
0000031889011099
0000031892070019
0000031898a6f1d9
00000318a9a86d39
00000318e17b8b19
00000318e37446d9
00000318e89154f9
000003191ca171b9
0000031923e9e0b9
000003194202b0f9
000003195ad7f219
000003199af61419
00000319b46e8bd9
00000319ef7825f9
00000319f1e3bf79
00000319f326dd19
0000031a332eacd9
0000031a43cc9b59
0000031a752b5db9
0000031a7c221e79
0000031a7f8dd4d9
0000031a9375b2b9
0000031ae4ad29f9
0000031aed95d139
0000031b13589399
0000031b1aaa0339
0000031b54fe56b9
0000031b62427699
0000031b7c592cf9
0000031b83d86939
0000031b99b1cd99
0000031bad955739
0000031bc35d3019
0000031c0dbfb679
0000031c235d5a19
0000031c6b59b779
0000031c7dca0d79
0000031c85d25e99
0000031c98c61f39
0000031c9f1c5679
0000031cc0b8e219
0000031cc5bcd859
0000031cef3ff5d9
0000031cf6847c99
0000031cfbb9dd99
0000031d017b3379
0000031d541a1579
0000031d7e9d2179
0000031d9413f599
0000031d990fd6b9
0000031da6816db9
0000031db1c63119
0000031dbe4c40b9
0000031dcc2e27d9
0000031dd1251e19
0000031dd47439b9
0000031de55a0fb9
0000031e1e103b19
0000031e364de679
0000031e5f261339
0000031e92ef0339
0000031e9e9a3299
0000031ebf00a7f9
0000031ec9f71119
0000063dfa9afb61
0000000002d18771
0000000000000181
0000031f087707d9
0000031f13e7a4d9
0000031f20ba0f39
0000031f69f12d99
0000031f77764e99
0000031f7fcb1259
0000031f9b4d4bb9
0000031f9b542099
0000031fb7877479
0000031fc51cce39
0000031fd80f1199
0000032009090779
000003204a6af819
0000032051267b99
0000032078b9a439
0000032086bf04b9
000003208a3e0919
000003208ef3d4f9
00000320958ff039
00000320b4c83db9
00000320cf8817f9
00000320d18df1f9
00000320d9559db9
00000320e3d69439
00000320f0615959
0000032108ea3a79
000003211e140059
000003212c521bf9
0000032195dd2f79
000003219e1f4a99
00000321b764f8f9
00000321bcb4b9d9
00000321e706ef19
00000321ffe13599
000003220ed727f9
000003221799f239
0000032235c3f119
00000322390324f9
0000032239033839
0000032258e1edb9
000003226ba61c59
000003229ed9b499
00000322cb097219
00000322dffed259
000003230c0c60f9
00000323278e2319
0000032332ba9039
0000032348bc9839
00000323498bb219
0000032352390519
00000323a281a519
00000323a85b7d39
00000323cc880519
00000323d0f8e779
00000323d4104139
00000323d457a339
00000323fb982df9
000003242a5cab59
000003243d60dd39
000003243de7af59
00000324775463f9
000003248b3ac959
000003248ebc55f9
00000324f77ea079
0000032509713299
0000032570e0f6f9
0000032575f3f279
0000032576e84e99
00000325883f0519
000003258c913799
000003258d089099
00000325a496ff79
00000325b5f17299
00000325bf7daaf9
00000325cf29c459
000003261a036ed9
000003261a5e0559
000003262cfb3f79
00000326344b0cb9
000003267bdb4ef9
00000326932d3f99
00000326c65bd819
00000326db971279
00000326e6c2a439
0000032713aeb379
000003273fad2779
000003273fd21d59
000003274f489719
000003275ac02539
000003277d703dd9
000003277f862df9
0000032795537c79
00000327b77b9679
00000327c4c71fb9
00000327d0e0fa59
00000327d5bacbf9
00000327f47487f9
0000032814143fd9
000006509b05ba61
0000000002d18771
0000000000000181
000003286059d819
00000328808137b9
00000328808a5859
000003288a90def9
00000328a0e44e19
00000328b66aadf9
0000032914f10939
0000032968cab119
000003296bf5d299
00000329a47ca019
00000329c6311659
00000329d9769fd9
00000329f7905f19
0000032a0ffb9e59
0000032a547bd559
0000032a5489c9d9
0000032a605b57f9
0000032ae064e119
0000032b11a3f019
0000032b38437419
0000032b38438a19
0000032b456688f9
0000032b4c268b99
0000032b6eb4c719
0000032babc4a9b9
0000032bae2936f9
0000032bb504ccd9
0000032bc01bb639
0000032bd1c48bf9
0000032be0f7b819
0000032bf18746d9
0000032c08a3d899
0000032c29bae539
0000032c80964319
0000032cb3bb88b9
0000032cdb2b2bd9
0000032d2b358a79
0000032d49576d79
0000032d563d73f9
0000032d7a2c6df9
0000032da5af8f19
0000032da716b519
0000032dcff6e059
0000032de73e7b19
0000032df0de74b9
0000032e1d8dc379
0000032e39cedf99
0000032e56407639
0000032e66e4e6d9
0000032e68cce7f9
0000032ea63ce359
0000032eba4ab0b9
0000032ee46d5599
0000032f0020cbf9
0000032f0d3b63d9
0000032f0e30ee39
0000032f1dc75519
0000032f2b210939
0000032f4925b459
0000032f56341e19
0000032f93f4c0d9
0000032f94c68679
0000032f94cac4d9
0000032fa25cb2b9
0000032fd21cdf39
0000032fdb5e8399
0000032ff887d5b9
000003302c675d19
000003306f813019
00000330892209d9
00000330899db5b9
000003308b54bc39
0000033097d79739
0000033097d7a5d9
00000330a9018299
00000330ac7aecd9
00000330ad856b79
000003315956f879
0000033160360779
00000331609b0259
000003317ab5abb9
000003317c72ec99
00000331854e26b9
000006633b707861
0000000002d18771
0000000000000181
00000331da5dafb9
00000331dac820f9
00000331e6486419
000003321b0005f9
000003323334d619
0000033248f20019
0000033280e69bd9
000003328b295559
000003328c8653b9
0000033298d24399
00000332b0c77d79
00000332d2f06e19
00000332eae290d9
00000332ef9ddcd9
00000332f781b5f9
0000033302943639
000003332add5db9
00000333547eeeb9
0000033373dab039
00000333e226cc39
00000333feb525b9
0000033449c7f5f9
000003346d81a659
000003348304f799
000003348766e5b9
00000334c6fde659
00000334d073b1b9
00000334e18a0ed9
000003350340cb59
0000033508b24f59
000003350ca97859
000003351055b4f9
000003351b412239
0000033533414239
000003353d0d27f9
0000033542afa899
00000335495ffd99
000003354c0365d9
00000335c0fcca59
00000335c63afd59
00000335dd6b1fd9
00000335e9c59f99
00000335f0b86479
00000336376da0d9
000003364d0e8c19
00000336666eb6f9
0000033699438919
00000336d51980b9
00000336d6746b99
00000336ff34a039
0000033710523e99
00000337144bad19
0000033729069939
00000337593b67b9
000003375da11939
000003377e1b9119
00000337929ab1b9
000003379adcfaf9
00000337c21a3f39
00000337cb94bbd9
00000337e0280439
00000337ea277ab9
00000337ebb25839
00000337ecd3cf79
00000337f9f86239
000003381d86a919
0000033839e87c39
0000033853168f99
0000033874cc53f9
0000033892fe5819
00000338e91f4d39
00000338fe0c6b19
000003391a5b67f9
000003392d22b339
00000339465e5d99
0000033961878a19
000003397243d3f9
000003399335dc59
00000339937ab039
00000339a7f49b99
00000339c30e39b9
00000339daa419d9
00000339ef903b99
00000339f311bb19
0000033a1e015eb9
0000033a2747a899
0000033a2d6db3d9
0000033a32132779
0000033a3abf9379
0000033a3b7fb659
0000033a4ec6cf19
0000033a538470d9
0000033a821881b9
0000033ac3a9fdd9
00000675dbdb3661
0000000002d18771
0000000000000181
0000033b1006d999
0000033b11bf7d99
0000033b1691f7f9
0000033b30445a99
0000033b632733f9
0000033b96e99d59
0000033bed225d59
0000033bfb3aed19
0000033c01f699f9
0000033c0c1eb2b9
0000033c17104f99
0000033c2e063199
0000033c2e064299
0000033c366a6f79
0000033c4db005b9
0000033c4e29d539
0000033c55ca3b19
0000033c7def8699
0000033cbea0cb59
0000033cc0801ed9
0000033cc4d44ff9
0000033cec50d139
0000033cf885e019
0000033d0f941af9
0000033d13ca7f99
0000033d1575c2b9
0000033d1b5c46d9
0000033d1f2cedd9
0000033d3b2ea9b9
0000033d433273d9
0000033d5d21e539
0000033d65b88c19
0000033d9dca0bf9
0000033dabc23959
0000033df2bb7979
0000033e047ab299
0000033e10d84ed9
0000033e11d0eeb9
0000033e148a94d9
0000033e33e4b6b9
0000033e8df8d419
0000033eb4434f19
0000033eb4f91539
0000033ebe3af459
0000033ede0236f9
0000033efe7ec3d9
0000033f10927e79
0000033f10d0bd39
0000033f318ae739
0000033f746696d9
0000033fa38d87b9
0000033fa6cabcb9
0000033faa3c0419
0000033feb4ee859
0000033ff049b639
0000034004feb0d9
000003402cba3b59
000003408bc0aad9
00000340bc0ab999
00000340d3010cb9
00000340e80a5ef9
00000340eb692679
00000341021143d9
000003412d3f01d9
0000034135b0cb79
0000034138795079
000003418f9f7af9
0000034190a011d9
000003419b0f6739
00000341b650c259
00000341ba1737f9
00000341bd58c699
00000341cc6d6d39
00000341e6a762f9
00000341e76dd5d9
00000342125a17b9
000003421a8f7ad9
000003421b71a559
000003421ea569f9
0000034264bc5619
0000034278181199
000003427bbd4439
0000034293c8daf9
00000342c8638a99
00000342c8cf3439
00000342d3f69259
0000034301835b79
0000034307775339
0000034327ad0479
000003434a2fc939
00000343570cab19
000003435f282819
000003438be62a39
0000034390c339b9
00000343a5c749d9
00000343f025a219
00000343fcaa9979
0000034401c63c19
00000344104cc8d9
000006887c45f461
0000000002d18771
0000000000000181
000003445cdfcad9
000003448d5d49d9
000003449b124779
00000344b6465ef9
00000344de9a6039
000003454825b319
00000345626b60b9
000003458165a939
00000345948a1359
00000345b7c32299
000003460beea779
00000346177cedd9
000003462fa83239
0000034634a1a119
00000346462cce99
0000034677524d39
0000034697d178f9
000003469b580b59
00000346a3fdbd99
00000346d92a21d9
0000034753680899
0000034759974cb9
0000034768902399
0000034772e39459
00000347bfa9ff19
00000347c31365f9
00000347e375bf19
00000347ef682c99
00000347fc971279
000003483303e4f9
000003484c8adaf9
0000034861091459
00000348957bd039
000003489e688b39
00000348a426bb59
00000348c9027879
00000348d3ab9c79
00000349285491f9
00000349342c4a39
000003494dbd82d9
000003495068f339
0000034975cde059
0000034987192479
00000349d9c382b9
00000349e5c8b439
0000034a01661159
0000034a15cced59
0000034a49febdb9
0000034a65593879
0000034a837cc799
0000034a91e5a2b9
0000034aa0063f79
0000034ae0b8dd79
0000034b2cf8cbf9
0000034b31a996d9
0000034b372270b9
0000034b43625f79
0000034b547b2319
0000034b567b5f19
0000034b6b4bdc79
0000034b7c4ca1d9
0000034b9e2ae899
0000034bc44ccb39
0000034bcb39b179
0000034bdf80d139
0000034c30fbf059
0000034c35dc76d9
0000034c3aa08bb9
0000034c3f158cb9
0000034c4dc96af9
0000034c8893c499
0000034c9eb4ec39
0000034c9f0c1699
0000034ca7b02339
0000034cc5cec399
0000034cd193a8f9
0000034ce44c5739
0000034d22952439
0000034d39cac6f9
0000034d62d67e99
0000034d7cce4319
0000034d7f2a4d19
0000034d82152b79
0000069b1cb0b261
0000000002d18771
0000000000000181
0000034da7171459
0000034db8dad979
0000034ddba7a859
0000034de85562b9
0000034df6931b19
0000034e2732ea39
0000034e313f26f9
0000034e65166c19
0000034e68941fb9
0000034e690bba59
0000034e865b9f99
0000034e94d5d419
0000034ea2dad579
0000034f07a7af79
0000034f18c5d0d9
0000034f261586b9
0000034f3f4a6739
0000034f5b3a7bb9
0000034f740f4699
0000034f8de32739
0000034f99c3c979
0000034f9a0076d9
0000034fab753259
0000034fb37bccb9
0000034ff29a7279
0000034ffde21339
000003500b570899
000003501c6f6e59
000003504b4c7639
000003504b5204f9
000003504dad5239
000003504f605cf9
000003505dcd2679
000003509425ad19
00000350a28d51f9
00000350e5d2ef19
00000350f74305b9
00000350fca50019
000003510b554639
0000035111333a39
000003511eecb999
000003515ac31259
000003516a078bd9
000003516ce16d39
000003516e6ec839
0000035178b62199
000003517d0c7679
00000351a1da4919
00000351ab820ff9
00000351ac1be399
00000351c059d399
00000351c2bb2d99
00000351cc9da679
00000351f40a4bb9
0000035212b0bd19
00000352258e25f9
00000352303e4d99
00000352401f2859
000003524b139019
00000352517f5779
0000035276f73419
000003528d039079
000003529d3466b9
000003529db2a619
00000352ac77a359
00000352b687ef59
00000352daf517d9
00000352fe8e3d19
00000353055eeab9
0000035324a9d4b9
000003532df0d059
0000035349855499
000003534d556ab9
0000035382fddd79
00000353c2c5c6b9
00000353e5ccd839
00000353e6acb2b9
0000035437a94e19
000003544d32f519
000003545eff7939
000003545f13f239
000003546d3ea5b9
0000035488c2c459
00000354d7cde1f9
00000354e0c8e839
000003551d7d9379
00000355216cc699
000003552f0205b9
000003553e09b3f9
000003556f901dd9
0000035572599539
0000035572a62039
000003557600e139
0000035586af5639
00000355a4d38679
00000355cfa004f9
00000355d78db479
00000355dbac8839
00000355fd417bb9
0000035649f49e79
0000035660bb6c19
0000035668993c19
00000356bf882299
00000356cc984019
000006adbd1b7061
0000000002d18771
0000000000000181
0000035711c9e319
000003571d9fe259
000003572bece079
000003572e6cea59
00000357574accd9
000003576c4694d9
0000035777a53a59
0000035787f11d59
000003578fef0c59
0000035790ea8cd9
0000035794f3b039
000003579c41fb79
00000357a6a2f619
00000357a99d8dd9
00000357bb6dc039
0000035807175ff9
000003581a581299
00000358297171f9
000003583be85199
000003583d228e39
00000358408f9179
0000035856251959
0000035864f67319
0000035877471799
00000358994c5379
00000358aa7e4b19
00000358afb41199
00000358d5a89bf9
00000358d7709519
00000358ffe3ee99
000003592c86bbb9
0000035930695179
00000359362c7499
000003594e3b58b9
0000035952840159
0000035971c6d2d9
000003599f967259
00000359a8e93819
00000359b97dd799
00000359dd9a95f9
0000035a180adef9
0000035a2861f659
0000035a4b5b2af9
0000035a4c17df39
0000035a5199de79
0000035a60d1fdb9
0000035a8c00bb19
0000035ab83be3f9
0000035af7663979
0000035aff2cf259
0000035b066e7199
0000035b08b72ab9
0000035b2d52a2b9
0000035b4298ef39
0000035b8c0aed79
0000035b98a061b9
0000035bbe70b3d9
0000035c03029e79
0000035c1ee8b699
0000035c1f65e1d9
0000035c5b7a8b99
0000035c62538df9
0000035c6f7eba19
0000035c78f49419
0000035c993fb019
0000035ce00eb559
0000035ce7156e79
0000035ce848d5b9
0000035cecf34679
0000035cf2893919
0000035d0b3be419
0000035d1e086539
0000035d3f6867f9
0000035d3f8796f9
0000035d47d112d9
0000035d5665e719
0000035d66cf33f9
0000035d692b89d9
0000035d6e3427f9
0000035d715e45b9
0000035da0550439
0000035da4556259
0000035dd5729179
0000035df332ea79
0000035e0a4c5779
0000035e31492279
0000035e317df099
0000035e3fcebe99
0000035e9cc0bd59
0000035f06786b39
0000035f48c07379
0000035f494f7e99
0000035f65180f99
0000035f7e9d3019
0000035f8a87e139
0000035f956a11b9
0000035fd768f0d9
0000035fe26cfef9
0000035fe3ae6859
0000035ff704e499
0000036008d48ab9
000006c05d862e61
0000000002d18771
0000000000000181
0000036042b86d99
0000036088336f59
00000360b5ccf7d9
00000360d6d7f459
000003611d880739
000003611e74fff9
0000036122d931b9
0000036127248759
00000361308c0059
0000036140646779
000003615c702d39
00000361663fd999
000003616c30aab9
0000036171126159
000003619c307539
00000361c4ec0db9
000003621b649ff9
000003621e797319
0000036220110639
000003623a783bd9
0000036256de9d39
00000362880a12d9
00000362d53debf9
00000362f3c78d99
00000362f4044619
00000362f546c2d9
000003630121ba99
00000363016836d9
0000036301b63299
0000036360769b99
0000036374b90219
000003637864f579
00000363b3a1cd79
00000363e1fe9339
000003640f034ab9
0000036420c25439
0000036446cc5019
000003644cac0a39
0000036458cd88f9
00000364654ccd19
0000036477227139
000003648d626519
000003648f75ebf9
0000036492262c59
00000364b48517d9
00000364bd25c699
000003651aded619
000003651e8ae879
0000036537c13339
0000036539fd53d9
000003654d59ea59
00000365650829b9
000003656c894f79
000003659afa4179
00000365c0e31ab9
00000365eafbc919
00000365ff336579
00000366048de479
0000036605ed0df9
0000036609de41b9
0000036612d085d9
0000036623b8acf9
0000036628e5ce79
0000036635b5c119
000003663eba8979
00000366592ded79
000003666174a3b9
000003667298c899
00000366818e38d9
0000036682599f99
00000366a5a095f9
00000366b4dceb39
00000366e2861a59
00000366f258cfd9
00000366fdf5eb99
00000366ff673999
00000367422d1dd9
000003674f4b9519
000003675466c1d9
00000367634f76d9
0000036770c9bbf9
00000367895061d9
0000036797eb1499
00000367b4572ab9
00000367b8395699
00000367cf4ec1b9
00000367e603d979
000003681e2dcf39
000003682e110f79
0000036837ecabf9
0000036856fc91d9
00000368824025f9
00000368965a3bf9
000003689c68c759
00000368a4d46cb9
00000368c72c8d79
00000368c73cb9d9
00000368e90936b9
00000368eff9f019
000003691eb47179
0000036925c1c0f9
000003692c4b3919
000003693fd7a019
000006d2fdf0ec61
0000000002d18771
0000000000000181
000003698ac891b9
0000036a036fab99
0000036a12fab619
0000036a15f040b9
0000036a161fd699
0000036a2c042339
0000036a412d4c39
0000036a6860a659
0000036a7232d1d9
0000036a83909df9
0000036aa051ff19
0000036abde38a19
0000036ad4f9c099
0000036ae1b1c919
0000036af5bee179
0000036afeba21f9
0000036b05d33a79
0000036b0f4ff899
0000036b10b51d19
0000036b2fcc5379
0000036b30701fb9
0000036b3c7541b9
0000036b4a505919
0000036b7aadf0b9
0000036ba36c1db9
0000036bbb5d9bf9
0000036becfb0a19
0000036c13c2d2d9
0000036c1d7ec319
0000036c4744f8f9
0000036c49d3c499
0000036c58ab3d59
0000036c6cae9d19
0000036c78137019
0000036c8df4b659
0000036c8f3b48d9
0000036c940e3ad9
0000036c9e1e0c79
0000036cb252a559
0000036cb8608c99
0000036cbf8de919
0000036cca696f79
0000036cdb4c4579
0000036ce61d2599
0000036cfe979b79
0000036d010cf719
0000036d0bdbca39
0000036d32379b79
0000036d4196cfd9
0000036d50edb3b9
0000036d62aa9839
0000036d83fbf439
0000036d83fc0719
0000036d852e7779
0000036dd779d479
0000036dedcb8039
0000036df4b7deb9
0000036df968ed99
0000036dfdc6e1f9
0000036e5b657479
0000036e77fd1579
0000036e94fb1959
0000036e99ad1d99
0000036ec560c1d9
0000036ecde1cc19
0000036ecf057899
0000036edd7d06d9
0000036eef57f019
0000036efde28c19
0000036f4210bdf9
0000036f45e85b59
0000036f5e25c819
0000036f775aaa19
0000036fc0c0ddf9
0000036fd3c1f1b9
0000036feec7b419
0000036ff36be6f9
000003703dfe6859
000003704d412fb9
0000037054795c59
00000370717be4b9
0000037086a6b579
00000370ad530e19
00000370cb1a8959
00000370da6c87d9
000003710b954539
000003711bf90539
00000371301b8cd9
0000037135d27ff9
000003716b9cdef9
00000371764b4619
00000371a2008239
00000371a91b9c59
00000371bbce38b9
00000371cf622199
00000371f7f8e879
00000371f9cadd59
00000371fa086999
0000037207d14019
0000037218ae9bf9
0000037223a38d19
000003723933bd39
000006e59e5baa61
0000000002d18771
0000000000000181
00000372d8575499
00000372fcd10259
0000037349b103d9
0000037365265cf9
00000373685527d9
0000037373611499
00000373a04a3839
00000373a47b01b9
00000373a69e0ed9
00000373b76d0fd9
00000373dec73db9
00000373e9f4e319
000003740aaf0179
00000374118f04d9
000003744d6e0ad9
0000037465a931d9
0000037465a93999
0000037465a94cf9
00000374b8c121b9
00000374c663caf9
00000374eb8c9479
0000037507a37539
0000037520a9c619
00000375300d2299
0000037532b87ff9
000003754494e4f9
00000375514dcc79
00000375884c7ad9
0000037592a2b439
00000375bad07799
00000375bb2d43f9
00000375c8163e59
000003760316d4f9
0000037605949059
000003761a94c819
00000376409fff79
000003766e65b6f9
00000376732dd4d9
00000376933ddd79
00000376a23df2b9
00000376afb36559
00000376d621fa99
00000376e79c6b19
00000376e8f0d539
00000377362222d9
00000377717fb159
00000377723d5359
0000037780da7ef9
00000377919df459
00000377a7004c99
00000377accd90b9
00000377c080bfd9
00000377cff14cf9
00000377d01c73d9
00000377ee8da9b9
000003781da6d2f9
000003782a00df39
000003782b9dc8d9
00000378404f82d9
00000378429aa399
0000037845074d79
00000378a31ab5d9
00000378b25d6919
00000378c57cba99
00000378ed720f79
00000378f928baf9
0000037928c85c79
000003794a8639f9
000003795b562db9
00000379813ecfd9
00000379a9085799
00000379a9086159
00000379b7549459
00000379bfaeb0d9
00000379c5d52ad9
00000379c7902079
00000379ea96b5d9
0000037a0ead1ff9
0000037a2dda0659
0000037a2dee7ed9
0000037a32a57c39
0000037a4e2a92f9
0000037ad75230f9
0000037b0996c699
0000037b2cc4aa19
0000037b560ffb79
0000037b7e4bd419
0000037ba3535c79
0000037bae37c7d9
0000037be187f559
0000037c022c5499
0000037c1a62b8f9
000006f83ec66961
0000000002d18771
0000000000000181
0000037c3429cd39
0000037c49cecff9
0000037c4b4ab859
0000037c68bf9c79
0000037c74760759
0000037c7565f399
0000037c9bed5619
0000037ca2edb639
0000037cab39b259
0000037ce66a8719
0000037ce6c230d9
0000037d2d138059
0000037d5bae4db9
0000037d7b7c66b9
0000037d7e1bad79
0000037d849f6899
0000037d8b543499
0000037d98636319
0000037dafc83ab9
0000037db1a543b9
0000037dcac877d9
0000037dcc963f79
0000037dfead45d9
0000037e05824079
0000037e17c01e19
0000037e40341ff9
0000037e51951639
0000037e63804679
0000037e7a859139
0000037e7bacac59
0000037e7d411139
0000037e921dbbf9
0000037ea9a866f9
0000037ecb305e79
0000037ed0cbec79
0000037ed6880739
0000037eec084659
0000037ef5a689f9
0000037f16f96639
0000037f7531bc59
0000037f76f9e4b9
0000037fc2bf2bb9
0000037fc68bc8d9
0000037fd4a35179
0000037feaaf0bb9
0000037fed503b19
0000037ff2f3bd19
0000037ff5918d59
0000038024446cb9
000003802625cbd9
00000380572fb259
000003805acf3999
00000380a3f4e2d9
00000380f31b0719
00000380fb85cab9
00000381022e7bf9
00000381181bc7b9
0000038171aea8d9
000003819947f659
00000381bf1c0c19
00000381d1b1f479
00000381f4a5d699
00000381f69089f9
00000381fec6b4d9
0000038251937959
0000038252329d59
0000038252b26e79
000003825bc65199
0000038284d4a1d9
0000038285f6a5f9
000003828e8d5959
00000382b76596d9
00000382de7aa039
0000038303daa6f9
0000038337a6b0b9
0000038341bb1b39
000003834a5fca19
000003834c380219
0000038350927539
000003835593fb39
00000383570abf39
000003836d449af9
00000383985c9479
00000383a93ae299
00000383abb7c3f9
00000383ac00fdf9
00000383bb54beb9
00000383d0917299
00000383d11e93b9
00000383e1ad2d79
00000383f832bbf9
000003840474e499
000003843883cf59
000003843cb09af9
000003843feb4779
000003844fd7e7f9
0000038455219f19
000003848fc73d99
0000038493f3ff19
00000385663b3339
000003856681c719
000003856b739379
0000070adf312761
0000000002d18771
0000000000000181
00000385ac7882b9
00000385e77cda39
0000038604cef219
00000386308bf879
000003863149c039
000003864f3075b9
000003865a318b59
000003866b0eb6d9
00000386804b07d9
00000386a84ce479
00000386c9bbff99
00000386d8001299
00000386f10ee6d9
00000386f5a1f799
000003874267a5b9
00000387528c6739
000003875a6bd979
000003876182c959
000003878e0e2c59
00000387a0069ad9
00000387bb8ac659
0000038838ab8fb9
000003885302d4f9
000003886b207f59
0000038881d4ecb9
00000388abf11eb9
00000388fbbe2419
000003890448bd79
0000038905e9cbb9
0000038929156059
0000038951288cd9
0000038977c897d9
000003898c382379
00000389948ee8b9
00000389d9bbae39
00000389e09a0b99
00000389f4b4ae19
00000389f77f15f9
0000038a14f9f8b9
0000038a26d9fff9
0000038a3fef0e39
0000038a4f961e99
0000038a5dd16c19
0000038a5dd17519
0000038a65cbfdd9
0000038a7b2c4a19
0000038a9d285fd9
0000038b03a97119
0000038b1763a179
0000038b1d1ab599
0000038b2ea08cd9
0000038b3c88e779
0000038b4960c639
0000038b4f253539
0000038b541f8fb9
0000038b5a252299
0000038b64410699
0000038b69bab2d9
0000038b78ae6639
0000038b79d99379
0000038b804276d9
0000038ba6ad9af9
0000038badf67d79
0000038bcbe18e79
0000038bedda8259
0000038bf992ba99
0000038c2ff3b3d9
0000038c3cb14e59
0000038c451a5499
0000038c63fb0699
0000038c74127ab9
0000038c8d4b0e39
0000038cb0b8f539
0000038cbc444879
0000038cc2553159
0000038cc43d1479
0000038ccb8eae99
0000038cdb7a6bf9
0000038cedd157d9
0000038d29a96319
0000038d79985219
0000038d8468f419
0000038dbe3681b9
0000038dc1372939
0000038dd51d81f9
0000038dedd77779
0000038df57506d9
0000038e0a10b6d9
0000038e0ceaccf9
0000038e0db477d9
0000038e247bd0f9
0000038e2a98d299
0000038e321f79d9
0000038e485ecbf9
0000038e49ad5879
0000038e5a84c639
0000038e818c58f9
0000071d7f9be561
0000000002d18771
0000000000000181
0000038ee81417d9
0000038eeedd9d39
0000038eeff1a1d9
0000038f128aeff9
0000038f1334b939
0000038f3ab56699
0000038f4bb60759
0000038f51671899
0000038f57ee35b9
0000038f670de879
0000038f7f2d8c59
0000038f951035b9
0000038f9dc9ab79
0000038fa449d639
0000038fd06b8cb9
0000038ff7612b39
00000390005be799
0000039000d4ea59
0000039023e1abb9
00000390272911f9
00000390466c1c19
000003905171a9b9
000003906e2ecfd9
000003907d8007f9
0000039085ccbbb9
000003908beb49b9
00000390a401da59
00000390a7476279
00000390b1f40099
00000390b2185059
00000390b9613399
00000390c8bbb159
00000390dfdb2299
000003910ea6b8d9
000003914d482059
0000039194b487d9
00000391bfc4c159
00000391c3eef739
00000391c47814d9
000003921db9eb59
000003926e4310b9
000003927a4b8c59
0000039280a0c9d9
000003928c8760d9
0000039292c10779
00000392a6ea4e19
00000392f3c0aa59
000003931318ca99
000003932b3a35f9
000003934358ee59
00000393448d3619
00000393a8944ef9
00000393a8946079
00000393d6861bb9
00000393ed00b479
0000039414a27259
0000039414bd74b9
000003942869edb9
000003943bb37239
000003945a787339
000003946e1f9c19
00000394a6ce8b79
00000394adaa97d9
00000394cb315d59
00000394d4f894f9
000003950679c819
00000395133a9c79
00000395319f8f59
0000039537588f19
00000395385824b9
00000395706880d9
00000395ab4a98d9
00000395ba392339
00000395c4bc7a59
00000395ec727019
000003961e817359
0000039630797479
000003963e6d0a59
000003964c840fd9
00000396736e3e99
000003968ab791d9
000003968df8a339
000003969816b399
00000396ad3e0819
00000396d68089b9
00000396e6121859
00000396ed6ff4b9
00000397246f86d9
00000397552a7799
000003975c950cb9
0000039771440339
00000397924d4b79
000003979be476b9
00000397a33a7f79
00000397c3e986b9
00000397f5148519
00000397fc31ee59
000003980cf8d6d9
000007302006a361
0000000002d18771
0000000000000181
00000398215da199
000003982d150c99
000003987071fb19
00000398af9c6179
00000398d1a8ae19
00000398f2558579
0000039900a2def9
0000039902f59959
00000399186a57b9
0000039930b3ee79
0000039947425859
0000039967a323f9
000003996eafe459
000003997419ed79
000003997c064e59
000003999b859599
00000399a23ad0f9
00000399a9a2e399
00000399b55c4799
00000399ca1bc079
00000399db0e3179
0000039a1c2be7f9
0000039a3354c539
0000039a568e2af9
0000039a56eb5919
0000039a6cda3c79
0000039a70278d99
0000039a8b8f1e99
0000039a8e1b4679
0000039a8e5822d9
0000039abbb9b119
0000039abcc0fef9
0000039b377c51b9
0000039b531d5519
0000039b69475539
0000039b7513fdd9
0000039b7cbc5299
0000039b86689cf9
0000039bc9107f99
0000039bfebc8839
0000039c00eead59
0000039c06fe0a19
0000039c59303399
0000039c8c561259
0000039c949271f9
0000039caf894159
0000039d212b1b59
0000039d27d2acf9
0000039d30be8f19
0000039d30bea2d9
0000039d4db51eb9
0000039d4dea88b9
0000039d50887a59
0000039d5ef123f9
0000039d786031d9
0000039db2aefa39
0000039db9179699
0000039dcc4897b9
0000039dd5264d79
0000039e0b8e4af9
0000039e3d40bf59
0000039e43fb8539
0000039e7a5b5019
0000039e8d66abd9
0000039e9a66ff99
0000039eefe9c019
0000039efaa858b9
0000039efac85cf9
0000039f279b94d9
0000039f366ceb39
0000039f5b6b3c59
0000039f68dff7d9
0000039f7c819079
0000039f80a3e179
0000039f8e010b99
0000039fb6161d99
0000039fb8ed3839
0000039fc3077419
000003a00c72adf9
000003a0225f58d9
000003a041d6e2d9
000003a088f76599
000003a095f049f9
000003a0a84ccdb9
000003a0aaefb999
000003a0ad704839
000003a0c5d2bcd9
000003a0dd0f23b9
000003a0e794c239
000003a0fcb08a79
000003a123fe3ef9
000003a12da0c639
000003a12edb8079
000003a1355e0ab9
000003a1426ed2b9
00000742c0716161
0000000002d18771
0000000000000181
000003a19137b119
000003a2420e45f9
000003a26e84bed9
000003a273519f39
000003a285847439
000003a285ae0cf9
000003a2be887979
000003a2c5e308f9
000003a2c98307d9
000003a2d0cef9b9
000003a30a85f239
000003a33aab57b9
000003a3519165f9
000003a371f47b79
000003a3870f00f9
000003a39067e959
000003a392fb54f9
000003a39a676179
000003a3a5716c99
000003a3aa1b9219
000003a3ab02bdb9
000003a3c6c50459
000003a3cc73b8b9
000003a3cc73c1f9
000003a3e4c971d9
000003a40ae64539
000003a43ee7ffb9
000003a4554b3a39
000003a46ed008d9
000003a4b1005039
000003a4c81c52b9
000003a4cea8e819
000003a4e7931e39
000003a510f1cc39
000003a515975f79
000003a51efed919
000003a52074e4d9
000003a58577cbb9
000003a58f663fd9
000003a5b29824d9
000003a5e4924f19
000003a5eac1db79
000003a601d1c0f9
000003a61573f539
000003a62b661639
000003a639ed53d9
000003a640afc779
000003a6593ff719
000003a66af2d979
000003a684ced8b9
000003a6eda5db79
000003a70bcb5ff9
000003a70e086f19
000003a7356e3e19
000003a73588d1d9
000003a7575cd299
000003a75775ea19
000003a760492799
000003a77e2c8fb9
000003a78e7eb4f9
000003a7937b1d79
000003a7eeaf8c39
000003a817c40cd9
000003a8235aafb9
000003a82a71a3b9
000003a83105ba59
000003a84f6660d9
000003a871243479
000003a8722b2699
000003a8a57983d9
000003a8c5b8fe39
000003a8edd82799
000003a908ff52b9
000003a9228cbe19
000003a932f4ca19
000003a939c30ab9
000003a9547a5b19
000003a96eb7a839
000003a98c5ea4f9
000003a996fa5779
000003a9ac453699
000003a9af6595b9
000003a9b3aa1bd9
000003a9ba94a579
000003aa084aebd9
000003aa14529cb9
000003aa57ae06f9
000003aa76c00339
000003aaa2a3c4b9
000003aaababf399
0000075560dc2061
0000000002d18771
0000000000000181
000003aaccd76299
000003aad5b47df9
000003aad604da99
000003aada6cc5d9
000003aaeb3e4959
000003aaebeb2ff9
000003aaf419ddf9
000003ab01732e39
000003ab3bbf3019
000003ab4337f399
000003ab6468df39
000003ab9111deb9
000003ab93da9b79
000003ab9bad0179
000003abb18799d9
000003abb914ebd9
000003abeb4c2f59
000003abf8ddd539
000003ac1a45bd19
000003ac1c1293b9
000003ac1f130f79
000003ac27a4eff9
000003ac53dcaed9
000003ac54404db9
000003ac772bad39
000003accd084c19
000003acd4c4d479
000003acef3fa5f9
000003ad04f9ab39
000003ad3d1f83f9
000003ad5f204799
000003ad633f23f9
000003ad8dce77d9
000003ad98025599
000003ad9f49ad99
000003adb94bba99
000003adbe13e179
000003ae00112679
000003ae3a900559
000003ae70a0a3d9
000003ae71e1ccf9
000003ae746b2d19
000003ae8f804959
000003ae9b120db9
000003aed1e7b399
000003aeea4c47b9
000003aeea6b8ad9
000003af1a24c639
000003af41908c99
000003af5eafe7f9
000003af98579df9
000003afaf978c59
000003afb20450b9
000003afb50c93f9
000003afee403db9
000003b02f062bf9
000003b0872c8fd9
000003b089215759
000003b09f967599
000003b0abebfe59
000003b11cdb3619
000003b12b6561f9
000003b142565679
000003b163b1efd9
000003b167c20359
000003b18a159399
000003b19c392a99
000003b1b703e739
000003b1ce2fb6d9
000003b1d1f3a719
000003b1d2deb0b9
000003b1dba04339
000003b1f4721019
000003b20119ba19
000003b209a1c499
000003b21972ced9
000003b22c183d19
000003b236d72cd9
000003b24f36a359
000003b24f36c099
000003b289d98399
000003b2912efd39
000003b29df52df9
000003b2aea52419
000003b2d84d7879
000003b2f649d8d9
000003b2f9cfa839
000003b328096879
000003b32b4dea39
000003b3365a2a39
000003b35dac8f39
000003b361487f79
000003b37c064b79
000003b3c0e0f9f9
000003b3d756af79
000003b3e50693f9
000003b3e60debd9
000007680146de61
0000000002d18771
0000000000000181
000003b4040d9479
000003b4304325b9
000003b4434f26f9
000003b44cb77679
000003b478771779
000003b47911e559
000003b4f2cfa239
000003b50cdef599
000003b52fbc6fd9
000003b535e86f19
000003b5981cb7d9
000003b5b5ab96f9
000003b5b7dd43b9
000003b5d3ceae39
000003b5e3666af9
000003b5ee7d7919
000003b5fd49aa59
000003b6403aaf39
000003b69c20d1f9
000003b6a69809f9
000003b6e9e52c79
000003b6f4098bd9
000003b70b89c8d9
000003b75efeda39
000003b76657d4f9
000003b77712f3d9
000003b784253e99
000003b7b15dacf9
000003b7c79082b9
000003b7d8c70599
000003b7db80ced9
000003b7f9e4ff19
000003b805d77d79
000003b818745179
000003b81d0a3e19
000003b830741659
000003b84f2b3399
000003b86286b2d9
000003b87b773699
000003b8a99ca9b9
000003b8acfd81b9
000003b8c0135099
000003b8f0b76e99
000003b8f51f38d9
000003b8f83ae2f9
000003b90965df39
000003b9147a9559
000003b972815d79
000003b99bb482d9
000003b9a047c4b9
000003b9a143ec39
000003b9c80e9079
000003b9e7a11f19
000003b9e7a95b19
000003ba1b6c3999
000003ba28ba4719
000003ba336cd679
000003ba36e87d19
000003ba4095ec19
000003ba80577d39
000003babf07b6b9
000003bafb1b1b79
000003bb0ac26ad9
000003bb11c00239
000003bb56b803f9
000003bb63e1d359
000003bb880a31d9
000003bb8d3f2979
000003bbaddc4599
000003bbb557abf9
000003bbf5fc1cb9
000003bbf6853119
000003bbf9e4ee19
000003bbfb8fa019
000003bc06c71ef9
000003bc3c92d139
000003bc3c92d1f9
000003bc417f5619
000003bc4e26de19
000003bc53c53999
000003bc593633d9
000003bc691068b9
000003bc89dff299
000003bcb28dc719
000003bcc4e80719
000003bcc69b4cb9
000003bcea461759
000003bcf976b159
000003bd25437539
000003bd4c8b99f9
0000077aa1b19c61
0000000002d18771
0000000000000181
000003bd76156e99
000003bd76158ab9
000003bda776d4b9
000003bdb05c9179
000003bdb6e5e199
000003bde48d0f59
000003bde66cbfd9
000003bdf17d4659
000003bdfa4678b9
000003be07d38199
000003be2bc20b19
000003be2bc49f19
000003be4c7acc19
000003be768edad9
000003beeaa27ff9
000003befa816c79
000003bf217eedb9
000003bf5c7a8af9
000003bfa872c119
000003bfb3e23f39
000003bfce5a5839
000003bfd3caf659
000003bfde3d52b9
000003c0279b2499
000003c02ee99939
000003c070496919
000003c0814f6759
000003c0dd0c0c39
000003c1175c3a59
000003c12441a759
000003c13d6a53b9
000003c1417c9c79
000003c163186f99
000003c178a7f8d9
000003c188ed60f9
000003c18eefe339
000003c1a3032239
000003c1c0d4cdd9
000003c1cb86d9f9
000003c1e4110599
000003c1e8be8bf9
000003c23088cb99
000003c24d4dbb39
000003c278fc72f9
000003c2cb388659
000003c2d3263d79
000003c2e1c32339
000003c2f5dd9639
000003c302e50279
000003c317b454b9
000003c3294ffdd9
000003c3345af119
000003c35a77d099
000003c35be22699
000003c360955139
000003c38bb447d9
000003c3d846f679
000003c3f17f1a19
000003c3f4dca1d9
000003c4099e3999
000003c45af08d19
000003c46041ff39
000003c460420ed9
000003c476f1a939
000003c494729799
000003c4a312af19
000003c4a4c6efb9
000003c4a92e6c99
000003c4c0e20219
000003c4c99cd639
000003c4fb0eb3f9
000003c5066bfe99
000003c50db67659
000003c50edbfd19
000003c517bf6ab9
000003c55af8ca99
000003c5668d5b39
000003c578d9c719
000003c579acb0d9
000003c58349b1b9
000003c58ea30af9
000003c5a0d321f9
000003c60244d119
000003c611b31659
000003c62da6b839
000003c66cf7a2b9
000003c675417a99
000003c678aeded9
000003c681f7ce39
0000078d421c5a61
0000000002d18771
0000000000000181
000003c6a1661cf9
000003c6b863add9
000003c6c2c086f9
000003c6d5a9e659
000003c6e9bb9ef9
000003c70887a799
000003c742f02ff9
000003c74d659fd9
000003c7778a4359
000003c77858d959
000003c7a5054659
000003c7a9e77b59
000003c7d56326b9
000003c816331579
000003c827b280b9
000003c8440ba479
000003c85b772579
000003c87c6eeb79
000003c894ea1e79
000003c899d90819
000003c8f1af2859
000003c8fab0fcd9
000003c8fdcc1619
000003c91a23f939
000003c92637dd99
000003c932e7ca79
000003c933ee2019
000003c94575fa99
000003c9559016f9
000003c98373b679
000003c9b4dc2019
000003c9d635ae59
000003c9d853af99
000003c9f5543179
000003ca23ce9db9
000003ca407e7579
000003ca6b1cf919
000003ca6f90ba79
000003ca80448e39
000003ca8e308359
000003cac3b166d9
000003cac6ae6499
000003cad94a1339
000003caf25b77f9
000003cafdcb8839
000003cb35e376f9
000003cb3a069e19
000003cb47b0a839
000003cb5ee0e999
000003cb774b0e99
000003cba369a9f9
000003cc059baf79
000003cc2dca0df9
000003cc39d15c59
000003cc6e2d98d9
000003ccae4834f9
000003ccdf80a099
000003cd01a006f9
000003cd05df2c19
000003cd19d8c2f9
000003cd23340439
000003cd34c34879
000003cd53178bb9
000003cd56925919
000003cd6e40a199
000003cd7276baf9
000003cdca4d7479
000003cde6394dd9
000003ce0fdafa99
000003ce1badbcb9
000003ce596270f9
000003ce69ed4319
000003ce6be97cd9
000003cea38405d9
000003ceb189bbb9
000003cedb2589f9
000003cedc679d39
000003cefc5c5f59
000003cf1cf0e159
000003cf1e14d139
000003cf3047b179
000003cf340fa539
000003cf3f388579
000003cf50b0f339
000003cf5bd32f79
000003cf642d4eb9
000003cf9dad2d59
000003cfba576719
000003cfbcdf9b59
000003cfc8822f19
000003cfdc76c119
000003cfecf76979
0000079fe2871961
0000000002d18771
0000000000000181
000003cff423d119
000003cfff75b9f9
000003d00ae9d359
000003d016e30599
000003d018d26939
000003d0381a0599
000003d095fad6b9
000003d0999d67d9
000003d09f519f39
000003d0a161cd59
000003d0abe02479
000003d0f6520639
000003d0fa520699
000003d0ff962e39
000003d104b6fc59
000003d118b61959
000003d11cc3b9f9
000003d13ca6c6d9
000003d1451536d9
000003d17b57db99
000003d1ad7a5e39
000003d1ba9e2419
000003d1c7058699
000003d1d2b7b6d9
000003d22dc02bf9
000003d26da09679
000003d29496fb59
000003d29702d3b9
000003d29a36e199
000003d29e7f6939
000003d2b8daf459
000003d2c8997f99
000003d2e77b2d99
000003d303e6c119
000003d31e99e6d9
000003d32f270d59
000003d331ada8b9
000003d33d8fbd19
000003d3440c6319
000003d368ad41f9
000003d369d7dff9
000003d3a3f7f939
000003d3cde8ea59
000003d3df5b7759
000003d40fded179
000003d4169abf99
000003d4278e43f9
000003d42959c079
000003d43026d8f9
000003d449752b19
000003d45abec419
000003d46b30c159
000003d476016819
000003d478bf7999
000003d4861cdeb9
000003d4b25e56d9
000003d4c70fd959
000003d4cb9deb59
000003d4de841739
000003d4f6c906f9
000003d507e674b9
000003d5095fa3f9
000003d5296676f9
000003d52dff7699
000003d5453a72d9
000003d5a2954f39
000003d5ff33bc99
000003d61178cf59
000003d62ed1ed99
000003d662ca1b79
000003d679a3ff59
000003d679c97cb9
000003d680ef6799
000003d696bae8d9
000003d6d042bc19
000003d6f0583699
000003d7044a3299
000003d72fe676b9
000003d7383b5d19
000003d745bb1e59
000003d749cb56d9
000003d7902773d9
000003d7ae955799
000003d7b3389379
000003d7f5d58339
000003d80c7800b9
000003d81e428759
000003d824fb9459
000003d832b9e779
000003d8618cf6b9
000003d864e137b9
000003d89bd79fb9
000003d8aed5fc59
000003d8c9a10519
000003d904f8bbf9
000003d90b2a1059
000007b282f1d761
0000000002d18771
0000000000000181
000003d9454446f9
000003d9741018b9
000003d98c0da199
000003d9de3f30f9
000003d9f42afd99
000003da06855f99
000003da0ceb6879
000003da24677339
000003da2ad6c419
000003da957e32d9
000003daa4720a99
000003daab3d5fb9
000003daf6bdcb39
000003db025da8d9
000003db482ffd99
000003db53757019
000003db58e23eb9
000003db790459f9
000003db79177259
000003db8a8a5ef9
000003dbc3544ff9
000003dbc75c7219
000003dbd8e67dd9
000003dbd91e77d9
000003dc15675eb9
000003dc37bc4779
000003dc53f815f9
000003dc6d69c7f9
000003dc738f4c19
000003dc805f0359
000003dc8a621179
000003dcf3034b59
000003dd1cd66199
000003dd2932c439
000003dd30c5fcd9
000003dd433644d9
000003dd4af552f9
000003dd54ee52d9
000003dd64b654d9
000003dd84bc96f9
000003ddc5a49579
000003dde6bbde79
000003de0b9de239
000003de186e9e99
000003de227ff3f9
000003de8690fd99
000003de8a04ecb9
000003de98554799
000003deab427f39
000003debbc8f5b9
000003debdbdacd9
000003debfe910d9
000003dec911df19
000003df3f99b959
000003df41a2cd99
000003df431112b9
000003df7eb00159
000003df82a82399
000003df8d093af9
000003dfb195c019
000003dfcc02d1f9
000003e0207fd9b9
000003e039f36cd9
000003e051362e79
000003e058d99699
000003e0740ea039
000003e099b4f339
000003e09ee27679
000003e0a4d7ed39
000003e0a68183f9
000003e0c6a21439
000003e0cfff8359
000003e0e9e9a259
000003e126d74579
000003e1600434b9
000003e16dca44d9
000003e197898e59
000003e1be70f879
000003e1d8c00699
000003e1e6ecc759
000003e242e86c19
000003e2449a9a59
000003e250f4c779
000003e269e53019
000003e2787e1479
000003e28dd06cb9
000007c5235c9561
0000000002d18771
0000000000000181
000003e2a5432879
000003e2d52eced9
000003e310a708f9
000003e320d8c1b9
000003e32e8d2979
000003e3667b3fb9
000003e392542559
000003e3a10a29b9
000003e3c193fb59
000003e4368dfc19
000003e43711e0f9
000003e44ee3ba39
000003e46fd618d9
000003e488b15339
000003e4b2a96139
000003e4b358ef79
000003e4bcedcdb9
000003e4cf80d179
000003e4d1dc9df9
000003e4e4b244f9
000003e4e4c72a79
000003e4f71a4a39
000003e4fac6ce39
000003e50acaff19
000003e535a9bbf9
000003e56bfd5759
000003e58c96e4d9
000003e619b5f7d9
000003e63d942199
000003e65cf69279
000003e66a969859
000003e679a0c0d9
000003e68f692499
000003e6bf61d359
000003e70a350099
000003e70d581a19
000003e7164bddf9
000003e729971f39
000003e73eba45b9
000003e7499216d9
000003e750333bd9
000003e7599f78f9
000003e7c7a33799
000003e7e67e5c39
000003e82ec728f9
000003e84a861a99
000003e86146ced9
000003e8ce5b49d9
000003e8f9d904b9
000003e910132099
000003e947e17919
000003e95f002599
000003e964e02db9
000003e9944cdf39
000003e9ac7a59b9
000003e9bbcb6d99
000003e9e82e6a39
000003ea19b15679
000003ea416a8219
000003ea4fdbdd39
000003ea53094779
000003ea6794c8b9
000003ea6b82bcf9
000003ea7da725f9
000003eac6e1cb39
000003eacb43a299
000003eaf30701d9
000003eb46b06879
000003eb845f4399
000003eb98629c79
000003ebc4c93cf9
000007d7c3c75461
0000000002d18771
0000000000000181
000003ebebf5eb99
000003ec001d4b99
000003ec14146ed9
000003ec18d265b9
000003ec1eabbb39
000003ec4841fc79
000003ec4c51f6f9
000003ec82b824f9
000003ec8b195b59
000003ecd7765a39
000003ecdfcf8db9
000003ed20b27859
000003ed2783e599
000003ed27844039
000003ed2c9a0639
000003ed3b7146d9
000003edbefcb499
000003ee4152fd39
000003ee463fcc79
000003ee5188c359
000003ee600fd1f9
000003ee76d7fc59
000003ee99aef279
000003eea8b62d59
000003eeb9e21399
000003eec77e0199
000003eeccf70fd9
000003ef1261cc79
000003ef201ed219
000003ef29db6779
000003ef3f38c8d9
000003ef5a9b1119
000003ef5e9bf1b9
000003ef674a19b9
000003ef67c396b9
000003ef74c3aa19
000003ef78bfdd79
000003ef9e444c99
000003efbadfcad9
000003efd2ae4d79
000003efe129e759
000003efe82dddd9
000003eff56ac819
000003f002b4f459
000003f008f2b819
000003f04f888e79
000003f051c743d9
000003f0599caaf9
000003f06fdaf619
000003f0813e7bf9
000003f0a60893f9
000003f0dd8c9bf9
000003f0e38fe579
000003f0e53d5b19
000003f10ee5b3f9
000003f111daf4d9
000003f117318b99
000003f1194ed899
000003f137e679d9
000003f137f49839
000003f13bd05c99
000003f140e1b4d9
000003f142e45eb9
000003f151128d19
000003f17a2d03d9
000003f182e363b9
000003f1dd1bd159
000003f1e0a07779
000003f1eff86199
000003f20f89f379
000003f224c1da19
000003f24ae614d9
000003f24b4698d9
000003f24ed75e39
000003f264680759
000003f265a8b559
000003f26fb1a359
000003f2721e1099
000003f272b1d239
000003f2838c9b19
000003f28f207159
000003f2a14445b9
000003f2bab86d39
000003f2c1164199
000003f2cb2393f9
000003f2edbb1bd9
000003f2f7a45db9
000003f32c99bb99
000003f333d969b9
000003f34843c6d9
000003f35843f419
000003f393e020f9
000003f39a7c9cf9
000003f3a30a2099
000003f3a91a9419
000003f3baff1279
000003f3bcfcc759
000003f4062de3b9
000003f42359d6f9
000003f425c32119
000003f441a1f699
000003f44d17c259
000003f44eaeadb9
000003f45b78aad9
000003f4bd2ba059
000003f4c280f679
000003f4d0ffe0b9
000003f502818c39
000007ea64321261
0000000002d18771
0000000000000181
000003f56990e8f9
000003f58c232319
000003f5a8804ab9
000003f5bc833159
000003f5d04ae1b9
000003f5f7ae3a79
000003f604654939
000003f631610c79
000003f6cdd4aeb9
000003f6f51f5f39
000003f6f6ebe739
000003f6fc523479
000003f6fec00d79
000003f71eb6ec79
000003f7593b4179
000003f76c823c19
000003f77c9c0379
000003f7851e4839
000003f78e687199
000003f7d7d80159
000003f7f42d59f9
000003f7fc8ad8d9
000003f822879a19
000003f835efc959
000003f84576a519
000003f84a6ee3b9
000003f85df4c519
000003f861d31af9
000003f87ee2f9b9
000003f8863cd599
000003f88c5cdc79
000003f88ed2a639
000003f894f4a4b9
000003f8c6ee8a79
000003f8f4ea9339
000003f8fc771cd9
000003f90cc242f9
000003f920a0f5f9
000003f946ef29f9
000003f95f3e1e79
000003f9606042d9
000003f989e2a939
000003f9db791739
000003f9dc9f6439
000003f9e2529bb9
000003f9ff3c05b9
000003fa1fe3b859
000003fa3a61c4b9
000003fa475faf39
000003fa53157059
000003fa54f9be39
000003fa5c510ff9
000003fa85a39e79
000003fa85b4ccd9
000003fad4da1e99
000003fadd784199
000003faea517719
000003fb0b6e9ab9
000003fb23630339
000003fb2d2c3df9
000003fb2f99ded9
000003fb43a97e39
000003fb57514bd9
000003fb71847eb9
000003fb758f3399
000003fb76e2b9d9
000003fb8791d459
000003fb96ce7259
000003fbbbcfbb79
000003fbbcb45579
000003fbdcb9be39
000003fbeca9bb79
000003fbf8c12379
000003fc0488be19
000003fc21c60d99
000003fca8fc0559
000003fcba7f92f9
000003fcc5e5a639
000003fce133e119
000003fcead77df9
000003fced8e2cb9
000003fcf39173b9
000003fcf4bccdf9
000003fd38365b59
000003fd4b09ff39
000003fd4c517a59
000003fd60fadf99
000003fd646af6b9
000003fdc50bc3f9
000003fdd55ff4f9
000003fde0133d19
000003fdf1b31ed9
000003fe488047b9
000003fe52d77619
000003fe5be7f819
000003fe63117959
000003fe7d3f4d99
000007fd049cd061
0000000002d18771
0000000000000181
000003fe8f49e459
000003fece6df7b9
000003fee1050a99
000003ff11fccd39
000003ff1a101739
000003ff205656f9
000003ff55d1b119
000003ff869a1979
000003ffc665d8f9
000003ffd5526d59
000003ffda689cf9
000003ffda798039
000004001e315479
000004002d5dbb99
0000040032ec24f9
00000400571f3c39
0000040057261339
0000040075945d99
000004007ef30c39
0000040084b8bb39
00000400c28efd19
00000400e4df03d9
00000400e6f4e5d9
00000400f0b3f839
00000400f54db199
00000400ffb3b539
0000040116a8ba39
000004013f312079
0000040166cfbfb9
0000040175a13eb9
00000401abd7aaf9
00000401b21149f9
000004021be909d9
000004021f4ee539
00000402b09bde59
00000402c5296c39
00000402f93a1c79
00000403167bae39
0000040320ecb879
00000403236baeb9
000004037d8da9f9
000004038678a5f9
00000403ba34c7b9
00000403caa69cf9
00000403da094fb9
00000403e1fe5a59
00000403e7ddc219
000004041bfa7899
00000404372a0e79
000004043a915f59
00000404461def39
000004045055b9f9
00000404739280f9
00000404c7a302b9
00000404e59bc6d9
00000404e90d7399
00000405027eb939
0000040538a53bd9
0000040553d1d999
000004059905ccf9
00000405ab02a1d9
00000405bb17add9
00000405cd05fd19
00000405ea967a19
00000405f82e7bd9
000004064874cc99
000004067eb0b319
00000406e4a60379
000004071ec69e59
0000040726829f59
00000407373888d9
0000040748d0edb9
000004074a84dbf9
000004074be5dc79
000004074d74ffb9
0000040757409599
0000040769401939
0000040777537339
00000407790ec439
00000407acb1a119
00000407ae19edb9
00000407c2b74cb9
0000080fa5078f61
0000000002d18771
0000000000000181
00000407e6e8d199
0000040800ea4f39
0000040807885d19
0000040811bd0f19
00000408185bb379
0000040853272b59
0000040896b29fb9
00000408acfbc239
00000408bf066379
00000408cf1eb099
00000408dc2b52d9
00000408e372ea99
00000408e822d5b9
00000408f98cd699
00000409467fbff9
00000409551512f9
0000040984857fb9
000004098baf8ef9
00000409a9f9c819
00000409d014e259
0000040a29f162b9
0000040a2db09f99
0000040a49b64099
0000040a62b29539
0000040aae9ed519
0000040ab92be979
0000040ab92bfd99
0000040aca4aef39
0000040b353d3579
0000040b716aa2d9
0000040b7566d799
0000040b91effc79
0000040b97398f99
0000040ba02f6cd9
0000040bdd7d0559
0000040beaea2239
0000040bfccdf8d9
0000040c0fee3759
0000040c1f63c539
0000040c2ee45cd9
0000040c36d501b9
0000040c407008b9
0000040c63a1aaf9
0000040c6d1fd959
0000040c7cdf9dd9
0000040c7f76ad79
0000040c85844c19
0000040c85f5eed9
0000040c94120659
0000040c9dc923b9
0000040ca4ec20d9
0000040ccbdae219
0000040ce02e0c39
0000040cecd79999
0000040d09fbc399
0000040d5c917119
0000040d5d3ac619
0000040d7e8c7439
0000040da37b1e79
0000040db6b6d199
0000040dbbbc5f59
0000040dca0acdd9
0000040e22174919
0000040e4bf52f19
0000040e535a9379
0000040e5643f319
0000040e68fc48b9
0000040eafbac239
0000040ebdc26959
0000040edc638579
0000040ee17801b9
0000040ee65189f9
0000040f28472219
0000040f3c493f79
0000040f4c718bb9
0000040f5031c059
0000040f5407ab19
0000040f68ca47b9
0000040f736137d9
0000040f75454f99
0000040f7acd1859
0000040f96612419
0000040f9da554f9
000004100737daf9
000004101b2ec639
000004102bc59ad9
0000041054a40679
000004105ba16259
000004107300aa19
00000410d4eabf39
00000410d62c3759
00000410f52e7779
000004111e0f0cd9
0000082245724d61
0000000002d18771
0000000000000181
000004115b77ea79
0000041177da5719
00000411fdf39e59
000004121a700cf9
0000041225d1d199
00000412819bfed9
0000041285b32f19
000004128b4fda79
000004128c9d1079
00000412a610d5d9
00000412accec199
00000412bcf636b9
0000041365315059
000004137c0d2e99
000004137e137ff9
0000041397c1d739
00000413b750d9d9
00000413c4c01439
00000413cd0ebc79
00000413d5d4fe99
00000413df32a399
00000413f5c2ff79
00000413fc4f9c59
0000041421904e79
000004143ed64259
000004143fa34ff9
0000041445f0ec99
000004144cb09159
00000414750281f9
00000414a7d40b79
00000414b049cf19
00000414c124a4d9
0000041507fc06b9
0000041521e85a79
00000415277c98d9
000004153eb5f419
0000041556615a39
00000415603d3139
00000415617d1599
0000041582c08c79
0000041597a7bcd9
00000415bf4bc2f9
00000415c05796b9
00000415d0b0e5f9
00000415e3e1c479
00000415ec970199
00000415eeb32659
00000415f10e35d9
0000041600e805f9
0000041608335379
0000041630e1b1b9
000004164ad9fcf9
0000041650cd7099
000004166c1e3359
000004166c4abdd9
0000041681239419
00000416823cc379
00000416968ec799
00000416d1213179
00000416eda86b79
00000416fad93239
000004172e933979
000004174a50ad39
00000417531b7bd9
00000417854bf119
000004178695a7b9
0000041788b714d9
000004178b009679
00000417de558ff9
00000417e098a299
00000417ec67d3f9
000004184c241239
000004184d48cbb9
0000041862a53bf9
0000041863ce5139
000004187b2ec8f9
000004188b2b7f39
00000418ad714af9
00000418bee757d9
00000418db9f3479
00000418e91ecf19
00000418f3696679
00000418f59cc859
000004190eeddb79
0000041928b62599
0000041933093779
00000419406cf399
00000419639b0a99
000004196d7bee79
000004196e64e779
0000041981084599
000004198a795b19
000004198cd25499
000004199cab9479
00000419a27c3d59
00000419af44c5d9
00000419b4aec3d9
00000419b5900f19
00000419c70193d9
0000041a5efff279
00000834e5dd0b61
0000000002d18771
0000000000000181
0000041a96c34b99
0000041ac70bf539
0000041ae8dc4b19
0000041aeeaca9b9
0000041b387a9579
0000041b441469b9
0000041b81498499
0000041b98b666d9
0000041bc359b2b9
0000041bc983f839
0000041bcc3ed0b9
0000041bede97239
0000041bfeb3ab79
0000041c006118b9
0000041c40cd93b9
0000041c43291db9
0000041c8bdae259
0000041c94f148d9
0000041c9c6e48b9
0000041ca35b5cb9
0000041cbf9458b9
0000041d2a079d79
0000041d2d8c5c79
0000041d4a66fc19
0000041d5d75e559
0000041d6af48c99
0000041d7896ceb9
0000041da3847639
0000041da85d7399
0000041dc5610d79
0000041dedeb1dd9
0000041dfebb45d9
0000041e0b777e19
0000041e12355379
0000041e3281a659
0000041e396957d9
0000041e3cb77739
0000041e65cc7e19
0000041ea52330b9
0000041ee9ac7799
0000041f01642019
0000041f11e3c879
0000041f25de5e99
0000041f79f8e8b9
0000041f8eecadb9
0000041f913d4d59
0000041fa825d599
0000041faf613279
0000041fbdf07b39
0000041fc1880399
0000041fcb711c99
0000041fdd10f019
0000041fec9a3179
000004201bb81119
0000042055c23f19
0000042062346599
0000042082947d19
0000042086e985b9
000004208afd4f99
00000420a6e6be79
00000420c4754bb9
00000420d6120db9
00000420d6b81c79
00000420ee1dffd9
00000421421a6af9
00000421507c20b9
0000042159207f99
0000042171e84cd9
000004217646a559
00000421afbdb3d9
00000421b2390519
00000421c7ad6379
00000421c876a559
00000421d6d274f9
00000421d74b26b9
00000421e8da91f9
00000421f7aba279
0000042214dc4339
00000422152912f9
000004222d0627b9
000004226bbd0cd9
000004227d708df9
000004227dad59d9
0000042287fa21f9
000004229fc63599
00000422a6acc8d9
00000422a70fbcb9
00000422a8c39f39
000004233c0ad119
000004234c6fde99
000004234c6ff3d9
00000423acda9559
00000423b4f3c5f9
00000423bc2885f9
000008478647ca61
0000000002d18771
0000000000000181
00000423cf665659
00000423d56d2a99
00000423e34305b9
00000423e4bf84f9
00000423e93cb899
00000424140e11b9
000004244e98b759
000004245c26e379
000004245c427479
00000424773edd19
000004247be072d9
0000042483830a39
00000424cec6e259
00000424d308b539
00000424ed5914b9
00000425203ca7b9
000004252cf2c859
000004252e8ee599
000004256a367319
000004258cd99f79
00000425cf70e1f9
00000425e5ed2799
00000425f4ad4bf9
0000042640298eb9
00000426594c6bb9
0000042672d3cc59
00000426759b94d9
000004268e63ed59
000004268f69b519
00000426cea37d59
00000426fa07fbf9
0000042710064019
00000427134d60f9
000004271d655819
000004272530ad79
000004272919d5d9
000004274a500299
00000427747c01f9
0000042777269699
00000427ac8e8c59
00000427b75af3f9
00000427bd1657d9
00000427ebda10f9
00000428218cfab9
000004282b1621f9
000004284e52abb9
00000428634125d9
00000428634134b9
00000428a80a83f9
00000428bd1b75b9
00000428cb795bd9
00000428e9b1a1f9
000004291be43a39
000004291fdd3419
0000042955989e99
0000042967101299
00000429688aaf19
000004296c329419
000004296d18bf39
000004297fb6da19
00000429a9e73c19
0000042a1c4bd1b9
0000042a1c4be5f9
0000042a2acff499
0000042a40062399
0000042a66512899
0000042a8011b4b9
0000042a81505d39
0000042a93a85339
0000042af2015f59
0000042b00012599
0000042b13489c39
0000042b2e9acdb9
0000042b359eea99
0000042b4f845b59
0000042baa0eff79
0000042be1de7ed9
0000042c0812b479
0000042c287f71d9
0000042c4201e139
0000042c7617bbb9
0000042c8bfc7eb9
0000042c92675919
0000042cb4405d39
0000042cca100e79
0000042cf89a6cd9
0000085a26b28861
0000000002d18771
0000000000000181
0000042d64989819
0000042d6f4c8fd9
0000042d7039b859
0000042d86dee2b9
0000042dc24c6939
0000042dc87b1c99
0000042dea1c48f9
0000042dedc441d9
0000042dfb9b2bd9
0000042dfc307899
0000042e06b02259
0000042e0be3cb99
0000042e0ea89959
0000042e13bbef19
0000042e3019a1b9
0000042e33c77c79
0000042e404f11f9
0000042e6cf54859
0000042e838b7219
0000042eae314af9
0000042ed02bebf9
0000042eddedf859
0000042eea6e0e59
0000042efaba1f39
0000042efdfc1c99
0000042efe128e79
0000042efe53e3f9
0000042f28f0ecb9
0000042f4d437bd9
0000042f800d4fb9
0000042f8aa0f159
0000042f99d7bcf9
0000042fb0ebfb19
0000042fb89cf1f9
0000042fdc497199
0000042fed8f50b9
0000042fefc21839
000004301635e559
000004301c3972b9
00000430596f47f9
0000043061c903d9
00000430670b64b9
000004309f1eb699
00000430ca58f799
00000430f56e0cd9
000004311884f5d9
00000431443a6f99
00000431609ea679
000004316d665759
000004316e6c3339
000004317fd1ca79
000004318d665119
00000431d5569c19
00000431d9be35f9
00000431d9c1dbf9
00000431ec934df9
000004320192e099
000004320c1462d9
000004321cf11219
000004323453fc59
0000043236ef2179
0000043239fa52d9
00000432447fcfb9
000004325add2919
000004328f08e3f9
0000043293e18a39
00000432a3e92299
00000432d379f999
00000432da2afa79
000004332c4c9839
000004334ee8c719
00000433514b9959
000004335dff8119
00000433674de6f9
00000433935df159
000004339e371719
000004339faa9bd9
00000433af63b259
00000433c19e3099
00000433d448ef39
00000433f6ead059
00000433f7b75eb9
0000043404772959
00000434203a5ff9
0000043425ef1d19
000004343cdb73f9
000004343d58cb99
000004343e5f6399
000004345182f819
000004347deaac19
000004349ddbda19
00000434c6352e19
00000434cd50db79
00000434dffee099
00000434f4240c79
0000043508c4d5b9
00000435477e2559
00000435480eddf9
0000043551d41079
00000435c39be9f9
0000043613a6d659
00000436290bfe79
0000043639adeb59
000004363f767d39
000004364d2f39f9
0000043654ed9c19
0000043659b69599
0000086cc71d4761
0000000002d18771
0000000000000181
000004367deff1d9
00000436957aa899
00000436a8e279b9
00000436ac3d5199
00000436cf020859
00000436f812f5d9
00000436faf23e19
000004371222e859
00000437270b96f9
0000043728dc5079
00000437673eab19
0000043771738f59
000004377f824b99
0000043794a0e879
000004379bbf7019
00000437c2de9f39
00000437c69a9af9
00000437ebc075b9
00000437f78324b9
000004381ca83119
000004382fee0819
00000438394a9e79
000004383f92e619
0000043841461619
000004386ac4cbb9
000004386dc5a419
0000043883410619
00000438ad30caf9
00000438b2900e99
00000438b7803579
00000438c1421999
00000438dafa3dd9
00000438e8a14059
00000438e8a148d9
00000438e8a15c59
0000043947129f99
000004394fc0a439
000004395c28e459
00000439739eb279
00000439893bfdf9
00000439cc2019d9
00000439d8582fd9
00000439ef9f8a19
0000043a25ea2b39
0000043a2695faf9
0000043a619d1559
0000043a63e88899
0000043a69719b19
0000043a76ee4019
0000043a818569d9
0000043a84b0e399
0000043aa756ef39
0000043ab218d019
0000043ae1accff9
0000043aef8d6699
0000043b11cbabb9
0000043b45826ad9
0000043b62606ef9
0000043b66d29679
0000043b7e319f99
0000043bdf6cd7d9
0000043bef32a5d9
0000043c256ebd19
0000043c5e338579
0000043c81545159
0000043c8ce12039
0000043cada8e219
0000043cafa4ce99
0000043cbe6f1dd9
0000043ceab75f59
0000043cf0edbe39
0000043cf1cc3679
0000043cf83e58b9
0000043d003beb19
0000043d04250439
0000043d3ae93f19
0000043d65d30879
0000043d7aff5919
0000043d87294a79
0000043da4e6a3d9
0000043dba28bc19
0000043dba28c519
0000043dc75cbef9
0000043dd2f05619
0000043ddcc52019
0000043de04756d9
0000043e0f44c6b9
0000043e36a1f099
0000043e91a1a6b9
0000043e9c284599
0000043eaea02159
0000043ec57853f9
0000043ee488fb79
0000043ee68cdcb9
0000043ef3ddf119
0000043ef41d6db9
0000043ef698a239
0000043f197b2659
0000043f2378e6f9
0000043f25454459
0000043f3086dd39
0000043f3d447f39
0000043f57aa54b9
0000043f84c346d9
0000087f67880561
0000000002d18771
0000000000000181
0000043fda6048b9
0000043fec99dd39
00000440295a21d9
000004402dbb2979
00000440447df719
00000440731e4bb9
00000440a3ebf7b9
00000440a6056bf9
00000440d477f2f9
00000440f59ee319
00000441108acf99
00000441290c6039
00000441530752d9
0000044156b4aad9
000004415efb38f9
000004417853d919
0000044185a5fb19
000004418e912c79
000004419a1d6fd9
00000441b5852239
00000441ca5faa19
000004421f215779
0000044263a4a519
000004429b0ff859
00000442a28221d9
00000442bf505db9
00000442d46d5bd9
0000044337342159
00000443535f61b9
000004435933d5f9
000004436db3cf39
0000044381f1a1b9
000004439b150319
000004439cf048d9
00000443b097da19
00000443c311dfb9
00000443c7d4ccb9
00000443d0e505d9
00000443f264e179
0000044402b77539
00000444146dc099
0000044414d708d9
00000444452c7e79
000004444c0e0fb9
00000444559749f9
00000444569e0519
000004448c012d39
00000444cf4350d9
00000444e27c6699
00000444f1b842f9
000004452a2c1b39
000004457a7ba219
000004457be038f9
0000044581e29fb9
000004458ececf19
00000445b60dedb9
00000445b6da1d79
00000445b6da3b39
00000445ca239b99
00000445ca892cb9
00000445cb563ff9
00000445cc0db979
0000044600aafe59
000004462b821a19
000004463a001099
000004463e1d7df9
000004467772a699
000004467f11eb59
0000044688c00959
00000446b8f12ed9
00000446d5fa8db9
00000446e979cd99
00000446eaae59d9
0000044709ccd6d9
000004471dcf4799
000004472f8b74f9
00000447314e0e79
000004473af6bd79
000004474577ae59
0000044758b92519
0000044776b30cd9
00000447a4880559
00000447f4b21ad9
0000044802e3f8d9
00000448064cf799
0000044812873699
0000044819201f39
00000448308aecd9
000004485b1edc19
0000044879e1d5d9
000004487ae9ca99
000004487ced2db9
000004489e1674f9
00000448a414a819
00000448b752a739
00000448f6797279
0000089207f2c461
0000000002d18771
0000000000000181
0000044948c06179
0000044997a91499
00000449b1a29e79
00000449c48bb839
00000449d0539179
0000044a1f9abd59
0000044a27981ff9
0000044a4383d699
0000044a476d8859
0000044a7054b879
0000044a793e5139
0000044a972edd99
0000044a972f9699
0000044aa2bb2939
0000044ad1659ff9
0000044adb4d1bb9
0000044aef9a04f9
0000044af99b46b9
0000044affafd099
0000044b02f0da59
0000044b59b86699
0000044b9ab77979
0000044b9ce6e8d9
0000044bbf60f4f9
0000044bd0147bf9
0000044bd9aefed9
0000044c03fd6739
0000044c2470a939
0000044c2e5f6d59
0000044c4a002839
0000044c52b60c79
0000044c7af84a59
0000044c7b8c3459
0000044c7f1d3a99
0000044caf386c99
0000044cc75a9ff9
0000044cf46aaab9
0000044d195de0d9
0000044d2b3d4299
0000044d3d4c37d9
0000044d5974ba39
0000044d601a0fb9
0000044da85a4559
0000044dc75ffcb9
0000044de6552119
0000044df2f07f19
0000044e15230239
0000044e3ac51af9
0000044e57251b19
0000044e6d94ea79
0000044e8b6d5f39
0000044e942c3ef9
0000044e9d84e239
0000044eb35e5fb9
0000044eb99582f9
0000044eed789eb9
0000044efebc01f9
0000044f422418b9
0000044f4f190d99
0000044f8c1f59d9
0000044f9196cf99
0000044fb2451419
0000044fb8a66a19
0000044fc9068679
0000044ffc901859
00000450107eccd9
0000045051a500b9
00000450668a46f9
000004507de1d2f9
000004508246cad9
000004509b078559
000004509f171059
000004510dd0afb9
0000045129283919
000004513802bbb9
000004514897f959
0000045191cdfad9
000004519b097db9
00000451c32a4479
00000451dde88a99
00000451e8fc07b9
00000451f791d759
00000451fc9a51d9
000004523af70119
0000045248e54bf9
000008a4a85d8261
0000000002d18771
0000000000000181
0000045272d7e939
0000045282387579
0000045287559bf9
00000452b3ca0d99
00000452c3f53359
00000452f30712f9
00000453034d0539
0000045311bfff99
000004533b6c7399
000004533f004099
000004535efbab19
0000045362e4c759
000004537a2563d9
000004538497ae19
00000453aace24b9
00000453ad467539
00000453adfef759
00000453bb820439
00000453eae3fdf9
00000453fd595779
000004541e506459
00000454269e1779
0000045436de7a59
000004544503a019
000004544693e279
0000045452bb20b9
000004546bff7859
00000454730a06b9
00000454741dbf39
00000454a3ea0979
000004551bd24299
000004551c1a3499
00000455242a98f9
0000045527aab619
00000455393ec099
00000455970b4759
00000455a2e49c19
00000455a5c9c859
00000455c98d21d9
00000455d9b05ff9
0000045638e586f9
000004563aaa5339
0000045644ec5919
0000045656332899
000004567df72539
0000045698d835d9
000004569a9df0d9
00000456a5d031b9
00000456aed9bd39
00000456b4f4d919
00000456bc0a14f9
00000456dffde499
000004571aa5ea19
000004572f089fd9
0000045747e32139
000004574b33aa79
0000045751befd99
000004576c08feb9
0000045776469559
000004577f2d2db9
000004577f2d59d9
0000045788ff23b9
000004578c904159
00000457a0468159
00000457a2e604b9
00000457aa4403b9
00000457bf311919
00000457cd0c0af9
00000457e229de79
00000457f05a8279
00000457f1b4d499
0000045806c73ff9
000004587740f8b9
000004587cc88119
00000458940f62d9
00000458c7222a39
00000458c8089b39
00000458cde2add9
00000458f1f43e79
00000459161e4e59
0000045918d85919
00000459444522b9
0000045960b63d19
0000045969f1a639
0000045972c4beb9
000004597ae35159
0000045986ece2d9
000004598d1bb319
00000459a3243599
00000459b7235ed9
00000459f02afe19
00000459f5fbed39
00000459fcd2aa99
0000045a0bb62b39
0000045a42d47b79
0000045a48735af9
0000045a5fd55fb9
0000045a810340f9
0000045aa4092f59
0000045aa4fc3b59
0000045aa4fc4db9
0000045b2399c059
0000045b2a233999
0000045b4e4f6819
0000045b515a2199
0000045b565b92d9
0000045b9ba7f7f9
0000045b9ba80419
0000045b9ffb9bd9
000008b748c84161
0000000002d18771
0000000000000181
0000045bcbad1119
0000045bf3807699
0000045c0fcefed9
0000045c564d5fb9
0000045c59e70079
0000045c5aa567f9
0000045c8fd7e9f9
0000045cbad25df9
0000045cd936af39
0000045d25f12739
0000045d2b39d4d9
0000045d57bb4bf9
0000045d7fb7d1d9
0000045d84a05db9
0000045d87ed7b19
0000045d92490819
0000045d94915479
0000045da7dd4019
0000045dc0abc719
0000045dc17c7ab9
0000045de8700db9
0000045df2733439
0000045df710b519
0000045e00fa45d9
0000045e063939f9
0000045e16cc3919
0000045e51b524d9
0000045e5c1a95b9
0000045e887ee2b9
0000045eb3ddd899
0000045ece23f339
0000045ed923d799
0000045eeb934319
0000045f22e07d59
0000045f356b56d9
0000045f46f6f679
0000045f719bdc39
0000045f7ab31a99
0000045f90419359
0000045fb6730959
0000045fbbe878b9
0000045fc82649b9
0000045fcc1f3c59
0000045fd16fd2b9
0000045fd7726259
0000046044ad1019
000004604f1b9d39
0000046056da2f19
00000460785a05d9
000004608323ff79
00000460bae6cd99
00000460feac96d9
000004612217cc59
0000046158dbb599
0000046174381639
00000461b36417b9
00000461d254e679
00000461db7956b9
00000462071e8539
000004621d6ce099
000004621dbf2439
000004625a4e6d79
000004626745b799
000004626bcc22b9
00000462836181d9
00000462ac980159
00000462c85e71d9
00000462ddb34d19
00000462f49c9f39
0000046330a25499
0000046343fa83f9
0000046363952639
00000463701ce1d9
0000046370e94a79
000004637490fd59
00000463837c6bb9
0000046387f51dd9
00000463a536e479
00000463c25b2499
00000463e58cd619
00000464131955b9
0000046414f09839
0000046418d4ff59
0000046432196479
00000464389cd1d9
000004645a20e2b9
000004648f8e2839
0000046490361c19
00000464a03ea839
00000464d26a6139
000008c9e932ff61
0000000002d18771
0000000000000181
00000464f8e081b9
0000046511b8eab9
0000046511b8f359
0000046513572179
00000465208ff099
000004652dd9d4d9
000004654a534819
000004656fca87b9
000004657dca2939
0000046589a7a159
000004658a956899
00000465a2ce3fd9
00000465c51d04d9
00000465c7824ff9
00000465dffa8499
00000465f5e86ff9
000004660e814619
000004660ec63699
000004662df2b959
000004663d0c52d9
0000046670b2ffd9
000004668a4ce419
000004669a842259
00000466a9235c59
00000466c1af3a59
00000466caaa3d59
0000046748300479
0000046765896d79
00000467867a6299
00000467892fc9f9
0000046797824e39
00000467b93e9b59
00000467df45bdf9
000004680f27f119
0000046816113bf9
0000046818b98879
000004683d26f259
000004685fa56f39
000004687e0d7f39
000004687e3d1459
0000046880f2abf9
00000468c3f10e19
000004690f07c0d9
00000469211133b9
000004692c32ec79
0000046952972c99
000004697b0ca859
000004699411a5b9
000004699a087479
00000469bbe5bbd9
00000469bbe5bc99
00000469d52b7519
0000046a3942bf99
0000046a3d458059
0000046a5ff90379
0000046ad5222219
0000046adabe4339
0000046ae3ad2519
0000046b02306cf9
0000046b0c1e51f9
0000046b1deff859
0000046b3de80b19
0000046b45c7ed79
0000046b54443f59
0000046b7e9a1599
0000046b9a96e659
0000046ba7e6a399
0000046baef1e5d9
0000046bb1b8d5d9
0000046bcf2512f9
0000046bec9b5299
0000046beed8dfb9
0000046bf555d979
0000046bf5a36579
0000046c348ebd59
0000046c42b5bf59
0000046c485dc6d9
0000046c55086419
0000046c62e133b9
0000046c844b2659
0000046c908a7739
0000046cb16e71d9
0000046ce1c58419
0000046ce93a7bf9
0000046d16490019
0000046d1ff1d319
0000046d2a4620f9
0000046d33c14b19
0000046d4256c039
0000046d5b308719
0000046d5d15e439
0000046d8b6191d9
0000046d9ddd4499
0000046db8d20c19
0000046db942e419
0000046dddb38f99
0000046df035be79
0000046df77e7779
0000046e1e594839
000008dc899dbe61
0000000002d18771
0000000000000181
0000046e4db1cfb9
0000046e4db1e439
0000046e69150ad9
0000046e6ee09bf9
0000046e86329479
0000046e92bc58b9
0000046e942640f9
0000046ea5b3c6d9
0000046ec2f82e59
0000046ed47ace59
0000046ee5046639
0000046ee62cb539
0000046ef3c2cc99
0000046eff774599
0000046f111b2579
0000046f1b997a19
0000046f220c6fb9
0000046f59e5e9f9
0000046f607ddcf9
0000046f68217f59
0000046f83651839
0000046fb15fcc79
0000046fcef31539
0000046fd862a099
0000046fe4660219
0000046fedaea379
000004700c963479
00000470147d8399
000004704665b7b9
00000470751354f9
00000470a67ea439
00000470cc310c19
00000470e0727e19
0000047107e14219
000004710d0277f9
00000471208f1619
00000471384988f9
000004713e084e79
0000047143602879
000004716b47d5b9
000004717a550db9
000004719a7cf559
00000471a81351b9
00000471d5150039
00000471d9ef18f9
00000471ef030e79
00000471f3718079
00000472038b9419
000004721fb5f919
00000472265f4859
0000047239cb11f9
000004725e1ed479
000004725e4d1ad9
000004727e2b3b19
00000472acfc4d99
00000472bc1b6b99
00000472c1cd9799
00000472d301c379
00000472d73181b9
00000472e41a4339
00000472ea309739
000004733da04f99
0000047355ed1519
000004736689b199
000004736fdadb79
000004736fdadc39
00000473834514f9
000004739ccc46d9
00000473ed5fde99
00000473fb304299
000004741f70feb9
0000047434859359
0000047439d0eff9
000004744863f419
000004746e23bed9
000004747ba3a499
000004749ecab099
00000474b9a457d9
00000474b9cf6ad9
00000474c23d3e19
00000474ddc5e6b9
00000474e8e0ea79
0000047505a7a9b9
0000047510ead1d9
0000047518c9f8b9
0000047540ccf439
0000047568e8edb9
0000047581072c99
0000047586ff96b9
00000475902395b9
000004759506ac99
000004759cb37c39
00000475a932daf9
00000475ad638739
00000475b878b1b9
00000475bd2145f9
00000475e077fdd9
000004760348acb9
00000476036dfb59
0000047622c64799
000004764310edf9
0000047658937239
000004765f927a59
000004766d2b66f9
000004769b1b2899
00000476c8cbb119
00000476f3768179
0000047710500059
00000477389b0079
000004774c34c919
000004774ca63e79
0000047753c9a7d9
000004776d8a31d9
0000047780f861d9
0000047787ca1679
000008ef2a087c61
0000000002d18771
0000000000000181
00000477a9ef1259
00000477af5a6179
00000477d5134b39
0000047829f31179
000004785e990b39
000004787ddc83f9
000004788d18d139
0000047896a58cd9
00000478b81fd2b9
00000478d79f4139
00000478dbf25999
000004790c9ca519
000004791b0904f9
00000479232ed479
000004794bdd67b9
000004794d46bd99
00000479612720b9
0000047968e78059
000004797a8afe99
0000047986dc16f9
000004798d4cd559
00000479a2f8a3b9
00000479a769efd9
00000479a76a00b9
00000479b79de0b9
00000479daaec279
00000479e49dfff9
0000047a363620f9
0000047a429f8a39
0000047a65971859
0000047a663bdeb9
0000047a75b5cd19
0000047a8086b9d9
0000047a8b0c5ab9
0000047a8c5d4b39
0000047aa036cf59
0000047abd48cf79
0000047acc249eb9
0000047ae6d844f9
0000047b00b1c979
0000047b06d42779
0000047b299ae039
0000047b4ad0c059
0000047b4f187379
0000047b6caf9bb9
0000047b78ab3739
0000047b7d296ed9
0000047badb99a19
0000047be60890d9
0000047bf2f51599
0000047bfa20a559
0000047bfb1f0c19
0000047c08909b79
0000047c2a798f39
0000047c2b509ab9
0000047c2d105379
0000047c477eecf9
0000047c4f3f5219
0000047c52d625d9
0000047c57168519
0000047c6134ef59
0000047c78204479
0000047c7d08ff19
0000047c7ef286f9
0000047c827ed6b9
0000047caa9a42d9
0000047cbdbbf139
0000047cc0ab91d9
0000047ce761c859
0000047cf9da5c39
0000047d12935a79
0000047d1d495d39
0000047d39b9bc79
0000047d77f40fd9
0000047dc5c533b9
0000047de97778d9
0000047dfc4a0d99
0000047e05425c39
0000047e0a37a699
0000047e14a71199
0000047e14c41f39
0000047e1f0e4539
0000047e58ee9819
0000047e68854879
0000047e71cedaf9
0000047e8c5e4d79
0000047e9c143f99
0000047eef9a2b99
0000047ef245f599
0000047efe2df819
0000047f0cc47e79
0000047f15721ad9
0000047f18a34659
0000047f1ab43ad9
0000047f1d614df9
0000047f1edc91d9
0000047f4007a0d9
0000047f6185dd99
0000047f7a3785b9
0000047f7d2f4659
0000047f999bde59
0000047fb73f0359
0000047fba703a19
0000047fc12bf359
000004803461c6b9
000004806363bd59
00000480652a5019
000004806fb22399
00000480dafa2899
00000480dc6f45b9
00000901ca733b61
0000000002d18771
0000000000000181
00000480fa2506d9
000004813cb91459
000004814244b159
00000481532a7619
000004815d24e419
00000481649114b9
0000048194daf899
00000481a1356179
00000481c4e2ccf9
00000481e0f7d939
0000048213971af9
0000048251a06a99
0000048259c6c879
000004826690f819
0000048296c15d59
00000482c1d59259
00000482dabb4e99
00000482e9513059
00000482eb92f519
00000482fa754979
00000483263cd719
00000483436fa479
000004835d919639
000004835e4461f9
00000483900aa759
0000048398bbb0d9
00000483b4d807f9
00000483b54bc5f9
00000483bb0a6439
00000483bfb99219
00000483ce941399
00000483f19499b9
0000048402f29539
000004840b901419
0000048415615499
000004841b1f1779
000004842f0ae839
000004845dff26f9
0000048475a4a379
000004847bc94cf9
00000484d5f14399
00000484eada1559
00000484ef993e39
0000048509ec4e59
000004850aa11e39
000004851b68a6f9
0000048526e0d4d9
0000048526e0dd19
000004852bba7959
00000485c95ed199
00000485d7b21779
00000485d9dc3fb9
00000485de62add9
00000485e65baff9
00000485ec95f219
00000485f30bfbb9
00000485f94cf5d9
00000485f94d0459
00000485fbbe8699
00000486172bd919
0000048647ed5139
000004866a3a72d9
000004866b2bb299
0000048680682399
00000486caeb6399
00000486f16f3cf9
00000487012e12b9
000004870d467e99
00000487145ac779
000004873aa9b479
0000048748405bf9
000004874d447919
000004875ec9c7f9
00000487757bb7b9
000004878c87e299
00000487904160b9
00000487971c17f9
00000487a9137639
00000487b6e457b9
00000487b9996f99
00000487d4f3f659
00000487dc4b79f9
00000487f34b1959
000004881b2f68d9
0000048825fb8cb9
00000488507563b9
000004885bfd7079
00000488bb8b2199
00000488c10fde79
00000488c5cfd419
00000488f9c26459
00000488fa6f8619
00000488fa6f9299
0000048922b26259
000004895742dfb9
000004896eb6a619
0000048986beffb9
0000048986bf4b39
000004899d6e5759
00000489a8140839
00000489befb8599
00000489df11f879
00000489e60dcf39
000009146addf961
0000000002d18771
0000000000000181
0000048a5dfe73f9
0000048a5fb75f59
0000048a620f3e59
0000048aa09bd299
0000048aa544d179
0000048abe498379
0000048ac4cd5d99
0000048ace74f659
0000048aecb30819
0000048afae66e19
0000048b064987f9
0000048b0f2c8599
0000048b27ca25f9
0000048b34f1d7b9
0000048b73ba4899
0000048b8de3ab39
0000048ba02b6ff9
0000048bb858e839
0000048bb8b2f0b9
0000048bb9fd32f9
0000048bbabdf159
0000048bdc57bd39
0000048c09892199
0000048c566bb919
0000048c5802fb79
0000048c5da19959
0000048c8bfab859
0000048c91f19719
0000048ca615f5b9
0000048cacdef219
0000048cae5e6719
0000048cc2205e39
0000048ccc33feb9
0000048cfe735b99
0000048d1bb3b299
0000048d28bb5af9
0000048d4f65a9d9
0000048d6ea1d379
0000048d76532659
0000048d8f8fc0b9
0000048d9f321d19
0000048db7a55b19
0000048db92312f9
0000048dc8656f99
0000048dc86578d9
0000048dd96470b9
0000048de93977f9
0000048e1d5d5df9
0000048e39653b39
0000048e77d9ddb9
0000048e80f64439
0000048e9e36d319
0000048f16a71679
0000048f16a72c79
0000048f46922d79
0000048f60ea80f9
0000048f6554e1f9
0000048f73fb1319
0000048f7f9efd39
0000048f8df661f9
0000048f913351b9
0000048f93ba9399
0000048fda0d3f39
0000048fde721739
0000048ff7865fb9
0000049042fc44b9
0000049053c96c39
000004905862fe79
000004905885acf9
00000490cddeb659
00000490dc2f1ed9
00000490dc9c5199
00000490ebb41d79
000004910d6bccb9
000004910e6e6d39
0000049124f7e119
0000049144434479
00000491728396d9
00000491c0bd54d9
00000491c8757859
0000049212432859
00000492148798f9
000004921b3ec179
00000492475fd959
0000049252422679
0000049261dca6b9
000004926b984099
0000049271385939
0000049271385ad9
00000492765a1e39
000004927ce086f9
0000049287ec88b9
000004928cfe4039
00000492bf9319d9
00000492e66acd79
00000492fb9911b9
00000493036bd499
0000049305b974f9
00000493313b1c39
000004933f69e7d9
00000493420e5499
00000493524ebeb9
000004935ca11959
0000049370f8b899
000004937dfbd199
000009270b48b861
0000000002d18771
0000000000000181
00000493bf1b72d9
00000493c18fab39
00000493d715f719
00000493f2aa5d99
0000049403627db9
000004941855acf9
0000049432f7f019
000004945bb73819
000004947042b439
00000494a05bda19
00000494b10cf759
00000494b6df9a59
00000494f3bef7d9
00000494f5a04d79
00000495152b2839
000004951bee79f9
00000495214c94f9
00000495594135b9
000004957d907239
000004958456c479
0000049585140cf9
00000495f02f2659
00000495f2fc6639
0000049610a18e39
000004961dd01679
0000049620bb8039
00000496216a9119
00000496278cde19
0000049639fbf619
000004965cc08cd9
00000496612fde39
0000049665f849d9
000004967bcf2199
00000496875000d9
00000496a3943bd9
00000496ad861eb9
00000496c497e5b9
00000496ce141f79
0000049717de8f79
000004972699add9
0000049730481679
00000497436986f9
00000497446f6919
0000049754b352b9
000004976b74a619
00000497a2e7e179
00000497b1b707d9
00000497c9b32c79
0000049816c60ff9
0000049816ce0079
0000049837602419
0000049848a29c19
000004984e553339
000004985142e399
00000498594c7fb9
000004986356d159
00000498a5c782f9
00000498b1fca7d9
00000498b5458699
00000498b976cd59
00000498c2d18a99
00000498cfa13f99
00000498d5cf9c99
00000498e2c80e39
00000498e9c234d9
00000498f529e599
0000049900f426f9
00000499828f3239
0000049987f41059
00000499aebead59
00000499bba669b9
00000499d526add9
00000499f40065d9
0000049a0867c8f9
0000049a4bb0d339
0000049a50725b79
0000049a6bc73259
0000049a755b1a99
0000049a85960439
0000049aa2f77119
0000049aa4b87959
0000049ae16e5439
0000049aec0ffad9
0000049b0949a419
0000049b1600aeb9
0000049b16ac9519
0000049b3aae1219
0000049b601a2c99
0000049b752f93f9
0000049b87671019
0000049bc6c4b439
0000049be340f0f9
0000049beb672e19
0000049bffd462f9
0000049c70a5b359
0000049c8256f4d9
0000049c9d560559
0000049ccac31099
00000939abb37661
0000000002d18771
0000000000000181
0000049d099ba679
0000049d348bdab9
0000049d4c85df39
0000049d5020ead9
0000049d603c6df9
0000049d831d35f9
0000049dcb42e259
0000049dd2ec4599
0000049df210e479
0000049e1a066df9
0000049e1cf671d9
0000049e2fc8d959
0000049e759ee119
0000049e80f39ed9
0000049edfba22f9
0000049eec2ebf99
0000049f7af5de59
0000049f959747b9
0000049fc9eaaf19
0000049fe15c62f9
000004a0183f24d9
000004a03b6663b9
000004a03fe95bd9
000004a07918eff9
000004a07fba65f9
000004a0921d57f9
000004a0b5ca76f9
000004a0ca711a99
000004a0e0200c79
000004a127c4d899
000004a12e92f019
000004a142b26399
000004a1625f7459
000004a1744b8359
000004a1c0c68339
000004a1c1ff40d9
000004a1d0d9dbf9
000004a1e5ad5a79
000004a2201ae499
000004a2305f0519
000004a252174319
000004a2a0b82d39
000004a2d3d63f39
000004a2e3a1b5f9
000004a2e4e99c59
000004a2e5bd8cb9
000004a307feadd9
000004a334566d19
000004a335fd5179
000004a37acd4259
000004a384775a19
000004a4093f4739
000004a425a5ad99
000004a450bb5199
000004a45e7ff719
000004a4fa0d5c99
000004a51883c479
000004a51b1263d9
000004a521298759
000004a52d04db59
000004a54ee792b9
000004a58ce575b9
000004a58ed53b19
000004a58ef4f9f9
000004a5c63ee8d9
000004a5d9fe2639
000004a61e173099
0000094c4c1e3561
0000000002d18771
0000000000000181
000004a6297f5d19
000004a635f4f999
000004a65e2a8079
000004a694514719
000004a6c8fb17b9
000004a6fa7c98b9
000004a756b14479
000004a76d06ac79
000004a7728c69f9
000004a77f4b9199
000004a7973a95b9
000004a79c9a3e59
000004a79d288ab9
000004a7a100ed99
000004a7a29a21d9
000004a7a3facdb9
000004a7bfb72979
000004a7c1c1e4d9
000004a7e0e8cd39
000004a7f6aaf919
000004a7fc3ef979
000004a822f8a1f9
000004a82ab682b9
000004a86a0e8539
000004a875c9f899
000004a87cf6b5d9
000004a8a8f78279
000004a8c8f567f9
000004a8d0c9cc19
000004a8e0233ab9
000004a8e1e73ff9
000004a8ed647399
000004a9014a1cb9
000004a94001cdd9
000004a977fc2b79
000004a978fc7ab9
000004a9847af419
000004a99c614079
000004a9b571c679
000004a9bec99259
000004a9d8ec2b99
000004aa12f26d79
000004aa165b25f9
000004aa20e91059
000004aa2e26b419
000004aa3a4a90b9
000004aa4347b779
000004aa5b9f3979
000004aa66bc5d39
000004aa68c41f79
000004aa7685ffd9
000004aa91969b59
000004aaaa8fbf59
000004aaab9694f9
000004aaac383959
000004aaba59b859
000004aacc698979
000004aadfb85c99
000004aafd43a0d9
000004aaffbab279
000004ab11551939
000004ab1ecc7a39
000004ab3b2fcf79
000004ab532a5f99
000004ab7c2793f9
000004aba46c11f9
000004ababde9499
000004abbb046899
000004ac04e20799
000004ac09b71799
000004ac13566799
000004ac504a53f9
000004ac7d26de79
000004ac8f03aef9
000004ad0a9169b9
000004ad1f0e9199
000004ad1ff02f59
000004ad38d65f59
000004ad4f4c8d39
000004ad86805ad9
000004ad8ae33699
000004ad99368a99
000004ada4050359
000004adb77c0479
000004adb9a07f59
000004adcb69b459
000004ade2738699
000004ae1248a859
000004ae3888ff79
000004ae642a1fd9
000004ae64865099
000004ae69ce9fd9
000004ae8e588fb9
000004ae8fb0aeb9
000004ae974ba239
000004aea031e499
000004aeb55a6159
000004aee4d1a8b9
000004aeee51d2d9
000004af2933be79
0000095eec88f361
0000000002d18771
0000000000000181
000004af78d18d99
000004af8b4df5d9
000004af93ec67b9
000004afd7cd7659
000004afddd89d79
000004b0051e6cb9
000004b0085994d9
000004b020089959
000004b0274682b9
000004b03a12bbf9
000004b050eef599
000004b051e78159
000004b0822df859
000004b089a7a659
000004b09a722879
000004b09de44eb9
000004b0a92ac419
000004b0ec023679
000004b0f844d3f9
000004b104d8ecf9
000004b10dd9a359
000004b1204caa99
000004b1330e0039
000004b1417be7d9
000004b1699bc619
000004b177112639
000004b17f31f9b9
000004b199006c59
000004b1a63e2999
000004b1ab756679
000004b1cd345b79
000004b1e12a7a99
000004b1f0f0cf99
000004b1f2851c19
000004b20d0d8db9
000004b214b899f9
000004b229464f99
000004b22da4a539
000004b22f629399
000004b24ed62099
000004b2512d2959
000004b282b99e39
000004b2aefe43d9
000004b2ba4aab39
000004b2bc9bb619
000004b2e7c07799
000004b2ee0bf5d9
000004b31e5babd9
000004b32d118a99
000004b330037999
000004b33e047599
000004b36736c4f9
000004b37bde0a59
000004b3a8854a19
000004b3c14ae5d9
000004b3f7386bd9
000004b41402bf79
000004b4257c8099
000004b4316c5a79
000004b4512933f9
000004b45ba59b19
000004b4886a17b9
000004b4c35678f9
000004b508128579
000004b51d94d5f9
000004b5228a1379
000004b5588f3459
000004b564fcf5b9
000004b57ef34199
000004b589921f59
000004b59a388999
000004b5aa895c79
000004b5bdc62999
000004b5be8bdc59
000004b60604acb9
000004b63d804439
000004b63febd359
000004b63febdb79
000004b647faec19
000004b66cb47d99
000004b697bb4199
000004b6a6e22499
000004b6c474bf19
000004b6e9e795b9
000004b71c6da8d9
000004b720512a59
000004b723ef4179
000004b7590495f9
000004b759642af9
000004b768031b59
000004b7782254d9
000004b79ebb7359
000004b7b89249f9
000004b7f22e03b9
000004b7f758afb9
000004b81281a9d9
000004b81ab5dcb9
000004b84453e5f9
000004b85b786f79
000004b874520119
000004b88aabfb59
000004b89c745ef9
000004b89e14ad39
000009718cf3b261
0000000002d18771
0000000000000181
000004b8ca3acc99
000004b8cfb19999
000004b8d2467cf9
000004b8f81e13f9
000004b8f84aa299
000004b8fc9a2a19
000004b90175d619
000004b90567d879
000004b909361cf9
000004b90f39afd9
000004b925c7a259
000004b93181d639
000004b9657b2239
000004b97bb73679
000004b989a9beb9
000004b9f52c1059
000004b9f8490979
000004b9faf65b39
000004ba280973b9
000004ba2d99b4d9
000004ba4c3a0c99
000004ba4c3d19f9
000004ba576255f9
000004ba7e0c6579
000004ba88fddb39
000004baa48d18d9
000004baabac0079
000004baba8b96b9
000004bad70abd59
000004badb986459
000004baefef5db9
000004bb12fe2dd9
000004bb20e41ab9
000004bb2b9901f9
000004bb38a638f9
000004bb61d07099
000004bb93c9edd9
000004bbc422c4f9
000004bbdb75fbf9
000004bbe0997e19
000004bbe766e099
000004bbeaa16959
000004bbeaa17339
000004bc1a06c6d9
000004bc27621059
000004bc47f9e939
000004bc60e5bf59
000004bc834562b9
000004bc83ba6b59
000004bcc62ec099
000004bccdf35cd9
000004bcd22c0359
000004bce6ab1299
000004bd18cf5fd9
000004bd5b692859
000004bd62ee1e79
000004bd666eed39
000004bd8883c1f9
000004bdbca5feb9
000004bdce7c7ff9
000004bde91fb339
000004bdfcbb4c39
000004be057a9439
000004be49165fd9
000004be63aafcb9
000004be9c905259
000004beaf90a8f9
000004bed8e7bbd9
000004bef3613219
000004bf1374fd19
000004bf44233cb9
000004bf78518799
000004bfbf448c39
000004bfbf5b0af9
000004bfc8d005d9
000004c005db2939
000004c00d46e339
000004c042510899
000004c067fe49d9
000004c081f4db59
000004c09aa07959
000004c09f2651d9
000004c0a61fb619
000004c0b36ec899
000004c0d56c0079
000004c0d8474b39
000004c0db19c7f9
000004c100a23a39
000004c11b2fdad9
000004c11bb44659
000004c12f173019
000004c148330099
000004c14b480939
000004c196b2d7b9
000004c1b47f6459
000004c1d8d55499
000004c1f11a9cd9
000009842d5e7161
0000000002d18771
0000000000000181
000004c21d026e59
000004c223c37799
000004c25da320d9
000004c2699cc239
000004c2745f0bf9
000004c2756fcbb9
000004c28ae5b9b9
000004c349b330b9
000004c34b68d519
000004c359f13679
000004c365846dd9
000004c3744f6f79
000004c387825799
000004c39d9215b9
000004c3a58c4139
000004c3a71c9379
000004c3adce4ad9
000004c3b94de939
000004c3d8658379
000004c3e6aece19
000004c3eda3a6d9
000004c3fb540879
000004c4001845d9
000004c40ff1e3f9
000004c41ec4d459
000004c424e8cdd9
000004c425e7b839
000004c428116439
000004c43d2de6f9
000004c44b28d5f9
000004c455f2d499
000004c4a0ca16f9
000004c4a8d8f439
000004c4b09d08d9
000004c4f24efb39
000004c50179c739
000004c506e7ab79
000004c515460379
000004c54980cb39
000004c5667dfa19
000004c5a75d6c59
000004c5d6641719
000004c5de4d2df9
000004c5f54de119
000004c6172fc999
000004c62234c9d9
000004c624df27b9
000004c64367c9f9
000004c65b5d8039
000004c6632ac119
000004c6661d20d9
000004c67088c779
000004c6bd97ee59
000004c6cbaeb639
000004c70b212779
000004c73b06be19
000004c7509f37b9
000004c771162dd9
000004c7df3708f9
000004c83152edf9
000004c833bc6619
000004c85379dd99
000004c881f3b2d9
000004c88d604579
000004c890ab1659
000004c8b4999039
000004c8deef1219
000004c8e0619f79
000004c904d40799
000004c90eef55b9
000004c923feabd9
000004c9292b4a59
000004c936c3e119
000004c986d29039
000004c9bad004b9
000004c9c8468ab9
000004c9cb36c3b9
000004c9d6084ed9
000004c9dd272519
000004c9f613cdf9
000004ca0259c4f9
000004ca17a07b39
000004ca2d89b7f9
000004ca3e0ba919
000004ca4372e259
000004ca48393c39
000004ca5d721c39
000004ca6cf63e19
000004caac918179
000004cac1f8c639
000004caf1366179
000004cb0a4573b9
000004cb35a79b19
000004cb3b694179
000004cb3f9e57d9
000004cb4dcd2299
000004cb4fda0259
00000996cdc92f61
0000000002d18771
0000000000000181
000004cb8567aa99
000004cbad7080b9
000004cbc1e7cc99
000004cbd7aa2039
000004cbda29a7f9
000004cbe9783419
000004cc134e9b79
000004cc198fd999
000004cc68593479
000004ccc1d5aa99
000004ccd63cfe79
000004cceab2fe79
000004ccec9b2f39
000004ccf85ce939
000004ccfa2cc719
000004cd0e465399
000004cd0eea7cd9
000004cd2aaa8b19
000004cd3145d579
000004cd3791b7f9
000004cd49ffcb79
000004cd63cf6599
000004cd70a4e6d9
000004cda5cc3f59
000004cdb102c579
000004cdc7550f99
000004cdcd80a539
000004cde6da9059
000004ce099b88f9
000004ce17984599
000004ce1f7a7279
000004ce21d722d9
000004ce2666e479
000004ce338b5199
000004ce35b47599
000004ce38f47c39
000004ce60e28419
000004ce7ae9dbf9
000004ce7badcb59
000004ce8bf138d9
000004ceef6ff2b9
000004cef7255039
000004cf104bcc99
000004cf59493999
000004cf8f953d79
000004cf91621579
000004cfa644e299
000004cfab96d8b9
000004cfabf2ef19
000004cfabf30079
000004cfabf301f9
000004cfb6705159
000004cfe5057779
000004d01157d7d9
000004d02dab7679
000004d05729eff9
000004d07672ab59
000004d0830b95b9
000004d097b742b9
000004d0a45fda59
000004d0a5948759
000004d0af038619
000004d0af42eed9
000004d0bff6d459
000004d0ce035399
000004d0d4aac899
000004d0f1f81399
000004d10a89c299
000004d118ed0179
000004d11d43b3f9
000004d122dcdcb9
000004d125872a99
000004d12810d739
000004d135655ab9
000004d139b0d719
000004d16796f379
000004d16c418d99
000004d17b250cf9
000004d19eeb55d9
000004d1a9d046b9
000004d1aca29a59
000004d1d2bdb0b9
000004d1e39e64d9
000004d1f48be4b9
000004d20e22e219
000004d21fabd819
000004d25e23e9f9
000004d27ffd3ed9
000004d2828ef319
000004d290083259
000004d29ecd2ef9
000004d2baec4cb9
000004d2ecc8d3b9
000004d325061fd9
000004d325347899
000004d3380a1739
000004d33b8b3c59
000004d35ddf1ad9
000004d392c83499
000004d3b43ff839
000004d3ce418c39
000004d40ba4d0d9
000004d41a36c779
000004d4207052d9
000004d428ede319
000004d4396321d9
000004d4652ec0f9
000004d4953e6459
000004d498d8fb99
000004d4a18d3f79
000009a96e33ee61
0000000002d18771
0000000000000181
000004d4c79276f9
000004d4c9aa2979
000004d4f7947dd9
000004d4fc9b0df9
000004d507c2f859
000004d50d7a23f9
000004d523efbcf9
000004d525d4af99
000004d54b5534f9
000004d575f660b9
000004d581b666f9
000004d59623fcf9
000004d599d40679
000004d5b55b2459
000004d5c0e94ab9
000004d5c1a89739
000004d5f65fb039
000004d5f9443c19
000004d62fefc019
000004d63ad538f9
000004d64a0a5859
000004d6846983f9
000004d689c66cb9
000004d695d49079
000004d6a3aad379
000004d6a3aae5b9
000004d6af2f6d39
000004d6bc057139
000004d6e7016d59
000004d6ebc0e9d9
000004d7121e0259
000004d718c58639
000004d71c707cb9
000004d71e84b7b9
000004d7250e4059
000004d7697fd799
000004d76a5f2d99
000004d77264c999
000004d7761989f9
000004d7a6768619
000004d7e7042bb9
000004d807b54c19
000004d81214ad79
000004d839fa5339
000004d839fa71f9
000004d84d520c19
000004d8514140b9
000004d86e372a59
000004d895ca7c19
000004d89f336799
000004d8a4c0a3b9
000004d8c3cf74d9
000004d8e870ced9
000004d8fdd95f19
000004d917806619
000004d91aa56b59
000004d949787f39
000004d9696f0b59
000004d97f7febd9
000004d9ba862359
000004d9bf57ecf9
000004d9e2ff1139
000004d9fc4542f9
000004da0a45b379
000004da5465c959
000004da632dc5b9
000004da850e08d9
000004dadf2ab2d9
000004dafbfd9d79
000004db26bc7d99
000004db44af5999
000004db5c9229b9
000004db787d4b79
000004db89c874f9
000004db9b921f19
000004dbc05e2619
000004dbca510359
000004dbe41b9e39
000004dbe4ab5259
000004dbeb2faad9
000004dbf3d06559
000004dbf6d0ce19
000004dbf7510299
000004dbf805d379
000004dc04267fb9
000004dc07eb2b59
000004dc2458a159
000004dc36a33ed9
000004dc59315399
000004dca8afe299
000004dccb1811d9
000004dce469b1d9
000004dcf65c2bf9
000004dd17e8ff39
000004dd1b4759f9
000004dd1c8b8999
000004dd259feeb9
000004dd27dcaff9
000004dd344dcbf9
000004dd38e06859
000004dd6c569eb9
000004dd6e07be79
000004dd95877859
000004ddca935899
000004ddd9236bf9
000004ddfcc13499
000009bc0e9eac61
0000000002d18771
0000000000000181
000004de22381a99
000004de2b2a45b9
000004de428a84f9
000004de569bf199
000004de7b910739
000004de865a0ef9
000004de9998bef9
000004dea252b5d9
000004dec343b1b9
000004df034b0579
000004df06fccbb9
000004df285bbdd9
000004df2e8d6f99
000004df37435ed9
000004df3a7d1b79
000004dfbfc9c039
000004dfd4872639
000004dfd8742579
000004e00a76e999
000004e00d2cd559
000004e015db6459
000004e0184a6059
000004e02317d199
000004e04e891179
000004e06e2cbd39
000004e06f3fa8f9
000004e097412379
000004e0a99b77d9
000004e0b3dfd779
000004e0c579bab9
000004e0e3b93f79
000004e11f3bc619
000004e136bf8d59
000004e14d10d4b9
000004e15314b999
000004e1552ed199
000004e15942a679
000004e15f0b53f9
000004e1c1e48c79
000004e1f43fc8b9
000004e1fd875e79
000004e20c4fb999
000004e228b90599
000004e240ea9f39
000004e2a1cbf1b9
000004e317202039
000004e3548cdf79
000004e36ae6a499
000004e3739a54d9
000004e3ac116bd9
000004e3ceca7059
000004e3d2a9b819
000004e3f6ec3c19
000004e4154a4ef9
000004e430c1eed9
000004e460d04d39
000004e4ac192f59
000004e4d7807b99
000004e4f18a8679
000004e4fa6a7179
000004e547278979
000004e561896259
000004e57fa99b79
000004e5908de4b9
000004e5aaf33259
000004e5abd479f9
000004e5c61f3e59
000004e5c915a7f9
000004e5d2db9b79
000004e636bb27d9
000004e68cb73e59
000004e6901874d9
000004e6be41ebf9
000004e6d77236b9
000004e6f32c43d9
000004e6fc9ee059
000004e7100e11f9
000004e71a4fd659
000004e72b1d5d79
000004e73f2bd6d9
000004e74570d679
000009ceaf096a61
0000000002d18771
0000000000000181
000004e75a5da339
000004e7b69722b9
000004e7c9443359
000004e7ca906c59
000004e7d383a079
000004e7e475ac99
000004e7e4f59979
000004e814de9659
000004e831f648f9
000004e8418a0719
000004e843409d99
000004e85277c619
000004e87aa33859
000004e8bd2eec99
000004e8c83416f9
000004e8f27917d9
000004e9347bd619
000004e93efb2df9
000004e94740a879
000004e9c02a5c19
000004e9cb2a7559
000004e9cbc3d4f9
000004e9dae1fd59
000004ea18ec2db9
000004ea28d34679
000004ea37a5c519
000004ea3ca4ffd9
000004ea40318019
000004ea5b6de359
000004ea7b4016f9
000004eaa3d04579
000004eaa8423999
000004eaccb76a39
000004eae50c4959
000004eaf5d854b9
000004eb2ae0c399
000004eb39ab41d9
000004eb4d1373f9
000004eb52f8c159
000004eb617b77b9
000004eb69f0e199
000004eb9eeb0dd9
000004eba0c4e039
000004ebcfcf7d79
000004ec02293839
000004ec027fc919
000004ec09316e39
000004ec194d5fd9
000004ec300f8b19
000004ec75037439
000004ec77cc57d9
000004ecb3f79919
000004ecb7f78a99
000004ecce01d399
000004ecfee17ad9
000004ed263a6ad9
000004ed4a8a4df9
000004ed4c429df9
000004ed5715fc99
000004ed88183dd9
000004ed9ed1db99
000004eda62d2979
000004edb1849579
000004edc79f26b9
000004ede8336d19
000004ee11e37d19
000004ee15ec5859
000004ee4c5bd6f9
000004ee5828a1d9
000004ee8bdd06f9
000004eef51f7179
000004ef07e96bb9
000004ef0814b339
000004ef207f68f9
000004ef674839f9
000004ef70a2f7b9
000004ef73d11d39
000004efa29b22b9
000004efb112ead9
000004efb5463d19
000004efc1f09c79
000004efe4370299
000004efe9e72bf9
000004f01044aef9
000004f0193ffd99
000004f047320059
000004f04f152f19
000004f05aa6f0d9
000004f07b80be19
000004f09a889c79
000004f0a2a979f9
000009e14f742961
0000000002d18771
0000000000000181
000004f0bf4ebeb9
000004f0c6056619
000004f0cc71c459
000004f0d1e079f9
000004f1073e3df9
000004f13d084659
000004f15576bb59
000004f19cb44cf9
000004f1a08e3d79
000004f1a1337f19
000004f1ad8763d9
000004f1b40f7239
000004f1f218a3d9
000004f1fa68b7b9
000004f2398f6899
000004f2aeffa2f9
000004f2b25303b9
000004f2bf485ed9
000004f2f30be1b9
000004f2f7db8bd9
000004f334c387f9
000004f351da09d9
000004f360a147d9
000004f371782479
000004f38544e5f9
000004f391061f59
000004f3967d65f9
000004f3d985ad79
000004f3dd158a19
000004f3f1c4df59
000004f42f5bdb39
000004f436b7be99
000004f4443b44d9
000004f45f639799
000004f48618ad59
000004f497afddb9
000004f4ea8d3119
000004f4f6641239
000004f4fe8b2379
000004f52dbfb419
000004f53c6dd539
000004f545acadf9
000004f58cdc20d9
000004f591868399
000004f5c439f799
000004f5d3fb0af9
000004f5dcc82699
000004f5e087adb9
000004f5e7f9e719
000004f5e8e34d79
000004f5ebc2e619
000004f6205e6d59
000004f646c2ba99
000004f647757eb9
000004f648c54919
000004f687b40159
000004f6a702c959
000004f6b05947d9
000004f6dbe62fd9
000004f6e145f439
000004f70f1da679
000004f71ff75039
000004f74a6134b9
000004f74e393f59
000004f77bdea459
000004f849d35919
000004f853302439
000004f85d38c379
000004f89da8b359
000004f8b24f5eb9
000004f8c94002d9
000004f8d5064ed9
000004f8e1bf4b99
000004f8ffa27519
000004f926bcb379
000004f927e294d9
000004f932b239b9
000004f93967f3d9
000004f97ebb8999
000004f9a1876879
000004f9aad85259
000004f9ca5f2dd9
000004f9dbed1d59
000004f9ddd22e19
000004f9ece8f619
000009f3efdee761
0000000002d18771
0000000000000181
000004f9f9f3c939
000004f9fea67099
000004fa061d7ef9
000004fa30efbe79
000004fa37c41179
000004fa5aaef759
000004fa71f3b299
000004fa7770f0d9
000004faaa1c53d9
000004facda32499
000004faefa8cef9
000004fbb3b742f9
000004fbbe257499
000004fbbfcafa79
000004fbd1b2d7f9
000004fbe5f755f9
000004fbeebbd679
000004fbf8f4a939
000004fc081870f9
000004fc105b2999
000004fc10e49719
000004fc31f56fb9
000004fc4f741f99
000004fc639ea439
000004fc8ffb4c39
000004fcaca59679
000004fcc1c990b9
000004fce665e579
000004fcf339daf9
000004fd00c51cf9
000004fd035cb239
000004fd11199f99
000004fd14fa9659
000004fd2d8df139
000004fd5a81d9b9
000004fd5af25579
000004fd6e652499
000004fd9f478519
000004fdb3e94c79
000004fdb6002919
000004fdc32df1f9
000004fde73cd199
000004fdf49c7799
000004fdfc8d70b9
000004fe05c0a739
000004fe1c6e82f9
000004fe26b9a739
000004fe34742779
000004fe52574259
000004fe67a0ffb9
000004fe7c97d839
000004fe86dbf0f9
000004fe90a2fad9
000004fea7eab199
000004fecc1a5639
000004fed401ebb9
000004fede7af779
000004fef1349339
000004fef7926f39
000004fef8915f99
000004fefd0bab39
000004fefd1076b9
000004ff65a15d79
000004ff6a7e4719
000004ff78815a99
000004ff957eb859
000004ffb0aad7f9
000004ffdd0d39b9
000004ffee1dc9f9
00000500086772f9
000005000d25b2b9
00000500351e8fb9
00000500663b5ed9
000005006f5e6919
00000500726d2059
0000050072a2d1b9
00000500813e8b39
00000500ae374319
00000500b28e4539
00000500bcf79539
00000500ca231cb9
00000500d7333b39
00000500eb842c19
00000500fb0b8ad9
0000050106cd4859
000005017fde3b39
00000501925a1279
0000050194d17ab9
000005019b6b5319
00000501a7743979
00000501bfaba399
00000501c06028f9
00000501f3cfb779
00000502065fed99
00000502204a2b59
0000050249212db9
000005024eca30b9
00000502533725f9
000005026f2db8b9
000005027587f699
0000050280538cf9
0000050296b1e019
00000502a2f0ce79
00000502a3e119d9
00000502ae056bd9
00000502cc590219
00000502db10e539
00000502eec2eb99
00000a069049a661
0000000002d18771
0000000000000181
0000050350b4c3f9
00000503752c7cb9
0000050391c10a19
000005039b4fd039
00000503ac711379
00000503e114a5b9
00000503f8492219
0000050409edc059
0000050410342099
0000050436f31ef9
000005043aac3f79
000005044a9bdf39
000005045cdedef9
000005048672ec59
00000504890b3279
00000504a4167a59
00000504b5a5ac79
00000504e14556f9
00000504e94ebbb9
00000504f08bba39
00000504f3886459
00000504f70679d9
000005053bf9f019
000005056dbf5a39
000005056dbf7379
000005057a8c1059
0000050592af5779
00000505bbabdfd9
00000505c35571b9
00000505d76dfcd9
00000505f57bdc39
0000050624cd4439
0000050638558939
000005063cf91d39
000005063fd62d19
00000506555ed2f9
00000506d8cd8bf9
000005070f5fd159
000005071d02da19
0000050724b32f39
00000507320f9ab9
000005074d1ea199
0000050790a52739
000005079946b939
000005079a2955f9
00000507b571a6f9
00000507cfc2aff9
00000507e7cfd7d9
000005083ee6aa79
000005086fd014b9
00000508c7c1dcd9
00000508c7f09fd9
00000508cd9ff699
0000050902c0cd59
000005092c3c3359
000005093c13e5f9
000005094820c4f9
0000050977dc96d9
0000050983a8ab59
00000509990886d9
00000509b8fa8399
00000509e8f53119
00000509f1220439
00000509fc5174f9
0000050a0c6d9699
0000050a3cc24339
0000050abbd15459
0000050adfeb6f59
0000050aea9ad719
0000050aecf3e6f9
0000050b23acdcb9
0000050b3fc6aa59
0000050b4ddc6ed9
0000050b5f4514f9
0000050b6bcd67d9
0000050b79b85999
0000050bbd4642d9
0000050c07509299
0000050c0b963719
0000050c0c7c7dd9
0000050c16be7999
0000050c26c7fcf9
0000050c27bcd159
0000050c32b41e39
0000050c36cd3119
0000050c4eb4afd9
00000a1930b46461
0000000002d18771
0000000000000181
0000050c9d864939
0000050cb76c0859
0000050cca6834b9
0000050ce60528f9
0000050cec53b719
0000050d223a7c39
0000050d9b74c879
0000050dbaa00cf9
0000050dc6b90539
0000050dcac2b779
0000050dd283db39
0000050dd59e91f9
0000050df0c10299
0000050df5cc9cb9
0000050df9c07d99
0000050e036ac499
0000050e0975feb9
0000050e09f43d59
0000050e26ad9d79
0000050e301fa619
0000050e4f20c399
0000050e542ca019
0000050e791af839
0000050e9360f759
0000050eba0d9259
0000050ed0e67a59
0000050edce3bdb9
0000050eff42d119
0000050f451a08f9
0000050f719a24b9
0000050f7db8c499
0000050fb66d3f79
0000050fbe485c19
00000510042939f9
000005101802ff19
000005103c5e1799
0000051095b38a99
00000510abc5be19
00000510b77b1cf9
00000510c13ea2f9
00000510d23c9979
00000510d91f95d9
00000510e0b7c539
00000510fe083d59
000005110b811e19
000005111d7c1999
000005113345ae79
000005113c5fe8b9
000005118399fc79
0000051196fcff39
000005119784ff59
00000511993722f9
00000511a7deac99
00000511ae99a579
00000511c4688679
00000511ce955c59
00000511d31c6039
0000051204182f39
0000051240ff22d9
00000512475564d9
0000051281a78f19
00000512a2e945f9
00000512a7731bd9
00000512ad888379
00000512c88631d9
00000512ceee9f99
00000512ec5985f9
00000513338c88d9
000005134c669699
0000051353200039
00000513abdada39
00000513cee21319
00000513f4b8f4d9
00000513f80b3919
0000051405119a59
000005142a6024d9
00000514373dcff9
0000051446c4a3f9
000005145b652cf9
000005146dee5859
0000051488221399
00000514dc456159
0000051507770d19
000005153784d959
000005153fa891b9
0000051577c3c5b9
00000515848ddbf9
00000515a0f27419
00000515c1e29359
00000515e251b219
00000a2bd11f2361
0000000002d18771
0000000000000181
00000515ff9de939
00000516084789f9
000005160ab60219
0000051621f0e279
000005162455b719
0000051624701199
00000516251279b9
000005164c082dd9
000005164fa5d999
0000051658695599
00000516964e5159
00000516c4b93b79
00000516c62fe239
00000516dd1a9659
000005171da8f879
000005173033a419
00000517343e7a39
00000517468fa899
0000051758ac71b9
0000051766639479
000005178866c0b9
000005179b127019
00000517ab979719
00000517c9200ed9
00000517d907f1b9
00000517de926cf9
00000517eedd54d9
00000517ef73cdb9
0000051803b90d39
000005188a5e2dd9
000005188f15d2f9
00000518b072f0b9
00000518bfe148f9
00000518c6934259
00000518e141f059
000005191de0d7f9
000005192899e299
0000051935865839
000005193a15b199
000005193c65f6b9
0000051958d489f9
0000051962f2a419
0000051973bf4ad9
000005197dd25d59
000005199b416999
000005199cbc54d9
00000519a404e939
00000519a9714ef9
00000519b71febb9
00000519c498eb59
00000519ccf1ad39
00000519cd783e99
00000519dec25039
0000051a3662ee19
0000051a4575da39
0000051a712a8999
0000051a72edfd79
0000051a73a500f9
0000051ab1535c99
0000051ac483a7b9
0000051ac8c20659
0000051ae30e4f59
0000051afdb171d9
0000051b488ff779
0000051b708ae359
0000051b793220d9
0000051b85d6c4d9
0000051b87070e19
0000051ba17d3219
0000051bab57f739
0000051bc24443b9
0000051bcdf62d39
0000051bde488ed9
0000051c12b77ed9
0000051c4cb54939
0000051c506da1b9
0000051c54f1f199
0000051c59327b39
0000051c667ef3f9
0000051c9ac31a59
0000051c9b000eb9
0000051c9b002459
0000051ce01de179
0000051ce01df539
0000051d0dc5b819
0000051d54ddcdf9
0000051d75887879
0000051d78dba959
0000051d81e1ba59
0000051d8388e059
0000051d9bf66579
0000051d9e1d7b39
0000051d9f594cb9
0000051da060cc99
0000051de3266979
0000051e05f926b9
0000051e2a0746b9
0000051e2c21fe59
0000051e3fb96879
0000051eadc3f3f9
0000051eb7a77899
0000051ec57cb1f9
0000051ecf7bbdb9
0000051eddb699f9
0000051ef4cd3819
0000051f2013d979
00000a3e7189e161
0000000002d18771
0000000000000181
0000051f4c4bf8d9
0000051f4f348cb9
0000051f534720b9
0000051f602f2599
0000051f69b1ee19
0000051f6abde7b9
0000051f6d89a799
0000051f97427a19
0000051fb9719c19
0000051fdb4b67d9
0000051ff32021f9
00000520170fc719
0000052039f0da19
000005203a54a679
000005204816c359
00000520854a7ef9
00000520a1eb3939
00000520c928dd39
00000520ca41e1b9
00000520ffd4f3f9
00000521096b75d9
0000052130d8ae59
000005213b3947d9
000005216b196f19
0000052184822dd9
0000052199f7d819
00000521bbbe98f9
00000522000c7839
00000522164bc1f9
0000052238ee7b79
0000052269e567b9
00000522833f0e19
000005229ac17a39
0000052331e04399
000005234ab4e4f9
0000052382b912d9
000005238e4cdc79
00000523bd609c19
00000523dd020339
000005241a1d9139
0000052430025a99
0000052447998539
0000052477db9099
0000052477f3bd19
000005248494e5b9
00000524a7d0d799
00000524b0e23499
00000524b3b83e79
00000524bfa27339
00000524c54001f9
00000524e4ceb719
00000524f1eff5d9
00000524f4309d79
000005252980bcb9
000005252d37b039
000005254a6aee59
000005255c0565f9
000005257bc5ab19
0000052591c2ed99
00000525a2bdff39
00000525ce6ec5d9
00000525cf84fc39
00000525d37343f9
00000525ea04cf59
00000525ea36e4d9
00000525f2944059
00000525f377ffb9
00000526013973b9
000005260d67caf9
0000052614e04c99
0000052644469199
000005268a2ca439
00000526abf52379
00000526b06efa39
00000526b21016d9
00000526d121fd39
00000526f2d72839
0000052716c84779
000005272a18a379
0000052749d102d9
00000527721df559
0000052793a03dd9
00000527b6282bb9
00000527d231fb59
00000527e77c7b99
0000052825c09bf9
000005282e84c5d9
0000052838de8419
000005283fd26f19
0000052860c1e939
00000528749ea9b9
0000052874c0fdf9
00000a5111f49f61
0000000002d18771
0000000000000181
00000528b674ed79
00000528ba12d9f9
00000528d8a163f9
00000528fd52b0b9
00000528ffb57459
000005291fbbae59
000005293cf17a59
000005295f7ff039
000005296a163db9
00000529884fd639
0000052988640299
000005298c099619
000005299421e659
00000529b9a60eb9
00000529c9691099
00000529cb808499
0000052a0fe8b899
0000052a5bfaf599
0000052a61d86759
0000052a79724c19
0000052a974b72b9
0000052aa9c05519
0000052aa9df4df9
0000052aedba8f99
0000052af3a7e0f9
0000052afb5646d9
0000052b34b89759
0000052b4cdfa7d9
0000052b61081859
0000052b6bd6deb9
0000052b6e950b59
0000052b7a1de319
0000052bb8742259
0000052bc1086539
0000052bc40f6079
0000052bcf215159
0000052bd01027d9
0000052be32ba639
0000052bec5297f9
0000052bfba1a039
0000052c0b5a26d9
0000052c0c23d1f9
0000052c206f8bd9
0000052c31c55b19
0000052c71805c39
0000052c74645ab9
0000052c8fb222b9
0000052cb0d7ff99
0000052cefa077f9
0000052d0e777d99
0000052d0f1c7c39
0000052d1ad3ccd9
0000052d4d3d0199
0000052d7fd91a59
0000052d883b37f9
0000052d9c25df39
0000052df66dc159
0000052e17573199
0000052e32a06359
0000052e40e49a19
0000052e657a67f9
0000052e695ad639
0000052e6ef3b7f9
0000052e8c387e59
0000052e8ec604b9
0000052ea3050699
0000052eb1a38ef9
0000052ed742cb79
0000052ee1f741b9
0000052eedec4ab9
0000052ef2d3fed9
0000052ef750b6f9
0000052efbb5f319
0000052efbdcc879
0000052f1cda8c59
0000052f3c1c59b9
0000052f549a1719
0000052f6fa671d9
0000052fbe050b59
0000052fe3c77d99
000005300d8bf119
0000053016eecd99
0000053027fe8b99
0000053038379fb9
000005303b971db9
000005303f97ee19
00000530571c56f9
00000530663be759
0000053068057079
000005308307d8b9
000005309b4f8819
00000530a29a83d9
00000530b168c6b9
00000530b2f938b9
00000530b424bcb9
00000530b7995e79
00000530c0a49399
00000530dcf5d579
00000530dda4f9f9
00000531135f38b9
000005316afcdd79
0000053174243959
0000053190d74b99
00000531a306f2f9
00000a63b25f5e61
0000000002d18771
0000000000000181
00000531f09f0ab9
000005324350dad9
0000053248e92659
0000053251060f39
000005327294ba19
000005327c297419
00000532805ce899
0000053288c83c79
00000532bb62f9d9
00000532ef50df39
00000532f3b3edb9
00000532fa330739
00000532fc6073b9
000005331f73a1f9
000005335b864b99
000005337b7146d9
0000053399f3f459
000005339a042179
00000533c83f99d9
00000533cb09d2d9
00000533e4264859
00000533e9e2deb9
00000533f6c63619
0000053415efd3b9
0000053420273c79
000005342cd360b9
000005342f1e9379
000005343a0dd079
0000053447800159
000005344f5a6a59
000005345891d639
00000534671fdc99
00000534b65ee8d9
00000534e40818f9
00000534eb3467d9
00000534f550fa99
0000053506220b59
0000053514ee0ad9
0000053514f120b9
000005353ba6bdd9
00000535430e2b19
0000053547888d19
00000535590e7f59
00000535ac22da59
00000535c7c41599
00000536030e0539
00000536223e2b99
00000536597df839
0000053679adddd9
00000536851e2bd9
00000536910041f9
00000536bcecb8f9
00000536cea6fe19
00000536e1418f59
00000536e9c63d99
00000536e9daa9b9
00000537490d06f9
0000053750eaa6d9
00000537524a1e39
000005376fc25099
0000053775f71d59
000005377d6c82d9
000005378882ffb9
0000053794000a59
00000537974585d9
00000537f0f94c39
000005380a0b24b9
000005380cd914d9
000005381be9d199
0000053843ef35b9
000005386a75df99
000005386cc66999
000005386faba359
00000538817a6979
00000538d8589419
0000053905409cd9
000005390cf99bb9
000005391a9cc2b9
0000053986c034d9
00000539a462af39
00000539a6b81e59
00000539ba1ffbf9
00000539cafb02b9
00000539cc2e25d9
00000539d50ecb39
00000539dc8e4e19
00000539de3f45b9
00000539fcba8919
00000539ff1c6839
0000053a078710d9
0000053a15f84779
0000053a201b6e99
0000053a25ff3499
0000053a820fcb19
0000053a952f07d9
0000053a96561f79
0000053a9c3ce4f9
0000053aa134faf9
0000053aacd13839
0000053ac71c0059
0000053ad05681d9
0000053adb9ef859
0000053aeaba89d9
0000053b1ebb9d19
00000a7652ca1c61
0000000002d18771
0000000000000181
0000053b2c031459
0000053b400e9339
0000053b45a5de99
0000053b4ed05bb9
0000053b85c4ebf9
0000053b8a8b08b9
0000053ba3f0d9d9
0000053bb211cb39
0000053bbdbd8e79
0000053bc3b6e6b9
0000053be9c3b319
0000053c0c336c19
0000053c1e3f0699
0000053c23c0bb79
0000053c3bdae359
0000053c4527a779
0000053c5a528819
0000053c73b42bb9
0000053c751d1af9
0000053c7c3e0819
0000053c847c9fd9
0000053c87616439
0000053cc072a4b9
0000053cc1708479
0000053ce824b719
0000053cebf67b19
0000053d155113f9
0000053d1f3b9a19
0000053d780a4eb9
0000053d813debd9
0000053d822838b9
0000053d8813d879
0000053d9c724519
0000053dbb4b00f9
0000053dc21efd59
0000053dc6363ad9
0000053dd11ddf99
0000053dd48a9cd9
0000053dffa55cd9
0000053e1b5ae219
0000053e1d2d65b9
0000053e28b956d9
0000053e3875ac99
0000053e5226e719
0000053e5eeea6d9
0000053e5fb81679
0000053e7f82de19
0000053e868c0839
0000053e869d0b39
0000053e92367059
0000053eab3adcb9
0000053ec17cde39
0000053ecda0b3d9
0000053ed8980799
0000053f04a8f499
0000053f3b491a39
0000053f477e51b9
0000053f6f9b8219
0000053f9f73fb99
0000053fc95bfd99
0000053fcdec9199
0000053fd8d33499
0000053ff1ec94b9
0000053ff68ceab9
0000054015171619
0000054021ebf459
0000054040228a79
0000054041f8c479
0000054049c5e439
000005404fe2cdf9
0000054052d637f9
000005405920ecb9
0000054066fd4f99
000005407cc75679
000005407f22b1f9
00000540bb70d019
00000540c909dbb9
0000054106969579
000005410c9a18f9
0000054110bcaab9
000005411c4cd0d9
000005413591d7b9
00000541a209ae79
00000541bb74e059
00000541c6f452d9
00000541c79c1179
00000541cd475db9
00000541da314b39
00000542161a2039
0000054223458b99
00000542277489d9
000005423ec3e659
00000542666f4739
00000542b6b260d9
00000542c4dcb599
00000543003ecb79
0000054312b58439
000005435d099a39
000005437459e239
000005439cf4b839
00000543c52a7c39
00000543d43a3339
00000543df33adb9
000005442730be39
00000544399ee479
00000a88f334db61
0000000002d18771
0000000000000181
0000054495fecc19
00000544986385b9
00000544d05fdfd9
00000544d2d05699
00000544e96ed239
00000544eba337f9
0000054525a8ef19
000005452e504259
00000545436d1ff9
00000545436d2859
0000054550bbec99
0000054583d6a299
00000545a89a8fd9
00000545ace6de79
00000545ba4987f9
00000545c87074b9
00000545e97e2179
00000545f658f719
00000545f6cdf099
000005460e2201d9
0000054625051d99
00000546370e30d9
000005463e43a4d9
00000546582d3299
000005465f6d8559
0000054662f55579
00000546790870f9
00000546943240d9
00000546945cb939
00000546f87b13b9
00000546f9edb139
00000547382352f9
0000054752c51899
00000547557c6559
000005475c2cf699
000005475c8ea139
000005477136e0b9
0000054785998239
00000547aae17d79
00000547b07e42b9
00000547b8fffe59
00000547fe4b90d9
00000548055b2f79
000005481e2850d9
000005485606a619
00000548edd6b679
00000548f592b019
00000549191d9e19
0000054922d36259
00000549297b0879
0000054967e4d1b9
00000549905598f9
0000054991672a19
00000549b6961119
00000549d678b739
0000054a0b01e339
0000054a0e2a0459
0000054a7761f2d9
0000054a7bd4cf39
0000054a945e48b9
0000054a9c6f3799
0000054aa6ead159
0000054ae628bb59
0000054b01515919
0000054b19f3a659
0000054b1ac9afd9
0000054b1c8fcd39
0000054b1e08f859
0000054b840c6f59
0000054b9e2475f9
0000054b9ff45af9
0000054bc23f1f39
0000054be4b88539
0000054bf17986f9
0000054c00761cd9
0000054c0e3f93d9
0000054c1e918299
0000054c40d613d9
0000054c5a262d39
0000054c6cb7d079
0000054c739d1179
0000054c7d2adf79
0000054c900f1e39
0000054caa140a79
0000054cce9ce719
0000054d365f1f99
0000054d39b49a59
0000054d69b688d9
0000054d74ee6619
0000054d750099b9
0000054d9b21d159
0000054da0f5ae39
0000054dbe8d6bf9
00000a9b939f9961
0000000002d18771
0000000000000181
0000054dead31199
0000054df4b352f9
0000054dff79a3b9
0000054e2547bdd9
0000054e33a789b9
0000054e6054cd79
0000054e768317b9
0000054eaa1f4319
0000054eaf39dcf9
0000054eaf919039
0000054edb6aedd9
0000054ef217dbb9
0000054f0e916699
0000054f3f114bd9
0000054f41f154d9
0000054f542e90d9
0000054f7f212d79
0000054f7f32b8f9
0000054f95b3fd19
0000054fb5934d39
0000054fd31c4259
0000054fd4337699
0000054fd4e7f619
0000054fd93c67b9
0000054fe1f85719
0000054feb1f15d9
0000054feb1f2639
0000054ff3df19d9
000005504647f1d9
00000550575dff19
000005506948fd19
00000550a830c879
00000550ebd05c99
000005513365b4d9
00000551348e87f9
0000055147842a19
000005519cff67b9
00000551b81e85f9
00000551c238b7b9
0000055202998459
000005521122bd79
000005522f157519
000005525271f4f9
00000552623d3b99
000005526d1cc4d9
000005527da26ab9
000005528ba935f9
000005529def4239
00000552a3ce4439
000005530cb2a7b9
000005530eb23459
0000055312297a39
00000553380e9279
000005537c0f43f9
00000553abf7e439
00000553ae4d79b9
00000553c921b4b9
00000553d760c3d9
00000553e1a1ba59
00000553e84dd9b9
0000055426ea8c79
000005543d49f799
00000554826df379
00000554891c3219
00000554a11c92f9
00000554afc82759
00000554dbc8fff9
00000554e0a29d39
00000555074acd99
000005550de87f79
0000055516b0d3b9
0000055531327d19
000005557b23b219
000005559badee39
000005559f58f959
00000555b0862199
00000555b0bb00f9
00000555f77ab779
0000055605634819
000005561f5a60b9
000005563c19afd9
0000055673334f79
000005568cb3ccd9
000005569bac61f9
00000556a4838cf9
00000556a7329d19
00000556bd93a4f9
00000556c583b599
00000556c8c90d79
00000556cf70da39
00000556d12ab1f9
00000556ddb5be39
00000556feb7e319
00000aae340a5861
0000000002d18771
0000000000000181
00000557484d2ab9
000005575e608479
00000557e3787e19
00000557e3f946d9
000005581996aa59
000005582a687679
00000558634ef339
000005587fd90e99
0000055893d66019
00000558b2b01599
00000558b8e22239
000005590497cc79
0000055911a861b9
000005593d4b9a39
000005593f95e0b9
00000559615c70d9
000005598888b479
00000559d31784d9
00000559edf51ef9
0000055a251ae7b9
0000055a26500339
0000055a2f469f39
0000055a3d81ac59
0000055a4147b979
0000055a52aa42f9
0000055a931f4899
0000055a9b55dbd9
0000055aa49fde39
0000055ab0c36019
0000055ab2f6e039
0000055ab88a7079
0000055afb11a019
0000055b13186759
0000055b5802bc59
0000055b5fd33f59
0000055b711c2619
0000055b956589b9
0000055c0436a6d9
0000055c0dcbedd9
0000055c19ed9a59
0000055c2138f959
0000055c2d9b6c99
0000055c34aebab9
0000055c4590edd9
0000055c878f98f9
0000055cd87036d9
0000055cee4ac439
0000055d0f2b3fb9
0000055d282b0c59
0000055d2d083499
0000055d543a8c99
0000055d871a85d9
0000055d9d1c71f9
0000055dbf2af3d9
0000055dcc7746d9
0000055dce8edff9
0000055ddc716ed9
0000055de6dd1a79
0000055ded1402d9
0000055e1a667bb9
0000055e246c8539
0000055e43430a19
0000055e75809459
0000055eb29103d9
0000055eba9faab9
0000055ebb302019
0000055ec0342e39
0000055ed6d98259
0000055ee29b0319
0000055f16027b99
0000055f16e7c279
0000055f2cca7bb9
0000055f3775c079
0000055f39294c99
0000055f4e3d6e59
0000055f5176a579
0000055f63ba28f9
0000055f86cd7799
0000055f9669f439
0000055fb0de0139
0000055fcea23c19
0000055fe86f7099
0000055febb8cf39
0000055ffbe24059
00000560002a5619
0000056022d7af79
000005602965b4b9
00000560361e3839
00000ac0d4751661
0000000002d18771
0000000000000181
000005607af551b9
0000056096ed6ef9
00000560a372f879
00000560c6f79299
00000560fe508ab9
000005610a7faf39
000005610f5c4b19
00000561108eb1d9
00000561207c50b9
000005615ba4eb59
000005618ee2e879
00000561a11914d9
00000561ca64e919
00000561cd6b5979
00000561d0811119
00000561d83a6219
00000561e55779b9
00000561ef01f739
00000561efbc39d9
00000561f8138a99
0000056203b018d9
0000056228a69879
000005625be80f39
000005628f725939
00000562b3f43c99
00000562b9952ff9
00000562c3f3edb9
00000562e0744999
00000562e7efecd9
000005630296afd9
0000056304fa0f79
0000056330299bf9
000005633c34ae79
000005636899d6d9
0000056375324d19
00000563928a82d9
00000563960f1bf9
00000563b1ee7cd9
00000563c3bb1ad9
00000563d019ff59
00000563db4ddef9
0000056402a809d9
00000564120bc4f9
0000056420530d39
000005642a6052d9
0000056430b1b979
0000056441211a79
00000564505bbf79
000005649094f399
00000564ac33e319
0000056512863ad9
0000056520df0599
000005655a324259
000005657b664f19
0000056598727399
00000565ae4e1ad9
00000565c72f99f9
00000565d082c3b9
00000565ea0ae3d9
00000565f27b02d9
0000056624c5e4b9
000005662e004a39
0000056658b66619
00000566bb462079
00000566bd2d1739
00000566c1c70679
00000566ca14d2b9
00000566edca36d9
0000056754b8a059
0000056757397719
000005675b504c59
00000567610ee419
000005677ac82a39
00000568424546f9
000005685b8a2c99
000005686968e639
000005686968eb39
00000568aef64a99
00000568b20084b9
00000568b4995df9
00000568b6a0ff39
00000568b7bc2c39
000005691b3e88f9
000005691b7a3e59
000005691cf87b79
000005691d9360b9
000005692c234f79
000005692fadd559
0000056933397519
0000056942eea939
00000569659e1eb9
00000569759505b9
000005699a3fb699
00000569a5140119
00000ad374dfd561
0000000002d18771
0000000000000181
00000569ceb4d859
00000569e033ab19
0000056a0cf83099
0000056a1805b119
0000056a52328379
0000056a60a36f19
0000056a7eb883f9
0000056a882bbc99
0000056aabbc47b9
0000056aabbc5759
0000056ac57fc219
0000056ad02ebd19
0000056af2f6af99
0000056af7095ff9
0000056b02039739
0000056b12a48f99
0000056b28b99299
0000056b2a7f1559
0000056b34cc79f9
0000056b75582479
0000056badbe3c39
0000056bee514ff9
0000056bf8e49799
0000056c4421d079
0000056c5ea822f9
0000056cab8adf79
0000056cb6b3f619
0000056cb79e2499
0000056cba905599
0000056cd70b6699
0000056cd7c1cb79
0000056ce8dd2f59
0000056d0836dcd9
0000056d0ee41f99
0000056d19d331b9
0000056d74cea439
0000056db1d90cd9
0000056dbc7ea039
0000056dc509cb19
0000056dc99399b9
0000056dd46122b9
0000056de5d92279
0000056df213dcb9
0000056e1705b799
0000056e3016db39
0000056e3dc8b0f9
0000056e61cad8b9
0000056e657c6bb9
0000056e661acfd9
0000056e6b677fb9
0000056e6f98b099
0000056e8eb08039
0000056ea9c539f9
0000056eb4d35759
0000056ebb2d90b9
0000056edd093879
0000056ef1458c59
0000056efaa761b9
0000056f138facd9
0000056f18860439
0000056f361a2599
0000056f36efeff9
0000056f39e723d9
0000056f43a43eb9
0000056f466316b9
0000056f6b44d999
0000056f756e91b9
0000056f83ded699
0000056fc6f674f9
0000056ffb3b5979
00000570005babd9
000005704945f9b9
000005705b36b0b9
0000057069cf04f9
000005708f8b5299
000005709e2f63d9
00000570b46040f9
00000570b70dbbd9
00000570c2b23ef9
000005711d18f739
0000057121d91e99
0000057147bfdc39
00000571539783f9
0000057174e44259
000005717a528359
0000057182f9a0b9
00000571871b7b99
00000571877239b9
000005718aeb5959
00000571b4525319
00000571c66bfad9
00000571ca70c339
0000057231b8f419
000005724247cc79
0000057245a3b719
0000057245c1b179
0000057263e8dbf9
0000057266778359
000005727cfecc99
00000572e0ca25b9
00000572e1842419
00000ae6154a9361
0000000002d18771
0000000000000181
000005731347f659
0000057315682d99
0000057318890419
000005733501a839
0000057348c9f299
000005734b7b2079
00000573658c7419
000005737f2753d9
000005739d161859
000005739f62b319
00000573a944e699
00000573d4c259b9
00000573ebc0b6d9
000005740b220559
0000057430cfc279
00000574373d85f9
000005744e4072d9
000005744e408279
000005744e408a39
0000057455aa6659
0000057481610f79
000005748ac25859
00000574a16d8679
00000574acd12879
00000574b3a57ef9
00000574bbcb20b9
00000574db97bf59
00000574dbf06719
000005750b5d16d9
000005750c3fbdd9
000005752c295579
000005755f4e8ef9
000005756c948559
0000057571526259
000005757b6b7739
0000057583ecb6d9
000005758e502539
00000575b5a40939
00000575c8a19dd9
00000575cf862cb9
00000575d20e8879
00000575d5594459
00000575f52b0059
00000575f6d51fb9
00000aec62b98d61
0000000002d18771
0000000000000181
