[MCS8 A] 97 FW 3.104 SV 1.257 
range=1024
periods=2
sweepmode=27e20d0
fstchan=0
holdafter=0
streamstatus=3
calreg0=0
calreg1=0
calreg2=0
calreg3=0
swpreset=8000        
prena=1
syncout=0
cycles=18
sequences=1
tagbits=16
vdac0=92c
vdac1=807
vdac2=8c8
vdac3=8c8
vdac4=8c8
vdac5=8c8
vdac6=8c8
vdac7=8c8
timepreset=150.000     
digio=0
digval=0
autoinc=0 
savedata=2 
mpafmt=asc
sephead=0 
fmt=asc
smoothpts=5 
[CHN1]
REPORT-FILE from 06/24/2026 13:46:21.072  written 06/24/2026 13:46:21
cmline0=06/24/2026 13:46:21.072 
cmline1=A1
range=1024
active=1
bitshift=4
cftfak=2580100
evpreset=10          
roimin=0
roimax=1000
caloff=0.800000
calfact=12.800000
calfact2=0
calfact3=0
calunit=nsec
caluse=1 
[CHN2]
REPORT-FILE from  written 06/24/2026 13:46:21
cmline1=A2
range=1024
active=0
bitshift=4
cftfak=2580100
evpreset=10          
roimin=0
roimax=1000
caloff=0.800000
calfact=12.800000
calfact2=0
calfact3=0
calunit=nsec
caluse=1 
[CHN3]
REPORT-FILE from  written 06/24/2026 13:46:21
cmline1=A3
range=1024
active=0
bitshift=4
cftfak=2580100
evpreset=10          
roimin=0
roimax=1000
caloff=0.800000
calfact=12.800000
calfact2=0
calfact3=0
calunit=nsec
caluse=1 
[CHN4]
REPORT-FILE from  written 06/24/2026 13:46:21
cmline1=A4
range=1024
active=0
bitshift=4
cftfak=2580100
evpreset=10          
roimin=0
roimax=1000
caloff=0.800000
calfact=12.800000
calfact2=0
calfact3=0
calunit=nsec
caluse=1 
[CHN5]
REPORT-FILE from  written 06/24/2026 13:46:21
cmline1=A5
range=1024
active=0
bitshift=4
cftfak=2580100
evpreset=10          
roimin=0
roimax=1000
caloff=0.800000
calfact=12.800000
calfact2=0
calfact3=0
calunit=nsec
caluse=1 
[CHN6]
REPORT-FILE from  written 06/24/2026 13:46:21
cmline1=A6
range=1024
active=0
bitshift=4
cftfak=2580100
evpreset=10          
roimin=0
roimax=1000
caloff=0.800000
calfact=12.800000
calfact2=0
calfact3=0
calunit=nsec
caluse=1 
[CHN7]
REPORT-FILE from  written 06/24/2026 13:46:21
cmline1=A7
range=1024
active=0
bitshift=4
cftfak=2580100
evpreset=0           
roimin=0
roimax=1000
caloff=0.800000
calfact=12.800000
calfact2=0
calfact3=0
calunit=nsec
caluse=1 
[CHN8]
REPORT-FILE from  written 06/24/2026 13:46:21
cmline1=A8
range=1024
active=0
bitshift=4
cftfak=2580100
evpreset=0           
roimin=0
roimax=1000
caloff=0.800000
calfact=12.800000
calfact2=0
calfact3=0
calunit=nsec
caluse=1 
;MCS8 #97 Sversion=1.257 Fversion=3.68
time_patch=1
;datalength=8 bytes
;bit0..3: channel# 1..8 ( 4 bit)
;bit4: edge 0=up / 1=dn ( 1 bit)
;bit5 ..57: timedata    (53 bit), max sweep length 2001.6 h
;bit58..62: tag0..tag4  ( 5 bit)
;bit63:     data_lost   ( 1 bit)
[DATA]
0000000000000016
0000000018b13659
00000000260b2db9
000000003639b379
000000003aa12259
000000004e167dd9
00000000a92a9a39
00000000e667bed9
00000001a9969919
00000001eb2c5299
00000001f01e2e59
00000001feeb2ff9
000000024c1322d9
00000002b23bb059
00000002b23bb299
00000002bcab5919
00000002fa7dc5f9
00000003581ed3f9
000000039be1adb9
00000003b07ac539
00000003cf6582f9
00000003e9e2c199
000000042e31da59
00000004480ee6b9
00000004942d3239
00000004a80e3dd9
00000004b2005ff9
00000004f77130d9
0000000503ad70d9
00000005116e4e19
000000052a67a859
0000000533a18979
000000055a5ccd59
00000005652739f9
00000005e1366db9
0000000615617ad9
000000061cd7f699
000000064f6fc459
00000006a69a77b9
00000006c51cfaf9
00000007022c1a79
00000007127281f9
000000072092aef9
00000007245ae4b9
0000000726773319
0000000781569719
00000007bb1e53f9
00000007c3b19899
00000008042dbbb9
000000083aaecbf9
00000008c46236d9
00000008c807ecf9
00000008c9b84ad9
000000091068f9b9
000000094de2c419
000000095fa520d9
00000009713b3d19
00000009999ceb99
00000009b7d4e279
00000009c2819fb9
00000009cc0cbcd9
0000000a08118459
0000000a753d62f9
0000000a79b534b9
0000000a9b3c5b39
0000000ab1c090d9
0000000aeb45e359
0000000b86de5979
0000000b920fad39
0000000c04c5d7b9
0000000c163aaab9
0000000c27a56dd9
0000000c2b5a96d9
0000000c394fdd99
0000000c5069b7b9
0000000c5873ff59
0000000c7be68999
0000000c93e59899
0000000cabcfb359
0000000cc9e0cf79
0000000d15140db9
0000000d199bbb19
0000000d1be25e39
0000000d1dbdf159
0000000d35e8fef9
0000000d4e2295f9
0000000d5bca72b9
0000000d6a4c2139
0000000dbcdb3059
0000000de75b1819
0000000e1ab8b399
0000000e1b587559
0000000e1c3cc819
0000000e223a8ed9
0000000e398784b9
0000000e5063ef39
0000000e53ea9c99
0000000e6b63f259
0000000e97333479
0000000ebe9cf059
0000000ee2567919
0000000f13d25659
0000000f509698f9
0000000f963bf019
0000000fd1176df9
0000000fe4c1be39
0000000fe8c00e79
0000000ff956f519
0000001020ec8239
000000103157ad79
0000001061dfdbf9
0000001073b9d079
0000001073b9e2d9
0000001076555819
000000107f48bf19
0000002156acb261
00000000019ebc71
0000000000000181
000000110eaa1ad9
0000001121e1d2d9
0000001162fcb8d9
000000116741a179
000000117724c2d9
000000117cc905d9
000000117cd80e39
00000011883e1f39
00000011c128c0b9
00000011c128e2d9
00000011f62cae19
0000001216c54d39
000000121aa26559
000000124dd1c599
0000001269e1c919
00000012c7ae0ed9
00000012d7733ff9
000000139e2913b9
00000013ca714fb9
00000013d395cb99
00000013def89719
00000013ed1b61b9
00000013f9664c39
0000001434919059
0000001445ab61b9
000000144d9fcf79
0000001466300f99
000000148c8dd439
000000149a767779
00000014b9dc9c59
00000014bef5ad19
00000014f5d08359
0000001516ca1119
0000001519e14f99
00000015244f4139
000000154354b139
00000015638774d9
00000015739ef019
00000015c4967059
00000015d39935d9
00000015e634ee79
000000161f0590b9
00000016297a11d9
0000001644cd6379
0000001676891979
00000016b8b3c7d9
00000016d2176599
00000017364e0279
000000176a39d8b9
00000017d981c339
00000018248451f9
000000183470c199
000000185b7f9b59
00000018b1389b79
00000018f9d22dd9
00000019126707f9
00000019277bdf19
00000019559d5659
00000019f0a3bc79
00000033f7175361
00000000019ebc71
0000000000000181
00000019fd4c2559
0000001a0c039c79
0000001a2b38c339
0000001a54d9abd9
0000001a6bda5ed9
0000001ae6493799
0000001afb292279
0000001b1edc5d79
0000001b70e63319
0000001b74eebb79
0000001be848e619
0000001c2cea0799
0000001c8ad45c59
0000001c8b30a3d9
0000001ce9444a99
0000001d9cf97e99
0000001dda4d3199
0000001e0e081779
0000001e0e083059
0000001e773043f9
0000001e7dc79459
0000001e9ed91359
0000001eeab57d19
0000001ef1b74699
0000001efb959419
0000001f1344d5b9
0000001f22b121b9
0000001f39e2cef9
0000001f52d01859
0000001f9810e659
000000207da4ced9
000000207da4e039
00000020c64e05d9
00000020fafe3339
00000021b1ea7259
0000002212669cd9
0000002239833099
000000226dca60b9
00000022a54f2a59
00000022abba0139
000000231c30fab9
000000469781f561
00000000019ebc71
0000000000000181
000000236a7d8f99
000000238c5cbed9
00000023a75b9279
00000023e0f09ef9
00000024432e1219
000000246eedeab9
000000249fe28959
00000024a5dde559
00000024a5de0059
00000024b3fc6099
00000024dd249119
0000002550703f99
000000256fc1f4f9
000000257f703179
0000002592206e99
00000025a9531879
00000025b7d82cb9
00000025c2f51239
000000261cf75a79
000000262b5b9df9
000000264eedae59
000000265f8612b9
0000002676b16ef9
000000268eff2199
00000026a92e92f9
00000026c5f7bff9
00000026d70457d9
00000026ffb76919
00000026ffb786f9
000000271b6017d9
00000027537de459
00000027551ac799
000000278e866439
00000027b896a3d9
00000027f29224b9
0000002817e9b9b9
000000282a812459
000000282f7a0a79
0000002878da33b9
0000002900dfc459
000000291b5d7999
000000294cc99239
0000002950091839
0000002986c93839
000000299c2e9c99
00000029b1757119
00000029e41e9f39
0000002a1677be19
0000002a2c36dc99
0000002a47869a39
0000002a7c764259
0000002ab5b76979
0000002af28b17f9
0000002af7c7f199
0000002b31cf3b79
0000002b3352db99
0000002b34febd19
0000002b61341cd9
0000002ba2116eb9
0000002bbe911579
0000005937ec9761
00000000019ebc71
0000000000000181
0000002ca1feac79
0000002caa0b02b9
0000002cba0446b9
0000002cfe808179
0000002d209e7ad9
0000002d47d8cf19
0000002df7335bb9
0000002e0a8b8af9
0000002e3731d559
0000002e408940b9
0000002e4695d179
0000002e55c5b8f9
0000002e59d75319
0000002ea650ed79
0000002eb2d1edf9
0000002ee3a65319
0000002efd1fc1b9
0000002f051d48b9
0000002f19ae01d9
0000002f3c652179
0000002f698b8259
0000002f799cc359
0000002f8eab7259
000000300fad6b19
0000003028976ab9
000000304b1c44f9
0000003059485d79
0000003085833fd9
00000030a3422979
0000003100666459
000000313cb8c259
000000316dc46559
00000031b88fbad9
00000031c93ee4d9
00000031e5f9bd79
000000320b103f59
000000326a424ef9
000000326fb1dc19
000000327b3475d9
00000032a250d639
00000032dc4e1719
0000003302fee619
000000331c38a5b9
0000003347ed9d59
0000003369553819
00000033a3bea299
00000033aa9b4599
00000033f3ab8139
0000003471e0f859
0000003473342619
000000348a70d8d9
0000003492f5b3f9
00000034a3fd5f39
00000034cd1d1b79
00000034d7bd0f79
00000034d9a95659
00000035054e4fd9
0000003516a5a3b9
0000003533022d19
00000035489f7f99
00000035497975b9
000000357ac38119
00000035a7b0b5d9
00000035d58bc579
0000006bd8573861
00000000019ebc71
0000000000000181
00000035f94e7819
0000003625488579
00000036292e68f9
000000362a6c83f9
000000368fdc1139
00000036b2e0f5d9
00000036d759d919
0000003768ca2839
000000377a8aa759
000000378ff14db9
0000003821f13af9
000000384fe3fd39
000000385a308d39
0000003861eaaad9
00000038a08f5eb9
00000038ad9abcb9
00000038b1857959
00000038b36531b9
00000038c9fc7079
00000038fae39739
00000039572ff659
000000395cecdbf9
00000039b18ec8b9
00000039c5b9b019
0000003a7bd4b359
0000003aadcc1279
0000003ab0f31e59
0000003ae154cb59
0000003aeefd1ef9
0000003b146848f9
0000003b1c894af9
0000003b43c591f9
0000003b952d4479
0000003bfb7e35f9
0000003c48b751d9
0000003caaa6d939
0000003cb310a5d9
0000003cb310bb59
0000003cba4dca19
0000003cdd6506d9
0000003d3aecaa39
0000003de910c239
0000003e3c5cb679
0000003e40ecbf19
0000003e5c7df639
0000003e66c456d9
0000003e9898e999
0000003ea3fe1db9
0000003eba966d39
0000003edd3ef8f9
0000003ee67d5a39
0000003f0d024a59
0000003f352030b9
0000003f3b698a99
0000007e78c1da61
00000000019ebc71
0000000000000181
0000003f3d8cadf9
0000003f77e85279
0000003f7dec1d79
0000003f8f517139
0000003fa8163a19
0000003fdd834bd9
000000402c70aa99
0000004033c05e39
0000004041b77419
0000004046bb9379
000000404fc1a719
0000004053a3a6b9
0000004108972539
0000004115e2f539
000000416be30e19
00000041c8151859
00000041df362d79
000000421f673859
0000004270ff7379
000000429a9ec9f9
00000042a10cfe39
00000042a1172e99
00000042c7fdebb9
0000004306aa10b9
00000043172638f9
0000004317925e99
00000043b6707619
00000043cdbcbd39
00000043dda57819
00000043e8a49039
00000043ea5cd6f9
00000043ea5cebf9
000000441e0c8af9
0000004420b4e899
0000004442a88dd9
00000044b77064d9
000000451709de39
00000045567f9f59
000000458624a3b9
00000045868910b9
00000045a12a14d9
00000045b0cf9fd9
00000046112bcc19
00000046243e9099
0000004674dd0ef9
000000469cf1b6b9
00000046ccc2c439
00000046cd1ea999
00000046cd924679
00000046e65b8ff9
00000046f0ede719
0000004704fe4c99
000000470e852b19
000000474bb29799
00000047b122e399
00000047fafa4a59
000000480489df99
00000048444b7619
0000004868a8e079
000000487fab0959
00000091192c7c61
00000000019ebc71
0000000000000181
00000048efc62199
000000495c4192d9
0000004991b4cdd9
00000049c6377b79
00000049cc46c5f9
00000049eb4f9dd9
00000049fa1a85d9
0000004a4fba7759
0000004a849c9b19
0000004b29fa3df9
0000004b3b059179
0000004b73248f39
0000004b782d8e59
0000004b9195f559
0000004b960ccfd9
0000004ba3063079
0000004bae2a83b9
0000004bebe39c79
0000004bf992e799
0000004c35181879
0000004c37c80419
0000004c457ef699
0000004c96a32bb9
0000004ca3568779
0000004cb9234a99
0000004d0850c419
0000004de511c839
0000004df3e40899
0000004dfa7fa719
0000004e0a1203b9
0000004e1078ae79
0000004e17c50f79
0000004e38bebb59
0000004e63df0199
0000004ea92471d9
0000004eb369a339
0000004eb9d9aa79
0000004ec308c359
0000004ec90f5659
0000004eecf6a719
0000004f13aa3c79
0000004f19e5a279
0000004f5bb8f2d9
000000501b350dd9
0000005084ef8159
000000509c4cc499
00000050ae690739
000000515d0c40b9
00000051690b1ef9
000000519cd67ef9
00000051c0c98f99
000000a3b9971d61
00000000019ebc71
0000000000000181
00000052313c5339
00000052346a6a39
0000005287f7ac59
00000052b979c159
00000052bdb145d9
00000052e9fe6ff9
00000052f4b9f139
00000052f5999979
000000534941f4f9
00000053973b1159
00000053a077b3b9
00000053c1400839
00000053c82398b9
00000053ec1179d9
00000053efd22239
000000541359a1f9
0000005427a21cb9
000000543039e619
0000005493eebe99
000000557fbc22d9
00000055b125ee59
00000055b7a9f2b9
00000055d0d86559
00000055e12bce79
00000055f47b0f99
00000056009fc2b9
000000562f270fd9
00000056923b5bf9
00000056c7d59af9
00000056eaacd2f9
0000005708983559
000000574e390699
0000005772be3539
0000005791b91bf9
000000579a1b4899
00000057b10a5699
00000057e5d0d779
00000057f8022819
0000005843435999
00000058741330f9
0000005886d37a59
00000058927f9b19
00000058e1e88179
00000059224d2a39
0000005987425819
00000059c2465b19
00000059c8a42ab9
0000005a0622ef79
0000005a14d8f079
0000005a86473af9
000000b65a01bf61
00000000019ebc71
0000000000000181
0000005b3bde7139
0000005b5383dd99
0000005b78ad1f79
0000005ba811c8d9
0000005bbf331339
0000005c0c0212b9
0000005c8aec13d9
0000005d5e3e4079
0000005d73c2def9
0000005daa3cc219
0000005dba875f99
0000005dc9385c39
0000005df05cd099
0000005dfadbea19
0000005e24481299
0000005e3cff3099
0000005eee93c799
0000005f0f3eedd9
0000005f6f9af099
0000005f7459b239
0000005f7ecd01f9
0000005fe9ef8679
00000060055d6359
000000605d04f8b9
000000607572e819
000000608cc69d79
000000609c3c1db9
00000060a6372959
00000060d973b2f9
00000060f5e4b0d9
0000006105eff6b9
0000006119470199
0000006125487ed9
000000612b33d3f9
000000614d60a059
000000615abb5119
000000616313e3b9
000000619b0c5739
00000061bcfe2019
00000061e433ef99
00000061edc511d9
000000621e0ad019
0000006250d3a939
000000625110eef9
00000062667edf99
00000062b8b79499
00000062c6943799
00000062d3dc3639
000000636b816819
000000638e4cd479
00000063e8bd7799
0000006420819999
000000644dbf25f9
000000644e03b579
0000006475a736f9
000000c8fa6c6061
00000000019ebc71
0000000000000181
000000648e247819
0000006494d55259
0000006498b3f499
00000064aa109c79
00000064d860c299
0000006540f3d299
0000006555e78b19
00000065b3d8c379
00000065d26ff339
0000006654e92219
00000066916a7eb9
00000066beccc1f9
0000006752d223b9
00000067560886b9
000000678f5a1d99
00000067b6b7db39
00000067c9c13859
00000067cb144239
00000067def86459
00000068071ce359
000000685624e5d9
0000006860d4e7d9
0000006872451559
00000068b495c619
00000068c1f1c259
00000068d8f26e39
0000006925009899
00000069399ae579
00000069492b4739
0000006954527cd9
00000069648ba5d9
000000698a038499
00000069a8e11a39
00000069bb07d879
00000069df98dc79
00000069e316d959
0000006a003f44f9
0000006a18076879
0000006a2403de39
0000006aa0398079
0000006b030d7079
0000006b65282179
0000006b9afd9a59
0000006bbc823439
0000006bc15aee59
0000006be12781d9
0000006c04bc05d9
0000006c074ab279
0000006c3a8ef699
0000006c78a2d859
0000006ca87812d9
0000006cdf5a1779
0000006cf444d879
0000006d8520e1d9
0000006d96be53d9
000000db9ad70261
00000000019ebc71
0000000000000181
0000006dd25984f9
0000006e013cb3b9
0000006e013cb979
0000006e0f91c799
0000006e6559fd59
0000006e6b9dd159
0000006e95d5aad9
0000006eb4d87eb9
0000006ec8670d19
0000006ed6922fd9
0000006f17073a79
0000006f51570899
0000006f9d006219
0000006f9e0a3859
0000006fcec0dc99
000000702561d179
000000702be62039
000000706f869b99
0000007075658f19
00000070d7454579
00000070e2808659
00000070f614cc99
00000071c9773e59
00000071f5bc9719
0000007220a1c939
0000007233914039
00000072758ac839
00000072a1f04299
00000072aaa353b9
00000072c6e7b2b9
00000072dba15039
0000007318f446b9
00000073a9276c39
00000073bd282199
00000073cfd266b9
00000073f8c4b939
000000742c5564b9
0000007483a5b799
00000074a0c94d59
00000074fb279799
000000751e8a7ff9
00000075261ce319
000000753dda3119
0000007595a30019
00000075d58fff99
0000007601f03539
0000007612320e99
000000762847d259
000000762894d779
000000769e041119
00000076e44624f9
00000076e67033d9
00000076eca57659
00000076ed1359f9
00000077014bd599
00000077143b5cb9
000000ee3b41a361
00000000019ebc71
0000000000000181
00000077362c1199
0000007750af0719
0000007771567b39
00000077786a3a39
00000077966e5739
00000077ef65a999
0000007829cc7219
000000783a267619
000000783e5b1ff9
000000789c786bf9
00000078d66d9539
00000078f05e4b99
00000079300642f9
00000079a7914739
0000007a00c97839
0000007a701771b9
0000007a76409af9
0000007a7d79ce99
0000007a94c73c99
0000007aaa1a7039
0000007aaf1ee979
0000007ab6775559
0000007ab6777d39
0000007acbec3d19
0000007ad887e259
0000007b0a6e8f39
0000007b3466ea39
0000007bb4a38e39
0000007bb4c9a1b9
0000007be50bb0d9
0000007c1736b9d9
0000007c77a23819
0000007ce5d16eb9
0000007d14db2579
0000007d60e97319
0000007d7dcc7579
0000007d81982519
0000007d83968399
0000007d8c76ebd9
0000007dfb6da5f9
0000007dff139119
0000007e10f98879
0000007e47ea0bf9
0000007e819dab19
0000007e8b26a0f9
0000007ea221a479
0000007ec8564f79
0000007ed1cbe919
0000007ed41f5b39
0000007edae706d9
0000007f275396b9
0000007f5e7f2899
0000007f9c368f59
0000007fef7a7839
0000007ff4c72bf9
00000080379ef039
0000008049cad919
00000100dbac4561
00000000019ebc71
0000000000000181
0000008094fd8759
00000080a240b1d9
00000080cfe054f9
00000080d2e63f59
00000080d6d56439
00000080d799ba19
00000080f89410f9
00000080fe453f39
0000008130496c59
00000081956b19b9
00000081a9dba919
00000081d3888fb9
0000008252705f39
000000825f91a879
0000008274303d59
000000828835f779
00000082af9e9fb9
00000082b0268539
00000082d9210779
0000008330f18319
0000008392f9f519
0000008395b5ebf9
000000839c870cb9
00000083ac37ea39
00000083af73cf19
00000083d1141ab9
00000083f4f052d9
00000083f4f05c39
0000008420808619
000000843c561559
0000008442dc1c99
0000008442dc2339
000000846c5c8439
0000008471eaeb99
000000848c7f4639
00000084b8bc6359
000000852a0249f9
000000852d5f3e59
00000085398f5df9
000000858eb39899
00000085b8c344f9
00000085cb8e1f19
00000085d13afe59
00000085f3efd7d9
0000008633c58cb9
000000865ab59439
000000867773c9b9
0000008695063399
000000869efea2d9
00000086b4b07759
00000086b9f2b599
00000086f32cbd39
00000086ff830119
00000087a2707f59
00000087b3bca479
00000087b904b859
00000087d0fdb779
00000087d0fdd199
00000087ea27e879
0000008843120d59
00000088942feff9
00000088a5e70079
00000088c6854cf9
00000088d6960c39
00000088ec0b5e99
00000089169d8759
00000089423ef5f9
0000008951dee999
00000089667b4d39
000001137c16e761
00000000019ebc71
0000000000000181
00000089cb48d3b9
00000089d99ca0b9
0000008a17b4beb9
0000008a235c20f9
0000008a637ee059
0000008a87aac559
0000008a9b489c79
0000008ae9187299
0000008b1fd3c599
0000008b8e0fb039
0000008b90df9cf9
0000008baa165519
0000008bff3d75f9
0000008c29eb4e19
0000008c31c26079
0000008c41552439
0000008c47f131d9
0000008c5bfc4959
0000008c89f587f9
0000008ce74444d9
0000008d0db56a79
0000008d72a12bf9
0000008d730e9f59
0000008d96bf6c59
0000008db62b4359
0000008e6af325f9
0000008e6f5baf99
0000008e7ab175d9
0000008f3f8737d9
0000008f4cb85fd9
0000008f7a03ddf9
0000008fd29efa39
000000900db94ff9
00000090379252b9
00000090cf9d6cf9
000000911e739af9
000000914b952979
0000009167d3a7d9
00000091afc200f9
0000009202fba839
0000009208012699
00000092189f6979
000000921e1016d9
000000924a969a19
000000924abc2e39
0000009257a21919
00000092691ac419
00000092963e6519
00000092aa5c7ab9
00000092b60a9579
000001261c818861
00000000019ebc71
0000000000000181
000000930ffd1f79
000000930ffd31d9
000000931d7850d9
000000936f5b4219
000000939ce92ef9
00000093f0e714d9
00000094215af199
0000009449568319
000000944cb8a519
00000094806ffaf9
00000094837b3f99
00000094b0258059
00000094d5916379
00000094f67e6e39
00000094fcfa2b39
000000950fced2d9
00000095341e0499
0000009538dd8239
0000009592cd57f9
000000959a6470b9
00000095ace98739
00000095ad4403d9
00000095cccb01f9
00000095cccb1979
00000095cd528eb9
00000095f6f8ab59
00000096083a4d39
000000960c4c33b9
000000961b6622b9
000000961d7d8759
00000096638f4fd9
000000970353e659
0000009759ecfe39
0000009763b3b399
000000979dece9b9
000000979e118959
00000097c06a8479
00000097cf0e0e59
00000097f9a25199
000000982736a339
00000098486dc9b9
000000986a417e19
00000098c495f779
00000098d4dbf479
0000009911a4a879
0000009914207b39
000000994d178cd9
0000009961a66a19
0000009961a677f9
0000009961a68659
00000099705fc979
0000009971145939
000000998b7dee19
00000099c88bd0d9
00000099fa3ce779
00000099fc633559
0000009a6fea6899
0000009aa402edf9
0000009aad2192d9
0000009ab635af79
0000009b18d7b819
0000009b547db6f9
0000009b9e5e2839
0000009bc9cef099
0000009bef487319
0000009c2efaaf99
00000138bcec2a61
00000000019ebc71
0000000000000181
0000009c9bdec7d9
0000009ca2b7ec79
0000009cad880699
0000009cdc0c7d19
0000009cfbe0ced9
0000009d24644b59
0000009d32144019
0000009d704af559
0000009d704b0819
0000009d813de819
0000009da89ab499
0000009dbe0ca8f9
0000009e27a29499
0000009e5af2d619
0000009ea44605f9
0000009f23c1b5f9
0000009f6e4e5779
0000009f8e1ac759
0000009f935d0799
0000009fa2f1a619
000000a00e9bfc99
000000a011304979
000000a0573b4af9
000000a07e8b04b9
000000a08a4f16b9
000000a08d477dd9
000000a08f0b2b99
000000a09db9dfb9
000000a0b8016759
000000a11614bbf9
000000a1394e4f79
000000a1394e6859
000000a1c6c7bdd9
000000a1c8f31339
000000a212e2c8d9
000000a224995ed9
000000a2514f5339
000000a25c1ea119
000000a27797dd59
000000a278be1a79
000000a289d76d19
000000a2926dc039
000000a2c13ac759
000000a2eadc2879
000000a30f90fef9
000000a33970f8d9
000000a369e3ac59
000000a3859f3019
000000a3b0c9ccd9
000000a4008202b9
000000a42d713019
000000a44ba446f9
000000a4695a0d19
000000a4bbf8de79
000000a4c8053039
000000a51295f539
000000a571587759
000000a59150d7f9
000000a5a385bab9
0000014b5d56cb61
00000000019ebc71
0000000000000181
000000a5ce913e99
000000a5fca581b9
000000a60294b6d9
000000a615569a19
000000a618dd5739
000000a61b9fe5b9
000000a654fe11f9
000000a655c46eb9
000000a672b6dc79
000000a6ed909e39
000000a7ac6823b9
000000a7c99887b9
000000a80d79d119
000000a811c0abf9
000000a859a36939
000000a8738d5439
000000a8b6943659
000000a90196d0b9
000000a91a70f7b9
000000a93824daf9
000000a96741a899
000000a96c5f5619
000000a98a6938d9
000000a9a65796d9
000000aa429a7839
000000aa521452d9
000000aaa991f939
000000aabc723b39
000000aacde9bdd9
000000ab486c29b9
000000ab5982b659
000000abcafef299
000000ac3266e1d9
000000ac52a4d659
000000ac6b0fe059
000000ac712c6ad9
000000acdf361579
000000acf0aa3db9
000000ad010d04b9
000000ad0892d979
000000ad24e25d39
000000ada21c7719
000000adb87bd599
000000adc6e819f9
000000add5c63d19
000000ade212eb79
000000ade31333f9
000000aded406899
000000ae145253b9
000000ae19317f99
000000ae29665179
000000ae3c8d71b9
000000ae8dd35c99
0000015dfdc16d61
00000000019ebc71
0000000000000181
000000af32c8a179
000000af6dac43b9
000000af8b5e7af9
000000afd0e3e019
000000aff4ff3ed9
000000b016c34e39
000000b09d959179
000000b09f4e1719
000000b0aa1f4ed9
000000b11bf07e19
000000b1283ec7d9
000000b12fabdc99
000000b14375f3b9
000000b178dbd5b9
000000b1b2441fd9
000000b1cfac9039
000000b205dbb059
000000b2bc1da219
000000b2c4f00a39
000000b317ea1419
000000b34e3bc759
000000b3565a7d99
000000b35e39f9f9
000000b3c0201ad9
000000b3e4991719
000000b42ae3aa99
000000b43d052619
000000b46edf1779
000000b46edf2139
000000b4a5c7e4b9
000000b4b9bf7f19
000000b4ddc39df9
000000b50f861739
000000b51aafd159
000000b561bbd6f9
000000b578b8d8d9
000000b5b0bc1639
000000b5cdcdec59
000000b5cee924f9
000000b5dccb8ff9
000000b5e97d77b9
000000b61637b2b9
000000b61752d519
000000b6610e1b59
000000b669b9db19
000000b67cb3bf99
000000b69730cd99
000000b6a422ceb9
000000b72ee25b39
000000b73ce77939
000000b760707d19
000000b769abeff9
000000b7ae767579
000000b7bf9323b9
000000b7d7465a19
000000b7fa205bb9
000000b808f003b9
000000b819c55939
000001709e2c0f61
00000000019ebc71
0000000000000181
000000b8e266d459
000000b8fd263159
000000b8fd7efc79
000000b915c51699
000000b93664c439
000000b999cf9cf9
000000b9a794bd19
000000b9ca861379
000000b9f4df88d9
000000ba4334d959
000000ba8004a0b9
000000ba8b401339
000000bacd97d6f9
000000bae86ffed9
000000baeb5a4f99
000000bb5ff94ed9
000000bb8f7478f9
000000bbb2adef19
000000bbcbe8df19
000000bc056f5d79
000000bc544d9fd9
000000bc973d6b79
000000bc9bea4b99
000000bca81ce599
000000bda0c63439
000000be707d0a39
000000be732d7159
000000bea0368dd9
000000beab1c3e99
000000bed9ff2a99
000000bef6bc4139
000000bf52a67299
000000bf8e969459
000000bf8e96a999
000000bfc2173a19
000000bfd44a5219
000000c0751221f9
000000c083ec7a19
000000c090dd5cf9
000000c0d0b9c5d9
000000c0d8500559
000000c144449f99
000000c1621ca7b9
000000c175d66f19
000000c182b87d39
000001833e96b061
00000000019ebc71
0000000000000181
000000c1d5a57299
000000c1df47f519
000000c1e506f839
000000c26d1ac219
000000c26fb8d359
000000c2fb09acd9
000000c392151ed9
000000c39ebc3479
000000c3cae5d2b9
000000c3cae5e099
000000c3eddb04b9
000000c462288499
000000c4901722f9
000000c4af6b6779
000000c4c0c92d99
000000c510a41479
000000c5123b15f9
000000c5514d08d9
000000c57fc17579
000000c5bccc8e39
000000c5f137aa99
000000c60e5cf559
000000c622be43b9
000000c622be50f9
000000c670f5f6b9
000000c6ad948f79
000000c6aeb47a39
000000c6c17aa879
000000c6c2fd8819
000000c718ffbb19
000000c7226c8539
000000c748242119
000000c752e92999
000000c75eabf5f9
000000c762608a99
000000c81ddbf4d9
000000c83ad4ef39
000000c8875ffd59
000000c8c78cf159
000000c8e8c564f9
000000c93cb0beb9
000000c99ebcce59
000000ca49696879
000000ca52d59fb9
000000ca720e6ed9
000000ca7d860a99
000000ca85897e39
00000195df015261
00000000019ebc71
0000000000000181
000000cb0f4d6ed9
000000cb18b34719
000000cb1b3f73d9
000000cb24f3b0d9
000000cb56b44139
000000cb683f6f99
000000cb93f69dd9
000000cba78de499
000000cbcf783f19
000000cbfa712a59
000000cbfd063d19
000000cc1b43b6d9
000000cc5f5e1259
000000cc60b50639
000000cc924b2919
000000ccca7d3899
000000ccdb6770f9
000000ccf324a0f9
000000cd32113e99
000000cd4bab4159
000000cd5c328539
000000cd6f57e2b9
000000cdc092ccf9
000000ce162b27f9
000000ce282dcfd9
000000ce60773119
000000ce6827d2d9
000000cebefd78d9
000000ced65a3c59
000000ceda4251d9
000000cfc65fcd59
000000cff1560259
000000d00dada659
000000d02bde0d79
000000d0d651b859
000000d0fc2d2939
000000d188676419
000000d1ac62b6d9
000000d1ac62bfb9
000000d20f01f659
000000d218c32299
000000d242256659
000000d2872b7bb9
000000d29221b619
000000d2b896bad9
000000d2bd835199
000000d2c2d9ffd9
000000d2f25e9419
000000d324d53d79
000000d32c510b99
000000d330e67cf9
000000d381caa059
000000d3ca748499
000000d41f526b99
000000d426180e99
000000d4334d9a59
000001a87f6bf461
00000000019ebc71
0000000000000181
000000d44ef929b9
000000d4a7f7f679
000000d4c5128299
000000d4cf035319
000000d530c08e79
000000d5b1b98039
000000d5d00b8659
000000d5fc415d99
000000d6103eac99
000000d68a102519
000000d693b8dc39
000000d69fbaec59
000000d6c886a879
000000d6f6d22bb9
000000d714f4e5d9
000000d7243881d9
000000d77da4d819
000000d79c4f3e59
000000d7a687a399
000000d7b321b6f9
000000d800b67759
000000d818689a99
000000d81b0e8b79
000000d827434bf9
000000d85cc4fdd9
000000d8653b7bf9
000000d8fbf10b19
000000d92a296dd9
000000d943d5d059
000000d9604a21d9
000000d9608682f9
000000d98b426579
000000d98e6fe059
000000d9a0ff55f9
000000d9a4bcd859
000000d9d6dc9859
000000d9e8fad859
000000da0471df59
000000da3292c939
000000da550dfa79
000000da789053d9
000000da8f499399
000000dafc06f659
000000db345cfa39
000000db6255eaf9
000000db68fe5839
000000db7dc94659
000000dbd57d36d9
000000dbdfb54759
000000dc581a2919
000000dc9dcb9659
000000dca0020b99
000000dcb0a5b399
000000dcc4311199
000000dd047c8659
000000dd1c7d45d9
000000dd3f3cd259
000000dd4d9e8c19
000000dd4f7ca5d9
000001bb1fd69561
00000000019ebc71
0000000000000181
000000ddb2db7dd9
000000ddf47c2c39
000000ddf88d3e59
000000de054c4c99
000000de281d2e59
000000de54b05d59
000000de74d51db9
000000deab0d8559
000000deb934fe79
000000dedede1739
000000df027d8359
000000df8033a1f9
000000df9be960f9
000000dfb5a55bb9
000000dfcbd680d9
000000e04bb50179
000000e071196fd9
000000e09f70cd19
000000e0d792ae79
000000e0ef598159
000000e0fe85b859
000000e14f8264b9
000000e18aa9d139
000000e19def62d9
000000e1afdfe4b9
000000e2389e0a19
000000e238d19d79
000000e2b60a8759
000000e2d26e7a79
000000e2f2ebaff9
000000e30cd166f9
000000e30d89e6d9
000000e37e519499
000000e385454a99
000000e3e0a85dd9
000000e4196ceff9
000000e44cb317f9
000000e47d115a79
000000e47de30eb9
000000e49a6fb839
000000e4be00bbf9
000000e4d7c77199
000000e50e842219
000000e55cc5b1f9
000000e560d44519
000000e5d64644f9
000000e617942239
000000e678e83519
000000e68b1410f9
000000e68b6c8919
000000e6c6aaeff9
000000e6d3b0dcd9
000001cdc0413761
00000000019ebc71
0000000000000181
000000e6ff4d0139
000000e70a51c119
000000e7333ed499
000000e7754d4e59
000000e78ffac319
000000e7a9b8e019
000000e7d2213a99
000000e7d8f42979
000000e819a12999
000000e89af06779
000000e8cd768379
000000e9080d2f19
000000e912406ff9
000000e941b23d39
000000e9547cec59
000000ea3f49cf99
000000ea6f6e6af9
000000ea78b07579
000000ea9e145c79
000000eab6219199
000000ead983d3d9
000000eae2eeefb9
000000eb1390a739
000000eb4166dc99
000000eb5bc9fb79
000000eb6b32d239
000000eb901eacd9
000000eb9e570af9
000000ebe2429d79
000000ebee6ae4d9
000000ec0e237e19
000000ec3340db19
000000ec63ca0d99
000000ec7747f419
000000ecd8a965d9
000000ecfc5dd639
000000ed0d0eca19
000000ed0fa7d4d9
000000ed7a92edf9
000000ee10907e99
000000ee930a7a59
000000ee942b8fb9
000000eee8dc7c79
000000ef08cc9b39
000000ef80df6a79
000000ef8a652319
000000efdc8a6d19
000000efee47a019
000000effe7c06d9
000000f00dd18899
000000f00dd67119
000001e060abd861
00000000019ebc71
0000000000000181
000000f04e2b6b59
000000f0531d1279
000000f055e0c859
000000f06021e839
000000f0f48a2cd9
000000f0f5e48079
000000f1ab36bb19
000000f1b7642e59
000000f1dd2b1b79
000000f207f90cf9
000000f216e8f459
000000f21adc1039
000000f294a8de39
000000f300bf1739
000000f364d6cb79
000000f3ca03d9b9
000000f3e1205a19
000000f40fc04199
000000f418dff559
000000f436206fd9
000000f4542e9419
000000f45d468919
000000f476187d99
000000f47b309c99
000000f4909a0a99
000000f4921632b9
000000f49f20c319
000000f4fc6b8259
000000f503adab99
000000f503b9ff19
000000f51a790899
000000f5384731f9
000000f53ad79879
000000f558177ff9
000000f56b5a1c39
000000f582a79359
000000f5c1b79919
000000f5d9b05d99
000000f60870dbd9
000000f636a52f79
000000f682f176f9
000000f6c40f60d9
000000f6e008a4d9
000000f71c446f59
000000f7ef5e2cb9
000000f858c5b179
000000f8acc620f9
000000f92f566bb9
000000f93b43b719
000000f93facf659
000000f958f2b0d9
000001f301167a61
00000000019ebc71
0000000000000181
000000f98c213459
000000f9954ec759
000000f99d640c19
000000f9c1718979
000000f9ff442fb9
000000fa246228b9
000000fa515dc299
000000fa52b7d4f9
000000fa55b4bfd9
000000fa65e9f6b9
000000fa81070cf9
000000fadb8695f9
000000fb3354ef99
000000fb33550039
000000fb36dbc559
000000fb7616e8d9
000000fbb729d179
000000fbe8328099
000000fbe8ac71f9
000000fc015c6699
000000fc0aea0779
000000fc30484839
000000fc486b99f9
000000fc74b62359
000000fc98383079
000000fcbfbeecd9
000000fcc1be42d9
000000fcf25e61f9
000000fd1ef6aad9
000000fd2c607699
000000fd2cceb2b9
000000fd65bb21f9
000000fd78f8a059
000000fd78f8a159
000000fd8bc6da99
000000fdb96189f9
000000fdc7d7c659
000000fdd73a9c19
000000fe3dd57859
000000fe5d8c2439
000000feb7b2c499
000000fecd706859
000000fed425cb39
000000ff1baeb2d9
000000ff1baeb6f9
000000ff32bd5bf9
000000ff6d43ef39
000000ff96a91879
000000ff9b7b8fd9
000000ffabcd85b9
000000ffffbb8ad9
000001000e9616d9
00000100187bc839
0000010024210119
00000100528b9c99
00000100551e0c39
000001009f420c99
00000100b9615b99
00000100c9615299
00000100ff4f6a39
00000100fff7d299
00000101042ade59
0000010108baa399
00000101337c1df9
0000010135d16099
00000101f68fa319
000001020a5357d9
0000010237eab259
000001026e6b00d9
0000010287f5d819
0000010299545ab9
00000205a1811c61
00000000019ebc71
0000000000000181
00000102e5bb2d99
000001030fe5dd79
00000103678b36f9
00000103e9005b39
00000103f36320b9
0000010439d59d59
000001046fcb9f19
000001048e714bb9
00000104b1177cb9
00000104e69d1ef9
0000010523bc3e99
000001055241ee59
000001057bb09e79
00000105a68c8299
00000105a7fbcbf9
00000105aed90c19
00000105f98d11f9
00000106470e4f59
000001064bb61f39
000001065a5d8639
000001065de7cbb9
0000010676b9c9b9
0000010682591259
00000106c5e74e19
00000106cc794fb9
00000106d76af359
000001072e988659
00000107a8659d59
00000107cc59fbb9
00000108434042b9
000001084a4a7879
0000010855eae899
0000010961a4b539
000001098ddf4459
00000109a3c07c39
00000109c74acbd9
0000010a44a7ca79
0000010a6d224e79
0000010a770f5bb9
0000010a90ed8939
0000010ac9f2faf9
0000010af7f59c99
0000010b0f772ad9
0000010bca73f519
0000010bf5d1add9
0000021841ebbd61
00000000019ebc71
0000000000000181
0000010c59f722b9
0000010c71bcb339
0000010ca240bb19
0000010cb6c77319
0000010cc912b959
0000010cf43d59f9
0000010d58a050d9
0000010d9cfeaff9
0000010ddb438f39
0000010df7e245f9
0000010e173ee999
0000010e2625f0d9
0000010e38219cb9
0000010e88664579
0000010ea76ad199
0000010ed3a9a559
0000010eed044779
0000010f3e842179
0000010f79df38b9
0000010f8c3d2639
0000010fd49d9299
0000011049001c19
000001105b0be319
0000011081ebb319
0000011083603f79
00000110a803a2f9
00000110ad1400f9
00000110d1149b39
00000110e4afbf79
000001110b0e9a79
000001113bda37f9
0000011143b49e59
000001116f4e7159
000001119b096279
000001119d3f3199
00000111b628b3d9
00000111fd5f3999
00000112161b39d9
00000112193cfe59
00000112706c5419
00000112d2a8fa39
00000112faefd819
000001132a7cb8d9
00000113568954d9
00000113e9023619
0000011404072779
00000114174b1819
00000114325c6e59
000001148734c179
00000114c5062239
00000114f5b3fef9
000001155636ccf9
000001155b11dc79
000001155e8c2bd9
0000022ae2565f61
00000000019ebc71
0000000000000181
00000115c4773e19
00000115f8cb2359
0000011656d5fe59
00000116aa410c59
00000116ab43d099
00000116cd3d6bb9
00000116d6f67959
00000116dac22759
000001172214d799
00000117267429b9
0000011749722619
00000117bf8626f9
000001186113ab19
00000118f7fb5179
0000011953480539
00000119725f1119
0000011977199db9
00000119825c3e59
000001198fb15ed9
00000119ab60bdf9
00000119ab60c799
00000119b8f6cbb9
00000119cb8a0779
0000011a24223599
0000011a370b64d9
0000011a75a5e239
0000011aa2bb7f39
0000011ac8cb5f99
0000011ac9af10b9
0000011b2c1e3959
0000011b6f8373f9
0000011b86103f59
0000011b8bc60279
0000011bb4e90e79
0000011bb83cd559
0000011bb83cde19
0000011bd78bd359
0000011c0349d279
0000011c60638a79
0000011ce2b994d9
0000011d2336ee99
0000011d37a36299
0000011d62e14899
0000011d6fb71c19
0000011da7f46719
0000011e13616c99
0000011e4b7a5d19
0000011eb13c9299
0000011eb2642c39
0000011eb7a4d719
0000011ebb7caf19
0000023d82c10061
00000000019ebc71
0000000000000181
0000011f28759019
0000011f3cf6bcf9
0000011fbf4cf6d9
0000011fc19414b9
0000011ffbc14159
0000012015310ff9
0000012017dbfc79
000001204f8b8079
000001206a1b9659
00000120d285ea19
00000120e872a339
000001214a018bf9
0000012194f64fd9
00000121b471c239
00000121dfc72f79
00000121e6e366b9
00000121eb070539
0000012201120b19
0000012202237519
00000122238e0019
000001224b749759
00000122c9d67f79
0000012326818379
000001233a532879
0000012344983b79
00000123555e6f19
000001239e686f19
00000123f8289199
00000123fa019679
000001241e46c359
0000012425c56dd9
0000012433bd3c59
0000012448e6c2d9
000001246d0cbc79
000001249439e539
00000124dbbebd39
00000124f5d29239
0000012544e11d59
000001257a8e6619
0000012580ff3e39
00000125d450a6d9
000001266333d959
000001266c562f39
00000126fd70d4d9
000001274a110139
000001274f5aae19
000001275c7daed9
00000127747a9d19
000001279bd37ef9
00000127b07f9a39
00000127c00c9ad9
00000127ed73a119
00000250232ba261
00000000019ebc71
0000000000000181
000001284a706d59
000001285cb2d6f9
0000012860c5fd39
00000128750120b9
00000128809416d9
00000128d62f07b9
00000128f2a384f9
00000128ff225a79
000001290870a219
000001290e9ce119
000001290ff41219
0000012970ea1279
000001297f62f079
00000129a0827759
0000012a04d11319
0000012a0d675719
0000012a4cec2479
0000012a518024d9
0000012a537dcad9
0000012a8e4be779
0000012a9e0cbc99
0000012aa520a399
0000012ab02758d9
0000012abbf4fab9
0000012af1f988f9
0000012afdc9d0d9
0000012b1553c7b9
0000012b158e1bd9
0000012b25fc1af9
0000012b2abb2a79
0000012b3631f7d9
0000012b562651b9
0000012b76d7c659
0000012bc68980d9
0000012c0b805699
0000012c14e53959
0000012c1edb26d9
0000012c3c244519
0000012c55261439
0000012c6abeda39
0000012c7b29edd9
0000012caa67c899
0000012d876b5f19
0000012d9efa5759
0000012dc30f63f9
0000012de9366359
0000012dfa13caf9
0000012e046c7359
0000012e1e5e3e19
0000012e4abc4759
0000012ed8144b19
0000012eee668259
0000012efa3aaeb9
0000012f029f59d9
0000012f455cd159
0000012fae778b99
0000012fbaf1b719
0000012fd6805759
0000012ff1ea82d9
0000013089c97459
00000130b58987f9
00000130f98b0179
0000013148673c59
000001314a388379
00000262c3964361
00000000019ebc71
0000000000000181
00000131b83fd119
000001323ff104b9
00000132597d0259
00000132acc35459
00000132feed2279
00000133168f77d9
000001333f3b6b79
0000013343682ff9
00000133827b77b9
000001338a1e4fb9
00000133d162f319
000001341ca77379
0000013452512bb9
00000134785814f9
0000013484ab76f9
00000134fa080039
000001350ef5ec19
000001352c2ad4b9
000001353499e2b9
000001353a71f459
000001356538f579
000001356c134279
0000013601b80e99
0000013619b2e819
0000013641623139
00000136a27443d9
000001371a7f0c19
0000013722cc2299
00000137319d68b9
000001373fc02839
00000137a4e0d1d9
00000137ab48fb39
00000137f165e399
0000013885ca3a19
00000138ab45b899
00000138bd9708d9
00000138c4743859
00000138d771d779
00000138e6e1de79
00000138f2c75459
0000013901d9cab9
0000013972bba899
0000013978097319
0000013987360139
000001399527c6b9
00000139d55adc99
0000013a11ee8bb9
0000013a20e499f9
0000013a230e0879
0000013a3672f979
0000013a6ba57e79
0000013a6ba595b9
0000013a737835f9
0000013aa312d299
0000013aa37bbcf9
0000013aabe92659
000002756400e561
00000000019ebc71
0000000000000181
0000013ab95f4f19
0000013abf970f99
0000013afc5365b9
0000013b0a662a59
0000013b43110b99
0000013b530280f9
0000013b66c69199
0000013b85fac3d9
0000013ba9d2bbb9
0000013bd3071cf9
0000013bec0ac879
0000013c2542dbb9
0000013c95926239
0000013c99701cb9
0000013cd116a519
0000013cd4f4d519
0000013ceec25f39
0000013d4bf15279
0000013dab509259
0000013dab5093f9
0000013e106cb8b9
0000013e36b80f79
0000013e5aa4ef99
0000013e86ad9c99
0000013ea7cf8f99
0000013ed68990f9
0000013efc226b19
0000013f01e7de99
0000013f1fe6ecb9
0000013f3f1c73f9
0000013f43dedf39
0000013f4a4cd3f9
0000013f676246f9
0000013f6e6a5d39
0000013fdb9d5179
00000140271d6cb9
000001408693a619
0000014092d47939
00000140961b1699
00000140c50f6dd9
00000140d5c6afd9
00000140dc432e59
00000140fb346a99
0000014142cd3719
000001415387d0d9
000001415b20e7d9
000001416af7c739
000001416ea1ac99
00000141824a3df9
0000014188664699
00000141c6954279
00000141d3e93ad9
00000141f61eb1f9
0000014208310639
0000014217381719
000001427ec754d9
000001429c8fe3f9
00000142a09d28b9
00000142d6267dd9
00000142eb5674d9
000001431c902779
0000014327f226f9
0000014382195ad9
000001439da44db9
00000143a537cf59
00000143dcc86dd9
00000143dd2ecd19
00000143f0336299
00000143f1185459
00000288046b8661
00000000019ebc71
0000000000000181
000001440be52e79
0000014435d35839
000001443ae21339
00000144b7686779
00000144b849c539
00000144bf9266b9
000001450b1dfbd9
0000014532dd8e79
0000014571482f39
00000145d8f38039
00000145dca52259
00000145e015dc19
00000146000910d9
00000146039b3079
0000014623a41d19
0000014634676d19
00000146d718e6d9
00000146f735b899
00000147071af099
00000147191ed419
00000147271c0c39
000001477886da99
000001479bca0359
00000147d4c06379
0000014815f83259
00000148aa6be639
00000148b13185f9
00000148b8128d59
00000148e6fc4a99
000001491a62c719
0000014921bc1a99
000001494a2aa679
000001496f484039
00000149b50c9d59
0000014a1e238db9
0000014a546e7519
0000014a8ee214b9
0000014a990f3a39
0000014ad340c639
0000014adc76f179
0000014aec436219
0000014af5383f79
0000014b5e87ddf9
0000014c11dfb039
0000014c19e9b519
0000014c24b7bc19
0000014c3c9961f9
0000014c454b4c39
0000014c6cf104b9
0000014c91823e39
0000014ca0a1f0f9
0000014d04cbec39
0000014d4077ef99
0000029aa4d62861
00000000019ebc71
0000000000000181
0000014d6066b9d9
0000014d76fecf19
0000014df2bf8959
0000014df4e79ef9
0000014e25f504b9
0000014e2a5c93b9
0000014e8a6cd459
0000014ea771e959
0000014ec310e299
0000014ed976cf19
0000014f191c1699
0000014f2303f459
0000014f36f356d9
0000014f36f36639
0000014f3ff06959
0000014f69b4f459
0000014fbad99a99
0000014fe5123a59
0000014fecbc01b9
000001500c220619
0000015031973e39
000001504cf73739
00000150bfb60df9
00000150cb32ef19
00000150ec7971f9
00000150ed35c639
00000150ed981819
00000150f7daa9f9
000001517546bd39
00000151a03f2559
00000151a048f2f9
00000151d83155d9
000001523ba58239
000001524aaccd39
0000015285988a59
00000152d4b93a99
00000152ff9535d9
00000153eab3e239
0000015423fa96d9
0000015427140f99
0000015433b9ffb9
0000015487ee7d39
0000015497f08eb9
00000154dad98399
00000154dad99559
00000154f5ca41d9
0000015524913a99
000001554819a779
000001556010a7d9
00000155bbaac1d9
00000155d30569d9
00000155ea455e59
00000155faa1b819
000001566c7c0059
000001566e17f859
000002ad4540ca61
00000000019ebc71
0000000000000181
00000156a93a3679
00000156fd00ffb9
0000015730eefef9
00000157324332b9
00000157337e1119
0000015740ec48b9
00000157691235d9
0000015772fbf359
00000157c5ac7b99
00000157fca2b8d9
0000015802e9c899
0000015814f41259
000001584124b739
000001584a20b199
00000158685469b9
0000015886d401b9
00000158a5406ab9
00000158c74a81d9
00000158ef10b0b9
000001591a44bbf9
000001591f6deed9
000001592afc8f59
000001592e1e7419
000001596620d959
000001596c895a79
000001597535e259
0000015997ab5259
00000159a874f8b9
00000159eb2a8a59
00000159ffc569f9
0000015a132838b9
0000015a473a3c19
0000015a66bf8479
0000015a75e93eb9
0000015a8aa301d9
0000015acaa045d9
0000015ad31a79f9
0000015afbd20539
0000015b387d0719
0000015b605f6779
0000015b6a73f8d9
0000015b8369afb9
0000015bea75a8b9
0000015bfe572059
0000015c07618e39
0000015c431b78d9
0000015c49a75999
0000015c56ad0179
0000015c8be7e019
0000015c94c59f79
0000015cadfad9b9
0000015cd87c71f9
0000015d2f56c359
0000015d494022f9
0000015d4ad26799
0000015d89bae1b9
0000015dbc418e79
0000015dd0d257d9
0000015deb5c2499
0000015df6931799
0000015e00b3c5b9
0000015e2c45b2f9
0000015e67125bd9
0000015e7d13c7f9
0000015ee43a7719
0000015f151b06f9
0000015f18626719
0000015f2357d939
0000015f2b63ad99
0000015f52e4cdb9
0000015f77472db9
0000015f9c25e859
0000015f9e4e7c79
0000015fa0148d39
0000015fa055b579
0000015fbf2b1539
0000015fbf2b1739
0000015fe35f2699
000002bfe5ab6b61
00000000019ebc71
0000000000000181
0000015ff88a0399
0000016004a5a219
000001601110e839
000001603a234879
000001607e045899
000001607fd92559
000001609bb92939
00000160b54c75d9
00000160d89fd9b9
000001611c2d2af9
000001614be53a99
000001615fd58139
00000161b78b1679
00000161cd63d1b9
000001620436e319
0000016206e0f039
000001621100d279
000001623645cc79
0000016255086df9
000001628550e299
000001628d174d59
00000162a13a9f99
00000162aa5d6d59
00000162afd2ea99
00000162cb909c79
00000163aab9af19
00000163c73089b9
0000016419ef10d9
0000016439b07619
000001646ee5f7f9
000001651fb29099
0000016543884f59
0000016562d11bd9
0000016588fd1259
00000165a66413d9
00000165d4d71819
00000165ff474859
00000166206fa9b9
00000166228908b9
000001665313dc59
0000016684a339d9
00000166914d6d59
00000166cb549e19
00000166d88a9039
000001670e2d83f9
000001670eaf05f9
000001673b01b819
00000167d0e269f9
00000167eb376919
0000016879b7b479
0000016895d499b9
00000168c321f7b9
00000168c77edab9
0000016904917b39
0000016906d6f699
000001690bab5d19
000002d286160c61
00000000019ebc71
0000000000000181
000001694b7b5219
0000016985582179
0000016996e0dd99
00000169a2aaedb9
00000169ac297079
00000169d3a49ff9
0000016a36651c59
0000016a51cb9099
0000016a51fe82f9
0000016a773f58d9
0000016a7ffb30f9
0000016a913e0db9
0000016a97e89e19
0000016ae3b208b9
0000016b025e9dd9
0000016b031c8419
0000016b031c8599
0000016b14eea719
0000016b1b057659
0000016b276a8539
0000016b549f76d9
0000016b75ec4299
0000016bc2f8ae19
0000016bcc441a19
0000016bf0cf5399
0000016ccbaf8bf9
0000016d06e15779
0000016d07b6cc99
0000016d90b86c79
0000016d975461d9
0000016da562a6d9
0000016dc3411799
0000016dde858c99
0000016e3780c879
0000016e630d1859
0000016e65eeee59
0000016e89f014d9
0000016e98accb59
0000016ecc178959
0000016ede784879
0000016ef171e9d9
0000016f094f51b9
0000016f0d208559
0000016f4a274199
0000016f52362d39
0000016f624ac3d9
0000016f74713719
0000016f7de0b079
0000016f860c8279
0000016f8630bc79
0000016f9a4e3f59
0000016f9a4e5659
0000016fa76e0b99
0000016ff34eb1b9
0000017054a46af9
0000017076b08139
000001707a1deed9
00000170905dbf59
00000170b03c3a19
00000170b7fb5e19
0000017119462af9
000001713b2aaeb9
00000171a013b579
00000171a049ca19
00000171fe638a59
00000172021f6b39
000001723ed08e19
000002e52680ae61
00000000019ebc71
0000000000000181
00000172a6536f99
00000172ed1bdbd9
00000172f4d79439
00000172fe9ac4b9
000001736d6657d9
00000173cded4779
000001742a2dc939
000001743b62d259
000001743b67d2f9
0000017479c0beb9
000001747e6ee019
00000174c697aff9
00000174de64cf59
00000174f9075359
00000174fdee13d9
000001753833b879
000001755cd3c6d9
000001757a2d4f59
00000175c9b77779
00000175cde84e59
00000175f3292dd9
000001761190b419
000001763174c919
000001764ca9bc99
00000176588ca639
000001765bf4d459
00000176604b1139
00000176656377b9
00000176a0820b59
00000176d408e9b9
000001770000e019
0000017712795219
00000177342d2519
00000177396ff8d9
0000017770ed2939
000001778a0b9eb9
00000177a4bdeb19
00000178004124b9
000001785cb2e2f9
00000178969c9599
00000178a66edf39
00000178bf29bf59
00000178e5a41039
000001792d0ed619
000001795cf97db9
00000179632b1d39
000001796ff08799
0000017975926059
00000179b2337e99
00000179bbeb2db9
00000179e71244f9
00000179e89280f9
00000179eecd9d59
00000179f64b1239
00000179f8157519
0000017a022efef9
0000017a6cd329d9
0000017a749e54d9
0000017a78cf8a19
0000017a7949fa59
0000017af0a0bd39
0000017af6b18359
0000017b2ae5df99
0000017b45810859
0000017b5e16c1b9
0000017b78434f19
0000017bc080e3f9
000002f7c6eb4f61
00000000019ebc71
0000000000000181
0000017ccc010759
0000017ccd9f85d9
0000017cf7454039
0000017d5460eaf9
0000017d632e1f19
0000017d91024919
0000017da155e999
0000017e12687739
0000017e77acd779
0000017e967953f9
0000017e9c1274d9
0000017eaddfaeb9
0000017edfa09259
0000017eefa277d9
0000017ef5032739
0000017f288fc679
0000017f31a4e639
0000017fc6fff099
0000017fc9e737d9
0000017fedd5c579
00000180259498b9
0000018046309cb9
00000180647f8979
0000018074adc4b9
0000018081a25df9
000001808fa33519
000001808fc14959
00000180b6290fd9
00000180d7d5fd99
00000180df96bfb9
0000018101706e59
0000018143c80659
0000018155f15739
0000018156945079
000001816a4c45f9
000001822825c959
000001826b53ac19
000001831e7fc459
000001832136f339
0000018346607bd9
0000018348f48439
000001834a5ce5f9
0000018352750859
000001836800eb19
000001836dbd21f9
0000018374d2b8f9
0000018420d8b9d9
0000018434f8e259
00000184945ecdf9
00000184a0dff6b9
00000184b3bcb4f9
0000018504ce6519
0000030a6755f161
00000000019ebc71
0000000000000181
000001854b336679
0000018562f7b399
00000185d3837779
00000185ee880f79
000001860504e359
0000018644ffedd9
0000018666eebf79
00000186e3694219
0000018705d141f9
0000018769cd37b9
00000187761ad3d9
00000187cd74fa19
00000187de04f779
000001886c050ef9
0000018896fbbaf9
00000188d8c99599
0000018904d7f2d9
0000018909574359
000001895ec8b419
000001898c8f3b59
000001898c8f3cd9
000001898d0839b9
00000189a37ed079
00000189c9767e19
0000018a07f79619
0000018a33785fb9
0000018a547aee79
0000018a7aac47b9
0000018a8f064919
0000018a931919d9
0000018aabf2dfb9
0000018ab50e62b9
0000018ae27765f9
0000018ae52a38d9
0000018b60688cb9
0000018b84d11cb9
0000018bd516b379
0000018c274bd099
0000018c3da39b39
0000018cc0029019
0000018cded43099
0000018d156b9a59
0000018d20b49579
0000018d7e041359
0000018d91819139
0000018daa95fa19
0000018db4603f59
0000018df061bf39
0000018e27902839
0000018e30782659
0000018e3efff139
0000018e414e5879
0000018e465f4d79
0000018e6d2d0179
0000031d07c09261
00000000019ebc71
0000000000000181
0000018ed9cf8bf9
0000018ef3716899
0000018f229a20b9
0000018fdf6542d9
00000190191a2f59
000001903068aff9
0000019034f652f9
000001903c41fb59
00000190432f8bd9
00000190cd48bc79
00000190f489b159
0000019117f8f5f9
00000191235b3479
0000019124d774d9
0000019153beecd9
00000191abf75c79
00000191c40584b9
00000191d2eef499
0000019212cb06b9
00000192167906f9
00000192368abed9
000001925eab65f9
000001926c1512d9
0000019290167a99
00000192936702f9
00000192b99430f9
00000192f6b138f9
00000192fdc989d9
000001930e4c1f99
0000019347b34939
00000193509a7199
000001935a2c5d79
00000193a3e24679
00000193d5533f59
00000193e4507419
00000193fe6cc2f9
0000019472cd41b9
00000194783a6bb9
00000194b438e1f9
00000194d098ee19
00000194eddedb79
00000194f8669cd9
00000194fcaf6a39
0000019561e501b9
00000195aa582e19
00000195acbcef99
00000195b61a2ef9
00000195c95fdd39
00000195d97bd419
00000195e5f4d2f9
000001964a81c279
00000196689ef239
00000196aa059619
00000196b2672659
00000196d1945979
00000196e0a3c3d9
00000196febd6659
0000019759efba79
0000019773ed3679
00000197843fde39
0000032fa82b3461
00000000019ebc71
0000000000000181
00000197fc16afd9
0000019818daa259
0000019818dab579
00000198278fa1b9
000001984165e379
000001988d18ca39
00000198aceff1d9
0000019910ee0559
000001992fb4aa79
00000199574193f9
0000019983f109b9
000001998a01c919
00000199b1008b79
0000019a55121c99
0000019a57978099
0000019a827fdd79
0000019ab3e71b79
0000019ad6201e59
0000019af8811999
0000019ba1aebbd9
0000019bda6cec39
0000019c37115c19
0000019ce8643439
0000019d0c856b19
0000019d4c8db899
0000019d4d3ff339
0000019d5014b2d9
0000019d7d0766d9
0000019e0911e6f9
0000019e23781979
0000019e26990679
0000019e28de7bf9
0000019e510732b9
0000019e52d92239
0000019e8cfbc9f9
0000019e8cfc3439
0000019eaf830d79
0000019ef05e4fb9
0000019ef545b1b9
0000019f2709b559
0000019f32a36279
0000019f681ef4f9
0000019f90865659
0000019fa13d90b9
0000019fa30e42d9
0000019fa7b52a59
000001a01fa5e719
000001a040751359
000001a0d2404879
000001a0d3669b39
000001a0e1ae7f19
000001a0f46f4599
000001a11bb47a39
000003424895d561
00000000019ebc71
0000000000000181
000001a178855e19
000001a19b71ebd9
000001a1cdfb7fd9
000001a1ffe05979
000001a208dd6d39
000001a276aafbb9
000001a27f94bab9
000001a29a688d59
000001a2bff384b9
000001a2c3326319
000001a2f128eab9
000001a2fc090099
000001a3048cf499
000001a313260ef9
000001a364a70dd9
000001a366fa5179
000001a3a6bd76b9
000001a3e81aa9d9
000001a40c486fb9
000001a429e7a0b9
000001a4652f6a19
000001a47b441df9
000001a4a9c20f79
000001a4d49b5c99
000001a4faad74d9
000001a504525ad9
000001a55fd7e739
000001a599139039
000001a5eda99779
000001a6470c4e19
000001a670ad2c39
000001a6fe75ef59
000001a761082579
000001a7b92afbb9
000001a7db223a79
000001a812b60ad9
000001a81e41c039
000001a837c2a2b9
000001a88ca55cb9
000001a8a06ab899
000001a94d422379
000001a95b67cf59
000001a9904ab999
000001a99ae94539
000001a9b733ff39
000001aa01a9d559
000001aa13a64cf9
00000354e9007761
00000000019ebc71
0000000000000181
000001aaa5422499
000001ab073cdc99
000001ab147aaa59
000001ab2d1db4f9
000001ab6446d779
000001ab6bf87af9
000001aba61e5d19
000001abc363fd99
000001abd0fd58f9
000001ac244d5299
000001ac574707f9
000001ac5ad24b99
000001ac5fbf0cb9
000001acd8e482b9
000001acf1bc63b9
000001ad053cb599
000001ad3ac0acf9
000001ad4bb2eeb9
000001ada9003379
000001adadee45d9
000001adfd261ef9
000001ae3d3f5119
000001ae81bf9119
000001ae842d4df9
000001aec5f32b59
000001aede36d9f9
000001aef5fc1559
000001af0ca1a679
000001af3ec39619
000001af56bdd6b9
000001af60ab93d9
000001af6947b119
000001af789f0219
000001afad0762b9
000001b022fbb119
000001b0327d8e79
000001b0441ae3f9
000001b0b35a3659
000001b0d2231d79
000001b0e28c0db9
000001b0eff09ff9
000001b11c0dc639
000001b14d8418b9
000001b159f5b7d9
000001b15dee7cf9
000001b18449bb19
000001b213b69f19
000001b2913e60b9
000001b2aca89f19
000001b2c5e4a839
000001b2d77a9579
000001b2dcf4e779
000001b31fcc1119
000001b34627dbf9
000001b355d46d79
000001b359033f39
000001b3a9772699
00000367896b1861
00000000019ebc71
0000000000000181
000001b3fdf10cd9
000001b4173411d9
000001b4274b9f39
000001b44a5bc679
000001b44d7171d9
000001b49c253419
000001b4c79eb919
000001b4fa0ac679
000001b51ef8f099
000001b52b79f1b9
000001b54d04dc39
000001b54e053319
000001b54f05ab39
000001b6445fa199
000001b64a5d4099
000001b66274db39
000001b66c22f6b9
000001b70c4a8bf9
000001b747b6dfd9
000001b7dbbfe0f9
000001b7ec179f99
000001b820948379
000001b8a4984af9
000001b8ac1884f9
000001b8aed85f79
000001b8aed8c779
000001b8f730e5f9
000001b9860790f9
000001b986fa14b9
000001b9a120c499
000001b9c0847b99
000001b9fedc3f59
000001ba223cbcf9
000001ba3f02b279
000001ba41c7e499
000001ba4d709b19
000001baa4e291b9
000001bab59ca9b9
000001bac85d25f9
000001bb02a8f079
000001bb0a0afb79
000001bb24c9c8b9
000001bb260436f9
000001bb27dee939
000001bb71bbffb9
000001bbeb03b399
000001bbfa803c19
000001bc06fed539
000001bc4109b239
000001bc47929fb9
000001bc7cb04339
000001bc87082a59
000001bcf023c2f9
0000037a29d5ba61
00000000019ebc71
0000000000000181
000001bd38e3b9b9
000001bd810384d9
000001bddf31bcf9
000001bdedd46419
000001be43492e39
000001be7f088d99
000001becbd330f9
000001bed8b9e3d9
000001bf25d29c39
000001bf410c2cb9
000001bf919cf079
000001c06c241cd9
000001c0efad0af9
000001c139b4a5b9
000001c1493c4219
000001c1c5e91819
000001c1f2cefd59
000001c1f54d0499
000001c22b6aa8f9
000001c234d92e19
000001c26caba919
000001c2c17e34f9
000001c2c17e3e99
000001c2c7a2bff9
000001c3401d2b79
000001c3717f06b9
000001c377540739
000001c390e4c7b9
000001c3a8aacd79
000001c3bb46d759
000001c3e5244e19
000001c41cb816b9
000001c44f7f7199
000001c46f169199
000001c4d122d1f9
000001c4f310a579
000001c4f9af87f9
000001c50198b159
000001c511c09ad9
000001c52745a959
000001c52f4eb9f9
000001c558f56179
000001c5e853b379
000001c6058290b9
000001c61e179139
000001c64de80159
000001c652eedbb9
0000038cca405c61
00000000019ebc71
0000000000000181
000001c668653af9
000001c689173599
000001c6cbcea179
000001c6cec85f39
000001c712953619
000001c7452ccd59
000001c76f4a0a39
000001c7a80769f9
000001c7f6a02539
000001c83a041419
000001c83dbb52b9
000001c877d138b9
000001c88b4daf99
000001c8ab7596d9
000001c92dc03439
000001c949357fb9
000001c970a1b939
000001c998a194b9
000001c9b86f4ab9
000001c9d75a0f39
000001c9d99e9a79
000001ca1d245b19
000001ca47da67b9
000001ca66dad919
000001ca8c5c4f59
000001cab87b1dd9
000001cac05b07f9
000001cad44a29d9
000001cb191c6b39
000001cb1bdfa4d9
000001cb403b0db9
000001cb4fc37939
000001cb53aaa219
000001cb90b0a0f9
000001cbab1a22f9
000001cbcfa0ed19
000001cbfa549759
000001cc363a75f9
000001cc3ffc60d9
000001cc92825c59
000001ccb44695d9
000001cd013089d9
000001cd0bb48179
000001cd5f692559
000001cd65084fb9
000001cd9bf3b7d9
000001cdd15f52d9
000001cdf495d6f9
000001cdf6509df9
000001cdf7fbced9
000001ce110b9d79
000001ce1e6ea459
000001ce202b5099
000001ce417e6479
000001ce68906359
000001ceb4e813d9
000001ced8892019
000001ced89070b9
000001ceeddee539
000001ceee155959
000001cf29fa5879
000001cf30e87e19
000001cf4bc1d2b9
0000039f6aaafd61
00000000019ebc71
0000000000000181
000001cfbc3f3599
000001d020bf9459
000001d07e5cd2d9
000001d09c397f99
000001d0a0442779
000001d0a1eb1999
000001d0a9f04019
000001d11e1c7c39
000001d12ce59cf9
000001d1578ff979
000001d19cbde799
000001d20ca2f9b9
000001d20cc11cf9
000001d20da1f6d9
000001d2806b5cb9
000001d2827cdad9
000001d2a8eb7d59
000001d2b364b2b9
000001d2c02be2f9
000001d2cd0b4f39
000001d320231c19
000001d36c92f4f9
000001d3853d1cd9
000001d402c91099
000001d45939f6f9
000001d46b4c69d9
000001d4b2743d59
000001d4b61fe359
000001d4b8c9c6b9
000001d4dac26c79
000001d4e3d8be79
000001d52ae99bd9
000001d570081c99
000001d58cb92939
000001d5a55c6219
000001d5ab2c9299
000001d5df233c59
000001d621db0f79
000001d63fa49e79
000001d6a43c69f9
000001d6f12b6359
000001d74ed462b9
000001d76c760199
000001d7b7442039
000001d7c038b2d9
000001d7c3036b79
000001d7e42d5d19
000001d7eec474f9
000001d808d5dfd9
000001d859457599
000001d8826ac459
000001d8e57d7879
000003b20b159f61
00000000019ebc71
0000000000000181
000001d9126777b9
000001d95345e1f9
000001d96035f6f9
000001d9614669f9
000001d969055e39
000001d989993379
000001d9d2e6f179
000001d9f4633df9
000001d9ff78cc19
000001da23770699
000001da2562d3d9
000001da59c42659
000001da7bfd9ab9
000001daa29b5d59
000001dac527f859
000001dae8c6b199
000001db4af2bf59
000001db9b43c639
000001dbceca4dd9
000001dbf18e33d9
000001dbffe07d59
000001dc0c6ffeb9
000001dc230a30d9
000001dc4dd36c19
000001dc586c0c59
000001dc5b6f86f9
000001dc7828aa39
000001dcabc91af9
000001dcb39cba19
000001dd1de89079
000001dd4c90df99
000001ddbb96fc99
000001de0b797ef9
000001de320b49b9
000001de4b607f79
000001de7bf31459
000001df40e011d9
000001df40e01379
000001df4ee292b9
000001df878b8c59
000001dfa13dbad9
000001dfd71f2259
000001e00ab9a239
000001e00f7c65d9
000001e0194f68d9
000001e029017579
000001e054f51bb9
000001e06b1f5739
000001e0804b5879
000001e096d56dd9
000001e0ad110479
000001e0fa2663d9
000001e105e57419
000001e105e575f9
000001e12d914af9
000001e14d102eb9
000001e150553df9
000001e15f49ed99
000001e17aa14319
000001e1bd813339
000001e1c6536e99
000001e1c6fc9f79
000001e1cf057c19
000001e23d942cf9
000001e2454a3ad9
000001e24b696479
000003c4ab804061
00000000019ebc71
0000000000000181
000001e27f151c19
000001e2abf03d39
000001e33c6dee19
000001e33eb37cb9
000001e39bf29a99
000001e3e68fa259
000001e426629679
000001e447163db9
000001e456afb219
000001e4c48a6519
000001e4d96dac19
000001e4f2c67f19
000001e5299807f9
000001e52f735719
000001e550396479
000001e55ee35ed9
000001e5e4d8ff99
000001e5fadc10b9
000001e6a275c459
000001e6ade44c99
000001e6b6db5b39
000001e6da080a39
000001e6e7956cf9
000001e710fcd579
000001e72645edb9
000001e76f778c79
000001e7ace77eb9
000001e7b9d91419
000001e7f17d0ef9
000001e8442b7299
000001e87228c019
000001e87c23ed19
000001e8a2d5b4b9
000001e8efc4ad59
000001e92d659819
000001e92f271ef9
000001e93e6200b9
000001e94cc24b19
000001e95ec56b99
000001e9762c0e19
000001e981abb799
000001e9c8dfc2f9
000001e9e3e64a59
000001e9f4396499
000001ea12d68ab9
000001ea28337c79
000001ea41edc7f9
000001ea5c98dc39
000001ea7d771719
000001eab3feb3b9
000001eaf35bda59
000001eb65f10f99
000001eb6e8766d9
000001eb6e8777b9
000001eb6e8781b9
000003d74beae261
00000000019ebc71
0000000000000181
000001ebb77dba59
000001ec181015f9
000001ec9d363259
000001ece16e4c19
000001ece24d7c79
000001ece8efc6b9
000001ecedc4a959
000001ecf88e8259
000001ed4f197b19
000001ed8dd4ba99
000001edbddf2ab9
000001ede1b85379
000001ee27023539
000001ee4fdf4719
000001ee60f2dbf9
000001ee71b56639
000001ee9252eab9
000001ef2ca39659
000001ef517cb0b9
000001ef76cc1059
000001ef7cf17639
000001ef8793cf59
000001ef988d90b9
000001efdb1380f9
000001efee1f2359
000001effc4af419
000001effdc134d9
000001f01d3c1039
000001f064059c59
000001f06943ea59
000001f0ecdddd79
000001f0f68183d9
000001f0f7f63e19
000001f15e83e219
000001f166ad0859
000001f1a1c8dab9
000001f1d3675259
000001f20242c679
000001f2067861d9
000001f2070cbaf9
000001f2123564d9
000001f2266a0a59
000001f23d8d4299
000001f251cafe59
000001f271630af9
000001f311b3de79
000001f32eab9879
000001f356edfc99
000001f39ada4799
000001f3b07f0f79
000001f3ca1684b9
000001f401a39dd9
000001f40d1ac6b9
000001f4652e8939
000001f47eb35759
000001f494607399
000001f4b55a7859
000003e9ec558361
00000000019ebc71
0000000000000181
000001f4f8772d79
000001f531f6f7f9
000001f53645f279
000001f554691959
000001f5646182b9
000001f57d7ebdf9
000001f5b6cd8e19
000001f5c74d2779
000001f5f7073819
000001f645793b99
000001f6abce4319
000001f6baf1b539
000001f6edb28459
000001f70a1b8ff9
000001f710319879
000001f73285aa99
000001f769a69379
000001f7d4710659
000001f7d8ef3799
000001f824759999
000001f826665219
000001f8842f7159
000001f91bd0c6b9
000001f9be1f5c19
000001fa12551dd9
000001fa31807859
000001fa324f4759
000001fa338b3b19
000001fa75a05479
000001faa69a6119
000001fad2ac9ad9
000001faf8ff5b79
000001fb004ce7b9
000001fb1c689b99
000001fb4d28f199
000001fb5dc25039
000001fb66ee4b79
000001fb881e1039
000001fb92ff8a59
000001fbd5363339
000001fc36951d79
000001fc46b90979
000001fc5a31fff9
000001fc90d8b599
000001fca7438b59
000001fca8160739
000001fcad808399
000001fcc6bbd379
000001fcfd21a1b9
000001fd3c615fd9
000003fc8cc02561
00000000019ebc71
0000000000000181
000001fe538856d9
000001fe75eb8e39
000001ff184e78d9
000001ff1d67bdb9
000001ff23a2ae39
000001ff57c9ee99
000001ff5d006399
000001ff9f601c19
000001ffa7387899
00000200a69bc979
00000200b9e2e0f9
00000200be80d1d9
00000200f2f69d39
00000201044e9859
000002014395d019
000002014cd87d79
0000020173c06159
000002018d2709d9
0000020194272bf9
00000201c79c3139
00000201fbefc699
000002020dc6a8d9
000002022e3497d9
000002022e9e5c59
000002023de79d99
0000020243c4e539
0000020283d1d2f9
0000020298816739
00000202cdb58599
00000203065de5d9
000002030e806339
000002031ad1eb39
000002031e782499
00000203764370b9
00000203ad9a0b19
00000203d8f7bc59
00000203e1f7ec39
00000203e7bca259
000002040e23f679
000002044f810bd9
00000204760d68d9
00000204877ea199
00000204c90d39b9
00000204c93ceb79
00000204faf735b9
000002050699a699
000002050fbff559
0000020535593a39
0000020598294d19
00000205ae2f1e39
0000020609542059
00000206095433f9
000002067549d3b9
000002069db8dd39
00000206a7d9c7d9
00000206b590d8b9
00000206b6deb619
00000206d5482e99
00000206f8fc4399
0000020764e6cf59
0000020764ecd519
00000207808dba19
0000040f2d2ac661
00000000019ebc71
0000000000000181
000002079b299dd9
00000207a7999d99
00000207ab03ccb9
0000020809c8fad9
000002080d64bc19
0000020826d535d9
0000020873206319
000002087a64c0d9
0000020881fea2f9
000002088bd2ae99
00000208d3743d59
00000208d9a63b19
00000208f79a3759
000002090e0c2e99
000002091bed8b39
000002094db62059
00000209741a8d39
000002099cb30f79
00000209beedcf79
00000209c8de91b9
00000209ea68f279
0000020a03f43699
0000020a207c2ed9
0000020a219d6b19
0000020a2380c559
0000020a2e2414b9
0000020a41b25519
0000020a559986b9
0000020a8d7bfd99
0000020ae0a73cb9
0000020b665e7b99
0000020b80051819
0000020bb4988f59
0000020bb94002d9
0000020bdd6eaf19
0000020c247f4cb9
0000020c468e2c99
0000020c47ae3bb9
0000020c51d0b179
0000020c7e660039
0000020c8a5a3b19
0000020c8a5a5c39
0000020cb001e7f9
0000020cd07a8379
0000020ced33cd39
0000020d1347cb59
0000020d234ad699
0000020d34a3ddf9
0000020d938bad79
0000020dddc382b9
0000020df9580739
0000020dfea5c4f9
0000020e3a464c39
0000020e60bfbe99
0000020e60bfd039
0000020e621e05b9
0000020eb7c615f9
0000020ec3f9b999
0000020f054c6939
0000020f163f8799
0000020f89fcc439
0000020fa771d6b9
0000020fb7212719
0000020fca140cd9
0000020fd2633219
000002101e513579
00000210215e1e39
00000210543b8f99
00000210547bcf99
0000021072dceb19
0000021094cef159
0000021098084399
00000210d8003139
00000421cd956861
00000000019ebc71
0000000000000181
000002113c5fe4f9
00000211cdb21ef9
00000211d27cc079
00000211eaec5919
000002122aa2a299
000002124ae2f9d9
0000021283f9e539
00000212945e5759
00000212bd90c4b9
00000212c4165859
00000212d70be8b9
00000213445f8bb9
000002134cbc5779
000002136c38eef9
000002136c390d39
0000021394172f79
00000213a1399eb9
00000213a4480bf9
00000213d9cece19
00000213da210639
0000021407b47cf9
0000021417a2ba39
0000021432d56599
000002145a2c7999
000002147659b199
000002149ce61799
00000214cd3710f9
0000021505df5b59
00000215125050d9
000002158a450019
00000215aa0ea879
00000215c9931a19
00000215cd1ae499
00000215db6c8c39
00000216236466d9
0000021624fb2fb9
00000216993a1f99
000002169c966e99
00000216d457c0f9
000002171d982d39
0000021738572359
0000021742e92599
00000217b5a4f5f9
00000217ca96a259
00000217d02db6b9
00000217e39836f9
0000021803c21859
0000021837e76d19
000002184cc71579
0000021860dc83d9
000002186a7d8019
000002187d9def19
00000218ea09d059
0000021981da9559
0000021985961119
0000021989988519
00000219e26b5679
0000021a027d0879
0000021a0c3f3359
0000021a1d97bfd9
0000021a1d97dcd9
0000021a2b0003b9
000004346e000961
00000000019ebc71
0000000000000181
0000021a3653d719
0000021a5594f799
0000021a62541f79
0000021ab878e619
0000021ae937aed9
0000021b15aff199
0000021b464b2639
0000021b464b36d9
0000021b5d51b7b9
0000021bba7529d9
0000021c2fe25439
0000021c983f68b9
0000021cf6f70319
0000021d03afc079
0000021d13d0ff19
0000021d13d11cd9
0000021d14701279
0000021d3c2a9759
0000021d4bc8ad79
0000021d4ce861b9
0000021d535a3839
0000021d572283d9
0000021d60523e39
0000021d6a15b659
0000021d8dadaa99
0000021dd0ee01d9
0000021dd87483f9
0000021e16d72fb9
0000021e33121819
0000021e39076ef9
0000021e57cdb8f9
0000021e8c886c39
0000021ea4b33879
0000021eccedcef9
0000021ed9294b19
0000021f2b5fd639
0000021f86528e99
0000021ff73a76b9
0000022066822059
0000022066bc4d39
00000220bad1a2d9
00000220c1e73b59
00000220f4a358d9
00000221174a8d99
000002215ce340b9
000002218ff06cd9
0000022191532ed9
00000221a0429299
000002220afeb899
000002229768cbf9
00000222c7cf3f79
00000222dbe8c839
00000222eafd38d9
0000022319df8bb9
000002231ce18639
0000022339f41799
000004470e6aaa61
00000000019ebc71
0000000000000181
00000223a8219359
000002241d4b7cd9
00000224216e99d9
00000224436d96b9
000002244550a9b9
000002247ad5b4f9
00000224b7b8bad9
00000224f3d65c39
0000022501ff5599
00000225035e3a39
0000022521373eb9
0000022521375679
000002257a058f99
00000225d76559f9
00000225ef261e59
0000022644df0079
0000022663e76919
00000226935bd599
00000226c2634b59
00000226ce925439
00000226eb361279
00000227260af7b9
000002275f623f19
0000022774ec0b59
0000022798edac19
00000227a5b88c59
00000227ab300479
00000227ad47a559
00000227d6ea3639
00000227da17ba39
00000227e2f20439
000002281fe9bcd9
00000228694985b9
0000022890abf6d9
00000228bc4e96f9
00000228f026cf99
00000228ffa7d999
0000022907299399
000002292786a6d9
000002292c8c6119
00000229345c2a79
0000022953372f79
00000229696b67b9
000002296a9b2a99
0000022993756b99
00000229a96b0239
00000229aa519799
00000229af1ae559
0000022aa2100639
0000022ace6591b9
0000022b1f360219
0000022b339c2799
0000022b339c2959
0000022becae5d39
0000022bf8f752b9
0000022c0ddcf719
0000022c3843c4b9
0000022cc2a71359
00000459aed54c61
00000000019ebc71
0000000000000181
0000022cf3ac16f9
0000022cf65bc1b9
0000022d426fd7d9
0000022d858b6799
0000022d8a493c59
0000022d904418f9
0000022dd28f3e19
0000022e229bebb9
0000022eaf969ff9
0000022f0d1999d9
0000022f20cc3939
0000022f2a880899
0000022f7c314b39
0000022f85c2bbf9
0000022f98fcf639
0000022fae78fd59
0000022ff9f9f0d9
00000230205e16d9
00000230be2f5119
00000230e4acca39
00000231819fb379
00000231983c14f9
00000231e8c818d9
00000231f8846c99
0000023229858cb9
00000232419c85d9
000002324e7a4159
000002329298d699
00000232ab8dcbd9
00000232ae73b799
00000232cbe1b179
00000232ea1c76f9
00000233889c6519
00000233d64d3219
000002342c721b39
00000234355e6c59
0000023444294a19
000002344a13abb9
00000234a9a3cbd9
00000234e673a479
00000234ed2473b9
00000234f67752d9
0000023542089a19
000002354a7f64b9
000002354b7ef0b9
000002355aecfc19
00000235a44e1e99
00000235cfeaa839
0000023605a88319
0000023615210d19
0000046c4f3fed61
00000000019ebc71
0000000000000181
000002362a23c159
000002362dbec139
00000236a53d2b99
00000236b84e6dd9
00000236ffb37019
0000023715bb8c79
0000023791da2639
00000237c4069ff9
00000237c9dbaf99
0000023816f7b3b9
0000023825131c39
0000023874aef4f9
00000238c2cbe0f9
00000238c63eefd9
00000238cd077599
00000238d68573b9
0000023962391b39
00000239684b71d9
0000023969d53059
000002398f803d99
00000239912996d9
00000239a5e1d599
00000239da6279b9
00000239ee2ed459
0000023a15b616d9
0000023a58196b59
0000023a5dbe3719
0000023a67a27139
0000023a82e6ab59
0000023a8d02ed19
0000023b035c20f9
0000023b076fd0f9
0000023b84961119
0000023ba105c539
0000023bde64add9
0000023be65ca5b9
0000023bff200d19
0000023c1fa0de19
0000023c33f1bc59
0000023c48759479
0000023c4ca7dfd9
0000023cee167d59
0000023cfbbb6b79
0000023d21a873b9
0000023d367ab0f9
0000023d53789cf9
0000023db5d85b19
0000023dc38ae4d9
0000023dd1cc4499
0000023e1ad2e759
0000023e5f065f99
0000023e60325959
0000023e6a377b39
0000023ea54a1cb9
0000023ed42f4d79
0000023ef8cfed19
0000023f1036a499
0000023f50b3b2b9
0000023f5cb360f9
0000047eefaa8f61
00000000019ebc71
0000000000000181
0000023f7a4dbeb9
0000023fd20caa19
0000023fdeb10459
000002402f2811f9
000002404deaced9
000002405974ee39
000002408136bfd9
000002409ec4a279
00000240b9833099
00000240d1f21219
00000240fba26139
00000240fc49c1d9
0000024193f98579
00000241a4cd2179
00000241a9872879
00000241ae1fb859
00000241d77bc4d9
000002420b5d8b99
00000242524e98b9
0000024259f7bc79
000002425fb35299
00000242933e7199
000002429db1ed59
00000242a2016159
00000242ff5837f9
0000024315e342d9
00000243176cd619
000002433c473459
000002437e2160b9
0000024383de9d79
00000243c92150b9
00000243fd87a6b9
000002441aac9d39
000002445e988dd9
00000244630fff99
0000024496cd5cf9
00000244c1807119
00000244cfe6c9f9
00000244d05795d9
00000244ee44b1f9
00000244f54f5a19
00000245139a1479
0000024515ed7a19
000002453e8656d9
00000245891169b9
0000024595c0bb99
00000245cf53a5f9
00000245ec9115d9
000002461455fef9
0000024614561e19
00000246177986b9
0000024636a6c859
0000024637ffea59
000002465432fad9
00000246763622d9
00000246d2105ef9
00000246e8ccbfd9
00000246ea51b619
000002470fa457f9
000002471e868419
0000024731eac9b9
0000024735a4c059
00000247ad966439
00000247aec77b59
00000247cd5ee9b9
00000247d24f1299
000002483b9acd59
0000024846674af9
000002484c750479
000002484c752419
0000024860611919
0000049190153061
00000000019ebc71
0000000000000181
00000248e5c54459
000002494336b999
000002494d497fb9
00000249706e0ed9
000002498e0d1299
0000024991217739
00000249a33b6019
00000249c70d2399
00000249e02e4b79
00000249fd592cb9
0000024a04c99079
0000024a981e1b79
0000024ad1f448b9
0000024afafe1019
0000024b28b4cdf9
0000024b3bd768f9
0000024bcbe70259
0000024c01026019
0000024c059c29d9
0000024c2b6ab179
0000024c3ff9c979
0000024c3ff9dcb9
0000024c51470d79
0000024c5e92e659
0000024c798dd719
0000024c7d7327f9
0000024c9ba62339
0000024c9ba639f9
0000024ccd2912d9
0000024cddb554b9
0000024ce07ff9f9
0000024cec232bd9
0000024d189012d9
0000024d63266959
0000024db92c6339
0000024e1190d779
0000024e35b7b8b9
0000024e5b896659
0000024e6f4ea219
0000024e70122559
0000024e7da75219
0000024ea58f4db9
0000024eac041bf9
0000024ed892be99
0000024f28bede59
0000024f3a8cf259
0000024f9dcb5359
0000024fc280e1d9
0000025012a04cb9
000002505ae899d9
0000025090b794f9
00000250bc313399
00000250c2298b99
00000250ffa22239
0000025185e1c6f9
000002518ca245d9
00000251a63bc319
00000251a6bc5779
000004a4307fd261
00000000019ebc71
0000000000000181
0000025233032ed9
00000252496e4319
00000252b8889f79
00000252be5be6d9
00000252c58508b9
000002531ab53259
0000025325203059
000002533ba88979
0000025371c4d099
0000025390c1de59
00000253d2d4e439
0000025408351799
0000025412deaa99
00000254380379b9
0000025444c3b159
0000025546cdc6f9
0000025572216f79
000002559519bc19
0000025595ec55d9
000002559c67e279
00000255c7c5b359
00000255e3c76d39
00000255f579db19
000002564f360e59
00000256595e29b9
0000025659b5c879
000002566453e8f9
00000256655a0939
00000256671e7439
00000256f96e1239
00000256fb7d44b9
0000025723460579
00000257743ae899
000002579aafdc19
00000257a4b40bf9
00000257e1b293b9
0000025802977839
0000025833410cd9
000002589770fa99
0000025943fdb0d9
0000025962dd80b9
0000025991b0e179
0000025993b2b6f9
00000259a3ee9e19
00000259d68ce099
00000259e188ab99
00000259f5c8e4d9
00000259fd2d03d9
0000025a4640af99
0000025a702f1679
0000025abef2cfb9
0000025ad7ac0af9
0000025afba9e579
0000025b08f191f9
0000025b08f1a919
0000025b24215a39
0000025b35ffb659
0000025b483ba199
000004b6d0ea7361
00000000019ebc71
0000000000000181
0000025bc50677b9
0000025bcbfcfeb9
0000025bedb10919
0000025bfe3b5d59
0000025c3af611b9
0000025c5991b9b9
0000025cc8290579
0000025cfba50f99
0000025d134edbd9
0000025d216e4319
0000025d216e5b39
0000025d216e6a39
0000025d2f87db79
0000025d5f7c92f9
0000025d658972b9
0000025d659dce59
0000025d88f1b179
0000025d8e766639
0000025e3fc8f659
0000025e6c4f52d9
0000025eb9399219
0000025ed14a99d9
0000025ee983aa99
0000025f1ef29779
0000025f88cf57b9
0000025f9398ceb9
0000025fb87db859
0000025fbd521ab9
0000026000fdc399
0000026009a6f959
000002600f5e4979
000002604ebd30f9
0000026070ba5919
000002607b012459
00000260a15a2719
00000260b02f6d99
00000260d074b859
000002610ce04499
000002610ff8b5d9
0000026129babb79
0000026135c609f9
000002613825bb19
000002616055f7d9
000002618ce7f479
00000261bb0a3fb9
00000261eda17ed9
00000261f1abb7b9
000002620dc971f9
000002621329a479
0000026213a6ee39
000002621b4ba4d9
00000262616f1f59
0000026283e05939
00000262bb785d39
00000262d1092999
00000262e8e88c99
000002633cf48839
000002634457b5f9
0000026344618f39
0000026359392019
000002635a372359
00000263d240ce79
00000263d6b52c59
00000263eee9d739
000002640edbf6f9
00000264113f7cd9
0000026417d21c39
00000264b6b0a019
000004c971551561
00000000019ebc71
0000000000000181
00000264d4c8dcb9
00000264d82367d9
00000264e62ee4d9
00000265466fcfd9
0000026575d93019
0000026595a11c39
00000265aa4da4d9
00000265d8b2e379
00000265ffde7699
0000026663cd2999
00000266a4e1b9b9
00000266dc6d69d9
00000267264767b9
000002673bebd859
000002674b723d39
0000026773123fd9
00000267944d8419
00000267d08b4779
000002688dcff619
000002689501ddf9
00000268c004e299
00000268dc6ed659
00000268f2d68239
00000268fbaa6639
0000026927b43139
000002692874a7b9
0000026940fee059
000002694f900f39
0000026aca09d299
0000026b16c47179
0000026b573194b9
0000026b828ca859
0000026bae3b5e39
0000026c0a20c479
0000026c1e524419
0000026c20ee6679
0000026c7c4006b9
0000026c7f215699
0000026cb289ad79
0000026ccb3d8759
0000026cf14ded19
0000026d1b487e19
0000026d1d92ce19
0000026d1eee98b9
0000026d26278a99
0000026d70f29999
0000026d73245b79
000004dc11bfb661
00000000019ebc71
0000000000000181
0000026e4404f659
0000026e5aeed779
0000026e7ac3ddb9
0000026ea7ea8cb9
0000026f84c8b939
0000026f951ef879
0000026fac281c19
0000026ff29ad0d9
000002701b399e59
000002704e900fb9
000002706a2c0c79
00000270a89ddb99
0000027157d95e19
000002719771ef79
00000271b31b0cd9
000002725677b3f9
0000027263a80db9
00000272843e7d99
00000272caf982f9
00000272d04d3299
000002730cba5cd9
0000027312078d99
0000027328242a19
00000273327049f9
00000273407c6c19
000002734abf3839
000002738184e959
00000273e3d96819
000002743831eb99
0000027446b6d559
000002749b8004d9
00000274eb329319
00000274fb7d33d9
000002750f37e919
000002751dcbac19
000002753db12cd9
000002758e274239
00000275a0a05599
00000275a23f8579
0000027626a2bf39
0000027638916599
000002763e8ddd39
0000027642efe379
00000276ad2bb0b9
00000276bf301299
00000276c5b156d9
00000276ccf3b099
00000276d8958a99
00000276df428199
0000027735e7f419
0000027744e0ab39
000002775767caf9
000004eeb22a5761
00000000019ebc71
0000000000000181
00000277697a1699
0000027794db6b39
00000277ae93cc19
00000277d2bfe999
0000027807ef1159
0000027838078fb9
000002783bcd9d19
0000027846b91c79
000002789659e7d9
00000278a86b0179
00000278ab300d99
00000278adeaccf9
00000278ed36ec99
000002796d32b9b9
00000279bc373cd9
00000279c2afef39
0000027a0a5521f9
0000027a39afd319
0000027a622bcd39
0000027a77b57739
0000027ace947079
0000027ad909b3d9
0000027addfc14d9
0000027af040f3d9
0000027bb99bfcf9
0000027bdf489479
0000027bf0e26a59
0000027c27356d99
0000027c29985ff9
0000027c31e1a639
0000027c58790799
0000027cc8b64599
0000027cd4910779
0000027cdfbde859
0000027cf1b96d99
0000027dbdccb3f9
0000027dc9bfae19
0000027dfd8fe079
0000027e095d2ab9
0000027ea0def8f9
0000027eca2ba959
0000027ed8e1d1d9
0000027efefc5d59
0000027f4ce31019
0000027f7a91a339
0000027f8bd5e279
0000027f91511b19
0000027fdfd2b0d9
000002805064b919
0000028061d4a519
0000028069888539
000002808af27499
000002809794a6b9
000005015294f961
00000000019ebc71
0000000000000181
00000280fe0f9d59
00000280feb58839
00000281114fffd9
000002814cf9c539
000002815671ee99
00000281842bbc19
00000281ea77f179
00000281ea780fb9
00000281fea7a359
0000028240c4de59
00000282652878d9
000002828be465f9
000002832e3ad499
00000283465a8739
0000028353782879
0000028370c9ca79
00000283a2eba119
00000283a6de37f9
00000283b96e7d79
00000283b9ed38f9
00000283bac79c19
00000283bc45c299
00000283f98703d9
000002842a887a59
0000028430e58899
00000284692d6099
00000284980f3b99
00000284ba5cd0f9
00000284c2ad2e79
00000284c2edc439
000002850821b299
00000285322161d9
0000028562826d79
000002857357a2f9
00000285a411b199
00000285a56fc059
00000285b27d0e79
00000285bdc04899
00000285f5e30459
0000028615ee8039
0000028640aae239
0000028641efdb39
0000028648725659
000002868af4fed9
000002868bf2b339
000002869ab207b9
00000286f3c7f579
000002871527fd19
0000028722e92859
0000028726bc3a19
0000028742c42639
000002876ad79d79
000002877ab76439
000002877ed201b9
000002879ea28a79
00000287c0301519
000002882c7e8259
000002885ae742f9
000002885dd63259
000002888e93fad9
00000288923b7319
00000289397392f9
00000289810a4719
0000028983d06e79
00000289b862a199
00000289ec2343f9
00000513f2ff9a61
00000000019ebc71
0000000000000181
0000028a0ad80239
0000028a0f31ebf9
0000028a1c008f99
0000028a20e06eb9
0000028aa02caf79
0000028aa108a5f9
0000028ab0af8659
0000028ac5f607f9
0000028acbe8bdd9
0000028b002fd639
0000028b002fd819
0000028b37900cb9
0000028b6395ba39
0000028b6f4b6ab9
0000028b6f4b8019
0000028b7d562df9
0000028b8893abb9
0000028b8ea42079
0000028b9108da39
0000028c16d7f6d9
0000028c6164fa39
0000028c6a5a4879
0000028c9101b1f9
0000028cade4fa99
0000028cd03df9b9
0000028cd03e0d19
0000028cf84db339
0000028d32b34ef9
0000028d856d8399
0000028d92905119
0000028dde5782d9
0000028dfd2453f9
0000028e52f27839
0000028e78da6439
0000028e7d5c25d9
0000028e93099cf9
0000028eb0b23499
0000028f3d56ee79
0000028f653fc1f9
0000028fa16da239
0000028fcaf36bd9
0000028ff85cbef9
000002902690d839
00000290398565f9
0000029064486619
000002909984ddf9
0000029100b81c19
0000029158ea20f9
0000029177494d79
000002917c209c59
00000291aa15e2f9
00000291af9b18f9
00000291e2dd0ff9
00000291e34cf4b9
00000291f8244079
000002922fc83d79
000002927a486f59
000002928f0bb719
00000292a4d8c0b9
00000292b191f6d9
00000292bffaa139
000002932f492a99
0000029347b4a119
00000526936a3b61
00000000019ebc71
0000000000000181
00000293735b9399
000002938be0eed9
00000293d7c81b19
0000029419947b99
000002945fa21479
00000294c0a1dc39
00000294e0b62619
00000294fe83c939
00000294ffbe4299
00000294ffda1919
000002950fa99019
0000029533bfc579
000002953c0bf899
000002959eb8f199
00000295bf1ca2b9
00000295c8e3bbf9
00000295f0bf7d99
00000295f17eae79
00000295f73b8859
0000029631aac479
000002967d84da99
00000296a39fb999
00000296add1a059
00000296b8562f59
000002976daadf99
000002977d809339
000002977fee23b9
00000297af397459
00000298022d6939
0000029815150f59
000002983c87dd19
00000298417ef639
00000298509f35d9
000002988bd44179
00000298caa83099
0000029920d42499
000002992a592099
0000029935f7bb59
0000029943c07919
000002994c922559
000002996837f5f9
0000029988f67d99
00000299935b1379
00000299ae9239f9
00000299e1e54e39
0000029a10370619
0000029a6ed891b9
0000029a98340ab9
0000029ab8fa1b79
0000029ad1d04239
0000029aea7bc7b9
0000029aefe99f39
0000029b28020059
0000029b2fe62e39
0000029b41473939
0000029b98f01d39
0000029bb9fcd599
0000029bcf5b4e39
0000029c16a905b9
0000029c7cf53c79
0000053933d4dd61
00000000019ebc71
0000000000000181
0000029c9d876bb9
0000029ce89e79f9
0000029da199ebb9
0000029da8bb8c19
0000029db9c2eb59
0000029dc7425ff9
0000029dcfa6c199
0000029dd08c4919
0000029dd590b7f9
0000029df48d2c19
0000029e3da8ef19
0000029e4a936299
0000029e4dc68ab9
0000029e65d57799
0000029e6cf8b9b9
0000029ea5b364f9
0000029eeafdf6d9
0000029eeea74dd9
0000029ef6095e19
0000029f05af71f9
0000029f0aaf0b79
0000029f477dbfb9
0000029f591bf759
0000029f6a68bed9
0000029f81982a39
0000029fb5ed98b9
0000029fe20df6f9
0000029ff7ec05d9
000002a021b4f279
000002a0922ea8f9
000002a0948a93b9
000002a09754dbb9
000002a0b25090b9
000002a0da020179
000002a0da141b59
000002a0ef3d7459
000002a0f9082799
000002a10dcf93f9
000002a132985bd9
000002a166dbc1d9
000002a19504acb9
000002a19e662859
000002a1f7f08059
000002a2506d2b59
000002a254e267f9
000002a26783a0f9
000002a2f3b56179
000002a329f723d9
000002a32e0dae99
000002a33a321099
000002a3501d49b9
000002a3731d73b9
000002a3b3ea5b19
000002a403b6a959
000002a48d91b1f9
000002a4913a4119
000002a4be04e9d9
000002a53b59c119
000002a54c6cb759
000002a564c495d9
000002a574eede99
000002a5c61ca939
000002a5cd0b9dd9
0000054bd43f7e61
00000000019ebc71
0000000000000181
000002a616378b39
000002a657607579
000002a68bbe6c79
000002a6f96bf439
000002a743162ad9
000002a75e5ce799
000002a79e4234d9
000002a80047c839
000002a855e3b639
000002a858663a99
000002a87159ea59
000002a93f5bd419
000002a9442fda79
000002a9492c96d9
000002a94b130cd9
000002a957de0539
000002a988bf9639
000002a9969da859
000002a9a40a90b9
000002a9d788ee59
000002a9fe4c3059
000002aa4da20319
000002aa5c3017b9
000002aa6a2e82f9
000002aad6e5ceb9
000002ab98993c19
000002ab99d98bd9
000002abcdfb2439
000002ac0c332439
000002ac189775b9
000002ac4dbe8679
000002ac5f3e9f79
000002ac67043e19
000002acb05c9cd9
000002acdbee2859
000002ad08e6d139
000002ad4c491eb9
000002ad61becbd9
000002ad71a379b9
000002ad7b64e059
000002adbe2bdc39
000002adf4611579
000002ae427fd319
000002ae695e6679
000002ae7397ec59
000002ae8f0efcf9
0000055e74aa1f61
00000000019ebc71
0000000000000181
000002af45da5eb9
000002af5df16ad9
000002af7e0c5f79
000002afbaafd559
000002b023771599
000002b024a0db19
000002b04da36e99
000002b055d3ff79
000002b081383859
000002b0b70496f9
000002b0ccfbf9d9
000002b1312d54d9
000002b1406d06f9
000002b19ed8a7f9
000002b1be1f87b9
000002b1c54e5259
000002b1f1453779
000002b211fc1039
000002b2327cfad9
000002b23e141559
000002b2406b7059
000002b283640699
000002b2adbf54f9
000002b2c8cbf3d9
000002b2dcd6d0b9
000002b2fcdefcb9
000002b2fcdf04d9
000002b31b9d0c99
000002b35d091c79
000002b362b10c19
000002b3aea9dcd9
000002b3d0f5e579
000002b4047b0a59
000002b40ca97a39
000002b413f09659
000002b413f09959
000002b41f697419
000002b43bbd9439
000002b47ce9d239
000002b483c57299
000002b4a9058319
000002b4ae66af59
000002b4bc72fe59
000002b4d64b60b9
000002b4e25f40b9
000002b4f4d955d9
000002b4fe79ce19
000002b50aed02d9
000002b5333559f9
000002b552d4f159
000002b56420e3f9
000002b5b4e59599
000002b5bef27879
000002b5c11cd3d9
000002b60ff87cf9
000002b61aa3f379
000002b61cb1aaf9
000002b64e175cf9
000002b68b0c3959
000002b6d9153d19
000002b71a092c99
000002b7328f4299
000002b7ca0826f9
000002b7d1a1bb59
000002b7de8d4f79
000002b7e7b93a79
000002b842553f99
000002b84473b179
000002b87b02df99
000002b8801685b9
000005711514c161
00000000019ebc71
0000000000000181
000002b8ae38a0d9
000002b8bd0f3ef9
000002b8e667da39
000002b8f163a8b9
000002b910a8a159
000002b9636fcdf9
000002b9b7f4e3f9
000002b9be796a59
000002b9cb29d899
000002b9d0d36ed9
000002b9dbd1e379
000002b9dfc21cb9
000002b9f2d00839
000002ba47630639
000002ba6cca4379
000002bab9e1ef79
000002bac225cfb9
000002bacd1ba8b9
000002bacd4c5db9
000002bae48fd6f9
000002bafb430fb9
000002bb01826cd9
000002bb70d8a8d9
000002bb883e6479
000002bbc890f439
000002bc08167a99
000002bc27a3c9d9
000002bc42d2e459
000002bc5337eed9
000002bcf81ab279
000002bd740fa759
000002bdc65c9039
000002be065eb219
000002be196b3a59
000002be24e55b79
000002be39394659
000002bf06909419
000002bf3fd5b379
000002bf4515b719
000002bf8b08b7b9
000002c010850019
000002c069d5df59
000002c091dbc8d9
000002c09b7a1539
000002c0e6362f39
000002c0f44660d9
000002c13808a759
000002c13ec5aad9
000002c1697de799
000002c177494d59
00000583b57f6261
00000000019ebc71
0000000000000181
000002c1dc721879
000002c1f6078b19
000002c1f6c0a819
000002c20ca19e79
000002c219800a39
000002c221326df9
000002c2426fac39
000002c2926c9099
000002c31de09999
000002c32253c239
000002c34181e5d9
000002c3504a9799
000002c3981467b9
000002c3b63087f9
000002c3c1f1ffd9
000002c3eeff5c79
000002c3f788e799
000002c3fd6a1179
000002c40bdef259
000002c4348a3959
000002c458afc779
000002c458afc8f9
000002c458afcad9
000002c4a1345619
000002c50b774059
000002c54bc52dd9
000002c5888c8dd9
000002c5c056ff99
000002c5c43f1719
000002c69c6653d9
000002c6fd4c9cb9
000002c70d5c6359
000002c7485b3d79
000002c7c4d122d9
000002c7f70037f9
000002c7f7004339
000002c7f7141059
000002c830d26539
000002c84b004cf9
000002c852676e59
000002c879b385d9
000002c8e5012799
000002c91077c039
000002c9634f6439
000002c97d269e19
000002c9d8ca6279
000002ca2f5a8939
000002ca554b1c59
000002ca6110f779
000002ca7f9f3639
000002caa3ea86f9
000002cab4b3c199
000002cac08bc319
000002cadb074ed9
000002cb256e6299
000002cb288d04f9
0000059655ea0361
00000000019ebc71
0000000000000181
000002cb5e619fb9
000002cba24ffff9
000002cbfef5d1f9
000002cc242ffcb9
000002cc415befb9
000002cc73dee4f9
000002ccaa7bbc99
000002ccd5ef1e99
000002cce0d15279
000002ccec149bb9
000002ccf5ad37f9
000002cd38d865f9
000002cd4695d299
000002cd5ab3d7b9
000002cdc6723f39
000002cdd20cfdf9
000002ce0d60c9f9
000002ce5ad36a99
000002ce66f7f2b9
000002cec395ab19
000002cf18d596f9
000002cf192cab59
000002cf22f70919
000002cf7cbe6a59
000002cffdec05d9
000002d0187443d9
000002d072919499
000002d07db6ad59
000002d09daffd99
000002d09ec15f79
000002d0aa2b25f9
000002d0b85d2dd9
000002d0baa52a19
000002d0dd66ba99
000002d0de892bd9
000002d11428a159
000002d14bf39819
000002d151a74d99
000002d158463159
000002d1c38906b9
000002d1c7158259
000002d1dbd52259
000002d1f945d4b9
000002d2068f2c99
000002d23c680ef9
000002d25cf3c8b9
000002d25ea8ff59
000002d294e226b9
000002d2a668e4b9
000002d2a8849959
000002d2b230a179
000002d2c17f41b9
000002d2ea695ff9
000002d2f65263d9
000002d327389379
000002d327cd0f79
000002d32a9dba19
000002d33f822a19
000002d34d68b179
000002d35699fa39
000002d37a7aedb9
000002d3818f1039
000002d3f6a8e079
000002d4137bb0f9
000002d45c491999
000005a8f654a561
00000000019ebc71
0000000000000181
000002d4994fc279
000002d4b72ba2f9
000002d4c95760f9
000002d4e0bd36f9
000002d50e230899
000002d538d885d9
000002d57b2bbbf9
000002d5953c6c99
000002d61a743919
000002d61d1b2979
000002d635f28699
000002d66842eed9
000002d687f8cdf9
000002d68e54aa59
000002d6c0f8e8f9
000002d6c58a7df9
000002d6e8e3c8b9
000002d75ae22399
000002d7ca2e0719
000002d811ae5b39
000002d81a2ac7d9
000002d82c821799
000002d82d7a63d9
000002d86149b659
000002d864025159
000002d88bb4aa99
000002d89cd5b4b9
000002d8b2c42b79
000002d8b465d419
000002d8c25ea0d9
000002d9009ae8b9
000002d90ea658b9
000002d933560c39
000002d96af06b99
000002d9cd2f1159
000002da00b235d9
000002da6130b339
000002da6b580239
000002da86d6e239
000002dab7f92079
000002dab7f928f9
000002dacec69639
000002dad3c8a839
000002db9cdf34f9
000002dbbb4bc419
000002dbbd96dad9
000002dbd8b5dcb9
000002dbf22866f9
000002dbf2287db9
000002dc2ee67879
000002dc36a02239
000002dc73ba0ad9
000002dcb40144b9
000002dcc3ed9519
000002dceb30cad9
000002dd012e84d9
000002dd0e1c9739
000002dd2f57ba19
000002dd6a619af9
000002dd72af0c59
000002dd935b9399
000002ddbd854659
000005bb96bf4661
00000000019ebc71
0000000000000181
000002ddcf01d6b9
000002ddda18b939
000002ddefd2efd9
000002de3092cad9
000002de92890359
000002dea2a606f9
000002deab181199
000002dec4eddef9
000002dedfc994f9
000002dee929c699
000002df2b0d7a19
000002df35649039
000002df47405719
000002df56b2d539
000002df8c2e28b9
000002df8da2d199
000002df9c4d8bd9
000002dfc626bb19
000002e02c8a1359
000002e03ad923b9
000002e07e0b1af9
000002e091c6d319
000002e0cc8aa739
000002e0d1021279
000002e0ef1ddd99
000002e0f693a639
000002e20ec71399
000002e21c0d8b19
000002e28477a7b9
000002e29f8fccf9
000002e321d5a7d9
000002e369079e79
000002e3bd9f2a59
000002e3c555f7f9
000002e3c746bbf9
000002e3dfe103b9
000002e4079b8b79
000002e42cea00d9
000002e442d61d19
000002e4523752b9
000002e4c7998219
000002e4e451e179
000002e51c16beb9
000002e544ba2839
000002e546c40759
000002e560346f19
000002e562765a39
000002e57f85dc79
000002e57fcecb79
000002e5c5ca49f9
000002e5d7e47059
000002e5d9dcfd59
000002e5ffd12fb9
000002e601cc1b59
000002e61cab0199
000002e6b2048ff9
000002e6d4f90659
000002e6e20bda19
000002e6f1c76399
000005ce3729e761
00000000019ebc71
0000000000000181
000002e73d54ffd9
000002e7470ec8b9
000002e77e5a8699
000002e7fb1a0919
000002e7fe6fce59
000002e81086f299
000002e81564b2b9
000002e81a9c7e39
000002e8483555b9
000002e8524cc4d9
000002e860353239
000002e86a7ad4d9
000002e86fbcd699
000002e8ef3e2f19
000002e8f6068f79
000002e8fb7d9299
000002e9259fbe39
000002e9c710b7f9
000002e9f78bb1b9
000002ea41f3a019
000002ea483cea79
000002ea7e18ad39
000002ea7e18f379
000002ea89458979
000002eac58967b9
000002eaca85c059
000002eaf7d150f9
000002eb265219b9
000002eb396e6099
000002eb948f72f9
000002ebae35bd19
000002ebb0683839
000002ebb3329119
000002ebdc2a8e39
000002ebeaa1f619
000002ec0be4fc79
000002ec295e1bf9
000002ec5df8bfb9
000002ec8f8a3b99
000002ecad30df19
000002ece199ee19
000002ecfb7e6699
000002ed0dcb79d9
000002ed18ae3919
000002ed26434639
000002ed32c87079
000002ed656364d9
000002edb27d76f9
000002edd21766b9
000002ee1b9aec99
000002ee51c20f79
000002ee972a0039
000002eecddb1d79
000002eee7d72e39
000002eeee33f5f9
000002ef4ed086d9
000002ef703774d9
000002ef736569b9
000002efddfa04b9
000002efe870ccb9
000002eff58baaf9
000002effc7b59f9
000002f0414c3e99
000002f04f51b7d9
000002f050325a59
000005e0d7948861
00000000019ebc71
0000000000000181
000002f07cc71759
000002f07f1ce679
000002f08b364179
000002f0ea78e419
000002f10a6234f9
000002f156bf0a99
000002f169d74779
000002f16a640559
000002f19d3c0df9
000002f1c2dbd959
000002f1de1f4179
000002f1fe2255b9
000002f20dd01719
000002f23ba06ff9
000002f2465df7d9
000002f25153d579
000002f29391a5d9
000002f297cbeb59
000002f2afe92cb9
000002f2e75c0239
000002f2f920fef9
000002f305faf599
000002f30fcc25b9
000002f36f6c9319
000002f3b7372239
000002f3b7d060b9
000002f3d990fe79
000002f4404f0ab9
000002f451712f39
000002f4a3cf37d9
000002f4a8653db9
000002f4ba27d979
000002f4c5c350f9
000002f5367f6b99
000002f56e661e59
000002f5b9e7b2d9
000002f5edc27c79
000002f60a130d99
000002f616b754f9
000002f6bb6a2039
000002f6ed213439
000002f74ce7aa39
000002f7649d95f9
000002f78cbc22d9
000002f7bf7d3899
000002f810f61959
000002f825cb1d99
000002f829571419
000002f840730159
000002f845531e79
000002f87aab1ed9
000002f8845d1719
000002f8de2d1a99
000002f8e736a0f9
000002f8ff50d1b9
000002f955f134b9
000002f96c7c7e19
000002f9877ebd39
000002f99b5d6a79
000005f377ff2a61
00000000019ebc71
0000000000000181
000002f9d870f8d9
000002f9ea12e1d9
000002fa07f559b9
000002fa709a35b9
000002fa8782b1b9
000002fab3dad799
000002facfc345f9
000002fadb3a7879
000002fadf8aaaf9
000002fb0552c019
000002fb529e6579
000002fb62215419
000002fb73c5cfb9
000002fb8204b139
000002fbd41832d9
000002fbd92164d9
000002fc0b77e659
000002fc1837d3f9
000002fc25ddf979
000002fc4a986d99
000002fcc075e399
000002fcc7bbd659
000002fcd093c739
000002fcf64c60b9
000002fd2e54e819
000002fd9c7c21f9
000002fdc89f9419
000002fe5c3db999
000002fe6de041b9
000002fee6336f99
000002fee73a5439
000002fee9fab239
000002ff2fc4df79
000002ff5e14ec39
000002ffa59170d9
0000030030f88979
000003003fc8f579
00000300501a6d59
0000030059337cf9
000003005f26cd19
00000300a1ca22f9
00000300c4fac679
00000300c5e2ccf9
00000300ffde6079
00000301626f0d39
0000030183397e99
00000301d85f4239
00000302033fe379
000003023ae82959
0000030278dcf319
00000302e2bb4319
00000302efbeddf9
000006061869cb61
00000000019ebc71
0000000000000181
000003031fccf659
0000030356208bd9
000003037aeadcd9
000003037c4319b9
00000303a05d91d9
00000303a05dbcb9
00000303a8893cb9
00000303eda54c19
00000304010e98f9
000003041bf59419
000003041ce6eb59
00000304f7de9ff9
000003054da8e699
000003055200e519
00000305af3c8779
00000305ca803979
00000305fc7e42d9
0000030609472099
0000030664bc0279
000003067f0c28d9
00000306f9089eb9
000003070f303cf9
00000307329846b9
0000030743063bf9
000003075dc6c279
00000307767e90d9
00000307786b9b39
00000307997a16b9
00000307b3781559
00000307c66be1d9
00000307c7693179
000003081805cdb9
000003081fa76eb9
00000308206625d9
0000030825c63559
000003087c6b58f9
00000308ad31ae39
00000308c753fd99
00000308ccb4ad59
00000308e5041639
0000030906495359
0000030914c03f59
0000030930c6ba19
0000030974c27279
00000309c31f0339
0000030a0ee5b919
0000030a48fa05f9
0000030a669f52f9
0000030a7832a879
0000030ab2e2f919
0000030ac7746419
0000030ad9aff479
0000030af42d4cf9
0000030b06c4d079
0000030b394c6e19
0000030b3f71b419
0000030b43c7ab59
0000030b59f86059
0000030b73a4d4d9
0000030b7a27f279
0000030bc99b3c99
0000030c18b39db9
0000030c1f09ef59
0000030c2b020b79
0000030c336183f9
00000618b8d46c61
00000000019ebc71
0000000000000181
0000030c8503cdb9
0000030c99be4f19
0000030c9edc5a79
0000030cac35cef9
0000030cacf6d9d9
0000030cc76a0139
0000030cc9fb0bd9
0000030d4aab1f59
0000030d4bdfb399
0000030d7f56d4d9
0000030da9e62f39
0000030db5dd4439
0000030dc133a0b9
0000030dea6661f9
0000030deec8ab19
0000030e53e04599
0000030eaa8c7479
0000030edc65e879
0000030f2bb74c19
0000030f76fa6759
0000030f93e209f9
00000310193217b9
000003101c9dda79
000003104a125259
00000310a21f3a79
00000310e3646059
000003110020bdb9
000003114c27acf9
00000311bef90d39
00000311d7e866d9
000003120632ad79
000003123a922779
000003124b0f2099
00000312bcdef699
00000312fa377ab9
0000031316817399
0000031325555539
00000313292616b9
000003136f611ff9
000003137d704e99
0000031385706179
00000313c40b2a39
00000313cefb5f79
00000313e3904fd9
00000313f8120939
000003146c933879
00000314966880b9
000003149a41db99
00000314a8d245b9
00000314c3d3ee99
00000315003518f9
000003152e971479
00000315343d0a99
000003158216ccb9
0000062b593f0d61
00000000019ebc71
0000000000000181
00000315e09b7359
0000031621a0cf39
000003162ed65979
000003163a34d9b9
00000316b6e0b419
00000316b8a56599
0000031717053ef9
0000031771827b59
000003178d96d699
00000317d1c83b99
00000317e0b77b39
00000317f0c97119
00000318319c0e39
0000031837809079
00000318788ba539
000003187b38f2f9
00000318d88ac079
00000318dbd45cf9
00000318dd6eb579
00000319422cb9d9
000003195585b479
00000319b987c2f9
00000319bef9f8d9
00000319bf0bf859
00000319c09649f9
00000319cc05ddd9
0000031a033c2539
0000031a116fc359
0000031a127867f9
0000031a14a207d9
0000031a402e5fd9
0000031adc78dcf9
0000031b02ab9a39
0000031b4e23ddb9
0000031b78cade19
0000031b81a007d9
0000031c0e365e39
0000031c47b487b9
0000031c5a91c8f9
0000031c643d5b39
0000031c800d5519
0000031cabed5db9
0000031cf0d786b9
0000031cf375f5b9
0000031d77d16a39
0000031d7fb9bc99
0000031d8111be19
0000031dbfdffaf9
0000031dce9dff59
0000031e13121d79
0000031e1477f0f9
0000031e5c53d519
0000031e92bb4b59
0000031ebf171659
0000031edde2ea79
0000031eedd2da99
0000063df9a9af61
00000000019ebc71
0000000000000181
0000031efe1d5779
0000031f282fe379
0000031f2aafee39
0000031f45bfd499
0000031f4ca93919
0000031f4ca93ad9
0000031f557e2159
0000031f5add3d19
0000031fb8f561b9
0000031fba99c4d9
0000031fbf50d139
000003201cd98e19
000003201ec4f819
000003201ec51539
000003203fdf0619
000003204e499cf9
0000032067c890f9
0000032099b0fe39
00000320ddfdcbb9
00000320f97a5ff9
0000032144be9e19
0000032158562f99
00000321f8c51d39
00000321fe208cf9
0000032217fe1879
00000322c3c2e019
00000322c6958a19
00000322f5363819
000003235e6fa099
000003238b6c61d9
0000032391150939
00000323a2271239
00000323c24d7539
00000323daa4f639
00000323e0105679
00000323e0106d59
00000323e9a72df9
00000323fb1fb7b9
0000032413301839
0000032429cc36f9
000003242d69f399
000003243501b3f9
0000032480dd0319
000003248797d0f9
000003250deb5019
000003253994b139
0000032550cf4359
0000032562accb59
000003257d64f699
0000032584eb2db9
0000032623231e39
00000326825537f9
00000326aa18c4b9
00000326b2e60459
000003270bf97e19
000003275bddec59
000003277f073239
0000032806391bd9
000003284273bdb9
000003284bc5c259
000006509a145061
00000000019ebc71
0000000000000181
000003284f994139
0000032867817599
000003287b9125b9
000003289de655b9
00000328aa846099
00000328c4b18fb9
00000328c4b19899
00000328cc7de4b9
00000328ecef26f9
00000328f3d21f19
00000328fd340a59
0000032923f7a659
0000032932bce4d9
00000329729a8119
000003297b4c8039
00000329a537c179
00000329d3a6ff19
0000032a08e78699
0000032a093599b9
0000032a372abeb9
0000032a46507cd9
0000032a52f04179
0000032a53b2f739
0000032aa0f20919
0000032b1c65b8d9
0000032b5c07e2f9
0000032b694715b9
0000032bb091b7d9
0000032bd4b2c5f9
0000032bd92f88d9
0000032be36f6999
0000032bf82036f9
0000032c71a4a7d9
0000032c7a9c28b9
0000032c985a2c59
0000032d42315a99
0000032d4b0aa1b9
0000032da5a9f019
0000032e34da3bd9
0000032e69c3f039
0000032edd967e99
0000032ee082fbf9
0000032ee59512d9
0000032f2e766239
0000032f3c8c3a39
0000032f45f3bef9
0000032fd2b89bf9
000003300cd39439
000003307fa6b039
0000033080b10af9
00000330948d7b59
00000330b3550039
00000330f0b9fb99
0000033103f563b9
0000033126983b99
000003317302bbd9
000006633a7ef161
00000000019ebc71
0000000000000181
00000331d6aee439
00000331f6df1379
0000033227dcf479
000003323ab11a19
00000332913ca299
000003329d217019
00000332d34e23f9
00000332f80e0539
000003330dcd1819
0000033313de5c39
000003332b5f2579
0000033340be6d59
000003338e6a8079
00000333cc2ade19
00000333e4999579
00000333f7672d99
000003340d32cd19
000003346aed1919
00000334743de5d9
00000334b2c48619
00000334b8b36199
00000334f40648f9
000003350e13fe19
000003353b39a3b9
00000335b6c029f9
00000335de3a6959
00000336140decb9
0000033665a55a39
000003368659ecb9
000003368ed4ccb9
00000336ae20a819
00000336b336bc79
00000336b6cf59b9
00000336d60dd919
0000033727cb0579
0000033733f452b9
000003373c5558d9
000003375fc840d9
000003378bddf7d9
0000033796268f19
000003379ba9b059
00000337cdc44a39
00000337d4dc2d39
000003385d5b15f9
000003389b861fb9
00000338cc69bff9
00000338f83023b9
00000338fbab15d9
0000033a07cf8619
0000033a1ed3a7f9
0000033a546f0759
0000033a546f08f9
0000033a5a897eb9
0000033a64f00639
0000033a9d0bbfb9
00000675dae99261
00000000019ebc71
0000000000000181
0000033b45ace8d9
0000033b4b698f79
0000033b61b8c2b9
0000033b650e5219
0000033b9740bc79
0000033bc5f057d9
0000033bc61f6479
0000033c06ae3d79
0000033c19b8a9f9
0000033c533b8199
0000033c59611999
0000033c62c00279
0000033cf6e58799
0000033d063784d9
0000033d381206d9
0000033d4b187cd9
0000033de8a79c39
0000033e3d5a6e99
0000033e6f6de4b9
0000033e8a51dc59
0000033eac1f4299
0000033ee564c019
0000033f5726dbb9
0000033f83b73f99
0000033f8aea9519
0000033fa5855ad9
0000033fb6d1b3b9
0000033ffdc825f9
0000034079ac0bf9
000003408a6106f9
000003408f2b3759
000003409e59d5d9
00000340f159de39
00000340ff77edd9
0000034105cc2999
000003411b73e0b9
000003413da190b9
00000341932220d9
00000341b4a13699
00000341c464e719
00000341d7dbded9
00000341f2f72899
00000341f9842799
00000342143ac079
0000034264062219
00000342c5530259
00000342c5530c39
00000342c55310b9
00000342e6752699
0000034330d3d039
000003433fa44739
0000034342ea6eb9
00000343626a3359
0000034373bbc1d9
0000034378c58899
000003438c956f79
00000343a5a61759
00000343c10a2279
00000343e50c53b9
00000343f04ab9d9
000003441dc1b099
000006887b543461
00000000019ebc71
0000000000000181
0000034470ae7d59
00000344a3ab7cb9
00000344c7703299
00000344d9ef7579
00000344fb220499
000003451f46fbd9
000003454f9de899
0000034557360d59
000003457deec519
00000345ec054c99
00000347213dad59
000003476a98c5b9
000003478c45ba99
000003478d8dc419
00000347a01d0cf9
00000347bbf927d9
00000347c3dac4f9
00000347c3dae419
00000347e28bafb9
00000347f36cc139
0000034804072179
00000348279e3659
000003482fe92b99
0000034852c67c59
000003486aae3df9
0000034876cd6ef9
0000034882a0ecb9
000003488b4023d9
00000348d8f70d19
00000348e7064fb9
0000034931af6ab9
0000034992404db9
00000349a3ca6579
00000349a8cd53b9
00000349e690e219
00000349f8706b59
0000034a4f4d0fb9
0000034a5dc871f9
0000034a90f623f9
0000034af5ccd179
0000034b92b8fb79
0000034bc0422979
0000034bc7e7f2b9
0000034bdb4e6eb9
0000034bf0e11159
0000034c6b445d39
0000034c88ff7c99
0000034c9dcc9b39
0000034cb4347f39
0000034d4a1be679
0000034d55862af9
0000034d564a7a39
0000034d7890e579
0000069b1bbed561
00000000019ebc71
0000000000000181
0000034de222a079
0000034e1cec8cb9
0000034e67c99c59
0000034e77aabfb9
0000034e84898359
0000034e9e55e459
0000034ea649a979
0000034eb1167b99
0000034eb3b1b079
0000034f0cd55039
0000034f303d55b9
0000034f3a93ae39
0000034f5c5330d9
0000034f7c8a3499
0000034fbad49739
0000034fee246939
0000034ffe3044f9
000003500fbbfe59
00000350257640b9
000003505cc020f9
00000350884cb479
000003508f119519
000003509f3000b9
00000350a33ed579
00000350d7195099
00000350e86fc359
0000035129a330b9
000003512f0608b9
00000351a009ab79
00000351d496b659
00000351f3418279
00000351fdb7f119
0000035227425d19
000003524ad9d739
000003526252f6b9
000003526cfc0539
00000353285d5d99
00000353458e37f9
000003537a5c4bf9
00000353b26ccbb9
00000353c21ca659
00000353d3afc939
00000353e0617b99
0000035450796939
00000354690cc3b9
000003546b15fc79
000003549011a699
00000354b248e6f9
00000354b80b0139
00000354cedb6f59
0000035506ec2b99
0000035517002179
00000355a7245559
00000355e43aa2b9
0000035610deeb19
00000356a2107039
00000356ba70fbf9
00000356c950b039
000006adbc297661
00000000019ebc71
0000000000000181
00000356fb9f1339
0000035736b84d59
00000357752df0f9
000003578905eb39
0000035817a6ba19
000003584192e8f9
000003584e6a9fd9
000003585b6f5239
000003586dd59b59
00000358e3aacf59
00000358f8744bd9
00000359320cb359
0000035952cfa6b9
000003595eed2399
00000359769d4c59
000003598441bf59
0000035999be6339
00000359c1a031b9
00000359d3d58d19
0000035a3c11d039
0000035a3ed7c559
0000035a50ef85f9
0000035adc49aaf9
0000035b610031d9
0000035b78a70b79
0000035b886e97d9
0000035b970af239
0000035ba5462a79
0000035bb042ee79
0000035c2266af19
0000035c63ec27f9
0000035c84223919
0000035cde8020b9
0000035d19840559
0000035d5e59d699
0000035dc034bbd9
0000035de9532d79
0000035def946e99
0000035e1542afd9
0000035e2ba9e0b9
0000035e4cc4d6d9
0000035e50e60c79
0000035e773650b9
0000035e831fbb19
0000035e94d5d359
0000035ed9f18cb9
0000035f1b9ecf19
0000035f314865b9
0000035f4e952839
0000035f976f1739
0000035fadf06d79
0000035fb8219039
0000035fbc763899
000003601e6f6ff9
000006c05c941761
00000000019ebc71
0000000000000181
00000360311db319
00000360384c35b9
000003605af1ca79
000003605eb430f9
0000036074ff7f99
0000036083bfaef9
0000036094a5c5d9
0000036096042c59
00000360d38802f9
0000036108a34e99
000003611704f499
0000036132daff59
000003613c077819
0000036155f02899
000003616d6acfd9
000003618a84b359
0000036195dd72d9
00000361a3489039
00000361d3706f79
000003620c5d2d79
00000362541ce8b9
00000362692d6bd9
000003629d5e6979
00000362d837f179
0000036315f4ac39
00000363255c68f9
000003638c5ba6f9
00000363a01fe1f9
00000363c2e13fd9
00000363e4604fb9
00000363fd7542f9
000003640d0138f9
000003646815e7f9
00000364798d66b9
0000036487151779
00000364b0baf519
00000364be4032d9
00000364c8dd1cb9
00000364d577ab19
00000365073d0819
000003657e766fb9
00000365a4edddf9
00000365ca83a939
00000365ffa9db79
0000036605931e39
0000036609d1c219
0000036623acb919
0000036628ad14f9
0000036629cc22b9
00000366884a15b9
000003670c7c9d19
00000367274f50d9
000003674bb2aa59
00000367590d2899
000003677c1f0e79
000003677cebaf99
00000367a03c55d9
00000367a9d95f39
00000367c1c5d739
00000367e3007739
00000367eb524c99
0000036887dfd6f9
0000036888237dd9
00000368ef053e99
00000368f8a59cb9
0000036920358c79
000003692035a6d9
0000036941bf7c99
00000369686f4ad9
000003696883f959
000006d2fcfeb861
00000000019ebc71
0000000000000181
000003698dc448f9
000003699fec4359
00000369bb9cbf99
00000369cc61a319
0000036a3f7c8b99
0000036a458dd579
0000036a614a6499
0000036aa7984459
0000036aade3b459
0000036ab9e5a159
0000036ac50f1f39
0000036ac558ad19
0000036b1359dfb9
0000036b1c691959
0000036b25b03219
0000036b305a2e79
0000036b35787599
0000036b54f26479
0000036b78e66a59
0000036ba8714539
0000036c2ba2ad19
0000036c2ba31a79
0000036c7e5dcd59
0000036c80a3d779
0000036c8b9eb859
0000036c9d626319
0000036ce54f3759
0000036cfb26ca79
0000036d18b5c199
0000036d321d0259
0000036d453f1339
0000036d6b468399
0000036d98061bf9
0000036da32361f9
0000036dc8142979
0000036df1ceeb39
0000036df31eb8f9
0000036e80f49b39
0000036e8be2d019
0000036e91249159
0000036ea9f247f9
0000036eaef45059
0000036eb2514319
0000036f27571379
0000036f3d0ae979
0000036f61445e39
0000036feb626fb9
0000036ffa237339
000003700a0f8279
000003702b6e27d9
000003703848ba39
0000037072b87ef9
0000037076beb819
000003709bade599
00000370dd6196d9
000003712131c379
0000037151813df9
000003715ea2d159
00000371862fc999
000003718830c8f9
000003718d701199
00000371aebb7d19
00000371c5a5c539
00000371d100a0d9
00000371ffa85439
0000037264cc18f9
000003729553aff9
000006e59d695a61
00000000019ebc71
0000000000000181
00000372db948679
00000372e0eb52b9
0000037390a82c19
000003739924f659
000003739f0e2599
00000373a5d87a79
00000373c29b76d9
00000373c442dcb9
00000373f329d1b9
000003742ce2b479
000003744fe68e99
000003746469e139
000003746f2c08f9
000003747e4aa3d9
00000374f46b3cd9
00000374fb5764f9
0000037500293859
0000037519420019
000003752fdfc199
000003754c273f39
0000037566748a99
0000037575e7bcf9
000003757e902659
000003759bff6fb9
00000375b0546ed9
00000376327ec479
0000037651ac8ad9
000003766dcef6d9
0000037680a3f019
00000376827873f9
00000376862d3239
00000376eff5d0b9
00000376f48e4b39
00000376f9bd0439
00000377336c5f79
0000037745e7f799
000003774c6c93f9
0000037786c99099
00000377b3ffd7f9
0000037872b6bdf9
00000378772700b9
000003789b0c1839
00000378da78aed9
00000378f25e0ed9
00000379164d9b19
00000379513b35b9
000003795aaafcb9
000003796075e579
0000037a3b6e7f59
0000037a3dd1eed9
0000037a662dbe19
0000037aad8e7fd9
0000037ab0f48359
0000037aca71c7b9
0000037b0e71d279
0000037b3409d9b9
0000037b4a34dc79
0000037b83c8b399
0000037b86b4bb19
0000037b95958599
0000037bc4c3a759
0000037c0141cc99
000006f83dd3fb61
00000000019ebc71
0000000000000181
0000037c4ae77019
0000037c8399fd99
0000037c8e367699
0000037c946a9499
0000037cbae1bf19
0000037d12016999
0000037d17bbd939
0000037d315ff3d9
0000037d72dc7e59
0000037e18f824d9
0000037e4d8aad19
0000037ee07c5d39
0000037f1bcf5d39
0000037f2d860579
0000037f50ee7379
0000037f6c103819
000003802d966c79
00000380440817d9
000003805a8f7c79
00000380a17cb2f9
00000380a6f7e379
00000380a896ef19
00000380ac43dbf9
0000038101c30659
000003817060a6f9
000003818aaac3b9
00000381a426c2b9
0000038216702f19
000003822f5d7899
0000038241786759
00000382513206f9
000003825ee14f99
0000038281dd88f9
00000382e9bde019
0000038308da8419
00000383480ab079
00000383a2c6abd9
00000383eae8cf19
00000383fcb418b9
000003841414b659
00000384d80ce559
00000384f53ba019
00000384f7f34fb9
000003850cb24a59
00000385300152b9
0000038551456579
0000070ade3e9c61
00000000019ebc71
0000000000000181
0000038584cbb879
00000385af8f1799
00000385c39d5739
0000038629be2d39
000003867865f3f9
00000386a7bec499
00000386bdfc3d99
00000386f5088099
00000387420e7cd9
000003877ff37bb9
00000387a98632f9
00000387c5e59f59
00000387c8739479
00000387d2271e59
0000038839f19399
00000388482b1479
0000038874032619
00000388989c7e79
000003889d673939
00000388a07dad59
00000388a5c012b9
00000388bae43779
00000388c46be699
00000388cd06e919
00000388d3e5a499
000003896041b979
000003896fe8b539
00000389a609cbd9
00000389a609df39
0000038a1167ca39
0000038a34eb3699
0000038a7b891219
0000038a82804159
0000038a8292d999
0000038aa2e6eff9
0000038b62212e59
0000038c0f253339
0000038c12b8bff9
0000038c2973dff9
0000038c7b8a3959
0000038c949afaf9
0000038cb3ffceb9
0000038cddbb1719
0000038cf643b1f9
0000038d59f27839
0000038d5e0fb8f9
0000038d6f7fabf9
0000038da7cde7b9
0000038dbc3dd7d9
0000038def6ecf79
0000038dfac14ff9
0000038e42fe1a79
0000038e60685ad9
0000038e63623cd9
0000038e97c2ddf9
0000038ea0494a99
0000071d7ea93d61
00000000019ebc71
0000000000000181
0000038ed2853679
0000038f65a01799
0000038f76a2af79
0000038ff7162a39
0000038ffb685279
000003900eef9739
00000390184fc0d9
000003904940ea79
00000390b035ce79
00000390c8b2a7f9
00000390dd67ba99
0000039199d6cab9
00000391abbc00d9
00000391aeb1ec79
00000391bd75aef9
000003923157bb79
000003925877d499
000003928b744e79
0000039296676cf9
000003929ccfab79
00000392d19b0c19
00000392ef1eebd9
00000392ff4e1079
0000039331680c39
000003939c08a839
00000393aebbc819
00000393c5bb1a39
00000393db6e2dd9
00000393e6fd6599
00000393ef8a6179
00000393f6aa2719
000003940b569139
0000039443547119
0000039459ec7279
00000394784a2899
000003949b6e7cd9
0000039514d0a219
000003953d877ef9
000003955c692d99
0000039575197239
00000395d5dd4619
000003960f71a059
00000396120b49f9
000003965c9e9cf9
0000039666a1ced9
000003966d508cf9
0000039684289ed9
000003968b199c19
00000396b2c4f879
00000396f86c15b9
0000039707729039
0000039708703499
000003974129c0d9
0000039746217339
000003978be53859
00000397d3deced9
00000397d4564899
000007301f13de61
00000000019ebc71
0000000000000181
000003983bcc9459
000003985ff13d79
000003986d4e0939
00000398923e53d9
0000039899960679
00000398a209cb39
00000398c3870539
00000398f3487db9
0000039926f6def9
000003993f2f9bf9
000003993f2fd959
000003995acf4bd9
000003997c20cb59
00000399de8cf1f9
0000039a30511d99
0000039a4839e9f9
0000039a63473959
0000039a999b4739
0000039ad51727b9
0000039ae81888b9
0000039af2d18499
0000039b2969a2f9
0000039b3d25c5b9
0000039b3d25cf19
0000039b52ca75b9
0000039bb82230b9
0000039bd7e8d8f9
0000039bf7672259
0000039c2c7532f9
0000039c42a48119
0000039c7cc43cd9
0000039c8a316fd9
0000039cd6113039
0000039ce2c5df59
0000039cf01ee799
0000039d2bf479f9
0000039d8adb4fb9
0000039da2a803b9
0000039ddb04efb9
0000039deab56119
0000039e32397a39
0000039e3f199ff9
0000039e7a33a7d9
0000039e80a9be79
0000039e80a9bff9
0000039e9d6627f9
0000039ec8bc66b9
0000039f0d0d3a79
0000039f11501219
0000039f77655bb9
0000039fbf6f8f79
0000039fd04b1c99
000003a019146079
000003a03e572039
000003a0431d14f9
000003a0664ba559
000003a070290559
000003a09e291e19
000003a0bb7fa599
000003a0bbdb0639
000003a0d8898a39
00000742bf7e7f61
00000000019ebc71
0000000000000181
000003a17f7df679
000003a18a52fe79
000003a1b970b6d9
000003a1d63b8439
000003a1fb982db9
000003a219b527b9
000003a238a67799
000003a25e8d4b39
000003a2739fc739
000003a294d6e899
000003a2d48a8259
000003a2ddf4ca39
000003a3078835d9
000003a311a97439
000003a31406d159
000003a31685e359
000003a359cb2839
000003a3ba080939
000003a3e3e55a19
000003a3f61cd159
000003a430fdf4b9
000003a47ea2b6d9
000003a4fc6f16b9
000003a503749d59
000003a503dce799
000003a50d878f39
000003a53de33639
000003a57eb1bbf9
000003a5b8663f79
000003a5c626edd9
000003a5f658ef79
000003a63dc31859
000003a6779dd159
000003a6a7bdadd9
000003a6be17ac39
000003a6e5121959
000003a6e7e1f959
000003a74369f479
000003a754c0e5d9
000003a765177fb9
000003a7d11d9bf9
000003a7e07baa99
000003a7e7041799
000003a7ecb94eb9
000003a80a006ab9
000003a826ad7a59
000003a844e33739
000003a86c0fb4b9
000003a8dfd7bef9
000003a8e0734e99
000003a8f26aff79
000003a8f8165c39
000003a901df9639
000003a9433cc999
000003a944fac7f9
000003a944fade19
000003a9a8cdcf99
000003aa86829cf9
000003aa9a8350b9
000007555fe92061
00000000019ebc71
0000000000000181
000003ab146957d9
000003ab2e1aab79
000003abaa474e19
000003abd3e74ef9
000003ac22063359
000003ac294dbe59
000003acc92661d9
000003accf9d58d9
000003acf49880f9
000003acf6efca79
000003ad847006d9
000003ad87269399
000003adaca4d219
000003adbcc34159
000003adbcc34f59
000003adbcf5b919
000003adbe32d7b9
000003ae12592a39
000003ae40ff6599
000003aead238dd9
000003aed409f539
000003af1b87b6b9
000003af24f457b9
000003af816a2f39
000003afe6654d79
000003aff1ead999
000003b07539e139
000003b09b6e8839
000003b0cc0e25f9
000003b140e813d9
000003b1af551c19
000003b1c268b899
000003b1d7c4e119
000003b21b4f3619
000003b26b7a53f9
000003b2d9ad1b19
000003b2fa0e7cb9
000003b305a2c599
000003b323592719
000003b348286d19
000003b348d19f39
000003b35b03a359
000003b37c9f9af9
000007680053c161
00000000019ebc71
0000000000000181
000003b522fa3239
000003b536cf0359
000003b53cfa0ff9
000003b5aaf55699
000003b5c2e07799
000003b5c94498b9
000003b5d1649f79
000003b60e441219
000003b61a07c399
000003b64ddb9e39
000003b6742a9ad9
000003b69591d719
000003b696102759
000003b6a1319a79
000003b6a9cfe2d9
000003b6ca6bddd9
000003b6cbd0e5b9
000003b6e4ab62f9
000003b6e84bdd99
000003b6ffbbc979
000003b701a6cb79
000003b7033a4c19
000003b76e7d9eb9
000003b7b25bb039
000003b7eb8d6279
000003b7eb8d6c19
000003b80c2e6b99
000003b8114c8599
000003b8201fb599
000003b850d57379
000003b8550dcc19
000003b863f3cd59
000003b8845fe519
000003b8f7ec1d19
000003b9116fad59
000003b91660fad9
000003b921e46119
000003b926792319
000003b930fe1e19
000003b96d87ec79
000003ba17491d39
000003ba37c6c439
000003ba55a770f9
000003babf3669b9
000003bad63d9579
000003bae23dd7b9
000003bb4fc1af79
000003bb81fd3b39
000003bb9b0332f9
000003bbe0bd9cd9
000003bc90bbb119
000003bcb8a20339
000003bcdb34a2b9
000003bd2a204d39
000003bd3a661bd9
000003bd4d3b3b79
0000077aa0be6261
00000000019ebc71
0000000000000181
000003bd5a711679
000003bd6028ca19
000003bdd4b5b759
000003bde02adf99
000003be1c805bf9
000003be2aaaa359
000003be2f637259
000003be7c6082f9
000003be97b3e699
000003bebe2fe4f9
000003bf1d59e7b9
000003bf248dd979
000003bf37427959
000003bf53e46a19
000003bf6979d199
000003bf879f8f19
000003bf8f71d879
000003bf960a8b79
000003bfb33de979
000003bfe63a5299
000003bfe6bf4979
000003c005d3fcf9
000003c00cfc11d9
000003c00f25a059
000003c0164a7a19
000003c04b5d1879
000003c05b54ba59
000003c103dd0d79
000003c115fc9d19
000003c122563db9
000003c15d592ef9
000003c1978b0ad9
000003c1a82bfa39
000003c1d829ee39
000003c1e43165d9
000003c1f05b76d9
000003c20b3fa8f9
000003c25d7ee2d9
000003c262871e59
000003c26b131399
000003c27e4379f9
000003c306a29799
000003c32d9386f9
000003c35c219799
000003c3c95971f9
000003c3ced8ebb9
000003c3e7ace219
000003c41090ac59
000003c4369810d9
000003c475525299
000003c49cbe2279
000003c4c7a88f59
000003c4db892339
000003c548287bb9
000003c55bd5c559
000003c561a321d9
000003c58806ea19
000003c59d4d4f79
000003c5c82fac79
000003c5d9190cb9
000003c621b8adb9
000003c68813b759
0000078d41290361
00000000019ebc71
0000000000000181
000003c734d98bb9
000003c74ab5e8b9
000003c76bc23f99
000003c786690819
000003c7e3f5b799
000003c7f2ef7d99
000003c7f6be8a99
000003c80d4e1c79
000003c814db26f9
000003c8701ca979
000003c872b56db9
000003c8c4680919
000003c8d3dfd659
000003c8f748ded9
000003c8f9d9b4b9
000003c96dc49419
000003c98d2c7059
000003c999567559
000003c9a49a4e39
000003c9dbbd5599
000003ca177141b9
000003ca47e82119
000003ca847de979
000003ca978a8039
000003cab36e5959
000003caeac76dd9
000003caf9d25df9
000003cafdeb9c59
000003cb6735f679
000003cb7bfa8bb9
000003cba85189f9
000003cbd3ba0b59
000003cc03011199
000003cc24805639
000003cc45dc5939
000003cc633e97d9
000003cc79f75e59
000003ccdf5985f9
000003cd064d6539
000003cd101defd9
000003cd26a29fd9
000003cd48410099
000003cd6f295459
000003cdbda8c619
000003cdf895bb19
000003ce1e21fd79
000003ce2b9f18f9
000003ce37b88439
000003ce40f0d6d9
000003ce7d289999
000003ceb9338f19
000003cf06d93519
000003cf29853339
000003cf45cae2b9
000003cf98d6b779
000003cfb0f66979
0000079fe193a561
00000000019ebc71
0000000000000181
000003d0572ae019
000003d067ff0f99
000003d0d4bf9f79
000003d0d4de43b9
000003d116de5659
000003d1328a3e19
000003d139fc9fb9
000003d153c3eef9
000003d15fe559d9
000003d181aa1c99
000003d18db56279
000003d1a0a7e4b9
000003d1aaa35939
000003d1fa023359
000003d21968f5b9
000003d232934959
000003d256097d39
000003d27b6838b9
000003d28e5ed439
000003d29f93a1b9
000003d2afb08679
000003d30374fa99
000003d3195b6439
000003d326d24e39
000003d340db2039
000003d352831939
000003d3bc0eec39
000003d3dcd856b9
000003d3fdcc6b99
000003d41f8d3119
000003d41fb5c1d9
000003d444db8819
000003d4628282b9
000003d46c87d1d9
000003d473a8a739
000003d49b7ea419
000003d4a76ca8b9
000003d4e3ab4079
000003d55a40b7d9
000003d575258399
000003d584554259
000003d5b8b8e599
000003d5c1605459
000003d627266f19
000003d62ece0779
000003d69473eeb9
000003d6c6254d79
000003d6cbcb6099
000003d6f47978b9
000003d71e315d19
000003d75ea92979
000003d76e0e5ab9
000003d79f5f4bd9
000003d7a4af12d9
000003d7d32fea39
000003d7ef54f039
000003d8b3b75e39
000003d8e456a799
000003d8e4879c59
000003d90b2ee779
000003d9233f4419
000007b281fe4661
00000000019ebc71
0000000000000181
000003d950fc5db9
000003d9516cdf79
000003d957b0b039
000003d9963bcf79
000003d99bcd76f9
000003d9e5650059
000003da45607a19
000003da8fc64119
000003da9338bd79
000003db344d45b9
000003db4d06bad9
000003db8224bef9
000003db9b3e58d9
000003dba151b5d9
000003dbdcc0fbd9
000003dbfc32af19
000003dc2d838299
000003dc82fdae59
000003dc960ae5b9
000003dc9ccb36b9
000003dca5f40339
000003dce50de019
000003dcf600f7d9
000003dd1bae4f99
000003dd3df85c59
000003dd5094e9f9
000003dd8fe31599
000003de93528ef9
000003ded39c2039
000003df0372d2f9
000003df21d71cd9
000003df314f7779
000003df36714579
000003df38d1d439
000003df9024c239
000003dfc8e5eb99
000003dfdad02b59
000003dfe3be9919
000003e01b9d3df9
000003e05cf0a879
000003e0ded326d9
000003e0e76c6759
000003e108b25179
000003e1298358f9
000003e1310ade99
000003e158702039
000003e1637cccb9
000003e165487d39
000003e172091979
000003e186ac5c19
000003e1c04555b9
000003e2409cd279
000003e2409cdbb9
000003e263b1ba99
000007c52268e761
00000000019ebc71
0000000000000181
000003e2b6211819
000003e2c0435619
000003e2e5c39b39
000003e35424a559
000003e368e76059
000003e3bf84ab99
000003e436862c19
000003e453cedaf9
000003e4760eb4b9
000003e4ad62e9b9
000003e502736ad9
000003e5ab24b1f9
000003e5dc9fe2b9
000003e6bfe8dc59
000003e6c99ba3b9
000003e74d7cef19
000003e7a8aa3bb9
000003e7a8aa5e59
000003e7e2957819
000003e7fce69639
000003e89ad20659
000003e8ade31ab9
000003e8d01faff9
000003e905bafbd9
000003e92a522db9
000003e94015ea59
000003e98244be39
000003e98403f999
000003e98c6ee379
000003e9d17eff39
000003e9f3e660b9
000003ea2b372c19
000003eaeda2d739
000003eaf7d7e279
000003eb25830639
000003eb502b1319
000003eb51936559
000003eb73bdfa99
000003eb83f46679
000003eb97cb2b79
000007d7c2d38861
00000000019ebc71
0000000000000181
000003ebf1029b99
000003ec27434119
000003ec2eeb4a79
000003ec46d92019
000003ec4d0a9119
000003ec4e77b279
000003ec59773099
000003ecbd2d47f9
000003ecc0064179
000003ecc8d15b39
000003ecde94b5f9
000003ece87dffb9
000003ecedf3e719
000003ed1efebf59
000003ed4c12b6d9
000003ed7a7da999
000003ed7b3fef39
000003ed94e77699
000003edc3d48859
000003edc3d4a5f9
000003edf2758a59
000003edf5de3a19
000003ee08255759
000003ee08a95999
000003ee32edb179
000003ee3ef16539
000003ee411689d9
000003ee51e5e0b9
000003ee535c59d9
000003ee955774f9
000003eec202b579
000003eedee28799
000003eeec85fff9
000003eef6dfdff9
000003ef1330b479
000003ef2dc6cdd9
000003ef50ae3f99
000003ef67d43a79
000003ef98eb2399
000003efb1049899
000003efcf57e9d9
000003f051488f39
000003f056cd42d9
000003f0796b3859
000003f07d8671d9
000003f12e717cd9
000003f1950c6c79
000003f22ddbf639
000003f2a4cebe79
000003f2d73a6599
000003f2dca5a5f9
000003f2fb808f59
000003f345df6779
000003f3478e2919
000003f36804d5d9
000003f39d5fe9b9
000003f3ca576699
000003f4364aaed9
000003f4708ecd59
000003f473129559
000003f4a2023999
000003f4aabbb279
000003f4b4d38099
000003f4e3066bd9
000003f4eb4ed299
000003f4f6471ab9
000003f4ffcd9919
000003f50e0c9ff9
000003f51b2c9fd9
000003f525d80239
000003f5288eb7d9
000007ea633e2961
00000000019ebc71
0000000000000181
000003f539349f59
000003f567e19499
000003f5af650bd9
000003f5ffdeed59
000003f60c0e5019
000003f613a84939
000003f622359719
000003f62fc0a719
000003f67cd23c59
000003f68ea88c99
000003f69d4c4139
000003f6bde499b9
000003f6c3edd4b9
000003f6d0dea6d9
000003f6d9703839
000003f7054e1d79
000003f708f5e779
000003f74b4f4779
000003f76c7801b9
000003f7729dffd9
000003f7c2466159
000003f802dcbf19
000003f8068d3299
000003f83b325119
000003f83edd2499
000003f856779b79
000003f85eea32d9
000003f882d514f9
000003f88e2283d9
000003f8ea4866b9
000003f9046b8519
000003f93b3553b9
000003f94a261c39
000003f962afb239
000003f96a444e59
000003f97c247519
000003f9bb60adb9
000003f9c6eb9779
000003f9cedd12f9
000003f9d53904f9
000003f9ec4a3ed9
000003fa09d9d4b9
000003fa6640fc19
000003fa774ad479
000003faec4a18d9
000003fb26d7b0d9
000003fb46680179
000003fb58082459
000003fb80d896d9
000003fbb876e2f9
000003fbf63bc179
000003fc3a327159
000003fc5fd12d99
000003fc7bee1e19
000003fcc5c0a779
000003fd25b25399
000003fd6115baf9
000003fd6571eaf9
000003fd65e7fe59
000003fdcfba0c19
000003fddc4db3b9
000003fe20ce18b9
000003fe805df819
000003fe805e0899
000007fd03a8ca61
00000000019ebc71
0000000000000181
000003fe90ed6d99
000003feadc1acb9
000003ff185aa2b9
000003ff326bb419
000003ff57e97259
000003ff71af0659
000003ff9a3e52b9
000003ffc709dc39
00000400044f30d9
0000040022ba6659
000004004af4d2d9
00000400544dda79
0000040095d85cb9
00000400ba519c19
0000040120f2a659
0000040139031379
0000040191ac2259
0000040199c86659
00000401e116be79
0000040224fec379
000004023ac5e959
0000040252d79519
0000040274f2c5f9
000004027c2e4519
00000402808aeef9
000004029e3decf9
00000402a11123f9
00000402ec2f9679
00000402ed252e59
00000402f0cd7559
000004030653e8f9
000004038debd4d9
0000040397d68299
0000040399299bd9
00000403b70b4919
0000040406f82199
0000040412ced739
000004042435b879
00000404415df499
0000040446929959
000004046053afd9
0000040476281a99
000004049ea8a5d9
00000404ac6fd939
00000404dfdeeb99
0000040531c9e139
00000405646855f9
00000405919ab8d9
00000405a0f659b9
00000405bdf16ad9
00000405c9d36879
00000405d45cb879
00000406083e2ff9
000004060a338179
0000040680855b59
0000040684bf01b9
00000406a026bf19
00000406bf0d7dd9
00000406d57ce1d9
000004071cb063d9
0000040723cb0039
00000407332eea79
00000407772cdbf9
000004078668f559
000004078d218b59
000004079485e519
00000407c5262559
00000407c5d3db59
0000080fa4136b61
00000000019ebc71
0000000000000181
000004082b620819
000004082f0b3fb9
0000040852c68739
00000408581d86d9
0000040868623cd9
00000408b8e83d19
00000408f9f191d9
000004091717c9f9
0000040924983539
00000409b4ac7839
00000409c3414fd9
00000409cdb42ab9
00000409da5dcb79
0000040a0bdef5d9
0000040a492da0b9
0000040a4a40cb99
0000040a68711699
0000040a8443d019
0000040abd3562d9
0000040ad71ef519
0000040b1181da79
0000040b12ee83b9
0000040b984fb819
0000040bc9671b39
0000040bd4a6d9b9
0000040be57ff7d9
0000040c23b14659
0000040c70bcfc39
0000040c732aa799
0000040caa0ffab9
0000040ce30cc919
0000040ced450299
0000040cf5de25f9
0000040d3063a9b9
0000040d89f21159
0000040daf09f8b9
0000040dfd420619
0000040e2daa9d79
0000040e47ddbe39
0000040e6b0896d9
0000040ef0dbc5b9
0000040f0b90a139
0000040f0c58f699
0000040f406497b9
0000040f51793259
0000040f53570039
0000040f926fc219
0000040f9dd1d199
0000040fb770f359
0000040fc7f5d019
0000040fe42aaa59
0000041008efd3b9
000004103d46fa99
000004106c73d259
00000410ad12e199
00000410b2de31d9
00000410ef4eee79
00000410f57369b9
0000041101d00eb9
00000822447e0c61
00000000019ebc71
0000000000000181
000004113cda21b9
000004113cda6ad9
0000041183153219
000004118a76d879
0000041199f4a659
00000411a754a339
00000411ae0078d9
00000411c9636739
00000411de4da5d9
00000411f19084f9
00000411f3e6da79
00000411ff98d079
000004129159ca79
00000412935b29d9
00000412a6e67ef9
00000412a6e6e339
000004133224e339
000004137978fb39
000004137abad699
00000413985cd879
000004139a521999
00000413af3e37b9
00000413e7b29119
000004140abbd839
000004141ae0ee99
00000414531eeaf9
00000414531f0159
000004149f81f539
00000414a103d6d9
00000414bd8763b9
00000414cff72099
00000414fde559d9
00000415306c6679
0000041541d141b9
00000415789aed79
00000415c6953299
00000415d88144f9
00000416089af7f9
000004161e225499
000004161e227139
000004163f016af9
0000041646a8cb99
000004165e255f99
000004168dc89e59
0000041717756959
000004172ad1e279
00000417382637d9
0000041760be9459
0000041762ce0219
0000041777bf0779
000004178e05a1b9
00000417c7725819
000004180665fcb9
000004181c025419
000004181db672d9
000004181db68579
0000041877d8f8f9
00000418a26de219
00000418cef6bd59
00000418dfe65759
00000418f5009719
00000418fdd6d4f9
000004191729f759
0000041917f4cdd9
0000041944cb5899
0000041a0997ccb9
0000041a1bbb8c79
0000041a1d8cba99
00000834e4e8ad61
00000000019ebc71
0000000000000181
0000041a7b3773f9
0000041a8af9fe79
0000041acc519979
0000041b002f5479
0000041b3ff53439
0000041badfd2eb9
0000041bc1af5759
0000041bccaf6c19
0000041bd410edb9
0000041c6f1fef99
0000041caf287fb9
0000041cbbe25df9
0000041cbeb0f0b9
0000041cc5f0a0f9
0000041cf2b88b99
0000041d010181d9
0000041dc014daf9
0000041df222ab39
0000041e0958ad79
0000041e24474259
0000041e699cf4b9
0000041e9a650099
0000041eb47ca879
0000041ee4a0aeb9
0000041f15b7dfb9
0000041f23ab7839
0000041f2e553b19
0000041f8be39ef9
0000041f8e30c819
0000041f9df6b999
0000041fd967d919
0000041fe9ca48d9
0000042015d431d9
000004202fb5fad9
000004203dc311b9
000004205ef92699
000004210109c9f9
000004216a9d4e99
000004219bb7c519
00000421ae5c45f9
00000421c801c319
00000421eda74a59
00000421f920dc79
00000421fb2d15f9
000004220e993b19
000004225abbc8d9
000004226297fb39
000004226685fdb9
0000042267366379
0000042284c04a39
0000042304745839
0000042333cdfbf9
000004239bc67e79
00000423b3f13e19
0000084785534e61
00000000019ebc71
0000000000000181
00000423db27add9
00000423e5e6dbf9
000004240a7766b9
00000424156a56d9
00000424541a8099
00000424615b0c59
000004246c3a0879
0000042490f63559
000004249251de59
0000042542beae59
000004254c749679
00000425ad9db599
00000425be783279
00000425c59a98b9
00000425cab65019
00000425f3398cd9
00000425f5681ab9
0000042607067cb9
00000426074b0619
00000426a80824d9
00000426a8084259
00000426f10bc7f9
0000042725f8d0f9
00000427b699d539
00000427b8a42739
00000427de677319
00000427fb5ceb99
00000427fc430199
0000042816053439
000004281a22af79
0000042859737a79
0000042860d93d79
0000042863c41df9
0000042865b82259
00000428ae3807b9
0000042946187ad9
000004295309a659
000004295c888219
000004296538b639
0000042966b4f6d9
0000042a553fa619
0000042ace8b4919
0000042addc4b199
0000042afb6b6fd9
0000042b1bf63c19
0000042b28550939
0000042b4e7eba19
0000042b50fe9719
0000042b73bc4499
0000042b97395159
0000042bba7b2639
0000042bc0c32619
0000042c2f0e8239
0000042c34b5afd9
0000042c36f19a39
0000042c42abbc59
0000042c51cdfcf9
0000042c9f6c9619
0000042ca1496919
0000042cbbd6bdb9
0000042cbbd6d1b9
0000042cfdd9f399
0000042d0d6ed9f9
0000085a25bdef61
00000000019ebc71
0000000000000181
0000042d1bdd4239
0000042d279abb19
0000042d94fc66f9
0000042df84fbe59
0000042e09f8e779
0000042e0d500699
0000042e391a0b39
0000042e391a1f59
0000042e3cfc61b9
0000042e3d507a59
0000042e64c92cb9
0000042eaf2dadd9
0000042ebad23e59
0000042f16f826b9
0000042f16f82f59
0000042f7b7b6df9
0000042fc7ba28b9
000004300ba12619
00000430464b8ad9
00000430a39fa559
00000430b76fa379
00000430dd4596f9
00000430f7975bb9
0000043105da3f99
00000431116160f9
00000431b0ae5099
00000431c6e42519
000004323eb9aaf9
0000043245e0fdb9
00000432ab6405d9
00000432f3d542b9
000004331f06b899
000004332dd3b179
00000433d14ef0f9
00000433e1c53619
0000043426677ed9
0000043451c59959
0000043451c5afb9
0000043460e0dcd9
000004347a139d19
00000434ba486919
00000434cb179a19
00000434d71c4039
00000434deb55719
00000434fb0eca99
0000043506384339
000004351ee22ff9
00000435258fa7d9
000004354d6ad719
000004355075e0d9
000004355363a459
00000435761fe939
0000043577395f39
00000435d1656f19
000004365f0adf39
0000086cc6289061
00000000019ebc71
0000000000000181
0000043670047739
000004369f0ffbd9
00000436d75904b9
0000043740182f19
000004375e68e999
000004376112ae79
000004377d907b59
000004378977fb79
00000437a8340979
00000437ca6be619
00000437d9e2d779
00000437f1c4f4d9
00000437f6a69319
000004382d001d39
000004383d75d5d9
00000438429d7d59
000004385f36e6d9
000004385f680fd9
000004386580f4b9
00000438d8eef239
00000438e09a7a79
0000043901adcdb9
000004391ed3a799
000004392adfe6b9
00000439bbd2da79
0000043a60c2aab9
0000043ad54c8d19
0000043aea9faf39
0000043b06134639
0000043b17420099
0000043b646af219
0000043b6c4191b9
0000043b75edf2d9
0000043b9bbca019
0000043b9dd53f19
0000043ba2a87719
0000043be7ef3cf9
0000043be84c2bf9
0000043c362bd139
0000043c58b42099
0000043c5c890dd9
0000043c747aa619
0000043cb7a03579
0000043cd75b1799
0000043cf21f7579
0000043d373d4339
0000043da20cbd39
0000043ddfd3d659
0000043e000f5f59
0000043e8e700f99
0000043e9c6aa099
0000043ebcf0e739
0000043ef307cf19
0000043f01435a99
0000043f54b7f5f9
0000043f5d4a39b9
0000043f5d4a3b39
0000087f66933161
00000000019ebc71
0000000000000181
0000043fb95141f9
0000044009a3ac19
000004400f898599
000004407295dcb9
0000044085c00bb9
00000440d05b7e59
00000440ecbbbb79
000004410c1e3319
00000441164f0b79
000004412daa9c59
000004418c5586f9
000004418fa6cd99
00000441ddd9d779
00000441e4cc9759
00000442050674f9
000004420526a479
00000442139bf719
000004423e66eed9
0000044258fc2dd9
000004426e1a6399
000004426f0d7859
000004428e31d159
00000442d2d94479
00000442e25e2bb9
00000442fa84d319
00000443013f83d9
000004435177baf9
00000443a5bbc939
00000443b93419b9
00000443d2d2ac79
00000443db8bedd9
0000044431b8a779
0000044455a9f5f9
0000044486b9e919
0000044486b9f919
00000444d68bee79
000004451f1e4519
00000445239f9cb9
000004454bacb099
000004455b914c79
00000445815fcf99
000004458a974a79
00000445a9ce7f39
00000445af9334f9
00000445c41bb9f9
00000445cceb2cd9
00000445cf045619
00000445d2a9ac19
00000445f9f8fc99
000004461076ad59
000004462233edf9
0000044627b32c19
00000446470aadb9
000004467a205359
000004467cd388f9
00000446cd6db619
00000446fbe9a539
000004471d8e7cb9
0000044737fd8b79
00000447a5f0f099
00000447f74f3ef9
0000044811e87b59
0000044814087919
00000448164706b9
000004481fb6b779
0000044845a5d259
00000448a18d3899
00000448a91201b9
00000448c41710d9
00000448cfd38ad9
0000089206fdd261
00000000019ebc71
0000000000000181
000004497f979e79
0000044997e11a39
00000449c609edb9
0000044aaf4dbd59
0000044adbffe5d9
0000044adbfff6f9
0000044add9fd139
0000044af7fa9ab9
0000044b0dcfd659
0000044b4b7c4359
0000044bef5f5219
0000044bf9e7def9
0000044c0bcaca19
0000044c1c1a8819
0000044c5db041f9
0000044c707e71f9
0000044c8cda4279
0000044cf6f5ca99
0000044d2a391439
0000044d3b33b059
0000044d54bb05d9
0000044d6a382c59
0000044d91b5de39
0000044db02d4c99
0000044dd89dfc39
0000044e09f18899
0000044e0fad3df9
0000044e1c7c0fb9
0000044e6f7bc879
0000044e8d484439
0000044ebec65299
0000044ef741dcb9
0000044ef8d321d9
0000044efabc26d9
0000044faba9e0b9
0000044fc93cb2b9
0000044fca1d44b9
0000044fcb45b559
0000044fe2044c99
0000044ffc845699
0000045009991dd9
000004502e8eb3f9
0000045061c8cfd9
000004508a9638d9
000004509f758999
00000450a5013d39
00000450b63cc119
00000450cff1ca39
000004510c6cd399
0000045186dc93b9
00000451c56d13b9
00000451c6f45c39
00000451caa75999
00000452337750b9
000008a4a7687361
00000000019ebc71
0000000000000181
000004529bb4d239
00000452b6fa1559
00000452df7bc2f9
000004532d44b039
000004536e42abf9
000004537a4b08d9
000004539c70c3f9
000004539e5154f9
00000453aa3fb7b9
00000453c1f76919
00000453da457b59
00000453ec761e79
000004543851fa59
000004543ad4b359
000004544564c859
000004547d8a1279
000004549981b299
00000454b35ee619
00000454b72f1d59
00000454be94b659
00000454d6fb5c59
00000455079af199
0000045519876979
00000455398bb359
000004555928ec59
000004555928f479
000004555b754e79
000004558b8b1a39
0000045599019399
00000455a9058bb9
00000455bf324b59
00000455da6e0959
00000455df760d19
00000455ec100f59
00000455faba6a39
000004560b5e7e99
0000045648e1e7d9
0000045648f95d79
0000045682f31859
000004569245fd59
00000456c2dc8019
00000456dbf098f9
00000456f267a299
00000457236ada79
00000457cd6a29f9
00000457d0ecd719
000004580ad4ee59
000004581af100f9
00000458961d7719
00000458e569d9d9
0000045920b89b19
000004592361a8f9
0000045926a90419
0000045962a8f699
000004598c86b599
0000045a17467f59
0000045a61bb8ff9
0000045a62e41559
0000045a7ac07a19
0000045a86cb50d9
0000045a9ac537b9
0000045aaf186999
0000045ad388a079
0000045adabb7919
0000045ae727b7b9
0000045b12a9e439
0000045b2b1ec8b9
0000045b4d045859
0000045b635fda59
0000045b6ba10c99
0000045b8e81a059
000008b747d31461
00000000019ebc71
0000000000000181
0000045bb0b57879
0000045bb64acdb9
0000045be8933a39
0000045bf7eccc39
0000045bfbc53259
0000045c24f37f79
0000045c53421df9
0000045c832c1bf9
0000045c98d52d99
0000045ca77cf1d9
0000045cd095c1f9
0000045cd5f675f9
0000045cf078dcb9
0000045d43df1139
0000045d9620b6d9
0000045d96a3fad9
0000045da0c15cd9
0000045dc35acf39
0000045dd1cbb359
0000045ddbcb2719
0000045eb4aab719
0000045ebd3cb759
0000045ed56e15f9
0000045ed80d2239
0000045efb8bc639
0000045f03eadd39
0000045f0b16ba59
0000045f1a06dbd9
0000045f26e3c319
0000045f4bae0379
0000045f5a036259
0000045f61773a79
0000045fd4d136f9
00000460123fa699
0000046051359779
0000046092b24db9
00000460e02c6419
0000046101050cd9
00000461105686f9
000004611dabbe79
0000046150913879
000004616622b7d9
000004616e9915b9
0000046177b3cd99
000004619a222b79
0000046218b5fb19
0000046239630ad9
000004628ff27539
00000462988bc3f9
00000462b5327719
00000462bf8fe039
00000462d36276b9
000004630582cb99
00000463177203f9
00000463b04174b9
00000463ba7a37b9
00000463d3058bb9
00000463e7062c99
00000463ea15d219
00000463f8343799
00000464004f83d9
000004643eb98bb9
000004643f0f6759
000004645a89fa99
00000464a58de6d9
00000464a72b3619
00000464b2603c79
00000464b77dd119
00000464bbeffad9
00000464d215da79
00000464d809fc19
00000464f0fd62d9
000008c9e83db561
00000000019ebc71
0000000000000181
00000464f4d9acf9
000004653ddb92f9
0000046590aca439
000004659f156699
00000465b32a3a79
00000465d7314c99
00000465e1feb5f9
00000465effcc859
00000466582e66f9
00000466724e9bd9
0000046676af6339
00000466c071af79
00000466cd4b7eb9
00000466e08a0d99
000004673a84d279
00000467585b3cd9
000004676bb338d9
000004676bb33ab9
00000467728e7c19
0000046790349859
00000467a8f578b9
0000046803288479
0000046876dc1ef9
00000468d6dc9eb9
00000468f64a2239
0000046918fda759
0000046922db0339
0000046949d29099
000004694ab83679
000004696f4a6c59
0000046978fb8ad9
00000469913e4779
000004699f2eedf9
00000469be728059
0000046a00aa4bf9
0000046a14e6b139
0000046a1db14ef9
0000046a3d2ea6f9
0000046a4bab77b9
0000046aa86c0d99
0000046aedd3ac39
0000046b34492839
0000046b50aba219
0000046b68514639
0000046b6ece2779
0000046b88968bb9
0000046bd6a89039
0000046c0019ae59
0000046c04d846d9
0000046c1aaa7df9
0000046c2a184e19
0000046c31fa26d9
0000046c859abc19
0000046c9a413b39
0000046cc763d059
0000046cead010d9
0000046cfaa3b259
0000046cfab00a19
0000046d0cb07ef9
0000046d1ff55b19
0000046d263a69b9
0000046d263a6bd9
0000046d80eed779
0000046d88ff6e39
0000046d905876b9
0000046d9a27ad79
0000046d9ec272f9
0000046ddfe10959
0000046e12c192b9
000008dc88a85661
00000000019ebc71
0000000000000181
0000046e738b12f9
0000046e802cb4f9
0000046eb9fe69b9
0000046eba3f1dd9
0000046f50775c19
0000046f5f3321f9
0000046f75beddf9
0000046f92f1a739
0000046fcceaa219
0000046ffb3f8879
0000047072e56499
000004707ff437b9
000004708a75a599
000004710e713399
00000471d13d5a99
00000471d71b9c99
00000471ea845639
000004727c6e10b9
000004728b92e5b9
00000472c71f45b9
00000472d704ac39
00000472dcf93d39
00000472fafd7fd9
000004732864bc59
0000047344ec8f99
0000047371620df9
0000047375ea5779
00000473ab2e5ab9
00000473b7cb28f9
000004740be0bc19
0000047468ce54d9
00000474fdcab439
000004750d2d6299
0000047526a9eb79
00000475377361d9
00000475477aad19
0000047570224c79
00000475d15f7659
00000476067e6019
00000476077712b9
0000047634831c39
0000047636b443d9
0000047680eeff79
00000476966abe59
000004769bdc2759
00000476ef034279
00000476f38b03b9
000004773f3766d9
000008ef2912f761
00000000019ebc71
0000000000000181
00000477be3f2e39
00000477bea10b59
00000477e00c82d9
00000477f19488f9
0000047820c9ef39
0000047871b15539
000004789456de99
00000478ea6d7579
0000047946f7ea99
000004794fcb6eb9
0000047958399a79
00000479ab5c17f9
00000479cc181a19
00000479cd67d619
0000047a0202b239
0000047a6664f779
0000047a7a5e3eb9
0000047a7f27f8b9
0000047a8da88959
0000047aa68570f9
0000047aa9be5fd9
0000047ac7becb79
0000047ad7995019
0000047af4068df9
0000047b0a199cb9
0000047b564603d9
0000047bfbada579
0000047c1b42b6d9
0000047c8be68399
0000047ca52f7519
0000047cb58685f9
0000047cd26b12b9
0000047d89d68379
0000047da57384b9
0000047dd4260ad9
0000047de4f63e19
0000047e19647199
0000047e26cf3f99
0000047e30ff7ff9
0000047e58b96d79
0000047ea5b85639
0000047eacdeebb9
0000047f24081299
0000047f4117d079
0000047f453cea59
0000047f65d73c39
0000047f733827f9
0000047fb5dd58f9
0000048021b4ec19
0000048032fbf9d9
000004808a7c1a79
00000480bdd2ae79
00000480dddef5b9
00000901c97d9861
00000000019ebc71
0000000000000181
00000480ea6c7f79
0000048110597ad9
0000048141812cb9
000004814aa643b9
0000048152ad7559
000004816ae68079
000004816bade199
00000481a7b38f19
00000481e0fffb19
000004821ea170f9
00000482247ba279
000004823d726959
00000482537e2bd9
00000482964e85f9
00000482c9fbe8b9
00000482efc29219
0000048322603d79
0000048364ccec19
0000048374345b79
00000483764779b9
0000048397730cf9
0000048477f23059
0000048492132c59
00000484b7dd57b9
00000484faf89b19
00000484fda464d9
000004852db3a2b9
0000048546981479
00000485725cbf79
00000485b52b6c19
00000485baaf4e79
00000485bb1cfcb9
00000485f63dd739
00000485fd299259
0000048677ec87b9
00000486a5c6d3d9
00000486a7fb2919
00000486b214e839
000004870fc98639
00000487109eabb9
0000048760664a59
00000487995728f9
00000487f15ceab9
00000487f80cee79
000004886e7e83d9
00000488cd593719
00000489259e4ed9
00000489724c0039
0000048986ca0119
000004898e2e5139
0000048a245a0dd9
0000048a33fb6dd9
0000091469e83961
00000000019ebc71
0000000000000181
0000048a500c64d9
0000048a5e668179
0000048a7369e7f9
0000048a87f14d99
0000048ac7372339
0000048afa3d5bb9
0000048b1aa2b4b9
0000048b24e2a279
0000048b320b3959
0000048b320b4bf9
0000048b5ea62739
0000048b67073d59
0000048bfb7b01f9
0000048c4587e3b9
0000048cbfb2b219
0000048cc9b0d6f9
0000048cf4ae6e59
0000048d4c44e479
0000048d58fad679
0000048d77c6a859
0000048da5167e59
0000048dcbd23699
0000048e09c59519
0000048e5bfade19
0000048e8686e7b9
0000048e931ba3f9
0000048efa6f4539
0000048f1fc8fdf9
0000048f4d2a6099
0000048f5a382d59
0000048f5bd496b9
000004904b535ad9
0000049062c66219
00000490aa6cbd39
00000490ce9f5079
000004913af507b9
000004913e0997b9
00000491b3cc6a59
00000491b3d3df59
00000491c8eb5699
00000491ca4a1659
00000491de616b99
00000491f9ec6eb9
00000492553899b9
0000049285e8e339
000004928c241239
0000049299f66f79
00000492d7e84fd9
00000492e4bfd2d9
0000049300efa679
000004935e8d24f9
000009270a52da61
00000000019ebc71
0000000000000181
0000049392b2d439
00000493980102d9
00000493b1e8f2b9
00000493c931c3f9
00000493d0261119
00000493d5876119
00000493d9a9e179
00000493e5299bd9
000004940f3a6339
000004942fb876d9
0000049431268ab9
0000049446d6f519
000004944dc697f9
000004945a6dcdb9
000004945fa295d9
000004948b7bac39
0000049491e9bcb9
00000495012099f9
000004950120d479
00000495127d2c59
0000049553aa73d9
0000049596d19679
0000049597719f99
000004961f961d59
000004962f81b7f9
000004963402d659
0000049639d68ad9
0000049659ab7139
000004967b5af139
0000049686c17ef9
00000496fc64f8f9
00000496fc650239
0000049717a9f019
00000497672ee419
0000049795a17a79
000004979d0736b9
00000498176a1bd9
000004981aeb5eb9
000004983d138b39
000004983f7da439
000004985cb6eff9
0000049873ae2919
00000498de297ed9
00000498e2b1e5f9
00000498f1619fd9
00000499263add59
00000499287e7179
000004997268cbb9
00000499757b80f9
000004997eb2f7b9
00000499bf4493f9
00000499ecc3b179
00000499efd433f9
0000049a20516079
0000049a23d4caf9
0000049a3d75b6b9
0000049a6d85d819
0000049aa4886319
0000049ade9785d9
0000049af9b718f9
0000049b106a9599
0000049b5d353639
0000049b6ed414f9
0000049b76644d39
0000049bd4288499
0000049bdf39b5b9
0000049be5ff1019
0000049c1f0a0899
0000049c45854c59
0000049c54205bd9
0000049c5ba45a39
0000049cbf4a5d39
0000049cc9c60ff9
0000049cca91e1b9
0000049cd26033d9
00000939aabd7b61
00000000019ebc71
0000000000000181
0000049cd7fbecb9
0000049cdb4f9259
0000049cf6788af9
0000049cf6789b39
0000049d56a53fd9
0000049d987eeb39
0000049d9dbd68f9
0000049daf099099
0000049dc18dbd99
0000049e3207a439
0000049e38df2579
0000049e4abe9b79
0000049e4b31fe79
0000049e50f40219
0000049e58ad3a79
0000049f06cb8779
0000049f15975af9
0000049f3b6d7879
0000049f3e839b39
0000049f532d9339
0000049fd23d5c39
0000049fe9064839
0000049fe95edb79
000004a05c9abe79
000004a09b069c79
000004a0a2afd799
000004a0bc7faab9
000004a12893bed9
000004a1691a4ad9
000004a1740d8a19
000004a1973027d9
000004a19adab359
000004a19fa55959
000004a1bd2f3059
000004a1fa3fe399
000004a21ce65d79
000004a22c698239
000004a23ff800d9
000004a36a4afbf9
000004a36e0e4019
000004a37588ec19
000004a4208cb7b9
000004a43fb856f9
000004a446d72bb9
000004a45a238059
000004a46cce2c59
000004a48dab5059
000004a55007b619
000004a55b9eb319
000004a586e9df79
000004a618430559
000004a6189c61f9
0000094c4b281c61
00000000019ebc71
0000000000000181
000004a66bb16eb9
000004a691d591d9
000004a713315c99
000004a7578598d9
000004a77521a979
000004a78db24939
000004a7bc26f459
000004a7e9bfaf99
000004a852ca3079
000004a8954eb879
000004a8ab5d6739
000004a8fca5f8b9
000004a90b40bd59
000004a968b00bb9
000004a986c7b439
000004a9e3ada539
000004aa01977b19
000004aa3f84a9f9
000004aa510a3d39
000004aa81a27db9
000004aac699f319
000004aad0bddc59
000004ab125b9419
000004ab3342da99
000004ab486e0199
000004ab72795779
000004abab355db9
000004abbc1483f9
000004ac1b1bebd9
000004ac23a30e39
000004ac9894fb99
000004acb54df399
000004acc8d62b99
000004acd0c59ab9
000004acdf3b2639
000004ad1984ab99
000004ad95d3af39
000004add142e379
000004ae008205b9
000004ae97119a59
000004aebd3edbf9
000004af033839d9
000004af5dabfdd9
0000095eeb92bd61
00000000019ebc71
0000000000000181
000004af8ca81319
000004afa7c7b8b9
000004afbc2c8f59
000004afbfa6aeb9
000004afd16a26d9
000004b009eef8b9
000004b01a461c19
000004b068c21cd9
000004b0726f9479
000004b0b4e5f619
000004b0f60dcd99
000004b17f94b159
000004b196256479
000004b1b27bef39
000004b1f47123b9
000004b21211d819
000004b248ef8d39
000004b2c9506b39
000004b2cc450ff9
000004b308f30ed9
000004b30e144759
000004b372d378b9
000004b4018072f9
000004b40cb54d79
000004b42002b959
000004b42096eb99
000004b464c11159
000004b493ba6939
000004b4a32815f9
000004b4c58847d9
000004b5010d3b79
000004b50a2d9079
000004b59fd42eb9
000004b5afc3ebd9
000004b66ddbfb99
000004b6c902f0f9
000004b6dfa0a0d9
000004b6e7394299
000004b6ec39e2f9
000004b7412b3239
000004b7412b4ab9
000004b79f1be0f9
000004b7a8481a99
000004b7d36d0d59
000004b7fea00e99
000004b80916b719
000004b80cf15ab9
000004b80cf162f9
000004b83b0eb359
000004b83ed62eb9
000004b88399e919
000004b8a74c69f9
000004b8af63b259
000009718bfd5e61
00000000019ebc71
0000000000000181
000004b90b5c9799
000004b93947f119
000004b989dee0b9
000004b9ae860959
000004b9ca100379
000004b9ede0dc39
000004b9f3b33439
000004ba05c8cb59
000004ba05fd20b9
000004ba10f57a19
000004ba47b6cd19
000004ba6678c499
000004ba7a49ee39
000004bb32b7ef39
000004bb9302ceb9
000004bb9302edb9
000004bbd2473b39
000004bc719c7fb9
000004bc724967d9
000004bc77b54599
000004bccbe690b9
000004bd1a1e4fd9
000004bd2826f4b9
000004bd28270579
000004bdaa62f0f9
000004bdab021c79
000004bde9f65319
000004be17d44d19
000004be353cda39
000004be6a2bc859
000004be80ac7279
000004bea83073f9
000004bed0e70b39
000004bf250202d9
000004bf40f0b079
000004bf795c4bf9
000004bff8649019
000004bffae1d139
000004c0073b7d79
000004c015283739
000004c02b389ab9
000004c04c3e7359
000004c06d1cb4b9
000004c077e2c619
000004c088469599
000004c0d5f71179
000004c0e6bb31d9
000004c122f58c79
000004c13ca532b9
000004c16f185799
000004c17418f539
000004c187b64b79
000004c19d07f659
000004c1b71e8139
000004c1b7629819
000004c1dca84739
000009842c67ff61
00000000019ebc71
0000000000000181
000004c21dcf4f39
000004c23ee069b9
000004c26097f039
000004c2728f1ff9
000004c277527139
000004c277d7c7f9
000004c2ce5149d9
000004c32327d9f9
000004c37ffdd439
000004c3e75d2819
000004c3e75d3579
000004c4072d3f79
000004c41156f539
000004c4172e0679
000004c431de03f9
000004c459158e99
000004c4b1765299
000004c4cacc8859
000004c4fd963bf9
000004c511c0a179
000004c515d92539
000004c51662a839
000004c5880570f9
000004c61eafdc99
000004c627d832f9
000004c648f831f9
000004c65844a919
000004c6808fb9b9
000004c6f80d56d9
000004c7851c7f79
000004c7af007c59
000004c7c19f17d9
000004c7ccab9759
000004c830548439
000004c8423d3e59
000004c85e67ef39
000004c86740c859
000004c868f1da19
000004c8694ba419
000004c8c0faf9b9
000004c8ebd3b039
000004c903461459
000004c91a079e59
000004c9ea54e459
000004c9ec051b99
000004ca63b0b779
000004ca89c55439
000004ca9e57bc19
000004caa75ea539
000004cac0d79eb9
000004cad631e559
000004cb25ba2979
00000996ccd2a061
00000000019ebc71
0000000000000181
000004cb6aa886d9
000004cb6ad3b979
000004cbf3f045b9
000004cc21506339
000004cc4b936479
000004cc675be299
000004cc86685e79
000004cc90ed7339
000004cc99b93d79
000004ccc4c62c99
000004cd129ee099
000004cd2b4900d9
000004cd596c80f9
000004cd7fea9139
000004cddc22f5b9
000004cdeefc1d19
000004ce936999b9
000004ce9369b6f9
000004cea8362c19
000004cef96ed9f9
000004cf05518259
000004cf305065f9
000004cf38112899
000004cf63757019
000004cf89b78059
000004cf99fb78f9
000004cfa4182999
000004cfa789dbd9
000004cfc2d750b9
000004cfe6d2ff79
000004d00fdb46d9
000004d049c3aef9
000004d052fb2259
000004d07ef71d99
000004d08b06fc19
000004d0cf1aa8b9
000004d0d91c2df9
000004d0ff312a79
000004d12aaa9299
000004d143e37e19
000004d146398699
000004d1a3682a79
000004d1b51b46b9
000004d1f915eff9
000004d211ade6b9
000004d273a6cc99
000004d2a9b2d2f9
000004d2b1bed5f9
000004d35a5f5599
000004d361608039
000004d363201039
000004d37c41e2b9
000004d37fa834d9
000004d3f61d0b79
000004d3ff28de99
000004d4305e20f9
000004d44129b799
000004d46f549299
000009a96d3d4161
00000000019ebc71
0000000000000181
000004d5009bf099
000004d510f2ba99
000004d5383eca39
000004d5619bd439
000004d5e0a29c79
000004d5fe4b3959
000004d70057cc19
000004d7142c6579
000004d71eaaca19
000004d738b151b9
000004d742f95299
000004d77d614f19
000004d78af63ff9
000004d796c5dcb9
000004d79c316239
000004d79f9929d9
000004d7a8f59e59
000004d7c203f939
000004d7e2a21f59
000004d7f878f119
000004d809bfe879
000004d81ff1a819
000004d82086ae99
000004d8273146f9
000004d84cd87979
000004d896545b79
000004d90e51bc59
000004d914c62e59
000004d91b179fb9
000004d979576a39
000004d986539e99
000004d9a8f82d99
000004d9b7f98b79
000004d9bbe3d2d9
000004d9c65f8819
000004da0997a679
000004da2077fcf9
000004da357f70b9
000004da5e3bc2f9
000004da7c7711f9
000004da9afc9d59
000004dafb761b59
000004db21111a19
000004db21112ad9
000004db3a945279
000004db452d8439
000004db6aec3e19
000004db82379179
000004dba4bd5819
000004dbd9afacf9
000004dc00663f39
000004dc181b4c39
000004dc386d1c59
000004dc7edaf039
000004dc7f5b7e39
000004dcb885e299
000004dcf9283879
000004dd09259c19
000004dd17f7ff99
000004dd81a67679
000004dd9a741fb9
000004dd9d0fcc79
000004dda44c1bb9
000004dda7d5df59
000004ddd792d2f9
000004ddeacd50b9
000009bc0da7e261
00000000019ebc71
0000000000000181
000004de24e20fb9
000004de5c770ff9
000004de97367859
000004de9830cc99
000004de9f9dce79
000004deb79a4499
000004dec90b64b9
000004deef6f0679
000004def8052cf9
000004df2605aa39
000004df3eef55b9
000004df45035e59
000004dfad730239
000004dfd4641539
000004dfe41397d9
000004dfef858e19
000004e034742dd9
000004e03db187f9
000004e064be3a39
000004e08248cb39
000004e0921bdb39
000004e0bce56819
000004e1429f5d39
000004e17bde8fd9
000004e19dee7ef9
000004e20278d779
000004e250a97219
000004e294d85879
000004e2c3c1dbd9
000004e2efa9d819
000004e3282309b9
000004e32c649839
000004e33a9fe6d9
000004e3b16dba39
000004e40ed5fa59
000004e4323c9959
000004e48de8a359
000004e49cf29e19
000004e4b4282139
000004e503c92339
000004e50af43859
000004e5367d6559
000004e55a72d239
000004e5e1b40d19
000004e611afb0b9
000004e626e88a19
000004e6940e0219
000004e69a4d0a39
000004e69faf7f99
000004e6bdb98779
000004e6ccbf0d59
000004e7390c58d9
000004e754a6c4d9
000009ceae128361
00000000019ebc71
0000000000000181
000004e761fa1f99
000004e764fddd79
000004e7652c36f9
000004e787059e79
000004e79a15f719
000004e7a85e8859
000004e7d7f38cf9
000004e7eaf2d699
000004e7f53c7f39
000004e87a6b7719
000004e8e45c6819
000004e93ee78679
000004e97069fcf9
000004e986eca259
000004e9b3f7a8b9
000004e9b6b79c39
000004e9eac558d9
000004ea39340bb9
000004ea5127f2b9
000004ea768603b9
000004ea8c44fb59
000004ea97bd44f9
000004eabd828719
000004eacf8f2a59
000004ead38b8c19
000004eaef13a8b9
000004eb34b98579
000004eb4bb76919
000004eb540d7699
000004eb59e56f99
000004eb8dcbe419
000004eb8dcbe639
000004ebaee55c39
000004ebbddcf8f9
000004ebca9efa99
000004ebe71dca99
000004ec037130d9
000004ec30344099
000004ec6f71ed19
000004eca47e4cf9
000004eca53b2479
000004ece695c399
000004ed3096b7f9
000004ed47ddd119
000004ed7b818039
000004ed8d695a59
000004ed98f40d59
000004edb7965bf9
000004edcf5aeb59
000004ee2ff8a479
000004ee7af66e59
000004ee8111e039
000004eea32da4d9
000004eea3308dd9
000004eeafd66419
000004eeb02a0919
000004eec1eb88f9
000004eef9a58c19
000004ef126dde79
000004ef93ff9679
000004efae4ca9d9
000004efcbeed579
000004efcbeee099
000004efcc34b559
000004efdf934179
000004f00692cbf9
000004f013065479
000004f03e091ed9
000004f0487d90f9
000004f06773ccf9
000004f06868b259
000004f0a0066079
000009e14e7d2361
00000000019ebc71
0000000000000181
000004f0ac9d44b9
000004f0c0bc63d9
000004f0c9d10c79
000004f0e0f4d659
000004f0e68b3c19
000004f1057490d9
000004f12e215e19
000004f134ef48d9
000004f13df695d9
000004f18e08eaf9
000004f19ce20bf9
000004f1ac4df619
000004f1bb891f79
000004f1ea8bf119
000004f1f5f63599
000004f2049bb619
000004f205399739
000004f216d6aa59
000004f23d8bae19
000004f2cd182d19
000004f2e94150d9
000004f32e5dff79
000004f332f7c959
000004f3b5236bd9
000004f3cba77419
000004f3d4a58479
000004f3d71d6a19
000004f3f92ed399
000004f42b810a59
000004f46e48ef99
000004f4748e7cd9
000004f4f03033b9
000004f4f7f49a79
000004f501434af9
000004f501c76419
000004f525f5dbf9
000004f53fe4dd79
000004f5cd166979
000004f5d40c8ff9
000004f5f716c839
000004f5f716da39
000004f65f246279
000004f662d28759
000004f67a04a019
000004f6b6b40c39
000004f6ea552579
000004f75ff8c139
000004f7624860f9
000004f76b907ef9
000004f7da07c2d9
000004f7fb769739
000004f7fec71b19
000004f829ec5119
000004f830b673d9
000004f8b3afbe59
000004f8bc1787b9
000004f8cb592979
000004f8eb1d94b9
000004f8f89dec59
000004f917d521d9
000004f932780ff9
000004f94be7aeb9
000004f94be7ee79
000004f951d80ab9
000004f98f035b19
000004f9f2e16959
000009f3eee7c461
00000000019ebc71
0000000000000181
000004faa19bff79
000004faa39de6f9
000004face682c19
000004fae12e12b9
000004fae7f98db9
000004faee0625d9
000004faf20c6a79
000004fb1b1edff9
000004fb79624d59
000004fb79b4c859
000004fb93e87a99
000004fbf79da5f9
000004fc03c8c3b9
000004fc42f4b0b9
000004fc77fd5d19
000004fcdcd97dd9
000004fd0b3d42d9
000004fd1a5df939
000004fddb8ac9d9
000004fe0f877a79
000004fe35e9b1d9
000004feba440319
000004fec75f9e99
000004feced863f9
000004fed5317dd9
000004ff3bf954f9
000004ff50ff4659
000004ff91163ad9
0000050029090599
0000050036a13479
0000050056213bd9
00000500ae924859
00000500d2c12939
00000500d3ce09b9
00000500daeabe59
00000500dfc2b2b9
00000501345fd279
000005013bdeffb9
000005016cfc7339
00000501c8edd979
00000501d740d959
00000501ef6904f9
00000502244053d9
000005026de7c899
00000502caf41859
00000502d7f1b9d9
0000050315cd0039
0000050334697239
00000a068f526561
00000000019ebc71
0000000000000181
0000050365fa8dd9
000005037625f6b9
00000503a3a117d9
00000503a67d9959
00000503d2aee999
00000503e3ca1c39
000005041af5ef39
0000050427011219
000005043b464eb9
000005043bf8fed9
0000050495d26e19
000005049de50c19
00000504bd335479
00000504dd4b0799
00000504f817e379
00000505a47de9d9
00000505b39d9539
00000505d8f54bd9
00000505fa19d1f9
0000050627d9aaf9
00000506285f6359
000005064c7661f9
000005066656dd79
0000050697e857f9
00000506a4fb6899
00000506a6b37959
00000506e7608fd9
000005071b3f9ab9
000005071b90d199
000005075777dd19
000005075e8226d9
0000050775185f59
000005079f8f3e59
00000507af8700d9
00000507b492da39
00000507c9a95939
0000050807c78019
00000508523c55d9
00000508828ec739
00000508b0fa1179
0000050913b91839
0000050923b9c079
000005092ec76a99
000005096b60cbd9
0000050993b7b5b9
00000509e7d54f99
00000509f4bbf5f9
0000050a1ba3b059
0000050a2d9078d9
0000050a3362c799
0000050a445cc039
0000050a575b4979
0000050a575b5299
0000050a6e053f59
0000050aad40ac99
0000050b02084799
0000050b32e12219
0000050b66fb06f9
0000050b87d3e339
0000050b8e0d9bd9
0000050bce38d819
0000050c00969539
0000050c0bb926f9
0000050c180b1a99
0000050c4d8360d9
00000a192fbd0661
00000000019ebc71
0000000000000181
0000050c9daf3799
0000050d0458f599
0000050d38a0c679
0000050d46e42519
0000050d6e979fb9
0000050d88ceaad9
0000050dce0446f9
0000050de1ff2e79
0000050e35082579
0000050e89253359
0000050ea529e9b9
0000050ea6c2a019
0000050ec1258ad9
0000050ec1259339
0000050ec7b07579
0000050ed6744b19
0000050ef2e471b9
0000050efbdee379
0000050f288a9839
0000050f288aa239
0000050f3f1435d9
0000050f50a4e699
0000050f87f012b9
0000050f9b2df979
0000050fb2c870d9
0000050fbb0161d9
0000050ff31d3979
00000510499fb479
00000510ed0c8e79
0000051102616b39
000005111557ed59
00000511aadd1ad9
00000511acdbaeb9
000005120a054c59
000005121e005c59
000005122a87ab39
0000051272280eb9
00000513083fd239
000005131ec632d9
000005133d0b17b9
00000513564f09b9
0000051396245f39
00000513cf2f6519
0000051406ef89b9
000005140d781b19
000005141d9345d9
000005143687c499
00000514406dd259
00000514b821e799
00000514cda87e39
00000514d0913159
00000514d77f9019
00000514f766cad9
0000051545b84cb9
000005156f3f9179
000005158f0313b9
00000a2bd027a761
00000000019ebc71
0000000000000181
0000051637174fb9
0000051654e22599
0000051668768519
000005169db6ebf9
00000516bb4ac359
00000516d151f2d9
00000516d19ce0d9
00000516d38a55d9
00000516e2795039
00000516f5d08cd9
0000051709a68db9
000005172c309339
000005173a8472b9
0000051774533739
000005178f945eb9
0000051794a92f19
00000517a0cdbe39
00000517f37cf579
00000517fdb69119
000005185ac131f9
000005186a165139
00000518a9b08e39
00000519451ef599
000005194e097159
00000519accc50d9
00000519c2a47ad9
00000519d7d07279
0000051a1451c339
0000051a4172dd79
0000051add5f5519
0000051b21be9cf9
0000051b22702339
0000051b3ae2ca99
0000051b5def3419
0000051b666b24f9
0000051b69e99a39
0000051b72e55af9
0000051b8ced9b79
0000051be6aeb039
0000051c02d0d5f9
0000051c20a77599
0000051c223bf139
0000051c34076d39
0000051c3b84be39
0000051c584ebc79
0000051c5fc94639
0000051c6a74d199
0000051c8a537479
0000051cb983b1b9
0000051cd6c9a2f9
0000051d70069a39
0000051d77a3e979
0000051d9fb6ebd9
0000051da908c619
0000051dbe5be299
0000051e09628979
0000051e1af8a079
0000051e4ce71399
0000051e5bb85159
0000051e70b72219
0000051e76d233f9
0000051e87e84a19
0000051eb375a039
0000051ebdd05859
0000051ec1045bd9
00000a3e70924861
00000000019ebc71
0000000000000181
0000051f718a9499
0000051f8d42c2b9
0000051fbf28c859
0000051ffa6cd819
00000520087e34f9
0000052032b50079
00000520336c2659
000005204480f379
00000520466d1e99
00000520499c36f9
0000052053ad5039
000005206b5a1379
0000052077b17b99
00000520bb048eb9
00000520f39760f9
00000521ba084319
00000521da6fd4f9
000005221a2a2c59
000005221ac926f9
0000052243289d99
00000522487b0819
000005228f1a1959
00000522be2aa319
00000522ecaeccf9
00000522f7b81819
00000523408c6159
000005234ca007d9
00000523974d4359
0000052397768499
00000523fba2ff19
00000524221aa839
000005242839e059
00000524354c36d9
00000524360723b9
00000524b049a619
00000524cad94039
000005250c9b1db9
000005254361e839
0000052551fa7239
000005256ed7cfd9
000005259ef0fcb9
00000526425c04d9
000005264f7c7c39
00000526654375f9
000005266a1918f9
0000052678f4f359
000005267faf98f9
00000526894ab459
00000526a4fa9139
00000526a6a33cf9
00000526b1759ab9
00000526bb1f1a99
00000526cd1524f9
00000526e0011e79
00000527a4046999
00000527f32c0979
0000052822c67659
000005284c3190b9
0000052859ce9b99
000005285acacd39
00000528843aa259
00000a5110fce861
00000000019ebc71
0000000000000181
0000052896e4ddd9
000005289bffd499
00000528a2fec859
00000528b136a119
00000528da75ae59
00000528eacb1019
00000528fab31f59
000005290b358559
000005291520cbf9
0000052937dc30f9
000005293d53ed19
0000052950fb6ff9
000005296da9fc99
0000052984a5f419
00000529e2626e19
00000529fe527cf9
0000052a24996b39
0000052a35d05ef9
0000052ad0c62dd9
0000052ad8a938b9
0000052ae7b775b9
0000052b3c8f0d79
0000052c176142f9
0000052c4f3cf379
0000052c4fa70e39
0000052c72c3e1d9
0000052c98c314f9
0000052c9cc28359
0000052cabf9c599
0000052cb62968b9
0000052cd1d5fd99
0000052cda014079
0000052d0d221f79
0000052d15247c99
0000052d42133b99
0000052d68aff9d9
0000052d77df4539
0000052d8e3fdf99
0000052daa985cd9
0000052e033b75f9
0000052e0a3c12b9
0000052e689c1379
0000052e6cd04e99
0000052e76efd6d9
0000052e9a0e26d9
0000052eccd54e39
0000052ed6c25359
0000052ef293c119
0000052ef293d3f9
0000052f1cd55559
0000052f33c3f439
0000052f3bc67f59
0000052f45a0a319
0000052f5a0e78b9
0000052f7f853e99
0000052f8f7b4959
0000052f9f97d9f9
0000052fb0eb7559
0000052fd7cb8f19
000005300e232ed9
00000530b2d0d859
00000530df3169b9
0000053106f757d9
00000531157da8b9
00000531304b81d9
00000531a3cf7fb9
00000531cab13759
00000a63b1678961
00000000019ebc71
0000000000000181
00000531f6ec9539
0000053209e54119
0000053246b4a4f9
0000053284944459
00000532972c87b9
00000532ac467439
00000532c57d7a79
000005330e3caab9
0000053338250cd9
000005333cef7159
0000053366fb6879
00000533aa47a7b9
00000533c26c4199
000005341a4c0839
00000534743bf159
00000534776753f9
00000534809491f9
0000053485a4ee59
0000053505674ef9
000005352a795439
000005355cdb9679
000005358c572219
00000535b452a279
00000535d781b439
00000535d8adf719
00000535ee1d43d9
0000053604c7d5f9
000005369bfa6f19
00000536a403c639
00000536db1da8d9
000005370c1e1859
000005370cb794f9
0000053718780fb9
000005373d74ddd9
0000053740845c39
0000053758c6d139
000005376002a419
00000537cd0d8679
00000537f0f11939
00000537fe1717f9
0000053849004239
000005384c2ca399
000005388800b9b9
000005390e4dca99
00000539d9b56399
00000539ee797819
0000053a312f48d9
0000053aa9f8ecf9
0000053ac19af619
0000053acbc9e179
0000053af5927b59
0000053af592adf9
0000053b25916239
00000a7651d22a61
00000000019ebc71
0000000000000181
0000053b616c7df9
0000053b73792939
0000053b85dbbcf9
0000053bc039d039
0000053beb6e6099
0000053bf8592d99
0000053c107e2759
0000053c3761b9b9
0000053c42cefa19
0000053c4d6a4959
0000053c842eef39
0000053cc320aa19
0000053cc3ec86b9
0000053d1a5c93b9
0000053d373d4479
0000053d373d5599
0000053d582a92f9
0000053dbeff1ad9
0000053e98c0c819
0000053ed22448f9
0000053f009521d9
0000053f0752a679
0000053f16c4ed59
0000053f18c34ef9
0000053f3b7d4ff9
0000053f8b4689f9
00000540078ce9d9
000005403dd3fc39
00000540438e57f9
000005409b17cb39
000005409fc765f9
00000540a1cdd0b9
00000540a46d2839
00000540db4567f9
00000540dfd7ee99
00000540ee241879
000005410c387039
0000054151229739
000005420d1258f9
0000054236cebad9
000005427271d459
0000054284418219
000005428a5b0279
00000542aa435119
00000542fc46ad59
00000543a3066ad9
00000543cc0ea6b9
00000543ce592799
00000543d8c65db9
0000054462b93639
0000054466c74c19
00000a88f23ccb61
00000000019ebc71
0000000000000181
00000544b7c95c59
00000545061033f9
000005451592c259
000005451592d819
0000054526b05bb9
000005455128f859
000005458bd0f499
00000545b2022d59
00000545ca3745b9
00000545e5047319
00000545f50fba59
000005470826cdd9
000005471a0a4ad9
00000547660ab499
0000054766cc3499
00000547712fde59
000005479f6564d9
00000547a934f879
00000547dfb3fd99
00000547ec38d7d9
00000547f8a25b59
00000548492c78b9
00000548f1c1bfb9
000005490a9326f9
00000549115d1879
000005492bff6719
00000549d0c5c7d9
00000549dabbf2b9
00000549deea0099
00000549e693f499
0000054a24e50519
0000054a28bc2c79
0000054a2c672399
0000054a37a74479
0000054a42d30ab9
0000054a52457279
0000054a575f1459
0000054a80802899
0000054a952e4039
0000054aba06b7b9
0000054abc7e4299
0000054ad0f54e39
0000054b62065eb9
0000054b69bf8039
0000054b8ac6c319
0000054b92cfa0b9
0000054bd3c5bf59
0000054bfeeccfb9
0000054c03833c39
0000054c377b7739
0000054c400214b9
0000054c661bd4f9
0000054cb568bd59
0000054cb8dd4139
0000054cbf8c08f9
0000054d01a600d9
0000054d4ab6ba39
0000054db0a33c59
0000054dbbb709f9
00000a9b92a76c61
00000000019ebc71
0000000000000181
0000054dcb2583d9
0000054dcfb30659
0000054ddf2420f9
0000054e06d12579
0000054e71d35cb9
0000054ece6e4779
0000054ed5d70eb9
0000054eddc38119
0000054f02742379
0000054f252055d9
0000054f64f42159
0000054f83b02f39
0000054ff22f3879
0000054ff6ce0759
0000055002b7a379
0000055003428599
0000055009323059
0000055019570bb9
000005503b522319
0000055047b40b39
0000055062faa979
000005509460c599
00000550991a49b9
00000550ccd18359
0000055122d97519
00000551666a89d9
000005518a417b59
00000551962d6239
000005519638dcb9
00000551e5f1c279
000005521e2cddf9
0000055233fb4c99
000005524a5ef7b9
000005525307c119
000005527f407c19
0000055295bd1439
000005535985c2d9
0000055390168179
00000553c3cbd759
00000553e6d39bd9
00000554139d47b9
000005541ede5e19
000005542f7a32b9
00000554451c0d99
0000055451ad5fd9
000005545919cd79
0000055464466639
00000554d3cb4919
00000554f88e0479
00000554ff904799
0000055535c32179
000005554db7e3d9
0000055551ac8919
000005557b9fe059
00000555dc678359
00000555ecfbec39
00000555f941e9f9
00000555fafbda59
00000556001e71b9
00000556ca393739
00000556d70c27b9
00000556f6b02a79
0000055706a69539
00000aae33120c61
00000000019ebc71
0000000000000181
000005573027a0d9
000005574b9403f9
000005577f7b1119
000005578b1ed5b9
000005578bad1e99
00000557c15a7959
00000557d0f94319
000005586967a2f9
000005586b12a999
000005588aafd639
00000558a73908d9
00000558f1a904b9
00000559247c2679
000005597a9249f9
00000559b9d01439
0000055a029db0f9
0000055a25f2e939
0000055ab3067bf9
0000055ab34c9c59
0000055ac94009d9
0000055aef1f2339
0000055afb01fbb9
0000055b020a6a19
0000055b08ff2339
0000055b253a1299
0000055b31147299
0000055b478cd559
0000055b48603f19
0000055b4e3b5559
0000055b64cb6a39
0000055b6b5b4439
0000055b87985db9
0000055bb1446439
0000055bbafefad9
0000055c01eea0b9
0000055c38320939
0000055c485611f9
0000055c63000df9
0000055c892723d9
0000055c8b69d159
0000055ca6f07099
0000055caca7b419
0000055ccf890479
0000055ce2ba2579
0000055d0ea206b9
0000055d18144c39
0000055d3d7d32d9
0000055d8f086299
0000055db756b879
0000055dc28913d9
0000055ddab2feb9
0000055dfb8e1839
0000055e14179e99
0000055e1a451a19
0000055e203f6ff9
0000055ea59766f9
0000055f47b52f59
0000055f69793d79
0000055f7063b4d9
000005602b770ad9
0000056053f85579
00000ac0d37cad61
00000000019ebc71
0000000000000181
00000560c1fd7fb9
00000560e13a6959
00000561361f95b9
0000056139e76019
000005615441e8b9
000005616d710e59
0000056183a36499
0000056199832819
00000561ab8b2a99
00000561b35f4e39
00000561bcec84f9
00000561d39ff9f9
00000561d8bc7059
00000562352b83f9
000005624acb2e59
000005627ad19bb9
00000562b58345d9
00000562bc28a1f9
00000562cec17379
00000562e4206999
0000056304e407f9
0000056315937159
00000563246bc379
0000056357952779
000005638ee73379
00000563de23ae39
00000563f88f1d39
00000563fba40519
0000056407532b79
0000056410eeab99
00000564253b9e99
000005648aa1a5b9
00000564c616d7b9
00000564d5db2179
00000564f922c919
00000564f922dab9
00000565442dced9
00000565d44d7b59
00000565e3449bb9
00000566544d85b9
0000056656f05799
00000566607db4b9
000005666a600139
000005668ef30359
00000566a5a7b839
00000566facc1bf9
0000056701e4b0f9
00000567b331a979
00000567be934cb9
00000568136467d9
0000056853713a39
0000056897a9a459
000005689b46b8d9
00000568d2ddf3f9
000005694f785c99
000005696b36b2b9
000005699a8324d9
00000ad373e74e61
00000000019ebc71
0000000000000181
0000056a6830baf9
0000056a860158f9
0000056ad566e379
0000056ae12b95b9
0000056b41854179
0000056b62604f59
0000056b718e9099
0000056b767c7319
0000056b7c0aba99
0000056c0bc6f339
0000056c1c8433b9
0000056c541d64f9
0000056c6f1a3c19
0000056c7af2c499
0000056c98421d79
0000056c9e6b1659
0000056cd88580b9
0000056cd8858259
0000056cf1af5159
0000056cf7e744f9
0000056d1d79f1f9
0000056d24e81279
0000056d374e2e99
0000056d3f705db9
0000056d47c1d259
0000056d55617cd9
0000056d703599f9
0000056de2cefa19
0000056dec1f0d39
0000056df2bee179
0000056e190034f9
0000056e1a86f1d9
0000056e3f3053f9
0000056e8cf1cd79
0000056eb1f9ff39
0000056ebf077e79
0000056edc347599
0000056f1ac5b039
0000056f31207859
0000056f3a7ba1b9
0000056f52c17179
0000056f5e0e48f9
0000056f896f1099
0000056fa3dc8f99
0000057003e456b9
0000057017e19f99
000005704f317659
00000570618b8bd9
0000057095fb1499
00000570b73aca19
00000570bed0a2d9
00000570eba650b9
00000570f8b52e59
00000570fff7e239
000005711fb10f79
0000057129e22d19
00000571355e9099
0000057137a110b9
000005713ad6e2f9
00000571499d4079
000005716c705bf9
000005718a4077f9
0000057197c662d9
00000571f9d306b9
0000057220c6e639
00000572222b0939
000005727dc39b99
00000572ba110659
00000572ee610239
00000ae61451ef61
00000000019ebc71
0000000000000181
00000573542f8ed9
000005735e268c39
000005738a4ac639
000005738f588f59
00000573acc6ca39
00000573c7389079
00000573ee7db639
00000574252b6c79
00000574475175b9
000005749cbac4b9
00000574b44f7919
00000574c751d0f9
0000057507993af9
000005752fbb3f19
000005753f60ebf9
0000057547287f59
000005757542e2f9
000005759f149599
00000575ccd103b9
00000576163f7479
0000057644085f19
000005765f4614b9
000005769e605239
00000576af113f59
00000576b2c4c019
00000576c57edbb9
00000576c6fbe159
00000576c93f7919
0000057701ceb3f9
0000057707cb1959
0000057749700119
0000057757c61f59
00000577a3db0899
000005781ab1a799
00000af05d53f961
00000000019ebc71
0000000000000181
