[MCS8 A] 97 FW 3.104 SV 1.257 
range=1024
periods=2
sweepmode=27e20d0
fstchan=0
holdafter=0
streamstatus=3
calreg0=0
calreg1=0
calreg2=0
calreg3=0
swpreset=8000        
prena=0
syncout=0
cycles=18
sequences=1
tagbits=16
vdac0=92c
vdac1=807
vdac2=8c8
vdac3=8c8
vdac4=8c8
vdac5=8c8
vdac6=8c8
vdac7=8c8
timepreset=20.000      
digio=0
digval=0
autoinc=0 
savedata=2 
mpafmt=asc
sephead=0 
fmt=asc
smoothpts=5 
[CHN1]
REPORT-FILE from 06/19/2026 14:13:49.534  written 06/19/2026 14:13:49
cmline0=06/19/2026 14:13:49.534 
cmline1=A1
range=1024
active=1
bitshift=4
cftfak=2580100
evpreset=10          
roimin=0
roimax=1000
caloff=0.800000
calfact=12.800000
calfact2=0
calfact3=0
calunit=nsec
caluse=1 
[CHN2]
REPORT-FILE from  written 06/19/2026 14:13:49
cmline1=A2
range=1024
active=0
bitshift=4
cftfak=2580100
evpreset=10          
roimin=0
roimax=1000
caloff=0.800000
calfact=12.800000
calfact2=0
calfact3=0
calunit=nsec
caluse=1 
[CHN3]
REPORT-FILE from  written 06/19/2026 14:13:49
cmline1=A3
range=1024
active=0
bitshift=4
cftfak=2580100
evpreset=10          
roimin=0
roimax=1000
caloff=0.800000
calfact=12.800000
calfact2=0
calfact3=0
calunit=nsec
caluse=1 
[CHN4]
REPORT-FILE from  written 06/19/2026 14:13:49
cmline1=A4
range=1024
active=0
bitshift=4
cftfak=2580100
evpreset=10          
roimin=0
roimax=1000
caloff=0.800000
calfact=12.800000
calfact2=0
calfact3=0
calunit=nsec
caluse=1 
[CHN5]
REPORT-FILE from  written 06/19/2026 14:13:49
cmline1=A5
range=1024
active=0
bitshift=4
cftfak=2580100
evpreset=10          
roimin=0
roimax=1000
caloff=0.800000
calfact=12.800000
calfact2=0
calfact3=0
calunit=nsec
caluse=1 
[CHN6]
REPORT-FILE from  written 06/19/2026 14:13:49
cmline1=A6
range=1024
active=0
bitshift=4
cftfak=2580100
evpreset=10          
roimin=0
roimax=1000
caloff=0.800000
calfact=12.800000
calfact2=0
calfact3=0
calunit=nsec
caluse=1 
[CHN7]
REPORT-FILE from  written 06/19/2026 14:13:49
cmline1=A7
range=1024
active=0
bitshift=4
cftfak=2580100
evpreset=0           
roimin=0
roimax=1000
caloff=0.800000
calfact=12.800000
calfact2=0
calfact3=0
calunit=nsec
caluse=1 
[CHN8]
REPORT-FILE from 06/19/2026 11:29:06.915  written 06/19/2026 14:13:49
cmline0=06/19/2026 11:29:06.915 
cmline1=A8
range=1024
active=0
bitshift=4
cftfak=2580100
evpreset=0           
roimin=0
roimax=1000
caloff=0.800000
calfact=12.800000
calfact2=0
calfact3=0
calunit=nsec
caluse=1 
;MCS8 #97 Sversion=1.257 Fversion=3.68
time_patch=1
;datalength=8 bytes
;bit0..3: channel# 1..8 ( 4 bit)
;bit4: edge 0=up / 1=dn ( 1 bit)
;bit5 ..57: timedata    (53 bit), max sweep length 2001.6 h
;bit58..62: tag0..tag4  ( 5 bit)
;bit63:     data_lost   ( 1 bit)
[DATA]
0000000000000016
00000000105f5b99
00000000105f7039
000000004589ca19
000000005478bcb9
000000007217b359
0000000072adf339
00000001020abe99
00000001020ac619
000000010619c039
000000010619ce59
000000010619cfd9
000000010619ea99
0000000109dd5a99
000000010c13ff79
000000011bed02b9
000000014423abd9
000000014423c1b9
000000017dbcf039
000000017dbcf0b9
000000017dbcf0f9
000000017dbcf799
00000001895a2d19
00000001895a3ad9
00000001895a46d9
00000001c5ee1bf9
00000001e2758dd9
00000001e9299bf9
00000001e929b079
0000000222a72c79
0000000222a74db9
0000000222a79559
0000000222a7ad59
0000000241eb25b9
000000025cfc7e59
000000025cfced79
0000000266ce82b9
0000000266ce9259
0000000266ce9759
00000002728183d9
0000000273f750f9
000000027fe48239
00000002857830f9
00000002857835f9
0000000285783879
0000000285786659
00000002857898f9
000000028dcc1839
000000028dcc4bb9
00000002bb5951d9
00000002ed558d79
000000031525d3b9
0000000321a55379
0000000381f0a419
000000038545d199
000000038e0a0ab9
000000038e0a1b19
00000003a0a89d39
00000003b746a9f9
00000003b746aa99
00000003b746b179
00000003b746baf9
00000003b746bf59
00000003b746cf19
00000003b7470f99
00000003be15ad39
00000003be15add9
00000003be15ae19
00000003be15b499
00000003be15bbd9
00000003be160319
00000003ceac4fd9
00000003d68c37b9
00000003d68c4bb9
00000003d68c4c59
00000003d68c5339
00000003e2e642f9
00000003ee56e139
00000003ee56e8b9
00000003fadfe259
0000000427b6a679
0000000427b6a6f9
000000042a6c7939
0000000450190bd9
0000000468c645d9
000000047634f9d9
00000004bbccf539
00000004bbccfc99
00000004d8364eb9
00000004d8365039
00000004d8366479
00000004db2404f9
00000004e0b07119
0000000517c6d9d9
0000000518923bf9
000000051abd0839
000000051abd15d9
0000000527c80ff9
000000053ad85039
000000056c043ff9
00000005d661cd79
00000005d661de59
00000005d661ecf9
00000005d661f119
00000005d661f739
00000005e54aac99
00000005e54aae39
00000005e54aaed9
00000005e54abe79
00000005f2bdf159
00000006337dcd79
000000067a008a79
000000067f1961d9
0000000697180119
00000006b1293659
00000006be6fe339
00000006ff17d059
00000007068ccc99
00000007068cd3f9
000000071afbf0d9
000000071ce38df9
000000071ce3a079
00000007231c6199
0000000744fe8d59
000000074788e499
00000007a58d0499
00000007a58d0539
00000007a58d0bf9
00000007a58d7b39
00000007be8e9579
00000007d36ede79
00000007d51d0a79
00000007d51d11d9
00000007d51d3099
00000007d51d3359
00000008488ee359
00000008488f4e99
00000008779c3319
00000008aa4ee519
000000091a494ad9
000000099dac7579
0000000a04a521f9
0000000a09603679
0000000a09608859
0000000a09609bb9
0000000a1666d979
0000000a1afb34f9
0000000a45ba6179
0000000ab4d528b9
0000000abe3d5759
0000000acf59ce79
0000000ae4c42e79
0000000b4021eef9
0000000b458cb739
0000000b5a83ef79
0000000b5a8402d9
0000000b84451e79
0000000bb27d06b9
0000000bbe2ba279
0000000be6ea8a19
0000000c0bd3c5d9
0000000c0bd3dfd9
0000000c0bd42599
0000000c0bd448b9
0000000c61599999
0000000c615a0199
0000000c6f4934d9
0000000c70eb12f9
0000000c9aa58fd9
0000000c9aa5a2f9
0000000cbbdb3cf9
0000000cbbdb3d99
0000000cbbdb4479
0000000cbbdba8b9
0000000ce73fa139
0000000ce73fafb9
0000000cf0424db9
0000000d1cff6859
0000000d28c2cc99
0000000d28c2ce99
0000000d28c2e439
0000000d6c6c01f9
0000000d6c6c0299
0000000d6c6c0959
0000000d6c6c3759
0000000d6c6c3db9
0000000d6c6c4cd9
0000000d6c6c4eb9
0000000d6c6c5059
0000000d6c6c61f9
0000000d6c6c7779
0000000d6c6cccd9
0000000d777b0a99
0000000d8a0d9d99
0000000d8e2c4959
0000000d96ea05d9
0000000d96ea0659
0000000d96ea0799
0000000d96ea9619
0000000d9a05eb99
0000000d9a05ec19
0000000d9a05f2f9
0000000dd73dce39
0000000eaf8c3659
0000000eaff37b79
0000000ecfebf399
0000000f220ed2f9
0000000f2fac8079
0000000f5f8c8f99
0000000fac96ee79
0000000fb850e799
0000000fb850f719
0000000fc2190bd9
0000001009b22bf9
0000001078166ff9
0000001078167099
00000010781681b9
0000001085955299
0000002156225161
0000000000f4b071
0000000000000181
00000010c3576379
00000010cfcf6d39
00000010d2b19b79
00000010dd9ee6d9
00000010dd9efc19
00000010dd9f0139
00000010dd9f2bd9
00000011181a7a99
00000011181a9a19
00000011363e4ef9
000000115e5dc2d9
00000011600997f9
000000119630d8f9
00000011b02dee99
00000011c0375ff9
00000011cbbc0e39
00000011cbbc1039
00000011d72ee239
00000011dd58fc99
00000011eccfea59
000000123550c1b9
000000123550c239
000000123550d959
00000012c2ce0d39
00000012f5bac339
000000130b460299
00000013371ceff9
00000013371d0299
00000013371d3579
0000001365a7a079
0000001391fc1e19
0000001391fc35d9
00000013ce2ef119
00000013d4ab4639
000000147615ff79
000000147bd3b599
00000014beb066d9
00000014beb06839
00000014c98a8bf9
00000014c98a8c99
00000014c98a9379
00000014c98a9ed9
00000014c98aa9b9
00000014c98af3b9
00000014c98af899
00000014c98b05d9
00000014c98b07f9
00000014d484a039
000000150fa9e099
00000015149305f9
000000151fc845d9
000000151fc857d9
000000154de53d39
00000015640368b9
000000156b8a9ff9
000000156b8ab1d9
000000156c76f0d9
000000156f0d0db9
000000156f0d1519
0000001571e6c3b9
0000001571e6d979
00000015cdaf2039
00000015d1186159
00000015d11868b9
00000015d11871b9
00000015d118a519
00000015f6f097f9
000000162cd59c79
0000001632a386f9
0000001632a38e59
0000001632a399d9
0000001632a3e999
000000166ff89dd9
000000166ff89e59
000000166ff8af99
0000001681224119
0000001681224a79
0000001681229459
00000016812295f9
000000168122ac99
00000016b20a0399
00000016b20a0679
00000016b20a6639
00000016b20a9819
00000016d5c97df9
00000016dd07aff9
000000170dc25f59
00000017274be819
000000173cacb819
00000017668e7a79
00000017668e7af9
00000017668e81d9
00000017668e9199
000000178aaf6959
000000178f1d67b9
0000001798321e79
00000017983225f9
0000001798322f19
00000017983231f9
0000001798323899
000000179c4bca19
000000179c4bdb59
00000017a507ab39
00000017a507ad59
00000017a5080719
00000017e694abd9
000000182327d159
000000185e0a21d9
000000185e0a9cf9
000000186f28f879
000000186f290919
00000018705882b9
0000001877404339
00000018774069b9
000000187a289559
000000189bca9ef9
00000018a5360259
00000018b0468719
00000018d1ec1bf9
00000018fa703f19
000000191bf9e559
000000191bfa19f9
0000001971bd56f9
000000197e193859
000000197e194119
000000198f620bf9
000000198f620c79
000000198f621359
000000198f6214b9
000000198f621d99
00000019cfa4eff9
00000033f68d4061
0000000000f4b071
0000000000000181
0000001a5ac482b9
0000001a6b835859
0000001a6caf0419
0000001a94174d99
0000001a94174f79
0000001aa7c73a79
0000001ab0a50f19
0000001ae87e3ff9
0000001b046726f9
0000001b0cfda0d9
0000001b0cfde699
0000001b6f1c84f9
0000001b76d3b659
0000001b76d3b6d9
0000001b76d3bdb9
0000001ba2991d19
0000001bc5c12079
0000001be8765179
0000001c24719399
0000001c24719539
0000001c24720559
0000001c2c3e7699
0000001c2c3e8739
0000001c48effc99
0000001c531fe8d9
0000001c531ff879
0000001c7df66579
0000001ca060dc19
0000001cb9338819
0000001cb9338f99
0000001cb933a2f9
0000001cb933a399
0000001cb933aa59
0000001cb933b599
0000001cb933b759
0000001cb933e5b9
0000001cb933ff59
0000001cb93415d9
0000001cb93420b9
0000001cb93427b9
0000001ce93f5619
0000001ce93f67b9
0000001ce93f6a39
0000001ced258819
0000001ced258f79
0000001ced2593d9
0000001ced259799
0000001cf24c3299
0000001cfb7c88f9
0000001d3d341919
0000001d3f300fb9
0000001d4c10d939
0000001d5123e8b9
0000001d5aab6039
0000001dc291d459
0000001dc291e619
0000001e27134bd9
0000001e27134d59
0000001e2bb3ca79
0000001eb3461c19
0000001f0485fbb9
0000001f0485fc59
0000001f04860319
0000001f04860e19
0000001f048620d9
0000001f094700d9
0000001f11cc5319
0000001f11ccddb9
0000001f11ccebd9
0000001fb2ea7b79
0000001fb2ea7c19
0000001fb2ea7c39
0000001fb2ea82d9
0000001fc82d1bf9
0000001fc82d30f9
0000001ffe5911b9
0000002012f2d5f9
0000002061b44119
00000020fb7db179
00000021ac81e279
00000021e72c5079
00000021e72c6e59
00000021e72c6ef9
00000021f6879859
00000021f68798d9
00000021f6879fb9
00000021f687ab59
00000021f687f4b9
00000021fe4bd959
000000220d781a59
00000022afd09c79
00000022afd0aed9
00000022afd0f5f9
00000022b6186e39
00000022f4cbcc39
00000022f4cbccb9
00000022f4cbd399
00000022fc110f99
00000022fc114799
0000002327522ed9
0000004696f82e61
0000000000f4b071
0000000000000181
000000237cc20979
000000237cc21b59
000000237cc22df9
000000237cc29099
00000023ecd05119
00000023fc32b999
00000024454792f9
00000024d121dd79
00000024f40154b9
00000024f4015c39
00000024f4016739
00000024f40168b9
00000024f401ab99
000000251d9c7379
00000025298fa739
000000253975c259
0000002556b45ad9
00000025576ea899
000000256614cff9
0000002571a77dd9
000000257c7b32f9
000000259d41f759
00000025dcd2f859
00000025fe9f7099
0000002616c43a99
0000002668355979
00000026b0707639
0000002700422999
0000002700423a19
0000002700423b19
00000027185245f9
000000271b857919
00000027592adf59
00000027592ae479
00000027592ae6d9
00000027592b3359
00000027592b3719
00000027c27b8cf9
00000027c27b9479
00000027d191a739
00000027d191ae99
00000027d191bed9
00000027d191bf59
00000027d191d119
00000027d4630b39
00000027d4631b39
00000027d62a5b99
00000027fb764579
0000002809d51739
00000028393a8779
00000028393a8ef9
00000028393a9739
00000028393a9939
0000002900f05f59
0000002939529ed9
0000002951169579
00000029511695d9
00000029556c8599
00000029852fb679
00000029914b6779
00000029aaae1079
0000002a0e234f99
0000002a19407879
0000002a43192619
0000002a56250259
0000002a56a68a99
0000002a56a691f9
0000002a56a69c39
0000002a56a69dd9
0000002a56a69f59
0000002a56a6a3b9
0000002a56a71779
0000002a7de72179
0000002a7de76659
0000002a91da9f99
0000002a939adc99
0000002a9ed3ef19
0000002aa63f3759
0000002b29fe73d9
0000002b7581c0d9
0000002b7581d2b9
0000002ba09ff559
0000002bf276e039
0000002bf4051479
0000002bf4053e99
0000002bf4053f39
0000002bf40545f9
0000002c2d3a1739
0000005937631d61
0000000000f4b071
0000000000000181
0000002ca316bbf9
0000002ca5097b79
0000002ca5098b39
0000002ca5098ff9
0000002ca5099099
0000002ca50991d9
0000002ca509c679
0000002ca509c919
0000002ca509d059
0000002d0889c859
0000002d0889d939
0000002d0d6b2e79
0000002d0d6b3079
0000002d0d6b3bf9
0000002d0d6b4a59
0000002d3e0f6bb9
0000002e12987479
0000002e420417f9
0000002e48285eb9
0000002e4ca9e899
0000002e5af30fb9
0000002e7e418cd9
0000002e7e419439
0000002e95e0e5f9
0000002e95e0f7d9
0000002ee41c9499
0000002eecaeb0d9
0000002f252a14b9
0000002f8cea19b9
0000002f8cea68f9
0000002fa01ea079
0000002fcc9a2eb9
0000002fce666ab9
0000002fce667219
0000002fce668079
0000002fe280f9b9
0000002fe2810f39
000000303d68b6b9
000000303d68b779
000000303d68b7f9
000000303d68b859
000000303d68be39
000000303d691a59
000000303d692139
000000303d692b99
000000303d694cb9
000000303d6956b9
00000030b0af83f9
00000030e26d78f9
00000030f5f20c59
0000003103b09e79
0000003103b0a5f9
0000003103b0ae79
0000003103b0bbd9
0000003103b0d5f9
00000031174ed3b9
000000318e212ef9
0000003193d123f9
00000031beb0d7b9
00000031d21f06b9
00000032401786f9
000000324017f679
00000032d39999f9
00000032d399aaf9
00000032d399beb9
00000032d5c8e239
0000003306024e99
000000330d5548b9
00000033781a7359
00000033781a7539
00000033781a7ab9
00000033cc122cd9
00000033ceef0679
00000033d99aeaf9
00000033d99af279
00000033d99afe19
00000033db4475b9
00000033ec7f7af9
000000341b2bf239
000000341b2c0799
000000341b2c5b19
000000341c41f119
000000341f148099
000000343ed27719
000000349d7d6c79
000000349d7de9d9
0000003508fec259
0000003540315c19
00000035a56b2979
00000035ad7dcb99
00000035b895fc39
00000035b8960399
00000035b89616d9
00000035b8962719
00000035e97bf219
00000035e97c4b79
0000006bd7ce0b61
0000000000f4b071
0000000000000181
00000035f6d53df9
00000035f6d53e99
00000035f6d53fd9
00000035f6d54579
000000362acf0f99
000000362acf5639
000000363aa142b9
000000363aa14339
000000363aa14a19
0000003681ce18d9
00000036b37be339
00000036b37be3d9
00000036b37bea99
00000036ba19bb99
00000036ba19cd19
00000036ba19e0b9
00000036ba19e179
00000036bd1f84b9
00000036bd1f8559
00000036bd1f8c19
00000036bd1f9699
00000036bd1fab19
00000036e761c859
00000036e761d879
0000003729f4af59
000000372d265a59
000000372d26bd39
000000373fff15f9
0000003776ed1c99
000000379e926719
00000037e2457b19
00000037e50dbad9
000000380709dd99
000000389ef4fe59
00000038a66b3479
00000038ac68f0f9
00000038b5cf4939
00000038b5cf50b9
00000038e4433b39
0000003901cbb179
0000003943140e59
000000399ad18b79
00000039b67367d9
00000039b6736879
00000039b67368b9
00000039b6736f39
00000039b6737b59
00000039b6737db9
00000039b673ecd9
0000003a4c14a1d9
0000003a697efd79
0000003a697efe19
0000003a697f04d9
0000003a697f0f19
0000003a697f44b9
0000003a80089e99
0000003a8008b179
0000003a956683b9
0000003a95668479
0000003a95668b39
0000003a95669b79
0000003a9566ce39
0000003a9566e279
0000003ab9f2a059
0000003abc81b079
0000003ac3cc45d9
0000003b06c67c79
0000003b10d60619
0000003b2e1c4e39
0000003b4eac2e79
0000003b5df9e559
0000003b5df9e5d9
0000003b5dfa1e19
0000003b5dfa8639
0000003b650f7339
0000003b6d61f1b9
0000003b8f1f36f9
0000003baabc5499
0000003baabcb899
0000003bbc865ff9
0000003bce8fb039
0000003bf22540b9
0000003bf22557f9
0000003c1bcad3f9
0000003c1bcb3119
0000003c38775f99
0000003c38777f79
0000003c3be11779
0000003c3be125d9
0000003c404f11d9
0000003c93be1c99
0000003ca27b6bb9
0000003ca42733f9
0000003cd6301ed9
0000003d22935219
0000003d45204959
0000003d461bc279
0000003d7e848999
0000003db17b1619
0000003db17b3c99
0000003db17b7af9
0000003dedb1e159
0000003df2e29e99
0000003e0c1b2d19
0000003e0c1b2db9
0000003e0c1b2df9
0000003e0c1b3499
0000003e7fd216f9
0000003e7fd27f99
0000003e7fd28ed9
0000003e9e9ebbb9
0000003eb8a2c0b9
0000003ef7de35f9
0000003f2601ae19
0000003f2601c0f9
0000003f35f58b19
0000003f35f60f39
0000003f383c6ad9
0000007e7838fa61
0000000000f4b071
0000000000000181
0000003f49235cf9
0000003f627c61d9
0000003f95ca9ef9
0000003fa497a079
0000003fa497a7d9
0000003fa497b359
0000003fa497b959
0000003fc65e9619
0000003fc65efef9
0000003fc7647919
000000406df01c59
000000406df06479
000000406ead1379
00000040876d6f19
0000004096440919
00000040bc7b5ed9
000000411e2565b9
0000004137ffdc59
0000004137ffdcf9
0000004137ffe3b9
0000004137ffe459
00000041380044b9
000000415b3ff639
00000041c0339899
00000041c0339939
00000041c033a7d9
00000041c033a939
0000004207cf5c59
0000004220df98f9
0000004220dfa939
000000422bd93239
000000422cba9ab9
0000004230327b39
000000425b32b619
0000004271556279
0000004271557c99
00000042a261c0f9
00000042a261d0b9
00000042a261da39
00000042a261e879
00000042a261f739
00000042a261f9b9
00000042c2351219
00000042d6225739
00000042dd77e2f9
0000004307e534d9
000000430f535999
0000004374a54d79
0000004374a56759
0000004374a576b9
000000437bc61a99
00000043b4b07f19
00000043b547b6d9
0000004404b5a799
000000442fc2eed9
000000446a85c2f9
000000446aa308f9
000000449178bb19
000000449ad644b9
00000044edbdc379
00000044edbdd779
0000004534ad9339
0000004534ada439
000000453acd3939
0000004554a54df9
000000455f58fd39
000000455f5904b9
000000455f591299
000000458cbcdb39
00000045a58b7039
00000045a58b8019
00000045aa657739
00000045cb7de419
00000045cb7dfc99
00000045cb7e3d39
00000045cb7e5679
00000045e8a413d9
00000045eb0f1399
00000045f87a0c59
00000045f87a2499
000000466acf8f79
00000046bf8466f9
00000046bfc07b19
00000046e116f2b9
000000473fd6c7b9
0000004769dc30b9
000000477229f279
00000047722a0359
0000004784010279
000000478adc8f39
000000478adca3b9
00000047912b6379
00000047bc8194f9
00000047becadb39
00000047ffc4e6f9
00000048034659b9
000000481844e739
0000004843ebfc99
0000004843ec03f9
0000004843ec0df9
0000009118a3e961
0000000000f4b071
0000000000000181
00000048d21c6f99
00000048d21c7139
00000048d21c76f9
00000048d21ca059
00000048dcc36979
00000048dcc369f9
00000048dcc36b59
00000048e78ee679
00000048e78efcd9
0000004938322e79
00000049598230b9
00000049626be039
000000496efd2099
0000004984e120b9
0000004a3828b399
0000004a57ccee19
0000004a57ccfe59
0000004a6919ae79
0000004a78605379
0000004a78605af9
0000004a82136359
0000004abb1ecd99
0000004abb1ed519
0000004abb1edf39
0000004abb1eee99
0000004ac1713199
0000004b2e2bf219
0000004b474a60b9
0000004b474a6159
0000004b474a6839
0000004b5b9a1df9
0000004bb92614f9
0000004bb9261599
0000004bb92615d9
0000004bb9261c79
0000004bb9262279
0000004bb9262679
0000004bb9262719
0000004bb9262dd9
0000004bb9263659
0000004bb9265d39
0000004bb926b0d9
0000004bc3104519
0000004bc3105959
0000004bc31060b9
0000004bc3107a39
0000004bc310d6d9
0000004bc5b74a19
0000004becb0aa59
0000004bf9e9d719
0000004bf9ea2579
0000004c15b81e79
0000004c29835139
0000004c29836239
0000004c29836359
0000004c45ea5139
0000004c45eac279
0000004c4dacbb59
0000004c4dacbbd9
0000004c4dacc2b9
0000004c4dacce19
0000004c4dad1ff9
0000004c71dc48b9
0000004c71dc57f9
0000004c71dcb759
0000004c7fed1679
0000004c7fed16f9
0000004c7fed1839
0000004ca2e84c59
0000004cad8b7bb9
0000004cad8b9739
0000004d7e851299
0000004d7e851339
0000004dac5b56f9
0000004db1e56979
0000004de3127f59
0000004de3127ff9
0000004de31286d9
0000004de31296d9
0000004df8e0a079
0000004e06555299
0000004ea17ffcb9
0000004eb57d56d9
0000004ecec6e0b9
0000004f158bb879
0000004f21aa0539
0000004f2dc5e779
0000004f63159bb9
0000004f63162959
0000004f9fb1c159
0000004f9fb21ad9
0000004fda95a4f9
0000004fe8242e79
0000005001c1b219
0000005001c1b2b9
0000005001c1b999
0000005001c1bfd9
0000005041ba3159
0000005074577d19
00000050829c9819
00000050829cf819
00000050829d0679
000000509aa13b19
00000050d1594d19
00000050e60d0739
00000050e60d1739
00000050ecaf4d99
0000005100f67799
0000005102cf3139
0000005102cf31b9
0000005107cf7b39
000000515080ff39
00000051811fc459
00000051811fc5f9
000000518286dcf9
000000518286eeb9
00000051a9fb1639
00000051b2763139
000000a3b90ed761
0000000000f4b071
0000000000000181
0000005210392619
000000521b96e579
000000523f4bd499
000000523f4be7d9
000000524c7c5379
00000052511ef199
000000525c41bef9
000000525c420019
000000525c4211d9
00000052d57eaf19
0000005319682979
000000531ccbcf99
00000053493ab819
000000535c6698f9
000000535c669979
000000535c66a059
000000535c66adf9
000000536b3c0899
000000537f9bd979
00000053beab6e79
00000053c8aaa399
00000053e603baf9
000000540184d0f9
0000005401856ad9
0000005434c17cb9
0000005434c17d59
0000005434c18439
000000544e6a39f9
00000054737e5a99
0000005489660b19
00000054bf9eefb9
00000054c77b1df9
00000054cf43dc99
0000005556cbd479
0000005556cc26b9
000000558aca5839
00000055a3136499
00000055d7fe6959
00000055d7fe69f9
00000055d7fe6b19
00000055d7fe9179
00000055d7fea1f9
00000055d7fec619
00000055d7fec699
00000055d7fefe59
00000055d7fefef9
00000055d7ff6b19
00000056563264f9
0000005656326599
0000005656326879
0000005656326c79
0000005656327579
000000565632a639
000000565632d379
00000056adeee5f9
000000575985a859
00000057991a0fb9
00000057991a84b9
000000579dc388d9
00000057d104e039
00000057d6c68e79
00000057dbed26f9
00000057dbed8ab9
0000005808fd8099
00000058201ac7d9
0000005844ebb719
00000058746452f9
00000059354c7a59
000000594003d959
0000005957742859
00000059811c4b39
00000059e13eb0b9
00000059f52db019
0000005a4e3d3ff9
0000005a4e3d4079
0000005a6070d119
0000005a68d17bd9
0000005a68d17d99
0000005a8ba53fd9
0000005ab13e55b9
000000b65979c661
0000000000f4b071
0000000000000181
0000005ba3bcda19
0000005bc64c8b99
0000005bdb8835d9
0000005bf01d1339
0000005c0728e919
0000005c53c66c19
0000005c67f13e19
0000005c89f1fe99
0000005c89f24a79
0000005c89f24b99
0000005c89f26019
0000005c8fae0879
0000005cc7a30ef9
0000005cc7eef559
0000005cfcc69e99
0000005cfcc6b159
0000005d45d61259
0000005d642abb59
0000005d88218bf9
0000005d942bc199
0000005d945c5919
0000005dc1fbb279
0000005dcc6a3179
0000005df4a42659
0000005df4a43679
0000005e3cc5d7d9
0000005e5ac81359
0000005e866c28d9
0000005e9f777019
0000005eb83e4a19
0000005eb83e4ad9
0000005ecfda9039
0000005f023b0cf9
0000005f023b0d79
0000005f023b1459
0000005f023b22d9
0000005f2a4d36f9
0000005f8d8bf1d9
0000005fd233cc19
0000006007f6ad99
0000006007f6bcd9
0000006007f6bd79
0000006007f6c959
0000006007f73859
000000600cb43ab9
000000600cb4aab9
000000600cb4ab39
000000600cb4b959
000000600cb4ba99
000000600cb52419
000000603d3e2f59
00000060427b4f19
00000060427b63d9
000000606f67ecd9
000000606f680399
000000606f680599
000000608caf89f9
000000608cafdb59
000000608cafe379
00000060ae53d6f9
00000060bfeb73d9
00000060da739a59
00000060ff023439
000000610b9a0759
000000611abb4ad9
000000611abb65b9
000000614d9a8a19
0000006152f41199
000000618a8cdb59
0000006193c9c919
00000061b9ab2b39
00000061b9ab3e19
00000061b9ab4279
00000061b9ab8c39
00000061b9ab9f39
00000061e43030f9
000000628af3ba59
000000629ea15259
00000062d0075ad9
000000635ee5e5f9
00000063bb581999
00000063bd544ef9
00000063bd546119
00000063cb2d46d9
00000063cb2d5999
0000006403451f59
000000646bfeb8d9
00000064778b8d79
000000c8f9e4b561
0000000000f4b071
0000000000000181
0000006483916539
00000064f2058919
00000064f205e159
0000006503f797f9
0000006587ffd999
000000658e266f39
00000065901b6f19
00000065a9b67239
00000065a9b68479
00000065b000a5d9
00000065f7416819
0000006621c2afd9
000000663b912419
0000006657135fd9
0000006667326e19
0000006679b427b9
0000006699934039
00000066cc06d919
00000066d529e959
00000066d529f0d9
00000066e57bb479
00000066e57bbbf9
00000066e57bc659
00000066e57bd9f9
00000066e57c27b9
00000067394a6059
000000674cf43059
00000067559443f9
000000675b200d59
0000006780ef1199
000000678c7c26f9
00000067c6490d99
00000067c6491f99
00000067c6492079
00000068480917f9
000000685acd61f9
0000006875caf6d9
0000006875cb0779
0000006875cb4b59
000000687bf705b9
000000688d87ff19
000000689a9bcbd9
00000068b9ce1859
00000068cd7c44b9
00000068e03aa3f9
00000068f923c039
000000692adc5a39
000000696042f1f9
000000697150cb59
000000697fa1c959
000000697fa1dad9
0000006991dabe99
000000699edb4979
00000069cae45799
0000006a11736999
0000006a11736a39
0000006a11737119
0000006a117396f9
0000006a224cfc59
0000006a627f1cb9
0000006a627f1d39
0000006a627f2419
0000006a627f44d9
0000006a627f62d9
0000006b0014dc99
0000006b0cc1c7b9
0000006b0cc1c859
0000006b0cc1cf39
0000006b18bb1db9
0000006ba362b239
0000006c19977dd9
0000006c1efcdfb9
0000006c49ef9559
0000006c4c911939
0000006ca67f9299
0000006cb2be0479
0000006cb2be0519
0000006d154facd9
0000006d3435eb39
0000006d3435ebd9
0000006d3435f2b9
0000006d34361759
0000006d7f351fb9
0000006d7f352039
0000006d7f353379
000000db9a4fa361
0000000000f4b071
0000000000000181
0000006dd384ffd9
0000006dd3850079
0000006dd3850739
0000006dd3852659
0000006dd38526f9
0000006df87de959
0000006df87de9d9
0000006df87e04f9
0000006e0dfb3039
0000006e0dfb30d9
0000006e0dfb3799
0000006e17bc3299
0000006e49898a99
0000006e546ab539
0000006e96f6e5d9
0000006e96f6f8b9
0000006e96f6ff59
0000006e96f70a79
0000006e9fc29339
0000006ef946a239
0000006f1ed206f9
0000006f319bb479
0000006f6a2b2cb9
0000006f6a2b3419
0000006f9cd4feb9
0000006fa519ea19
0000006fd38ebff9
0000006fd38ecff9
000000701b167439
000000701b1674b9
000000701b1679d9
000000701d684f99
000000704be5e679
000000704be5e859
000000704be64459
000000704be65039
000000704be6c6b9
000000704d3c38f9
0000007080a23d39
0000007086ad2cb9
00000070beea4eb9
00000070de4c57b9
00000070ef902299
00000070ef902a19
00000070f88c3039
00000070f88c4bf9
000000712dd9f919
0000007188e11199
0000007188e12219
00000071a96206d9
00000071ca5ae579
00000071f4820ed9
00000071f4820f59
00000071f4820f99
00000071f4821639
00000071f4821e99
00000071f4821f39
00000071f4822999
0000007225edf379
00000072ad5038b9
00000072ad504039
00000072ad504839
00000072ad509279
00000072ad50abf9
00000072aed26cd9
00000072aed27eb9
00000072aed28ed9
00000072aed2e5d9
00000072aed31719
00000072aed31799
00000072aed31e79
00000072aed31f39
00000072bec3ff59
00000072bec410d9
00000073150a1499
00000073150a1539
00000073150a1bf9
00000073150a9679
00000073301eaab9
000000736c444fd9
000000736c446239
000000736c446c99
000000736c4480d9
0000007380c82ad9
00000073b6547999
00000073bc4e4ff9
0000007408b04b99
0000007408b04c19
0000007408b08d19
00000074236515b9
0000007449985b19
00000074a6c239f9
00000074a956c0b9
00000074acb393f9
00000074acb39479
00000074aef8c899
00000074f51a74b9
00000074fb524c59
00000074fb525ff9
00000074fb5260d9
00000075220dce59
0000007523997759
0000007532578019
0000007541f7a0b9
0000007541f7b639
00000075d10d04f9
0000007652e8b259
000000767a903259
0000007683d93e59
00000076d1164f79
00000076f28c6199
00000076fb7d0899
00000076fc61ee39
00000076fc61eed9
00000076fc61f599
0000007706608dd9
000000ee3aba9261
0000000000f4b071
0000000000000181
0000007751bc33d9
0000007751bc3459
0000007751bc4379
00000077655a2779
00000077655a3719
00000077ba349af9
00000077cb5427f9
00000077e2d16519
00000077e2d17fb9
00000077f08b99d9
00000077f08bad19
00000077f25971d9
00000077f259ef19
00000077f25a97d9
000000780b8a40f9
000000782f363df9
000000782f364559
00000078373409f9
0000007861ed25d9
000000786245d619
0000007872be4599
0000007872be4f39
00000078d9a06b99
0000007901ef50d9
0000007914fa7539
0000007953def539
000000795cadde39
00000079d435a459
00000079d435abb9
00000079d435e9f9
00000079e6369c99
00000079f3f84999
00000079f3f852b9
00000079f3f85a19
00000079f3f87f99
00000079f3f88019
0000007a101ea419
0000007a808acdb9
0000007a808b0f59
0000007a88cc0dd9
0000007a8b045d79
0000007a8e4c9539
0000007b0a4c7ab9
0000007b0a4c8c99
0000007bad6de819
0000007bae58b9f9
0000007bbe2f0d79
0000007c39731039
0000007c3fa2c239
0000007c8e820059
0000007d114fad99
0000007d114fae39
0000007d1e7ec9b9
0000007d1e7eca59
0000007d1e7ed139
0000007d1e7edfd9
0000007d1e7f0a59
0000007d1e7f2159
0000007d64ffc479
0000007d81a2e839
0000007d81a2f079
0000007d81a2f339
0000007da790acf9
0000007ddd8fff19
0000007e1a305cf9
0000007e897fea99
0000007ea2a0c999
0000007ecbf34f99
0000007ecbf35039
0000007ecbf356f9
0000007ecbf36099
0000007ee293c3f9
0000007eea6b8499
0000007f03bb2639
0000007f03bb26d9
0000007f03bb2d99
0000007f0b265859
0000007f2b2b14b9
0000007f2c5bd359
0000007f2c5be799
0000007f31fc0c59
0000007f59305e59
0000007f6ea8ba59
0000007f94569dd9
0000007fb82577b9
0000007fb8257f19
0000007fb82596f9
0000007fb825d2b9
0000007fb825d719
0000007fb825e879
000000802a5365d9
0000008036d47899
00000100db258161
0000000000f4b071
0000000000000181
000000808e78fa39
0000008101189c19
0000008101189c99
000000810118a379
0000008101190a79
0000008113d108b9
0000008122201159
00000081222027d9
0000008122202f39
0000008122203839
0000008122206719
0000008150619259
00000081506199d9
000000815061a279
000000815061bab9
00000081635fe5f9
000000816903ac59
00000081a80ab139
00000081a80ab2d9
00000081a80ab899
00000081c5274279
00000081f277ccd9
00000081f636b559
0000008209ee63b9
0000008209ee6459
0000008209ee6479
0000008209ee6b19
00000082ac6687b9
00000082cae3dff9
00000082cae3f779
00000082d00a64f9
00000082d3b6e679
00000082d3b739b9
00000082d3b74df9
000000830322f399
0000008309baea39
0000008312a12f19
0000008347055619
00000083742d1dd9
000000837a382a99
000000837a382b19
000000838f4f8a79
000000843c16a939
000000847b8d0079
000000847b8d00f9
000000847b8d07d9
00000084813299f9
00000084e97ee499
00000084ef3f6d39
00000084ef3f84b9
00000084ef3f85d9
00000084ef3fe319
0000008516a9f479
000000852a67fc99
000000852a680c19
000000852f3e8479
000000852f3e8bd9
000000852f3ed219
00000085cb00fdd9
00000085cb010fd9
00000085dfd45a19
0000008664653799
0000008683630f59
00000086aae911d9
00000086aae91e99
00000086aae98019
00000086f6f7e5f9
000000871a787919
000000875c7f4b19
000000875c7f5299
0000008763f84a79
0000008781094259
00000087810949b9
00000087810951f9
000000879f45ec39
00000087ef89fb79
000000882cf9d4f9
0000008838446bb9
0000008838453099
00000088da50dd59
0000008915b41699
0000008915b41719
0000008989617739
000000898961d7d9
00000089a7825179
00000089b537c479
000001137b907061
0000000000f4b071
0000000000000181
0000008a1dabdc79
0000008a7a87c299
0000008a86d79319
0000008aa14960b9
0000008ae4689a99
0000008b02f25ef9
0000008b02f25f99
0000008b02f26659
0000008b02f26d99
0000008b02f29579
0000008b74b15c99
0000008b8dca83f9
0000008bb221c439
0000008be9945ed9
0000008be99460d9
0000008bfe4fad39
0000008c04331fb9
0000008c043337b9
0000008c04334a39
0000008c1e0d9839
0000008c2b96f6b9
0000008c4eb9b4f9
0000008caeca8c39
0000008cd0deaf79
0000008cdebcb3f9
0000008cf2acb939
0000008cf2acb9d9
0000008cf2acba19
0000008cf2acc0b9
0000008cf2acc999
0000008d559b3619
0000008d5e20d8d9
0000008d8204c359
0000008d8204d5f9
0000008d8e2514d9
0000008d8e251559
0000008dfa6724f9
0000008e452c08d9
0000008e5deae839
0000008f0781c459
0000008f0b3e59f9
0000008f0b3e5a99
0000008f0b3e6179
0000008f197034f9
0000008f19709eb9
0000008f381c4619
0000008f381c4d79
0000008f381c5899
0000008f3fcc8579
0000008f6bcf3f19
0000008f78c9a0f9
0000008f95c24659
0000008f95c24c19
0000008fd8b78d99
0000008fd8b78e39
0000008fd8b794f9
0000008fe27eb3d9
0000008fecdc7ef9
0000008fecdc7f79
0000008fecdc8fb9
000000901a8f1179
000000902bfcea99
000000902bfd4179
00000090d3d9ac99
00000090d3d9ad39
00000090d3d9b419
00000090d3d9b539
00000090e6a9cb19
0000009107f38619
0000009107f386b9
0000009107f386f9
0000009107f38d99
0000009107f42f79
0000009121f59859
0000009172668b79
00000091ae298319
00000091d58c8319
00000091d58c83d9
00000091d58c8a99
00000091d58ca0f9
00000091d58ca179
00000091d58cb199
00000091e75b3839
00000092337fbcb9
0000009252b52c39
0000009252b52e39
0000009281c58239
0000009286e31139
0000009286e35c19
00000092956d51f9
00000092956d65f9
00000092956d7519
00000092b0bd1239
00000092e328bbf9
000000930091c1b9
000000930091d379
000001261bfb5e61
0000000000f4b071
0000000000000181
000000930e1f27b9
000000931db3b379
00000093213c8ed9
00000093213ca2f9
0000009338de7ab9
00000093551313f9
00000093638b3ff9
00000093787d12f9
00000093787d2d99
000000937c3fe679
000000938b7d1fd9
000000938b7d2079
000000938b7d2739
000000938edd8d59
00000093a97e9c39
00000093afaea3b9
00000093afaef839
00000093b386a819
00000093bf521fd9
00000093bf5291f9
00000093c96ecf39
00000093d181d4b9
00000093d181dbf9
00000093d181def9
00000093d181e6d9
00000094054eb4b9
00000094054ec699
000000940d7e4c79
000000940da46279
000000940da469d9
0000009442dbe719
00000094432f69d9
00000094432f7b59
00000094432f7d39
00000094b6d9a6d9
00000094cf491419
00000094cf4915b9
00000094cf491b79
00000094de703cf9
00000095201a69d9
000000953f2aa1f9
00000095465e3b19
000000955e4fc139
000000958dea2e99
00000095922c0f19
00000095a4ff7e59
00000095a5001119
00000095b81801d9
00000095e1a22119
000000962cc6f499
000000962cc70c19
000000964ac46a79
000000965d07fb99
000000969cc30dd9
000000969cc311d9
000000969cc31539
000000969cc31b59
000000969cc33199
000000969cc33219
000000969cc34119
00000096b3d07959
00000096c8b74f99
00000096c8b76039
0000009704111fb9
000000971ed4b759
0000009742c94a99
0000009764014759
0000009764015c59
000000976401dfb9
00000097730fdb19
000000980f854019
00000098138340f9
000000983e53cc39
000000983e53ccd9
000000983e53d3b9
0000009911854079
0000009921b13f19
0000009921b13fb9
0000009921b13fd9
0000009921b14679
0000009933e78ad9
000000998b8b94d9
00000099f815add9
0000009a15bb6a79
0000009a20f1ad99
0000009a27338859
0000009a4d258159
0000009a81823b59
0000009a97c585b9
0000009a97c58679
0000009a97c58d59
0000009a97c59199
0000009a97c599b9
0000009a97c5d259
0000009a97c5edf9
0000009ad3768939
0000009af5635779
0000009af5636819
0000009b39555999
0000009b93e5d859
0000009c228b0f79
0000009c5a56c739
0000009c5a56d859
0000009c5a56d999
0000009c5a56ec39
0000009c5a571259
0000009c5a573359
0000009c5a574199
00000138bc664d61
0000000000f4b071
0000000000000181
0000009c62b64e19
0000009c7a6a6639
0000009c7a6a66b9
0000009cd62495b9
0000009ceed17b19
0000009d08af7099
0000009d19ed8879
0000009d19ee04b9
0000009dde4c7e99
0000009e0fdd9779
0000009e295faa59
0000009e5587be19
0000009e5587beb9
0000009e75cf8bd9
0000009ea76de619
0000009eb27c2299
0000009eb27c29f9
0000009eb341c719
0000009f1eaa7e79
0000009f1eaa9759
0000009f1eab37d9
0000009fba7cd539
0000009fba7ce1b9
0000009fdd974f19
000000a05c8dd0f9
000000a067ed9f59
000000a067ed9ff9
000000a067eda6b9
000000a067eda899
000000a067edff79
000000a0aedd6459
000000a0b7d991f9
000000a0b7d9d479
000000a0b7d9eff9
000000a0b7da27b9
000000a0b7da2a59
000000a0cded53d9
000000a0d8c364b9
000000a13c3dbcf9
000000a13c3e1e19
000000a13c3e8f39
000000a15f45b239
000000a15f463479
000000a163288bd9
000000a16328c899
000000a169a52259
000000a177a06139
000000a177a061d9
000000a177a068b9
000000a177a0a2b9
000000a1913438b9
000000a191344999
000000a1a4c3cbb9
000000a1a4c3da19
000000a1a4c3ef79
000000a1c4fbf959
000000a1d0417b79
000000a1d04190d9
000000a1db2e2a59
000000a1ecff8079
000000a206133879
000000a2323782d9
000000a232379319
000000a24354c859
000000a24354c9b9
000000a24354da19
000000a2463d8379
000000a255efe7d9
000000a28b8c7c99
000000a2a35c1379
000000a2a35c5fb9
000000a2d5fed359
000000a2d5fed3d9
000000a2d5fed419
000000a2d5fedab9
000000a2d5fee319
000000a2d5fee3b9
000000a2d5feea99
000000a2d5feff39
000000a2d5ff6d79
000000a2d9f9f739
000000a2e7ebbe79
000000a2f7919bb9
000000a2f822f959
000000a321adcfb9
000000a34b3acaf9
000000a36b464899
000000a36b80c979
000000a37f4788d9
000000a397aa7319
000000a39c154ab9
000000a3b7f93159
000000a43911fb99
000000a45424a9b9
000000a45747ea19
000000a46dcd9e59
000000a46ed345d9
000000a46ed34659
000000a46ed34d39
000000a46ed356f9
000000a4af0716f9
000000a4af072bb9
000000a4c7b014b9
000000a4c7b018f9
000000a4cbaec199
000000a4f3faf5b9
000000a512cb59d9
000000a512cb7099
000000a53ad260b9
000000a53ad26df9
000000a53ad28919
000000a55168c439
000000a56f690399
000000a58f2b4099
000000a58f2b5699
000000a58f2ba5b9
0000014b5cd13c61
0000000000f4b071
0000000000000181
000000a5ea495519
000000a60e64d2f9
000000a6276b1d99
000000a6276b1e39
000000a6276b24f9
000000a6276b29b9
000000a6276b3979
000000a6276b77f9
000000a6276b7899
000000a6276b78b9
000000a6276b7f59
000000a6276b8899
000000a6276b8939
000000a6276b8b99
000000a6276b8959
000000a6276bb019
000000a6276c01d9
000000a6276c1679
000000a6276c16f9
000000a6276c1739
000000a6276c1dd9
000000a6360625f9
000000a6728927b9
000000a672892859
000000a672892f19
000000a672899339
000000a6728993d9
000000a672899a99
000000a69d43bb79
000000a69d442219
000000a69d4451b9
000000a6a34d4c99
000000a6a34d4d19
000000a6de7deff9
000000a6ebb961f9
000000a6ffd8f8b9
000000a749c7ecd9
000000a749c83e19
000000a749c85c59
000000a7bae70139
000000a7f318f939
000000a7f3194819
000000a7f3194f99
000000a7f3195799
000000a7f31959f9
000000a7f3195db9
000000a7f3196519
000000a8724ecdb9
000000a8824fa4b9
000000a890ee9919
000000a890eea9b9
000000a890eeba39
000000a89bf1ff39
000000a8ab740e59
000000a8ab747119
000000a8ab7482b9
000000a8ab748339
000000a8b558b9b9
000000a8b558c119
000000a8b558d439
000000a8c8841f99
000000a8f4b438d9
000000a9180bf699
000000a9180c04b9
000000a928b15279
000000a92bad01f9
000000a96a6bac19
000000a9bcaeb2b9
000000a9cb200fb9
000000a9cb202339
000000a9cb202ab9
000000a9d34c0979
000000a9d34c10d9
000000a9d34c2519
000000a9d34c4219
000000a9d34c42b9
000000a9d34c4999
000000a9d34c50f9
000000a9d34c6039
000000a9d34c74d9
000000a9f9b80c39
000000a9f9b81c99
000000a9f9b82159
000000a9f9b821d9
000000a9f9b828b9
000000a9f9b84d19
000000a9f9b86919
000000a9f9b88259
000000aa514c7b59
000000aa63e3d5d9
000000aa63e3eb59
000000aaa8164839
000000aaac973499
000000aae7dae479
000000ab12c6a3f9
000000ab12c6ab79
000000ab175b89b9
000000ac2a7eeb99
000000ac359bcb99
000000ac359bdd59
000000acb5d5e559
000000acb9ac49d9
000000ad30e0d8b9
000000ad30e0d959
000000ad30e0e019
000000ada0f75c19
000000ada0f76ef9
000000add359a999
000000add47284b9
000000ae08cc8ad9
000000ae30ef4919
000000ae3f90dc59
000000ae49fd7319
000000ae52caa979
000000aecfcbf199
0000015dfd3c2b61
0000000000f4b071
0000000000000181
000000af0fe4fa99
000000af1d2e4599
000000af3d1157b9
000000af5ba54b79
000000af5ba552d9
000000af5ba55919
000000af5ba55c39
000000af5ba55e19
000000af5ba57119
000000af614f5619
000000af63a6f9f9
000000af85068759
000000af850697b9
000000afa915b259
000000aff899dd39
000000b01415f699
000000b02e770d79
000000b02e770e19
000000b02e772539
000000b02e772ff9
000000b034cd83d9
000000b034cd8479
000000b046be35f9
000000b050489cf9
000000b0a135cad9
000000b0a135e3d9
000000b0c75de3b9
000000b0ea057cb9
000000b0ec327819
000000b0ec329059
000000b0ec32a259
000000b0ec32a3f9
000000b0ec32bff9
000000b0ec331bb9
000000b0ef3c1a19
000000b1645c5b19
000000b1cdf41639
000000b1e132ea59
000000b205deb119
000000b26b26bd39
000000b271224d79
000000b271226bd9
000000b2976af3f9
000000b2a191c1d9
000000b2ccddcbb9
000000b2ccddcc39
000000b2ccddd319
000000b2ccddddf9
000000b2e0905919
000000b2f24fb699
000000b308d94d59
000000b308d96479
000000b308d99819
000000b308d9a879
000000b3091046d9
000000b36f7627f9
000000b3c28e4119
000000b3dde3c659
000000b3dde3c6f9
000000b3dde3cdb9
000000b3f3f5c479
000000b4215f2039
000000b4257b30b9
000000b42a96ed79
000000b442fd4eb9
000000b447bab599
000000b447bab639
000000b44dd95259
000000b4c9eafa79
000000b4c9eb0b59
000000b506e58799
000000b506e5c599
000000b506e62759
000000b52431f179
000000b55df48e19
000000b594383cb9
000000b5e5dbaf79
000000b5eea54f39
000000b610538f19
000000b610539eb9
000000b61053b419
000000b61053f8d9
000000b613783959
000000b694c709f9
000000b694f8b739
000000b6aa851979
000000b708c66979
000000b708c669f9
000000b708c67839
000000b729f99fd9
000000b73f1e5919
000000b73f1e6e59
000000b754577c99
000000b7711df059
000000b791d6af99
000000b791d6c299
000000b791d6d7d9
000000b791d716b9
000000b7e76f0039
000000b804349179
000000b83d3e0e79
000001709da71961
0000000000f4b071
0000000000000181
000000b86a80c9f9
000000b887ffd7f9
000000b8c94cc5f9
000000b8d2a3ce59
000000b8d2a3cf19
000000b8d2a3d5d9
000000b8d2a3ecf9
000000b8d5172ff9
000000b8f63b0a99
000000b913218a39
000000b9168b4e99
000000b9bab45d39
000000b9bab47279
000000b9ea960299
000000ba39184999
000000ba39185699
000000ba3918a539
000000ba3e2d0e19
000000ba7cb37079
000000bafa4102d9
000000bb2a651499
000000bb2a651539
000000bb2a6523d9
000000bb2a6535d9
000000bb311c4ad9
000000bb311c5b19
000000bb41cda3d9
000000bbe63988f9
000000bbe6399079
000000bbe639d759
000000bbe639e939
000000bc0dd4c539
000000bc0dd52b39
000000bc1610c619
000000bc1610dd59
000000bc1610f1b9
000000bc38bcadd9
000000bc899da219
000000bcc7b8e1f9
000000bcd0b43bf9
000000bce0e463b9
000000bce0e475d9
000000bcfd490dd9
000000bd63b7f279
000000bd8a4ad7b9
000000bda12178f9
000000bdbe014479
000000bdbe0144f9
000000bdbe014bd9
000000bdfebb5eb9
000000bdfebb6e59
000000bdfebb7079
000000bdff979739
000000bdff97a7b9
000000bdff97b079
000000bdff97b659
000000bdff97b6f9
000000bdff97bdb9
000000bdff97d5b9
000000be0a981859
000000be2810cbb9
000000be28112239
000000bedcb6ebd9
000000bedcb6f359
000000bedcb6ff39
000000bedcb6ffb9
000000bf27130999
000000bf341dc859
000000bf4e34e859
000000bf4e34fe79
000000bf4e34fef9
000000bf4e353c19
000000bf4e35b5d9
000000bf4e35c9f9
000000bf4e35cab9
000000bf4e35cbb9
000000bf7d6b6799
000000bfb6fedbd9
000000bfb6ff3979
000000bfccb90a79
000000c00be37139
000000c03608da79
000000c0561a4a59
000000c066604d19
000000c076ac13f9
000000c086b2f399
000000c129eaead9
000000c1404ffdd9
000000c140506019
000000c1712e75b9
000000c176298f59
000000c17629a399
000000c17ba43ef9
000000c1824d02f9
000001833e120861
0000000000f4b071
0000000000000181
000000c1ab36de59
000000c208c48239
000000c208c49d99
000000c208c49f39
000000c208c4e3b9
000000c224688e79
000000c22a322eb9
000000c2685e2739
000000c2685e37d9
000000c2685e3859
000000c2685e95d9
000000c2685ea8b9
000000c2a857d6f9
000000c2a857e819
000000c2a857fb19
000000c2a8f9a0d9
000000c2a8f9a839
000000c2bc77abb9
000000c2bc77b319
000000c2bc77ca39
000000c2e5cf35b9
000000c304d4b439
000000c304d4c6f9
000000c3272ca1b9
000000c3272cb6b9
000000c33836e639
000000c347e008f9
000000c3e90b04f9
000000c3e90b16d9
000000c44ee2b539
000000c45429ddb9
000000c47cd40939
000000c4a70751d9
000000c530b779f9
000000c530b78b59
000000c540924e39
000000c58e471a19
000000c58e473719
000000c59277c219
000000c5b1506f59
000000c6090d7039
000000c615cff219
000000c636038a39
000000c649296ad9
000000c64929dbd9
000000c64929e819
000000c651df9d59
000000c696c5cbf9
000000c6c8122259
000000c6e241d159
000000c70d67d339
000000c724fb9f19
000000c75a25b679
000000c75a25b719
000000c7c0f06d19
000000c7c0f07d59
000000c7c0f081d9
000000c7c0f0ca19
000000c7c0f0de79
000000c7ca27abf9
000000c7ca27c199
000000c7ca280b59
000000c812059c19
000000c85553a1d9
000000c8678abbd9
000000c89e2479f9
000000c89e248d19
000000c8bdd5cd99
000000c8bdd64279
000000c8bdd68ff9
000000c8cebb51f9
000000c8e5185039
000000c8e51850d9
000000c8e5185799
000000c8e5186019
000000c8e5186619
000000c8e5186699
000000c8e518bc99
000000c8f001a9b9
000000c8f001b119
000000c8f001b979
000000c8f001d319
000000c8f00240b9
000000c8f0024139
000000c8f00261b9
000000c9419f9c99
000000c95b52d859
000000c96ea47f99
000000c96ea491d9
000000c976c778f9
000000c97ec0d619
000000c9b6109859
000000ca3496b3b9
000000ca42193a19
000000ca421954f9
000000ca7a36b999
000000cae8c34ad9
000000caeaad4c79
00000195de7cf761
0000000000f4b071
0000000000000181
000000cafee75819
000000cafee773b9
000000cb6fbb2759
000000cbb08c8cf9
000000cbe0c000d9
000000cc7a58b679
000000cc7d3cbcd9
000000cc7d3cbf19
000000cc8ba2e499
000000cd4352cb19
000000cd55cbb039
000000cd6e702c59
000000cd6e704759
000000cd8cdbf139
000000cd8fa22bb9
000000cd8fa25999
000000cd93f262f9
000000cda3f68a39
000000cde8bb4899
000000cde8bb4ff9
000000cdf43bddb9
000000ce46c67a79
000000ce4a9a5199
000000ced6e9fbd9
000000cee01b95b9
000000cee4dfeb39
000000cee4dff299
000000cee4e1e159
000000cee67c9619
000000cf2c500df9
000000cf2c501559
000000cf2c501fb9
000000cf2c503319
000000cf2c508ab9
000000cf2de4a019
000000cf930b3179
000000cf930b38d9
000000cfab863739
000000cfb6ea23d9
000000cfb6ea3559
000000d01d6f96b9
000000d01d6f9e39
000000d01d6fa879
000000d01d6fab99
000000d01d6ff159
000000d05f88c3b9
000000d0809065f9
000000d08b721719
000000d094311659
000000d0943127f9
000000d09819a7f9
000000d0aa3ef959
000000d0acf4be39
000000d0acf4cdb9
000000d0f14de0b9
000000d10767b1f9
000000d10767c839
000000d1207dce19
000000d16562d499
000000d1bd9d9af9
000000d1f711f6f9
000000d2220065b9
000000d222007f19
000000d222008c99
000000d222008d39
000000d222009419
000000d22200bd39
000000d23f374519
000000d2846e5819
000000d2846e7e19
000000d2d5b83319
000000d2d5b86e99
000000d2e3c7ddd9
000000d2f4665cd9
000000d33061a8f9
000000d3404b28f9
000000d36cda88b9
000000d36cda9879
000000d3ca8322f9
000000d3daf08cd9
000000d3daf09999
000000d3e847c099
000000d3f53ce459
000000d3f53cf6f9
000000d3f852fc79
000000d3fc8da8b9
000000d3fc8da959
000000d3fc8db019
000000d4036f2779
000000d407154719
000000d43e3a66b9
000001a87ee7e661
0000000000f4b071
0000000000000181
000000d4608ea5f9
000000d515977cd9
000000d57ff52ff9
000000d5c0afa7b9
000000d5c23d3bd9
000000d5f410cfd9
000000d5f410e379
000000d5f4113159
000000d67f179779
000000d6896c0a59
000000d6a1e1ec59
000000d6a1e21259
000000d6be8701b9
000000d6be870239
000000d6be870919
000000d6f15c72f9
000000d6f15ce819
000000d7604a0df9
000000d77181ddf9
000000d771b487b9
000000d771b48839
000000d7a8f071b9
000000d810db2819
000000d8621b4bd9
000000d894558099
000000d894558119
000000d8945587f9
000000d8af4e71d9
000000d8eaf25ab9
000000d920af9559
000000d973b5fc99
000000d9932e1fb9
000000d99e143dd9
000000d99e144db9
000000d9ba998939
000000d9ba9989b9
000000d9ba999099
000000d9ba999bb9
000000d9f14be539
000000d9f14c4fb9
000000d9febfe5b9
000000da28243cf9
000000da28245519
000000da282466f9
000000da28251499
000000da66cbf499
000000da66cc0559
000000da6b4be3d9
000000da7d0f2f99
000000dab08a7479
000000dac8a54d39
000000dad6127659
000000dad61276f9
000000dad6127db9
000000dad61287d9
000000dad61289b9
000000dad612b7f9
000000db02920939
000000db02921d19
000000db0316a639
000000db0316b619
000000db0316b6b9
000000db0316bd79
000000db0316e999
000000db12bdfaf9
000000db12be91f9
000000db6c4413d9
000000db9c1961d9
000000db9ebc1219
000000db9ebc2319
000000db9ebc24d9
000000db9ebc2639
000000dbbae161d9
000000dbceb3a0b9
000000dc0ca6ccf9
000000dc24ed8b39
000000dc2d222839
000000dc2d2243f9
000000dc2d2258f9
000000dc65622d79
000000dce31be719
000000dd2462d239
000000dd2462e4d9
000000dd32ca3359
000000dd32caa799
000000dd6657ee79
000001bb1f52d561
0000000000f4b071
0000000000000181
000000ddbbc497d9
000000dec3b58759
000000df1c3d87b9
000000dfd2a247d9
000000e0210ab4d9
000000e0210ac6d9
000000e067969079
000000e06981ec39
000000e069822999
000000e0a4550a59
000000e0a4556079
000000e0abebfe19
000000e0ac160739
000000e0b0374059
000000e0e3fc6bb9
000000e1222fba39
000000e162d20379
000000e16715bcb9
000000e199b243f9
000000e1b2e7f3b9
000000e1b2e80439
000000e1b2e84159
000000e2213f2819
000000e2213f5fb9
000000e249f75919
000000e249f76a79
000000e25549a5f9
000000e2abb7dfd9
000000e323e78ab9
000000e351b58939
000000e364306eb9
000000e364306f79
000000e364307639
000000e364307f59
000000e36430c2f9
000000e36430c459
000000e382566679
000000e38256ead9
000000e3825796b9
000000e38257abf9
000000e382582a19
000000e3832d3eb9
000000e3832d4619
000000e390922cf9
000000e3d2a93959
000000e3d2a9c019
000000e41aadffb9
000000e41aae1239
000000e41aae1999
000000e41aae2219
000000e41aae6e99
000000e452e2f839
000000e48f304e79
000000e4fc2e6939
000000e50b63c719
000000e570233699
000000e570233df9
000000e57023ceb9
000000e5c1323499
000000e61d7bf899
000000e624085719
000000e6d21542f9
000001cdbfbdc461
0000000000f4b071
0000000000000181
000000e6e5011239
000000e6e5012699
000000e6e75f1bb9
000000e7086542b9
000000e7563026b9
000000e7563098d9
000000e799e15419
000000e7b0f31139
000000e7ec560dd9
000000e81670c979
000000e81d664359
000000e82730e6b9
000000e82730f619
000000e87bb8e2d9
000000e89c5d9d39
000000e8a13e1979
000000e8eb30ca99
000000e8f1fb1bb9
000000e8f1fb8899
000000e8fe268d59
000000e930c52859
000000e930c528f9
000000e930c52a39
000000e930c52fd9
000000e930c53a39
000000e930c567d9
000000e930c56879
000000e930c583b9
000000e930c59ff9
000000e930c5a259
000000e95ac84939
000000e95ac856b9
000000e95ac85739
000000e95ac85779
000000e95ac85b39
000000e95ac85cd9
000000e95ac89019
000000e9845bccd9
000000e9845bcd79
000000e9845bd439
000000e9845bdab9
000000e9845be139
000000e9845bf619
000000e9845c1019
000000e9845c49f9
000000e9905f73d9
000000e9b5e55cb9
000000e9b5e55d79
000000e9b5e55d99
000000e9b5e56439
000000e9b5e56cd9
000000e9b5e5de99
000000e9b5e73839
000000e9b7d8cf39
000000e9c799cc99
000000e9dcdcba99
000000e9ea617e99
000000e9f1734ad9
000000ea48ad55b9
000000ea4a4510d9
000000ea6c17fed9
000000ea7f0c40f9
000000ea96cb6a19
000000ead0adb3f9
000000eaeb4f2b99
000000eaeb4f3319
000000eb236557d9
000000eb23656159
000000eb3619ab99
000000eb68e5dbb9
000000eb704d2319
000000eb71d805f9
000000ebb3969b79
000000ebdfb27ed9
000000ec2b175699
000000ec2b175859
000000ec2b175df9
000000ec80599039
000000ec918d4f99
000000ec95b3d6f9
000000ec95b3fcb9
000000ecc220ba19
000000ecc220bab9
000000ecc220c199
000000ecc220c879
000000ecc220cff9
000000ecc220f899
000000ecc2214379
000000ed05beba39
000000ed65f7c099
000000ed65f7c959
000000ed65f7d959
000000ed65f7da99
000000ed65f832d9
000000ed97dd2819
000000ed9a844c79
000000edcce91ab9
000000edd2a31559
000000eddf03b3b9
000000ede680a979
000000ede680a9f9
000000ede680b0d9
000000ede680b559
000000ee0b12e079
000000ee0b12f359
000000ee28872519
000000ee40aa3f19
000000ee40aa90b9
000000ee40aa9839
000000ee450bf8d9
000000ee57a219b9
000000ee77233a59
000000ee7723ab59
000000ee7ab1ed19
000000eeb33a1619
000000eeb78f6b79
000000eebcc0ff99
000000eebcc11559
000000eebcc136f9
000000eebcc16c19
000000eebcc16c99
000000eec4840939
000000eeef0e8499
000000eeef0e9859
000000eeef0e9db9
000000ef52728679
000000ef67012039
000000ef7c92b7f9
000000ef7c930b79
000000ef7c931559
000000ef7c939239
000000ef9b37f879
000000efab6d6319
000000efb57aa199
000000efcc8b3279
000000efd75aac79
000000efea40c379
000000f020824b19
000000f020825f39
000000f0247fd779
000001e06028b261
0000000000f4b071
0000000000000181
000000f06c6a87f9
000000f06c6a9c99
000000f06d0f28b9
000000f09e643e19
000000f09e6457b9
000000f09e6487d9
000000f0b9410fb9
000000f0bde1e3b9
000000f0bde21719
000000f118a96dd9
000000f13039a199
000000f1303a1519
000000f173245c19
000000f182615099
000000f186695579
000000f186697099
000000f18669b639
000000f1a969c139
000000f1ac8db0d9
000000f21a1dccd9
000000f242ae7939
000000f242ae80b9
000000f254577cb9
000000f2717fd499
000000f27a97f259
000000f27a981339
000000f2847fe8f9
000000f28d480c19
000000f2968705f9
000000f296870759
000000f296871979
000000f2d51abab9
000000f2d51b19f9
000000f2ed1ce099
000000f2ed1cf3f9
000000f2f6bc41d9
000000f2f6bc57d9
000000f2f9b78699
000000f35be2f3b9
000000f38c01e899
000000f39064e2d9
000000f3964a6019
000000f39b37dfb9
000000f39b37f339
000000f3e2738739
000000f3f2cc3bd9
000000f3f2cc5159
000000f3f2cc5a39
000000f3f2cc5bd9
000000f3f2cc6bd9
000000f3f2ccb5d9
000000f42ca45599
000000f494a83ad9
000000f494a87019
000000f494a880f9
000000f4a4d5e759
000000f4dbb9da19
000000f4dbb9ed59
000000f4dbb9fc59
000000f4dbb9fe39
000000f519a3d439
000000f54bde5db9
000000f54bde6539
000000f5593f4639
000000f56d96bc19
000000f596a6bb19
000000f6031525d9
000000f603152d59
000000f6031534b9
000000f603154a19
000000f6031591b9
000000f63330a219
000000f63330b819
000000f655d9fc19
000000f66360c0f9
000000f683164219
000000f6ed76e379
000000f6ed76eaf9
000000f6ed770579
000000f6ed773019
000000f6ed773bf9
000000f72c913639
000000f72c913d99
000000f74fde1539
000000f74fde3c19
000000f774452ef9
000000f793dabd79
000000f79dfd3bb9
000000f79dfd3c39
000000f79dfd4f99
000000f79dfd56f9
000000f79dfd8e19
000000f79dfd8eb9
000000f79dfd8ef9
000000f79dfda0d9
000000f79dfdb379
000000f79dfdddb9
000000f79dfdf3d9
000000f7c6338099
000000f7c6339299
000000f7c6339399
000000f7c6339bb9
000000f7d7d6e279
000000f808bce859
000000f839d7d679
000000f8920c18b9
000000f8be7f47f9
000000f8e85b6af9
000000f8ee4e9eb9
000000f8f1b3d859
000000f8ffed5259
000000f8ffed6299
000000f919815699
000000f9203fb979
000000f93d32cd59
000000f93d32dbf9
000000f93d32e339
000000f93d3324b9
000001f30093a161
0000000000f4b071
0000000000000181
000000f99f3dde79
000000f9a733a8b9
000000f9a733a959
000000f9a733b039
000000f9a733b799
000000f9afa35eb9
000000fa550abcd9
000000fa550acff9
000000fa550ad279
000000fa550ae659
000000fa550aeaf9
000000faa05e0db9
000000fac6006fd9
000000fad523df99
000000fb2e81bdd9
000000fb5b41b3d9
000000fb5b41b499
000000fb5d8e44d9
000000fb6fb44b59
000000fbac608599
000000fbb6be66f9
000000fbdd544cf9
000000fbdd545bb9
000000fbdd545cf9
000000fbf7284699
000000fc60962619
000000fc6c4ec259
000000fcf8b1d8b9
000000fcf8b1dab9
000000fcf8b1f079
000000fcf8b1f7d9
000000fcf8b20479
000000fcf8b23a99
000000fcfc0de419
000000fcfc0df899
000000fd827f43b9
000000fd9c123f99
000000fd9c1246f9
000000fda6139539
000000fdc0f4b9b9
000000fdd6f2ebb9
000000fdd6f2edb9
000000fdd6f2f339
000000fdd6f2f539
000000fdd6f2fcb9
000000fe00cd8739
000000fe00cd88b9
000000fe00cd9bd9
000000fe00cde179
000000fe364d88b9
000000fe39adad79
000000fe6b113f99
000000fe6b115079
000000fe91801559
000000fed4066979
000000fed97a90f9
000000fed97b0b19
000000ff2ac2a7b9
000000ff2ac2af39
000000ff36a502d9
000000ff36a564f9
000000ff3de37ed9
000000ff3de37f59
000000ff3de38639
000000ff3de38d79
000000ff3de393d9
000000ff3de3ced9
000000fff8dedbd9
000000fff8dedc99
000000fff8dee359
000000fff8deee99
000000fff8df0159
000000fff8df52f9
000000fff9aca2b9
0000010010e423f9
0000010092221b79
000001009aa9e1f9
00000100cc1442d9
00000100cc144359
00000100fe519cf9
000001011cb7c119
000001011cb7c899
000001011cb7d6d9
0000010123c6cd79
00000101599c27b9
00000101599c3619
000001017271b979
0000010172722b19
000001017a1d3b19
000001017a1d3bb9
000001017a1d4279
000001017a1da4d9
0000010188f510b9
0000010195044939
0000010195045cb9
000001019bb50c19
000001019bb50c99
000001019bb526f9
000001019d70f459
00000101b1618b99
00000102360d5379
00000102360d5af9
00000102360d6ed9
00000102360e2cb9
00000102434e3219
00000102434e62b9
00000102aa44d1d9
00000102b674bbb9
00000102bd0934b9
00000102bd094739
00000102c1a03cd9
00000205a0fe9061
0000000000f4b071
0000000000000181
000001031a5ab119
000001031a5b0a19
000001033200a679
0000010360d9e199
00000103bb4c5db9
00000103d3843539
00000103f3c409d9
0000010403cf0559
0000010403cf12f9
0000010403cf2c59
0000010431104c39
000001046fd7e939
000001046fd7f0b9
000001046fd7f8b9
000001046fd7fbd9
000001046fd865f9
000001047d495bf9
000001049a273f39
000001049a275559
000001049dac0b19
000001049dac1279
000001049dac80d9
00000104b3be8379
00000104b3be9099
00000104b3bea0d9
00000104b3bf0619
00000104d10e6d99
000001050e68b679
00000105294a5279
00000105294a6219
000001059bd7ad59
00000105cb37db79
000001064da3c7b9
000001064da3dd99
0000010666d81f79
0000010666d82eb9
0000010666d862f9
0000010666d88c59
00000106bee41bd9
00000106ffa86df9
00000106ffa87559
00000106ffa88079
00000107237caa79
00000107237cab19
00000107237cb1f9
00000107237cb779
00000107237cb7f9
00000107237ccad9
00000107237ccbf9
0000010729b46559
000001074d2dc2f9
000001076b5cf6b9
000001079bbb8059
000001079bbb9ff9
00000107b270e219
00000107d4f0b019
000001080e8695d9
000001080e86a639
0000010816febe79
00000108dcce71f9
00000109083ddab9
00000109083df519
00000109083e04f9
0000010972695219
00000109726952b9
00000109726991b9
00000109878c2379
00000109a8fc22b9
00000109da1a1bf9
00000109e2a35479
0000010a63f54e59
0000010a63f5a8b9
0000010a9b0aa819
0000010aa0a0b3b9
0000010aacc976b9
0000010aacc986d9
0000010aacc99439
0000010ab42e1f79
0000010ab42e2c59
0000010abb72fc59
0000010ad4e917d9
0000010ad4e97f99
0000010af59c6899
0000010af59ccf39
0000010b028eb519
0000010b028ed0b9
0000010b0dcce2b9
0000010b51a31979
0000010b51a320d9
0000010b57eb0c99
0000010bcea5c959
0000010bcea5cb39
0000010bcea5cc79
0000010bcea62c99
0000010bd8804839
0000010bf196cc19
0000021841697f61
0000000000f4b071
0000000000000181
0000010c86bd50b9
0000010cb8886a99
0000010cb88871f9
0000010d096f11b9
0000010d0ef984b9
0000010d0ef99999
0000010d1c4cf3d9
0000010d23746e59
0000010d8add3859
0000010d8add3fb9
0000010d8add9019
0000010d94ca3339
0000010dc5316019
0000010dc5316099
0000010dc53160d9
0000010dc5316779
0000010dc5316ef9
0000010dc5319179
0000010e43cd6d79
0000010e43cd7ef9
0000010e43cdb899
0000010e43cdca59
0000010e43cdd0b9
0000010e5d631f99
0000010e5d633599
0000010e5d633739
0000010e9c8e26d9
0000010eb01fb539
0000010eb01fc479
0000010ed51186f9
0000010edc6256d9
0000010ee5344759
0000010ee53447d9
0000010f34647a19
0000010f34648a99
0000010f478f96f9
0000010f590dc539
0000010f590dc6f9
0000010f7a2aef99
0000010fa927ba79
0000010fa92816f9
0000010fa92827d9
0000010fa9283839
0000010fb725c1d9
0000010fb725c939
0000010fb725cfd9
0000010fb725d579
0000010fb72631d9
0000010fb7263819
0000010fddc379b9
00000110206a8099
00000110206a9059
00000110206af6f9
000001107ef589f9
00000110cf6bc6b9
00000110eacff8f9
0000011167065059
000001119f9a6299
00000111d80ad619
00000111d80b5b59
0000011253fc1139
000001125e5fbe99
00000112765606f9
00000112785a4679
0000011292d68959
00000112c1ed9c39
00000112c1edb879
00000112f667f959
000001136f01b1f9
000001138483afb9
000001138483bc99
000001138483d4f9
00000113896441b9
00000113c1c32379
00000113dde2fef9
00000113f4587cb9
000001140e4fd3d9
000001140e4fd479
000001140e4fdb39
000001140e4ff279
000001140e504579
0000011459393179
00000114f1857839
0000011538cbe859
000001155c3993d9
00000115651401d9
0000011565141239
0000022ae1d46e61
0000000000f4b071
0000000000000181
00000115718ac859
00000115a1c70bf9
00000115bb3a86b9
0000011601857379
000001160aa6b439
000001160aa6c5f9
000001165e9d28f9
000001166122b299
000001166ac9a2d9
000001166ac9a379
000001166ac9aa59
000001166ac9b0b9
000001166ac9b739
000001166ac9b7f9
000001166aca0839
0000011685a132f9
000001170677c719
0000011740e9ad19
0000011762f9bad9
0000011766fa9599
000001178aadb099
000001179d8c9a39
00000117c6a5ded9
00000118097b77d9
00000118321718b9
0000011832172059
0000011832172879
0000011832172939
0000011832174599
0000011832175c19
00000118321781b9
00000118321784d9
00000118321787f9
000001186dbe9f99
000001186dbea6f9
000001186dbeabb9
000001186dbf1979
000001186dbf19f9
0000011877a80219
0000011877a80979
000001188963fed9
000001188c284119
00000118a2d605b9
00000118b3d0bf39
00000118b3d0c699
00000118b851e9b9
00000118db4bccf9
00000118db4bcd79
00000118db4bd459
00000118db4bdbd9
00000118de67cfd9
00000118de67d079
00000118de67d6d9
00000118de67d799
00000118de67de39
00000118de6837f9
00000118de683c99
00000118de683d39
00000118de684139
00000118de6841b9
00000118fc66fa19
000001190479faf9
00000119047a0259
000001191adec5d9
0000011960ee5ab9
00000119de046379
0000011a01883979
0000011a0893f119
0000011a15302af9
0000011a3d84a719
0000011a6a8c6c19
0000011a887ff4b9
0000011ab16428d9
0000011ac21e1939
0000011ac21e19b9
0000011ac21e19f9
0000011ac21e1cf9
0000011ac21e2f59
0000011adeda7f59
0000011adf2bd979
0000011adf2bef79
0000011aecedf219
0000011b3610bcd9
0000011b3610c959
0000011b3835cbd9
0000011b3cbddfb9
0000011b83e2a4f9
0000011b83e2a599
0000011b83e2ac59
0000011b8ff9d459
0000011b8ff9d4d9
0000011b8ff9d519
0000011b8ff9d659
0000011b8ff9dbb9
0000011b8ff9e3b9
0000011b8ff9e4d9
0000011ba80117d9
0000011c171420b9
0000011c3a18a5d9
0000011c3a191ef9
0000011c3a197ed9
0000011c3a197f59
0000011c3a199059
0000011c3a199279
0000011c6f10d8b9
0000011c7dfecc99
0000011c7dfecd39
0000011c7dfece59
0000011c7dfed3f9
0000011c7dfed499
0000011c7dfed539
0000011c7dfedc19
0000011c7dfedff9
0000011c7dfee699
0000011caa5ccf19
0000011cb504a9d9
0000011cb7c5de19
0000011ce68b7fd9
0000011d27b90cd9
0000011d28851279
0000011dd4851cb9
0000011dd53d17d9
0000011dd53d7b79
0000011de9a31f19
0000011e2f77dbd9
0000011e5a7dd299
0000011e5f3c97b9
0000011e5f3c9859
0000011e638e1d79
0000011e638e3cf9
0000011e6f5e9c79
0000011e8e902f59
0000023d823f5d61
0000000000f4b071
0000000000000181
0000011ed774acf9
0000011ed774af19
0000011ef57ca979
0000011ef57cb9d9
0000011ef57cbad9
0000011ef57cc9b9
0000011ef57cca59
0000011ef57cd119
0000011ef57cdc59
0000011f6b7fe8f9
0000011f6b7ff059
0000011f7308dad9
0000011fa6f03b79
0000011fa6f0bbd9
0000011fa6f10ad9
0000011ff36c7a39
00000120613f9e99
00000120ad962bb9
00000120d5950b79
000001211d9f0379
000001211d9f1599
000001211d9f17d9
00000121221672b9
000001212365ae19
000001216931ad79
000001216931adf9
000001216931b4d9
000001216931c119
000001216931d059
000001216931fe39
0000012169320ff9
0000012169321af9
00000121740d17f9
00000121769c5339
000001217937d899
000001218d8b46b9
000001218f46e219
000001219bcc1f39
000001219bcc20d9
00000121e2689e79
0000012213a0e7b9
0000012215a9e539
00000122176236d9
00000122534693b9
000001231ae29219
0000012372973279
00000123888aa199
00000123ac877c99
00000123e698e099
00000123e698e119
00000123e698e159
00000123e698e7d9
00000123e69945b9
00000123e6995a79
00000123e699d3b9
00000123ef68dd59
00000123ef68ee19
00000124197e0bd9
000001244e6986d9
000001244e699b59
000001245ee309f9
000001245ee31dd9
000001249cba1879
00000124c4c1bf39
00000124d1b682b9
00000124e99669b9
0000012510c17c39
0000012510c183b9
0000012510c18db9
0000012510c19f39
0000012510c1b559
000001251895f1f9
000001254102a839
00000125e0291d39
00000125e02948b9
00000125e0299cb9
00000125e029a819
00000125f06cb3b9
0000012615113039
0000012615113e99
000001264b0db679
000001264b0dd2f9
0000012659e6a6d9
0000012659e6b9d9
0000012659e6ba99
0000012659e71279
000001266e66bcf9
000001266e66bd99
000001266e66beb9
000001266e66bdb9
000001266e66c459
00000126852ab259
00000126886633f9
00000126b3d10df9
00000126be45e979
00000126be462e19
00000126be464919
00000126e8a98df9
00000126e8a9a499
00000126e8a9a539
00000126e8a9abf9
00000126e8aa1fd9
000001271b2e8db9
000001277a766a39
000001277a766c19
0000012785d649f9
0000012785d64a79
0000012793553519
0000012793554539
00000127afc9ac99
00000127c6d9ce59
00000127d4332ef9
00000127dfd82919
00000127dfd83ed9
00000127e34ad659
00000128039dcef9
0000025022aa4c61
0000000000f4b071
0000000000000181
00000128348d8ff9
00000128e2893ad9
00000128e2894d59
00000128e28998d9
00000128e2899c19
0000012966c5e4d9
00000129806d77f9
00000129806d7899
000001298b4c0859
000001298b4c0fb9
000001298b4c1a59
000001298b4c2399
00000129a7852499
00000129be89fa19
00000129f1661a99
00000129f1662df9
00000129f1662f19
00000129f3aa78b9
0000012a09e6a0b9
0000012a09e6af59
0000012a23d22619
0000012a39c34cf9
0000012a92c553b9
0000012afcd8f6b9
0000012afcd906d9
0000012b07455359
0000012b095d8a59
0000012b292820f9
0000012b365dbcf9
0000012b64c6e339
0000012b9dfff659
0000012bbdd14cf9
0000012bd802fef9
0000012bec3f1679
0000012bec3f25f9
0000012bec3f2699
0000012bec3f27f9
0000012bec3f2d59
0000012bf43af839
0000012c05c171d9
0000012c0f02cb79
0000012c0f02cbf9
0000012c0f02d2d9
0000012c0f02dbd9
0000012c2e45c6d9
0000012c2e45ce39
0000012c2e461f99
0000012c72f2a5d9
0000012c72f2a679
0000012c72f2ad39
0000012c72f2b4d9
0000012c72f2f459
0000012c72f2f4f9
0000012c72f302b9
0000012c7c4e9619
0000012c82ce3019
0000012c8bf57f19
0000012c8bf59fb9
0000012cad8ff939
0000012cb7e1d999
0000012cb7e265f9
0000012cb7e26679
0000012cb7e266b9
0000012cb7e26d59
0000012cb7e27579
0000012cb7e276d9
0000012cb7e28859
0000012cb7e28bf9
0000012d1c05c799
0000012d1c05d639
0000012d2bbcb859
0000012d2bbcc159
0000012d35f3e1f9
0000012d6ff6b859
0000012dff5c0fd9
0000012e01efbe19
0000012e15e03f99
0000012e15e04719
0000012e15e056d9
0000012e15e05779
0000012e15e05e39
0000012e15e0b2b9
0000012e24850059
0000012e248536b9
0000012e38db69f9
0000012e59d62919
0000012ea030afd9
0000012ea030b759
0000012ecac8e779
0000012f6f452cb9
0000012f7c880739
0000012f85b1a879
0000012f85b21cb9
0000012f85b225b9
0000012f8ec7def9
0000012f8ec7df79
0000012f8f95aef9
0000012f916538f9
0000012fb10b1ef9
0000012fb83de559
0000013044142199
0000013044142239
00000130441428f9
0000013044143039
00000130441430b9
0000013044143239
0000013044143359
0000013044146379
0000013044149d59
000001308b7496d9
0000013093608c99
00000130a98cca79
00000130a98cdbb9
00000130db288699
00000130f629d019
0000013109421b59
0000013109423219
0000013109423399
0000013123691dd9
00000131236932f9
00000131576d5ad9
00000131576d6cb9
00000262c3153b61
0000000000f4b071
0000000000000181
000001316973cb39
00000131cdca43b9
00000131e3c95a39
00000131e3c95ad9
00000131e3c95af9
00000131e3c96199
00000131e581c9f9
00000131e9471a39
00000131f33a8559
000001320531bd39
000001320a563c19
000001320a564d59
0000013228cfacb9
0000013228cfb419
0000013228cfb579
0000013228cfbdb9
0000013228cfc339
0000013256dc39d9
000001326c77fcf9
00000132849385b9
000001328b51e719
000001328b51f419
000001328b524459
0000013292eabc99
00000132c10043b9
00000132e0240ff9
0000013335230c79
000001337ca1f439
000001339ffad3f9
00000133c8fe8e39
00000133eff6eab9
00000133eff71819
0000013401189bd9
000001340f383cf9
000001340f384dd9
000001340f384e59
000001340f384e99
000001340f384fb9
000001340f385539
000001340f38a6b9
000001340f38b599
0000013427ee9199
0000013427ee98f9
0000013427eea319
000001345415ef39
0000013454160159
00000134feb3ea19
000001350313d2b9
0000013521582499
000001355d1ebfd9
000001355d1ed2f9
000001357656a5d9
0000013596919f99
000001359691b439
0000013596921239
00000135c2d4fef9
00000135ca770bf9
00000135d525bab9
00000136385286b9
00000136537271d9
000001366c5533d9
000001367ba72d59
000001367ba72df9
000001367ba72e19
000001367ba734b9
000001367ba73d99
000001367ba73f19
00000136bcb523b9
00000136bcb53679
00000136bcb537b9
00000136bcb56819
00000136c0b99479
00000136ef085d59
0000013738536719
000001378c9309b9
000001378c930a59
000001378c931139
000001378c9311d9
000001379c220379
00000137c1e28d39
00000138549db159
00000138549db2f9
000001386ae58379
000001386ae595b9
000001386ae5e359
000001386ae5f439
000001386ae65159
000001388a8aa059
000001388a8aa0f9
000001388a8aa7d9
000001388a8aafd9
000001392a608319
000001392a608a79
0000013932d6f5d9
0000013932d6fd39
00000139678fed39
00000139678ff4b9
00000139fc9055d9
00000139fc905d59
00000139fc906959
0000013a08ef4199
0000013a0d01c239
0000013a0d01da19
0000013a0d01ec99
0000013a3307cd19
0000013a3e4bceb9
0000013a4f8651b9
0000013a4f866f79
0000013aa0ad7b79
0000013aa0ad7bf9
0000013aa0adb619
0000027563802a61
0000000000f4b071
0000000000000181
0000013acce188f9
0000013afa76d0d9
0000013afa76d159
0000013afa76d839
0000013afa773319
0000013b50fb2439
0000013b58a0fc19
0000013b5cb55759
0000013b85106d19
0000013b8510e919
0000013bc67029d9
0000013bdbf25059
0000013c46ec63f9
0000013c53ed0019
0000013c53ed0099
0000013c611e74f9
0000013c95c05519
0000013c96154e59
0000013cc0847f59
0000013cc08492d9
0000013cc3839c79
0000013d0d824799
0000013d0ec35299
0000013d16ac1ab9
0000013d16ac1b59
0000013d16ac2239
0000013d16ac2a99
0000013da4f3ce39
0000013da4f44d19
0000013dc9f47959
0000013e10ae4ed9
0000013e1ce03e39
0000013e1ce04ef9
0000013e8da140b9
0000013e8f26d4f9
0000013eb7cb91d9
0000013eba7ee8d9
0000013eba7ee979
0000013ede575d99
0000013f26423ad9
0000013f26424fb9
0000013f51d54459
0000013f51d556b9
0000013f988e7139
0000013f988e85d9
000001407eaef5d9
000001407eaf09b9
000001407eaf2639
00000140b0bcb1d9
00000140d3aa5919
00000140d3aa6079
00000140d3aa67b9
00000140e7145199
00000140e71463f9
00000140ee0c6379
0000014149130019
00000141635f1979
00000141635f1b19
00000141d79c24d9
00000141efeeec19
00000141efef30f9
0000014203d8a199
000001421c0d3ef9
000001422b5c7eb9
000001422b5c8f19
000001422b5c8fb9
000001422b5c9699
000001422b5c96d9
000001422b5ca099
000001422b5d1b39
000001424f56aa39
00000142a2ace899
00000142b173ecf9
00000142b8aeb239
00000142b8aeb2b9
00000142b8aebef9
0000014309508859
0000014309cc3c19
0000014310804bb9
0000014317145859
00000143c8051899
00000143ef002ad9
0000028803eb1961
0000000000f4b071
0000000000000181
000001440206f459
000001440982c799
000001440982cf19
000001440982d7f9
000001445a15ccd9
00000144cf5a4079
00000144de394e59
00000144de39dc39
00000144efa13dd9
00000144f52fe7d9
0000014554d92bd9
000001456a874139
000001458592f519
0000014585930ad9
00000145ae10b6f9
000001461164a8b9
000001461164bad9
000001461164bb59
000001461164cb59
000001466a576019
0000014686def239
0000014686df3399
00000146c2090939
00000146c20909b9
00000146c2091099
00000146c20922f9
00000146c3b0d199
00000146c41f1a99
00000146c41f3199
00000146cd002c59
00000146ff3e7739
0000014704f6d819
000001470d51ce39
0000014729c15af9
0000014734655e19
0000014734656579
0000014734657db9
0000014734661f19
0000014747ed12b9
000001476727d959
00000147d45c4b99
00000147dfe89a79
00000147e49f4699
00000147e9a8c239
00000147ee826179
00000147f057dbd9
000001480e32c799
000001480e32d5d9
00000148188b1a79
00000148188b6e59
000001481b562ef9
000001482ee0c299
00000148559f1319
00000148559f13b9
000001487578a7f9
000001487578a899
000001487578af59
0000014886e2d199
0000014886e2d219
0000014886e2d259
0000014886e2d8f9
0000014886e2e379
0000014886e2f199
00000148d5072199
00000148dd54a7d9
00000148dd54b699
00000148dd54f739
00000148e84a62d9
00000148ee958019
0000014933328439
00000149465fbfb9
00000149466031f9
0000014949605179
000001495b45c1d9
00000149cad483f9
00000149cad49f19
00000149cad4c1b9
00000149da3cdc39
00000149da3cdcb9
00000149db64d199
00000149db64d399
00000149f6910979
0000014a061cfc99
0000014a28490cd9
0000014a2b747c19
0000014a3336bff9
0000014a6f8d2e59
0000014a6fc4e019
0000014a6fc4ef59
0000014a6fc50279
0000014b2bfd8419
0000014b2bfd9939
0000014b2bfd9db9
0000014b2bfd9e39
0000014b3a0b3039
0000014b3a0b31f9
0000014b3a0b4539
0000014b47c0e7d9
0000014b62087699
0000014be751e939
0000014be7523f19
0000014be8831f19
0000014be8832e39
0000014be8832ed9
0000014be8838799
0000014c03290239
0000014c032902b9
0000014c03290999
0000014c032916f9
0000014c03291e79
0000014c03298559
0000014c0f8745d9
0000014c18e13f39
0000014c18e14f79
0000014c18e16019
0000014c32ffd319
0000014c32ffe599
0000014c32ffe679
0000014c4eab0039
0000014c4eab98b9
0000014c4eabd9b9
0000014c581b09f9
0000014c5c383a19
0000014c5c386339
0000014c7b5ac3f9
0000014c98cc85f9
0000014ca160b619
0000014cbdb1ecd9
0000014cbdb202f9
0000014cddc47f19
0000014d42887179
0000029aa4560861
0000000000f4b071
0000000000000181
0000014d955d3759
0000014d955d3eb9
0000014d955d4db9
0000014d955d5519
0000014d955d5c59
0000014d955d6299
0000014d955d7119
0000014d955d8579
0000014d955dbbd9
0000014dac055699
0000014dac056459
0000014dac05f019
0000014dafceecd9
0000014dafcf71f9
0000014e01bef1f9
0000014e093dd139
0000014e6ac2e859
0000014e6ac373d9
0000014e8be97ed9
0000014e8be97f99
0000014e8be98659
0000014e8be9a1d9
0000014e8be9a279
0000014e8be9b979
0000014e8be9c119
0000014e8be9c959
0000014eae5d3859
0000014eafea1af9
0000014f2dcbc1d9
0000014f34ad6359
0000014f4d91da79
0000014f4d91ef19
0000014f57117099
0000014f57118199
0000014f5ed52199
0000014f5ed532d9
0000014f5ed54d59
0000014f5ed59979
0000014f71e78b59
0000014f71e78bd9
0000014f71e792b9
0000014f71e79dd9
0000014f7e37fdd9
0000014f7f1dc079
0000014f7f643039
0000014f7f6436b9
0000014f99153db9
000001500f4eff99
00000150332b8179
0000015043e897b9
0000015048f07619
0000015048f076b9
0000015048f07d99
000001509aea4959
000001509f914839
00000150a024ecf9
00000150a48c4599
00000150a48c4619
00000150afa0c019
00000150cfc8f699
0000015101e432f9
000001510b227959
000001510b2280b9
000001510b232d99
0000015134ca1a39
0000015163a8ea79
000001517da2fd79
000001517da31039
000001517da31139
000001517da317f9
000001517da32179
000001517da327f9
000001517da33f39
000001517da374d9
000001517da38779
000001517da38fd9
00000151959dfb39
00000151e8567cb9
0000015289ccedb9
0000015289ccfa39
00000152bebd2859
00000152c10aa3b9
00000152c6ede259
0000015317010419
00000153292038b9
0000015329204e39
0000015356e12579
000001536138bc19
000001536138ce99
00000153bb5dfa59
000001542bbcee79
000001542bbcfaf9
0000015479d232f9
00000154ac64c759
00000154b2539d39
00000154bcb80699
00000154bcb80859
00000154bcb80df9
00000154c953cb59
00000154c953dcf9
00000154c9542319
00000154c9545cd9
00000154f831a759
00000154fd2a5919
000001551067f5b9
00000155203943d9
00000155660651f9
0000015570255859
00000155852c83b9
00000155852c9979
0000015585a8aaf9
0000015585a91299
00000155b894c5f9
00000155c76a5599
00000155d322f339
00000155d3230559
00000155e25a90d9
00000156295f2199
000001562ecafe39
000002ad44c0f761
0000000000f4b071
0000000000000181
00000156d4a6eaf9
00000156f03d93d9
0000015762eeef79
0000015762eef019
0000015762eef6f9
0000015762eeff19
000001577dfa80f9
00000157ae760759
00000157afe59379
00000157afe59599
00000157afe59ad9
00000157afe5a4f9
00000157afe5a739
00000157e417e439
00000157ec6677f9
00000157ee547e59
00000157ee548019
00000157f58d9399
00000157fe3fba39
0000015818329d39
0000015826eea499
000001582947c4b9
0000015863893479
0000015863893519
0000015863893bd9
000001589f8b3b19
00000158e982d879
00000158ea744399
00000158f0728ff9
00000158f072a659
00000158f072b8f9
00000158f072bb79
00000158f072ecb9
00000158f26a6399
00000158fb07b659
000001590df990d9
00000159ac26ee99
00000159ac26ef39
00000159ac26f5f9
00000159b7356c79
00000159de999cb9
00000159de999e99
00000159de99a419
00000159de99c1f9
00000159de99c719
0000015a0cc85099
0000015a0f1354b9
0000015a6dde8d39
0000015a7553e519
0000015a755431d9
0000015a75a55899
0000015ac5746619
0000015acf5b62b9
0000015acfe6af39
0000015b0a3c5039
0000015b0a3c57b9
0000015b0a3c5f79
0000015b0a3c6659
0000015b24e08c99
0000015b3f14cfd9
0000015b3f14d079
0000015bae46e3b9
0000015beb7e95b9
0000015c49f18d59
0000015c660030d9
0000015cec2a1df9
0000015cec2a2579
0000015cec2a32b9
0000015cec2a33d9
0000015cec2a3e99
0000015cec2a6459
0000015cec2adbf9
0000015cf3038f59
0000015d0e3df599
0000015d0e3e0bd9
0000015d1f0dd079
0000015d348c03f9
0000015d3e11cb39
0000015d4a124199
0000015d6400e2f9
0000015d6400fdf9
0000015d64013879
0000015d64013919
0000015d64013a39
0000015d64015759
0000015d640167b9
0000015d64016859
0000015d89704b79
0000015d973bd059
0000015d973bed99
0000015ddc0d0f59
0000015de3caff79
0000015de3cb2119
0000015debac4a39
0000015dfc9e3459
0000015e13fa1a59
0000015e13fa1ad9
0000015e13fa21b9
0000015e13fa2939
0000015e239606b9
0000015e23960e19
0000015ec2376a19
0000015ec2377ab9
0000015ec4f0d039
0000015ec4f0d799
0000015ec4f0e0f9
0000015ec4f10b59
0000015ec4f11a59
0000015ee33d0499
0000015ee33d3919
0000015f0ffae039
0000015f172f32f9
0000015f203a8f99
0000015f203a9039
0000015f203a96f9
0000015f3883cd99
0000015f5323a4b9
0000015f6dd33fb9
0000015fa7684159
0000015fe1544b99
000002bfe52be661
0000000000f4b071
0000000000000181
000001600de2a979
000001600de2acf9
000001601bba8399
000001601bba93b9
0000016095624199
0000016097697379
00000160976986f9
000001609769db19
00000160b8611479
00000160c7e09af9
00000160e89a47d9
00000160edd45879
00000160edd458f9
000001611fca3279
000001615bc53059
000001615bc54259
00000161aa68fdf9
00000161aa68fe99
00000161aa690559
00000161aa690cf9
00000161aa692299
00000161aa694479
00000161fff3dc79
000001620231e879
0000016202322bf9
0000016202323739
00000162068978d9
0000016219312ad9
0000016219313ef9
0000016226fd9579
000001622dfe23b9
0000016240ab7199
0000016240ab78f9
0000016240aba4f9
0000016240abd7d9
0000016240ac51f9
0000016240ac53d9
000001627259d439
000001627911e9d9
00000162c4f7fc19
00000162d82e1bd9
00000162ec814599
0000016319002499
000001633159d359
000001633b424939
000001633b424af9
0000016364d54ad9
0000016364d56c79
00000163659bf459
00000163667ad7b9
00000163667b4939
00000163bef4fc39
00000163d54e91f9
00000163d54e9959
00000163d54eb1d9
00000163d54ee219
00000163f8d01db9
00000163f8d02f59
00000163f8d03939
00000163f8d03fb9
000001645844da79
000001648449b379
000001649fde9e39
00000164ae2c29b9
00000164af2ab159
00000164b62391d9
00000164ca574b59
00000164ca574bf9
00000164ca574d79
00000164ca5752b9
00000164ca57a639
000001652dfd7e59
000001656c54ba39
000001658d05da99
000001659982d419
00000165cc95b499
00000165cc9617d9
000001664d1b2959
0000016663971ff9
0000016663972099
0000016663972519
0000016663973659
000001666c26f4b9
000001667fe5e2b9
0000016682cc6f19
00000166a7bcd0d9
00000166c726c999
00000166de09cff9
00000166e8154eb9
00000166e8154f59
00000166e8154f79
00000166e8155619
00000166e8156159
00000166e815cb39
00000166e82d2c39
000001670f48ec99
000001670f495459
0000016710993879
000001671f4d4ad9
000001672ad87fd9
000001672ad883d9
000001672ad896f9
0000016739fa04b9
000001675230fe19
00000167691e07b9
00000167691e0a39
00000167691e1839
00000167691ea3d9
0000016782ae43f9
0000016797cf7f99
00000167b343bc79
00000167d4120239
00000167d8988cb9
00000167f9755f79
000001682d072f99
000001682d078b59
00000168713ea679
00000168769198d9
000001687691caf9
000001687691cc99
0000016892e7ed59
0000016892e7edd9
0000016892e7ee19
0000016892e7eef9
0000016892e7f499
0000016892e7f519
0000016892e86559
0000016892e86ef9
0000016892e87479
0000016892e88899
00000168b8dac7b9
00000168b8db2a79
00000168c4f55c39
00000168c4f56e59
00000168c4f57139
00000168cf57ca99
00000168cf57cb39
00000168cf57dcf9
00000168cf57dd79
00000168cf57e459
00000168cf584739
00000168ed41c979
00000168ed41d239
00000168ed422719
00000168f626d5b9
00000168f626d699
00000169087abbf9
00000169087b45d9
000002d28596d461
0000000000f4b071
0000000000000181
00000169821aad39
00000169c2246e99
00000169c224de39
00000169e454ad59
00000169e454d7b9
0000016a22eb7cb9
0000016a22eb7d59
0000016a22eb8419
0000016a22eb8a99
0000016a22ebb5d9
0000016a22ebbc19
0000016a22ec2399
0000016a94e3e879
0000016a94e3fb79
0000016ae0dbfff9
0000016b12180939
0000016b1c973859
0000016b1f4cbf39
0000016b25427499
0000016b254286b9
0000016b43e53f59
0000016b43e54c19
0000016b43e54d39
0000016b43e554d9
0000016b57ce6c39
0000016ba1a9d619
0000016bcabbae59
0000016bd1e229d9
0000016bd1e22b99
0000016bd1e23139
0000016bf7467df9
0000016c6147dfd9
0000016c81b37099
0000016ca2a09af9
0000016ca8dded39
0000016cb64e60d9
0000016cb64e6839
0000016cb64ed7f9
0000016cb64ed959
0000016cc9f09db9
0000016cc9f0a519
0000016cc9f0b779
0000016cc9f0d6f9
0000016cc9f0e899
0000016ce4d44c19
0000016ce4d44cb9
0000016ce4d45379
0000016ce4d46e99
0000016ce4d46f39
0000016ce4d475f9
0000016ce4d52119
0000016d132ff9f9
0000016d13300179
0000016d229c5439
0000016d5a6c9a79
0000016d5a6c9b39
0000016d5a6ca1f9
0000016d5a6ca9d9
0000016d5a6cb219
0000016d5a6cc0b9
0000016d5a6cc139
0000016d5a6cc659
0000016d5a6ce679
0000016d7217a379
0000016e06ad6539
0000016e208cb3d9
0000016e56f70119
0000016e56f70879
0000016e73238279
0000016e905035b9
0000016e90505419
0000016ea8455499
0000016efa1c0e79
0000016f0773be79
0000016f2d944459
0000016f673ea719
0000016f8154c619
0000016f8154cd99
0000016f8b315419
0000016fa7c56679
0000016fa7c5cdf9
0000016fa9457bb9
0000016fa9458cd9
0000016fb2b5ca99
0000016fb2b5da59
0000016fb2b62c59
0000016fb9fa9f59
0000016fbedc7ad9
0000016fbedc8f59
0000016fbedcca19
0000016fd8ac4b59
0000016fd8ac52b9
0000016fd8ac6b79
000001700b326859
000001700b327979
000001700b328a39
000001701ed6b9d9
000001707adb3f99
000001707adb4019
000001707adb6199
000001707adb7359
00000170f64126b9
00000170f6413639
00000170f95d2fd9
00000170f95d3739
00000170f95d4cb9
00000170f95d4d39
000001711877ff39
000001717e2fdf79
000001720c053c19
0000017246c9adf9
0000017246c9ca39
0000017246c9de59
0000017276be9d39
0000017276be9db9
0000017276beadf9
0000017276bec979
0000017276bed299
000002e52601c461
0000000000f4b071
0000000000000181
00000172a5e438b9
00000172b1861b39
00000172b1861bb9
00000172b18620d9
00000172b1862299
00000172b1862679
00000172b1862d79
00000172b18637b9
00000172b1863d59
00000172b18645b9
00000172b1864659
00000172b1864d19
00000172b1865619
00000172bcc112f9
00000172bcc11399
00000172bcc11a59
00000172d4457919
00000172d445d259
00000172fd78c1d9
00000173062f2659
00000173062f3919
000001730bcd4e59
000001730bcd55b9
000001730bcd60d9
000001730bcd6f99
000001730bcda059
000001730e183679
000001733e1b2859
000001734e23ce99
00000173858edbd9
000001738b756c79
000001738b756cd9
00000173a5584b79
00000173c084b319
00000173c084b4f9
0000017452eaffd9
00000174e5180e19
00000174e5181579
0000017559e4ee39
0000017559e50979
000001755b83a0f9
0000017560a281f9
0000017560a28299
0000017560a28959
000001756e4d5219
000001756e4d6279
000001756e4d70f9
000001756e4da939
00000175b3fce6d9
00000175f9fe1519
000001760ad683f9
0000017612ac6139
00000176233b9379
00000176233c0df9
00000176233c0e99
00000176233c0ed9
00000176233c1579
00000176233c83b9
00000176233c8459
00000176233c8b39
000001764bef89f9
000001765e020bd9
000001765e02aab9
000001766b15c119
000001767740c079
0000017679a04979
000001767f2fd519
00000176cf9341d9
00000176cf934939
00000176cf9380b9
00000176db253339
00000176db2533d9
00000176db253ab9
00000176f459fc79
00000176fb4f3dd9
0000017708a115b9
0000017708a11639
0000017708a16319
00000177111f88d9
000001771150a539
00000177637626d9
00000177677c4cb9
00000177677c5f79
00000177b3c28499
00000177cedbbf19
00000177cedbc679
00000177cedbea99
00000177e70f9a19
00000177e70f9a79
00000177e70fabd9
00000177f03968d9
000001780d768179
0000017813d00b79
000001781c8336d9
000001781c833e39
000001781c834859
000001781c83aa99
000001781c83b1f9
000001784343ae59
00000178502337f9
000001785243edb9
000001785243f519
000001785243fcd9
000001786455e259
000001788921efb9
00000178f01b68b9
0000017917b7be99
0000017929b44b99
000001792c654099
000001793418f919
000001793418f999
0000017934190079
00000179683609f9
000001798d421659
00000179d271abf9
00000179d271bad9
00000179d271c0d9
0000017a1977b879
0000017a2b1a0139
0000017a2b1a0dd9
0000017a3f1cf979
0000017a43fd4c99
0000017a63102579
0000017a71e18479
0000017a71e19839
0000017a8154f099
0000017a81550339
0000017a81553bf9
0000017ad065fc99
0000017ae08a0ab9
0000017ae2dcd239
0000017b06bd9239
0000017b06bda459
0000017b06bda4f9
0000017b06bdabb9
0000017b06bdb599
0000017b06bdb719
0000017b12f672d9
0000017b12f68119
0000017b12f69519
0000017b32185359
0000017b3ada71b9
0000017b7f22d1d9
0000017bad332719
0000017bad3339b9
000002f7c66cb261
0000000000f4b071
0000000000000181
0000017bf9f8a359
0000017c117c7a39
0000017c327c2c39
0000017c5dcaef39
0000017c5dcaf699
0000017c72108ad9
0000017c72109259
0000017c72109b99
0000017c7210a479
0000017c9f3715d9
0000017c9f372579
0000017cce2d5479
0000017cd233de79
0000017cd233ed79
0000017cd6375b79
0000017ced806a59
0000017d3151f919
0000017d4cdd3c19
0000017d4cdd4579
0000017db1eead79
0000017db1eebfd9
0000017db990df39
0000017db990f0f9
0000017dcf509e99
0000017dcf50a5f9
0000017de5b0f139
0000017de5b10f59
0000017e0e5da4b9
0000017e3034acb9
0000017e884e4739
0000017e92294d79
0000017e922967d9
0000017eb3765fd9
0000017ec4a85179
0000017ec4a88f99
0000017f510dcfb9
0000017f6e0e82b9
0000017f6e0e9e99
0000017f6e0ea059
0000017fae271319
0000017fae271399
0000017fae2713d9
0000017fae271a79
0000017fae279bb9
0000017fbd70d139
0000017fe97f73f9
0000017ff6fdd519
0000018026603f39
0000018026605d19
000001804e8d79b9
000001805b692ef9
00000180cf5343f9
00000180f84667b9
00000180f8466839
00000180f8466879
00000180f8466f19
00000180f9c59739
00000180f9c597b9
00000180f9c59e99
0000018159765c39
0000018159766ef9
000001815afcd979
000001815afceeb9
00000181a3c00999
00000181a3c08779
00000181a3c09af9
00000181ae6c6b59
00000181c018f8d9
00000181f8709059
00000182041de259
0000018217f0bab9
0000018217f0c9b9
0000018217f12739
000001821bd2d619
00000182213b6b19
00000182b3821ff9
00000182e9123d39
00000182e9123dd9
00000182e91244b9
000001830f66f559
0000018322711ff9
0000018349adbab9
0000018354da5a39
00000183788a44f9
00000183788a52d9
000001843d2e7979
0000018491c69c19
00000184a6c19e59
00000184a6c1a5b9
00000184ac5faab9
00000184bf734019
00000185086db6f9
0000030a66d7a161
0000000000f4b071
0000000000000181
000001853931c559
00000185550d1279
00000185550d1e79
0000018571df5179
000001857f8a8a39
000001857f8a8bb9
00000185bd04bf39
00000185bd04d099
00000185bd04d6b9
00000186581eecf9
000001868a250e39
000001869a7f99f9
00000186d65a7499
00000186f8f7dd79
00000187362e4e59
00000187362ec0b9
000001877ca46d19
00000187bee55919
00000187e7553bb9
00000187e7559db9
00000187fc7d8a19
00000187fc7dc779
0000018849a854f9
0000018849a8ded9
000001885b93e2d9
000001885b93e499
000001885b93f079
000001885b9430d9
000001885b944c59
000001885b944cd9
000001885b9453b9
00000188a5aeedb9
00000188a5aeee39
00000188a5aef519
00000188ca7e0d39
00000188f36d0239
000001891be47ed9
000001891be49239
000001891cb12119
000001891cb133d9
000001891cb13479
000001891cb14859
000001892d560fb9
000001892f4d6a99
000001892f4d7219
00000189c77a8cd9
0000018a09ea62f9
0000018a15f9c539
0000018a17d89319
0000018a17d8a239
0000018a52aec3f9
0000018a52aed6f9
0000018a5dcda899
0000018aa80279f9
0000018aa8028bd9
0000018b0ecabff9
0000018b19998bd9
0000018b276118f9
0000018b27611979
0000018b27612db9
0000018bc7502259
0000018bc75061d9
0000018bcb86fad9
0000018bd6bef7d9
0000018c1725ecb9
0000018c4d7f2459
0000018c846942f9
0000018c84694399
0000018c84694a59
0000018c846953f9
0000018cae0b2099
0000018cc350de99
0000018cc3515a59
0000018d1401c079
0000018d1f35aaf9
0000018d3133f319
0000018d6bb55379
0000018d6bb55519
0000018d6bb56459
0000018dc34b4679
0000018e09988579
0000018e0db26bd9
0000018e4ebf9f79
0000018e7333c159
0000031d07429061
0000000000f4b071
0000000000000181
0000018ea9713df9
0000018ebd2e3a19
0000018ec6b9c8f9
0000018ec6ba2179
0000018edf2207d9
0000018ee21029f9
0000018f66e930f9
0000018f66e969d9
0000018f6b140039
0000018ffc021179
000001900d80ee79
0000019026821a79
0000019077e7e0f9
0000019077e81ad9
0000019077e84b19
0000019077e857f9
00000190a9476439
00000190c8b7c539
00000190e1dcfa99
000001910f6b2219
0000019155740299
00000191948ea759
00000191a235ea99
00000191dd672ed9
00000191dd673639
00000191dd673ad9
00000191dd6743f9
00000191dd674799
00000191dfb53239
000001927d8cdaf9
00000192a2df8699
00000192ac297799
00000192ac297979
00000192adddfad9
00000192df461e59
00000192df462039
00000192e13eda99
00000192e13eec59
00000192e13f75d9
00000192fb8fd5b9
00000193462249b9
00000193462251b9
00000193462265d9
0000019379669019
000001937966c4f9
000001937966c579
000001937966dbb9
000001937966de19
000001937966eed9
000001938a2eeb79
000001939be7c2d9
000001939be7ca59
000001939be7d619
00000193dd438a39
00000194553d4ff9
00000194710d04f9
00000194710d0599
00000194710d0c79
00000194710d1539
00000194710d6379
0000019480446d79
00000194a5901f99
00000194a5902039
00000194a5902719
00000194a5906cb9
00000194dac4c299
00000194dac4d679
00000194f405f0d9
0000019526b2ceb9
000001953d8b4bb9
000001953d8b5319
000001953d8b5d39
000001953d8b9579
000001953d8bc139
000001954c8e13d9
000001954c8e23b9
000001954c8e2779
000001954c8e4d39
0000019584d06d79
000001959356dd99
000001959ddad579
000001959ddad5f9
000001959ddadcd9
00000195a8ff7bd9
00000195be736df9
00000195be73c079
00000195be73c119
00000195be73d699
00000195c25765f9
000001960bc74bd9
000001962fa5a0f9
0000019652f0e3d9
000001965472cab9
000001965472d219
000001965472dcb9
000001966bef8499
000001966bef92f9
000001967e80cdb9
0000019680b42d19
00000196b32c9e19
00000196ef0251b9
00000196f72ad9b9
00000196fa4ea679
000001971cdddcb9
000001971cdde419
000001971cddea79
000001979b702ff9
000001979b707639
00000197ade3ecd9
00000197b5aeff59
00000197c3a742f9
00000197c6a387d9
00000197c6a396d9
0000032fa7ad7f61
0000000000f4b071
0000000000000181
00000197fa1bca39
00000197fa1bdc19
00000197fa1c0059
00000198164527f9
000001982f3465b9
0000019878080c79
00000198b03c3e59
00000198fe31fc19
0000019900979f79
000001990097ad39
0000019915673879
0000019915673fd9
0000019921b9cbf9
0000019925a54959
0000019925a549d9
0000019925a55099
00000199289bb0d9
0000019936419439
0000019972add1b9
000001998baa58b9
000001998c3baa59
00000199b9784559
00000199b9784719
00000199b9785c79
0000019a36ccc9d9
0000019a5d7e4619
0000019a5d7e57d9
0000019a6ae455f9
0000019a7b6f0819
0000019a8e4f8a19
0000019a914f0819
0000019a99b773f9
0000019ac8fd0959
0000019aef646b79
0000019b03d879b9
0000019b2b59a799
0000019b42ea3019
0000019b51241519
0000019b512427f9
0000019b51242f79
0000019b51243039
0000019b516ddfd9
0000019b51cc3b19
0000019b51cc4299
0000019b51cc4a39
0000019b51cc4f59
0000019b51cc5779
0000019b51cc69b9
0000019b51cc7d79
0000019b55c55779
0000019b55c557f9
0000019b55c55ed9
0000019b55c57239
0000019b55c5a6f9
0000019b55c5d599
0000019b8a9f2779
0000019b8f3c4df9
0000019b8f3c5fb9
0000019b8f3c6919
0000019b91cb03d9
0000019b91cb0479
0000019b91cb1399
0000019b91cb14d9
0000019b91cb1f19
0000019b947b41b9
0000019bc6066df9
0000019bc606dc59
0000019bd3c33499
0000019cb26b0f79
0000019ccc2a6659
0000019ccd83a319
0000019ccd83b679
0000019cd741d959
0000019cd741e0b9
0000019cd741e1f9
0000019cd741e6b9
0000019cd741e899
0000019cd741e939
0000019cd741eb59
0000019cd741f019
0000019cd741f979
0000019cd741f9f9
0000019cd7420bb9
0000019cd7421a79
0000019cd7423419
0000019cd7424019
0000019cd7424999
0000019ce44935f9
0000019ce59e3279
0000019ce59e46b9
0000019d0a3717d9
0000019d0a371979
0000019d0a371f59
0000019d15f44039
0000019d15f450b9
0000019d1a4dde19
0000019d316332b9
0000019d5f9ca979
0000019d6c571779
0000019d6f5155f9
0000019d6f516639
0000019de904ce39
0000019e14547fd9
0000019e9e947a19
0000019eac9deb39
0000019f2bb55a79
0000019f8af0bf59
0000019f8e82bdb9
0000019fb333e219
0000019fb333e2b9
0000019fb333e419
0000019fb333e979
0000019fb333f299
0000019fb3344cd9
0000019fd50b53f9
0000019ffe132519
000001a058441dd9
000001a058442f59
000001a07d708ff9
000001a07d7091d9
000001a07d70ee99
000001a09c890919
000001a0a13fb359
000001a0a13fbc59
000001a0a13fc339
000001a0a13ff139
000001a0af59c699
0000034248186f61
0000000000f4b071
0000000000000181
000001a126162979
000001a126162a19
000001a1261630f9
000001a126164779
000001a1261647f9
000001a1261656b9
000001a1b7d7d2d9
000001a1b7d7d479
000001a1b7d7e759
000001a1ba8b1139
000001a2914f0039
000001a2a4b03ef9
000001a2a4b04119
000001a2ae623839
000001a2d045cd99
000001a2d045d4f9
000001a2d137fc59
000001a2d137fd19
000001a32afd8d59
000001a32afda919
000001a32ba8e8f9
000001a32ba92dd9
000001a35166f959
000001a3528924b9
000001a3891e2719
000001a3891e38f9
000001a39d7d47f9
000001a3b56fda59
000001a40d217639
000001a423dd6639
000001a423dd6d99
000001a43216efd9
000001a4391f0159
000001a446f48a19
000001a479ed3d99
000001a496d13379
000001a4b40dc579
000001a4bb445f39
000001a4c00f7099
000001a4c00f8259
000001a4de943139
000001a4f059fc79
000001a555034639
000001a558b84bd9
000001a558b85339
000001a558b85fd9
000001a558b8cd19
000001a5787e38f9
000001a5c7aab999
000001a5d20921f9
000001a5d2093379
000001a5ef332ad9
000001a60a4c7b19
000001a611218ad9
000001a62b938eb9
000001a62b93bd39
000001a646fe65b9
000001a659df43d9
000001a659df5e59
000001a659df9fb9
000001a659dfaf79
000001a665fb4679
000001a6873b5eb9
000001a6873b98d9
000001a6c0d4d919
000001a6c0d4ea59
000001a6c3e6d579
000001a6d9eaf179
000001a73bdb5a19
000001a76437a239
000001a76437bfb9
000001a76437c059
000001a76437c739
000001a76437cf99
000001a76437d7d9
000001a764384139
000001a7686cdb19
000001a7a152ba39
000001a7cb2d3379
000001a7efa08199
000001a7efa08919
000001a7f12075f9
000001a7f12077b9
000001a7f1208c59
000001a7f120ce79
000001a7f120d219
000001a802da9e39
000001a822b21a39
000001a8307e57d9
000001a8561d4e19
000001a8561d74b9
000001a86ef59bf9
000001a891435a19
000001a8ab4bef39
000001a921c7e859
000001a921c7ecb9
000001a97ea96199
000001a9c73b50b9
000001aa04a752f9
000001aa0ef945b9
000001aa0ef94779
000001aa0ef94819
000001aa0ef94ed9
000001aa0ef95579
000001aa0ef95cf9
000001aa0ef96f79
000001aa0f564b19
000001aa13eaed19
000001aa13eb0199
000001aa30947cf9
000001aa30948e59
000001aa30949df9
000001aa30949e79
000001aa3094a559
000001aa3094b119
000001aa3094b279
000001aa47bda899
000001aa6ab8ee19
000001aa6ab8f579
000001aa6ab915f9
000001aa6ab95b59
00000354e8835e61
0000000000f4b071
0000000000000181
000001aa7cbc3379
000001aa7cbc8d99
000001aaa1d34199
000001aabc325719
000001aac0bb33f9
000001aacc3d4b99
000001aafa551ab9
000001ab084e92d9
000001ab084e9379
000001ab084e9a39
000001ab54b08039
000001ab9431ae19
000001aba52617d9
000001aba5261979
000001aba5262a19
000001ac1c06cad9
000001ac25b97b79
000001ac29a96b79
000001ac29a9bf59
000001ac33e25399
000001ac6ad21cd9
000001ac6cca8419
000001ac75f37ef9
000001ac962ce299
000001ac9bf03a59
000001acffdcd2f9
000001ad06373219
000001ad176986d9
000001ad367ffd39
000001ad36800cf9
000001ad53842ff9
000001ad5dbf6999
000001ad64276619
000001ad64276699
000001ad64277959
000001ad8c282e39
000001ad9a60f3b9
000001ad9a610339
000001ad9a6105b9
000001adb76ea1d9
000001adc79fcb79
000001adc7a01179
000001adda7f5ab9
000001ae38b0b7f9
000001ae38b0b879
000001ae868c5bd9
000001ae9cf88cf9
000001aec0b1fff9
000001aec3587619
000001aecfec11d9
000001aecfec1279
000001aecfec1299
000001aecfec1939
000001af0533e3d9
000001af165335f9
000001af418fdd59
000001af5495d119
000001af5495e619
000001af5495fff9
000001af91c94a79
000001afddec2c19
000001b039526bf9
000001b039526c99
000001b039528ff9
000001b044070739
000001b059c66e79
000001b059c675d9
000001b059c6e219
000001b092e2f799
000001b0a536c879
000001b0ca218df9
000001b0ca219cf9
000001b0fc138b39
000001b11a384a39
000001b11a385959
000001b11a388019
000001b1363daf59
000001b1363db6b9
000001b1363dc199
000001b1363de0f9
000001b17b1b4a99
000001b1b2c00e59
000001b1b2c00ef9
000001b1b2c00f19
000001b1b2c015b9
000001b1b2c01d59
000001b1b2c01dd9
000001b1b2c01ed9
000001b1b2c024b9
000001b1b2c02599
000001b1b2c02fb9
000001b1b2c03a59
000001b1b2c0b039
000001b1b2c10459
000001b1cf7a35b9
000001b1d23a1b79
000001b1d23a1d59
000001b1d23a1df9
000001b1d23a22f9
000001b22038bd59
000001b22ebc2c59
000001b231188239
000001b2353b6359
000001b2353b7639
000001b29a956739
000001b29c6a8bf9
000001b29c6a8c79
000001b29c6a9199
000001b29c6a9359
000001b29c6aa319
000001b29c6aa559
000001b2c1ecf739
000001b2d62bde39
000001b2d7299759
000001b2d72997d9
000001b2d729b0d9
000001b2d72a2579
000001b2fa244959
000001b338d2af59
000001b343124759
000001b343124ed9
000001b343128299
000001b34312af99
000001b34312b039
000001b34312b6f9
000001b343130419
000001b343130f99
000001b36872e719
0000036788ee4d61
0000000000f4b071
0000000000000181
000001b3cd9c06f9
000001b4173f0cb9
000001b4173f0d39
000001b4173f24b9
000001b4660f48d9
000001b49944bb79
000001b49d838919
000001b49ffc2599
000001b4a6fe5659
000001b4cdf02c99
000001b4d1b19e59
000001b4d1b1a5b9
000001b510b982f9
000001b5139a9e39
000001b5184df459
000001b522711df9
000001b5dc9450f9
000001b5dc94b339
000001b5f4c4eb39
000001b5f4c4fd39
000001b60acdc319
000001b60e6d7ef9
000001b60e6e0499
000001b6190dec59
000001b6200a3cf9
000001b62cd12b39
000001b63f39f979
000001b642608a59
000001b6481591b9
000001b648159259
000001b648159299
000001b648159919
000001b64815a1f9
000001b6a1832019
000001b6a9593919
000001b70b72d839
000001b712d8c339
000001b71cc90df9
000001b71cc91fd9
000001b736844e59
000001b736846159
000001b76f7b3439
000001b771985e19
000001b7ae5e65f9
000001b7ae5e6d79
000001b7ae5e7a79
000001b7ae5e80d9
000001b7ae5ec599
000001b7ae5ed7d9
000001b7b40371b9
000001b7b4038db9
000001b7d0b822b9
000001b7d0b82359
000001b7d0b82a19
000001b7e9be72b9
000001b81722eb19
000001b843281cf9
000001b882d6ac19
000001b882d6bdb9
000001b882d71b59
000001b88d8dfc59
000001b89343fa19
000001b8bf7ccd99
000001b8fe3afe99
000001b917c1c199
000001b91f5fa699
000001b9268f6a59
000001b95ad5bb19
000001b95ad5bbb9
000001b95ad5c279
000001b95cc0ff39
000001b9ae0cdcb9
000001b9ee3bd199
000001ba18a8d2d9
000001ba2aaa3019
000001ba526adb59
000001ba526adbf9
000001ba526ae2b9
000001ba526af919
000001ba526b1739
000001ba526b3459
000001ba526b44f9
000001baa2e12df9
000001babc3d76d9
000001babc3de639
000001babc3de6b9
000001babc3de6f9
000001babc3ded99
000001babc3dfff9
000001babc3e0a19
000001babc3e1059
000001babc3e2379
000001babc3e4a59
000001babc3e4e99
000001baedd457f9
000001bafd043e79
000001bb331ae919
000001bb495f1739
000001bb495f2a99
000001bb495f65d9
000001bb495f8a19
000001bb4a3b47f9
000001bb51ee8c39
000001bb640c6719
000001bb640c6e79
000001bb640c7799
000001bb640c7cf9
000001bb640c88b9
000001bb640cccd9
000001bbf3172319
000001bc0a59c379
000001bc6aee47d9
000001bc6d330139
000001bc741ca9f9
000001bc741cb159
000001bc741cb879
000001bc741cbd99
000001bc86699cb9
000001bca5ad2739
000001bcca3e9c19
000001bce35e1c19
000001bce35e7199
000001bce6d357d9
000001bcefc88cf9
000001bcefc88d79
000001bcefc8a479
000001bcefc8a519
000001bcefc8b499
000001bcefc8e559
000001bcefc914f9
000001bcf7eb7719
0000037a29593c61
0000000000f4b071
0000000000000181
000001bd238d1f19
000001bd4c3bb8d9
000001bd4c3c11b9
000001bdab8bf499
000001be260c1bb9
000001be4c5cd919
000001be9e158299
000001be9e159af9
000001bedab858b9
000001bedab86899
000001bedab885d9
000001beea60c1d9
000001bf7396cb39
000001bf7396cbd9
000001bf8b8bf239
000001bf94579d59
000001bfe4dcff99
000001bfe4dd0f59
000001bfe73463f9
000001bfe734ba59
000001c00322dcb9
000001c00322eb19
000001c00322ed99
000001c00322f259
000001c006f41659
000001c0369d70f9
000001c03ab12059
000001c053c89439
000001c0d382a0f9
000001c0d382b659
000001c0d67889f9
000001c0d6788a79
000001c0e39b51b9
000001c106b5f6f9
000001c110cb2779
000001c110cb3a99
000001c122fd9b19
000001c146d3e6f9
000001c146d40579
000001c164f99f39
000001c16fffd339
000001c16fffdab9
000001c16ffffd59
000001c1a0fc0319
000001c1da39eef9
000001c210fa4e19
000001c210fa5c39
000001c210fa74f9
000001c23882ded9
000001c31b8c5b19
000001c31b8c5bb9
000001c31b8c5bd9
000001c31b8c6279
000001c3326a1079
000001c3401555d9
000001c37d3c8ef9
000001c37d3c8f79
000001c38e7437f9
000001c38e743899
000001c38e743f59
000001c38e744b39
000001c3ab597479
000001c3ae14e6b9
000001c3df703ab9
000001c416e71879
000001c416e718f9
000001c416e71fd9
000001c416e76139
000001c416e77499
000001c416e7f239
000001c4685a7ef9
000001c4c2d7aed9
000001c50c2ab959
000001c50c2ac0b9
000001c50c2acbd9
000001c5d18652b9
000001c5d18657f9
000001c5d49a3939
000001c5e0cd7fb9
000001c5ee997139
000001c5fad726d9
000001c5fad72779
000001c5fad72e39
000001c5fad736b9
000001c5fad73759
000001c5fad73df9
000001c615f8cf19
000001c61b116cb9
000001c630b40899
000001c635f48d39
000001c6506a62d9
0000038cc9c42b61
0000000000f4b071
0000000000000181
000001c6691718f9
000001c669178dd9
000001c6e5e854f9
000001c70a2b0af9
000001c70a2b0b99
000001c70a2b1279
000001c70a2b1e99
000001c70a2b1f19
000001c70a2b2339
000001c70a2b2499
000001c70a2b25f9
000001c70a2b32f9
000001c70a2b34f9
000001c70a2b8699
000001c70a2b8f79
000001c72aa96bb9
000001c72aa97e79
000001c72aa97f19
000001c77543bb79
000001c7c6f925d9
000001c7d56ebd59
000001c7ea433df9
000001c7ea4351d9
000001c80b6a67f9
000001c850987f99
000001c86cbd3d59
000001c870522cb9
000001c870523c99
000001c8cc481559
000001c8e80c2179
000001c8f1bb9cf9
000001c903edccd9
000001c90acf5fd9
000001c9acbf80f9
000001c9f6a88bb9
000001ca7d0cc1b9
000001ca7d0cd3b9
000001ca7eddaf59
000001ca7eddb6d9
000001ca7eddbf59
000001ca7eddc539
000001ca7ede2359
000001ca7ede3519
000001ca7ede3599
000001ca7ede4f19
000001ca7ede5679
000001ca7ede6079
000001ca92efa8d9
000001ca92efb859
000001ca92efb959
000001ca96836c79
000001ca96836cf9
000001ca96836e39
000001cadc6eca19
000001cb1f8b7419
000001cb236cb199
000001cb236cc219
000001cb236cc8f9
000001cb236cc979
000001cb236d14b9
000001cb236d29d9
000001cb46c3ddb9
000001cb580c24f9
000001cb63fdaed9
000001cb92fe8299
000001cbf80aa099
000001cbf9eb0b39
000001cbf9eb1bb9
000001cc2700dbf9
000001cc4f35f6f9
000001cc4f360819
000001cc4f3609d9
000001cc4f360ff9
000001cc6675a359
000001cc8dfdadf9
000001cc8dfdae79
000001cc8dfdb559
000001cc8dfdc3d9
000001ccaeddec79
000001ccaeddecf9
000001ccaeddf3b9
000001ccd20bb699
000001cce5ae5779
000001cd491ca8b9
000001cd58bada19
000001ce60b13b59
000001ce60b157f9
000001ce60b1ec39
000001ce7de093f9
000001ce7de09579
000001ce7de0a919
000001ce9c6c6739
000001ce9c6c67b9
000001ceb30a1339
000001cef2e01a19
000001cf2200b499
000001cf22014d99
000001cf266ed219
000001cf266ed299
000001cf3bbd95b9
000001cf3bbda8f9
000001cf9ba3dbb9
000001cf9ba45419
000001cfa2eaaa59
000001cfa76edf19
0000039f6a2f1a61
0000000000f4b071
0000000000000181
000001cfc192bdb9
000001cfc192cdf9
000001cfc28575b9
000001cfdbfaa9b9
000001cfdbfb18d9
000001d01b9c0fb9
000001d01b9c1719
000001d01b9c1ef9
000001d01b9c2319
000001d01b9c2e19
000001d01b9c2e99
000001d0290d8ad9
000001d07f219339
000001d07f219a99
000001d07f21e179
000001d0de4f4819
000001d0e138a399
000001d0e138a439
000001d115257c99
000001d11f5e0619
000001d13460b7b9
000001d172212919
000001d174edf359
000001d174ee8899
000001d174ee8919
000001d1add44ad9
000001d1add44d79
000001d1add45239
000001d1add45e59
000001d1add4a7f9
000001d1add4a899
000001d1add4af79
000001d1add4b8b9
000001d1add4b959
000001d1add4ba79
000001d1add4b979
000001d1add4cc39
000001d1b34954d9
000001d1ee9db499
000001d20d95ea99
000001d215b2c699
000001d232add9b9
000001d2455ba119
000001d2455bae59
000001d2455bb4b9
000001d2455c0759
000001d257a4a4f9
000001d257a4b899
000001d25f971779
000001d2675d8579
000001d2675d85f9
000001d2a35cc7b9
000001d2b17b1119
000001d2be94c099
000001d2be94c119
000001d2be94c7f9
000001d2c0063c79
000001d2c0063cf9
000001d2c4909179
000001d2d8dca159
000001d2e7a19859
000001d2e7a1fed9
000001d31b413099
000001d31b415c59
000001d344792879
000001d34e788e79
000001d34e788f19
000001d34e789039
000001d34e7895d9
000001d34e78a579
000001d3521c23f9
000001d3521c3539
000001d3615c2059
000001d3846433b9
000001d3992b0379
000001d3b37af9b9
000001d3bf88ac79
000001d404a40659
000001d40db99a99
000001d40db9abb9
000001d4383a0dd9
000001d441f70c39
000001d442f3acf9
000001d44af69339
000001d4802624f9
000001d480262c59
000001d4a8ec6e79
000001d4a8ec80b9
000001d4a8ec8819
000001d50be66cf9
000001d50c004499
000001d50c005b19
000001d50c005b99
000001d50c008339
000001d5121636d9
000001d512163759
000001d512163cf9
000001d512163d99
000001d512163e39
000001d512164459
000001d52ebc9a39
000001d53e056dd9
000001d53e629839
000001d53e629fb9
000001d53e62adb9
000001d5463365d9
000001d546337619
000001d55cb4a499
000001d55cb4a519
000001d55cb4abf9
000001d57353fbf9
000001d57f0190f9
000001d593bcdf59
000001d5b5ddba99
000001d5ba4102f9
000001d5ba410a79
000001d5dd7a5479
000001d5edf8b919
000001d5edf8b999
000001d5edf8c079
000001d65a335819
000001d65d7a1ed9
000001d667bdb939
000001d68f57d439
000001d69c10c959
000001d69c10ca19
000001d69c10d0d9
000001d69c10df79
000001d6ca877179
000001d6d64f5479
000001d6fd157559
000001d6fd15bd79
000001d722b7f599
000001d722b7f8d9
000001d722b7fd19
000001d722b804f9
000001d7448334b9
000001d744833659
000001d747d5b739
000001d782b559d9
000001d7ade479f9
000001d7ade47a79
000001d7ade48979
000001d7ade48b79
000001d7ade48d79
000001d7ade4a099
000001d7ade4acb9
000001d7ade4bc59
000001d7ade4d9d9
000001d7ade51319
000001d7ade524b9
000001d7ade55d59
000001d7ade57939
000001d7ade5e699
000001d7bb513a59
000001d7bb5141f9
000001d801dc9819
000001d801dc9f79
000001d801dcaab9
000001d804ae97b9
000001d804ae9ff9
000001d804aeb2f9
000001d804aeba79
000001d804af33b9
000001d80a195a59
000001d83a11c9f9
000001d85b0f0359
000001d85b0f1a59
000001d85ff527b9
000001d85ff57499
000001d86056a699
000001d860570b99
000001d88a9ac0d9
000001d899999739
000001d899999eb9
000001d8b03a3ef9
000001d8d49be959
000003b20a9a0961
0000000000f4b071
0000000000000181
000001d9062b59b9
000001d9062b6ad9
000001d9062bb6b9
000001d9b77c8539
000001d9b77c9679
000001d9b77c99b9
000001d9b77ca2d9
000001d9f46779d9
000001da42675cb9
000001da48338259
000001da9054e399
000001da90550839
000001da9f9be659
000001da9f9bedd9
000001da9f9bf659
000001dab58703b9
000001dae3ed7cb9
000001dae3ed8439
000001dae3ed8d19
000001db2ad2dcb9
000001db3cdc9339
000001db79e10f19
000001db99bcb9f9
000001db99bcba99
000001db99bcc179
000001dbb7fbc5f9
000001dc043a4719
000001dc043aed39
000001dc1ce66db9
000001dc2ac0f339
000001dc2ac0f3d9
000001dc2ac0fab9
000001dc2ac10279
000001dc2c4e7e99
000001dc2c4ea139
000001dc5065e719
000001dc906aac59
000001dc906aba79
000001dc906ac819
000001dc906b1319
000001dcaab0a119
000001dcb1bf1c39
000001dcb1bf8519
000001dcb1bfb399
000001dce5037699
000001dce5038559
000001dd05ed05b9
000001dd05ed4519
000001dd57d58639
000001dd57d596d9
000001dd57d5c439
000001dd57d5edf9
000001dd6cd9ed59
000001dd6cda2059
000001dd6f121339
000001dd6f121a99
000001dd6f122519
000001ddc1d59659
000001ddc1d59c39
000001ddc1d5e719
000001ddc8ffc659
000001de32959ed9
000001de4f111359
000001de5869d159
000001de5869d1d9
000001de829a7039
000001de96d25fd9
000001de9bc13559
000001dea344a9f9
000001deb632b1f9
000001deb632d2f9
000001deb632e839
000001ded2eef2d9
000001ded2eefa39
000001df3107ccd9
000001df4f1f4939
000001df598a6a59
000001df598a6af9
000001df598a71d9
000001df598a9cd9
000001dfc1c452b9
000001e01b0ce779
000001e033fb7eb9
000001e054df53f9
000001e0af9aaf79
000001e0f3a0f0d9
000001e0f3a10419
000001e101b8e2f9
000001e175fbe2b9
000001e17ef9fb39
000001e17efa3399
000001e1806fcd59
000001e18779bf99
000001e18779c039
000001e18779c6f9
000001e1a784dc99
000001e1a7851d79
000001e1c39dbb99
000001e24dd1b999
000003c4ab04f861
0000000000f4b071
0000000000000181
000001e27f8180b9
000001e290b713f9
000001e2d2831179
000001e2d2a16bb9
000001e3066ff299
000001e306824cf9
000001e3352ff3d9
000001e3352ff459
000001e3352ffb39
000001e361163039
000001e361db30b9
000001e3a8c517f9
000001e3f6372399
000001e3f63739f9
000001e44d8fdcd9
000001e474007879
000001e47400f1d9
000001e49f3f7319
000001e4d8d91799
000001e4dccc4679
000001e4dccc4719
000001e4dccc4df9
000001e4dccc5779
000001e4dccc5819
000001e4dcccbf99
000001e4f55e41f9
000001e522c1e299
000001e5563a3b39
000001e5587269d9
000001e56710f0f9
000001e56710f199
000001e56710f879
000001e5be5b1199
000001e5be5b1ff9
000001e5ca091d19
000001e5d98d8d19
000001e5dd52a539
000001e5dd52a5b9
000001e5e245a419
000001e5ef193319
000001e5ef193399
000001e5fbe92a39
000001e5fbe939f9
000001e604902459
000001e6049024d9
000001e60f89d999
000001e60f89da99
000001e610b6d339
000001e610b74819
000001e697498319
000001e69f687779
000001e69f6877f9
000001e69f687ed9
000001e6b15c6999
000001e6c0cc8359
000001e6dd675579
000001e7007d3239
000001e715ad86f9
000001e7687098b9
000001e76870a019
000001e76870a6f9
000001e76870ab39
000001e76870ac19
000001e768711799
000001e798d43b19
000001e7aaaed319
000001e817776f59
000001e8336c84f9
000001e8532adbb9
000001e8722669f9
000001e872266a99
000001e872267159
000001e89b5ebc99
000001e8c06a6cb9
000001e8d888dc59
000001e8d888ec59
000001e8e0d04bd9
000001e91812f2f9
000001e918130639
000001e956e7d879
000001e956e86959
000001e974df6cf9
000001e987d4ddb9
000001e987d54779
000001e9c9227cf9
000001e9c9228d79
000001e9dde85df9
000001ea20481779
000001ea20481ed9
000001ea42fe9d19
000001ea54c20199
000001ea54c208f9
000001ea54c21139
000001ea54c25739
000001ea56bd7db9
000001ea9a6545f9
000001eaab542bd9
000001eaab542c79
000001eaab542c99
000001eaab543339
000001eab9f07099
000001eacf9e4f19
000001ead3829819
000001eade0e2699
000001eae686baf9
000001eb1593a879
000001eb3fa48cf9
000001eb3fa48d99
000001eb3fa49479
000001eb3fa49f99
000001eb3fa50ed9
000001eb5ab23a59
000001eb5ab241b9
000001eb6fcab6f9
000001eb765b7f19
000003d74b6fe761
0000000000f4b071
0000000000000181
000001ebaf1d07f9
000001ebbaf2bc19
000001ebbaf2c379
000001ebbaf30299
000001ebe24cdbb9
000001ec155d9739
000001ec6a68e339
000001ec6a68ea99
000001ec6a68f859
000001ec6a695659
000001ec7acedb19
000001ec7c49c9d9
000001ec7c49dcf9
000001ec7c49edf9
000001eccbf2e659
000001eccbf35ed9
000001ecd8dfd5f9
000001ece79cd8b9
000001ece79ce639
000001ecf8ab96f9
000001ecfedf9a99
000001ed17c405d9
000001ed17c45a39
000001ed17c46179
000001ed1a477d19
000001ed1a479279
000001ed1a47d3d9
000001ed1a47dd99
000001ed1e9eae99
000001ed1e9f1719
000001ed277528d9
000001ed34e071b9
000001ed34e0ed79
000001edb9fe5ed9
000001edc7e210b9
000001edc7e21139
000001edc7e21179
000001edc7e21819
000001edc7e22419
000001edfdba74b9
000001ee0c5dff99
000001ee3a0c15f9
000001ee56263b59
000001ee63217a39
000001ee89851dd9
000001eea328e659
000001eea328e6d9
000001eea328edb9
000001eea3297159
000001eeb676afd9
000001eee49ae0d9
000001eefc555a99
000001ef38a807b9
000001ef50a68039
000001ef6327fe59
000001ef6327fef9
000001ef632805b9
000001ef63280fb9
000001ef8d3ccb79
000001f05780ba99
000001f057811f19
000001f057813b99
000001f057813c39
000001f057814319
000001f057819df9
000001f0a3a95cb9
000001f0a4ebdc79
000001f0cbedd139
000001f0cbee3099
000001f0eeaf95b9
000001f1402fd739
000001f16990e439
000001f19cb6e319
000001f19cb73c59
000001f1f4dc8619
000001f1fcb42a19
000001f1fcb43179
000001f1fcb43e39
000001f1fcb44019
000001f1fcb440b9
000001f1fcb440f9
000001f1fcb44e99
000001f211c279d9
000001f21b71b999
000001f21b71cc99
000001f245d420b9
000001f245d42159
000001f3146dbb59
000001f32048c219
000001f32048d2f9
000001f34e6b1759
000001f34e6b17f9
000001f34e6b1839
000001f34e6b1ed9
000001f3969f1739
000001f3969f17b9
000001f3969f18d9
000001f3969f1e99
000001f3a34498b9
000001f3d74e9279
000001f3d74e92f9
000001f3e281f419
000001f40ba1e4f9
000001f40ba1f599
000001f40ba20459
000001f40ba20599
000001f40ba20739
000001f40ba21519
000001f40ba225b9
000001f40ba23e99
000001f413610379
000001f4184af159
000001f4184af8d9
000001f4184b0419
000001f42857a899
000001f42c70d0f9
000001f4355f84b9
000001f49a74aef9
000001f49ebf47d9
000001f4a3a75b79
000001f4b1c09999
000001f4c2a6cc39
000001f4d8ed2839
000003e9ebdad761
0000000000f4b071
0000000000000181
000001f5227b68d9
000001f52e0c1c99
000001f5555e02d9
000001f5555e1259
000001f55caf38b9
000001f56d126219
000001f57bc9e299
000001f5cb120d59
000001f5e0ef39d9
000001f5eb268d79
000001f5eb2694d9
000001f5eb269db9
000001f5eb26a139
000001f5eb26acf9
000001f5eb26b479
000001f5eb26b5f9
000001f5eb26ed19
000001f5eb271859
000001f5eb2729d9
000001f5eb272a99
000001f5eb273159
000001f5eb273a19
000001f5eb273c39
000001f5eb273e19
000001f5eb278779
000001f60b0c4659
000001f60b0c5c39
000001f641bf7399
000001f641bf89d9
000001f6455ed979
000001f674160bd9
000001f6819cf159
000001f6819d56d9
000001f68a6676d9
000001f68a667e39
000001f68a66a2f9
000001f6964a2d99
000001f6964a3ad9
000001f6b949ed79
000001f6c58f7fd9
000001f6c58f8739
000001f70410e139
000001f71f126e79
000001f72e0be9d9
000001f78ee384d9
000001f7a428f4f9
000001f7a428fc79
000001f7a42901f9
000001f7a4290279
000001f7a42904f9
000001f7a4292199
000001f7b881c9b9
000001f7d155afb9
000001f7d155c239
000001f7d155f6d9
000001f7d155fc99
000001f7f45b8719
000001f80686d739
000001f870810459
000001f8e04d2299
000001f8e04d33f9
000001f935db6999
000001f94d0eb7b9
000001f94d0ecbd9
000001f94d0f4999
000001f9639c91b9
000001f9e0c7e759
000001fa3e8b0899
000001fa403bffd9
000001fa8470f439
000001fa8471ac79
000001faab93b5f9
000001fae2ee42b9
000001fae2ee4359
000001fae2ee4a19
000001fae2ee5719
000001fae9452ed9
000001fb1b04daf9
000001fb1d064799
000001fb2db1d5d9
000001fb50722bb9
000001fb50723d39
000001fb50724259
000001fb507249d9
000001fb507257f9
000001fb50725f39
000001fbc23da999
000001fbe8ce6a59
000001fc158866b9
000001fc1ec839f9
000001fc258ce9b9
000001fc33d691b9
000001fc33d69919
000001fc33d6a1b9
000001fc33d6a239
000001fc448ae6b9
000001fc493f92d9
000001fc56202d79
000001fc701fd439
000001fcc0049899
000001fcdeb0d479
000001fd111e29f9
000001fd1a3a5819
000001fd7361e639
000001fd7361e7d9
000001fd9eb50219
000001fdc916da19
000001fdc916e179
000001fdc916f2f9
000001fdc916f379
000001fddc0962d9
000001fddc096359
000001fddc096499
000001fddde87439
000001fde0450f79
000001fde04516f9
000001fde0455e19
000001fde045ccf9
000001fdf664c139
000001fdf6652019
000001fdf6657259
000001fe04e31d19
000003fc8c45c661
0000000000f4b071
0000000000000181
000001fe5233b6f9
000001fe7bc0f339
000001feb6fc38f9
000001fec9053cf9
000001ff3ac80a39
000001ff5abe4319
000001ff5abe9c79
000001ff5abea579
000001ff5eae7539
000001ff7b26d7b9
000001ff7b26e859
000001ffd0cee179
000001ffd0cefc39
000001ffef36cbb9
000002000183f799
0000020045763239
00000200457632d9
0000020045763999
0000020045764899
0000020045764919
0000020045764df9
0000020045764e79
0000020045764ff9
0000020045765b99
0000020045766e19
0000020045766eb9
0000020045766ed9
0000020045767f99
00000200457716f9
0000020045771e59
000002004577a2d9
000002004577bc99
00000200590c53b9
0000020089b5c639
00000200942a2559
000002011ef94e59
000002014ad73d59
000002020fe3c079
000002022acfe3d9
000002022acfe459
000002022acfeb39
000002022ad001b9
000002022ad045f9
000002024a3a0a59
000002024a3a0af9
000002024a3a0b39
000002024a3a11b9
000002024a3a1ab9
000002024a3a2599
000002024a3a3af9
000002024a3a6299
000002024a3a6499
000002024a3a6539
000002024a3a6559
000002024a3a6c19
000002024a3aa039
000002024a3aa299
000002024a3ab599
000002024a3ac719
000002024a3ad2b9
000002024a3b1339
000002024a3b51d9
000002025ffdc799
0000020272361959
00000202723619f9
00000202723620b9
00000202a2614619
00000202a2615779
00000202a2616859
00000202c7691659
00000202cc689459
00000202e7420c79
0000020309f69bf9
00000203137e08b9
00000203150dfa39
000002031a208579
000002031a20e719
0000020352c4af59
0000020352c4bd79
000002036d8977b9
000002036d897979
0000020371d385d9
0000020371d3a779
0000020371d3c459
0000020371d421d9
0000020371d42259
000002037b083ed9
000002037e281339
000002039d522559
000002039d5225d9
000002039d522cb9
000002039d523779
000002039d52a9f9
00000203a846ff99
00000203a9b44a39
00000203c9512999
00000203c951ea59
00000203ce36c679
00000203ce36c6f9
00000203ce36dc39
000002040d2a94b9
00000204330a1a99
000002045c666399
000002046a9fa0d9
0000020489b2ac39
00000204b3a84d39
00000204dd125c19
00000204df6f40b9
00000204dfde8d79
000002053378f6d9
00000205509be739
00000205509be7b9
00000205509bee99
00000205509c5af9
00000205db8369d9
0000020606f001b9
0000020606f07999
000002063cd94d99
00000206539c8cd9
0000020658fa3b79
0000020658fa3bf9
0000020658fa7b79
0000020659fe9db9
0000020659feaf59
0000020659feafd9
0000020659febeb9
00000206bea3adf9
00000206fd068979
00000207013acb39
000002074929c579
000002074929dad9
00000207492a2079
0000020765006b79
0000020765008a99
00000207650de619
00000207799986f9
000002077999a539
0000040f2cb0b561
0000000000f4b071
0000000000000181
00000207ed70cf99
00000207fa1207d9
0000020831cd53b9
0000020831cd5b19
0000020831cd6539
0000020831cd7739
0000020831cdb2b9
0000020831cdbcd9
0000020839a62839
000002087ee50f99
0000020882cdab59
0000020882cdbab9
0000020882cdcb39
00000208cdd10299
00000208cdd15179
00000208cf3eda99
00000208d508a159
00000208d508a8b9
00000208d508b2b9
00000208f78ea0b9
000002096914e779
00000209bb64d6f9
00000209bb64e539
00000209bd528cb9
00000209da242799
00000209da243af9
0000020a0c051a79
0000020a0c05f7d9
0000020a221553f9
0000020a2b8e57f9
0000020a2c258a19
0000020a5ae57c99
0000020a7c81cff9
0000020a9afd2379
0000020aa3007e59
0000020aa300ce19
0000020ae6fe2539
0000020af3e1bdf9
0000020af3e1da79
0000020af80a2359
0000020b5978e199
0000020b6a1ade79
0000020b6a1af1b9
0000020b6a1b5c59
0000020b6a1b5cd9
0000020b6a1b6d39
0000020b6a1b6df9
0000020b6a1bb619
0000020b6a1bd2d9
0000020b97087439
0000020ba9519579
0000020bc375edb9
0000020bd8f815b9
0000020bd8f82ab9
0000020bd8f88c19
0000020bed6bdb39
0000020bf38bfd19
0000020bf38c35b9
0000020bf38c4e59
0000020c04355f99
0000020c13407959
0000020c13407cb9
0000020c17643d99
0000020c2897fa79
0000020c2e2abcd9
0000020c7d6eb679
0000020c8932a059
0000020c8932a0d9
0000020c8932a7b9
0000020cb7e96379
0000020d10c94ad9
0000020d20669799
0000020d20669839
0000020d20669ef9
0000020d366657f9
0000020d6284f8f9
0000020d8ffdf739
0000020d8ffe0759
0000020dd72b7039
0000020dd72bd7d9
0000020dd72bef39
0000020dd72bf9f9
0000020dd72c0159
0000020dd72c9619
0000020dd72ca6f9
0000020dd72d08f9
0000020e2331f879
0000020e23320659
0000020e233206d9
0000020e23320db9
0000020e23323eb9
0000020e23323f59
0000020e23323f99
0000020e23324639
0000020e23325159
0000020e470d6859
0000020e4a650af9
0000020e57756599
0000020e7ec49db9
0000020e814cd319
0000020e8532ac19
0000020e918d95b9
0000020eefb98819
0000020eefba0339
0000020efad49c79
0000020efad4ec19
0000020efde3a5b9
0000020f04784a39
0000020f07ea49b9
0000020f07ea6059
0000020f07ea7299
0000020f07ea9419
0000020f0a14aa99
0000020f105c8ed9
0000020f5ce01c19
0000020fbb13e839
0000020fd068f599
0000020fd068f759
0000020fec9cba59
0000020ff466a5f9
0000021007fc02f9
0000021007fc1ed9
00000210304c57f9
0000021044dae8d9
000002105ce19a99
0000021092426cb9
00000210956bba59
00000210956bc939
00000210a14f4059
00000210b5829f79
00000210b5829ff9
00000210b582a6d9
00000210b58307b9
00000210b5831e39
00000210e2766bf9
00000210e2767379
00000210e2767cf9
00000421cd1ba461
0000000000f4b071
0000000000000181
0000021142a88db9
000002116a593459
00000211b8f6c399
00000211c6d54eb9
00000211e96aef99
00000211f173b459
00000212577ea139
000002129a0ddaf9
000002129a0df159
00000212adcb6ad9
00000212da2d7cf9
00000212f41072b9
00000212f4cdf599
00000212f4ce0799
00000212f4ce1b19
00000213081e5779
00000213081e6719
00000213548b18b9
000002138919da19
000002138919dbd9
00000213891a03d9
00000213891a1479
00000213cc171919
00000213cd87db99
00000213cd8829f9
00000213f4b83f39
00000213f4b84699
0000021466a8c4f9
00000214837a2eb9
00000214837a3079
00000214837a8c79
00000214c1ea3fd9
000002152ff78179
00000215a3fe7859
00000215a3fef579
00000215a550b839
00000215b6deff99
00000216107687d9
0000021625e491f9
0000021625e4a3d9
0000021625e4adf9
0000021625e51999
000002164fbb9139
000002165ba4bc99
0000021687cfcd39
000002169aa7fbf9
00000216a8d42359
00000216ac53f3b9
00000216f7e521d9
00000216f7e53119
00000216f7e54af9
00000216f7e57b19
00000216f7e67299
00000217235fd019
00000217235feb39
0000021727192619
000002178e91e8b9
00000217d5be1a99
00000217d5be1b19
00000217d5be1b59
00000217d5be21f9
00000217d5be2bf9
00000217d5be77b9
00000217df2a4019
00000217f5677959
00000217f56779f9
00000217f56780b9
00000217f567fe99
00000217fc2f5c19
0000021816c11a39
0000021816c12199
000002183e0ac139
0000021869c03379
00000218b3ac7519
00000218e81c9bb9
00000218ecaab559
00000218ecdaddd9
00000218f3359299
00000218fe653f99
00000219002b6219
00000219002bcc99
000002190cb95af9
00000219943fa0f9
00000219aa382cb9
00000219bc0b7ad9
00000219c1285a79
00000219d553a2b9
00000219d553b1b9
0000021a03abb199
000004346d869361
0000000000f4b071
0000000000000181
0000021a525999d9
0000021a52599a59
0000021b0a9fadf9
0000021b0b2ac6f9
0000021b93dd3779
0000021cb2ea36d9
0000021cb2ea3879
0000021cbb8cb019
0000021cc5900ab9
0000021cd5b6f5f9
0000021d16e0d919
0000021d5a4c2cb9
0000021d61be8759
0000021d61be8939
0000021d61bea019
0000021d74f130f9
0000021e0ad19a79
0000021e4306aa39
0000021e515147b9
0000021ed519f7f9
0000021ed51a0f39
0000021ed51a64d9
0000021f56f11e39
0000021f56f13779
0000021f5abf3459
0000021f6ba5cb99
0000021f85edde59
0000021f85ede899
0000021f9c9c64d9
0000021fb2ac0c79
0000021fbb9f8b99
0000021fbb9f9f19
0000021fbb9fa1f9
0000021fbb9fb079
0000021fde703599
0000021fde704939
0000021fec88fe79
0000021fec8910d9
00000220210e8759
00000220210e9b59
00000220269695f9
000002202dea5e39
000002202dea65b9
000002202f63cdd9
000002202f63e579
000002207751d399
00000220869ebe79
00000220869ebef9
00000220869ec5d9
00000220869ecf59
00000220869ecff9
00000220869ed039
00000220869ed659
0000022088e57759
0000022092f77c19
000002209c372959
00000220af1e1ad9
00000220af1e2b19
00000220af1e8d39
00000220c3b62f99
00000220cb5a6ff9
00000220cb5ac4b9
00000220cb5aec99
000002212cff4ed9
000002212cff6039
000002212cff8bd9
000002212cffcad9
00000221308f2819
00000221308f28b9
00000221308f2f99
0000022154b9ee99
0000022154ba0c99
0000022176382019
00000221763821d9
00000221763831d9
0000022176383f79
0000022176389859
00000221bd9a7d99
00000221bd9a7e59
00000221c32bd599
00000221f08633b9
0000022212a0a319
0000022218290679
0000022218299179
0000022261b5eb19
0000022264567959
00000222645679d9
0000022264567a19
00000222645680b9
0000022287de4d99
00000222b6400a79
00000222b6400b19
00000222b64011d9
00000222b6401719
00000222b6402099
00000222dc891b39
00000222dc891bd9
00000222dc892299
00000222dc8929d9
00000222dc892ab9
00000222dc897959
00000222dc897b39
00000222f408fbf9
0000022302cb81d9
0000022302cb8399
00000223075c6559
00000223075c7919
00000223075cba19
000002232750f7b9
000002234f7bb4f9
000002234f7bc7b9
000002236f5b1619
0000022379784539
00000223834893f9
0000022383489b79
000002238348a599
0000022383492ad9
0000022383494259
000004470df18361
0000000000f4b071
0000000000000181
0000022387668b59
000002239591fa99
000002239591fb19
000002239591fb59
00000223959201f9
0000022395927599
0000022395929139
00000223959294d9
0000022395929559
0000022395929c39
000002239592fbf9
00000223cbc53259
00000223cbc542d9
000002244d08b5d9
000002245162ee19
0000022451634ff9
000002246e78c539
000002247fb089f9
000002248caf8b19
000002248caf9f79
00000224b3712e59
00000224b3714379
0000022510c205b9
000002254c03b8b9
000002254c03c379
000002254c03cb99
000002254f9dcbd9
000002254f9dcc59
000002254f9dcd99
000002254f9dd339
000002254f9de619
00000225974aa819
00000225974af779
00000225a5f96599
00000225a5f96639
00000225a5f96cf9
00000225b4b91e19
00000225e072d7d9
00000226312005f9
000002265c14f299
00000226805bea99
00000226999f1939
00000226ee11bf39
00000226fa1cb419
00000226fa2d4599
0000022746ea34b9
000002275eee2319
000002275eee33b9
00000227770ba0d9
000002279c6b02f9
000002279c6b0ef9
000002279c6b0ff9
0000022801c0fcf9
00000228186ae719
00000228191cf159
000002284fa5edb9
000002284fa5f519
000002284fa65599
000002289e13b159
00000228b9d17bb9
00000228bd40e819
00000228d53e1e39
00000228ddf0edf9
00000228e14fa1d9
0000022926f5adf9
0000022926f5b559
0000022926f5bcd9
0000022928854659
0000022928854839
0000022931bc9cd9
0000022956434bd9
0000022956435339
0000022968f338f9
00000229817767f9
00000229952319f9
0000022995236099
0000022995237119
00000229a1b6c359
0000022a5218d4b9
0000022a5218e219
0000022a5218e739
0000022a5218e7d9
0000022a5218e819
0000022a5218eeb9
0000022a521938f9
0000022a52194959
0000022aabfff859
0000022ab683d8f9
0000022b2e8df499
0000022b2e8dfc19
0000022b2e8e0679
0000022b4561c599
0000022b51dedcd9
0000022b5fa3e7f9
0000022b5fa3f959
0000022b5fa460d9
0000022b6bcd80b9
0000022b6bcdb0d9
0000022b9f60a8b9
0000022ba4a60559
0000022bc662bed9
0000022bc6631619
0000022bcc647e79
0000022bcc649579
0000022bcc649619
0000022bcc649659
0000022bcc649cf9
0000022bcc64a619
0000022bcc64d6b9
0000022bcc64f119
0000022bcc651dd9
0000022bcc653019
0000022bcc657819
0000022be2d64e59
0000022bfaeb4739
0000022bfca211f9
0000022c1626a2f9
0000022c2210dd59
0000022c22112939
0000022c31064239
0000022c56de0e79
0000022ca171f639
0000022cb4f0d839
00000459ae5c7261
0000000000f4b071
0000000000000181
0000022d6db3aad9
0000022d91215359
0000022daba3adf9
0000022dcd8513b9
0000022dcd852359
0000022dcd8534f9
0000022dcd858399
0000022e2782b459
0000022e5e61d479
0000022e775d6f99
0000022e9384fbf9
0000022e9384fc99
0000022e9384fcd9
0000022e93850379
0000022e938515d9
0000022e93856a19
0000022e996b3939
0000022ec3b8b4d9
0000022ec3b8bc99
0000022f1c7e2919
0000022f1c7e5419
0000022f1c7e55d9
0000022f2cf44779
0000022f35ac6859
0000022f5ef13639
0000022fa736bf59
0000022fa736bfd9
0000022fbd085299
0000022fbd085a19
0000022fbd0866f9
0000022fbd086839
0000022fbd086a99
0000022fbd086eb9
0000022fbd086f99
0000022fbd08b119
0000022fbd08b6b9
0000022fbd08c839
0000022fbd0904b9
0000022fcc40e4d9
0000022ffb1ff099
00000230548d6f39
00000230548d7699
00000230548dc4b9
00000230ac425499
00000230ad49f039
00000230ad4a00d9
00000230afe4c799
00000230afe51519
00000230ef472b59
000002311e9f3dd9
000002311e9fac19
0000023144ddc299
0000023144ddd219
0000023144ddd919
000002316d887139
000002316d8878b9
000002319666fdd9
000002319cb3eff9
00000231e2a62979
00000231e2a63c59
00000231f37e7039
00000231f37e77d9
000002323889fb59
000002323889fbd9
000002323889fc19
00000232388a02b9
00000232388a0c79
00000232388a0d99
00000232388a5b39
0000023282a52339
000002328b2f00f9
000002328b2f3c79
00000232c12fcff9
00000232c1369559
00000232c5fb8af9
00000232d5e14259
00000233064357d9
000002330643c3f9
000002331b984ad9
00000233581cccb9
000002335f2b40d9
0000023368f55c59
0000023368f58ef9
00000233bb22d8b9
00000233bb22e859
00000233bb22fa99
00000233bb2301f9
00000233bb231079
00000233bb231ed9
00000233bb237059
00000233bb238d39
00000233bb23c359
00000233f04df759
00000233f3288699
00000233f32902b9
00000233f3291459
0000023400312719
0000023414780f59
00000234309c21f9
0000023495ff3b59
0000023495ff3bf9
0000023495ff42d9
00000234bed54a59
00000234cc87e899
00000234d7b06739
00000234e13b99f9
00000234ff69a0b9
00000234ff69a819
00000234ff69b559
00000234ff69b5f9
00000234ff69b899
00000234ff69bcd9
00000234ff69d199
00000234ff69d9d9
00000234ff6a1c79
0000023518350bd9
0000023540eb4b79
0000023583c919d9
00000235de2da7d9
0000023619104899
0000023619105559
0000046c4ec76161
0000000000f4b071
0000000000000181
0000023627426539
0000023649a786d9
0000023649a78e39
0000023694f38039
0000023695b54d99
0000023695b560f9
0000023695b56199
00000236a52bdef9
00000236a52bdf79
00000236a52bee79
00000236a52c0019
00000236bf977fd9
0000023726f850d9
00000237a86f75f9
00000237b57324f9
00000237f56e9fd9
00000238405d0a79
000002385b89a1d9
000002385b89b5b9
000002389da7c6b9
00000238d26c4a59
00000238d588d099
00000238fcfa0999
00000238fdaa5d99
0000023900a5c3d9
0000023922ff0db9
00000239405b6759
00000239455e57b9
00000239455e66f9
00000239455ec2b9
000002399a900559
00000239d71d5099
00000239d71d67f9
0000023a44cc7ff9
0000023a44cc8f39
0000023a44cc9099
0000023a7379bb99
0000023a911e3a19
0000023a911e8039
0000023a933049d9
0000023adfebc779
0000023adfec3b39
0000023af5b8ca19
0000023af5b8d199
0000023af5b8f279
0000023af5b8f439
0000023af5b8fa19
0000023af5b90499
0000023af5b92db9
0000023afa990759
0000023b2f8f7079
0000023b2f8f77d9
0000023b6d62c2d9
0000023b6d62ca59
0000023b8d2e82f9
0000023b8d2ed619
0000023b9bdab779
0000023bbba44ab9
0000023bc572b0d9
0000023c119874f9
0000023c1dad15b9
0000023c5fa13379
0000023c6b2f9a39
0000023c6b2fa299
0000023c6b2fae19
0000023cc466bb19
0000023cca32c1b9
0000023cca32c259
0000023cca32c919
0000023cca32dd99
0000023cca32fdd9
0000023cfabc10b9
0000023cfabc1159
0000023cfabc1279
0000023cfabc1179
0000023cfabc1819
0000023cfabc2d59
0000023d0dc48db9
0000023d52cb6179
0000023d65ed1e39
0000023d832b8f79
0000023d832b9199
0000023d832c0419
0000023d89d65f59
0000023d9b62bbb9
0000023d9b62d179
0000023db7fc3f19
0000023db7fca139
0000023dc06746f9
0000023dc0674779
0000023de1395f19
0000023de139d199
0000023de139d219
0000023de139d9b9
0000023de1746db9
0000023de174d9d9
0000023e331a7879
0000023e331a78f9
0000023e331a8619
0000023e49aab299
0000023e49aac4b9
0000023e6fc63419
0000023e6fc634b9
0000023e6fc63b99
0000023e6fc69599
0000023e6fc6aef9
0000023e6fc6b659
0000023e6fc6c619
0000023e6fc705d9
0000023e6fc70659
0000023e76d23079
0000023e835b8759
0000023e835b9a39
0000023ed8f81c79
0000023eeb5e4439
0000023f3e5de8f9
0000023f3e5dee59
0000023f3e5dfad9
0000023f5394ab19
0000023f743cb739
0000047eef325161
0000000000f4b071
0000000000000181
0000023f85adf1f9
0000023fb279ddf9
0000023fc50cb199
0000023fdb505c39
0000023fe00d0879
0000023fe00d0a99
0000023ffb5a0e39
0000024012516a19
000002406c3f3a99
0000024091655359
0000024091656459
00000240980b5f79
00000240c10b1cf9
000002410280ec19
0000024168acf059
0000024244735d99
0000024254c637b9
000002425da24019
000002425da24e79
000002425da25319
000002426ec027d9
000002428a6c8659
0000024291c3ed59
00000242cde9d6f9
00000242f67618b9
00000243c48d7a19
00000243c48d8179
00000243e74bce19
0000024441942599
0000024441942619
0000024441942cf9
000002446a98e5d9
000002446a98fc79
000002446a997859
0000024488032899
000002449eeec059
00000244b4ff63d9
000002450aa88a59
000002450aa8e9b9
000002450d897b59
00000245151c35b9
0000024545cb2d99
000002454de9d519
000002454de9e819
000002458865ca59
00000245ee8ee139
00000245ee8ee2f9
0000024603d2b3f9
0000024603d2bb79
000002464dbb7ab9
000002464dbb7c39
000002469bc9dbb9
000002469bc9ec59
00000246de319bf9
00000246f46e0739
00000246f46e07b9
00000246f46e28d9
0000024727380ff9
000002476beaf339
000002476beafab9
00000247929935d9
00000247c57b7d19
00000247cb8ab679
00000247d0268899
00000247e68e2ab9
0000024820aeaab9
00000248220042d9
0000024822005719
000002483efefc99
000002483eff42f9
000002485ccd8ef9
0000024888c45459
000002488de350b9
000002488de35159
00000248b09210d9
00000248b535f599
000004918f9d4061
0000000000f4b071
0000000000000181
00000249080dae99
000002494d542059
000002494d5420f9
000002494d5427b9
000002494d542df9
0000024959c70279
00000249600958f9
0000024972bbadf9
000002498e0531f9
00000249ca7edab9
0000024a00d27179
0000024a20b94ef9
0000024a20b95bb9
0000024a6355a319
0000024a983cecd9
0000024a983d3ff9
0000024ad87bbe19
0000024b16dffe59
0000024b16dffed9
0000024b4f535d99
0000024b4f53d3f9
0000024b4f53d7b9
0000024b5091c5f9
0000024b5e267d99
0000024bad66f7f9
0000024bad670c19
0000024bbe9ae7b9
0000024bdc5990b9
0000024bf4f63c19
0000024bf4f6b999
0000024c38690e99
0000024c99488819
0000024ca9d70b19
0000024d1ef4c499
0000024d28cf31d9
0000024d36a2d2d9
0000024d5ac6add9
0000024d71db7d99
0000024d71db7f19
0000024d71db8fd9
0000024d71dba1b9
0000024dccb4ba59
0000024dccb4baf9
0000024dccb4c1b9
0000024dccb4cbf9
0000024dccb518f9
0000024ddaab7019
0000024e0240b4f9
0000024e0d14b279
0000024e0d14b319
0000024e0d14b459
0000024e0d14b9d9
0000024e0d14c5d9
0000024e0d14cf99
0000024e0d14e199
0000024e0d155cd9
0000024e2b7b6ed9
0000024e7baf6bd9
0000024e8cc9f3f9
0000024e91edeb19
0000024e91edffd9
0000024e91ee17f9
0000024e91ee2e99
0000024e91ee4ad9
0000024e9f4b67f9
0000024eeaa71099
0000024eeaa71139
0000024eeaa71179
0000024eeaa717f9
0000024eeaa7b019
0000024f0c454e99
0000024f1f679139
0000024f25c06539
0000024f25c07439
0000024f406fa1f9
0000024f406fb4b9
0000024f7b094e59
0000024f7f868919
0000024f7f8712f9
0000024f9bdde2b9
0000024f9bddf3d9
0000024f9bde3cd9
0000024fa88983d9
0000024fd8fc49d9
000002500eb60c79
00000250164fd399
00000250164fe3d9
00000250533c2b99
000002508829a6d9
00000250946284f9
0000025097733739
00000250bdad6f99
00000250f1266479
000002513344c159
00000251b8d1c8b9
00000251c9965f39
0000025207498859
0000025211c5ccd9
000004a430082f61
0000000000f4b071
0000000000000181
00000252589e8659
00000252d5878559
00000252e1dadc99
00000253100b7cf9
0000025317200639
00000253289d9d79
00000253731198d9
0000025373119959
000002537311aed9
00000253c66677b9
00000253fc5f2bd9
0000025424bcefb9
0000025431394f79
00000254712f2819
00000254712f2f79
00000254712f5cd9
0000025476f5ce99
0000025476f5cf39
0000025476f5d619
0000025476f5e1f9
000002547f3ae939
000002548a602d19
00000254e1703599
00000254eb3d3459
00000255220e3bb9
00000255330a7399
000002558d522ed9
00000255b57afa99
000002566fd9d8b9
0000025693e44819
0000025693e448b9
0000025693e448f9
0000025693e44f79
0000025693e45859
0000025693e45f19
000002569432a679
000002569432b7b9
00000256a96caf99
00000256a96cb6f9
00000256a96cbfb9
00000256a96cc119
00000256bbbd8719
00000256bbbd8e99
00000256bbbd9839
00000256bbbd9b19
00000256bbbda2d9
00000256c1737c39
000002570966f459
0000025709675b39
0000025711d1fc59
000002571fbda999
00000257263f7ab9
000002572e8099d9
000002572e809a59
000002577d9bd059
0000025795b8f3d9
0000025795b8f619
00000258672e8619
00000258785c3559
0000025906b16779
0000025907c950d9
0000025923539dd9
000002594195ddb9
00000259692b2b59
00000259692b6059
000002599844e059
000002599f82ce19
00000259baecc3f9
00000259baecc499
00000259bd724c99
0000025a3e741459
0000025a671bac99
0000025a6fcc30d9
0000025a74ef24d9
0000025a9edc1e59
0000025aa200b1f9
0000025aa200c759
0000025aa200c7f9
0000025aa200c819
0000025aa200ceb9
0000025ad2907199
0000025afc802ef9
0000025b0c45e899
0000025b0c45fd39
0000025b0c460019
0000025b1a2a4519
0000025b1a2a6a99
0000025b464c94f9
0000025b464cf259
0000025b5c3db639
000004b6d0731f61
0000000000f4b071
0000000000000181
0000025b96baa599
0000025b9dd55e19
0000025b9dd56b39
0000025b9dd56fb9
0000025b9dd5bd39
0000025bac9910d9
0000025bac9912b9
0000025bac991859
0000025bac994ed9
0000025bdd78e1f9
0000025bdd78e3d9
0000025bdd78f399
0000025c2f7837b9
0000025c6f389119
0000025c72971679
0000025c72972f79
0000025c9f1fbd19
0000025c9f1fc499
0000025c9f1fcd19
0000025c9f1fced9
0000025c9f201399
0000025caff28879
0000025cb4f3e0d9
0000025cb4f3e179
0000025cb4f3e859
0000025cb4f3f8b9
0000025cb4f3fb39
0000025cb4f44fd9
0000025ce7d97d19
0000025ce7d997b9
0000025ce7d9a919
0000025ce7d9d5d9
0000025ce7da6d39
0000025ce7da6db9
0000025cfa075119
0000025cfac89e59
0000025cfac8a1d9
0000025cfac8b499
0000025cfac8b7b9
0000025cfb821319
0000025d2ceaf199
0000025d2ceaf219
0000025d2ceaf8f9
0000025d3861d319
0000025da5881599
0000025da5881619
0000025dc26e5e19
0000025e0ac763f9
0000025e0ac773f9
0000025e0ac775f9
0000025e0ac78579
0000025e1a1dbdb9
0000025e4bd0ab79
0000025e52100ff9
0000025ead54e7d9
0000025ecd7748f9
0000025ee25262f9
0000025ee2526399
0000025ee252be59
0000025ee8259c19
0000025f8a939579
0000025fd1083099
0000025fd4c9af79
0000025fd4c9c0b9
0000025fd4c9e6f9
0000025fd7900079
0000025fe52c6ef9
0000025fe52c6f79
0000025fe52c70f9
0000025fe52c9399
000002600ccee779
000002601ac22319
000002601ec8e899
000002601ec8e919
000002601ec8ea19
000002601ec8e959
000002601ec8fed9
000002601ec922b9
0000026025df4619
0000026025df8679
000002603d769759
000002603d769eb9
000002605afcb639
00000260aeef2d79
00000260aeef2e19
00000260aeef34f9
00000260b6b5daf9
00000260d9c2af39
00000260dd56acf9
00000260dd56b479
00000260dd56bfb9
00000260dd56c479
00000260dd56e8b9
00000260dd56f619
00000260dd56fd99
00000260dd5719f9
00000260dd5773b9
00000260f7588719
00000260f7590919
0000026119e34bf9
0000026119e34c99
0000026119e35359
000002613e955cb9
000002615348a999
00000261723717f9
00000261749105d9
000002619079caf9
000002619079dfd9
00000261fedb3a99
000002620cc4f819
000002620f39aa59
000002621db35cb9
000002623603c5d9
0000026268dc6d39
00000262c93f0b19
00000262c93f0b99
00000262c93f1279
00000262dcf02bf9
00000262dd8bc039
0000026320fd9a19
0000026328747379
0000026360912779
0000026360913c19
00000263e32a7779
000002641b14fdb9
000002641b14fe39
000002641b150519
0000026439206ed9
0000026439206f59
0000026439207019
000002646ed06bb9
000004c970de0e61
0000000000f4b071
0000000000000181
00000264f3205899
000002651cf9fd99
0000026528cad2b9
00000265635e0239
000002656e2b6939
000002658901e119
000002659a79fa19
000002659a79fa99
000002659a7a0179
00000265ca5acdb9
00000265d8fb36b9
00000265e84a5399
00000265fb506d79
0000026678a82fd9
0000026680b60959
0000026680b609f9
0000026680b610d9
00000266f023ee59
00000266f0240db9
00000266f0242299
00000266f0242339
00000266f02429f9
00000266f02479f9
00000266f02482b9
00000266f6721d19
00000267a87e2ef9
00000267ad62e839
00000267ad62e9d9
00000267ad630839
00000267c88cb359
00000267c88cbab9
00000267c88cca19
00000267d1e94f99
00000267f38baf59
00000267f5f91759
000002680a91ce39
000002680d0e33f9
00000268369050b9
0000026857c3cbf9
000002686f5afd79
000002686f5b5fb9
0000026886541559
00000268b1bf3739
00000268b49f5459
00000268b49f9079
00000268f57b3639
00000268fa6fb519
00000268fa6fbc79
00000268fa6fc619
00000268fa6fd659
00000268fa6ff539
000002694e9fc9d9
000002694e9fca79
00000269871c38d9
00000269871c6219
00000269b1b14b39
00000269d48eb059
0000026a4e57b199
0000026a6f5c4879
0000026a77dc6fb9
0000026a9b3005d9
0000026a9fe767f9
0000026a9fe77879
0000026a9fe78bd9
0000026a9fe7fd99
0000026adad8beb9
0000026b13cd8439
0000026b448da439
0000026b497e4859
0000026b4b21bc19
0000026b4e0923d9
0000026b4e0925d9
0000026b58ccd319
0000026b5b25e159
0000026b6d4e9d19
0000026b761ec0d9
0000026ba0b32f19
0000026ba0b38f19
0000026ba0b3a2f9
0000026bb7932a79
0000026c1bd6c359
0000026c3b986439
0000026c4fa73519
0000026c5dad57f9
0000026c5f06d419
0000026c5f06d4b9
0000026c5f06db79
0000026c5f06e599
0000026ce76c4819
0000026ce76c4899
0000026ce76c5ed9
0000026ce76cab59
0000026cf3fd0179
0000026cf3fd4919
0000026d070d73f9
0000026d070d82f9
0000026d1b585279
0000026d1b5852f9
0000026d1b5859d9
0000026d1b586599
0000026d5bc7aaf9
0000026d5bc7ed59
0000026d5bc82b19
0000026d5bc83d39
0000026d6c63c359
0000026da9b1b279
000004dc1148fe61
0000000000f4b071
0000000000000181
0000026e097f2c79
0000026e097f3d19
0000026e097f5119
0000026e154fbb19
0000026e454d18f9
0000026e498593d9
0000026e4985e8f9
0000026e677b4a79
0000026e80f6b859
0000026e9ed53ad9
0000026ec13f8499
0000026f024a5bf9
0000026f0458b419
0000026f3b77f0b9
0000026f3e42f759
0000026f3e42f7d9
0000026f8cd28019
0000026f8cd296d9
0000026f8cd2a839
0000026f8cd2a8b9
0000026fc2352619
0000026ff4912719
0000026ff49127b9
0000026ff4912e79
0000026ff49136f9
00000270172cf6f9
000002703f5d79f9
000002703f5d8d79
000002703f5da419
000002703f5da739
0000027079e32639
0000027079e349d9
0000027097799559
00000270977a0039
00000270c3f8e4b9
00000270c3f8e559
00000270c3f8ec39
00000270c3f8f3b9
00000270c3f8f759
00000270c3f8f919
00000270c3f8f939
00000270c3f8ffd9
00000270c3f90b79
00000270c9c11219
000002711e59eed9
000002718ceb6579
00000271c8825459
00000271cdd7dc79
00000271d75ea7b9
00000271e48ce239
00000271e48d0139
00000271f6bf55f9
00000271f6bf5d59
0000027205eae799
0000027205eaeef9
0000027261313839
00000272613139f9
0000027261314e39
0000027268925119
000002726e7a8cf9
0000027281b16cf9
00000272a2443719
00000272a2444739
00000272b0f50ad9
00000272b226c6b9
00000272c9fb3859
00000272c9fb3fd9
00000272c9fb4e39
00000272c9fb6419
00000272c9fb9219
00000272e3963399
00000272edfba219
00000272edfba979
00000272edfbb639
00000272edfc1939
00000272edfc2939
00000272edfc2c59
00000272f6d9e619
0000027307b0be79
000002730db55a59
000002731479afb9
0000027367ea8b39
00000273827cc3b9
00000273827ccb19
00000273827d72f9
00000273827d7a39
00000273827dd359
00000273b603d499
00000273bdadc179
00000273d29cbeb9
00000273e74a4379
00000273e74a53b9
00000273f840b1d9
00000273fa92aff9
00000274125c5399
000002741c8dbfb9
000002741c8dc739
000002741c8dd279
000002742aaf75f9
0000027431c887f9
00000274525c4c59
0000027459ff20f9
0000027459ff3459
0000027460b65e39
000002749bb51259
00000274ca1b8559
00000274ca1bd2d9
00000274ca1bea59
00000274ca1c48d9
00000274d2b43139
000002750536d4b9
000002750fcf16f9
000002755524e239
0000027565fbc539
0000027565fbd2d9
00000275bbd821f9
00000275bbd83cf9
00000275ca475c79
00000275ca475cf9
00000275ca47c559
00000275e615bb99
00000275f3484c19
00000275f3485b59
00000275f9347679
00000275f9347dd9
00000276055eb579
000002760a46d519
000002765e563419
00000276a924cfb9
00000276a924d719
00000276b74ab019
00000276b74ab099
00000276b74adeb9
00000276b74b1319
00000276b74b33d9
00000276ce54e599
00000276ecff53d9
00000276f652f059
00000277020c3b59
0000027728d9c9b9
000002773b0a7019
000002773b0a8659
000002773b0a8db9
000002773b0a9939
0000027746200f59
000004eeb1b3ed61
0000000000f4b071
0000000000000181
0000027770608fb9
00000277dbf89ad9
00000277dbf8ab39
00000277dbf92cf9
000002781693d1f9
0000027817ac4bf9
000002781d790459
000002781d791439
000002781d7914f9
000002781d793119
000002781d7932d9
000002789fd9cc19
00000278db4e12b9
00000278db4e1339
00000278db4e9499
00000279126b6a79
00000279126bcc59
000002792f397699
000002792f39d379
0000027942227939
0000027942227a79
000002795c3a95b9
000002795c3a9779
000002796d09c679
0000027997c26559
0000027997c271d9
00000279b4ee6859
00000279baaf3c39
00000279cbfd5f99
00000279d1885b99
00000279d1887019
00000279e46a2e79
00000279e46ab539
00000279e46b7579
0000027a04008019
0000027a04008099
0000027a0400b659
0000027a0400eff9
0000027a0b42c1b9
0000027a17fbf6f9
0000027a17fbf999
0000027a46542779
0000027a5678f2d9
0000027a98a74659
0000027a9bb40f59
0000027aaca48579
0000027acdb46cd9
0000027ad0add559
0000027ae09f4539
0000027ae09f5959
0000027ae14d8979
0000027afd8f6c59
0000027b332a3e19
0000027b3f418359
0000027b4296cd79
0000027b56ba5f99
0000027b6b4a3379
0000027b9e6b1b79
0000027bcc7c95b9
0000027c76b80b99
0000027c81e80679
0000027c81e80919
0000027c81e80dd9
0000027c81e88619
0000027c81e891b9
0000027c81e8aad9
0000027c886a73b9
0000027cc27348b9
0000027cf7b99679
0000027cf7b99819
0000027cf7b99df9
0000027cf7b9a379
0000027cf7b9ab19
0000027cf7ba1c19
0000027cf7ba30d9
0000027cf7bab8d9
0000027d24dc9319
0000027d373a51b9
0000027d373a9879
0000027d408da1d9
0000027d60671af9
0000027d823a6799
0000027dda44cad9
0000027dda44d259
0000027df44d9dd9
0000027e1163adf9
0000027e24b132f9
0000027e7187af99
0000027e7b006459
0000027e7b0064d9
0000027e7b006bb9
0000027e8ed5f0d9
0000027edf645199
0000027edf645399
0000027eebf936d9
0000027eebf93759
0000027eebf93e39
0000027eebf94cd9
0000027eebf94dd9
0000027eebf96519
0000027eebf97879
0000027eee791619
0000027eee797219
0000027f1a325dd9
0000027f20592099
0000027f20592139
0000027f20592239
0000027f205927f9
0000027f20599d79
0000027f2059a939
0000027f2059fed9
0000027f205a5ad9
0000027f2c07e9f9
0000027f47843259
0000027f47843f79
0000027f9358af19
0000027f9358afb9
0000027f9358b699
0000028003ea1cf9
0000028006e3d7b9
0000028006e3d859
0000028006e3df19
000002801768da99
000002806b109239
000002807d151ab9
000002807d151b39
000002807d151c79
000002807d151b79
000002807d152219
000002807d152ef9
000002807d153af9
00000501521edc61
0000000000f4b071
0000000000000181
00000280ea160b99
00000280ea162019
00000280ebfefc59
00000280f1c467f9
000002817ec96199
0000028192d5e859
00000281966b6f79
00000281a7ce7c79
00000281a7ce7d19
00000281a7ce7d39
00000281a7ce83d9
00000281a7ce9139
00000281b5e53679
00000281cf740a39
00000281cf741cf9
00000281cf7484d9
00000281cf748559
0000028206d4f459
0000028206d50a39
0000028206d50ab9
0000028206d51199
0000028227cf0419
000002826e0abbb9
00000283079a9799
0000028326801539
0000028347a9a3f9
000002837e7797b9
00000283aa658b99
00000283b9e0e199
00000283b9e0e919
00000283eb7bc819
00000283eb7bc8b9
000002840df896b9
0000028417bf3979
0000028417bf4bd9
000002841d98b819
00000284585df419
00000284773a4e79
00000284c41f9599
000002853402bbd9
0000028576908939
0000028585880f59
00000285a981b919
00000285aca79f99
00000285aca7a059
00000285aca7a719
0000028602777b99
000002862a001679
00000286406e7f59
00000286406e86b9
00000286406e90f9
00000286406ecb99
00000286406edfd9
00000286406ef079
0000028641d19dd9
000002864e6bc9f9
000002869a863959
000002869a864c59
000002869c982c59
00000286c7557899
00000286d33250d9
00000286d3325259
00000286dfc0cc59
00000286febce539
000002870d281c19
000002870d281cb9
000002870d282379
000002870d282d99
000002870d287879
00000287313ecdd9
000002875f0dacb9
000002875f0dbef9
00000287887aa1f9
00000287ca08d699
00000287ca08ea99
00000287fd397e59
000002882c3e6e39
00000288590abbb9
00000288590abd19
00000288590afad9
0000028868f50b79
00000288d8f8bfb9
00000288d8f8c719
00000288d8f936d9
00000289338fd4b9
000002894cb3ab79
0000028994a88e39
0000028999ead739
00000513f289cc61
0000000000f4b071
0000000000000181
0000028a18374239
0000028a27af1019
0000028a843cd079
0000028a8e8289d9
0000028ad57ef279
0000028ad57ef2f9
0000028ad57ef9d9
0000028ad57f1e39
0000028ad57f36f9
0000028af3acb419
0000028b0a679499
0000028b0c84d639
0000028b5ce15059
0000028b6d8dd9d9
0000028b950fe2b9
0000028b9ff68219
0000028ba7298d59
0000028bef3fcf39
0000028c2a756499
0000028ca118ab39
0000028ca118b459
0000028ce8ecd699
0000028d02fe60d9
0000028d02fe62b9
0000028d30c21219
0000028d56535bf9
0000028d71278d59
0000028d71282c39
0000028dfadf57f9
0000028e678aa679
0000028e678ab319
0000028e678ab8d9
0000028e678ad139
0000028e678b0979
0000028e678b4899
0000028e8eada999
0000028ea1398239
0000028eaa828a99
0000028ee09b3679
0000028f3aba4d59
0000028f3aba4dd9
0000028f53857839
0000028f5385cd39
0000028f5385e2d9
0000028f5385e419
0000028f5385f959
0000028f5b30a819
0000028f5b30a899
0000028f5b30a8d9
0000028f5b30af79
0000028f5b30b8b9
0000028f5d0513d9
0000028f8d406739
0000028f9989caf9
0000028f9989d6f9
0000028f9e4af119
0000028fa260a9d9
0000028fa260aa79
0000028fa260b159
0000028fa26122d9
0000028faedc2a99
0000028fffa64899
0000029018d8e0b9
000002903229f5f9
00000290322a0539
00000290322a05d9
00000290322a0619
00000290322a0cb9
00000290322a16b9
00000290322a1879
00000290322a2019
00000290322a2ff9
000002903ddfaff9
000002907fd70d79
00000290807b3c99
00000290967a9b19
00000290c58cb3d9
00000290d66f5dd9
00000290d66fa8f9
000002910f133119
000002910f1331b9
000002910f1331d9
000002910f133879
000002913f7c9459
00000291488a3e79
00000291e6a1d3f9
00000291e6a1d479
00000291e6a1db59
00000291e6a1f299
00000291e6a28a99
00000291edfb2839
00000291edfb6999
00000291edfb6d59
0000029202cca0b9
0000029275a87159
00000292b7baf5d9
00000292b7bb0399
00000292bc5ef039
00000292c2320239
00000292c23202b9
00000292f9f5ac59
00000293059c84d9
00000293059cbb99
00000293059cbe59
00000293070f0599
00000293070f0d19
00000293070f13f9
00000293070f6a39
00000293070f9859
0000029315497d19
0000052692f4bb61
0000000000f4b071
0000000000000181
0000029371bc0139
0000029371bc08b9
0000029371bc3a79
000002939dc36799
00000293a232d319
00000293e83678b9
00000293f9e55ad9
00000293f9e595d9
0000029457cef639
000002946e522479
00000294e55822b9
00000294e55824b9
00000294e5582539
00000294e5582a39
00000294e5582c19
00000294e5585f59
00000294efaa6659
00000294efaa6db9
00000294efaa8019
00000294efaa9a39
00000294efaa9bf9
00000294f32122b9
00000295018900f9
0000029501891eb9
000002951cb578f9
0000029521e757d9
00000295319d6fb9
00000295319d7719
00000295319d8499
00000295319e0439
0000029550838299
000002956f537599
000002956f538bb9
00000295b3f73b99
00000295b3f73c19
00000295b3f74999
00000295b3f74a99
00000295b3f74e39
00000295bb6bc579
00000295ca045719
00000295efb8bbd9
00000295efb8c339
000002961f36da59
000002961f3730f9
000002961f373179
00000296366088f9
0000029636609899
000002963660a0b9
000002963660a8f9
000002963660ea19
000002963660ea99
000002963660ebd9
000002963660f4f9
0000029636610899
0000029651bdcc19
0000029651bdd379
00000296606773d9
000002966b577559
000002966b578759
000002966b579699
000002966b579859
0000029687b784d9
0000029687f37799
00000296c869ddf9
00000296c869de79
00000296c869e559
00000296c869f5b9
00000296ca9aa219
00000296ca9aa979
00000296ca9ab319
00000296ca9ab439
00000296ca9ab679
00000296ca9ad0d9
00000296ca9af359
00000296f6c239f9
00000297220319d9
00000297373c2139
0000029745f65d99
0000029745f68b79
0000029788762f19
000002980e24fbb9
0000029840753ff9
000002984b565af9
000002985cdf1999
0000029899b40419
00000298e8f9e7d9
00000298fd46ab39
000002990dc8ecb9
00000299378be939
000002998df24d99
000002998df25519
00000299962e39f9
00000299c6ea8619
00000299cbefe5b9
00000299cbf04e19
00000299d08c4099
00000299db929f39
00000299db92ba79
00000299db930e19
00000299dbb7b139
00000299ef1ff419
0000029a13ac3ff9
0000029a13ac4099
0000029a13ac4759
0000029a13ac53d9
0000029a1758c039
0000029a1bf7b759
0000029a1bf7b7f9
0000029a1bf7beb9
0000029a1bf7c139
0000029a1bf7c779
0000029a1bf7cc79
0000029a6fcd9bd9
0000029a82d8d8b9
0000029ae68c0919
0000029b0678d4b9
0000029b1a904439
0000029b24ac3b79
0000029b2812fc59
0000029b28131099
0000029b281372d9
0000029b432e6e39
0000029b7a08cbf9
0000029b84513579
0000029bca2c9d79
0000029bd5e44919
0000029bd5e44999
0000029bd5e45b39
0000029bdbd12619
0000029bddd156b9
0000029bddd168b9
0000029c1b972f99
0000029c4ca20499
0000029c4ca21659
0000029c50f6f1d9
0000029c6489d079
0000029c6489d219
0000029c6489e8b9
00000539335fab61
0000000000f4b071
0000000000000181
0000029ca8f27e99
0000029ca8f27f39
0000029ca8f285f9
0000029ca8f29e19
0000029d23f734f9
0000029d418ac839
0000029d418ad939
0000029d418ada39
0000029d55bb1699
0000029d7cc49799
0000029d84942e59
0000029d850fe2b9
0000029d8747c879
0000029d8de8ec99
0000029ddf83ccd9
0000029ddf83d439
0000029e443aaa59
0000029ed298f5f9
0000029f1cd0fa79
0000029f975da6b9
0000029f975dc7b9
0000029f975dcdf9
0000029f975e19b9
0000029fab608ab9
0000029faca35a59
0000029faca361b9
0000029fd4362059
0000029fe88e7db9
0000029ff64be759
000002a01cfab319
000002a01cfaba79
000002a0547b42b9
000002a092e32a39
000002a092e33d79
000002a092e33e39
000002a092e344f9
000002a092e351d9
000002a10a5eebd9
000002a14c3724d9
000002a158dc6239
000002a158dc62b9
000002a158dcd9b9
000002a16a643fb9
000002a16a73aeb9
000002a180f9d259
000002a180f9d9b9
000002a180f9e119
000002a1a149f659
000002a1a6f508b9
000002a20c6b3ab9
000002a20c6b4219
000002a2134e9e39
000002a227135619
000002a22e042259
000002a23d62a959
000002a23d62b899
000002a23d62bdd9
000002a25d8dbcf9
000002a25d8dd2d9
000002a287d4a659
000002a2a39767f9
000002a2a3976f39
000002a2ba689379
000002a2f7ecded9
000002a30b758bd9
000002a317798079
000002a33de0f0f9
000002a33de0f859
000002a33de10519
000002a33de10d59
000002a33de13019
000002a34558f6b9
000002a35830d599
000002a391b5ca59
000002a3ab6671d9
000002a3ab6672b9
000002a3cfdf0059
000002a4058e5e99
000002a4058e6039
000002a4058e6c19
000002a4523aad39
000002a4523ab539
000002a4523abc99
000002a4523ac499
000002a4523b17d9
000002a4523b2779
000002a4523b3099
000002a47ad3f539
000002a47ad3f5b9
000002a47ad45a59
000002a47ad48bb9
000002a47ad4dab9
000002a47e140fd9
000002a48b2723d9
000002a48b278ab9
000002a490c751d9
000002a4b0844179
000002a4b0844ff9
000002a4b084acb9
000002a4d4ea4579
000002a4d4ea55b9
000002a4e54a9bf9
000002a518893cb9
000002a53c2f3c99
000002a53c531339
000002a53c531a99
000002a53c535a79
000002a53c5361f9
000002a53c539af9
000002a53c53ba99
000002a53c541f39
000002a53c546ab9
000002a59e351ed9
000002a59e353139
000002a59e35a399
000002a5ab9d6f39
000002a5e8095a19
0000054bd3ca9b61
0000000000f4b071
0000000000000181
000002a6012123d9
000002a601213159
000002a6012138b9
000002a6012143f9
000002a6012155b9
000002a60121acd9
000002a6025e5999
000002a60ac34939
000002a60ac350b9
000002a647cc5999
000002a6a5c1f859
000002a6d7eb42d9
000002a7283fcb19
000002a73e1c3819
000002a73e1c4679
000002a770835c79
000002a772fc7b79
000002a789bf6859
000002a789bf68f9
000002a789bf6fd9
000002a789bfb7f9
000002a789bfd179
000002a796e1cf99
000002a7a0f13579
000002a7b52b60f9
000002a7b9f8cf79
000002a7c2a35359
000002a7c2a35ad9
000002a7c2a365f9
000002a7d1bd6d59
000002a7e2fc8c79
000002a7e2fc9bf9
000002a7e5aed1d9
000002a7e5aed3d9
000002a7e5aed959
000002a7ff2b20b9
000002a7ff2b2159
000002a83e16df99
000002a88301df19
000002a8830202f9
000002a883020cb9
000002a883021359
000002a8830213f9
000002a883022079
000002a893135bd9
000002a8f39f2079
000002a8f39f2259
000002a8f39f31f9
000002a8f39f9059
000002a8f39f90f9
000002a8f39fdfb9
000002a8f943f739
000002a8f94422b9
000002a8f9442359
000002a8f9442399
000002a8f9442a39
000002a8f9448b39
000002a8fc36ae79
000002a90b981599
000002a94b4e1559
000002a9662500d9
000002a966250159
000002a98bf37019
000002a98bf37ef9
000002a9a52d6059
000002a9b61b9b79
000002a9d3a2fbf9
000002a9d3a30b19
000002a9f224edd9
000002aa4b6c6cb9
000002aacef3be19
000002aad9fd90b9
000002aad9fd9819
000002aad9fda8b9
000002aad9fde5f9
000002aad9fdecb9
000002aad9fdf599
000002aae49d57d9
000002aae49d5939
000002ab12b79439
000002ab19c04f59
000002ab19c04ff9
000002ab19c056b9
000002ab19c06ab9
000002ab19c0fe99
000002ab238e94b9
000002ab238e9539
000002ab44333bb9
000002ab59804b99
000002ab59805d79
000002ab59805df9
000002ab59806ad9
000002ab5980bcd9
000002ab5980fdd9
000002ab598110f9
000002ac2a181f19
000002ac3db91c59
000002ac3db935f9
000002ac3db98879
000002acb99892b9
000002acb9989359
000002acb9989a19
000002acb998fe59
000002acc18f68d9
000002acc18f6a59
000002accc78baf9
000002accc78bb99
000002accc78c279
000002ad13070f99
000002ad130716f9
000002ad13072659
000002ad13072779
000002ad13072ed9
000002ad13075399
000002ad13079cd9
000002ad1307b059
000002ad2ccfe139
000002ad4e467b19
000002ad63c98db9
000002ad8e1f2e39
000002ad8e1f35b9
000002ad8e1f92f9
000002addd475fd9
000002ae04185bf9
000002ae45cbf139
000002ae55ed33b9
000002ae55ed3439
000002ae64d3c9f9
000002ae6f0e6939
000002ae73637179
000002ae8ffdd419
0000055e74358a61
0000000000f4b071
0000000000000181
000002af81f36b39
000002af81f37819
000002af81f3faf9
000002af83fdd219
000002af84b45519
000002af84b46759
000002af911aeef9
000002af911b0079
000002af911b2f59
000002b096a30019
000002b0cc996159
000002b0e16bf3b9
000002b0f8d0f799
000002b15c2ccfd9
000002b15f785ab9
000002b15f785bf9
000002b190c02779
000002b1aec07619
000002b1b6be69b9
000002b1bf241f99
000002b1bf248bb9
000002b1c2e6ce19
000002b1d8230179
000002b1f9d70539
000002b281966fd9
000002b29a607539
000002b2dc3f4019
000002b2dc3f5239
000002b2e53a5899
000002b2ee114619
000002b2fae37a19
000002b3106119d9
000002b31717b319
000002b33bea4bf9
000002b33bea5359
000002b3423f58b9
000002b354585419
000002b3932ac1b9
000002b39a1adb79
000002b40929ef79
000002b4092a4299
000002b443676279
000002b444953eb9
000002b444953f39
000002b444954419
000002b444954619
000002b444954e99
000002b4449561d9
000002b444959179
000002b452348279
000002b460d12999
000002b4a9c066d9
000002b4d068d8d9
000002b4d1523959
000002b537801c99
000002b550cd9bb9
000002b55cfa9cd9
000002b575eb8019
000002b5842ff0d9
000002b5883791d9
000002b5f9096c99
000002b6228f3059
000002b64b9c9d99
000002b67b9c1ed9
000002b68aa80159
000002b68aa801f9
000002b68aa810f9
000002b6962e22f9
000002b6c47878f9
000002b6c4787999
000002b6c4787ab9
000002b6c4788059
000002b6c4788c59
000002b6c478a259
000002b6cbea3179
000002b6ce54b899
000002b725e2f1b9
000002b725e30259
000002b725e37d39
000002b725e37db9
000002b725e384b9
000002b725e3ba79
000002b725e3e4b9
000002b7587f67d9
000002b76378d899
000002b7e5ba8119
000002b8008d3d59
000002b8008d44b9
000002b8008d4fd9
000002b80fbd09b9
000002b820c11799
000002b820c11819
000002b820c11ef9
000002b820c136b9
000002b820c14659
000002b83d348a39
000002b86eef64f9
000002b87aae5a79
0000057114a07a61
0000000000f4b071
0000000000000181
000002b88a062379
000002b88a0623f9
000002b88a062ad9
000002b88bfde739
000002b88bfdf659
000002b8a5f35599
000002b8a5f35619
000002b8a5f35659
000002b8a5f35cf9
000002b8a5f36679
000002b8a5f36739
000002b8b4923d39
000002b8b492bb79
000002b8b492cbf9
000002b8b492dc39
000002b8d2fa80d9
000002b8ef071359
000002b8f31afc59
000002b9297bb339
000002b93f568ad9
000002b93f56a019
000002b95d681b99
000002b95d6832b9
000002b96551ad59
000002b96551aef9
000002b9655230d9
000002b9655232b9
000002b96d356a19
000002b9ad25c5f9
000002b9d7eae199
000002b9f56f5e79
000002ba09e36df9
000002ba09e36e79
000002ba09e37559
000002ba09e38259
000002ba09e3e659
000002ba320ffcd9
000002bab6b1cdd9
000002bab6b1ce79
000002bab6b1d539
000002bab81e9d59
000002bab81eb179
000002bab81ec4b9
000002bab81ec6f9
000002bab81ed5d9
000002bab81ed999
000002bab81eda39
000002bab81edb59
000002bab81eda79
000002bab81ee0f9
000002bab81eebf9
000002bab81eed39
000002bab81f3ed9
000002babfef93d9
000002bae1eb7459
000002bae1eb8179
000002bae1eb9119
000002bae1eb91b9
000002bae1eb9899
000002bae1ebafb9
000002bb265cd1b9
000002bb265cf779
000002bb265cfbb9
000002bb265d2df9
000002bb412128b9
000002bb72369a19
000002bb72369a99
000002bbb5d307b9
000002bc02e82f39
000002bc0a6594d9
000002bc64009639
000002bc64009d99
000002bc6400a779
000002bc6400b519
000002bc7683e899
000002bc8bbe45f9
000002bc900f2079
000002bc900f27d9
000002bcc3d7bd99
000002bcd16762d9
000002bcd1676379
000002bcd1676499
000002bcd1676a39
000002bcd167c5d9
000002bcd167deb9
000002bcd51fe319
000002bcec143799
000002bcf9ed7e19
000002bd2e489499
000002bd2e490699
000002bd64405219
000002bd64406659
000002bd6440cb39
000002bd6440ec19
000002bd6440f199
000002bd6440f839
000002bd6440f999
000002bd64410a59
000002bd8374bb59
000002bd98e97a19
000002bdaea32af9
000002bdccaa5339
000002bdccaaabd9
000002bdccaaae19
000002bdccaab239
000002be22447cf9
000002be257963b9
000002be257973f9
000002bed4ca6a99
000002bed4ca7cb9
000002befa796479
000002bf311e2fb9
000002bf311e41d9
000002bf3500e159
000002bf3500e1d9
000002bf980cd419
000002bfbb0f5d99
000002c010637699
000002c035d1f379
000002c038575db9
000002c05eced119
000002c0823d9419
000002c0e3c4b959
000002c0e3c4c2b9
000002c0fb2d3219
000002c1078d7099
000002c11fc98179
000002c11fc98219
000002c11fc988d9
000002c11fc99379
000002c11fc997b9
000002c11fc99959
000002c11fc9bdd9
000002c11fc9d859
000002c11fc9dad9
000002c11fca0eb9
000002c1203ccff9
000002c13c7a0139
000002c1651804d9
000002c165181419
000002c193e83439
000002c1c5e34c19
000002c1c5e36039
000002c1c5e36799
000002c1c5e37299
00000583b50b6961
0000000000f4b071
0000000000000181
000002c1e2581439
000002c2144e8359
000002c2456e46d9
000002c2456e5619
000002c2456e5ab9
000002c270b46f79
000002c27229e4d9
000002c27229f299
000002c2722a3e59
000002c28917bd39
000002c28917bdd9
000002c28917c499
000002c298293b99
000002c2a3956779
000002c2a3957c79
000002c2a3959019
000002c331a05a39
000002c332590f39
000002c37af44f59
000002c3a7bb2a99
000002c3db5a1959
000002c4362a0b39
000002c43f48dc79
000002c45ca36c99
000002c464e5f439
000002c487ce89b9
000002c4a44f5f39
000002c4bec727d9
000002c4c4c93739
000002c4c4c93fd9
000002c4f422acd9
000002c52916ccd9
000002c529176139
000002c539e98239
000002c55cfe99f9
000002c56d7a5419
000002c56d7a6339
000002c592bb35f9
000002c5eaaae079
000002c653dfb319
000002c653dfba99
000002c653dfc779
000002c653dfc819
000002c653dfced9
000002c653dfd6f9
000002c653dfdd59
000002c653e00139
000002c653e01d99
000002c653e02ff9
000002c653e08e19
000002c6560a0499
000002c67e7dbb99
000002c6a9284759
000002c6a92847f9
000002c6a9284af9
000002c6a9284eb9
000002c6a928b639
000002c6e8cf1259
000002c6e8cf19d9
000002c6e8cf2439
000002c6e8cf2559
000002c6e8cf4959
000002c6e8cf60d9
000002c6e8cfbeb9
000002c73b463ef9
000002c73b4653d9
000002c7479a8fd9
000002c7479aa7d9
000002c7479ab859
000002c75c61a979
000002c76a0ceaf9
000002c77daa05b9
000002c77fb3b639
000002c77fb3b699
000002c7803bfcd9
000002c78385d059
000002c7f7edc1d9
000002c7f7edc3f9
000002c7f7edc959
000002c7f7edcf59
000002c7f7ee17d9
000002c7f7ee19d9
000002c7f7ee3f19
000002c7f7ee72f9
000002c7f7eee339
000002c81ca28f19
000002c8842ca5b9
000002c8842cb939
000002c8842cb9b9
000002c896ba01d9
000002c89ac4def9
000002c89ac4e679
000002c89ac521d9
000002c89d315039
000002c89d3150b9
000002c8a2234d59
000002c8a657e179
000002c92e700a39
000002c96be9d7b9
000002c9a34f4359
000002c9d15bbe59
000002ca8a615539
000002cad0c90739
000002cad0c90919
000002cad0c91af9
000002cad0c930d9
000002caed6d7f59
000002caed6d86b9
0000059655765961
0000000000f4b071
0000000000000181
000002cb54465c59
000002cb6507a1d9
000002cb8f584159
000002cb8f584319
000002cb8f5848b9
000002cb8f585179
000002cb8f5851f9
000002cb8f5858d9
000002cb8f5886d9
000002cba0a29cf9
000002cbb94e3cd9
000002cbb94e4419
000002cc23b43819
000002cc23b43f79
000002cc23b44739
000002cc677b8819
000002cc677baed9
000002cc6c0b95f9
000002cc720d4c19
000002cc720d4c99
000002cc83a9cb59
000002cc9f98a339
000002cc9faa1c59
000002cc9faa1cd9
000002cca6eae4f9
000002cccdb785b9
000002ccee67c8b9
000002ccf7fb2c99
000002ccf7fb4119
000002cd19723119
000002cd1d910d39
000002cd3c138f99
000002cd446f9c79
000002cd54447099
000002cd62c4e619
000002cd6cf28d59
000002cd72b36d99
000002cd72b38ff9
000002cd78909319
000002cd78909a79
000002cd7890a339
000002cd7890f679
000002cd8cecf359
000002cdc079a899
000002cdc7ce5019
000002cde0c15279
000002cde0c159b9
000002cde0c167f9
000002cde0c1af59
000002cde6441af9
000002cde6442db9
000002cde64432d9
000002ce15713d19
000002ce968a5fd9
000002ce981dd959
000002ce9d57a399
000002ceb80f9ed9
000002cec06351f9
000002cec0635279
000002cec0635959
000002cec0636119
000002cec1f86339
000002cee0c33479
000002cee0c33619
000002cf5e45a4b9
000002cf5e45a539
000002cf5e45ac19
000002cf5e45ba19
000002d004885f39
000002d0543ed4d9
000002d0543f3339
000002d0772e1f59
000002d0dc8d4e59
000002d0e4df9519
000002d11b5443d9
000002d15894f479
000002d185eed219
000002d1fc153cb9
000002d1fc154df9
000002d1fc15a379
000002d203c626b9
000002d2253cdc39
000002d2253d2339
000002d2253d9179
000002d2253d9339
000002d23fab6559
000002d23fab66d9
000002d23fab6e59
000002d23fab9bf9
000002d23fabd3b9
000002d29899b879
000002d29899ba39
000002d29899bad9
000002d29899bc19
000002d29899c1b9
000002d29899d0d9
000002d29899fc19
000002d2aab8ed39
000002d33719dc79
000002d351c15e19
000002d351c15ff9
000002d4092d1d19
000002d40bd7aeb9
000002d40bd7bf19
000002d443bc2d19
000005a8f5e14961
0000000000f4b071
0000000000000181
000002d48a898e19
000002d48a898e99
000002d48a899fb9
000002d529bbb0d9
000002d54617af19
000002d577c749d9
000002d58d5439d9
000002d58d548e99
000002d594a8dad9
000002d594a915d9
000002d5d5ca55f9
000002d5df0a5299
000002d5df911e39
000002d5df9125b9
000002d5df913639
000002d5df913bb9
000002d5df913f39
000002d5df916019
000002d5df918cd9
000002d5df919019
000002d5f4a26879
000002d5f4a276d9
000002d601bd2439
000002d624f15439
000002d6307b35d9
000002d6307b4759
000002d651f9cef9
000002d651f9d679
000002d67ad02d19
000002d68943a299
000002d69307ea59
000002d6c7c6c3f9
000002d6c7c6d679
000002d6c7c6d779
000002d71ea9b119
000002d724e5b079
000002d73b53df99
000002d767085d19
000002d7e3c44eb9
000002d82c2b5f99
000002d82c2b7999
000002d82c2b8b59
000002d82fb636f9
000002d86ef9e399
000002d8a45f0999
000002d8a45f1ab9
000002d8a6b27b59
000002d8a6b27d19
000002d8a6b2c0f9
000002d8a6b2c299
000002d94cabaa39
000002d95dab1279
000002d95e5f2039
000002d9a2e69499
000002d9a8c39219
000002d9c97a0fb9
000002da04462159
000002da044628b9
000002da044631f9
000002da33ca45b9
000002da33ca47d9
000002da33ca4d39
000002da33ca5519
000002da33ca55b9
000002da33ca58b9
000002da33ca5b99
000002da33ca68b9
000002da33ca7bb9
000002da33ca81d9
000002da33ca9e39
000002da33cadcd9
000002da33caeff9
000002da351237d9
000002da6c501cf9
000002da6c502479
000002da6c503759
000002da6c507bb9
000002da788122f9
000002da90005799
000002da92f7e5d9
000002da9cc9f1f9
000002db3a064059
000002db3a065079
000002db3a065199
000002db3a066259
000002db3a0662f9
000002db3d8a7399
000002db84d78479
000002db93c35d19
000002db93c36479
000002db93c36fd9
000002db93c37379
000002db93c3af39
000002db99358459
000002db9ca15b39
000002dc15a012f9
000002dc3b8de459
000002dc7f6f83f9
000002dc849b9759
000002dc849ba0f9
000002dc9e4ddf79
000002dca8ffa019
000002dcefdc1e59
000002dd05075d79
000002dd15ae4f79
000002dd15ae50b9
000002dd15ae7239
000002dd15ae73d9
000002dd4b4dd6b9
000002dd56d51099
000002dd696ea719
000002dd8bb983f9
000002ddc6670879
000002ddc6671899
000005bb964c3861
0000000000f4b071
0000000000000181
000002de0f04ccd9
000002de32fe55d9
000002de39e67e99
000002de409536b9
000002de756d2e59
000002de841edfb9
000002dec8f3d1b9
000002df29ffce39
000002df29ffd599
000002df29ffe119
000002df332070d9
000002df3320e199
000002df61886019
000002df93f31359
000002df9af3fe39
000002dfa6a66979
000002dfa6a670d9
000002dfa6a6a1f9
000002dfd86e6fd9
000002dfde427f19
000002dfe3fae019
000002dfe3faf2d9
000002dfe3fb5f19
000002e036329a19
000002e080414c39
000002e080414cd9
000002e080415399
000002e080415ff9
000002e0ef219879
000002e0f8cee7f9
000002e143967b79
000002e143967bf9
000002e15039d879
000002e15039dfd9
000002e15039e939
000002e1503a4c19
000002e1b0dc91f9
000002e1cebe4bb9
000002e1cebebdb9
000002e1e8683499
000002e1f0922859
000002e1f0922fb9
000002e1f0923739
000002e1f8695739
000002e24347adf9
000002e24347b559
000002e24347c239
000002e249d4d159
000002e249d4d8d9
000002e249d4e1b9
000002e24bb2e599
000002e24c53bcb9
000002e24c53c439
000002e2bbbea3f9
000002e2bbbeb519
000002e2bbbeff39
000002e2bbbf0579
000002e333711e39
000002e333711eb9
000002e333712599
000002e333713599
000002e35be66bf9
000002e35be66e19
000002e372bad919
000002e3e00f2fb9
000002e3e00f3059
000002e3e00f3079
000002e3e00f40b9
000002e3e00f4b39
000002e3e00f50f9
000002e3f5da7519
000002e3f5da7599
000002e40f547b19
000002e45b522059
000002e45b5221f9
000002e45b526b19
000002e45c4fff59
000002e45c501879
000002e45c502799
000002e45c508239
000002e481597af9
000002e4815982b9
000002e485c86c39
000002e485c877b9
000002e4f543ea39
000002e4f550b8f9
000002e4fb35a819
000002e534078979
000002e534078a19
000002e5340790d9
000002e534079b79
000002e534079c99
000002e53720bef9
000002e569ed0099
000002e575593fd9
000002e575594079
000002e575594739
000002e575595059
000002e583d47679
000002e583d47719
000002e583d47859
000002e583d47df9
000002e583d48739
000002e583d48859
000002e58a8dd739
000002e58a8dfdb9
000002e60b8202d9
000002e61c90bcb9
000002e64e62f039
000002e64e62f0b9
000002e64e636bf9
000002e65c383439
000002e6802aec39
000002e6d20a32b9
000002e6d6c72f19
000005ce36b72861
0000000000f4b071
0000000000000181
000002e78ee02f39
000002e78ee03699
000002e7bbfd30d9
000002e7bcc4ef39
000002e7e285f139
000002e7fd5592f9
000002e83bf79db9
000002e86262b999
000002e86262c0f9
000002e86262c819
000002e86262c979
000002e8900b8d79
000002e8934ee539
000002e90c4273b9
000002e90c427459
000002e90c427b19
000002e90c428679
000002e90c4292f9
000002e90c42a299
000002e90c42de59
000002e91dbf9d59
000002e92b5398d9
000002e92b539979
000002e92b5399b9
000002e92b53a039
000002e92b53aa39
000002e92b53ae39
000002e9378b63f9
000002e93cd293f9
000002e93cd2e699
000002e9587b4319
000002e9587b4a79
000002e9587ba259
000002e95ca22539
000002e95ca237f9
000002e95ca23a39
000002e95ca23b59
000002e95ebfab19
000002e9690156d9
000002e969016c79
000002e96901cd39
000002e9c472aa59
000002e9db03db19
000002e9db03db99
000002e9db03e279
000002e9eb0780f9
000002ea293b0e39
000002ea487559b9
000002ea4d170e99
000002ea511c4f19
000002ea511c62b9
000002ea625142b9
000002ea7438e799
000002ea74396779
000002ea74397d39
000002ea74398d99
000002ea88d1e5f9
000002eb43f560f9
000002eb43f57359
000002eb58ac04f9
000002eb6c434719
000002eb83db88f9
000002eb94ed8999
000002eb98beff39
000002eb98beffd9
000002eb98bf06b9
000002eb98bf0f79
000002eb9c869319
000002eb9c869a59
000002eb9c86a659
000002eb9c86b139
000002ec1bcb5499
000002ec1bcb5c19
000002ec7a10cf79
000002ecccba10d9
000002ed37c4a3b9
000002ed37c4b799
000002ed3b4d3599
000002ed4d3a1f19
000002ed5ef3b1f9
000002ed79ca3cb9
000002ed7faa0459
000002ed7faa5099
000002edee88fb59
000002edf1ad18f9
000002ee16257eb9
000002ee16258fb9
000002ee16259119
000002ee1625a5f9
000002ee9c80f9b9
000002ee9c80fa39
000002eea7df3b19
000002eefe2e7a19
000002ef3aea0359
000002ef53b77a79
000002efa35391b9
000002efd8275099
000002effafd2e39
000002f04f48e719
000005e0d7221861
0000000000f4b071
0000000000000181
000002f09f4724f9
000002f0b5401a59
000002f0cd4e95f9
000002f0ed1028d9
000002f0fd9374f9
000002f0fd938e59
000002f0fd93a079
000002f0fd93a5d9
000002f0fd93f459
000002f137378359
000002f14d12bcb9
000002f14f4a69b9
000002f1904ac799
000002f19e9354d9
000002f19e935c39
000002f19e9365f9
000002f1a5409e39
000002f1a5409ed9
000002f1a540a5b9
000002f1a540ac59
000002f1a540ae19
000002f1a540b039
000002f1a540c1f9
000002f1b573c419
000002f1de49ded9
000002f1de4a50f9
000002f1e1594d39
000002f1e817b5d9
000002f221946539
000002f24a1f0c39
000002f28dde3839
000002f29a56c019
000002f29a56c099
000002f29a56c779
000002f29a56cf79
000002f29a5718d9
000002f29f797659
000002f29f797819
000002f2b930fb99
000002f2d7b8b139
000002f309954779
000002f309954ed9
000002f3196f6919
000002f38e7a7fd9
000002f3a0434d39
000002f3a043c499
000002f3a2125e39
000002f40eeeefd9
000002f43337c659
000002f433380639
000002f4333807b9
000002f44ebfebd9
000002f457eb9a79
000002f464d2bd99
000002f4c3ffe4b9
000002f4c6c04179
000002f4fe912359
000002f4fe912659
000002f4fe912c99
000002f4fe91ab99
000002f54c46a5d9
000002f54c46a659
000002f54c46ad39
000002f56ab8ab99
000002f56ab8ac39
000002f56ab8ac79
000002f56ab8b319
000002f56ab8ba39
000002f56ab8ce59
000002f59554f219
000002f5a6e14eb9
000002f5a76214d9
000002f69733f659
000002f69733f6d9
000002f69733fdb9
000002f697340e39
000002f697343f79
000002f6f03dcd79
000002f6f03dce19
000002f6f03dce59
000002f6f03dd4f9
000002f705e10839
000002f714442c39
000002f714442c99
000002f72d7bd499
000002f72d7be3b9
000002f7a78f37b9
000002f7a78f8df9
000002f807317779
000002f8328f1c79
000002f864ef5179
000002f865ec5f59
000002f865ec5ff9
000002f865ec6039
000002f865ec66d9
000002f89093a3b9
000002f8d30c7d39
000002f8f8080e19
000002f8f8081019
000002f8f80810b9
000002f8f80810f9
000002f8f8081579
000002f8f8081799
000002f8f80821d9
000002f932542f19
000002f932543fd9
000002f932544279
000002f932544439
000002f992157af9
000002f99215c879
000002f992162fd9
000002f9921696b9
000005f3778d0861
0000000000f4b071
0000000000000181
000002fa2b045239
000002fa3364ec59
000002fa4b3da239
000002fa4b3da9b9
000002fa4b3db759
000002fa565a7f79
000002fb25f33079
000002fb31e72999
000002fb4fc7a539
000002fb55424159
000002fb554248b9
000002fb5542c159
000002fb5595d1f9
000002fb5595d899
000002fb80f68259
000002fb80f682f9
000002fb80f689b9
000002fb90f3b7b9
000002fba83d2919
000002fbb23aa299
000002fbf155fd39
000002fbf1560499
000002fbf1561979
000002fbf1561b19
000002fc2f212619
000002fc50c95b99
000002fca2414ff9
000002fcbc0f1b79
000002fcd08a91d9
000002fcd08ade59
000002fcfafe7859
000002fcfafe7fb9
000002fcfafe98b9
000002fcfafeaf59
000002fcfafeeb39
000002fd0455b4b9
000002fd0455bc19
000002fd11864c79
000002fd11864d19
000002fd118653d9
000002fd80e52299
000002fd80e52339
000002fd80e52a19
000002fd80e5a599
000002fdb916caf9
000002fdb916d259
000002fdb9172cd9
000002fdb9a141f9
000002fe133cb019
000002fe133cc6b9
000002fe133cdab9
000002fe133cf459
000002fe133cf4f9
000002fe133cf679
000002fe133cfbd9
000002fe133d05d9
000002fe133d66b9
000002fe133d7ab9
000002fe158cee79
000002fe158d03f9
000002fe672198b9
000002fe976f1e39
000002fe976f25b9
000002fe976f2c99
000002fe976f2e99
000002fe976f3099
000002fed21ed3f9
000002ff1a9d3039
000002ff29f955b9
000002ff3a6c5d59
000002ff3a8cd739
000002ff3b61d4b9
000002ff7428a319
000002ff752d2819
000002ff97fb8619
000002ffa8907ab9
000002ffba29b319
000002ffba29ba79
000002ffba2a1479
000002ffba2a2519
000002ffbeb76519
000002ffd5db30d9
000002ffd5db9659
000002ffdb158e59
000003001089f8d9
0000030051ca3839
0000030051caa1b9
0000030067706919
000003006d231d59
000003006d231ed9
00000300bd935199
00000300c5f84459
00000300d05e1679
00000300d05e2479
00000300d9ce3b19
00000300e21bca99
00000300e3ce2ff9
00000300fb735379
0000030108964d39
00000301333e79f9
000003014e755159
000003014e756099
000003014e756c99
0000030159373959
00000301593740d9
0000030159374959
0000030159374d19
000003018ed10c99
00000301cdf4c159
00000301cdf4ce39
00000301cdf4d599
00000301cdf4d7d9
00000301cdf4d979
00000301cdf4e2f9
00000301cdf4e879
00000301d39f04f9
000003029fedc359
000003029fedc3d9
000003029fedc419
000003029fedcab9
000003029feddff9
00000302bfcadc99
00000302cdaa5bb9
00000302ea795999
00000303086adaf9
0000060617f7f761
0000000000f4b071
0000000000000181
0000030340d73459
0000030340d74219
0000030340d74839
000003034f07d139
00000303547fe739
000003035f5425f9
0000030388e5dbd9
00000303d690cad9
00000303d690d239
00000303d690eb99
00000303d6910259
00000303d6912299
00000304118d04f9
0000030425a9d319
0000030425a9e5f9
000003042f646ef9
000003044a1ec459
000003044f7b32b9
0000030457effbf9
0000030463d37b99
000003048d027b99
000003048d0287b9
00000304d5699379
00000304f471bd79
0000030562b2d4d9
0000030562b2e639
0000030562b2e6d9
0000030562b2ed99
0000030562b2ef39
0000030562b2f599
0000030562b30099
0000030562b31f59
0000030562b33659
0000030562b34df9
0000030562b357b9
0000030562b3d099
0000030586e18d59
0000030586e18df9
0000030586e194b9
0000030586e19d39
0000030586e1a479
00000305df1b4959
00000305df1b6959
00000305e88bbe19
00000305e88bcb39
00000305e88bcbb9
00000305e88bced9
00000306169804b9
000003061b2efbf9
00000306c285feb9
00000306c2861bf9
00000306c2863159
00000306c2867419
00000306c2868139
00000306c286e859
00000306c86eb179
00000306c86f91b9
00000306c9423b59
0000030709511c19
0000030716aaaff9
0000030716aab079
00000307824c6c39
00000307fc1cd439
00000307ffa436d9
00000307ffa43839
00000307ffa44c59
00000307ffa49f19
000003084f7c2939
00000308502372f9
0000030877bd9f59
00000308ea1c2dd9
00000309201b22f9
00000309201b7579
00000309247dfef9
000003093392fb79
000003093392fd39
00000309339302f9
0000030933930c59
0000030933930eb9
0000030979f121d9
0000030979f12299
0000030979f12319
0000030979f12959
0000030979f132f9
0000030979f13599
0000030979f14a99
0000030979f16f59
0000030979f1caf9
00000309dbe7b139
00000309dbe7c6f9
00000309dc05a579
00000309dc05a5f9
0000030a09f6c9b9
0000030a09f71b59
0000030a7755b1f9
0000030a7755c7f9
0000030a7755cf59
0000030a7755dd19
0000030a77563b99
0000030a9b094199
0000030a9b095559
0000030a9b0955f9
0000030a9b095cd9
0000030a9b0968d9
0000030a9b09ae99
0000030a9b09c379
0000030a9b0a63f9
0000030ae3a35579
0000030b1483a139
0000030b1c7ec639
0000030b2f30ccd9
0000030ba7695979
0000030bc0e51999
0000030bc0e529b9
0000030bcb5abf19
0000030be135b299
0000030be1365859
0000030bfc535e99
0000030c034d71d9
0000030c1d546319
0000030c3d843e99
0000030c3d849619
0000030c4c9cfcf9
0000030c4c9d1739
0000030c4c9d8719
00000618b862e761
0000000000f4b071
0000000000000181
0000030c8d928ed9
0000030d02689919
0000030d0268add9
0000030d0268ae59
0000030d0268bdf9
0000030d0268be99
0000030d02691cb9
0000030d0d467ab9
0000030d4b799ed9
0000030d529d0539
0000030d52b525d9
0000030d691df199
0000030d6a06b099
0000030d6a06b119
0000030d71a33699
0000030d75c95b59
0000030d75c97439
0000030d8e625c59
0000030dae512e59
0000030dae51d499
0000030dbf049db9
0000030e0b6a9c59
0000030e18a01859
0000030e468c7759
0000030e468cf919
0000030e51cdbab9
0000030e9114f0d9
0000030ee447f519
0000030ee4482099
0000030ee5cfcb19
0000030f118d5279
0000030f4837b659
0000030f8e8b0939
0000030f8e8b1db9
0000030fb9d544b9
0000030fca37fad9
0000030fca380cd9
0000030fca3852b9
000003102d6b07b9
000003104caccc19
000003104cacdd39
000003104cace419
0000031071056659
0000031071056eb9
0000031071057099
0000031071057af9
0000031071057b59
0000031071057c79
0000031071057d19
0000031071058219
00000310a6696ad9
00000310bd37d399
0000031182548179
0000031195fcc3b9
0000031196213c39
00000311b2acf599
00000311e4c15319
000003126c0d7a59
000003126c0d7af9
000003126c0d81d9
000003126c0dcb19
0000031290e98179
0000031296767c39
0000031296769719
000003129b9e87d9
000003129b9e8859
000003129b9e8f39
000003129b9e9979
00000312d8a79b99
00000312dc0bc979
00000312dc0c30d9
000003130ee88519
000003130ee88c79
000003130ee8a299
000003130ee8c1b9
000003130ee8dcb9
000003130ee8e1d9
000003130ee8e919
000003130ee8f159
000003130ee904f9
000003130ee910b9
0000031332f770f9
0000031332f78239
00000313eca89f99
00000314117bc3f9
0000031416a04b19
0000031416a0a1f9
0000031479e20979
0000031479e21d59
0000031479e21dd9
0000031479e21e19
0000031479e224b9
0000031481142999
0000031487da67f9
000003148bc0e959
000003148bc0fbf9
00000314a9211b99
00000314afb4bcb9
00000314afb4be39
00000314ba8e55d9
00000314ba8ed879
00000314d395ab19
00000314d395bcd9
00000314d395c6b9
00000314e7c4fc99
00000314f10ea639
00000314f10ec6b9
00000314f10ee4f9
00000314fce3b419
00000314fce3bb79
00000314fce3c7f9
00000315545bf079
00000315545c0139
00000315545c0799
00000315545c8059
00000315743ce239
000003159673dc79
0000031596746a79
0000062b58cdd761
0000000000f4b071
0000000000000181
00000315ce3b6759
000003162c733799
000003163b74b599
0000031678484c99
0000031678484e79
0000031678485419
00000316920a3599
000003176ba1aa79
000003179cf546f9
00000317a5b677d9
00000317a5b695b9
00000317c03c2f39
00000317d9113a99
00000317dce53c99
00000317ea8df159
00000317f1b7c1f9
00000318014d0499
000003183b514d39
00000318484438b9
0000031858ffa259
000003185b9bd6d9
000003185b9bd759
000003185b9bde39
000003185b9be7b9
000003187022e579
00000318702328f9
0000031896a14579
00000318a0ad6179
00000318a0ad72b9
00000318b0c0c439
00000318b0c0d3d9
00000318b0c0d479
00000318b0c0db59
00000318b0c0e359
00000318c2808859
00000318c644f319
00000318d9f22ff9
00000318dcafbf79
00000318dcafcff9
00000318dcb03879
00000318dcb038f9
00000318dcb03fd9
00000318ef2ed039
000003190d8a5d19
000003190d8a7339
000003190f53b339
000003190f53b4d9
000003191b2b1bf9
000003191b2b1c99
000003191b2b2379
000003191b2b2e99
000003191b2b53f9
0000031935960579
0000031935961799
00000319385abe19
00000319385abf39
0000031989ecc759
000003198e732739
000003198e7339d9
0000031991271e59
0000031994241ed9
0000031994243399
000003199d263bf9
0000031a195f91b9
0000031a34eec559
0000031a36da01b9
0000031a4791aa79
0000031a4791cdf9
0000031a4791ce99
0000031a4791ceb9
0000031a4791d579
0000031a479205b9
0000031a770616b9
0000031a77062819
0000031a951dfd99
0000031ab1795799
0000031abf2bd3f9
0000031b7d6ae439
0000031bbf67ebf9
0000031bbf684819
0000031c2b68df99
0000031c3032ca19
0000031c3032d159
0000031ddf34af39
0000031ddfd99f19
0000031e13f6b459
0000031e13f6c579
0000031e41838279
0000031e4d66e6d9
0000031e948b0d99
0000031e948b14f9
0000031e948b5919
0000031eed26bdd9
0000063df938c761
0000000000f4b071
0000000000000181
0000031f06c0e3f9
0000031f06c0fd99
0000031f12f409f9
0000031f42ee0759
0000031febd636b9
0000032008ab1cb9
000003209ff4a079
000003209ff4a7d9
000003209ff4b0b9
000003209ff4b2b9
000003209ff4b399
000003209ff4c2d9
000003209ff4ccd9
000003209ff4dc59
000003209ff50919
000003209ff51c19
000003209ff53079
00000320b3c59379
00000320b3c59419
00000320b3c59459
00000320b3c59af9
00000320c8862c19
00000320c8865179
00000320c8866099
00000320c88678d9
00000320cb493639
00000320d7933199
00000320e74853d9
00000320e7486579
000003210e923ff9
000003212adc9dd9
000003212adc9e79
000003212adca539
000003212adcac99
000003212adcc399
000003215e36f9b9
000003215e36fa59
000003215e370119
000003215e370cb9
000003216dd49659
000003217f85d479
00000321b482d679
00000321f93458b9
000003220e7d14b9
000003221f52e379
000003224b0a70f9
000003229b7a6d99
00000322d0821759
0000032314cec2f9
0000032329b796b9
000003239d01ac39
00000323c306f719
00000323e7d23479
00000323f174a0d9
000003241d354a39
000003241d3559f9
000003241d356219
00000324df38c5d9
00000324fa86b0f9
00000324fd821a19
0000032504ace0f9
0000032504ace859
0000032522388959
000003255bf595f9
0000032599d85899
00000325ecf3e019
00000325ecf3e0b9
00000325ecf3e0d9
00000325ecf3e779
00000325ecf3ef79
00000325f2d4ffb9
00000325f2d50179
00000325fcabed79
0000032606223bb9
000003261a1219f9
000003261a121a79
000003261a122159
000003261a122a39
000003261a122f79
000003261a123b19
000003261a123bd9
000003261a123c59
000003261a124bd9
000003261a12a099
000003264c4cd9d9
000003265bc9d259
00000326667c8439
00000326c52297f9
00000326c56d4479
00000326c56d4bd9
00000326c56da4f9
0000032707a06d39
0000032707a080f9
0000032707a09179
0000032707a09339
0000032707a093d9
0000032707a09ab9
0000032707a0a5d9
0000032707a0af19
0000032707a0c5b9
0000032707a0ea79
0000032707a12019
0000032707a14379
0000032712f24679
0000032712f26419
0000032712f28999
0000032712f29c79
0000032712f2db79
000003271e085a99
000003271e085b19
000003271e0861f9
000003271e086ab9
000003271e087199
000003271e087219
000003271e08c4b9
00000327c2c3d5b9
00000327d06de7d9
00000327d06dfab9
00000327d5ff08f9
00000327d5ff6af9
00000327da9f6f59
00000327da9fe099
00000327f9925c39
0000032837ef0ed9
000003283bc03a39
00000328488be539
00000328488bec99
00000328488c0759
0000065099a3b761
0000000000f4b071
0000000000000181
00000328526e86f9
00000328526e8799
00000328526e8e59
00000328526e97d9
00000328526e9a59
00000328bf565e99
00000328bf5665f9
00000328bf566f59
00000328bf566fb9
00000328c6555239
00000328e1d18379
00000328e1d18af9
00000328e6a036b9
00000328e6a0aa99
00000329396870d9
000003295ecc14d9
000003295ecc1c39
000003295ecc2919
000003295ecc3119
000003295ecc5f19
000003295ecc6299
000003298a2f05d9
000003298a2f07b9
000003298a2f0d39
000003298a2f16f9
000003298a2f17b9
000003298a2f1a39
000003298a2f2bf9
000003298a2f2e39
000003298a2f8c39
00000329a7c54059
00000329a7c547b9
00000329a7c55fd9
00000329a7c5b639
00000329ade009f9
00000329c2f83bf9
0000032a0649dfd9
0000032a092510b9
0000032a5379da19
0000032a5379db99
0000032a5379ea39
0000032a537a1a79
0000032a537a2539
0000032a537a4059
0000032a53e01b39
0000032a59a1b0f9
0000032a6c267f99
0000032a6c268f19
0000032aafbdbc39
0000032aafbdbdb9
0000032ab0cb75b9
0000032aca8dd479
0000032ad276e1b9
0000032ad276f719
0000032af2fecd19
0000032afda87159
0000032b44fb3999
0000032b505a9779
0000032b80a3c739
0000032b80a3d879
0000032b80a3db39
0000032b80a3ee99
0000032b80a3f179
0000032b80a43e19
0000032bb8877639
0000032bc01cbe19
0000032bc01d18b9
0000032bd0f499b9
0000032bd6642b39
0000032bd6642bd9
0000032bd6642c39
0000032bd6643299
0000032bd6643eb9
0000032bd6644e79
0000032bd6644f59
0000032bd6644f99
0000032bd6645639
0000032bd664b499
0000032bd664c039
0000032bd6652c59
0000032c3173f939
0000032c31740859
0000032c31745c99
0000032c31746db9
0000032c52fa6ff9
0000032c67879c39
0000032c6cf4be19
0000032c6cf4d179
0000032c9232acb9
0000032cc7c44db9
0000032d08134e59
0000032d0813b2b9
0000032d223178f9
0000032d31fdf4b9
0000032d31fdf539
0000032d31fdf579
0000032d31fdfc19
0000032d31fe3919
0000032d69031039
0000032d690323f9
0000032dde56a4f9
0000032dde56ac59
0000032dde56b9b9
0000032dde570379
0000032dde570df9
0000032de78886d9
0000032e1ac222f9
0000032e1ac24199
0000032e2635cc39
0000032e2635e539
0000032e312f0d79
0000032e4bae9199
0000032e66ef5519
0000032e66ef5599
0000032e82ef2739
0000032e85c88259
0000032e85c89319
0000032e85c893b9
0000032e85c89a99
0000032e85c8e979
0000032e85c8f659
0000032e86927139
0000032e95f02d79
0000032eb46457d9
0000032eef8a8699
0000032f03caf619
0000032f4b85e219
0000032f7c5bd8b9
0000032f7c5bf2d9
0000032f7c5bf379
0000032f7c5bfa59
0000032f7c5c0b79
0000032f7c5c1b39
0000032f7c5c1e99
0000032f7c5c2039
0000032f7c5c9079
000003300c38fa19
000003300c390a79
000003300c395e79
000003300c396eb9
000003300c397099
000003300c397259
0000033018fc8b39
0000033018fc8bd9
0000033018fc9299
0000033018fca119
0000033018fca499
0000033018fd1839
000003307729b119
000003307729b1b9
000003307729b1d9
000003307729b879
000003307729be19
000003307729c759
000003307729cf99
000003307729d179
000003307729df19
000003307729df99
000003307729e5b9
000003307729f339
000003307729f4b9
00000330abab85f9
00000330ababce59
00000330aeb4d339
00000330aeb4e639
0000033117fea679
000003312cbe1119
000006633a0ea661
0000000000f4b071
0000000000000181
00000331b1c42cb9
00000331b1c43419
000003326cb1b1d9
00000332870390b9
0000033287039819
000003328703a459
000003328703a5d9
00000332fcc36e79
00000332fcc375d9
00000332fcc37d39
00000332fcc38119
00000332fcc3a9d9
0000033304abe479
000003335d204e99
000003335d204f39
000003335d205619
000003335d205df9
000003335d206039
000003335d2093d9
0000033386140cd9
00000333862a42b9
00000333862a77d9
00000333862abff9
00000333962d13b9
0000033397d9f0d9
0000033397da1e19
00000333b5a541b9
00000333b5a54919
00000333b5a56b99
00000333de2dbc99
00000333dfe2b3b9
00000334021fee99
0000033435e49b59
00000334489ba5f9
00000334489ba859
00000334489bad79
00000334489bb8b9
00000334489bbbf9
00000334489bc3d9
00000334489c1c19
00000334489c2219
000003345ab39e79
0000033472e00a59
000003347f93c7b9
00000334d24d88b9
00000334f6efd6b9
00000334f6efe559
00000335603d56b9
000003356c2fc5d9
00000335ad6cf0f9
00000335f63ded19
0000033618b36fd9
0000033618b38479
00000336988792b9
00000336fb538e19
000003375a0721b9
00000337678cc319
00000337678cc3b9
00000337678cc3f9
00000337678cca99
00000337678ce7d9
000003376abd10b9
000003377b73d579
000003377b73ed19
00000337a4c22c99
00000337a4c24979
00000337afd20f59
00000338369ec319
000003385a0c7f39
000003385e1b0739
0000033860dbde19
00000338bf757db9
00000338bf757e79
00000338bf7594f9
00000338bf759f99
00000338bf75b859
00000338bf75e539
00000338f1194e39
000003395c5e5bd9
00000339aec444f9
00000339b0d36479
00000339e1c66f39
00000339e1c676b9
00000339e1c6d1d9
0000033a2bc3a439
0000033a44285e79
0000033a44286039
0000033a442867b9
0000033a53ce40b9
0000033a897ee979
0000033a9dc16019
00000675da799661
0000000000f4b071
0000000000000181
0000033af48127b9
0000033af4812f19
0000033af4817ed9
0000033b35bcb9f9
0000033bb45452d9
0000033bbab53399
0000033bced15199
0000033bced15239
0000033bced158f9
0000033bced166b9
0000033bdc4ec659
0000033bdc4ecdb9
0000033bfa46c339
0000033c151d8b19
0000033c71b29219
0000033c928fdeb9
0000033c92a41f99
0000033c92a42719
0000033c92a4b059
0000033cb52596d9
0000033cbf3096b9
0000033cd1e4d7f9
0000033cdd0e6939
0000033cdd0e8059
0000033ceccf3c19
0000033ceccf3db9
0000033d055e0a39
0000033d06b91bf9
0000033d14018c19
0000033d14019379
0000033d6ade5819
0000033d7dff6719
0000033da86c3cd9
0000033df9bd2b19
0000033df9bd2bb9
0000033df9bd2bf9
0000033df9bd3279
0000033df9bd3d79
0000033df9bd3f19
0000033df9bd69f9
0000033df9bd6a99
0000033df9bd6ad9
0000033df9bd6d59
0000033df9bd7139
0000033df9bd7839
0000033df9bd78f9
0000033df9bd7b19
0000033df9bdf1d9
0000033df9bdf399
0000033df9be02d9
0000033e5e89c219
0000033ede4dafd9
0000033ede4dce79
0000033ede4e1139
0000033ee6c98c39
0000033f06851bf9
0000033f06852359
0000033f06857199
0000033f4dc46939
0000033f5fd3a699
0000033f5fd3a739
0000033f5fd3a899
0000033f5fd3adf9
0000033f5fd3bc79
0000033f5fd3ce79
0000033f5fd42719
0000033f8159b819
0000033f869b14d9
0000033f92301c39
0000033fb0ed1159
0000033fb0ed20b9
0000033fc77374b9
0000033fc77384b9
0000033fc7739319
0000033fd08f4959
000003400216e5d9
000003400216f379
000003400216f439
0000034015c493f9
0000034015c49499
0000034015c49b59
000003402887ba59
0000034028883459
0000034051c881f9
0000034051c895f9
000003406c550839
000003406c550fb9
000003406c551e99
0000034092d0dc39
0000034092d0ef39
00000340b307c379
00000340b307d3b9
00000340b3081719
00000340b956d8b9
00000340d330a3d9
00000340d69999d9
00000340db5757f9
000003411f2a8c59
000003411f2a93b9
000003411f2a9df9
000003411f2ab1f9
000003411f2ac559
000003417525d139
000003417525e119
0000034175262dd9
0000034175264299
00000341cf2840f9
00000341d7a631d9
00000342322cab59
00000342322cb2b9
000003423b380179
000003423b381279
000003423b383159
0000034268bbe1f9
000003426c9d55f9
0000034293091599
00000342a4ddb7d9
00000342bcbca4b9
00000342eaa030d9
00000342ff144d39
00000342ffeefbb9
0000034328ba3259
0000034328ba32f9
0000034328ba36b9
0000034328ba39b9
0000034328ba41d9
0000034328ba4259
0000034328ba76f9
0000034328bae2f9
000003433b433a59
000003433b434979
000003433b434ab9
0000034348631719
00000343593267d9
0000034359326859
00000343ad740259
00000343b8cc76b9
00000343d7b36fd9
00000343f2286199
0000034417ec7599
0000034430f47259
000006887ae48661
0000000000f4b071
0000000000000181
0000034453755c79
00000344556c5b79
000003447c561d59
0000034486e022d9
0000034495ed2099
0000034495ed3079
00000344c5ab1e19
00000344cfd39039
00000344cfd3a9f9
00000345315ec7b9
000003458193c0f9
0000034581941d19
000003458491bb19
00000345b68cb1f9
00000345b68cb279
00000345b68cb959
00000345b68ccc39
00000345b68d1499
00000345b68d1699
00000345b68d1df9
00000345b68d27d9
00000345b68d3519
00000345e5c4acf9
0000034604b39f79
0000034604b3a2d9
0000034609ec4c99
0000034609ec9999
000003460f61aad9
000003461399d079
0000034632200619
000003463c683d79
000003463c687f59
000003466d5cc459
000003466d5cd319
000003466d5ce999
00000346c763cbd9
00000346efcc0219
0000034740ac6499
00000347571430f9
000003477b61ef99
000003477b61fed9
00000347e76f3c79
00000347e76f3d19
00000347e76f43d9
00000347e76f51d9
00000347e76f5399
00000347e76f5579
00000347e76f6239
00000347e76f6839
00000347f7a25539
00000347f7a255d9
00000347f7a25c99
00000347f7a265f9
00000347f7a26919
00000347f7a26a79
00000347f7a28439
00000347f7a2efb9
00000347f7a2f379
00000347f8cd5759
00000347f8cd5e79
0000034807b2e959
0000034845366bb9
0000034845367bd9
0000034845367db9
000003484536b159
000003484536e059
000003484536e0d9
000003484536f179
000003484536f2d9
000003484536f5b9
000003484536fbb9
0000034845374719
0000034851fc0e19
000003485a568f39
0000034889e738d9
0000034889e73959
0000034889e74039
0000034889e74bd9
00000348c544c039
00000348c7844659
00000348cdbfc959
000003492b08bbd9
000003492db876d9
00000349477b8779
000003497a83da79
000003498aaea3d9
000003499f671cf9
000003499f671d79
00000349c16de199
00000349f3cf4239
0000034a5b7f2639
0000034a5b7f2819
0000034a6aabc479
0000034a7a161359
0000034a7bc85219
0000034a95c6f879
0000034adf9b8e79
0000034aee2ebad9
0000034b43487359
0000034b58277eb9
0000034b5b3d10b9
0000034b7fcebed9
0000034b85a6f539
0000034be32b3559
0000034be32b4b99
0000034be32be879
0000034bef7ea9d9
0000034c23cd4079
0000034c23cd4939
0000034c23cd6099
0000034c23cd8e19
0000034c23cd9df9
0000034c23ce1779
0000034c23ce1939
0000034c7e3cde99
0000034cf141da19
0000034d04f32419
0000034d262ca979
0000034d28fcabd9
0000034d397b02b9
0000034d397b0379
0000034d397b0a59
0000034d397b14d9
0000034d397b16f9
0000034d397b2799
0000069b1b4f7661
0000000000f4b071
0000000000000181
0000034dcc85bc19
0000034dcc85d479
0000034dcc85dff9
0000034dcc85ff59
0000034dcc862459
0000034deaff9c99
0000034e03810bb9
0000034e0515b2f9
0000034e3a0b7fb9
0000034e47ceac99
0000034e6b4bdd59
0000034e6b4be4b9
0000034e6b4bef79
0000034e819d07d9
0000034e9f4026b9
0000034e9f402e39
0000034e9f403639
0000034e9f405159
0000034e9f4051d9
0000034ebb46b739
0000034eeca9baf9
0000034f092a8079
0000034f092a80f9
0000034f092a8139
0000034f092a81d9
0000034f092a87d9
0000034f092a9179
0000034f34125019
0000034f39fecef9
0000034f39fecf59
0000034f988486d9
0000035020399f59
000003502fb23439
000003504a2ab559
0000035069a70a39
000003506c760c39
000003506c760cd9
000003506c7613b9
000003506c765cf9
000003506c87e779
0000035076686f39
000003507eb2c2d9
00000351709d5539
00000351828154d9
0000035182816839
0000035182819639
00000351a9259eb9
00000351d7f4a299
00000351d7f4b559
000003522ae7ff39
0000035264a58139
000003528955adb9
000003528c8af199
0000035295dc0f59
000003529ec11839
000003529ec14b99
000003529ec189b9
00000352a43882b9
00000352a4388379
00000352b62c2d59
00000352b8aa06f9
00000352d063aa79
000003533c8c73b9
0000035347d7eed9
0000035347d80099
000003534d6f4559
000003539a2876d9
000003539a287759
000003539a28c619
00000353a180e019
00000353c161e539
00000353ef8547f9
00000353ef856179
00000353f0045a99
00000353f0046a39
000003540c92b8f9
00000354227a3019
00000354265bf7d9
00000354265c0e99
000003543bb812f9
000003543bb868d9
0000035440604459
00000354736713f9
00000354736737f9
0000035479e99259
0000035479e992d9
00000354b183fcd9
00000354b1b6c239
00000354b1b6d4f9
00000354b1b6d599
00000354ed583119
00000354f4802579
00000354f4803979
00000354f9a6a0f9
00000354f9a6a299
0000035501248a99
000003550124edf9
000003550c569ef9
00000355245e1319
0000035549701479
0000035549702459
0000035628312b99
000003568c5a19f9
00000356cfa7ae99
000006adbbba6661
0000000000f4b071
0000000000000181
0000035710c6bb79
000003571e796d59
000003571e79aef9
0000035721d51f39
0000035721d51fd9
0000035721d526b9
0000035721d531d9
0000035721d53259
0000035721d54099
00000357278027b9
0000035727803a19
000003572780f6d9
0000035735314e79
0000035735316799
000003575ef97899
000003575ef98e79
00000357eb7acff9
00000357eb7ad1b9
00000357eb7ad3b9
00000357eb7ad779
00000357eb7b3899
00000357fcfbb579
00000358096ebad9
00000358096f31b9
000003581ab8f639
000003581ab8fe59
000003581ab8fed9
000003586fd2fe59
000003587670feb9
00000358bad00399
00000358bad00439
00000358e4928119
00000358e4928879
00000358e4929279
00000358e492f079
00000358fa1dcad9
00000359110073d9
0000035917e9b0f9
0000035928126dd9
00000359561e1019
00000359561e11f9
00000359561e1799
00000359561e29d9
00000359561e37d9
00000359561e3fd9
00000359561e5e39
00000359561e7699
00000359561eab99
0000035975060cf9
00000359af130419
00000359ec7c73b9
0000035a052b2519
0000035a0d74b9f9
0000035a0d74ce19
0000035a0f449239
0000035a0f4492b9
0000035a0f4492f9
0000035a0f449999
0000035a0f44a259
0000035a0f44a439
0000035a0f455a19
0000035a0f456b59
0000035a2a728cb9
0000035a2f45d599
0000035a2f45e6f9
0000035a522062b9
0000035a52206339
0000035a52206a19
0000035a84c47839
0000035a98d82939
0000035a98d89439
0000035aa37647b9
0000035ac31cf859
0000035b07926359
0000035b5be772d9
0000035b676799f9
0000035b8b713019
0000035b8b7130b9
0000035b8b713799
0000035bb00fb2d9
0000035bb00fb359
0000035bf138f999
0000035c44d9d779
0000035c6d7751d9
0000035d0db6b899
0000035d0fba16b9
0000035d2230fb79
0000035d37f64ad9
0000035d42bcff79
0000035d42bd80f9
0000035d75dae979
0000035d75dafdf9
0000035d7926af39
0000035d8a54bdd9
0000035d8eed9239
0000035daf6721d9
0000035daf677139
0000035daf67a059
0000035db8360159
0000035df4aebb79
0000035dfb6d8c99
0000035dfb6da479
0000035dfb6db579
0000035dfb6db699
0000035e503bbb19
0000035e503bc279
0000035e75978c99
0000035e75979c59
0000035ea0bd89d9
0000035eaa5b0019
0000035ecfb18d79
0000035ed4888919
0000035ed488cb79
0000035ed9dc80b9
0000035f1fa2e379
0000035f4b2b6e39
0000035f65d5d1f9
0000035f7286ecf9
0000035f9a09b9f9
0000035fadb98ef9
0000035ffbef4e99
000006c05c255661
0000000000f4b071
0000000000000181
00000360d5d19f99
00000360e255b079
00000360f3e81ef9
00000361058623b9
000003612b51aa19
000003615e608f79
000003616cc71bb9
000003617a4b0919
00000361b73795f9
00000361cd0769b9
00000361cd076a59
00000361cd076b79
00000361dacdc799
0000036216307199
0000036216307239
00000362163078f9
0000036216308019
0000036216309459
000003621630e579
00000362a52db5d9
00000362a52dd579
00000362a52dd739
00000362a52e5c79
00000362a93fe0f9
00000362b22eb359
00000362ea7ffa59
00000362ec3194d9
00000362ec319579
00000362f1c199f9
0000036322774bf9
000003633505ffb9
00000363386a1419
0000036356eefb19
000003635778e199
0000036358c161d9
0000036358c17519
0000036358c17719
0000036358c19239
00000363737b4c99
00000363a4e35159
00000363a4e366b9
00000363a4e376d9
00000363a4e3bd59
00000363a4e3f6d9
00000363dc25b319
00000364102faab9
000003642eb50eb9
000003647db4aef9
000003647f34e6f9
00000364b3244899
00000364b3245c99
00000364c2240959
00000364c47b92b9
00000364f8a323b9
000003654713e179
00000365514e5899
00000365514e6eb9
00000365514e7e59
00000365514e95f9
0000036567a37479
0000036581957599
00000365c685a959
00000365e0bbce59
0000036614d53619
0000036657ddaab9
000003665906f7f9
0000036659070b39
000003665be48c79
00000366647b7419
00000366a3b2b979
00000366e42ddcf9
00000366f494b659
00000366f494d079
000003677a148219
00000367856ac739
0000036795dda219
000003679ae152f9
000003679ae15379
00000367a247b0f9
00000367ab060d99
00000367c3a22759
00000367dac80a39
00000367e8d23499
00000367e8d24bf9
00000367e8d24c99
00000367e8d24cb9
00000367e8d24f99
00000367e8d25359
00000367e8d253f9
00000367e8d25fb9
0000036817170b79
0000036817178759
00000368171787d9
0000036817179af9
000003681bd769f9
00000368b316b179
00000368b7567f19
00000368d6c66259
00000368df799279
00000368df79acd9
00000368df79ad79
00000368eb5ffc19
00000368eb601799
0000036941d987f9
0000036948542c99
0000036948542d39
0000036948543419
0000036951634059
0000036972603999
000006d2fc904661
0000000000f4b071
0000000000000181
0000036981e77ad9
0000036981e77b79
0000036981e78b79
0000036981e7a159
0000036981e7c7b9
00000369a6ca56b9
00000369a6ca5a99
0000036a835f6db9
0000036a835f6f39
0000036a835f7d99
0000036a9dc2f739
0000036aa63bf019
0000036aa63c03f9
0000036b18cc57d9
0000036b2c3b2d79
0000036b8e2867d9
0000036b8e28e099
0000036b8e28ef99
0000036b98b66239
0000036b98b662d9
0000036b98b662f9
0000036b98b66999
0000036bd3aa7f99
0000036bfc0249f9
0000036bfc025ad9
0000036bfc025b79
0000036bfc025e39
0000036bfc026239
0000036bfc026799
0000036bfc026bb9
0000036bfc02e299
0000036bfc02ec19
0000036bfc02edf9
0000036bfc02f399
0000036bfc02fa99
0000036bfc02fc79
0000036bfc030f99
0000036bfc0345b9
0000036c10ac0dd9
0000036c1ad17ed9
0000036c22f0faf9
0000036c22f14fd9
0000036c22f16ef9
0000036c26958d79
0000036c2695b719
0000036c2695dad9
0000036c26962319
0000036c29891af9
0000036c37eaac59
0000036c6042e1b9
0000036c6042f5d9
0000036c7c4601b9
0000036cbbbac879
0000036cd382e8f9
0000036cd382f2d9
0000036ceaa39639
0000036d1fcfee59
0000036d1fcff5b9
0000036d1fcffdd9
0000036d1fd00539
0000036d1fd01a19
0000036d1fd02899
0000036d1fd04c59
0000036d2bfe1e59
0000036d5acc13f9
0000036d5acc15f9
0000036d5acc1b59
0000036d661d2979
0000036d661d3819
0000036d9c054a59
0000036e417f45d9
0000036ecf53eb79
0000036ed5a1de99
0000036f4e0d9259
0000036f52d40e99
0000036f8c93ef19
0000036f8c93f2d9
0000036f9ce44199
0000036fa61037f9
0000036fb3e025d9
0000036fbf9e47f9
000003701c102619
0000037086b721b9
0000037086b7b5d9
00000370a7e18f59
00000370ca00c439
00000370ca00d9b9
00000370ef126b99
000003714d1724f9
00000371753210f9
0000037195f9a0f9
00000371d348aaf9
00000371ef797339
00000371f90dee99
00000371ffe3af59
000006e59cfb3661
0000000000f4b071
0000000000000181
00000372d7ee7ad9
000003731e691d19
000003734325d9b9
000003734325da59
000003734325da99
000003734325db59
000003734325e119
000003735ed6d879
00000373939037d9
00000373939049b9
00000373939086f9
00000373976c0059
000003739dfe98b9
00000373a8839799
00000373a8839919
00000373a9e9ed79
00000373c0548599
00000373ca127cb9
00000373e6105ff9
00000373f51e2919
00000374088a3ab9
000003741061f239
000003741061f999
00000374106202f9
00000374106204b9
0000037410620539
0000037435335039
00000374358a0379
00000374358a0419
00000374358a0ad9
00000374358a7e79
00000374b4270e39
00000374d9a0b079
000003751bf0e959
00000375314fe2b9
0000037548d8d319
000003756b4b1ed9
0000037581d204b9
00000375a21271b9
00000375b45ea7f9
00000375b7732699
00000375c42fed59
0000037608eea919
0000037622f56b39
00000376c1302d39
00000376c1303cd9
00000376c1303d59
00000376ebc0e959
00000376ebc18039
000003773a17a099
000003776a066979
000003776a0670d9
000003776a067a39
000003776a068199
000003776a068fb9
000003776a0690d9
000003776da11db9
000003776da12f79
000003776da13039
0000037782b9dc59
000003779dfd7259
000003779dfd84b9
00000377acd0e3f9
00000377e008b5b9
00000377eee60c39
00000377f4ee2279
00000377fca60fb9
0000037817f0ce59
000003782602b2d9
000003782602b379
000003782602b499
000003782602ba59
000003782602c6d9
000003782602c879
000003782602d3f9
000003782602d499
000003782602d759
000003782602e199
000003782602fb79
0000037826030d99
0000037862935bd9
00000378855154f9
00000378855156f9
0000037893f8dab9
00000378a781a439
00000378a91cdd79
00000378be0958f9
00000378be09bb99
00000378be09bd79
00000378be0a21b9
00000378f3dd6879
000003792e776dd9
000003793e8f2899
000003798e7ae5f9
0000037999f7d6f9
00000379a57e1e79
00000379a714cbd9
00000379a714cc79
00000379a714d339
00000379a99b3f39
0000037a16bf64b9
0000037a1b484fb9
0000037a1c873579
0000037a1c87a959
0000037a22990cd9
0000037a5461a639
0000037abe521b79
0000037ac46c0879
0000037ac46c3c79
0000037afb287b79
0000037b27441779
0000037b37d03ef9
0000037b440b0ab9
0000037b4851d4f9
0000037b711bcbb9
0000037b77b5fbb9
0000037bca00e0f9
0000037bea051799
0000037bea0528d9
000006f83d662661
0000000000f4b071
0000000000000181
0000037c765a2719
0000037cbd27c2f9
0000037cbd27f4f9
0000037cbd2806d9
0000037ce5a62ed9
0000037cf6e33159
0000037d1bf70dd9
0000037d1cad2559
0000037d3cab27d9
0000037d421bb119
0000037d421bc299
0000037d61360139
0000037d61361359
0000037d8e7b09d9
0000037e1c901799
0000037e1c901999
0000037e1c9029b9
0000037e3acfdb99
0000037e3ad01479
0000037e40cd99f9
0000037e96607759
0000037e9660c0b9
0000037e9c97b699
0000037ed8cc4859
0000037eefe9b259
0000037eefe9db39
0000037eff271639
0000037f342f7319
0000037f3b0aea59
0000037f680536b9
0000037f68053879
0000037f68053e19
0000037f68054b59
0000037f68057659
0000037fa229c979
0000037fa229ca19
0000037fa229d0d9
0000037fa229d1d9
0000037fa22a2cf9
0000037fdbc733f9
0000037fe62772b9
00000380158aabd9
0000038054401319
000003808aeb9a19
00000380b4f68f79
00000380d1872b19
00000380d18737b9
0000038120342b19
000003816e07bd39
000003816e07c499
0000038180c2af59
000003819b8d2999
00000381b25df7b9
00000381b25e12f9
00000381b25e1379
00000381db6fb479
00000381e240aab9
00000381e240bfb9
00000381e2411039
00000381e6505fb9
00000381e650db19
00000381f4b12079
00000381f4b13299
00000381f4b13479
00000381f4b13a19
00000381f4b13ad9
00000382475c8a59
00000382475c9a99
00000382475c9b99
00000382475cabf9
000003825645ca39
000003825a663339
000003825a66ca79
000003828b6f1239
000003828b6f24f9
000003828b6f25f9
000003828dda72f9
00000382a1169099
00000382cd6515d9
00000382ebe99c19
000003831254af79
00000383285064d9
0000038351047d79
000003847c138b79
0000038490da6a19
00000384990ee859
00000384f1afef19
000003854fa9f2b9
00000385637bd8b9
00000385637bd939
00000385637be019
0000070addd11661
0000000000f4b071
0000000000000181
000003858f594919
000003859d2a85d9
000003859d2a9539
0000038600552a39
0000038619de07f9
000003865019e7d9
00000386501a4179
00000386501a5c99
000003865b897b99
0000038661eb8979
0000038673f8c759
0000038696daa179
0000038696daa219
0000038696daa239
0000038696daa8d9
0000038696dab099
0000038696dab119
0000038696dab5b9
00000386b9fcd479
00000386d661a039
00000386eaee2d19
00000386eaee2d99
00000386eaee3479
00000386eaee3f19
00000386eaee4219
00000387097ef5b9
00000387097ef639
00000387112a84b9
00000387112ac959
00000387112ae159
00000387112ae1d9
000003874c2a5a39
000003875ad5c519
000003875ad5db99
000003875ad5e279
00000388afa1c9d9
00000388afa1e799
00000388cc709cf9
00000388d5566859
00000388d8942f39
00000388ea46fd99
00000388ea476579
00000388ea4776b9
000003895af6efb9
000003895af74d99
000003896b5bbdf9
00000389a8f1e759
00000389d7abc6f9
00000389def23679
00000389e0de07f9
0000038a5dfebc39
0000038ada9c1e39
0000038aecf096d9
0000038aecf0b979
0000038afaa62699
0000038b064ccaf9
0000038b333137d9
0000038b5382e839
0000038b56dd7f99
0000038b56dd83b9
0000038b56dd8719
0000038b56dd91b9
0000038b56dd9259
0000038b56dd9919
0000038b56ddc919
0000038b56ddde79
0000038b9657f499
0000038bcc4b4759
0000038bcc4ba259
0000038bd4333b59
0000038bda8dfa99
0000038bda8e0bf9
0000038bda8e1fb9
0000038bdbc394b9
0000038c3bf43c79
0000038c499fc499
0000038c6c39d579
0000038c6d253299
0000038c6d253319
0000038c6d254599
0000038c6d25e919
0000038c899a2fd9
0000038cbd8cb1b9
0000038cbf8d62d9
0000038cbf8d7539
0000038cdf60cf99
0000038cdf60dbf9
0000038cdf615439
0000038ce7dcd579
0000038cf9b2bcb9
0000038cf9b32639
0000038db3a03df9
0000038db3a04559
0000038db3a04db9
0000038de7060bb9
0000038dfc2f5ab9
0000038dfc2fe8d9
0000038dfc307439
0000038dfc30ba19
0000038e810e2d79
0000038e8bcbb519
0000038e8bcbbc99
0000038e8bcc05d9
0000038e8bcc1379
0000038e8bcc1419
0000038e8bcc1af9
0000038e8bcc2619
0000071d7e3c0661
0000000000f4b071
0000000000000181
0000038ecda1c739
0000038ed37dad59
0000038f15e01bf9
0000038f15e02d99
0000038f15e05bd9
0000038f22ba4ab9
0000038f8a4577b9
0000038fe6327779
0000038fe632cd19
0000038fed6c1f39
000003900a79cd79
00000390374bbd39
000003906838f059
000003906838f7b9
0000039068390339
00000390683903b9
00000390683955d9
00000390ecc721b9
00000390fdedeb99
00000390fdedf2f9
00000391265ac319
00000391265ad2d9
000003912e186739
000003912e1867b9
000003912e186ab9
000003912e186e99
000003912e187c59
000003912e187dd9
000003912e1895f9
000003912e18de59
000003913a67a299
000003913a67a359
000003913a67aa19
000003913a67b0f9
000003913a67b1f9
000003913a67b299
000003913a67b499
000003913a67b979
000003913a67bf39
000003913a67c1b9
000003913a67c339
000003913a67c3d9
000003913a67c4b9
000003913a67d059
000003913a67d0f9
000003913a67d119
000003913a67d9d9
000003913a680259
000003913a680d59
000003913a6831b9
000003913a685339
000003913a6860b9
00000391419e3919
00000391419e99f9
00000391650b7b99
0000039187f42f39
0000039189ec3219
000003919bc71619
00000391b362aa39
00000391b362bb19
00000391e79e9fb9
000003920ec953b9
00000392617d4339
000003929f51a219
00000392af007c39
00000392d2a0fad9
000003936cd932f9
00000393714ab379
00000393714af0f9
00000393714afbf9
00000393926990d9
000003939269a199
00000393a324a499
00000393a324abf9
00000393a324b599
00000393a324c4b9
00000393d60b39d9
00000393e1f27099
000003940f1ef0d9
000003940f1ef159
00000394264e6119
000003942db6af99
00000394b3f69f79
00000394b65de679
00000394b65df8b9
00000394b7693b19
00000394bcc2cc19
00000394bcc2d399
00000394c4edb4d9
000003951dbbc6f9
000003953b11bf39
000003953b120ed9
000003953b121f99
000003953b122f19
0000039546fee7f9
000003955569ec39
000003955569f399
00000395556a0eb9
00000395556a0f59
00000395556a6479
0000039561f29479
00000395a8be1159
00000395b530f999
00000395be8ad3b9
00000395be8adb19
00000395be8ae2b9
00000395be8ae479
00000395be8ae579
00000395be8b4ab9
00000395be8b5939
00000395d79d3179
00000395e72268f9
00000395e7226979
00000396462e76f9
000003965fc1e9d9
000003965fc1fab9
000003968e85c4f9
00000396caa278b9
000003974ed97bd9
000003975bfae3f9
0000039769606559
0000039769606619
0000039769606739
0000039769606cd9
00000397696076d9
0000039769607979
00000397696081f9
0000039769609279
000003976960a779
000003976960a819
000003976960a839
000003976960aed9
000003976960b419
000003976960b5b9
000003976960b759
0000039769611419
0000039769613ed9
00000397aca93a99
00000397b4f379d9
00000397bd648999
00000397d168d4f9
00000397d168e939
00000397d1694779
000007301ea6f661
0000000000f4b071
0000000000000181
0000039863ffec39
000003987b75be19
000003989d76ae79
00000398d2783e79
000003992f874519
0000039956ad9759
00000399604b4759
00000399639f63f9
000003998e10b919
000003998e10cd19
000003998e10d0b9
00000399c373fc79
00000399c37403f9
00000399c3740af9
0000039a0ce8e2d9
0000039a0ce8e3b9
0000039a0ce8e6b9
0000039a0ce8ea39
0000039a0ce8f3d9
0000039a0ce93079
0000039a12a9e079
0000039a12a9f1b9
0000039a12a9f379
0000039a12aa4399
0000039a2fbed879
0000039a3de3dff9
0000039a7fbfa2b9
0000039a7fbff0d9
0000039a7fc013f9
0000039a7fc048d9
0000039aa7dfe959
0000039aedd535d9
0000039aedd53659
0000039aedd536b9
0000039aedd53d39
0000039af9e6b7d9
0000039af9e6bf39
0000039b11f1bab9
0000039b11f1c3f9
0000039bd21efa59
0000039bd21f5539
0000039be6088d99
0000039c1ce57959
0000039c3430eab9
0000039c3430f219
0000039c3bb69779
0000039c43409b59
0000039c46220299
0000039c7b1dd979
0000039cc5716679
0000039cc5717b99
0000039cc5718d99
0000039cc57191b9
0000039cc5719259
0000039d362f8799
0000039d362f9b19
0000039dcd288fb9
0000039dd68471d9
0000039dd6848259
0000039df6d62d19
0000039e26c8a579
0000039e26c8acd9
0000039e26c8b819
0000039e26c90dd9
0000039e5ac88559
0000039eb627f339
0000039ec7eea339
0000039ec7eea3b9
0000039ec7eeb579
0000039ec7eeb719
0000039ef97267f9
0000039ef9727db9
0000039ef972d0f9
0000039f23f76519
0000039f23f766d9
0000039f23f76759
0000039f23f76c59
0000039f23f77a79
0000039f23f77d99
0000039f23f77e39
0000039f23f78439
0000039f23f784f9
0000039f23f7b2b9
0000039f23f7e7b9
0000039f23f80a19
0000039f52fbb3d9
0000039f898df3d9
0000039fa5bcd199
0000039fa5bd4999
0000039fac884139
0000039fbd758d99
0000039fca981e79
0000039fca981ef9
0000039ffe59ea79
000003a018ee0199
000003a031d7f9f9
000003a031d80159
000003a031d81e99
000003a06ea02c99
000003a09c10a8b9
000003a09c110659
000003a0d144c499
000003a0df8c68d9
000003a0df8ced59
00000742bf11e661
0000000000f4b071
0000000000000181
000003a169c09f79
000003a172d83839
000003a19bc262f9
000003a1fe61cb59
000003a20ca94f19
000003a20ca96239
000003a229b5cc59
000003a229b62cb9
000003a258393499
000003a28658fdd9
000003a2b2f53e79
000003a2f22c97b9
000003a304ecde79
000003a3348e9559
000003a3348e9659
000003a35c491699
000003a35c4926b9
000003a35c4927d9
000003a377842739
000003a3a327d479
000003a3a6f5b159
000003a3c4dcd2f9
000003a3c4dcda59
000003a3c4dce179
000003a3c4dce8d9
000003a3c4dd3df9
000003a3c4dd68b9
000003a3d10e7fd9
000003a3d10e8059
000003a3d10e9b99
000003a3d10e9c19
000003a3d10ea2f9
000003a3d10eb199
000003a3d10eb239
000003a3d10eb279
000003a3d10eb8f9
000003a3d10ec1d9
000003a3d10f3599
000003a3d19343d9
000003a3f789bad9
000003a3f78a1859
000003a4507c68b9
000003a475aed3b9
000003a48dbb3c79
000003a4a29d9dd9
000003a4bc181cd9
000003a4c0ba3af9
000003a4e6370e79
000003a5101a6cb9
000003a5ae39c499
000003a5f9ceadf9
000003a606f542f9
000003a6a29e67d9
000003a6a29eb739
000003a6d2123059
000003a6d2124fd9
000003a6d2129ad9
000003a6d2129b79
000003a6f79b4ad9
000003a6f79bb8b9
000003a6f79bcc39
000003a6ff2e0c79
000003a6ff2e0e19
000003a6ff2e0e99
000003a74df08ed9
000003a74df09659
000003a785afaf39
000003a7cac220d9
000003a7cac24039
000003a7fc376e79
000003a849fb6679
000003a849fb66f9
000003a849fb6dd9
000003a849fb7639
000003a8ee5d2d59
000003a938366839
000003a9552ff859
000003a9f8f30319
000003a9f8f31939
000003a9f9477659
000003aa06144e79
000003aa06144ef9
000003aa06146e39
000003aa32fec459
000003aa32fec4d9
000003aa32fecbb9
000003aa32fed839
000003aa32ff4239
000003aa32ff7d79
000003aa32ff7e39
000003aa32ff7f99
000003aa32ff84f9
000003aa32ff8e19
000003aa32ff9799
000003aa32ffa039
000003aa6f0cd619
000003aa858f5cd9
000003aa8a7c59f9
000003aaac1de459
000003aaac1df659
000007555f7cd661
0000000000f4b071
0000000000000181
000003aaaf6859d9
000003aaaf686eb9
000003ab08ca79f9
000003ab08ca8159
000003ab731a9c79
000003ab731ac2d9
000003ab905d7139
000003ab905d7899
000003ab905d83b9
000003ab95f27db9
000003ab95f2d9f9
000003abda4d7b79
000003abda4d7d39
000003abda4d8ef9
000003abda4db859
000003ac1a61bdf9
000003ac1a61d2d9
000003ac2c4520d9
000003ac2c452839
000003ac69f98459
000003ac6a862699
000003acd10f3879
000003ad1bfe7c79
000003ad2d5aac39
000003ad2d5aacd9
000003ad3d555b99
000003ad3e1cd439
000003ad3e1cdb99
000003ad3f2bc739
000003ad6cb576d9
000003ad8fe460b9
000003ad8fe498f9
000003adf5943b19
000003ae0149ca79
000003ae18adf839
000003ae18adf8d9
000003ae18adffb9
000003ae18ae0ad9
000003ae18ae6fd9
000003ae24c0d019
000003ae2f273f19
000003ae4936b0f9
000003ae607040d9
000003ae607091d9
000003aef9567d99
000003aef95684f9
000003aef95697f9
000003aef956b1d9
000003af3d982b99
000003af5f823939
000003af5f8240b9
000003af5f8248f9
000003afafd9cf79
000003afbd9181f9
000003afbd918299
000003afbd918979
000003afbd919419
000003afbd91eb99
000003afcaab1ff9
000003b00019cbd9
000003b00019e1d9
000003b00c287dd9
000003b00c2890f9
000003b00c28a699
000003b00c28fed9
000003b00c294319
000003b027f9a979
000003b02c76bef9
000003b0602699d9
000003b06583fa39
000003b065840199
000003b07b558939
000003b08db7a499
000003b08db81db9
000003b08db84219
000003b093e914b9
000003b0ca4f10d9
000003b0ca4f1379
000003b0d0fb5cb9
000003b0d0fb6419
000003b0eca675d9
000003b0eca67c39
000003b0eca67d59
000003b108e0cbd9
000003b114e5eb79
000003b15eb43799
000003b15eb43ef9
000003b15eb44839
000003b15eb44d99
000003b15eb48119
000003b1825ac159
000003b1825ae7b9
000003b1969a3059
000003b1969a37b9
000003b1969a44f9
000003b1ae97ef59
000003b1ae97fef9
000003b1ae9802b9
000003b1bfbfcef9
000003b287f57359
000003b287f58839
000003b28a7c3159
000003b295614a19
000003b295614bf9
000003b29561eaf9
000003b29fa8e579
000003b29fa8e5f9
000003b2dbf5f2f9
000003b2dbf5f399
000003b2dbf5f4d9
000003b2dbf5fa59
000003b2f9939039
000003b2f993acf9
000003b32516d719
000003b32d75a5d9
000003b375855279
000003b375856599
000003b3a1c71459
000003b3b0e1ce79
000003b3b0e23379
000003b3d3f9ce59
000003b3f0f8ba39
00000767ffe7c761
0000000000f4b071
0000000000000181
000003b405657c19
000003b411de0859
000003b41d1e8999
000003b41e9c7119
000003b41e9c80b9
000003b459a305d9
000003b459a30679
000003b459a30d59
000003b459a31939
000003b459a32819
000003b459a328b9
000003b459a32f79
000003b459a36f99
000003b462103e19
000003b462103ff9
000003b462104b79
000003b462104bf9
000003b48710dc39
000003b4e61081f9
000003b4e6109ab9
000003b4f6f34ad9
000003b4f6f35479
000003b4f6f36899
000003b4f6f36959
000003b4fd1269d9
000003b526f7ef79
000003b526f7f159
000003b5472399b9
000003b54c5da0b9
000003b54c5ddb79
000003b54c5e43d9
000003b579ea49d9
000003b579ea4a59
000003b579ea4a99
000003b579ea5139
000003b579ea8799
000003b59b337479
000003b59c223059
000003b5b756ceb9
000003b5bfecc159
000003b5c901d379
000003b61d455119
000003b61d455199
000003b61d456319
000003b62c155319
000003b637937099
000003b63cdbf2b9
000003b6459fedd9
000003b645a00d99
000003b645a00e19
000003b645a04459
000003b645a06e79
000003b6503990b9
000003b650399159
000003b65039c4f9
000003b6707700b9
000003b67a439779
000003b696515719
000003b696515e79
000003b69651a5b9
000003b69651b379
000003b69651be99
000003b696524999
000003b6a30af5d9
000003b6a30b03d9
000003b6d6335519
000003b6e6f31179
000003b70bbb2459
000003b7b3fff879
000003b7e85ef699
000003b7e85f0479
000003b7e85f0af9
000003b7e85f21f9
000003b83f6837b9
000003b83f684bb9
000003b882e685f9
000003b882e6eb59
000003b882e70399
000003b89afeb6d9
000003b8d141a939
000003b8f2b879d9
000003b8f2b88319
000003b94b0ea459
000003b96cbbfcf9
000003b96cbc1919
000003b9b69e8439
000003ba01b1c6b9
000003ba01b1e079
000003ba18e24f59
000003ba1b6cea79
000003ba534bbb79
000003ba534bcb59
000003bac8b767f9
000003bac8b76f59
000003bac8b7b859
000003bac8b7d6f9
000003bacf6e2139
000003bad11dec19
000003bae87e2bd9
000003baec9597b9
000003baec95a8f9
000003bb227c6399
000003bb32784879
000003bb3c7f0df9
000003bb960a09f9
000003bbb67d56f9
000003bc0d456e39
000003bc26d09459
000003bc39290ff9
000003bc95432699
000003bc9c8ac6f9
000003bca8c53379
000003bcc8036459
000003bcfa880b19
000003bcfa880bb9
000003bcfa881279
000003bcfa8821b9
000003bcfa882599
0000077aa052b761
0000000000f4b071
0000000000000181
000003bd84ecf1f9
000003bd84ed0639
000003bd8b751379
000003bd9f459639
000003bd9f460839
000003bda227cbf9
000003bdad8f7f59
000003bdbeb47179
000003bdd8497db9
000003bdd84991b9
000003bdd8499e79
000003bdfdbe0e39
000003be0be2b8b9
000003bed34cf579
000003bee71fa1b9
000003bee71faef9
000003bf164a6b79
000003bf1b1c42d9
000003bf1b1c5cf9
000003bf1b1cb9d9
000003bf266f9859
000003bf266f98f9
000003bf266f9919
000003bfb5b45059
000003bfb80e0cf9
000003bfb80e7db9
000003c0953fdd19
000003c0a0bae3b9
000003c0a46aea99
000003c0b72a7259
000003c0e51bb6d9
000003c102e47ad9
000003c13fcdef39
000003c15061df99
000003c164eb4b39
000003c164eb5459
000003c182dc5fb9
000003c1a63f7579
000003c1e0307859
000003c1edb6d8d9
000003c1edb6d959
000003c1edb6e039
000003c20d227f19
000003c2260d53b9
000003c258c993f9
000003c258c9ac39
000003c284ea5179
000003c2c70e7f19
000003c2d8aec079
000003c2d8af44d9
000003c2f84cfe39
000003c2f84cfed9
000003c2f84d05b9
000003c2f84d0cd9
000003c37b77ed39
000003c3a986f079
000003c3cae6f9b9
000003c3f6c85ab9
000003c425e2bf19
000003c4890e2cf9
000003c4890e2e99
000003c4890e3bd9
000003c497725bb9
000003c497726b79
000003c497727099
000003c4a490f0b9
000003c4d51a0739
000003c4d51a18b9
000003c500023c39
000003c5072e0039
000003c5072e1ed9
000003c555a9b9b9
000003c555a9c999
000003c555a9ca19
000003c555a9d0f9
000003c58cacb579
000003c59cab4639
000003c59cab4d99
000003c59cab8d59
000003c59cab9db9
000003c5a51c5e39
000003c5aa0e7119
000003c5aa0e7339
000003c5d7c7d3d9
000003c60c658179
000003c61dc4a399
000003c61f1e4ad9
000003c61f1e4b79
000003c61f1e4c39
000003c625367159
000003c63e3f2999
000003c66c171a99
000003c66c172e19
000003c698402039
0000078d40bda761
0000000000f4b071
0000000000000181
000003c6c4fd7bd9
000003c6c87bd2b9
000003c70054d099
000003c70366bf59
000003c70366c0f9
000003c703673d99
000003c703673e39
000003c703674519
000003c703674c59
000003c703674cf9
000003c703674d19
000003c703674e19
000003c7036753d9
000003c703677f99
000003c70c6d3119
000003c70c6d44b9
000003c7448f89f9
000003c76df0b0f9
000003c780214c59
000003c7a08bb4d9
000003c7a76ccc59
000003c7b8f92cb9
000003c7b8f92d59
000003c7db65fef9
000003c7db660659
000003c7db661739
000003c7db662939
000003c7db662a39
000003c8299e5559
000003c8299e5cd9
000003c8299e68d9
000003c8299f05f9
000003c8499ff279
000003c89fb79359
000003c8d5655c59
000003c8fc4f5059
000003c8fc4f50f9
000003c8fc4f57b9
000003c95f6f2219
000003c966872439
000003c98dea9ed9
000003c9db9e3499
000003c9db9e7ff9
000003c9db9e9159
000003c9ffb79cb9
000003ca050fdff9
000003ca05b78b19
000003ca290a4bd9
000003ca4a146bb9
000003ca514d3079
000003ca514d30f9
000003ca514d74b9
000003ca5285f939
000003ca5a897cd9
000003ca5a897d79
000003ca5a898439
000003ca5a898af9
000003ca5a898b79
000003ca5a8a1319
000003ca90974b39
000003ca990142d9
000003ca99014359
000003ca99014399
000003caa71c1839
000003caca4e52b9
000003cad75a65b9
000003cad75a9ed9
000003caf00f8f39
000003caf00f8fd9
000003caf00f90f9
000003caf00f9699
000003caf00fa8d9
000003cb40c53db9
000003cb40c54e19
000003cb60226399
000003cb602274b9
000003cb6a9ad719
000003cb86319d79
000003cb8631b0b9
000003cbe1ea6b39
000003cbe1ea6bd9
000003cbe1ea6d59
000003cbe1ea72b9
000003cbe1ea7c39
000003cbe1ea8319
000003cbe1ea8499
000003cbe1eab179
000003cbe1eb06d9
000003cc88733099
000003cc8b14baf9
000003cc8b150519
000003cc8ea52b19
000003cc8ea54a99
000003ccac40c319
000003ccac40ff59
000003ccac410f99
000003ccac411019
000003ccac412139
000003ccb3685ed9
000003ccdcf6c6f9
000003cce5b09219
000003cd1f63ac39
000003cd345b0fd9
000003cd3bdaf459
000003cd3f4a46f9
000003cd3f4a5a59
000003cd902ce5f9
000003cdd32238f9
000003cdd3224e99
000003ce3d575d79
000003ce40a1f4b9
000003ce4f29fb19
000003ce4f2a6ff9
000003ce4f2a8a39
000003ced561da39
000003ced561dad9
000003ced561e199
000003ced561ea79
000003ced56233b9
000003cee2a23999
000003cee588a4b9
000003cf24de14f9
000003cf27e598d9
000003cf527e3859
000003cf8bb16919
000003cf8bb16bf9
000003cf8bb16c99
000003cf8bb17359
000003cf8bb1c639
000003cf9e656859
000003cf9e657759
000003cf9e65a839
000003cf9e660739
000003cfb98db6f9
000003cfb98dc6d9
000003cfbcde5899
000003cfbcde6a39
000003cfc9051f79
0000079fe1289761
0000000000f4b071
0000000000000181
000003d01effa419
000003d021fd5a19
000003d021fd5ab9
000003d021fd5bf9
000003d021fd6179
000003d021fd69d9
000003d021fd8259
000003d02fea2139
000003d04fba88d9
000003d04fba9039
000003d04fba9af9
000003d04fbaa219
000003d04fbaad79
000003d04fbabdb9
000003d04fbaec19
000003d094d6e3d9
000003d0a6c34199
000003d0d3e068b9
000003d102150ad9
000003d102150b79
000003d122cef9f9
000003d13ef81db9
000003d19140f959
000003d196b74f99
000003d196b75019
000003d196b760d9
000003d196b765b9
000003d196b76899
000003d196b7a8d9
000003d1973c2439
000003d1973c24b9
000003d19cdad899
000003d1b7995979
000003d1b79960f9
000003d1bbdddbf9
000003d1f0a9bff9
000003d217cbd239
000003d217cbd419
000003d219086019
000003d219086759
000003d219087139
000003d26ed75dd9
000003d26ed76559
000003d26ed766b9
000003d26ed76e59
000003d26ed77859
000003d26ed78039
000003d26ed78a19
000003d26ed78c39
000003d280cca7b9
000003d2ab930239
000003d2b55fdcf9
000003d2b55fddb9
000003d2b55fe479
000003d2b55feff9
000003d2b55ffa59
000003d2b5608619
000003d2bc07d339
000003d2bc07da99
000003d32573c479
000003d32581d339
000003d325821279
000003d3e552baf9
000003d3e552bb79
000003d3eeaceb39
000003d3eeacebd9
000003d3eeacebf9
000003d3eeacf299
000003d3eead09d9
000003d3ff34bff9
000003d404cde959
000003d41709b399
000003d41899c319
000003d41f1db5b9
000003d41f1dc819
000003d41f1e1fd9
000003d43d5f42f9
000003d46b06fff9
000003d4c817f1b9
000003d4c91f7c19
000003d4cd3e6d99
000003d4cd3e6e19
000003d4cd3e8299
000003d4e67bcad9
000003d4e67bdc79
000003d4e67bf4b9
000003d533fea4d9
000003d533fea579
000003d533feac39
000003d533feb779
000003d533fee1b9
000003d533ff1ab9
000003d564b234f9
000003d564b23579
000003d564b23c59
000003d564b24639
000003d564b28ad9
000003d56d9fe619
000003d56d9fe699
000003d56d9fed79
000003d56da04df9
000003d578400379
000003d58b9c2039
000003d58cf96e19
000003d58cf97599
000003d58cf98b59
000003d58cf9b639
000003d5b29511d9
000003d5c97d8939
000003d5d76a78f9
000003d5eb755079
000003d5eb755119
000003d5eb7557d9
000003d5eb756619
000003d5eb75d699
000003d5eb75d719
000003d5fe5d6f39
000003d62e60f9f9
000003d62e60fa99
000003d62e610179
000003d69087bcf9
000003d69087f4f9
000003d696b87399
000003d69e6fa919
000003d6a72c7659
000003d6c8a1ead9
000003d6c8a1f939
000003d6f31ff8b9
000003d6f31ff959
000003d6f3200039
000003d6f3200739
000003d6f3200939
000003d6f3201f19
000003d6f3201f99
000003d6f3202e79
000003d6f3202f19
000003d6f3202f59
000003d6f3203119
000003d6f3203259
000003d721e74599
000003d777deaa79
000003d7972e58f9
000003d7a342b339
000003d7aaeb50d9
000003d7aaeb5159
000003d7d85dabb9
000003d840c41f59
000003d840c43179
000003d840c45739
000003d8622f4499
000003d89f0527f9
000003d8a018b999
000003d8f54c5559
000003d91a8c0dd9
000007b281938761
0000000000f4b071
0000000000000181
000003d97180ef59
000003d9770c73d9
000003d9770c7b59
000003d99e939879
000003d9a0b33f59
000003d9a0b35a19
000003d9d8aac699
000003da71f46659
000003da71f46d99
000003da71f47759
000003da71f4d339
000003dac7e274d9
000003dac7e276f9
000003dac7e27c59
000003daca2f02b9
000003daca2f1b59
000003daca2f7b59
000003db58dd9499
000003db58dd9519
000003db58dda899
000003db7555b439
000003db75561559
000003db8b5ba699
000003db9f2905b9
000003db9f290639
000003db9f2907b9
000003db9f290d19
000003dbb2e04cf9
000003dbda0000b9
000003dc01fede39
000003dc090f4af9
000003dc1fa67199
000003dc38b0bef9
000003dc52fe1a59
000003dc52fe1af9
000003dc52fe1b39
000003dc52fe21d9
000003dc52fe2a19
000003dc52fe2b59
000003dc52fe2eb9
000003dc52fe3659
000003dc52fe7119
000003dc5b4873b9
000003dc764c0c99
000003dc80a5b039
000003dc80a5b0d9
000003dc80a5b119
000003dc80a5b799
000003dc80a5bfd9
000003dc80a5c399
000003dc80a5f699
000003dccb4ebd59
000003dccb4ecab9
000003dccb4ecf99
000003dcef76e199
000003dcf100d439
000003dd1f5dec99
000003dd1f5e0319
000003dd3a88f599
000003dd3a8909f9
000003dd3a891b19
000003dd7e6de5b9
000003dd9e040379
000003ddd67e2c19
000003ddd67e4019
000003de03460699
000003de2f363919
000003de31379a39
000003de3137a9b9
000003de3137abb9
000003de6e1e32f9
000003de7781f539
000003de77825d79
000003de9a2103b9
000003de9a210459
000003de9a2119f9
000003deb98fb719
000003deb98fb799
000003deb98fb7d9
000003deb98fbe79
000003deb98fcd79
000003deb98fcdf9
000003ded061e119
000003df1e7db2d9
000003df463e5639
000003df4acd1279
000003e025d44899
000003e030865099
000003e030866539
000003e03086bf79
000003e0376050b9
000003e04e417599
000003e0638a2f59
000003e0894bf439
000003e0b8773e19
000003e0b8775219
000003e1049a60b9
000003e1049a6159
000003e1049a6199
000003e1049a6819
000003e1049a6fd9
000003e1049a7039
000003e1049aa7d9
000003e1049ab699
000003e1159b8ed9
000003e13f178c79
000003e13f179eb9
000003e15e5ce739
000003e1779baab9
000003e189e6eb79
000003e1d59dfaf9
000003e200bf0a59
000003e228e56a99
000003e260e2b5b9
000003e260e2bd39
000007c521fe7861
0000000000f4b071
0000000000000181
000003e2b519a0d9
000003e2da48feb9
000003e2ddbb9499
000003e2ddbba6d9
000003e31fb669f9
000003e32e23b299
000003e32e23b339
000003e32e23ba19
000003e32e23c359
000003e32e23cbd9
000003e32e23cdd9
000003e32e23ce59
000003e33cf5e8b9
000003e35273d019
000003e35a608d79
000003e35a609ed9
000003e39b6c3b19
000003e39b6c3b99
000003e3a2b0ce99
000003e3b1ca24d9
000003e3d8dc33f9
000003e3f459f3d9
000003e425bfb0b9
000003e4285928f9
000003e46117b2d9
000003e501b4f7d9
000003e56b3c28f9
000003e57c78fe79
000003e57c790039
000003e5b9c0edb9
000003e5bf964c19
000003e5d723e4b9
000003e603dac359
000003e603dacab9
000003e60fe45719
000003e6336dfad9
000003e69a7e7239
000003e6d96607f9
000003e6f52bde39
000003e6f6ea39b9
000003e70da0af59
000003e719366859
000003e73ebbbcf9
000003e75ff9ebd9
000003e76a1cc499
000003e76a1cc519
000003e76a1cd679
000003e77c01cb59
000003e77c0230f9
000003e77c023199
000003e77c023879
000003e77c025819
000003e77c028859
000003e7b2d042b9
000003e7b2f84979
000003e7d8f018b9
000003e83af13519
000003e85cb2e899
000003e8764ea439
000003e8957fa839
000003e8957fa8b9
000003e8958037d9
000003e8cd891dd9
000003e8d52341d9
000003e8dc33c5b9
000003e8dc33c659
000003e8dc33cd19
000003e8dc3435b9
000003e94f8814d9
000003e96a09e899
000003e96d7b9cf9
000003e9c9e391d9
000003e9c9e39259
000003e9c9e39939
000003e9c9e3e599
000003e9dc20d2f9
000003e9ebf90d39
000003e9ebf90dd9
000003e9ebf90f39
000003e9ebf91499
000003e9ebf92cd9
000003e9ebf93e39
000003ea04501c39
000003ea16a44cf9
000003ea258a3f79
000003ea660f6cb9
000003ea6ec19cb9
000003ea759e9019
000003ea93d383b9
000003ea93d38439
000003ea93d38b19
000003ea93d39559
000003eaa3b80b99
000003eaea5a4bb9
000003eaea5a5319
000003eaea5a5c99
000003eaea5a8bf9
000003eaea5a8d99
000003eaea5a9d59
000003eaea5aa0d9
000003eaea5aa299
000003eaea5afc99
000003eaea5afd19
000003eaea5b3559
000003eaea5b4779
000003eaea5baa99
000003eaea5bac59
000003eb0a732d79
000003eb0a732e19
000003eb0a7334f9
000003eb0a736a79
000003eb0a739e59
000003eb50c64119
000003eb722bd359
000003eb77b18a59
000003eb77b1f559
000003eb7c12bef9
000003ebdb962759
000003ebdb962919
000003ebdb963139
000003ebdb963b39
000007d7c2696861
0000000000f4b071
0000000000000181
000003ec0d628999
000003ec3ba06e99
000003ec3ba07f19
000003ec3ba07f99
000003ec3ba07fd9
000003ec3ba09ff9
000003ec3ba0c759
000003ec3ba0d199
000003ec3cd290b9
000003ec3cd29159
000003ec3cd2a159
000003ec3cd2ec99
000003ec3cd34699
000003ec7afaf999
000003ec7afafb99
000003ec7afafc19
000003ec7afb7bd9
000003eca58103f9
000003ecbcdb0e19
000003ece3838d19
000003ed2e718ef9
000003ed2e71df59
000003ed2e71dff9
000003ed2e71e139
000003ed2e71e6d9
000003ed52d58339
000003ed52d5c319
000003ed52d5ed19
000003ed548c3219
000003ed548c47d9
000003ed581ac339
000003ed6ff80ff9
000003ed6ff81199
000003ed8a831d79
000003ed8a833219
000003ed8a8344b9
000003ed94c4c959
000003ed94c4ec99
000003ed9d987259
000003edaf456b99
000003edb03f84b9
000003edef22f3b9
000003edef2306f9
000003edef237d39
000003ee5f015c99
000003ee64b500d9
000003ee7166f959
000003ee71670bf9
000003ee8e3916d9
000003eef15e28b9
000003ef016516f9
000003ef01652919
000003ef124daf39
000003ef5c976f79
000003ef5c97db79
000003ef5da8f4b9
000003ef71e425f9
000003efbc758e19
000003efbc75b279
000003eff5655679
000003f0341b2439
000003f0341b2bb9
000003f0341b8659
000003f072768bd9
000003f07991c979
000003f0f1baf319
000003f0f1bb0699
000003f0fac96f19
000003f13d6e0539
000003f1646da219
000003f16d2c83b9
000003f1800176f9
000003f180017e59
000003f1800187f9
000003f1800189b9
000003f1b3cb8fd9
000003f1b3cba2b9
000003f1c7590cf9
000003f1de7999f9
000003f1e1800b79
000003f204f698f9
000003f208b94159
000003f20e3f0c39
000003f20e3f2879
000003f25f87c8b9
000003f284548599
000003f2845496b9
000003f284549739
000003f295e74999
000003f295e7cc19
000003f2b8cd8659
000003f2dfe93ef9
000003f2dfe93f99
000003f2dfe94659
000003f2dfe95559
000003f2e428dbd9
000003f2f0490739
000003f339e0f879
000003f3fad2b1d9
000003f3fad2c779
000003f40b4cf039
000003f497e549b9
000003f4af902499
000003f4b44d5c19
000003f4b44d5cb9
000003f4b44d6399
000003f4b44d6bd9
000003f4b44d7059
000003f4b44de7d9
000003f4c6e8bb19
000003f4ce8f0599
000003f4d284c779
000007ea62d45861
0000000000f4b071
0000000000000181
000003f53691ff99
000003f5369221b9
000003f536925979
000003f54e2c17d9
000003f5b58f3359
000003f5bd8c9039
000003f5c732a9b9
000003f60b098119
000003f60b367c79
000003f613b087f9
000003f65c7d1ad9
000003f67709aaf9
000003f679c61f79
000003f6f5cc21f9
000003f6f5cc5859
000003f728d67899
000003f73b164e79
000003f799a7de99
000003f7b62889b9
000003f7b6288a39
000003f7b6289119
000003f7b628d499
000003f7dc51ad39
000003f7f2c985b9
000003f808927519
000003f8435d6899
000003f8435d7039
000003f8446b1659
000003f86d3fd199
000003f8bdc68259
000003f90a023b59
000003f90a023cd9
000003f90a0242d9
000003f90a029bf9
000003f916c684f9
000003f916c68599
000003f916c68c59
000003f916c6af79
000003f916c6b139
000003f91cf7a5b9
000003f91cf7b819
000003f91cf7be59
000003f928fbc819
000003f938ab6d19
000003f938ab6eb9
000003f93fcae159
000003f948a1dd19
000003f950c4fc39
000003f950c4fcb9
000003f950c4fcf9
000003f950c50399
000003f950c547f9
000003f9ce6c6179
000003f9d8cc6739
000003f9f5efcbb9
000003f9f5efdb79
000003f9f5efdc19
000003f9f5efee19
000003f9f5f01e39
000003f9f7ce7759
000003fa021242b9
000003fa1b744379
000003fa1b7443d9
000003fa2e0da099
000003fa7a6a8d99
000003fa7a6a8e59
000003fa7d80def9
000003fae7ff4a39
000003fb10db48f9
000003fb16ad6a79
000003fb16ad7819
000003fb16ad8139
000003fb16ae1699
000003fb1f4b4bf9
000003fb29349cb9
000003fb2ed62179
000003fb488c1179
000003fb56dbd359
000003fb56dbdf39
000003fb8ca708d9
000003fb8ca71899
000003fb8ca72c59
000003fb8ca73459
000003fb8ca74439
000003fb95ec3139
000003fba78a7ef9
000003fbd3e744b9
000003fbe4052a99
000003fc1c0f57d9
000003fc247b7c19
000003fc35d4fe79
000003fc45229119
000003fc59c7e3d9
000003fc59c7f439
000003fc59c80979
000003fc59c809f9
000003fc59c82399
000003fc59c86d99
000003fc6ffd7679
000003fc6ffde119
000003fc6ffde2b9
000003fc7dca74f9
000003fc7dca8759
000003fc88b21439
000003fcb19a6739
000003fcb19a7e99
000003fd3cdd7a79
000003fd5c769e39
000003fd5c769ed9
000003fd5c76a599
000003fd75e1f899
000003fd75e21219
000003fd75e262d9
000003fd75e272d9
000003fd75e28819
000003fdb0cbc279
000003fdbc158d39
000003fde4caa9f9
000003fde4caaab9
000003fde4caab19
000003fde4caac59
000003fde4cab179
000003fde4cac459
000003fde4cad439
000003fde4cadf59
000003fde4cb4c19
000003fdf45fbe19
000003fe24ad0499
000003fe5abcc0b9
000003fe5abcd159
000003fe5abcd2f9
000003fe5abcd339
000003fe5abcd3f9
000003fe5abcd9d9
000003fe5abce1b9
000003fe7974ba19
000003fe797d4e79
000003fe797d64f9
000003fe797dadf9
000003fe797dcc39
000003fe797e4d39
000003fe7cc71c99
000007fd033f4861
0000000000f4b071
0000000000000181
000003fea7704b19
000003fecedf3d59
000003fef2b7e7f9
000003ff60d110b9
000003ffa137df39
000003ffb5c89359
000003ffbd6d0699
000003ffbd6d1879
000003ffbd6d1ab9
000003ffc68825f9
000003ffc6882d79
000003ffc6882f19
000003ffc6882f99
000003ffc6883a39
0000040001f9a039
00000400050a1ab9
00000400632e9c19
000004007b25d459
00000400c0dc3ed9
00000401149ab939
0000040118ccd619
0000040118cce559
0000040118cce8b9
000004015c39a9b9
00000401876b9579
00000401876b9719
000004019a1170d9
000004019a117279
000004019a117859
000004019a11e6f9
000004019a11e8d9
000004019a11fc59
00000401d7ec7d59
000004027f531739
00000402947bdff9
000004029d44d2f9
00000402a6d7b399
00000402d2b36e99
00000402d2b36f39
00000402d2b375f9
00000402d2b37df9
00000402d2b395f9
00000402d2b3c999
00000402d2b3ca19
00000402d46ba579
00000402d46ba619
00000402d46bacf9
00000403a1dcb0d9
00000403a1e23139
00000403b07d2659
00000403bcaa51d9
00000403bcaa5279
000004043b83cb59
0000040450872579
00000404508725f9
0000040450872cd9
000004047970e639
000004047970e7d9
00000404ba8815b9
00000404ba8833d9
00000404ba8872f9
00000404cadee979
00000404cadeeb99
00000404cadef0d9
00000404d2e30279
00000404d2e31559
00000404d98ba5d9
000004051de782f9
000004051de78379
000004051de798d9
000004051de7a759
000004051de7d4d9
0000040531917099
00000405732fd6d9
00000405732fd759
0000040573304639
0000040583fbae59
0000040583fbfc59
0000040583fc0279
00000405b437c639
00000405b437e179
00000405b437fc39
00000405b7e77899
00000405b7e78699
00000405b7e78c79
000004066a5afa59
0000040690541bb9
00000406973be2d9
00000406973be379
00000406a7dfe8b9
00000406a7dfe959
00000406a7dfffb9
000004070a13de99
000004070a13df39
000004070a13e5f9
000004070a144719
000004071885d659
000004071885d6d9
00000407240cf959
00000407240cf9f9
00000407240d00b9
00000407240dc239
000004072d6f8079
0000040737411539
000004074b38c979
000004074b38ca19
000004074b38d0d9
000004075ceeb439
00000407a424d3f9
00000407a424e339
00000407a424ed19
00000407be9bc6b9
00000407be9bc739
00000407be9bc9f9
00000407be9bca59
00000407be9bdd99
00000407be9bde39
00000407be9bde79
00000407be9be519
00000407c23b0459
00000407c23b1759
0000080fa3aa3961
0000000000f4b071
0000000000000181
00000407db99a579
00000407db99a739
00000407df065c59
00000408024c2359
0000040839e0e319
0000040839e0f6f9
0000040839e0fe79
000004084f65a5d9
000004086a6cc059
000004086a6cc0d9
000004086a6cd679
00000408c8bb6f59
00000409a0ef0819
00000409dd7adad9
0000040a194d4239
0000040a20751dd9
0000040a326d7659
0000040a5ac37539
0000040a5ac3dd39
0000040a7d35de79
0000040abb4eab39
0000040abb4eabb9
0000040ac20232f9
0000040ac2023379
0000040ac2023a59
0000040ac2026ef9
0000040ac2028139
0000040accd93779
0000040ae7d03359
0000040ae7d03ab9
0000040ae7d08179
0000040af2c55419
0000040b3103e639
0000040b893d6df9
0000040ba1dee6d9
0000040be902a3d9
0000040beda16699
0000040beda17339
0000040bf9886479
0000040c1333fbf9
0000040c22ee58f9
0000040c46d11519
0000040c46d11599
0000040c46d11c79
0000040c46d15bd9
0000040c46d17379
0000040c48300eb9
0000040c4b0bf299
0000040c4b0bfa19
0000040c54edd059
0000040c5f6f5d39
0000040c6e177a19
0000040cbceab3b9
0000040cbceab679
0000040cbceabb19
0000040cbceac419
0000040cbceb2099
0000040cc8654259
0000040d3ab4a819
0000040d862337f9
0000040da1ed3bf9
0000040da1ed4d79
0000040dc7c561b9
0000040e7ad0b939
0000040ea8c5e4f9
0000040ea8c5f9d9
0000040ebc99de99
0000040edb7bd019
0000040f6b8b91d9
0000040fbfe4dd39
0000040fbfe53fb9
000004101f6b83f9
000004101f6be259
0000041023333ab9
0000041023334e99
0000041049a05d99
000004105b651279
000004106498fb99
000004106cb597d9
0000041084b47659
0000041095f8bf79
00000410aaae8459
00000410f306d099
000004111f535c39
000004111f536399
000004111f536fb9
000004111f539899
0000082244152961
0000000000f4b071
0000000000000181
00000411366b9e39
0000041155107279
0000041164c7b879
0000041164c80979
0000041164c82e19
00000411a37c92b9
0000041201a0b219
000004121a19cb19
0000041296417b99
0000041296417c19
00000412ad31b719
00000412b18be5d9
00000412b18c0f99
00000412cffe7659
00000412ddfdc139
00000413494594f9
000004134945a459
000004134945f679
000004134c84fa59
000004134c853cb9
00000413787a3419
000004139cbf5279
00000413ca5dfc19
00000413d64b7199
00000413d64b7239
00000413d64b78f9
00000413d64b8439
00000413d64b84d9
00000413d64b8519
00000413d64b8bb9
00000413d64b9c59
000004141053e9f9
00000414270d7bb9
000004143a85a119
000004143a85a1d9
000004143a85a899
0000041452689c99
0000041462d6a719
0000041462d6f5f9
00000414733e6819
000004148231b2b9
00000414add886d9
00000414b18565b9
00000414bb2bf419
00000414bb2c0a79
00000414c8dbfb19
00000415154b3e99
00000415154b4199
00000415154b4239
00000415154b48f9
00000415154b52f9
00000415154b5679
000004151fe8bd59
0000041568d4e439
0000041568d50799
00000415734647f9
00000415a6becc79
00000415a6bf3399
00000415b997e279
00000415c54ae859
00000415c54af779
00000415c73fcf59
00000415c7401099
00000415f9d19539
00000415f9d19c99
00000415f9d1f379
0000041616f02a39
000004161d0812f9
000004161d081a59
000004161d085df9
000004161d086459
00000416213cbdb9
00000416213cc539
00000416213cce19
00000416213cdfb9
00000416213d10f9
00000416213d57f9
000004162740c6b9
000004162740da79
000004162740dc19
000004162740e8b9
000004162740f959
000004162740faf9
00000416274100b9
00000416274140f9
0000041627416699
000004165c383bd9
00000416dcc62579
00000416dcc63499
00000416dcc63bf9
00000416dcc63c99
00000416dcc63e19
00000416e509ef99
00000416e509f6f9
00000416e9e575b9
00000416e9e578f9
00000416eec7fbb9
00000416f3bfa239
000004170ca33a19
000004170ca33bb9
000004170ca33c59
000004170ca347b9
000004170ca34d39
000004170ca34df9
000004170ca359b9
000004170ca35a59
000004170ca36119
000004170ca36e59
000004170ca37899
000004174c5d6d59
0000041768954bd9
000004183d010d59
000004183db91af9
000004186f86a6d9
000004186f86a899
000004186f86ae39
000004186f86bb79
000004186f871eb9
000004186f872d99
0000041928930bb9
000004192b311239
0000041a0a3a1b19
0000041a37111b79
0000041a371121d9
0000041a371123b9
0000041a37113519
0000041a37118ed9
00000834e4801a61
0000000000f4b071
0000000000000181
0000041ac6d994f9
0000041ad27db459
0000041ae79717d9
0000041af30f3fd9
0000041af30f5ad9
0000041af30f5b79
0000041af30f5bb9
0000041af30f5bd9
0000041af30f6239
0000041af30f6cd9
0000041af9c2c539
0000041b36de31f9
0000041b5dcd5439
0000041bc1aa6219
0000041bd8583059
0000041bd8584339
0000041bd8585679
0000041bd8585739
0000041bd8585df9
0000041be0e0bb39
0000041be0e0c299
0000041c30f18059
0000041c4670e519
0000041c4670e599
0000041c4670ec79
0000041c4670fcd9
0000041c467136f9
0000041c9eba38b9
0000041ca0c44719
0000041ca0c45ab9
0000041ca0c45b39
0000041ca0c45c39
0000041ca0c45cb9
0000041ca0c45d59
0000041ca0c46219
0000041ca0c47079
0000041ca0c48079
0000041ca0c4c739
0000041ca0c52779
0000041d175d79f9
0000041d8ea0d959
0000041dff18b279
0000041dff18b9d9
0000041e5b939459
0000041e657296b9
0000041e65729759
0000041e65729e19
0000041e6572a859
0000041e6572fff9
0000041e7523cf99
0000041e7feaad39
0000041ea1a180b9
0000041ea1a19a59
0000041edba617d9
0000041edba61879
0000041edba61f39
0000041edba62a59
0000041edba677f9
0000041edba68b39
0000041edba6a819
0000041ee51d6119
0000041eeffc6d79
0000041ef7c347d9
0000041ef94d5ff9
0000041f11e4a1b9
0000041f11e4a259
0000041f11e4a939
0000041f13dac019
0000041f13dac0b9
0000041f13dac779
0000041f13dad599
0000041f17148159
0000041f17149779
0000041f20b77659
0000041f3143f6d9
0000041f3de43439
0000041fa82699f9
0000041fa826a179
0000041fa826ac59
0000041fa826b1f9
0000041ff9674cb9
0000042016d999d9
000004202ac69ef9
000004202ac6a659
00000420644e4459
00000420644e6739
000004206562d3f9
0000042073d98b99
0000042094610279
00000420946102f9
0000042094610339
000004209e6fc039
000004209e6ff519
00000420d0f4f0f9
00000420fd56b399
000004210c5a5479
000004210c5a5519
000004210c5a5659
000004210c5a5559
000004210c5a5bd9
000004210c5a63b9
000004210c5a6599
000004210c5aecd9
000004210f8180d9
000004214dd55dd9
000004215958f339
000004216e9815b9
000004216e981ed9
00000421de1ed3f9
000004225d1403d9
00000423281b38d9
00000423281b3a59
0000042340276cb9
000004234d3db1d9
000004234d3db279
000004234d3db939
000004237094ca39
000004237e762ff9
000004237e7645d9
000004237e764799
000004239f367779
000004239f368ed9
000004239f90ea99
0000084784eb0a61
0000000000f4b071
0000000000000181
00000424145fb8d9
00000424145fc039
0000042436b69959
0000042447aa0999
00000424be180499
00000424c9511359
00000424ce26ec39
0000042519f09c39
0000042519f0b139
000004252be69a59
000004253d3334b9
000004253d334399
000004255419e8d9
00000425613e3a99
00000425613e76f9
00000425613e8b59
00000425613e8df9
00000425613ed959
0000042589a6ae19
0000042593ac3b99
0000042593ac3c39
0000042593ac42f9
0000042593ac52f9
000004259d19c5b9
000004259d43a659
00000425ba081f19
00000425d429f259
000004260c6a26f9
00000426495f4419
00000426495f5559
00000426495f5719
00000426495f6959
00000426495f8479
00000426495f91d9
00000426495f9259
00000426495fec79
0000042682d476f9
0000042682d47799
0000042682d47e59
0000042682d485d9
0000042682d487d9
0000042682d48879
0000042682d4de59
00000426af6159b9
00000426b661f2f9
00000426b6628a39
00000426de9b81d9
00000426e3549e39
00000426e354a5b9
00000426e354bb99
000004271d56da79
00000427277782f9
0000042736ca42f9
000004274aeba959
0000042777f239d9
0000042779d33539
0000042779d335b9
0000042782eab659
000004279ee3c579
00000427d20adc39
00000427e77a93d9
00000427fa465bf9
00000428120f7c99
0000042875034e99
0000042889b05499
0000042889b05539
0000042889b05c19
0000042889b08b59
00000428be2a37b9
00000428df119059
00000429267e08d9
000004294c699bb9
00000429b64d2339
00000429b64d9fd9
00000429bc6c7239
00000429bc6c8399
00000429d3d5c2b9
00000429d3d5f9d9
0000042a0c84f419
0000042a2e5a9159
0000042a97915479
0000042acb3c5879
0000042ae10c8cd9
0000042af5a02099
0000042b2138fe59
0000042b21398079
0000042b71f2fd99
0000042b71f304f9
0000042b71f34b99
0000042b76c42ed9
0000042b821b2c79
0000042b89ba2199
0000042bb2b1ed39
0000042bb2b20239
0000042bb2b23959
0000042bb4a93719
0000042bb4a93919
0000042bc97f8d59
0000042bc97fa4b9
0000042bc97fbd59
0000042bc9c4e1b9
0000042bc9c4e239
0000042bc9c4e919
0000042bc9c4f3f9
0000042bc9c5cb79
0000042bcd32f599
0000042bcd3308d9
0000042bd648dd99
0000042c0b835d19
0000042c0fe79099
0000042c0fe7a459
0000042c0fe7b3b9
0000042c1f4f8ed9
0000042c39f97599
0000042c49c6a819
0000042c726d4b99
0000042c84eb10f9
0000042c84eb1199
0000042c84eb2479
0000042c84eb30d9
0000042c84eb3299
0000042c84eb3c39
0000042c931ba3f9
0000042c96af3739
0000042ca07f0279
0000042ca07f0319
0000042ca07f09f9
0000042cb9085339
0000042cd164c1f9
0000042cd1651e79
0000042ce4026bb9
0000042ce40283d9
0000042ce402bed9
0000042ce402ecd9
0000042cf0b1a999
0000042d0c971359
0000085a2555fb61
0000000000f4b071
0000000000000181
0000042d3f5c0fd9
0000042d3f5c1079
0000042d3f5c1739
0000042d3f5c8999
0000042d5344d1f9
0000042d61197cd9
0000042d61197d79
0000042d61198439
0000042d6119d5d9
0000042d6119d8b9
0000042db7984c19
0000042dd168f3b9
0000042dd168f439
0000042de8914bb9
0000042de957d679
0000042de9934119
0000042e102639b9
0000042e41d55f19
0000042e41d55fb9
0000042ea03a2b39
0000042ea03a2d99
0000042ea03ac919
0000042ea98fc0f9
0000042ed015a7b9
0000042ed015a859
0000042ed015af39
0000042f0739fe19
0000042f1040caf9
0000042f74663f79
0000042fb2646699
00000430360d2079
0000043072a35199
0000043073d408f9
0000043073d41cd9
000004307c9742b9
000004312adf8559
000004312adf9519
0000043135022e19
0000043135a09659
000004313ec0def9
0000043159c15539
0000043159c155d9
0000043159c15c99
0000043175ff5f99
0000043175ff66f9
0000043175ff7019
00000431802c25b9
00000431a6210519
00000431a6218419
00000431b0f7ef99
00000431e89c1759
0000043258ac13d9
0000043278e3aa59
000004328eefe279
000004328ef02859
000004328ef02cf9
000004329c0f7499
000004329c0f8799
000004329c0f8839
000004329c0f9bb9
000004329c0fd739
000004329c0fd8f9
00000432fda67cb9
00000433163713d9
0000043316372459
00000433163757b9
000004331cf33799
000004331cf33ef9
000004331cf34959
00000433412fe239
00000433479c8db9
00000433479c9519
0000043378968199
00000433982ad999
00000433d98d1a79
0000043401314fb9
0000043406e76ab9
0000043444892339
00000434733d8df9
00000434750bf579
000004349c6ab2d9
00000434a42e55b9
00000434a42e68b9
00000434b411af99
00000434de0d69b9
00000434de0d7919
00000434de0d7a79
000004354d52f719
000004354d52f7b9
000004354d52f7f9
000004354d52fe99
000004354d530a59
000004354d531cf9
000004358d774dd9
0000043596ec3199
00000435c5c1fe39
00000435dabb5bd9
0000086cc5c0eb61
0000000000f4b071
0000000000000181
000004367c4f87d9
000004367c4f8879
000004367c4f8f39
000004367c4f99b9
00000436a542ddb9
00000436c0e13139
00000436c0e150b9
00000436c1bcb1d9
00000436c1bcd859
00000436c1bcd8d9
00000436c1bcd919
00000436c1bcdfb9
00000436c1bce839
00000436d00cfef9
00000436d00cff99
00000436d00d0fd9
00000436d00d1079
00000436d00d2119
00000436d00d2619
00000436d00d2b59
00000436d00d3739
00000436d00d4f99
00000436d00d82d9
00000436d803db59
00000436e0e987b9
000004372c165639
000004372c1656d9
000004372c165d99
000004372c166859
000004372c1669f9
0000043740f2cad9
0000043747cfedf9
00000437962a1f59
00000437f5d82fd9
00000437ff282f19
00000437ff2840f9
00000437ff284339
00000437ff2844d9
00000437ff285219
00000437ff285879
00000438254fab59
0000043846441f99
000004384d9bd259
000004384d9bff79
00000438eaba0b79
000004391357c619
000004391357d9f9
0000043913584079
000004391b6342b9
000004391b63d4d9
000004391b63d579
000004391b63d5b9
000004391b63dc59
000004391b640779
000004391b6449d9
000004393218c5b9
000004395653e399
000004395653f4f9
000004396a5c4ef9
0000043975c216f9
00000439776126b9
000004397e653119
000004397e653899
000004397e654039
000004397e654279
000004397e654479
000004397e6556b9
000004397e6571b9
000004397e65bd39
000004397e65c1f9
000004397e6620f9
0000043995d02899
00000439e9aacc59
00000439eb978bd9
00000439f4d0cc39
00000439f4d0e339
0000043a0acd2339
0000043a0acd34b9
0000043a0acd47d9
0000043a2e668af9
0000043a2e66a079
0000043a537ec239
0000043a55783279
0000043a5c0d6b99
0000043a5c0d79d9
0000043a5c0d7dd9
0000043a6ec78999
0000043a6ec79999
0000043a6ec79a39
0000043a6ec7a0f9
0000043a6ec7a9d9
0000043a6ec7ac39
0000043a6ec7aef9
0000043a6ec7b1f9
0000043a6ec7c099
0000043a6ec7cd19
0000043abaf6b8b9
0000043abaf724b9
0000043ac27505b9
0000043ae04622b9
0000043aebf09139
0000043af11ffd19
0000043b2ed72cd9
0000043b509dc759
0000043b8260abd9
0000043c51adfb19
0000043c62617539
0000043c62628f39
0000043c6837b359
0000043c6837cad9
0000043c6837cb79
0000043c6837cbb9
0000043d0643c599
0000043d0643ccf9
0000043d0643ce79
0000043d3247c579
0000043d3247c5f9
0000043d3247c739
0000043d3247ccd9
0000043d3247d5b9
0000043d3247d7f9
0000043d324864d9
0000043d3248abb9
0000043d34b3cbd9
0000043d537d2279
0000043dd73bfb19
0000043ddbe0ae39
0000043df966e359
0000043df966fa99
0000043e01f68219
0000043e01f69639
0000043e01f6f919
0000043e07577bf9
0000043e07578cb9
0000043e7014f2f9
0000043e7d4d36d9
0000043e9f242219
0000043ea2094cb9
0000043ea294c179
0000043ed466bab9
0000043ed4673639
0000087f662bdc61
0000000000f4b071
0000000000000181
0000043ff4133739
0000043ff9db1479
000004401f19db39
000004401f19eb59
000004401f1a1379
000004401f1a6299
00000440383afe19
00000440495aa939
00000440589639b9
00000440b9b7a739
00000440d401edb9
00000440d40203d9
00000440d40213b9
00000440d4021eb9
00000440f9b89db9
00000441779ae459
0000044183bb4219
00000441dae3d8d9
00000441dae3e919
00000441dae3f9f9
000004424b7b5999
000004424b7b5a19
000004424b7b60f9
000004424b7b6759
00000442837fb179
000004428550e299
00000442891833b9
0000044289183c79
00000442891849f9
000004428918add9
00000442903bc7d9
000004429d804b19
000004429d807359
00000442ade106d9
00000442b7fe6cf9
00000442cdcd08b9
00000442cdcd0959
00000442cdcd1039
00000442cdcd18f9
00000442cdcd44d9
00000443014a9f39
00000443014ab219
00000443014ad839
0000044318b51f19
000004436b272df9
00000443ca7abf59
00000443ca7abff9
00000443ca7ac6b9
00000443cbe101d9
00000443cbe12379
00000443cbe13519
00000443e72ae4f9
000004444c014c19
000004444c014cb9
000004444c015379
00000444540da8b9
00000444801af159
00000444802979d9
00000444802a2859
0000044483d70499
0000044483d718d9
00000444a8d147d9
00000444b7e19879
00000444e22fd9f9
00000444fb42c299
00000444fb430979
000004450d077179
0000044521d86759
0000044521d867f9
0000044521d88cd9
000004458caa7699
00000445aa16fe19
00000445b4501059
00000445cc092f59
00000445cc092fd9
00000445cc093c99
00000445cc0943f9
00000445cc094d39
00000445cc094dd9
00000445cc0954b9
00000445cc096279
00000445cc097659
0000044601e86439
000004461cade7b9
000004461cadef19
000004461cadfed9
00000446232ea959
000004463a4a1019
0000044677de3799
000004469b54c599
00000446d16055d9
00000446f9d4dd19
00000446fc30d839
00000446fc30eab9
000004470e2b06f9
00000447217f1759
00000447217f2af9
000004479b29ccb9
000004479b29f699
000004479b29f719
000004479b29fdf9
00000447c0310e19
00000447c0310e99
00000447c0311579
0000044811e53379
0000044812495939
000004481ecc8899
000004482d09cb79
000004482d09cbf9
000004482d09daf9
000004482d0a0339
000004483312baf9
00000448826dae59
000004489fd4a859
00000448ac006779
00000448ac0067f9
00000448ac006ed9
00000448f812ea79
000008920696cc61
0000000000f4b071
0000000000000181
0000044906f7e539
00000449423c7619
00000449423c7699
00000449423c7d59
00000449423c7db9
000004496fb2e4b9
00000449fe9c84b9
0000044a0b8169d9
0000044a0f1c8399
0000044a18ea5a99
0000044a74a5bff9
0000044a7cb055d9
0000044a7cb06579
0000044a7cb09c99
0000044a8621ccb9
0000044ad95d5239
0000044ad95d6d79
0000044adef09fd9
0000044b1177b779
0000044b1a9f4119
0000044b2089f859
0000044b2638cb39
0000044b2638cbb9
0000044b2638d299
0000044b2638dc79
0000044b2638dfd9
0000044b2638e679
0000044b26395a39
0000044bbf0794d9
0000044be2a6cb99
0000044c34c9cd39
0000044c70ad7359
0000044c70ad8179
0000044c7f3c0519
0000044c7f3c1ad9
0000044cc1757bb9
0000044cc1757c59
0000044cc1757c99
0000044cc1758319
0000044cc1758c79
0000044cc1758e79
0000044cc9494759
0000044cc9494ed9
0000044cc949a8d9
0000044cf78796f9
0000044d16f2ba79
0000044d28b360b9
0000044d2c2d1d99
0000044d4ca3d739
0000044d5507a6d9
0000044d5507b799
0000044d5507b839
0000044d5507b859
0000044d5507bf19
0000044d5507def9
0000044d9d870099
0000044db11779f9
0000044db5ec43b9
0000044dd08bdc79
0000044e1421f7d9
0000044e14513d79
0000044e2a89a959
0000044e48cd5839
0000044e48cd6879
0000044e48cd6979
0000044e48cd6ad9
0000044e48cd6c39
0000044e48cd6ff9
0000044e48cd7919
0000044e63027419
0000044eaaa74079
0000044ec0f2a6d9
0000044ec11fd0f9
0000044ef6693299
0000044f10b8b479
0000044f10b8c5d9
0000044f10b95499
0000044f10b976d9
0000044f18e7c4f9
0000044f1a0ac419
0000044f1a0ada59
0000044f5a51e059
0000044f5b80a3d9
0000044f5b80bf79
0000044f5b80c159
0000044f5b810d79
0000044f5b8118d9
0000044f5b811dd9
0000044fdde40c99
0000044fdde41419
0000044fdde42199
0000045001bb6939
0000045056df2519
00000450756ab299
00000450ced78c39
00000450dbd733b9
00000450dbd74579
00000450dbd78bd9
00000450dbd7bd39
00000450dfa5b819
0000045110a941b9
0000045110a95219
0000045112f4b579
000004516f8f45f9
000004517fb6d479
0000045187128af9
0000045187129c99
00000451b9b89799
00000451b9b89ef9
00000451b9b8a859
00000451b9b8ae79
00000451b9b8bd59
00000451b9b8c0b9
00000451b9b8f399
00000451b9b8fcf9
00000451deffcc59
000008a4a701bd61
0000000000f4b071
0000000000000181
0000045267e56f79
000004529eb5c659
00000452ab972c99
00000452ab9733f9
00000452ac546059
00000452ac5467b9
00000452ac546f59
00000452ee58cc79
00000452ee58cd19
00000452ee58cd39
00000452ee58d3d9
00000453172533f9
000004531eaba8d9
000004531eabb059
000004531eabb8b9
000004531eac1d99
000004531eac2e19
00000453328af2b9
000004535b474d39
000004536c3a6619
000004536c3a7d99
0000045386bd7b79
000004539f55fff9
000004539f560079
00000453d9c8b4f9
00000453e22e4539
00000454160fda39
00000454160fdab9
0000045443f050d9
0000045467b2c3f9
0000045467b2c939
0000045467b2feb9
0000045467b32e39
00000454b6ef5fd9
00000454b6efcc39
00000454c8bbd159
00000454c8bbd8b9
00000454c8bbe1d9
00000454c8bbe279
00000454c8bbe379
00000454c8bbead9
00000454c9215139
00000454f86d6ff9
00000454f86db199
000004551a605b59
00000455a868eeb9
00000455b1364299
00000455c1b02299
00000455d9f7c379
00000455f4a5deb9
0000045665fc9599
000004567d13f819
000004567d13f939
000004573ef48139
000004573ef481b9
000004573ef48899
000004573ef49779
0000045744a94a19
0000045746afdef9
0000045747088659
00000457491c91f9
00000457491ca639
000004576c391139
0000045773776bf9
00000457775cbe79
0000045785d93019
0000045785d93779
0000045785d94139
00000457d35d8cb9
00000457d35d9e19
00000457e623bc99
00000457e7391559
000004581158f3f9
000004581158f499
000004581158fb59
0000045811594c99
00000458559f1279
00000458559f19f9
00000458559f2679
00000458559f4679
0000045889f3aef9
000004589cb54f79
00000458ab69b759
00000458b34ef479
00000458b34f0ef9
00000458b34f58d9
00000458b34f6c79
00000458d350d879
00000458d350dfd9
00000458d350e979
00000458d44aa699
000004593a5ccbf9
0000045963960fd9
000004599a11a8d9
000004599a122239
00000459a2202b59
00000459a2204059
00000459a2204dd9
00000459ce8a8f79
00000459ce8aa519
00000459ce8aa6b9
00000459ce8afc39
0000045a01f0a419
0000045a22dd2879
0000045a3eea0ef9
0000045a77fa18f9
0000045ab6fbdf39
0000045adcb06759
0000045aead32c59
0000045b2f7532d9
0000045b733bdcd9
0000045b733bdd79
0000045b733bdd99
0000045b733bde79
0000045b733be439
0000045b733bf0b9
0000045b733bf399
0000045b733bf419
0000045b733c0619
0000045b733c0919
0000045b7a6e4a39
0000045b9ae1fb59
000008b7476cad61
0000000000f4b071
0000000000000181
0000045ba9413ad9
0000045ba9415b59
0000045bacf77ef9
0000045bacf7a879
0000045bacf7b8d9
0000045bef8579b9
0000045c02eca0d9
0000045c02ecb0f9
0000045c56ff7799
0000045c8f3bd459
0000045cad17e359
0000045cce7f10d9
0000045cce7f3299
0000045cce7fa559
0000045ce3308df9
0000045ce3309559
0000045ce3309cf9
0000045ce330a0f9
0000045cf3fa9e59
0000045d16ea7059
0000045d46f6a1d9
0000045d46f6b359
0000045d46f6c799
0000045d47481ad9
0000045d52d72499
0000045dc50a2f99
0000045dcea48b59
0000045e2ebc02f9
0000045e55634c79
0000045e660a9699
0000045e660a9859
0000045e86af3699
0000045eaa7a83b9
0000045ec35fa139
0000045ec36000d9
0000045ed9dfb4f9
0000045efe30d359
0000045efe30d4d9
0000045f22269b39
0000045f22269bb9
0000045f2226b539
0000045f2df63559
0000045f71fe5919
0000045f71fecd79
0000045f7cbc9279
0000045f819089d9
0000045f81909bf9
0000045f83964619
0000045fcb033f99
0000045fede320b9
0000045fede335b9
0000046013175739
0000046013179539
0000046032588979
00000460c57fad79
00000460dd34b419
00000460ea0e9ed9
00000461023c5019
0000046129b765b9
000004615ae84c79
0000046170e37ab9
00000461aa72b7d9
00000461c966ecf9
00000461c966ed79
00000461c966f439
00000461ce4df819
00000461ce4e0899
00000461e9635b39
00000461e9635bb9
00000461e9636299
00000461e96369f9
00000461f1e31679
00000462016e0e19
000004621553deb9
0000046217e48b19
000004626717ac59
000004626717ad19
000004626717b3b9
00000462671802d9
000004626e763559
000004626e7635d9
000004626e763cb9
000004626e76a299
000004627a5fe5d9
000004627a5fe659
000004627a5ff519
00000462830f06d9
0000046284ea99b9
0000046284ea9a39
00000462b5d83039
00000462b5d8b259
00000462b5d8c6f9
00000462b5d8c959
00000462b8f38419
00000462b8f385b9
00000462b8f392f9
00000462b8f393f9
00000462b8f3cf39
00000462c30f8119
00000462cf8bda99
00000462cf8be219
00000462cf8c01f9
00000462cf8c5e99
00000462e872f979
00000462e8730b99
000004630fd0cdf9
000004631aa72339
000004631aa723b9
000004631aa736d9
000004631aa73d39
000004631aa7f419
000004631d067619
000004631d067839
000004631d0679b9
0000046324f7ad79
000004636e13b6f9
000004636e143879
000004636e1444f9
000004638a9bb459
000004638a9bb4f9
000004638a9bbbb9
000004638a9bc5d9
000004639b528ff9
000004639b529099
000004639b529779
000004639b52a139
00000463bd5daf19
00000463daab1c59
00000463daab23b9
00000463daab2ef9
00000463daab59d9
00000464013ea819
000004640ab6d179
00000464100b6759
00000464100b7859
000004642bd21c19
000004648a9fa7f9
00000464baaead59
00000464baaec0d9
00000464baaf1d59
000008c9e7d79e61
0000000000f4b071
0000000000000181
0000046527743979
00000465290aa159
00000465290aa1d9
000004657ec3e1b9
00000465bb35fd79
00000465bb3618f9
00000465bb366a99
00000465cde2cf79
00000465cde31c39
00000465cde33fd9
00000466621fccf9
00000466621fd459
00000466621fdd99
0000046662200e39
000004668fc3afb9
000004668fc3c5b9
00000466bf987a99
00000466c8570139
00000466c8571279
00000466f716be39
00000466f716d9b9
0000046731841979
0000046731846239
000004676eb045b9
000004676eb05839
00000467718ee079
0000046786f789f9
00000467be216759
00000467be2174f9
00000467be217b19
00000467d1fcbe39
00000468447fce59
0000046886b9af19
0000046886b9afb9
0000046886b9b679
0000046886b9eb79
0000046886ba23d9
000004689d285b39
000004689d285bb9
000004689d285d39
00000468e4ba8179
00000468e4ba81f9
00000468e4ba8239
00000468e4ba88d9
00000468e4ba98f9
00000468e4bab5f9
00000468e4babe19
00000468e5f81619
00000468ea57fb79
00000468ea5802d9
000004691b9052f9
000004691b9063d9
000004691cfa1b79
000004691cfa2bf9
000004691cfa3159
000004691cfa4379
000004694d5bee79
000004694d5beef9
000004694d5beff9
00000469b9db04d9
00000469b9db71b9
00000469ccbc2079
00000469ccbc3759
00000469ccbc62b9
00000469ccbc6359
00000469ccbc6a19
00000469ccbc7599
00000469ccbc8499
00000469fbaf6499
0000046a308e9859
0000046a308e9a59
0000046a5c41a919
0000046a5c41b919
0000046a5d75e839
0000046a5d75fd79
0000046a5fee9899
0000046a60b07cb9
0000046a8fec6959
0000046aa8c57f39
0000046acdcd1719
0000046acdcd6d99
0000046acdcd8139
0000046ad5cee6f9
0000046aeb7bc3d9
0000046aff6129b9
0000046affd18279
0000046affd189f9
0000046affd199b9
0000046affd19ab9
0000046affd1a059
0000046b1b747f79
0000046b1b74be39
0000046b1b74beb9
0000046b1b74ccb9
0000046b1b74cd59
0000046b1b74d419
0000046b306d8e39
0000046b306d8ed9
0000046b306ddbd9
0000046b306de019
0000046b3b3b2019
0000046b59a1f1d9
0000046b59a204b9
0000046b9bc6efd9
0000046b9bc702f9
0000046b9bc71279
0000046bb5941459
0000046c08792bd9
0000046c1003e179
0000046c11011d19
0000046c11011db9
0000046c11012479
0000046c11012c79
0000046c110159b9
0000046c110174b9
0000046c15388719
0000046c408465f9
0000046c4e579119
0000046ca92c1619
0000046ce1cfd339
0000046ce1cfd3d9
0000046ce1cfdab9
0000046ce1cfe319
0000046ce1cfe399
0000046ce1cfe3d9
0000046ce1cfea79
0000046ce1cff359
0000046ce1cfff79
0000046ce1d00719
0000046ce1d00e99
0000046ce1d023b9
0000046ce1d03959
0000046ce1d040d9
0000046ce1d045d9
0000046ce1d06a39
0000046ce1d0b439
0000046ce53929f9
0000046d075f6eb9
0000046d241f95d9
0000046d241fa419
0000046d64d99db9
0000046d64d9a519
0000046d67744319
0000046d7ccbf8d9
0000046d7ccc0c39
0000046d83c9b899
0000046d83c9b919
0000046d83c9b959
0000046d83c9bff9
0000046d83c9c9f9
0000046db1d3b719
0000046db1d3b799
0000046db1d3ca59
0000046df07fcf59
0000046e1e344e19
0000046e1e345579
0000046e1e346159
0000046e2df55a39
000008dc88428e61
0000000000f4b071
0000000000000181
0000046ecbccfdf9
0000046ecbcd10f9
0000046eed10ef39
0000046eed10efd9
0000046eed10f6b9
0000046eed110139
0000046f1128d139
0000046f2d740379
0000046f54dbf879
0000046f8dd43879
0000046f96b10779
0000046f9906e379
0000046fa75eb0d9
0000046fb01649d9
0000046fb293f559
0000046fb293f5f9
0000046fb293fcb9
0000046fb293fd19
0000046fb2940479
0000046fb2940f59
0000046fcfec44f9
0000046fcfecd7f9
0000046fe69074f9
0000046fe69076d9
0000046fe6908699
0000047017333379
0000047017333419
0000047017333439
0000047017333ad9
0000047018a32af9
000004701f157fb9
000004707ff43c99
000004707ff43eb9
000004707ff443f9
000004707ff44cd9
000004707ff44e39
0000047080b9c8f9
0000047080ba4999
0000047081d5ac39
0000047081d5c0f9
000004708a1d2439
000004708a66d5b9
00000470bf777459
00000470bf778a59
00000470bf778ad9
00000470bf7791b9
00000470bff7c059
00000470f3765419
00000470f3766599
00000470ff47a9f9
00000470ff47b8d9
0000047114c96359
000004711e3d4219
000004711e3d5879
000004716c9c7e79
000004717ad43839
00000471904f8559
00000471904f9759
00000471904fa1f9
00000471a0dd92b9
00000471a0dd9a19
00000471a0ddb679
00000471c6343d19
00000471c6344499
0000047242af37f9
0000047242af3879
000004725aaac3f9
00000472629a3159
000004726a910f19
000004726a911679
000004726a912419
000004726a914979
000004726a9163d9
0000047289e066d9
0000047313b34519
00000473199dba59
00000473199dd359
000004733976c439
000004733976d599
000004733976d819
000004733976ef39
0000047346c71339
000004735c724b99
000004737927a479
00000473b3e58ff9
0000047405896079
0000047431e31059
0000047431e310d9
000004744089a419
00000474408a4839
00000474435e2bb9
00000474435e3f99
00000474502be139
000004747698bab9
00000474b80b3419
00000474d489a399
00000474f2dcccd9
000004752515a7d9
000004752f186b19
000004752f187d79
00000475a4689339
00000475bb57b019
00000475f134aa19
0000047601cbd3f9
0000047601cbdb59
0000047601cbe5f9
0000047601cbf379
0000047601cc83f9
0000047626ce7f59
0000047626ce80f9
00000476372de3d9
000004766dc2c8b9
00000476882e8b19
000004768f9593b9
00000476b70a7e39
00000476c7e02d59
00000476c7e02ef9
00000476c7e04119
00000476ca858339
00000476f8d3e8f9
000004770d105b79
0000047723283719
000004772328acd9
0000047738c40d99
000004774540cb39
000004774540cef9
000004776f906699
000004776f907d19
000004776f9081f9
0000047771baa159
0000047771baa8d9
0000047771baafd9
0000047771bb1c99
000008ef28ad7f61
0000000000f4b071
0000000000000181
00000477aecaf579
00000477aecb05f9
00000477ed3053b9
00000477ed3062b9
00000477f7b13f99
00000477f7b14f99
00000477f7b15f59
00000477f7b1bdd9
00000477ff0fefb9
00000477ff0ff719
0000047802485f19
000004787345da39
0000047956f3a299
00000479a8b37bd9
00000479c5815339
00000479c5a55159
0000047a31b9b739
0000047a31b9d059
0000047a31b9e2f9
0000047a31b9e359
0000047a9db60ad9
0000047a9db61239
0000047a9db61ed9
0000047a9db61f99
0000047ac166dfb9
0000047aef7558f9
0000047b0bd44f39
0000047b0bd45699
0000047b118df019
0000047b61629b59
0000047b88458139
0000047b884581d9
0000047b88458899
0000047b88460f59
0000047bbb3cac79
0000047bbb3d2cb9
0000047c07cbe659
0000047c07cbf759
0000047c1415f3d9
0000047c14160d79
0000047c14168559
0000047c2384a4b9
0000047c23851939
0000047c38c38639
0000047c5c382f99
0000047c938dbe39
0000047c938ddb59
0000047cb36f6619
0000047cb36f66b9
0000047cb36f6d79
0000047cb36f7999
0000047cb36fbc59
0000047cb36fc859
0000047ced3b92d9
0000047d00bcfbd9
0000047d311d7899
0000047d5434dcf9
0000047d5434e9f9
0000047d766ea9b9
0000047db063a359
0000047db063a3f9
0000047db063aad9
0000047db063b1f9
0000047db063b4f9
0000047db063b899
0000047db81713f9
0000047dc04e2399
0000047e1b3dabb9
0000047e1dc46579
0000047e479492d9
0000047e4794b439
0000047e5e02aed9
0000047e5fe3dcb9
0000047e758379b9
0000047e7f8a6a99
0000047e97623cd9
0000047eab9fa6f9
0000047ec521e4d9
0000047ee43037f9
0000047f68edbd59
0000047f68edd219
0000047f68edd9b9
0000047f68ee3359
0000047f73d86379
0000047fcf28b9f9
0000047fcf28d4f9
0000047ffa367399
00000480109f6eb9
000004802d171439
000004805dffe1b9
0000048073be0879
0000048073be0919
0000048073be0fd9
0000048073be1919
0000048073be1999
0000048073be1d19
00000480acecb719
00000480d13037b9
00000480d550b1d9
00000901c9187061
0000000000f4b071
0000000000000181
000004810da35219
000004817053d1b9
00000481a11392f9
00000481a1139a59
00000481a113a659
00000481c7fd8d59
00000481f8d6a2d9
0000048246c07cb9
0000048252fd9db9
00000482ac165939
00000482b0de3e79
00000482b32c2b99
00000482b32c32f9
00000482b32c3c99
00000482b32c5ad9
00000482bfac1c59
000004830876d939
000004833b7bf0f9
000004833cfa5579
000004835a8d8719
000004835a8d9c19
00000483c80a2719
00000483c80a3a59
0000048424307739
0000048435e3fb79
000004843ac010d9
000004843cd61ab9
000004843cd61c99
00000484411e82d9
00000484411e9519
00000484411e9739
0000048453a7f2f9
0000048453a7f4d9
0000048453a7f559
0000048453a809b9
0000048453a83e39
000004848f3d1159
00000484aad0e519
00000484b9533839
00000484cc421699
00000484cc421e19
00000484cc4234b9
00000484cc42f079
00000484cc42f259
00000484e4418759
000004851ba86a39
000004851ba87df9
000004851fbd45b9
000004851fbd4e79
000004851fbd6a39
000004851fbe4619
000004852ef8f499
0000048537f64639
0000048548ae5d59
0000048551ddcbf9
0000048551ddcc79
00000485ca70fcf9
00000485ca7149b9
00000485d4011f39
00000485d4013399
00000485ddd522b9
00000485e3ed3a59
00000485e3edc299
00000485e8f9e8b9
0000048657453b79
0000048657454c59
0000048657454d39
0000048657af8bd9
0000048690844339
000004869084b0b9
000004869c487759
000004869c488899
00000486dde0c3b9
00000486dde0dcb9
00000486f2d63c59
00000487216143b9
00000487243ac479
000004872b9a9919
000004872b9ada19
000004872ebe8359
000004873fc6bcf9
000004873fc6c219
000004873fc6d659
000004873fc70cd9
000004873fc713f9
000004873fc72739
000004875c2f45b9
000004875fe1e799
0000048783455c39
0000048789501099
0000048789501119
00000487895017f9
0000048789502079
00000487895021f9
0000048789504ff9
0000048789506ab9
00000487a20aa1b9
00000487a9bf5a59
00000487a9bfb459
00000487b27e84d9
00000487c9bb1319
00000487cb2380f9
00000487cb238859
00000487cb239219
00000487cf59cd39
00000487cf59cdd9
00000487cf59d4b9
00000487e9b5e699
00000487e9e56879
00000487e9e568f9
00000487e9e56a79
00000487e9e56af9
00000487e9e57939
00000487e9e57a39
00000487e9e57c19
00000488481a4e39
00000488481a4ed9
00000488481a5599
000004884ac201b9
000004886b91b419
00000488adf944b9
00000488af4f4479
00000488af4fb0b9
00000488c2decc39
00000488cb784079
00000488cfe525d9
00000488cfe5ab59
0000048908b9b4b9
000004895b550f79
00000489678b8999
000004896a7d0c79
00000489868f84f9
00000489868ff399
000004899d0f8739
000004899d0f8e99
00000489aabf96d9
00000489aabf9e59
00000489aabfca59
00000489b3f349b9
00000489b3f35119
00000489beec7d19
00000489beec7db9
00000489d36f7d79
00000489d36f9359
0000048a2060e779
0000091469836061
0000000000f4b071
0000000000000181
0000048a60fc17b9
0000048a8d5de859
0000048aa4c47e79
0000048ac3f688d9
0000048ac3f68a59
0000048ac3f68af9
0000048ac3f68b19
0000048ac3f691b9
0000048ac3f69b19
0000048ae31d9cd9
0000048ae79b9cf9
0000048af0038219
0000048af0038299
0000048af0038979
0000048b00c6f2d9
0000048b0b4d76b9
0000048b2856d4d9
0000048b31cac6d9
0000048b387cfff9
0000048b6c8b0a39
0000048ba2e1d3b9
0000048ba2e21159
0000048be3f877b9
0000048be3f87839
0000048bf9afb8d9
0000048c0e7b3bb9
0000048c0e7b4f39
0000048c2e127ad9
0000048c8c7e8399
0000048c944d1179
0000048c96f26359
0000048cb0dc1319
0000048cb0dc1399
0000048d0aa2cfb9
0000048d138bb819
0000048d1a3f0419
0000048d1a3f5379
0000048d510f6179
0000048d6db64bd9
0000048d6db66d39
0000048d758e9bf9
0000048d7b607479
0000048d89cf07d9
0000048d91b04a39
0000048dcd9a4db9
0000048ddbf6c699
0000048e32afd719
0000048e447fbbf9
0000048e584c6db9
0000048e584c6e39
0000048e584c7519
0000048e747875d9
0000048e857ef5f9
0000048e8d72aa19
0000048eab2564b9
0000048eab25dcd9
0000048eae724e59
0000048eae725039
0000048eae7250d9
0000048eae7255b9
0000048eae725799
0000048eae728339
0000048eae72b479
0000048eae72bb59
0000048ed7b96399
0000048effb0d8d9
0000048effb0edb9
0000048effb15e59
0000048effb165b9
0000048effb1a9b9
0000048effb1b799
0000048f09efdd19
0000048f215995d9
0000048f2d0c6c19
0000048f59b89bb9
0000048f7cc20459
0000048fe5b871f9
0000048fe5b87959
0000048fecd87819
000004900a4db579
000004900a4db739
000004900a4dbcd9
0000049016d18bf9
0000049017feca79
0000049017fed1d9
0000049017ff4799
000004904eff5b39
00000490720cf599
00000490858e8bf9
00000490858e8c79
00000490858e9359
00000490858e9f19
00000490858e9fb9
00000490858e9ff9
00000490858ea699
00000490858eafb9
00000490858ef599
000004909d082119
000004909d082199
00000490a6258af9
00000490b8c43699
00000490c65db399
00000490c65e0a59
00000490c65e7ad9
00000490e0deb359
00000490e0df0ef9
00000490ef633199
00000490f18d7df9
00000491404e5ed9
00000491538f4e19
00000491538f6099
0000049160b54999
0000049161663239
00000491616639b9
0000049163d5adb9
0000049163d60db9
00000491a72c6bb9
00000491a72c6c59
00000491a72c8019
00000491c5392c79
000004925abbdad9
00000492a9901519
00000492a9901c79
00000492a9907439
00000492b65d1ef9
00000492c60c4299
00000492d3fbb0f9
00000492d3fbc2b9
00000492ef656899
00000492ef657fb9
000004931fbdce79
000004932d125599
000004932d125639
000004932d125d19
0000049338982f39
00000493389840b9
0000049338984219
0000092709ee5161
0000000000f4b071
0000000000000181
00000493b7df5fb9
00000493ba683099
00000493faee1639
00000493faee1d99
00000494006d6b79
00000494006d79d9
00000494006d8eb9
000004941dc75299
000004943bf8e4d9
000004943bf8f5b9
000004943bf95df9
000004943bf98539
00000494a1cffcd9
00000494a1d00bb9
00000494a1d00d19
00000494a1d011d9
00000494a1d01299
00000494a1d01979
00000494ad5d6d19
00000494ad5d8499
00000494b517dcd9
00000494baadb6b9
00000494eacf9519
00000494eacf9c99
00000494eacfa6f9
00000494eacfadf9
00000494eacfce59
0000049521da6c79
000004953598a779
00000495635d9019
000004957664a899
0000049589a00479
00000495f0781a39
00000495f0781ab9
00000495f0782199
00000496ae08c159
00000496cd01f3d9
00000496cd01fb59
00000496cd020439
00000496cd0205b9
00000496cd0264b9
0000049700c08099
0000049700c0c379
0000049700c0d8d9
0000049700c0dc59
00000497500598f9
000004976fb0b859
000004978a976a39
000004978a976af9
000004978a9771b9
000004978a9779f9
000004978a977dd9
000004978a978379
000004978a978ff9
000004978a97a999
000004978a97ab19
000004978a97c319
000004978a97da39
00000497abe3ba79
00000497bde2e3b9
00000497bde2e539
00000497cceb3299
00000497dce6b679
00000497dce6ca19
00000497dce6d139
00000497dce6e2f9
00000497dce70219
0000049808218399
0000049812bc8779
0000049838a7c599
0000049841b56f39
0000049850c60bf9
000004985ca1e6d9
000004985ca1ee39
000004989a4f68b9
00000498b4b0b0f9
00000498d3571819
00000498e1a4fe99
00000499210a6fb9
0000049924e91cb9
000004992f22ff79
000004992f2306f9
00000499428cc1d9
00000499428ccf39
00000499428cd3b9
00000499939d7299
00000499d4fb0cd9
00000499d4fb1cf9
00000499d4fb1d79
00000499df6efbd9
00000499df6f0c39
00000499df6f44d9
00000499df6f6af9
00000499e41d3979
00000499e41d4a99
00000499f24b52d9
00000499f24b66b9
0000049a32fd9519
0000049a3641edb9
0000049a3e8041f9
0000049a4d141f59
0000049a4d143cb9
0000049a58a9ac39
0000049a659cdbd9
0000049ac5793339
0000049ad27992f9
0000049ad27993b9
0000049ad2799a79
0000049ad279a199
0000049ad279a339
0000049ad279b779
0000049ad279f1f9
0000049ae74f2f79
0000049b1180dff9
0000049b11811899
0000049b5ba01c39
0000049b5ba08d39
0000049b6b3644f9
0000049b92dcb659
0000049bce6e82b9
0000049beba249b9
0000049beba2bb79
0000049bf63ccb79
0000049c233c29d9
0000049c2dcbf6b9
0000049c34675199
0000049c4b588759
0000049c9bf1f079
0000049c9bf1fd19
00000939aa594261
0000000000f4b071
0000000000000181
0000049cdf5d8359
0000049d276fd599
0000049dda303e99
0000049dda303f19
0000049e41a36d39
0000049e7b9f1059
0000049e8dd85699
0000049e96ac47b9
0000049e9798f3d9
0000049ec40b10b9
0000049ec40b1819
0000049f2ee745b9
0000049f2ee7ebf9
0000049f2ee7ff99
0000049f2ee80039
0000049f2ee806f9
0000049f2ee81379
0000049f2ee82b79
0000049f2ee837d9
0000049f2ee84bd9
0000049f2ee8d7d9
0000049f3e3a4479
0000049f41731619
0000049f4eb23bf9
0000049f56f45599
0000049f9a3c2699
0000049fa8353399
0000049fb4521c79
0000049fca975019
0000049fca975f39
0000049fca9760b9
0000049fe41a7359
000004a01b480a79
000004a01b4811d9
000004a02efef619
000004a07e1a82d9
000004a07e1b0659
000004a0c09aae59
000004a0f1dcca99
000004a0f1dccb79
000004a14612b399
000004a14dc0e1f9
000004a1c49cfd79
000004a1c49cfe19
000004a1c49d2bb9
000004a222f54ff9
000004a23e0c2619
000004a284cbc919
000004a284cbcad9
000004a284cbdbf9
000004a284cbdc99
000004a2a5f88519
000004a2a5f88599
000004a2a5f89599
000004a2a9a01db9
000004a2e6093979
000004a2e60940f9
000004a2e6094a99
000004a2e609abd9
000004a2ee803c39
000004a2ee803cd9
000004a2ee804399
000004a334c0ccd9
000004a35b250639
000004a35b251419
000004a362155f79
000004a36215d359
000004a3b8b0bdb9
000004a4344b98f9
000004a4344ba079
000004a4344baa59
000004a4344babb9
000004a4708889b9
000004a470889159
000004a505381899
000004a5379a5a19
000004a5379a5e39
000004a542902ad9
000004a542902b59
000004a542903239
000004a542903af9
000004a5780fb599
000004a596d72939
000004a596d729d9
000004a596d72a19
000004a596d73079
000004a596d74599
000004a596d74b19
000004a596d76479
000004a596d774b9
000004a596d77cd9
000004a596d785d9
000004a596d789d9
000004a596d78a79
000004a596d7c499
000004a596d7ee59
000004a596d7ffd9
000004a59b1ad939
000004a5c7d6db39
000004a5dc1c5a59
000004a5e18dea39
000004a5f3a395f9
000004a5f3a39d79
000004a605b3f019
000004a6122ea2d9
0000094c4ac43361
0000000000f4b071
0000000000000181
000004a64e64d7d9
000004a679ec94f9
000004a7022a8fb9
000004a7022a9179
000004a7348ec7b9
000004a735c56f19
000004a789df94b9
000004a7c24c76f9
000004a7c24c88f9
000004a7d565fbd9
000004a7fd3b6cd9
000004a811583479
000004a8115845b9
000004a84568b479
000004a845b6a2d9
000004a851d5bc79
000004a872a1ab19
000004a8888207d9
000004a8b46303d9
000004a8c02f6f79
000004a8c02f7019
000004a8c02f76f9
000004a8c02f8239
000004a8c0843f79
000004a8c11dbbf9
000004a8e97036f9
000004a92300e3f9
000004a92300ff59
000004a938aac8d9
000004a938aacad9
000004a94846bf59
000004a94846d0b9
000004a94e456a59
000004a9827f19b9
000004a991945859
000004a9919459f9
000004a9dfc12059
000004a9dfc13219
000004aa0e904ad9
000004aa0e906079
000004aa11696ed9
000004aa534feeb9
000004aa60c769b9
000004aa60c78159
000004aa7e8cdd39
000004aaa86fc959
000004aab643a319
000004aab643a399
000004aad81f49d9
000004aaf1c2a9f9
000004aaf29b7759
000004aaf29b87d9
000004aaf29b9e59
000004aaf29bb319
000004aaf29bbc99
000004aafc569279
000004ab332b80d9
000004ab52380d39
000004ab896eea39
000004ab9c9a1ad9
000004abead11a39
000004abebd2d599
000004abebd2d619
000004abebd2dcf9
000004abebd2f659
000004abebd3a199
000004abebd3a8f9
000004abebd41cb9
000004ac3aa00019
000004ac480c7139
000004ac480c71b9
000004ac480c7899
000004ac480c8059
000004ac480c8219
000004ac480c8479
000004ac480c8999
000004ac480c9519
000004ac480c9fb9
000004ac480ce319
000004ac6e691c79
000004ac7dee4639
000004ac85e9b239
000004acc1648a99
000004acc1649a99
000004acc16513b9
000004acc1651519
000004ad1b957d19
000004ad1b958e39
000004ad550a3e19
000004ad551a49d9
000004ad7591f159
000004ad78232419
000004adbcfd34f9
000004adbcfd3579
000004adbcfd35b9
000004adbcfd3c59
000004adbcfe0879
000004adbcfe18f9
000004adbcfe7779
000004add31da8f9
000004ae09692779
000004ae09692819
000004ae09692859
000004ae09698339
000004ae14320099
000004ae14320819
000004ae14321799
000004ae2dcba039
000004ae91ce4cf9
000004aeeb2d8959
000004aeeb2deeb9
000004af02d0d8d9
000004af3a1e6639
000004af43893499
000004af43894439
000004af438957d9
0000095eeb2f2361
0000000000f4b071
0000000000000181
000004afba0c0af9
000004afba0c0b79
000004afba0c1e39
000004b048193bd9
000004b048194899
000004b048194dd9
000004b06cdc5859
000004b098953d79
000004b0a08da299
000004b0ce6bd099
000004b0ce6bd159
000004b0ce6bd819
000004b0ce6c6159
000004b0f87a3d99
000004b103833219
000004b103833979
000004b103834999
000004b1038373d9
000004b103e9ee39
000004b154a13e39
000004b154f940b9
000004b154f95619
000004b1688f5399
000004b1695bb899
000004b1695bbff9
000004b17596ecd9
000004b1b1217759
000004b1d4b111d9
000004b1f7730c59
000004b1ff693099
000004b26dbb4cd9
000004b2a7637ab9
000004b2b1bb03d9
000004b2ce718fb9
000004b301aca399
000004b301aca419
000004b301acaaf9
000004b301acb419
000004b301acb5f9
000004b301acb799
000004b356eec4f9
000004b36a222019
000004b36a2280b9
000004b36a22a199
000004b36a22ee39
000004b36a230339
000004b36fc9cb19
000004b376e47179
000004b378d496d9
000004b378d49759
000004b37beb85d9
000004b3a21e4879
000004b3bb2c5cb9
000004b3bb2c5d59
000004b3bb2c6419
000004b3bb2c70f9
000004b3bb2ccaf9
000004b4450e8e99
000004b455083479
000004b455084ed9
000004b455086679
000004b484466f99
000004b4894ca279
000004b4bd015a19
000004b4dd580119
000004b4dd581199
000004b4dd581239
000004b4dd581259
000004b4dd5818f9
000004b51a9d52f9
000004b51a9d6a39
000004b51a9d7199
000004b51a9d7d59
000004b51a9d84f9
000004b51a9d8bf9
000004b51a9de9d9
000004b51a9df059
000004b550236f59
000004b555288c79
000004b55adc6c59
000004b57ab7a699
000004b57ff08879
000004b583bc2639
000004b593d819d9
000004b598e57eb9
000004b598e593d9
000004b5a1e32d59
000004b5a1e37499
000004b5c05cf0d9
000004b5f8b55bb9
000004b62f29a059
000004b67ca210d9
000004b68b0551d9
000004b69e9257f9
000004b6b3ca7a39
000004b6b6e0d4f9
000004b6b6e0d599
000004b6b6e0e8f9
000004b6c15fd2b9
000004b6c15fd359
000004b6c15fda19
000004b6c16006f9
000004b70cf08bf9
000004b70cf0b3d9
000004b70cf10af9
000004b743f61739
000004b7544fd539
000004b7aadf3fb9
000004b80dc8e279
000004b89e4504d9
000009718b9a1461
0000000000f4b071
0000000000000181
000004b8d92909d9
000004b8d9292419
000004b8da313899
000004b8da3194b9
000004b8e43081f9
000004b8efe151b9
000004b8f9305239
000004b8f9ee3af9
000004b8fce58179
000004b93592ab79
000004b96a54e819
000004b973dc97d9
000004b9e0306279
000004b9e0307ab9
000004b9e6a57199
000004b9e6a57259
000004ba32e1c179
000004ba32e235b9
000004bac8751e19
000004bac8751eb9
000004bac8752599
000004bac8753a99
000004bac8753b19
000004bac87550d9
000004bac8755159
000004badd0c4959
000004bafbbe7119
000004bb00b1c1f9
000004bb5f3389f9
000004bb5f338a99
000004bb5f339159
000004bb5f339299
000004bb5f339319
000004bb5f3399f9
000004bb5f339ab9
000004bb5f33a059
000004bb5f33a0f9
000004bb5f33b1b9
000004bb5f33b2f9
000004bb5f33f799
000004bb5f341839
000004bb5f342779
000004bb5f344479
000004bb5fdf05b9
000004bb5fdf6f59
000004bb74bb3b99
000004bb74bb4319
000004bb87894179
000004bb878941f9
000004bb87894239
000004bb878948d9
000004bb8789b239
000004bb8789c399
000004bbb50e6bf9
000004bbb50e6c99
000004bbb50e6cd9
000004bbb50e8179
000004bbb50e8439
000004bbb50e91b9
000004bbbfe938b9
000004bbd1aae9b9
000004bbd1aaf659
000004bc03350cf9
000004bc03350d79
000004bc03351459
000004bc033529b9
000004bc0cd65059
000004bc277c4319
000004bc32324d79
000004bc4c547b79
000004bc533e34f9
000004bc533e5959
000004bc533eb3f9
000004bc6e4b7f59
000004bc6e8607d9
000004bc82b3b759
000004bc9c022219
000004bcc490adf9
000004bccf1deb19
000004bcfe53bb19
000004bd1dc268b9
000004bd1dc28139
000004bd4158d499
000004bd483503d9
000004bd97566a99
000004bdcf2e85d9
000004be22d8d539
000004be501bf159
000004be5568f5b9
000004bea0e1e9d9
000004beb21738d9
000004beb2173979
000004beb2174059
000004beb217acb9
000004bebc5c0d99
000004bec3da4259
000004bf059ae139
000004bf1f1c08d9
000004bf21d2dcf9
000004bf5716ed39
000004bf571742f9
000004bf5c8b9fb9
000004bfb12c41f9
000004bfce86d1b9
000004bfd3a91239
000004bfe7573299
000004bfeaa69939
000004c01a972b39
000004c03b111479
000004c03b116859
000004c06fb202f9
000004c0819fa159
000004c0819fa1d9
000004c0819fa8b9
000004c0819fc2b9
000004c0819fcf39
000004c0942e4a19
000004c0a20da779
000004c0cdf90b59
000004c0d234f1f9
000004c0d51bb239
000004c135b89ab9
000004c15d1d1bd9
000004c17a26bf99
000004c1cb218559
000004c1e1acabf9
000004c2028dffd9
000009842c050561
0000000000f4b071
0000000000000181
000004c235748a99
000004c235748b39
000004c235748c39
000004c2357491f9
000004c235749ab9
000004c239d1e679
000004c283fa62b9
000004c283fa7879
000004c283fa8819
000004c283fa88b9
000004c283fa8ab9
000004c292a14bf9
000004c2e7d65ef9
000004c2e84a3ff9
000004c321e25bf9
000004c327c4d879
000004c335a0c959
000004c33b0beff9
000004c33b0c1379
000004c361e79f39
000004c3667b6f79
000004c379a64b59
000004c39d0fb419
000004c39d0fb4b9
000004c39d0fca19
000004c39d0fca99
000004c39d0fcaf9
000004c39d0fce19
000004c39d0fd7f9
000004c39d0fdb59
000004c39d0fdc79
000004c39d0fe039
000004c39d100d79
000004c39d100eb9
000004c3c1b09db9
000004c3c1b0a539
000004c3c1b0ac79
000004c45fa36259
000004c48e7d6fd9
000004c4a9163379
000004c4a9163af9
000004c4e7547b39
000004c4e7547bd9
000004c4e7548299
000004c4e754c079
000004c4fc0fe419
000004c4fc0ff3f9
000004c51dd9c6f9
000004c51dd9c799
000004c51dd9d7f9
000004c51dd9dd79
000004c5566d2559
000004c56350e579
000004c56350f859
000004c599e87e99
000004c5c7d81079
000004c5d8d65d39
000004c5d8d6a219
000004c5db14ad99
000004c60a284959
000004c60ee2adf9
000004c63a466359
000004c6598b58d9
000004c6598b6a39
000004c6885c97f9
000004c6adbd4e59
000004c6b643bf39
000004c6b6443bd9
000004c6b6443c79
000004c6b6444079
000004c6b6445279
000004c6b6445319
000004c6c5603ed9
000004c6ccd5c2f9
000004c743edb639
000004c746e0b459
000004c75c25a599
000004c75c25ce19
000004c7816be499
000004c7816be559
000004c7816be679
000004c7816bebf9
000004c7816bf3f9
000004c7b19fa8d9
000004c7b19fa979
000004c7b19fa999
000004c7b19fad79
000004c7b19fb039
000004c7b19fb919
000004c7b19fbab9
000004c7b1a00199
000004c7b1a022f9
000004c7c8623439
000004c7cc8d9259
000004c7f3b7e779
000004c7f3b7fab9
000004c82f8f5b99
000004c8307cb7b9
000004c8424959d9
000004c8679ef9b9
000004c8a7eb5699
000004c8ac7115f9
000004c8cce33bb9
000004c8e44d2779
000004c8e44d6679
000004c90081ded9
000004c90081f359
000004c9225c11b9
000004c9225c6e59
000004c92c0f4119
000004c9585a5739
000004c984a928f9
000004c99948ad59
000004c9cd7fecb9
000004c9cd7ffd99
000004c9cd7ffe39
000004c9cd7ffed9
000004c9cd800599
000004c9cd8012d9
000004c9cd803319
000004c9cd8033b9
000004c9cd803a79
000004c9cd8044f9
000004c9cd804b59
000004c9cd805139
000004c9f13cfd19
000004ca28ff09d9
000004ca28ff0a79
000004ca28ff1139
000004ca28ff9259
000004ca7a98fd99
000004ca7a98fe39
000004cabf0e0f79
000004cad8198ff9
000004cae617e1b9
000004cae62a1219
000004cae62a2739
000004cae62a6bf9
000004cae62a7079
000004cae62a7259
000004cb1d155b19
000004cb1d157159
00000996cc6ff661
0000000000f4b071
0000000000000181
000004cbbd014739
000004cbd56d6839
000004cc7d13e439
000004ccafbdebf9
000004ccebc7c819
000004ccebc7d9d9
000004ccf10e2d99
000004cd321006b9
000004cd4e6cccb9
000004cddf6f26b9
000004cddf6f2899
000004cddf6f2e39
000004cddf6f3019
000004cddf6f3639
000004cddf6f3979
000004cddf6f3a79
000004cddf6f6df9
000004cddf6f94f9
000004cddf6f9639
000004cddf6f9e99
000004ce2b472339
000004ce2b4773d9
000004ce2b478899
000004ce644e0f19
000004ce7f890c99
000004ce96c16fd9
000004cec2313e39
000004cf06ee9439
000004cf2fb5fbf9
000004cf2fb60e19
000004cf2fb67df9
000004cf53795299
000004cf5379ad39
000004cf5f7e1139
000004cf5f7e11b9
000004cf5f7e1339
000004cfdafc1c19
000004cfdafc2df9
000004cfdafc2e99
000004cfdafc3899
000004d003866d79
000004d00386d0d9
000004d00b0d9a79
000004d00b0d9af9
000004d0300c31b9
000004d040e58bf9
000004d044ed94b9
000004d044ed9d79
000004d0457cedf9
000004d087ce2df9
000004d087ce2e79
000004d087ce3499
000004d087ce3559
000004d087ce3d19
000004d087ce3ef9
000004d087cea2b9
000004d087ceb439
000004d087cec3f9
000004d0a0866659
000004d0c37099f9
000004d114f2c999
000004d114f2da19
000004d1361eec59
000004d138a60b79
000004d138a693d9
000004d138a6b0f9
000004d18a0d1a59
000004d1932c0819
000004d1932c3d99
000004d195561e99
000004d19ccd3c59
000004d1dd136599
000004d1e5fb9619
000004d1e5fb96b9
000004d1e5fb97b9
000004d1e5fb96f9
000004d1e5fb9d99
000004d1e5fbad99
000004d1e5fbbe59
000004d1e5fbc379
000004d1e5fbc8d9
000004d1e5fbc979
000004d1e5fbd2d9
000004d1e5fbe439
000004d1e5fc43d9
000004d1fbeffdf9
000004d24e5ed159
000004d24f098599
000004d298db8ed9
000004d2a6b8ebb9
000004d2a6b8ed79
000004d2bdb0e179
000004d2bdb0e659
000004d2bdb14739
000004d2bdb173d9
000004d2bdb19279
000004d2beb2aa99
000004d2ea2ad7b9
000004d2f5e4da79
000004d313ced3b9
000004d344e98159
000004d344e98e39
000004d344e9f979
000004d3586f1819
000004d3586f1f79
000004d3586f2a19
000004d3586f2ab9
000004d3586f2e59
000004d3586f3e99
000004d3786e86f9
000004d3786e8e79
000004d3786e93f9
000004d3786eafd9
000004d3786f20b9
000004d39aa3bcf9
000004d39aa3bd79
000004d39aa3c459
000004d39aa3cc59
000004d39aa40b39
000004d3a1661219
000004d3a16612b9
000004d3a1661999
000004d3a1663399
000004d3a1667339
000004d3b30fa659
000004d3b30fa719
000004d3b30fa819
000004d3b30fadd9
000004d3b30fb759
000004d3b30ffe59
000004d3b3100c39
000004d3b3102759
000004d3ebdda879
000004d3f865cdb9
000004d4803b9e79
000004d4803c2879
000004d4951e6299
000004d4951e9b99
000009a96cdae761
0000000000f4b071
0000000000000181
000004d4b67e1bf9
000004d4ec59fa39
000004d4ec59faf9
000004d53eb4fe79
000004d53eb4fef9
000004d53eb505d9
000004d53eb518f9
000004d53eb52b19
000004d53eb54839
000004d53eb59519
000004d53eb59599
000004d5784e2b99
000004d5784e32f9
000004d5784e3dd9
000004d593c2ed99
000004d5996a28d9
000004d5996a3059
000004d5996a3f59
000004d65c6a4859
000004d65c6a5ad9
000004d6c192e639
000004d6f897f199
000004d75a16dcf9
000004d75afce779
000004d77aca8d79
000004d7a22a6259
000004d80f3aa2b9
000004d80f3aba79
000004d80f3acbb9
000004d83626f379
000004d85ab83859
000004d85ab83a39
000004d85ab83a99
000004d85ab88179
000004d88bf4d439
000004d8928291b9
000004d898aafef9
000004d89e6a5f79
000004d8ab12d899
000004d91b93de99
000004d9669baaf9
000004d9775b2c19
000004d9b0049bb9
000004d9fd941659
000004da064786b9
000004da06479919
000004da0647a079
000004da21b58f99
000004db143cbbd9
000004db641b86d9
000004dba2def1b9
000004dba43733f9
000004dba4375059
000004dbbc51abf9
000004dbdd154439
000004dc037d6699
000004dc037d6739
000004dc037d75f9
000004dc1996e639
000004dc1996e819
000004dc1996edb9
000004dc1996f6f9
000004dc199702f9
000004dc48351d19
000004dc5e30c719
000004dcdbd0d479
000004dcf2294859
000004dcf22957f9
000004dd03a943f9
000004dd06167cd9
000004dd13804d79
000004dd3a341a59
000004ddc4e3fa79
000004ddcb981a39
000004ddcb981af9
000004ddcb9821b9
000004ddcb9826d9
000004de001b1c79
000009bc0d45d861
0000000000f4b071
0000000000000181
000004de23637359
000004de236374f9
000004de33bfa6b9
000004de6b876ad9
000004de6b87bbd9
000004de6e8bd2d9
000004def83bfb79
000004def83c0d39
000004df273aa959
000004dfcce747d9
000004dfcce757f9
000004dfe7f56939
000004e0149ec379
000004e0149ed3d9
000004e0149ed879
000004e0149f20f9
000004e04a3bf439
000004e056c97459
000004e0ba93c039
000004e0ba93d2b9
000004e0bbc086f9
000004e0c1073579
000004e0c1075659
000004e0cb32cb99
000004e0cb333a99
000004e0f8656499
000004e0f8656bf9
000004e0f8657739
000004e0f8658db9
000004e0f865f199
000004e10d9c32d9
000004e12d929e79
000004e145f764f9
000004e162282879
000004e162282fd9
000004e162283c99
000004e1622843f9
000004e162286579
000004e162288db9
000004e16228c919
000004e16228dbd9
000004e1a4260b19
000004e1a4261279
000004e1a4261bd9
000004e1a4262019
000004e1a4267179
000004e1a4267699
000004e1cbc599d9
000004e1fa8ca2d9
000004e26460a899
000004e2910c0ed9
000004e2910c2379
000004e2a23aa219
000004e2bd718f79
000004e2bd718ff9
000004e305039619
000004e305039d79
000004e30503a4d9
000004e30503a879
000004e30503b2b9
000004e30503ec79
000004e3050407d9
000004e30bfcc279
000004e30bfd0519
000004e335b15359
000004e3501fbfb9
000004e368629b19
000004e37c825479
000004e427022b39
000004e427023d59
000004e42702b439
000004e427034779
000004e45ff956b9
000004e46e6406f9
000004e4759e96d9
000004e4759eacb9
000004e47b50a779
000004e48c2bba99
000004e48c2c1b79
000004e49f0f0439
000004e4da4edc99
000004e4da4ede39
000004e4da4ee3f9
000004e4da4efc19
000004e4da4f0d59
000004e536c6a8f9
000004e570a0d9b9
000004e570a0db39
000004e57a3b6d99
000004e57a3b7dd9
000004e582dfc779
000004e582dfdbb9
000004e585398eb9
000004e585399639
000004e585399c39
000004e589fe0cb9
000004e589fe0d59
000004e589fe2a79
000004e59dae42d9
000004e59dae5319
000004e5d46a7459
000004e5eaa2acd9
000004e5eaa2bc59
000004e5eaa2bcd9
000004e5eaa2c3b9
000004e5eaa2f7f9
000004e5eaa330b9
000004e606589279
000004e669905699
000004e6aed34a59
000004e6b5665d59
000004e6d7dfd939
000004e7094463f9
000004e73e3b9a99
000009ceadb0c961
0000000000f4b071
0000000000000181
000004e760d600f9
000004e770017cb9
000004e770018419
000004e770018df9
000004e77365ee79
000004e785516ab9
000004e7bf9350b9
000004e7ee85b539
000004e7ee85b6b9
000004e816490539
000004e8193553d9
000004e819355b39
000004e819356af9
000004e819356cd9
000004e819357279
000004e819357b59
000004e81935b579
000004e826aaf7d9
000004e826aaf879
000004e826aaff59
000004e839977659
000004e863b76af9
000004e865a56b79
000004e8838d8639
000004e8b91952b9
000004e8bd735b39
000004e8bd735bd9
000004e8bd735db9
000004e8bd736299
000004e8bd736a79
000004e8d13d55d9
000004e8fbc546d9
000004e9a671baf9
000004e9a671c939
000004e9a671cc39
000004e9a671ef39
000004e9a6722b39
000004e9bd3fb259
000004e9bd3fb9d9
000004e9bd3fd759
000004e9bd402599
000004e9d65fa299
000004ea1f9f2979
000004ea23f22b79
000004ea2a452b79
000004ea2a452c39
000004ea2a4532f9
000004ea2a453df9
000004ea2a454219
000004ea2a459019
000004ea2a45bbd9
000004ea76bd1179
000004ea76bd8539
000004ea7e6570d9
000004eaa5cb05b9
000004eae85047d9
000004eae8504859
000004eae8504f39
000004eae850a4f9
000004eaed582159
000004eaf0a88d79
000004eafb019e39
000004eb0160eb39
000004eb0160ebb9
000004eb0160ebf9
000004eb0160f299
000004eb016155d9
000004eb0533aff9
000004eb0533b759
000004eb23aa8099
000004eb23aa8139
000004eb23aa87f9
000004eb23aa96f9
000004eb57d5a039
000004eb57d5a419
000004eb57d5b039
000004ebadeccd99
000004ebb66cc239
000004ebb66cc2d9
000004ebc460c9f9
000004ebe4aa1dd9
000004ebf7aa6519
000004ec19821c59
000004ec2c8b5119
000004ec3944e6f9
000004ec3944ee59
000004ec7cb2bed9
000004ec86fad339
000004ec95d1ef19
000004ecc9443979
000004ed0a7447f9
000004ed103f2439
000004ed103f2bb9
000004ed103f33d9
000004ed28f3f8b9
000004ed4a5e6059
000004ed4a5e9d59
000004ed4a5ec3d9
000004ed700e99d9
000004ed700ead79
000004ed9ef2d999
000004edbf7a8c39
000004ee034966f9
000004ee0d88a2b9
000004ee1bac19b9
000004ee339e1d59
000004ee79559c99
000004ee7955af19
000004eed0b45ef9
000004eefc9757f9
000004ef0464aa39
000004ef05c0cbd9
000004ef0ab5d3f9
000004ef12f1a979
000004ef12f1e0b9
000004ef404be459
000004ef807e6139
000004ef807e74d9
000004ef807e83d9
000004efd9a25019
000004f029bdbbf9
000004f07b42e1b9
000004f07b437879
000004f08f097059
000004f08f09fcf9
000009e14e1bb961
0000000000f4b071
0000000000000181
000004f0a9e20bd9
000004f0a9e21339
000004f0a9e21b59
000004f0a9e21bf9
000004f0a9e221f9
000004f0a9e222d9
000004f0a9e24c19
000004f0a9e24c99
000004f0a9e24cd9
000004f0a9e259f9
000004f0a9e26fb9
000004f0a9e2b179
000004f0b64a6679
000004f0bbcab839
000004f0d0c44ad9
000004f134c5e8d9
000004f143b14fb9
000004f15fead8d9
000004f18c2b9259
000004f1abb70539
000004f1d0c7a7d9
000004f1d0c7a859
000004f1e47f66b9
000004f20d4c2fb9
000004f20d4c37f9
000004f211cd9c99
000004f236e23b99
000004f236e24e79
000004f236e25f39
000004f236e276b9
000004f25dc99679
000004f26c592f19
000004f26c593679
000004f26c594079
000004f26c594319
000004f299723879
000004f2a737e259
000004f2a737f4b9
000004f2b308be59
000004f2b308c5b9
000004f2b308da99
000004f2b308e479
000004f2b308f8f9
000004f2b30908f9
000004f2b30949f9
000004f2b3095a19
000004f2b3095c79
000004f2c6c9ef19
000004f2df444299
000004f2f19e7519
000004f2f19e89f9
000004f36aece219
000004f36aecf419
000004f36aed0699
000004f36aed13d9
000004f392050f19
000004f3982c2779
000004f399c73a39
000004f399c74a99
000004f3ae325759
000004f3ae3269f9
000004f3c494f579
000004f3eeba0df9
000004f403a4c999
000004f41f5b5679
000004f462fee0b9
000004f462fef239
000004f462fef699
000004f462fef799
000004f47098b879
000004f4dcbd9939
000004f4dd602779
000004f50c7918d9
000004f5289ce779
000004f533f41f39
000004f570bc79d9
000004f570bce159
000004f5cf1874b9
000004f5cf187c39
000004f5fb003a99
000004f60ff7f6d9
000004f62d3369f9
000004f633342099
000004f633342f59
000004f633343019
000004f66fc10a39
000004f693960af9
000004f6a4c322d9
000004f6cc68f219
000004f6cc68f2b9
000004f6cc68f2f9
000004f6cc68f999
000004f6cc690759
000004f6cc691659
000004f6cc6940b9
000004f6ecbcd059
000004f6fd5d49f9
000004f733bf9f79
000004f737382d99
000004f74f792ad9
000004f74f796639
000004f797307cb9
000004f7ce219bd9
000004f7d1c16599
000004f7f92bc899
000004f7f92bc919
000004f7f92bc959
000004f7f92bcff9
000004f7f92be119
000004f7f92be399
000004f88a68b559
000004f88a690499
000004f89ef78659
000004f89ef786f9
000004f89ef78db9
000004f89ef79a19
000004f89ef79c79
000004f89ef79e99
000004f89ef7a439
000004f89ef7b439
000004f89ef7b899
000004f89ef7c9f9
000004f89ef7f779
000004f89ef88b59
000004f89ef89b59
000004f8dcf0eb59
000004f8dcf0fef9
000004f8dcf0ff79
000004f8dcf11019
000004f8dcf11ad9
000004f8dcf12539
000004f8dcf12e79
000004f8fd83e539
000004f8fd845459
000004f90c700259
000004f91fdee8d9
000004f9708b0879
000004f972767099
000004f99e2e0619
000004f9abb1ab79
000004f9bfad3eb9
000004f9c81005b9
000004f9f6700019
000009f3ee86aa61
0000000000f4b071
0000000000000181
000004f9f7e1b959
000004fa47e9d999
000004fa47e9e879
000004fa572e8739
000004fa85bde079
000004faa66217d9
000004fac011dc19
000004facd202879
000004fad494b439
000004fae250dad9
000004fae250df99
000004fae250e259
000004fae2517039
000004fb2e693399
000004fb38c6e7b9
000004fb4b589db9
000004fb9c0d07b9
000004fbc56668f9
000004fbd381bdf9
000004fbf5250319
000004fbf5250399
000004fbf5250a79
000004fbf52512d9
000004fbff853e39
000004fbff85bd39
000004fbff85c499
000004fc13056ef9
000004fc24e78459
000004fc979546f9
000004fca1039bf9
000004fca103a359
000004fca103b259
000004fcd7a26199
000004fcd7a2a159
000004fcd7a2a9b9
000004fcd7a2c499
000004fcdced5339
000004fcdced5a99
000004fced7d6659
000004fced7d6dd9
000004fced7d75b9
000004fd17c87a19
000004fd5576a6b9
000004fd5576a899
000004fd5576ae19
000004fd5576b859
000004fd6e2cf719
000004fd9faafe59
000004fdaffe0f39
000004fdb0e66519
000004fdb0e6d239
000004fe0ee83c99
000004fe10413a59
000004fe10415cd9
000004fe50082079
000004feae3fdfd9
000004feb5a89cf9
000004feede6ead9
000004feede6eb59
000004feede725d9
000004feede74699
000004feee6f8599
000004ff217c9b99
000004ff217c9c19
000004ff217cacb9
000004ff217ceab9
000004ff22fd7259
000004ff80ef6ff9
000004ff82724479
000004ff82724bf9
000004ff827251b9
000004ff8272ea39
000004ff89e93db9
000004ff89e93e59
000004ff89e93e99
000004ff89e94519
000004ff89e94ed9
000004ffa186cc19
000004ffa186ccb9
000004ffa186d399
000004ffa186dc39
000004ffa186e399
000004ffa186f3f9
000004ffa1872d39
000004ffa1873a79
000004ffa1874b39
000004ffaa79bb79
000004ffae5226f9
000004ffb1e2f139
000004ffc0b0f2f9
000004ffd3e4f259
0000050010c24a59
0000050038435739
000005003c6054b9
000005004e9d7fb9
00000500974ff879
00000500974ff8f9
0000050097500c19
00000500cdc2fa19
00000500ef3b52b9
000005013458a019
00000501405f8fd9
0000050144c8c399
0000050144c8c419
0000050144c96199
0000050144c96219
0000050144c97519
000005015acbe699
000005015f4bd139
000005015f4c2379
0000050175181219
00000501ad3c91b9
00000501c93e0859
0000050216552db9
0000050224837cf9
000005022fa1ed19
000005022fa1ed99
0000050247e77059
00000502c963d839
00000502c963d8b9
00000502d5e88f59
00000502d5e896b9
00000502f7f7f6f9
0000050331c51ad9
00000a068ef19b61
0000000000f4b071
0000000000000181
00000503527fc219
0000050352803b59
0000050352806619
0000050358ba4a39
00000503681b8b99
00000503681b9319
00000503dfb0b8f9
00000503f288e359
00000503f56dc939
000005041c4aa5b9
000005041dcba559
000005043c5604f9
000005046c2cd179
00000504b5a6ac99
00000504b5a6ad19
00000504b5a6cd19
00000504d9138759
000005050ae0c6b9
000005052b1d8339
000005052b1d8579
000005052b1d8a99
000005052b1ddf79
00000505a5db7279
00000505a5dbbfb9
00000505c254a119
00000505c254b579
00000505eeab09b9
0000050623a55599
0000050623a56899
0000050623a56a99
00000506429b32b9
00000506a580a539
00000506fb90acb9
00000507298a97f9
0000050734757119
00000507377b74b9
00000507377bb819
0000050738d376f9
0000050738d38619
0000050738d394f9
00000507b71a25b9
00000507c643d419
00000507cbb8ea39
00000507cbb8eab9
00000507cbb8fe19
00000507cbb97ad9
00000507cbb97b79
00000507cbb98279
00000507eed2d099
00000507fe4f9799
0000050813722f79
000005081e4a5319
0000050868039119
0000050868039199
00000508af9ee499
00000508ce1cd4d9
00000508d45527d9
0000050981eaa679
0000050981eaa819
00000509ad7a2fd9
00000509ad7a4039
00000509ad7a4559
00000509ad7a5b99
00000509c3143959
00000509c3143bd9
00000509d1abd359
00000509dda06179
00000509dda077b9
0000050a163074f9
0000050a63431eb9
0000050a634382f9
0000050b1a5ebd59
0000050b413b7cd9
0000050b4d5f0ed9
0000050b9f065819
0000050bb09601f9
0000050bb09621f9
0000050bd32f9cb9
0000050be1af0a19
0000050be1af17d9
0000050be1af1b19
0000050be1af5f79
0000050c07cef099
0000050c07cef139
0000050c07cef7f9
0000050c07cf0599
0000050c07cf0879
0000050c07cf1f79
0000050c07cf4519
0000050c07cf66d9
0000050c07cf6e59
0000050c141c4459
0000050c141c56d9
0000050c141c5859
0000050c141cab39
0000050c141cb7d9
0000050c141ced39
0000050c54961f59
0000050c9245f2f9
00000a192f5c8c61
0000000000f4b071
0000000000000181
0000050cb8531c19
0000050cb8531c99
0000050cb8532379
0000050cb8533659
0000050cb8538e39
0000050cbfe6cb79
0000050cbfe6cd19
0000050cbfe6da79
0000050cbfe6db19
0000050cbfe6e1f9
0000050cecda7779
0000050cecdab199
0000050cecdac7d9
0000050d0a85bcb9
0000050d0a85bd59
0000050d0a85c419
0000050d0a85df99
0000050d0d7c0b79
0000050d0d7c23d9
0000050d0d7c4319
0000050dab0e8419
0000050e0f434579
0000050e0f434719
0000050e0f434799
0000050e0f435279
0000050e0f435359
0000050e0f436d99
0000050e0f43d1b9
0000050e0f43d3f9
0000050e2a102e79
0000050e3a04b7d9
0000050e3a04d359
0000050e57684179
0000050e5ac60ff9
0000050e8d999fb9
0000050e8d99a139
0000050e8d99e199
0000050ef37f77f9
0000050ef37f7879
0000050f35dc6f39
0000050f35dc7db9
0000050f35dc8e79
0000050f35dcb019
0000050f38cb6379
0000050f3b459c59
0000050f3b459cf9
0000050f3b459d19
0000050f6bbd6539
0000050f81711479
0000050fd3d19c79
00000510075c7d99
0000051015f4b399
0000051015f4bc39
0000051015f4c599
0000051015f4edf9
0000051015f4f3f9
0000051016550819
0000051080fa3119
00000510892ae6d9
00000510aa7f4c59
00000510aa7fe4b9
00000510bde043b9
00000510cf5b1d79
00000510cf5b32f9
00000510da0b1eb9
000005111b267e99
0000051133b22159
0000051144119219
000005114411bb59
000005114b02c219
000005114b02c939
000005114b02d099
000005115b479bf9
00000511d3ff57d9
00000511d3ff5839
00000511d3ff6919
00000511d3ff6ab9
00000511d3ff6f19
00000511d3ff73b9
00000511d3ff7dd9
00000511d3ff82b9
00000511e6065a79
00000511e60661f9
00000511e6066a39
00000511e6066cd9
000005120c1ff1d9
000005120c1ffbb9
000005120c2005d9
0000051217a47799
0000051217a47839
0000051217a47f19
0000051217a48039
0000051217a481b9
0000051217a48979
0000051217a49219
0000051217a4aaf9
000005121ba5f019
000005121ba60399
0000051252423a19
0000051265309219
00000512653092b9
0000051265309979
0000051266cabe99
00000512730958b9
00000512babca619
00000512d73df6d9
00000512d73e1359
00000512f6aa0339
00000512f6aa1e59
0000051301a65cf9
0000051301a65d99
0000051301a65dd9
0000051301a66479
00000513a883a499
00000513ae05d8f9
00000513ea11b779
00000513ea11fad9
00000513ea124219
0000051405a0a819
0000051405a0a8b9
0000051405a0af79
0000051405a0b919
0000051405a0d519
0000051405a0e779
000005141a4d0439
000005141a4d7219
00000514ac492399
00000514b592dff9
00000514c70aaaf9
00000514d9fa6f19
0000051526ef7199
0000051574a956d9
000005157848c8b9
000005157848c939
000005157848d019
000005157848da19
000005157848dbb9
0000051578492df9
00000515a2e3b1b9
00000515a2e463f9
00000515d18ce079
00000a2bcfc77d61
0000000000f4b071
0000000000000181
0000051607733939
0000051607733db9
0000051607734099
00000516895ee679
000005170c23d6f9
000005174d049dd9
000005174d04b039
000005174d053cb9
000005174d055159
00000517b069aa99
00000517ce66b259
00000517ce66b9b9
00000517ce66d0f9
000005187849ecf9
0000051896908a59
00000518cbbd53b9
000005193b3062f9
0000051950f82bd9
00000519af5b8af9
00000519e629d759
00000519e629eb19
00000519e629f119
0000051a09e6d099
0000051a228b5979
0000051a8f4c6a39
0000051ab94e0319
0000051ad06f5d59
0000051ad06fcc79
0000051b28954cd9
0000051b2895a919
0000051b2b6086d9
0000051b2b608759
0000051b2b608e39
0000051b2b609979
0000051b6f435079
0000051b81e13d99
0000051b8fb728d9
0000051bd684c7d9
0000051be28b6039
0000051bff681cf9
0000051bff685d39
0000051c078aa259
0000051c1c745e59
0000051c77fb3eb9
0000051c8de14159
0000051c8de141f9
0000051c8de14219
0000051c8de148b9
0000051c8de19ed9
0000051c930da079
0000051cbdd97099
0000051cbdd9d6b9
0000051cc4f4f279
0000051cc4f4f9f9
0000051cc4f50079
0000051cc4f50699
0000051cc4f50839
0000051cc4f518b9
0000051cc4f51d39
0000051cc4f525d9
0000051cc4f56599
0000051cf14e74f9
0000051cf14e86d9
0000051d00a139b9
0000051d3972d9d9
0000051d46ae9599
0000051d46af3539
0000051d46af4b59
0000051d49ce7199
0000051d6ae02099
0000051d9c97d0d9
0000051d9c97d859
0000051d9c97e039
0000051dbbf42fd9
0000051e043f0d79
0000051e05cd8d39
0000051e2b75c359
0000051e4f8d2ad9
0000051e4f8d3259
0000051e4f8d70b9
0000051ec7bf25f9
0000051edc639a39
0000051efcf80879
0000051f1af43c79
00000a3e70326e61
0000000000f4b071
0000000000000181
0000051f435c4e99
0000051f50816839
0000051f926cf939
0000051fc242f1b9
0000051fdbc45f39
000005201ebf9399
000005201ebf9439
000005203d9c93b9
000005203d9cd399
00000520489ac419
00000520489ac5f9
00000520489acb79
00000520551a3319
0000052068712099
0000052068713239
00000520764f8179
00000520a137c899
00000520a137cff9
00000520cb0fa759
00000520cea55e39
00000521124007f9
000005211d7bc4b9
000005213726f959
0000052137270719
00000521372735b9
0000052137274f99
000005218590a839
00000521a188de79
00000521a188f239
00000521b0d87a59
00000521e3907239
00000521e958b0b9
0000052215c94e99
0000052215c94f19
0000052215c95079
0000052215c955f9
0000052215c97df9
0000052243b32eb9
00000522690bb639
00000522690bd379
000005226b1b9e79
000005227a25cf39
0000052284d0ee59
0000052299ae3c19
0000052299ae50d9
00000522c5385579
00000522d211ddf9
00000522e4a62359
00000522e4a63dd9
00000522e4a65039
000005239937ec59
000005239ab82bd9
000005239ab83d19
000005239ab83e79
000005239ab85199
000005239ce51979
000005239ce51b59
000005239ce520d9
00000523cc611d59
00000523cc611eb9
0000052406e29ed9
0000052406e29f59
0000052406e2a639
0000052406e2afd9
0000052406e2d779
0000052421baac79
0000052421baad19
0000052421bab3d9
0000052438d6ce19
0000052438d71bd9
000005246fe0d819
000005246fe0df79
000005246fe17f19
000005248a3e1b19
00000524d1c34179
00000524f6c02cf9
00000524f6c02d99
00000524f6c03479
00000524fb1a9619
0000052500a13f39
0000052534cabdf9
00000525738d5099
0000052581365399
0000052581366b79
000005258136aeb9
00000525a66a72d9
00000525a66a7a39
00000525ad81c999
00000525ad81ca39
00000525ad81ca59
00000525ad81d0f9
00000525ad81d7d9
00000525ad81df59
00000525ad823799
00000525ad823839
00000525ad8239d9
00000525ad8255d9
00000525c81503d9
00000525e2a07959
00000525e2a079d9
00000525e2a07a19
00000525e2a07b19
00000525e2a080b9
00000525e2a08659
00000525e2a0d6d9
000005262e691f39
0000052681006959
0000052685441a19
0000052685441ab9
0000052685442199
0000052685446659
000005269edec799
00000526a737c0b9
000005272de3a099
0000052733ff9db9
00000527470bcf99
0000052764c03b99
00000527867c71f9
00000527867cccf9
00000527a0500999
00000527a0500b39
00000527a7940239
00000527bcd7a9d9
00000527bcd7aa79
00000527bcd7b139
00000527bcd7ba79
00000527cfd17159
00000527cfd1a419
0000052811575819
0000052822101e19
0000052822101eb9
0000052822101ed9
0000052822102579
0000052822102d79
0000052822103039
000005285629e919
0000052865604139
00000528656041b9
0000052865604899
0000052865609a99
000005286fe838b9
000005287502b9d9
00000a51109d5f61
0000000000f4b071
0000000000000181
00000528882ad339
00000528a66f8a59
00000528b0eb05b9
00000528b5a9d019
00000528edd8cbd9
00000528edd92bb9
0000052942c8cf79
000005296831dc79
0000052968324eb9
00000529bd23a1f9
00000529bd23a959
00000529bd23df79
00000529bd23edf9
00000529bd23f0b9
00000529bd23fd99
00000529bd240c99
00000529bd240d19
00000529bd240eb9
00000529bd240d59
00000529e180fb59
00000529e180fbd9
00000529e1810c39
00000529e1816559
0000052a027885d9
0000052a02789999
0000052a96e31bd9
0000052a96e32439
0000052a96e34039
0000052ab9f96eb9
0000052ac467a559
0000052ac467a5f9
0000052ac467acb9
0000052ac6ab64d9
0000052acd0ca679
0000052ae4251d19
0000052af17dbf59
0000052b1f67f799
0000052b1f684a99
0000052b1f687339
0000052b1f6873d9
0000052b1f6873f9
0000052b4db9a719
0000052b7dc03a19
0000052b8813cf79
0000052bc7b39659
0000052bfed06399
0000052c2bdc8a59
0000052c6dbccb59
0000052c7dc3beb9
0000052cd027c039
0000052ce150a8f9
0000052ce180df19
0000052d38ab0c99
0000052d38ab1df9
0000052d38ab7559
0000052daea8daf9
0000052dc4228039
0000052dfa8e7899
0000052dfa8e7ff9
0000052dfa8ef4f9
0000052dfa8efef9
0000052e0d6e3319
0000052e1787b319
0000052e1787b3b9
0000052e1787b3f9
0000052e1787ba99
0000052e1787c619
0000052e5f445839
0000052e5f4458b9
0000052e5f446799
0000052e5f4468f9
0000052e5f447859
0000052e5f447fd9
0000052e5f448cd9
0000052e5f448d59
0000052e5f4491f9
0000052e5f44d559
0000052e5f44fb39
0000052e719d4579
0000052e8ee54bf9
0000052ea8d45d59
0000052ec296eff9
0000052ecff05a59
0000052efda923d9
0000052efda9ba19
0000052f1ad5d019
0000052f1ad5d779
0000052f1ad64499
0000052f6ea3fd19
0000052f6ea40c39
0000052f74ba0d19
0000052f8b5677d9
0000052f8b567f39
0000052f8b568a99
0000052f8b568d99
0000052fa0009819
0000052fa000a659
0000052fa000b7d9
0000052fa000ddb9
0000052fbeb24659
0000052fc48cd0b9
0000052fc48cd179
0000052fd7565eb9
0000052fe72cd8b9
0000052fe72ce6f9
0000052fe72ce799
0000052fe72cee59
0000052fe72d5fd9
0000053003d419f9
0000053003d46379
00000530299fedf9
000005304f4f0499
000005304f4f0c19
000005304f4fa1f9
000005305e3d74f9
0000053064b0c159
0000053064b13b59
0000053092818b39
0000053092818bb9
00000530c59ed1d9
00000530ce15e4b9
0000053108266719
000005311e5ee539
000005318aeb7639
000005319e4aea39
00000531a0383159
00000531a03838f9
00000a63b1085061
0000000000f4b071
0000000000000181
000005321bacfd39
000005324b993ef9
000005326fc332f9
000005326fc34fd9
00000532862fcf99
000005328d23b599
00000532b8ea8359
00000532b8ea93f9
00000532bc5a95b9
00000532bc5a9719
00000532bc5a9799
00000532bc5aaad9
00000532cbdae5b9
00000532cbdae779
00000532cbdafd79
00000532de0357b9
00000532ea1676f9
00000532ea168a19
00000532ea170299
00000532f27921d9
00000532f54f6f99
000005333b027979
000005335031fd39
000005337067cc99
000005337067ddd9
00000533706836b9
00000533af1f4339
00000533bcb723f9
000005340e8d9e19
000005340e8db0b9
000005345d3cd159
000005345d3d4339
000005345d3d56d9
00000534b70a9bd9
00000534b70a9c79
00000534b70a9cb9
00000534b70aa339
00000534b8db6a39
00000534b93dd1b9
00000534f13edb79
000005352b332b79
000005352b3332d9
000005352b333999
000005352b333cf9
000005352b3351d9
000005352b338279
000005352b3394f9
000005352b33ad39
0000053548145999
0000053559130af9
0000053559131259
0000053559132299
0000053559136699
0000053559137a39
000005357e9d1759
0000053584c5d0d9
0000053584c5d859
0000053584c5e1f9
0000053584c621b9
000005359d72fff9
00000535dc533119
00000536100b5399
00000536100b5439
0000053629aa3f99
000005363a33de99
000005363a33df19
000005364cd00579
000005364cd05699
000005364cd06839
000005364cd069f9
0000053653939e79
000005365393b279
0000053653940379
000005368900f839
000005368b8171d9
00000536b1664899
00000536b166d2b9
00000536c36aa9d9
00000536c85cc1b9
00000536f95f8d59
00000536f95f8dd9
00000536f95f8df9
00000536f95f94b9
0000053703252359
00000537032534d9
000005373f58ffb9
000005374f927af9
000005374f92b1f9
0000053781928499
000005378192de19
0000053784029d19
00000537a4202299
0000053830344839
000005385843b179
000005385843b239
000005385843b8f9
000005385843c219
000005385843c359
000005385843c459
000005385843c559
000005388b422339
000005388b423b59
00000539048657b9
0000053904865979
000005392442e179
00000539624403d9
000005399fe7e9f9
000005399fe7f179
000005399fe7fbd9
000005399fe7fd19
000005399fe854b9
00000539ef0e7a99
00000539fdd6db19
0000053a1378b879
0000053a13790979
0000053a49a774b9
0000053a65ed4779
0000053a663afcf9
0000053a663b0479
0000053ad1eed8d9
0000053b063dbb59
00000a7651734161
0000000000f4b071
0000000000000181
0000053b324845d9
0000053b32484d59
0000053b32486b59
0000053b32486bd9
0000053b32487c79
0000053b3fd43579
0000053b3fd45179
0000053b4b170eb9
0000053b4b171079
0000053b56466ab9
0000053bb07f52f9
0000053bb07f6179
0000053bb693a9d9
0000053bc918e9d9
0000053bcd736119
0000053beac77339
0000053c570611b9
0000053c6889a219
0000053ccd6329d9
0000053cf2fa5999
0000053cf6474539
0000053d1a4fee99
0000053d2ecb41d9
0000053d405521f9
0000053d503866f9
0000053d50386779
0000053d5038b079
0000053d61eb8659
0000053d6bfbd379
0000053d6bfbd419
0000053d6bfbdad9
0000053d7b39e059
0000053d86371339
0000053d883ab639
0000053dacac0ef9
0000053dba3db119
0000053dba3dc579
0000053dba3e1e59
0000053dbc35e599
0000053df8db2399
0000053e0619c4f9
0000053e1ca9e6f9
0000053e1ca9e879
0000053e1caa36d9
0000053e7c01e439
0000053e7f0a6c99
0000053e7f0a6eb9
0000053e7f0a87b9
0000053ea87039d9
0000053ea8708b19
0000053eb1e2c919
0000053eb406d779
0000053eb9977b59
0000053ebb3abd19
0000053f099e9799
0000053fade0fff9
0000053fb937ecf9
0000053fb937edb9
0000053fb937f479
0000053fb9383b79
0000053fb9384bb9
0000053fb9384c39
0000053fb9385179
0000053fb9385319
0000053fff9eecd9
0000053fff9eedb9
0000054021ad8119
0000054021ad9059
0000054021ad91b9
0000054024660fb9
0000054024661059
0000054024661719
0000054024667df9
000005402b064d19
000005402b066319
000005405bfa7419
0000054070592a79
00000540ba8b1219
00000540bdeae819
00000540bdeafb19
0000054103c8c0d9
000005414d53c9b9
000005414d53ca39
000005414d543979
0000054161c4aa39
0000054185877139
000005418587cb79
00000541c6bc4ed9
000005424e84b299
000005428dc067b9
000005428dc0e419
00000542bc8a76d9
000005433a7fb079
00000543b066e5d9
00000543b0671af9
00000543bbfa7079
00000543d1f7af59
00000543d1f7afd9
00000543e8d35ad9
00000543f1560579
00000543f1561539
00000543f48eedf9
00000543f48f0c19
00000543f48f1dd9
0000054405eb4ef9
0000054405eb4f79
0000054405eb5659
0000054405eb5ef9
0000054408065d99
0000054408067e79
000005443a411ad9
000005443a413479
000005443a4136d9
000005443a413ab9
000005443a413d39
0000054465bf7b99
0000054465bf9659
0000054465bf9d99
0000054465bfaa99
0000054467a6b699
000005446e766c39
00000a88f1de3361
0000000000f4b071
0000000000000181
0000054482503a79
000005448b9fff59
000005448b9ffff9
000005448ba00119
000005448ba006b9
000005448ba01539
000005448ba04579
00000544a944a579
00000544b0975059
00000544c7adda19
00000545111b7399
000005453b994b39
00000545847fc9d9
00000545ac9e2ab9
00000545aecf1799
00000545d03e21b9
00000545e1c33cf9
000005468b9706b9
00000546a4fb0fd9
00000546a4fb20b9
00000546c0b3def9
00000546c0b43f59
0000054706a4d1b9
000005473f3c4619
000005473f9e3779
000005479b0ee859
000005479b0ee8f9
000005479b0eefb9
000005479b0ef8b9
000005479b0f2b99
000005479b0f6519
00000547ab83c279
00000547becad679
00000547becae639
00000547becb63d9
00000547c1f1bb99
0000054812f60fb9
0000054812f61039
0000054812f65c39
00000548197d6b39
000005482d2c6ed9
0000054842951159
000005484b3b8119
000005484b3b8879
00000548b1002879
00000548b2331419
00000548b2335c19
00000548b2336bf9
00000548d45f7ab9
00000548f1739279
0000054927d6a859
0000054927d6a8d9
0000054931cb9819
00000549691bb359
0000054981869499
0000054981869519
000005498a39fa79
00000549983c8c59
00000549b64b3439
00000549e20bd019
00000549e20bd099
00000549f7cf1a99
0000054a302db8b9
0000054a7499f639
0000054a783055b9
0000054a78305659
0000054a78305d19
0000054a78306f79
0000054a783076f9
0000054a78307bf9
0000054a78307d79
0000054a783088f9
0000054a783104f9
0000054a78313039
0000054ab0d352b9
0000054ac6446579
0000054b1f2192f9
0000054b1f21ec79
0000054b53cc54d9
0000054b7a23d279
0000054b7d941c99
0000054b824e6579
0000054b824e65f9
0000054b824e6cd9
0000054b824e7479
0000054baab31359
0000054baab36119
0000054bb720ec59
0000054bcc0971d9
0000054c0c4ae899
0000054c0c4af979
0000054c0c4b5dd9
0000054c2b5bc799
0000054c2b5bc839
0000054c652d9639
0000054c652daa59
0000054c652dcaf9
0000054c652dd279
0000054c652de319
0000054c652e15b9
0000054c65764759
0000054c74c783b9
0000054c74c78839
0000054ca03c55d9
0000054ca03c6759
0000054ca1c34739
0000054cb2d86039
0000054cb2d87399
0000054cb2d87499
0000054cbd6aaa39
0000054cbd6aba19
0000054ce6b4d459
0000054d2ea30019
0000054d31859d99
0000054d31861439
0000054d42b7faf9
0000054dac38dcd9
0000054dba1f3939
0000054dc2521659
0000054dc2522599
00000a9b92492461
0000000000f4b071
0000000000000181
0000054ddc721199
0000054dfaea1ed9
0000054dfaea2ef9
0000054dfaea4d79
0000054e4effe1f9
0000054e6831cf39
0000054ec049e099
0000054ec2e2b119
0000054ec2e2c159
0000054eeea3b939
0000054ef03ecc99
0000054f39ba86b9
0000054f39ba9699
0000054f4a8e2559
0000054f4a8e3b79
0000054f6d86f979
0000054f6d870319
0000054f73291e19
0000054f84c85619
0000054f84c856b9
0000054f84c85d79
0000054f84c86479
0000054f84c86619
0000054fa27a1c19
0000054fa27a31b9
0000054fc21d4fd9
0000054fc21d6139
000005504c01f8d9
0000055063e0ce59
00000550aadc56b9
00000550b0f86d59
00000550bbc93699
00000550cec0bbf9
000005510dcb6c59
0000055111810e39
00000551118127f9
000005511ec99499
000005512f5e24b9
00000551320cbdb9
00000551320cd439
000005514d8fe0f9
000005516cc74d79
00000551efd6f699
00000551efd70859
00000551fc989a99
00000551fc98a7b9
00000551fe3f30d9
0000055232aabdb9
0000055232aabe59
0000055232aac539
0000055232aacd79
0000055232aad079
0000055232aad7d9
0000055232aae8d9
0000055234a34f19
0000055242709a59
00000552d7550499
00000552d7550bf9
00000552d75518d9
00000552d75532b9
00000552dc622459
00000552f78f2179
00000552f78f98f9
000005536e227519
000005537b61c2f9
00000553822ba439
000005539b743519
00000553adcd6519
00000553b18f4339
00000553b18f4ab9
00000553d2418039
00000553d241dff9
000005541e3ac999
000005541e44abb9
0000055461234999
0000055461236459
00000554612364d9
000005547a2c7719
00000555100b6c99
0000055516b8ed79
000005553066d6d9
000005553066d7f9
000005553236eb79
000005553236fdb9
0000055546416279
000005557d3546f9
000005557d3548d9
000005557d354e59
000005557d358bf9
000005557d359419
000005557d359c79
000005557d35a139
000005557d35a579
00000555e2899ef9
00000555edc7a9b9
000005569ad8d419
000005569ad8e439
000005569ad8e539
000005569ad8f5d9
00000556d4b04919
00000556ff1e4979
00000aae32b41561
0000000000f4b071
0000000000000181
000005571ae61599
00000557253eddf9
00000557253eec39
000005573aaf7bd9
000005574c1f4f39
0000055752351599
0000055752351659
0000055752355e39
000005577ba127b9
000005577ba140f9
000005577ba18bd9
0000055784081279
000005579d828f19
000005579d82dc79
00000557c0be0ef9
00000557c0be27b9
00000557c5c4b5f9
0000055804bae199
00000558189e7f99
000005582b24f319
000005587ebb6b99
0000055884da1cb9
0000055884da1e39
00000558a0edf0d9
00000558a0edf159
00000558addb59d9
0000055922aca2f9
0000055922acb659
00000559591cae79
00000559b0172819
00000559b0172f79
00000559b01736d9
00000559b0173a99
00000559b0174539
00000559b0175539
00000559b0176f39
00000559b0177619
00000559b0178519
00000559b017a2d9
0000055a34a5b019
0000055a34a5c2f9
0000055a3f1b4739
0000055a40ff4399
0000055a40ff4b19
0000055a40ff7d19
0000055a4a06f059
0000055a4a06f0f9
0000055a4a06f119
0000055a4a06f7d9
0000055a4a06ff19
0000055a4a0703b9
0000055a4a398a59
0000055a4a39a3b9
0000055a52f1d439
0000055a832cae19
0000055a89b2edf9
0000055aa7dd2919
0000055aa7dd3079
0000055aa7dd40b9
0000055aa7dd5999
0000055aa7dd72b9
0000055ad0b55259
0000055b37e5ea19
0000055b804b29b9
0000055b91eb4939
0000055bd5dc0d59
0000055bd5dc1cd9
0000055bd5dc1d59
0000055bd5dc20f9
0000055bd5dc2df9
0000055bd5dc8519
0000055c792dabf9
0000055c8756b859
0000055c8756c8f9
0000055ca39c9ad9
0000055cb30f3c39
0000055cf46f4ed9
0000055cf46f4f59
0000055cf46f5639
0000055cf46f8439
0000055cf46fbe59
0000055d102406f9
0000055d10241f19
0000055d11e2bcb9
0000055d446f1659
0000055d49eb34b9
0000055d530d6279
0000055d530d62d9
0000055d64be2ad9
0000055d6ca83fd9
0000055d6ca84079
0000055d6ca84739
0000055d6ca85119
0000055d6ca86039
0000055d6ca8a559
0000055d6ca8c939
0000055d9466af59
0000055d9466b6d9
0000055d94672b99
0000055dae6c9479
0000055dae6caab9
0000055db7206a39
0000055dd0e731b9
0000055dd0e73fb9
0000055dd0e74999
0000055dd0e74cb9
0000055dd0e74d39
0000055e00eb3359
0000055e067858f9
0000055e06785a99
0000055e06785b19
0000055e067861d9
0000055e0678b9d9
0000055e14745d99
0000055e5aece419
0000055e6f65e3b9
0000055e9e874899
0000055e9e8759d9
0000055e9e8760d9
0000055e9e87f5f9
0000055e9e87fdb9
0000055e9ecd7439
0000055ea5313839
0000055ea5313f99
0000055ee158a259
0000055ee954c099
0000055f1df40b99
0000055f3c9cc659
0000055f5c6e6fd9
0000055f85d226d9
0000055f99578639
0000055fc1bc6fb9
000005600c2331f9
000005600cd1e239
000005601e7682f9
0000056061485c79
00000ac0d31f0661
0000000000f4b071
0000000000000181
00000560945c29f9
00000560ab324d79
00000560ab325d99
00000560ab327559
00000560ab3275d9
00000560ab327719
00000560ab327cb9
00000560d018bdb9
00000560db1f3b39
000005611170f019
000005611170f959
0000056111710a19
000005611a4e6519
0000056123e4f539
0000056123e503b9
0000056123e55cf9
0000056185b86119
0000056185b8de99
000005618e76fe19
000005618e7712b9
00000561a1661b19
00000561d0c719b9
00000561d0c71bd9
00000561d0c72ef9
00000561d0c72f99
00000561d0c740d9
00000562084f73d9
000005622b003ff9
000005622b004779
000005622b004e39
000005622b004eb9
000005622b005119
000005622b008839
00000562471e2099
0000056247cd9179
0000056249d23a79
0000056255025299
0000056255025339
00000562550259f9
00000562b4ee9599
00000562b4ee9639
00000562b4ee9cf9
00000562b4eea519
00000562d619cad9
00000562e08560f9
00000562e0856af9
00000562e0857759
000005630a34a639
000005630ca7fa79
0000056374314799
0000056376c54c79
000005638458cfd9
00000563b2f4c959
00000563b2f4d879
00000563b2f4d8f9
00000563b2f4dbd9
00000563d4b767d9
00000563de3773b9
00000563de377439
00000563de377479
00000563de37d2d9
00000563f6f3c4d9
0000056402849bf9
0000056441e60c19
0000056464140039
00000564d8355ab9
00000564d8355b59
00000564d8356219
00000564d8357099
00000564d83582d9
00000564d835cfd9
00000564e3e84ab9
00000564e47e97b9
00000564e47ead79
0000056513f063f9
0000056525193c99
000005658d266d59
00000565c5e1aa59
00000565ef8a1f59
00000565ef8a2879
00000565ef8a2f39
00000565ef8a4279
00000565f8750499
00000566212e65f9
000005666380af79
000005666380db99
0000056679cbfa59
00000566910280b9
00000566e1cc3439
00000566f7f907b9
00000566fa45a739
0000056703cbe839
000005672b4463f9
000005672b4472b9
000005672b447759
00000567389f0239
00000567389f7bf9
000005674a5a48d9
00000567a6a763f9
00000567a6a7bb99
00000567a750c219
00000567d59f4f59
00000567d59f6339
00000567dd8fa279
00000567f0086959
0000056806d586f9
0000056806d58e59
0000056806d596f9
0000056806d59b19
000005680ed814d9
000005680ed82819
00000568134981b9
0000056822648519
0000056836aeb859
000005683d39f4b9
0000056878bc6a19
0000056878bc7179
0000056878bc7c39
0000056878bc7f19
0000056878bc9299
0000056878bca879
0000056878bcc119
00000568b6581e79
00000568bcdbc559
00000568d4784b99
00000568e4040039
00000568e40400d9
00000568e4040799
00000568e4277cd9
0000056909a3b1d9
0000056909a3b939
0000056909a427f9
0000056956420499
000005696225ed59
00000569792e4419
00000569b125d179
00000ad37389f761
0000000000f4b071
0000000000000181
00000569c143d6f9
00000569fd1f9899
0000056a0fb26f99
0000056a101bf6f9
0000056a101bfe59
0000056a101c0ff9
0000056a101c1079
0000056a101c19b9
0000056a101c3eb9
0000056a2607b559
0000056a47a42bb9
0000056a47a42d79
0000056a54ca0a79
0000056ad656e3f9
0000056b25411bb9
0000056b25412d59
0000056b30769399
0000056b3b447d59
0000056b3b447dd9
0000056b3b4484b9
0000056b5bad68b9
0000056b63e09d39
0000056b909cf1d9
0000056b909cf299
0000056b909cf959
0000056b909d0299
0000056b909d1119
0000056baf363e59
0000056baf368df9
0000056bd2299419
0000056befdf3dd9
0000056c0c5fc0f9
0000056c0c603ab9
0000056c1f0a00f9
0000056c1f0a4c59
0000056c1f0a5df9
0000056c438a9859
0000056c44836f99
0000056c448376f9
0000056c4483abb9
0000056c960a1359
0000056ca4fb7259
0000056cab4899d9
0000056cab48a839
0000056cab48ba39
0000056cab48c8d9
0000056cab48e559
0000056cab48eef9
0000056cc80b2b99
0000056d56ec84b9
0000056d56ecc3d9
0000056d609987d9
0000056d61cf6659
0000056d61cf66d9
0000056d61cf6719
0000056d65854bb9
0000056d927307b9
0000056db4af5499
0000056dda4a55d9
0000056def192bb9
0000056e2b626299
0000056e2bf12b39
0000056e4f50efb9
0000056e58d0e639
0000056e872016d9
0000056e87201779
0000056e87202cd9
0000056e87202d59
0000056e87203d39
0000056e872044b9
0000056e87205339
0000056e87207ef9
0000056e87209459
0000056e872107b9
0000056ea09f7ed9
0000056eab2f5619
0000056eab2f5d79
0000056eb2c13ff9
0000056ebe45aa19
0000056ebe463959
0000056ebe4639f9
0000056ebe465b79
0000056ede2548d9
0000056ee124d219
0000056f0fd969b9
0000056f0fd96a39
0000056f0fd97119
0000056f0fd976f9
0000056f0fd97db9
0000056f0fd98059
0000056f0fd981b9
0000056f2f4b4599
0000056f36375859
0000056f36375a39
0000056f3637aeb9
0000056f3a03a8b9
0000056f3a03b019
0000056fc1038359
0000056fc10383d9
0000056fc1038419
0000056fc1038ab9
0000056fc1038f19
0000056fc1039a19
0000056fc1039ab9
0000056fc1039af9
0000056fc103a179
0000056fc103f299
0000056fd6160c59
0000056fe0663a19
0000056fe0664199
0000057003bf0619
000005700804c239
000005700804c2d9
000005700804c419
000005700804c999
000005700804dc19
00000570447dcab9
00000570447dcb59
00000570447dcb99
00000570447dd239
00000570447dff79
00000570447e2039
00000570537eb9d9
00000570537ee019
000005706148e539
000005706148e719
0000057077d9d899
0000057077d9d919
00000570a0bf3f19
00000570ab7ade99
000005711e539f79
00000571341a0d99
00000571aa6c20d9
000005722107a639
000005722107ba79
000005728e1d9559
00000572a0ed69f9
00000ae613f4e961
0000000000f4b071
0000000000000181
0000057322b979b9
0000057373e1ceb9
0000057384174259
00000574077d3cd9
000005740c527719
0000057457e6d559
00000574654f3219
000005746e7390b9
000005746e747639
000005747aca6cb9
000005747aca7f19
000005748b053f19
000005748b054679
000005750a131f39
000005750a136399
0000057549ba9439
0000057579889e59
000005757988b5d9
000005757988cc99
00000575798934b9
00000575798951b9
0000057579896839
000005758ef8ceb9
00000575dca53ed9
00000575e4463f79
000005761da79d19
000005761da79d99
000005761da7a9b9
000005761da7ae19
00000576491f40d9
00000576491f4839
00000576491f55f9
000005764d906099
0000057654d96b59
000005765d9f8d19
0000057696719699
00000576f724a879
000005770c6a2339
0000057733ad3979
000005774eaa1339
00000577660427b9
0000057771f50699
00000577b1103dd9
0000057802d93039
0000057802d930d9
0000057802d93799
000005783b9e6b59
00000578418f19f9
000005784b4f9d19
000005786ec9c079
000005789b7c4a79
000005789b7c5899
000005791c8bdf59
0000057923d87619
00000579583f8ed9
00000579bfad3ff9
0000057a11dd4519
0000057a11dd5479
0000057a11dd5bf9
0000057a3a713579
0000057a3a713919
0000057a3a713cf9
0000057a3a7150d9
0000057a82f78259
0000057a88901e39
0000057a8e8bb459
0000057ac0d5f7f9
0000057b0aa4bb99
0000057b234ef8b9
0000057b234f0039
0000057b234f6219
0000057b234f6299
0000057b234f8b59
0000057b337e5a59
0000057b337e6c59
0000057be0c3e999
0000057bf9722d79
0000057c072791d9
0000057c0aba96f9
0000057c159d38d9
0000057c2ce73dd9
0000057c2ce772f9
0000057c2ce7b9d9
0000057c2ce7ca99
0000057c2ce7cb79
00000af8b45fda61
0000000000f4b071
0000000000000181
00000af8b6d16561
0000000000f4b071
0000000000000181
