[MCS8 A] 97 FW 3.104 SV 1.257 
range=1024
periods=2
sweepmode=27e20d0
fstchan=0
holdafter=0
streamstatus=3
calreg0=0
calreg1=0
calreg2=0
calreg3=0
swpreset=8000        
prena=1
syncout=0
cycles=18
sequences=1
tagbits=16
vdac0=92c
vdac1=805
vdac2=8c8
vdac3=8c8
vdac4=8c8
vdac5=8c8
vdac6=8c8
vdac7=8c8
timepreset=150.000     
digio=0
digval=0
autoinc=0 
savedata=2 
mpafmt=asc
sephead=0 
fmt=asc
smoothpts=5 
[CHN1]
REPORT-FILE from 06/25/2026 14:22:05.601  written 06/25/2026 14:22:05
cmline0=06/25/2026 14:22:05.601 
cmline1=A1
range=1024
active=1
bitshift=4
cftfak=2580100
evpreset=10          
roimin=0
roimax=1000
caloff=0.800000
calfact=12.800000
calfact2=0
calfact3=0
calunit=nsec
caluse=1 
[CHN2]
REPORT-FILE from  written 06/25/2026 14:22:05
cmline1=A2
range=1024
active=0
bitshift=4
cftfak=2580100
evpreset=10          
roimin=0
roimax=1000
caloff=0.800000
calfact=12.800000
calfact2=0
calfact3=0
calunit=nsec
caluse=1 
[CHN3]
REPORT-FILE from  written 06/25/2026 14:22:05
cmline1=A3
range=1024
active=0
bitshift=4
cftfak=2580100
evpreset=10          
roimin=0
roimax=1000
caloff=0.800000
calfact=12.800000
calfact2=0
calfact3=0
calunit=nsec
caluse=1 
[CHN4]
REPORT-FILE from  written 06/25/2026 14:22:05
cmline1=A4
range=1024
active=0
bitshift=4
cftfak=2580100
evpreset=10          
roimin=0
roimax=1000
caloff=0.800000
calfact=12.800000
calfact2=0
calfact3=0
calunit=nsec
caluse=1 
[CHN5]
REPORT-FILE from  written 06/25/2026 14:22:05
cmline1=A5
range=1024
active=0
bitshift=4
cftfak=2580100
evpreset=10          
roimin=0
roimax=1000
caloff=0.800000
calfact=12.800000
calfact2=0
calfact3=0
calunit=nsec
caluse=1 
[CHN6]
REPORT-FILE from  written 06/25/2026 14:22:05
cmline1=A6
range=1024
active=0
bitshift=4
cftfak=2580100
evpreset=10          
roimin=0
roimax=1000
caloff=0.800000
calfact=12.800000
calfact2=0
calfact3=0
calunit=nsec
caluse=1 
[CHN7]
REPORT-FILE from  written 06/25/2026 14:22:05
cmline1=A7
range=1024
active=0
bitshift=4
cftfak=2580100
evpreset=0           
roimin=0
roimax=1000
caloff=0.800000
calfact=12.800000
calfact2=0
calfact3=0
calunit=nsec
caluse=1 
[CHN8]
REPORT-FILE from  written 06/25/2026 14:22:05
cmline1=A8
range=1024
active=0
bitshift=4
cftfak=2580100
evpreset=0           
roimin=0
roimax=1000
caloff=0.800000
calfact=12.800000
calfact2=0
calfact3=0
calunit=nsec
caluse=1 
;MCS8 #97 Sversion=1.257 Fversion=3.68
time_patch=1
;datalength=8 bytes
;bit0..3: channel# 1..8 ( 4 bit)
;bit4: edge 0=up / 1=dn ( 1 bit)
;bit5 ..57: timedata    (53 bit), max sweep length 2001.6 h
;bit58..62: tag0..tag4  ( 5 bit)
;bit63:     data_lost   ( 1 bit)
[DATA]
0000000000000016
000000001f715399
0000000036247d79
0000000046af0e39
0000000062b9e699
00000000694f4a99
000000007ca977b9
00000000986895f9
00000000a7f256d9
00000000aa1c68d9
00000000c84f1859
00000000d9dc2f79
00000000e6fdbb19
00000000edb30c99
00000000fc3148d9
0000000116d49e59
0000000116d4b259
00000001324049f9
0000000142af8559
000000016fde2d19
0000000186f83bb9
000000018b7884b9
00000001913510f9
000000019c4f9f19
00000001d4546a19
00000001ef2f3d79
00000001f645ddd9
0000000204712c19
000000020851db59
00000002198b43d9
0000000221fbb3f9
0000000245c7ac19
000000024a9c02b9
00000002822632f9
00000002948a0cf9
0000000299de9ad9
00000002a1558eb9
00000002b543dcd9
0000000303fc4b59
0000000303fc5679
000000030d645819
000000030ff89a39
0000000323e1f359
000000033801e879
00000003517222b9
000000036611c619
000000036c5c6a79
000000036d5da8b9
000000038b9248b9
000000038ce4cc19
000000038d171179
00000003f11d15f9
00000004193665b9
000000041ab0b539
000000042a727419
00000004323e61f9
000000046a8f1179
0000000471073fd9
00000004b9b0c7d9
00000004cd2bdcf9
00000004d7c25439
000000052610ad99
00000005675d5819
000000056e3db519
00000005a97fc119
00000005b07772f9
00000005b627b799
00000005fc6a3219
000000064400f859
00000006778ba479
00000006883ed8d9
00000006910038d9
00000006a641ac99
00000006af573e99
00000006e2878a59
00000006f08a5879
00000006f6fe6f79
00000007189669d9
000000071ef053b9
00000007327179d9
0000000766726759
000000078b26a3f9
00000007d6104a79
0000000804ce0739
000000080613d739
0000000826afef99
0000000850dede39
0000000850e5b439
0000000852dd7219
000000085b086079
00000008a02f40f9
00000008afc803d9
00000008e370bfd9
00000008eb5c0e99
00000008f0376ab9
00000008fd33fe39
0000000932000c19
0000000941804e99
00000009565457b9
000000095fad0ed9
00000009710dd3b9
0000000977990519
00000009800c1439
00000009972a4f99
00000009a4aaf659
00000009ae6c74b9
00000009d3b0f939
00000009d4438b79
00000009eeafb679
0000000a35a47419
0000000a363de2b9
0000000a3952f399
0000000a50828f79
0000000a7e08c1f9
0000000a7e08c299
0000000a9b7d2119
0000000a9b7d30f9
0000000aa15cb719
0000000aabfeeb39
0000000ad8116699
0000000b0b654019
0000000b1ec66859
0000000b2e7add79
0000000b40b81bd9
0000000b61cf0899
0000000b692d17b9
0000000b6d304b79
0000000b6de1e919
0000000b79f769d9
0000000b8178a739
0000000b83a95d59
0000000b9eb5c2b9
0000000ba501abd9
0000000bbe672c79
0000000bd5a2cf59
0000000c22329cf9
0000000c238f3eb9
0000000c67459579
0000000c71e07db9
0000000c8304e1d9
0000000c85e1a859
0000000ca5991ed9
0000000cc957ad59
0000000d24f84499
0000000d36abc359
0000000d4a740a79
0000000d54a97ef9
0000000d5f091b39
0000000d62373a79
0000000d68308ab9
0000000d6c9cd959
0000000d76fc00d9
0000000d8b43a899
0000000d97728f99
0000000da4335339
0000000daaf27379
0000000db3ee04f9
0000000dd5f8c859
0000000deacf5d39
0000000debc0a539
0000000df91f38d9
0000000e45537a19
0000000e744eb179
0000000e7fb7f4f9
0000000e7fd4f8d9
0000000eab03f019
0000000eab040939
0000000eb37233d9
0000000ebf15a9b9
0000000ecf8abc79
0000000ed0bb66b9
0000000eda5f2159
0000000ee1bef679
0000000eecb60979
0000000f3eb94dd9
0000000f4af03879
0000000f7559fb99
0000000f755a0479
0000000f9ac5b5f9
0000000fa9878619
0000000fb5e04bd9
0000000fca9a02f9
0000000fe10d64f9
0000000fe9eef159
0000000ffb5d68b9
000000101c9dc479
00000010225558d9
000000102c026bf9
000000104693d019
000000106fad90d9
0000001073894c79
00000010760222b9
00000010794dc6f9
00000010800cc2f9
00000010801c6439
0000001086613299
000000108a0533b9
000000108c6880f9
0000001091c0d0f9
000000109c69d199
00000010a9b121f9
000000215653c361
00000000013be171
0000000000000181
0000001105eb1f59
0000001129879179
000000113233e7f9
000000113a41cd39
000000114e102359
0000001155db11b9
0000001167c02c79
0000001177319799
00000011ae97b779
00000011b534c099
00000011cf2e5db9
00000011cf2e6e79
00000011eefdb9d9
00000011fb629ef9
00000011ff95bc79
0000001201213719
0000001202eb6a79
000000121a47a3d9
000000121af5b2b9
000000122cd2b9f9
0000001233c18819
0000001234a26f99
000000125a368e79
00000012707b0479
000000127b9afeb9
0000001292bba8b9
000000129bd10fb9
00000012ad675799
00000012b5c7d779
00000012bc9b7d99
00000012cb617179
00000012d592f1f9
00000012e03d4039
0000001310c4d8d9
000000131f16e219
000000131f16ea59
000000131f16ead9
000000131f16f1b9
00000013517354f9
000000135863f5d9
000000135d213a99
00000013658032b9
000000137a6e9e79
00000013ce1dba19
00000013dc3fc8f9
00000013df8e05b9
00000013e9b8bed9
00000013f9ca2e19
0000001406857719
000000141337b839
00000014393d3cd9
00000014481b7799
000000145500c7d9
0000001456098bd9
00000014627fd119
000000146c7e9719
00000014a33b50d9
00000014a5f69139
00000014a5f7c8b9
00000014a83c6739
00000014aed61f39
00000014b0af4419
00000014be096c59
00000014cc9fdb79
00000014cd659bd9
00000014f4876a79
00000015010a03d9
00000015110508b9
0000001520f16479
00000015260c5e39
0000001550a37799
0000001550a38779
0000001560923619
000000157475a859
000000157852a899
0000001582880cf9
0000001582c5ce99
00000015a978a539
00000015ea14f559
00000015f2454799
000000161316c899
000000164e7191f9
00000016938c7bb9
0000001693f211f9
000000169e2e9c99
00000016b4f3f1f9
00000016d2d69599
00000016e7b77c99
00000016f1acbbf9
000000170b7648b9
000000175641e919
000000175f973719
000000177f688cd9
000000179c1a4cb9
00000017b2ae2139
00000017eed5f899
00000017f8fa3819
000000180b783099
0000001828911879
0000001848ca9439
0000001871da7039
0000001872f13719
000000188ce01b99
00000018d57d5719
00000018dfaf0a59
0000001901d21b59
000000190527cf99
0000001933398179
0000001948f583b9
000000198e854f79
00000019b1518bf9
00000019c0409b19
00000019c040d5b9
00000019dad6f1b9
00000019f3644699
00000033f6be7e61
00000000013be171
0000000000000181
00000019fc3b37b9
0000001a0ef6a2d9
0000001a16a86319
0000001a1cc9a979
0000001a1deb6139
0000001a48b938b9
0000001a4ab53ed9
0000001a50300b39
0000001a55b37619
0000001a95fe5bf9
0000001aa04e16d9
0000001aa18e73b9
0000001aa9a30319
0000001aaf2b1e39
0000001ad964a4d9
0000001b115278d9
0000001b9b0a9c59
0000001ba394e2f9
0000001ba9a2b399
0000001bbc246399
0000001bbe62e5d9
0000001bd3ecaad9
0000001bef636ef9
0000001c0a963139
0000001c0efeadd9
0000001c1c9af3d9
0000001c37b743d9
0000001c583005d9
0000001c5ab72419
0000001c8b48b339
0000001cbcc3b259
0000001cbd80b139
0000001cbf6270f9
0000001cc4126419
0000001d00a51919
0000001d22742659
0000001d273cddf9
0000001d2a150f99
0000001d633d6039
0000001d63b29859
0000001dba620999
0000001dd66223f9
0000001de5d0c379
0000001df3e6be79
0000001dfcd82a79
0000001e1fff9039
0000001e31bf6979
0000001e480efb59
0000001e4c54cff9
0000001ea78eb919
0000001eb9142299
0000001ec6b36a39
0000001ef8b504b9
0000001f49abb679
0000001f6cfe2259
0000001f6eaf7159
0000001f71d2c259
0000001f75fefdb9
0000001fbe114639
0000001fbff3ead9
0000001fc814c159
0000001fdaae66d9
0000001fdae79bb9
0000001ff397d999
0000001ff58d5d39
00000020023e68b9
0000002002e08599
000000200bb0ccb9
000000200de7c4d9
000000201ee930b9
000000204e5f6759
0000002057d9d259
0000002076938299
000000207f1d3a79
00000020a1424939
00000020a8dd34b9
00000020adbc1f99
00000020badb24d9
00000020c58da9d9
00000020d2769239
00000020d6393479
00000020e4ee8f99
00000020fafe9f79
000000210104e779
000000210f29e6d9
0000002110cf99f9
00000021409760d9
000000214cd0d6d9
00000021566808d9
0000002164a291b9
000000216a7712b9
000000217d01e779
0000002192d19159
00000021d28d51b9
00000021db196279
0000002210b112d9
00000022140e6e19
000000224560c9d9
000000226aefe5d9
000000228ebd68b9
000000229f844c19
00000022ae87b2b9
00000022b47967f9
00000022b934abd9
00000022bb7809f9
00000022ced729d9
00000022db3c47f9
00000022e82be019
00000022f975e519
00000023004cd9b9
000000233ec75799
0000004697293961
00000000013be171
0000000000000181
000000235e671159
000000236314ead9
000000236c2cc1b9
0000002390e8c8b9
0000002398708079
00000023aa296999
00000023aab3b5b9
00000023b66cd8b9
00000023e4bd5379
00000023f49755f9
0000002413dcfa19
00000024358f9379
000000243ac8a659
000000248f34aa59
00000024a05519f9
00000024a1056779
00000024a7589b99
00000024ca349fd9
00000024cdd6d059
00000024f4532039
00000024faada8b9
00000024fda268f9
00000024fe5fdc19
0000002512d85a99
000000251beda8b9
0000002542b133b9
0000002547953639
000000254aa26739
000000254f934c59
000000255939f0d9
0000002560b75b79
0000002570527879
0000002588ce3f79
000000258a1e1939
00000025ad1c5e99
00000025ae006e79
00000025d8c04379
00000025e7de50b9
000000260d0e8239
000000260def4c79
0000002624e83cf9
0000002626634ab9
000000263ae28999
000000263de2a3f9
000000265e540019
000000266831f099
0000002671680d79
000000267bfbbbf9
0000002680a170b9
0000002680a17179
0000002690a7a0d9
00000026c1376e19
00000026cffaa999
00000026fbe63b59
00000026fcec6bf9
000000270b630779
000000275d97a319
00000027654b28d9
00000027715ceaf9
00000027833a86b9
00000027b7ec28b9
00000027bd829f19
00000027bd82b079
00000027c55c5219
00000027e9e06559
00000027f787ea39
000000280a2ba1d9
0000002847da2ef9
0000002855ccefd9
0000002857c8ef39
00000028710d0099
00000028875906b9
0000002891929ab9
0000002898a7d759
000000289d3e7ff9
00000028a4340659
00000028b3ba4ff9
00000028b3ba5d99
00000028c18367b9
00000028cb6ee159
00000028ded15c39
00000028e6fa2e39
00000028e6fa3679
00000028f40850b9
00000029101674f9
00000029193a5899
000000291ed84639
000000293131bbb9
0000002964132519
0000002967091519
000000297ab10c59
00000029a1668a79
00000029a7ec3f59
00000029aab9b159
00000029d7f2c839
00000029d7f32a59
00000029e38a1e19
00000029e93fdf19
00000029f9dd38b9
0000002a0b014f79
0000002a12ff8539
0000002a21275679
0000002a677ba119
0000002a8b607c39
0000002a92248d79
0000002a9293e2f9
0000002a98f77999
0000002ab165da79
0000002ab38da3f9
0000002adaaa3e99
0000002aee5f9c59
0000002aee5fb7f9
0000002b0be6b479
0000002b33851f19
0000002b5bdfa839
0000002b7ce7b939
0000002b89244599
0000002bbbfba939
0000002bbe1de3d9
0000002bdf7a3359
0000002c07471519
0000002c26673bb9
0000002c49a98cd9
0000002c52602819
0000002c57d070b9
0000002c69161499
0000002c8e193419
0000002c986c2799
000000593793f461
00000000013be171
0000000000000181
0000002ca1986a19
0000002ca8b09df9
0000002ccd15c1b9
0000002cd5b4abb9
0000002cdd781599
0000002ce8e66c79
0000002ceae744f9
0000002cee7eb279
0000002d05522499
0000002d36eb81d9
0000002d3b7d3b59
0000002d3cce4459
0000002d5edf1819
0000002d645f9d59
0000002d89921039
0000002d8a9cb639
0000002d94833d79
0000002da87489d9
0000002dc9cb6499
0000002dcbb8d439
0000002dd4001b79
0000002dda2aee59
0000002dde461a59
0000002dedd96339
0000002e020c34f9
0000002e09149319
0000002e09e284b9
0000002e35b74859
0000002e873482f9
0000002e95c87b99
0000002ed97f28b9
0000002edcd4b6d9
0000002ef17f8599
0000002f297d9a59
0000002f35ec6a39
0000002f3cbe5059
0000002f4ce982b9
0000002f53ee1f39
0000002f68adf4f9
0000002f69a39299
0000002f70bb3ab9
0000002f7a942099
0000002f8600dbb9
0000002f90c178b9
0000002f9da01979
0000002f9f756519
0000002fa43aa4f9
0000002fbd687af9
0000002fc5bd1339
0000002ff8c7f759
000000301082ca19
000000301082e059
000000301d0bb759
0000003037769539
000000307045a479
000000307982d519
000000307a9a6959
0000003086970ef9
0000003086f55979
00000030b8d23d99
00000030b8d24ed9
00000030bf0146f9
00000030c39b2dd9
00000030f09afe99
000000310d377299
0000003128deb7d9
0000003149e8d9f9
00000031625612d9
000000316d973519
000000319f98a859
00000031a826f119
00000031ac02c339
00000031c2c09c19
00000031d57efd19
00000031ee3c15d9
00000031f41db119
00000031fa6be879
00000031fcc92d79
0000003218af1cf9
0000003236e5e899
00000032377b2cf9
0000003281f81559
000000328595c919
00000032a58becb9
00000032a64de339
00000032bf5cb7f9
00000032d554add9
0000003301f2ef99
0000003304a2da19
0000003325018419
00000033278753b9
0000003327876159
0000003333554e79
000000333f5e64d9
00000033401230d9
000000335fe84ef9
000000336a490219
000000337a4b8719
000000339f855cf9
00000033a0ef0d79
00000033a30ba0d9
00000033ceed4939
00000033d8682899
00000033ed150099
00000033ee57c0d9
000000342f9b3319
0000003438d3cd39
000000343b7cf9d9
00000034414050d9
000000346dad6099
000000348511f479
00000034b9c5bdd9
00000034c4557439
00000034d67eaeb9
00000034e0cce959
00000034f52627b9
00000034fde983d9
00000034ff46a8b9
000000350cea9d79
00000035226db979
00000035a3e8e979
00000035af0e4db9
00000035af0e6cb9
00000035c2574639
00000035c5b9def9
00000035c7020b59
00000035ce45a0f9
00000035df756999
0000006bd7feaf61
00000000013be171
0000000000000181
00000036034f21b9
000000360672e119
000000367f550499
00000036a15a88d9
00000036d8634139
00000036e01f4759
0000003713166759
00000037166dc439
0000003726fa49f9
0000003743ba3499
0000003751d6f9d9
000000376b887239
000000376f5cc639
00000037748f4819
000000377d08e3f9
0000003796a2f3d9
00000037b6cc17b9
00000037b7cf5099
00000037c627c759
00000037cdf5cdd9
00000037dbd5c2f9
00000037dd329439
00000037f32e2a79
00000038314ebaf9
0000003854f2cb19
0000003858071139
000000385a617179
000000385f8adab9
000000388a84edd9
000000388e1e62f9
00000038995f4779
00000038b7fe5d99
00000038b898ec59
00000038b898fdb9
00000038c3931959
00000038f91d4579
00000038fb0505d9
000000391b4f4219
000000391c8d7859
000000393f834d39
0000003956a40559
0000003958914a99
000000395d096a79
0000003966f55439
0000003987564599
0000003988432fb9
00000039d3014859
00000039d5775539
00000039e87d5d79
0000003a1f378159
0000003a24206399
0000003a3e219c59
0000003a480c52d9
0000003a55eb87d9
0000003a6a0fa899
0000003aa8c28f19
0000003abe25b259
0000003ad69494b9
0000003b05ee7599
0000003b0ee05699
0000003b1664e1f9
0000003b23694239
0000003b2bd21ed9
0000003b6e51bbb9
0000003b81a1a3d9
0000003b8a851159
0000003bb9374db9
0000003bb9375ef9
0000003bc34ae899
0000003bc4c28d39
0000003beec1b039
0000003c05a2dd19
0000003c11625019
0000003c195eab39
0000003c237eacd9
0000003c413d41f9
0000003c50600079
0000003c55447b79
0000003c64844ef9
0000003c64cb4719
0000003c69b28039
0000003c869fbd19
0000003cb1b6af39
0000003cc5923959
0000003ce4cf80f9
0000003ce4cf8199
0000003cedfb7699
0000003d233b5af9
0000003d29213d59
0000003d299c0a99
0000003d8aa50959
0000003d97f9bdd9
0000003db0817699
0000003dde96cf39
0000003de35f81f9
0000003e07c4a639
0000003e1980ffb9
0000003e218ac8b9
0000003e2cef1199
0000003e30ad1139
0000003e3395f839
0000003e47971899
0000003e4c054eb9
0000003e4d60c759
0000003e4ed73c99
0000003e7e5206d9
0000003e84860779
0000003e9e674539
0000003ea4659a99
0000003ea5450cb9
0000003ea76e3d79
0000003ec5e68d79
0000003eed2de0b9
0000003f1a397839
0000007e78696a61
00000000013be171
0000000000000181
0000003f4c6f9279
0000003f763980b9
0000003f85e4be99
0000003f8f42ebf9
0000003fa1ea48d9
0000003fa2340f59
0000003fa839c819
0000003fc9ff33f9
0000003fe7f4fe19
0000003fef59fed9
000000403f920dd9
00000040420002b9
00000040600141d9
000000406189c9b9
000000408d1c2159
00000040aa029d59
00000040aac6d699
00000040bdd34199
00000040c5834839
00000040ce691ff9
00000040db513d79
00000040e4331819
00000040febc3d59
000000410fb4c679
0000004127d3c719
0000004147f8fa39
00000041d5993ef9
00000041e0476e19
00000041e331d3b9
00000041e7df2b99
000000420135ff79
000000420363e399
0000004215bc13b9
000000422361fb19
00000042290ca3b9
000000422d101679
0000004244f57d59
0000004245a7a819
000000425b321ad9
000000425b325999
000000426f170e79
00000042707e0ff9
00000042af141a39
00000042c04269d9
00000042db81c0d9
00000042e4f71279
00000042e84a8bd9
00000042f1dcce59
00000042ff116879
0000004300d04ab9
0000004325c79af9
0000004374270939
000000439d755c79
000000439e23f919
00000043afb066b9
00000043b4d06879
00000043c77282d9
00000043e17f66f9
000000442030b139
000000442343b519
00000044249a93d9
0000004439e86179
000000444cefb4f9
000000445e59f059
00000044650acdd9
000000447c6b6479
0000004483b5b3d9
00000044985119b9
00000044ba841ed9
00000044c93da579
00000044e54f0f39
00000044ecc799b9
00000044fe15a079
0000004501b74bd9
0000004503dd93d9
000000452f603819
0000004548b3f719
000000456c416e79
0000004570d14c79
00000045847f3879
00000045bf60cb39
00000045c2f19cd9
00000045dd747b39
00000045ed916f79
00000045edbeb179
00000045f61c2ff9
00000045fd239f99
000000460a28eff9
000000460ba2cab9
000000461559a9d9
0000004626a82479
000000464c645a99
0000004660f0ab19
000000467abe7639
00000046b32a55d9
00000046c17a53d9
00000046d6804959
00000046d744d6f9
00000046f1a60139
0000004704db2e59
0000004704db4079
0000004714acf219
0000004718d7db99
0000004718f0c979
000000472bc06df9
000000472be9c179
000000473f7e88b9
0000004741276ad9
000000474c9e4d99
0000004756729f59
000000475e05c2d9
0000004767a998b9
0000004771119839
0000004789d29d39
00000047a40ea839
00000047abc59ad9
00000047b5ef6e39
00000047ba5ed819
00000047c343ed39
00000047e46c5599
00000047e5b803f9
00000047f1284179
00000047f1c0ae79
00000047f5675f59
00000048092c2979
0000004845b53e59
000000485c285a19
0000004860659879
000000486797ebd9
00000048729a3619
000000487797ee79
00000048779850f9
0000004884336479
0000009118d42561
00000000013be171
0000000000000181
00000048e230e2b9
00000048e4867c59
00000048fe9f5c99
000000491354e539
00000049432bfbd9
0000004944f6a8f9
000000494d19a419
000000494e697859
0000004954f5c1d9
0000004961146179
00000049732de239
00000049799afc39
000000498e395a59
000000499422aa79
00000049d25a39b9
00000049def3b699
00000049eb9af659
0000004a42473299
0000004a78ba2039
0000004aaec48d99
0000004ab0b24a99
0000004ae0308e59
0000004aed50d7f9
0000004b02d7f9f9
0000004b0a6fd6f9
0000004b0b723f59
0000004b0dda1799
0000004b0f4d05f9
0000004b2d24b7f9
0000004b62de5619
0000004b6b8c3819
0000004bb7a1a979
0000004bb98dc019
0000004bc53388d9
0000004bcb823bf9
0000004be06e7259
0000004c1947a5f9
0000004c2f1c9d19
0000004c3863a5f9
0000004c61210fb9
0000004c72401879
0000004c9d225439
0000004c9e99b4b9
0000004ca2c4b139
0000004ca2c7a279
0000004cb84ae279
0000004cda45eb19
0000004ce0755859
0000004cfe131159
0000004cfe131f59
0000004d05e38079
0000004d07871bb9
0000004d0be6b0d9
0000004d182f9859
0000004d3622af39
0000004d36f29ff9
0000004d42bf40d9
0000004d49fcfe59
0000004d8f51c4d9
0000004d98e1bd19
0000004dcd1bb8d9
0000004dcd506459
0000004ddb318879
0000004de24e9679
0000004e0e5e69b9
0000004e38643359
0000004e5a87af59
0000004e68246019
0000004e748aadb9
0000004e89100d39
0000004e8b90fa19
0000004ea3ebd059
0000004ea9006439
0000004eae892ad9
0000004ec1d17739
0000004ef29a6159
0000004ef90b72d9
0000004f083a6c39
0000004f18afc319
0000004f1d09ed59
0000004f37ad9c99
0000004f38973f79
0000004f62307779
0000004fad098419
0000004fed9c3259
0000004ff138ac59
0000004ff3bd3a39
0000005001f250d9
000000503dc483f9
0000005073e4f7f9
0000005083a41299
000000508c2cbc79
000000509a87aed9
00000050abbdd999
00000050aef60f39
00000050cd972e99
00000050f2c525b9
00000050f6c9fd99
00000050fdfa3499
0000005106b46099
000000510d041299
000000511367a739
000000511430f759
000000513aee90b9
000000513d73d9d9
000000514c22c119
0000005167152ab9
0000005167eef9b9
00000051689a28b9
0000005181d08199
00000051a706e419
00000051a749d399
00000051b3606899
00000051d48c2299
000000a3b93ee161
00000000013be171
0000000000000181
00000051fb169d99
0000005204a90059
00000052188451d9
000000521b52d9d9
000000521cc7e879
000000525c4b1859
000000528ed909f9
000000529b2b74d9
00000052b3a50019
00000052c4279c99
00000052f307a639
0000005310663a39
000000532909f839
0000005332e144b9
0000005344ff8299
0000005375898179
0000005375ebed59
00000053895ceaf9
0000005393560ab9
00000053bd8950b9
00000053c13ef039
00000053c5046a19
00000053d1219af9
00000053e3c8ab99
0000005417b80619
00000054530a55f9
00000054a9593999
00000054ce741f79
00000054edf54719
0000005507dc6779
00000055104ae5b9
0000005523205479
00000055267daed9
000000552739af59
000000552b81d559
00000055376dec99
000000554c876e79
000000554dabc059
000000555e0d0f59
0000005564332379
000000556d082639
000000557264cb19
000000557a8d1bf9
00000055960454b9
00000055981d9959
000000559a53d259
00000055ac27afb9
00000055b041a059
00000055b55dc779
00000055baff1cf9
00000055bd33fff9
00000055be907ed9
00000055d1fadcb9
00000055e53111d9
00000055eb651339
00000055f8e0d619
00000055fd262839
000000560f761019
00000056195baa79
000000562a556a59
0000005644a844b9
00000056617dcaf9
000000568a6cc239
00000056c00c0bf9
00000056c3d0c459
00000056de1c3a99
00000056e1e9ba19
0000005722844979
000000572639eb19
0000005734a62579
00000057513e01b9
0000005764f783b9
000000576c5b2879
00000057983b6559
00000057aacfb859
00000057dbbcca59
00000057dd718139
00000057dd719199
00000057e5af3f39
00000057ebd163b9
00000058022a5279
00000058114f43d9
00000058522937d9
000000585ab186d9
0000005865bd3539
00000058d133ef79
00000058d83ed399
00000058d97befb9
00000058e757a939
00000058fe274cf9
000000592c1fe1b9
0000005933497519
000000594c9ca6d9
000000595cff7819
0000005981be17d9
000000598f91bcb9
0000005996d1abb9
0000005996f3e7b9
00000059b261bb39
00000059b69f28f9
00000059d0542019
0000005a2a15d019
0000005a35b49379
0000005a6486a419
0000005a6a8baa59
0000005a8bd28899
0000005aa4d74ad9
0000005aa9b11ff9
0000005aafdf6919
0000005ab65cc6b9
0000005abe778579
0000005ac910c399
0000005ad934cd19
0000005ae0989579
0000005af78027d9
0000005b057954f9
0000005b0f6ddfb9
0000005b1eb948b9
000000b659a99c61
00000000013be171
0000000000000181
0000005b2fefdaf9
0000005b3ca1a819
0000005b42f9b9b9
0000005b49174f59
0000005b69e00159
0000005b6ba04119
0000005b7a4bdbf9
0000005b7f64fd79
0000005b880c8e79
0000005b8b6a29d9
0000005b8de38959
0000005b9c2035f9
0000005ba59981d9
0000005bb8090279
0000005bd0cfcfb9
0000005bd19c8d99
0000005bde1a0899
0000005bea3a69b9
0000005bf2a4da59
0000005bf696f479
0000005c224ba139
0000005c439ed059
0000005c4802dcd9
0000005c5234deb9
0000005c577fb399
0000005c5f877719
0000005c738736b9
0000005c77a7de39
0000005c91753299
0000005cbf596f59
0000005ccb834df9
0000005ccb8369d9
0000005cd3e64db9
0000005ce2d4a479
0000005cf5e699f9
0000005cf8d40559
0000005d1722c539
0000005d30daa799
0000005d3b280139
0000005d3e83e2d9
0000005d4e0e0679
0000005d546bf779
0000005d5d5b3d59
0000005d5dafae19
0000005d619b58b9
0000005d64ccd5f9
0000005d7e8eb399
0000005d8ec31b79
0000005d8f09f799
0000005dd70fe059
0000005dd9bdbfd9
0000005e0a0fa6d9
0000005e0e1f8b39
0000005e155b51f9
0000005e27e26079
0000005e3e73a119
0000005e57f8b519
0000005e5daff459
0000005e893ef579
0000005e893f05f9
0000005eb57cacd9
0000005eb97f8e79
0000005ed22752b9
0000005ef0aeabd9
0000005ef49f2699
0000005f3fabc279
0000005f4ab61c39
0000005f578aeb99
0000005f8e720ad9
0000005f91e46e19
0000005fa3125c79
0000005fac016959
0000005fb42b5c39
0000005fd86f9959
0000005fddc8b359
0000005fe5838eb9
0000005fe71a5679
00000060164bb979
00000060248ae2b9
0000006043c27ff9
0000006058753739
00000060606f90d9
000000606aa70bd9
0000006085502219
00000060855022b9
000000609a7f0739
00000060bad8cc39
00000060cee99299
00000060dea7c7d9
00000060eaf91899
000000611f407139
0000006144437939
0000006154d06159
0000006173f25d99
000000617e8c4079
000000619bd43e79
00000061b9cd0f79
00000061c09ce719
00000061c09d0659
00000061c80a7039
00000061d3033379
00000061e42a5659
000000620255b4d9
0000006205ec8459
000000620a1e3879
0000006247b9c3d9
000000625bcf5f99
00000062645d9979
000000627dd88e79
0000006280a34179
000000629e12c2f9
000000629e300639
00000062a6ba0939
00000062a6f7b339
00000062cd10d259
00000062ecfd0259
0000006320602799
0000006323aa9e99
000000633a836999
0000006342c9c2b9
00000063648b35d9
0000006373f602d9
0000006378673cf9
00000063786751f9
0000006378676159
0000006395e41a59
00000063960f1179
00000063965931f9
00000063a3d7e399
00000063d10d8e19
00000063d70b1399
00000063debba699
00000063e3611f39
00000063e95bbb39
00000063f1ea5c19
000000641a99e199
000000641e16f559
00000064630c7f19
0000006478052279
000000c8fa145761
00000000013be171
0000000000000181
0000006483292dd9
00000064b4af36d9
00000064b9439ef9
00000064c6c34bd9
00000064d3e75759
00000064da11be99
00000064fbcd8ef9
00000064fd7c3f79
000000650164b659
000000650c6e7d19
000000653e712fb9
0000006548a455b9
00000065575eedb9
000000656c85c3f9
000000657d4f6019
000000659b4bac59
00000065a56206f9
00000065cb56f4b9
00000065d922eb39
00000065ec441a79
00000065f966e7b9
00000065fd2b3099
00000065fd66af59
00000065ff9595b9
000000660024ce59
0000006621fc1919
0000006623fdb4d9
0000006631847eb9
0000006633e61c59
00000066389f1c99
000000665eb0dbf9
0000006682c22139
000000668bef91f9
00000066bd150a59
00000066f48cf5f9
00000066f6500c19
00000066f85b5979
000000670fef5a39
0000006722e9b599
0000006729431dd9
0000006763585319
000000676ba5c099
0000006771249cf9
0000006771b61ab9
000000678428b539
00000067990050f9
000000679efeb7f9
00000067a5301759
00000067ba922df9
00000067c0715079
00000067c3e43779
00000067e9251619
00000067f5b07659
00000068364bb259
0000006851e2b219
0000006859514bd9
0000006861f8bcb9
000000687db1edf9
0000006885287f19
00000068873fedf9
000000688749f479
000000688984a7b9
00000068904b8a99
0000006892e8d379
00000068cfa75db9
00000068d7268399
00000068e3e541b9
000000690d205959
000000692df71299
000000693e552439
00000069431abc19
000000695a728db9
000000696763f699
000000696763ff19
000000697131a519
000000699a114819
000000699e207499
00000069a16ee3d9
00000069a9bdbc99
00000069b23d0979
00000069b3470bb9
00000069ce4c3519
00000069db0f4c39
00000069e99d13f9
00000069f6fc6f39
0000006a2b0012f9
0000006a2d9524f9
0000006a42156cf9
0000006a4577f519
0000006a50162ff9
0000006b163aad79
0000006b1eee43d9
0000006b20990959
0000006b21e4af99
0000006b236636b9
0000006b334ae3f9
0000006b7816a059
0000006b87099b79
0000006b9aa1f699
0000006b9b2d0399
0000006b9dfe48d9
0000006bb918d7b9
0000006becbd97b9
0000006c075a6939
0000006c327dd779
0000006c73547a19
0000006c796840d9
0000006c9e81c7f9
0000006c9e81d7b9
0000006cb23e88f9
0000006cbecab779
0000006cdb469c99
0000006cedcd7919
0000006d479131d9
0000006d6ef55739
0000006d7bfc56f9
0000006da2624619
0000006db07af6d9
0000006db29a3039
000000db9a7f1261
00000000013be171
0000000000000181
0000006dd49b04d9
0000006ddfb73c99
0000006de510d339
0000006df3adf0b9
0000006e19eeef79
0000006e319935d9
0000006e77b8aa19
0000006e8205eab9
0000006eaaee5739
0000006ed234c659
0000006ed8b668d9
0000006edb4a3619
0000006ee4fc9c19
0000006f242fa279
0000006f24829079
0000006f2482a219
0000006f3c35c759
0000006f5f8d5199
0000006f7c884339
0000006f883a9b59
0000006f89096bd9
0000006fa431f519
0000006fae62cef9
0000006fb33a54d9
0000006fb82dbc99
0000006fb8b05a79
0000006fca973bd9
0000006fd0a84d99
0000006fd85c3379
0000006ff6f21dd9
0000006ff848ae59
0000007018511d59
000000705781d4b9
000000705d840a99
000000706beb7fd9
0000007083a040d9
00000070b9e5b519
00000070bcf83af9
00000070cf625d19
00000070ee722559
0000007119fede19
000000711ed39379
000000716f85ce59
0000007177aaeab9
00000071b9e5cdd9
00000071c7c29b19
00000071d0c24459
00000071d3b51f59
00000071d7da1519
000000720f3b3b39
000000722a217439
000000723ab17299
000000725a179279
0000007264ef8b19
00000072782dff19
000000728e25a499
000000728e25c6f9
000000729650d5b9
000000729ae20559
00000072d41ce039
00000072e9169279
0000007316e69619
0000007331b94db9
0000007339b16159
00000073458afd19
00000073490da939
0000007364571759
00000073815657d9
000000738aa6f639
000000739b64a4d9
00000073a202f279
00000073a56f9a99
00000073aebd2bd9
00000073cab29839
00000073d099fe99
00000074279bcf39
0000007448bce999
0000007448bceb39
0000007465a0d719
000000746ec278d9
0000007473d874f9
000000748c5aa079
0000007499b5dd39
00000074b7d180d9
00000074d2cba699
00000074ddca8019
00000074ea259519
0000007502db3199
0000007510e63279
000000752e51d7f9
00000075371a6f79
000000754c2f7bf9
000000754e1d7159
00000075629606f9
000000757aa2a559
000000759567f4f9
00000075b019aa59
00000075c8380cb9
00000075cab873b9
00000075def9add9
00000075f1483339
000000760990f6f9
000000760e116439
000000762ba308d9
000000762d0a7e59
000000763809cb19
00000076608b49f9
00000076705ba699
00000076797d3bb9
0000007694671719
00000076cda9cd39
00000076d5cc5e59
000000770e272a59
000000ee3ae9cd61
00000000013be171
0000000000000181
00000077293a98b9
000000773d397119
000000775b95de19
0000007764a46f39
0000007767033139
00000077680ce199
000000776a387c39
0000007773028c59
00000077ac075359
00000077beb92bf9
000000780c1f5a79
000000780e744f19
0000007824171459
000000783be0a2d9
000000783db877b9
0000007849952479
0000007853f05a19
00000078583508f9
00000078753db1f9
00000078a629a7f9
00000078b1a941b9
00000078b974d2d9
00000078d3dc0c99
00000078d45a02b9
00000078dfefe479
00000079506b7fd9
000000795f96fa99
00000079608f99b9
000000798bbdeed9
000000798eba4bf9
0000007996cbc1f9
00000079a6632139
00000079c0593d99
00000079c5d12579
00000079d1826a79
00000079d682d4f9
00000079e5943ad9
00000079ea855cf9
0000007a00446039
0000007a0a43eb99
0000007a151eb219
0000007a2dbc2279
0000007a48eea7f9
0000007a66de90f9
0000007a6d318039
0000007a7306b019
0000007a76851d79
0000007a9bfb9259
0000007af4457fb9
0000007af50381b9
0000007b08e04a79
0000007b0ffbe419
0000007b11bd56f9
0000007b340dc139
0000007b3b70bf59
0000007b4996bf39
0000007b81531df9
0000007b95fd23b9
0000007bad0881d9
0000007bafb50b79
0000007bbc1f2d99
0000007bcc43b239
0000007bdcff3d39
0000007c1cafe8f9
0000007c395eb1d9
0000007c5b06a079
0000007c60509819
0000007c6f503b19
0000007c7007a159
0000007c7f44ab99
0000007c82ea30d9
0000007c8bb6d259
0000007ca9706d79
0000007caa065939
0000007cb36bde59
0000007cd3752a59
0000007d233c2c59
0000007d36a87339
0000007d6143cf79
0000007da77ec459
0000007dab067c79
0000007dbbd62bf9
0000007dcab17179
0000007ddc092e59
0000007e10ed0c79
0000007e145db679
0000007e1bbbaef9
0000007e1bbbc039
0000007e3a020ef9
0000007e97971439
0000007f0475dd79
0000007f05bff979
0000007f223ba179
0000007f227c5e39
0000007f5d5ea139
0000007f8971cab9
0000007f8aba0839
0000007fb71512d9
0000007fc5b976d9
0000007fc92478b9
0000007fcda95ad9
0000007fd88128b9
0000007ff7e2fdd9
0000008005296ed9
00000080150eb2f9
0000008023385d59
000000802cbaca19
000000802cbae6f9
0000008053b229d9
0000008061bb8699
0000008063ea3539
00000100db548861
00000000013be171
0000000000000181
00000080767f1f59
00000080b9d6a7d9
00000081185df6d9
000000812a5b3979
000000812c172059
0000008131dacb59
000000813c0baed9
00000081495af579
0000008166708e39
0000008173b2cdf9
00000081852139f9
00000081999ae1d9
000000819fb30d59
00000081a8f83d79
00000081af0a4739
00000081f1a98d39
0000008202ea0e19
000000821741ad99
0000008228449c99
0000008234cf7719
0000008237d56c19
0000008292f31e39
000000829c21b639
00000082c6e69419
00000082cc0f3359
00000083089f3039
000000832950f839
000000833669edb9
000000834e144959
000000835b5dbc39
00000083670468f9
000000838dcab019
00000083bb5801f9
00000083bc452399
00000083dd220c59
00000083e41967d9
00000083f4fc39b9
00000083f4fc5e59
00000084126c2819
000000843928c839
000000844470bbf9
000000847d36b0f9
00000084829c5859
0000008485e22cf9
0000008487a00cb9
0000008488eaa7b9
00000084bcc2a4b9
00000084c6dbeb99
00000084c9d31cf9
00000084e17b3619
00000084f32952f9
0000008515c2edf9
00000085168405f9
0000008530c7cd39
000000854035c4f9
0000008545c59299
000000855815b339
00000085658fc759
0000008572ee9499
00000085891208b9
00000085c3868c79
00000085ce11b019
00000085e2b2c699
00000085ef33e519
00000085feaea0f9
000000861470b7b9
0000008620f6b0d9
000000862f41a079
00000086331b55b9
0000008637b597b9
0000008646dd6f79
0000008646dd7ab9
0000008649da6959
00000086545f5539
0000008693735339
000000869f279439
00000086cee4b779
00000086e36f5ef9
00000086faffb2b9
00000087164b6b79
000000871fab8e79
00000087240ea079
0000008741674179
0000008757ca6dd9
00000087583df1d9
000000879d38fd39
00000087b6763f59
00000087cb75a219
00000087dd766a99
00000087e9095979
0000008812f96639
00000088177a1239
0000008836094079
000000883ab95e39
000000885cd51b39
00000088694f4519
0000008884716519
00000088996d4f99
000000889b83fbf9
00000088a4755059
00000088b4d4c399
00000088c9b70499
00000088e323a1d9
00000088ed876339
000000890d3e7919
000000894681b999
000000897978b2b9
000000897a499b19
0000008996d13859
00000089b6c22d99
000001137bbf4461
00000000013be171
0000000000000181
00000089d5dfbcf9
00000089eb9c3a19
00000089f3030639
00000089f9376a19
0000008a18fce119
0000008a23318e79
0000008a82a32d79
0000008aa52d61f9
0000008ae8851959
0000008ae8852b99
0000008af8c5cbf9
0000008b1ce10fd9
0000008b4dcbab19
0000008b556c2719
0000008b5d1b9519
0000008b7a707e79
0000008b7cf5ea39
0000008b9811e119
0000008ba952d839
0000008bcc0eeeb9
0000008bdec3db39
0000008bf3db0239
0000008c2fe257b9
0000008c318db039
0000008c4a5b66f9
0000008c7314d899
0000008c889c72d9
0000008c9f6c78b9
0000008cb2db4ab9
0000008cb4110959
0000008cd6d7b199
0000008cd8063099
0000008cf3c02639
0000008cfba9ab39
0000008d0528d299
0000008d073aead9
0000008d079b3159
0000008d1a758319
0000008d3cee3e39
0000008d60e52ef9
0000008d682f1059
0000008d718dcf39
0000008d7b734419
0000008d7d6ef6d9
0000008d859c9919
0000008d8d668c39
0000008d8d66a899
0000008d8d66a939
0000008d8d66aff9
0000008d9466a6f9
0000008d971234b9
0000008d9f249e79
0000008db4c8b1b9
0000008deb9ea379
0000008df646d4b9
0000008e1777f5f9
0000008e277a68d9
0000008e3443cb59
0000008e34cc36d9
0000008e40b9f1b9
0000008e4d7d2eb9
0000008e553aafd9
0000008e5da9c499
0000008e69a04b79
0000008e72e4d8b9
0000008e8ddd9799
0000008e96e40b19
0000008ebd72be39
0000008ec5fac819
0000008ecd45c239
0000008ed256b5b9
0000008eda1da239
0000008ef5a45c39
0000008f06833139
0000008f111aaa99
0000008f16e6ec59
0000008f3ab8b399
0000008f694c70b9
0000008f75944b99
0000008fb9b78299
0000008fc7547c79
000000903dbb4a39
0000009045c4edb9
0000009045c4fd39
00000090583b91b9
00000090680194b9
000000906eded8b9
0000009076387459
00000090975cbcb9
00000090ac9e0919
00000090b5c7a779
00000090b9f9d839
00000090c055e099
00000090c72f5579
00000090d6750239
00000090e300ef99
00000090e6103d19
00000090e836c3f9
00000090e9103419
000000910794fe19
0000009125020379
0000009131041cf9
000000914250a039
0000009155567179
0000009169c8ca39
0000009180c839b9
000000918adab4d9
0000009190006bf9
000000919d6a6799
000000919efbfb99
00000091a00d48d9
00000091a0cc7e99
00000091b1f2af79
00000091b5987a79
00000091cd848d39
00000091e0f40959
00000091f10d4179
00000091fb5ddb59
00000091fe1cecf9
000000920c8f99b9
000000920c8fa919
0000009210ffa979
0000009213e3dbf9
000000921f9a9c19
000000925f9acdf9
00000092832fb499
000000928c7e15d9
00000092b9b78779
00000092c597d6d9
00000092e7310739
000001261c29ff61
00000000013be171
0000000000000181
000000936e2fb979
0000009370db0159
00000093778651b9
00000093b0fb6df9
00000093e7689c39
00000093ff80c0f9
0000009411b22c99
00000094551c6e79
00000094678746b9
0000009496f32199
00000094bcef9b59
00000094bf0220f9
00000094c10a4a79
00000094c4b61d19
00000094e5647b39
00000094f497c159
00000094f497f939
0000009513c8dc59
000000951730a159
0000009523ce2d59
00000095626cedf9
00000095687f52f9
0000009592bbcab9
000000959323c199
00000095a7890499
00000095b196f0d9
00000095caea02b9
00000095d79e37d9
00000095dec43799
00000096035fbef9
0000009606a7e159
000000960e76d139
00000096363ffc39
000000968b258cd9
00000096a1554799
00000096d5ab2939
00000096dd228459
00000096fd3dded9
0000009709f125d9
0000009724817179
0000009764bdcb79
00000097675463b9
000000976bfb35d9
000000976fe6d699
000000978e3762d9
000000979307acf9
00000097a19c9739
00000097a6cb7dd9
00000097b8f4e279
00000097bfd6a6b9
00000097c4c12fb9
00000098360ac779
0000009845c33759
00000098501f31d9
000000985e0e3c19
00000098620e7199
000000986b162a79
0000009889420f99
0000009889820b19
0000009889821899
000000989d5f0239
00000098a3d06079
00000098a5c03419
00000098a98f4eb9
00000098b1b57659
00000098b6604e79
00000098b9be0d79
00000098c765cdb9
00000098d41fd6b9
00000098dba67059
00000098fa0d7f59
00000098fce577d9
00000098febb70f9
000000990ad8a9b9
000000990da5eeb9
000000991298be19
000000992c271d39
00000099618f6419
00000099618f8a19
00000099ca6083d9
00000099d0a7acd9
00000099e1a1b879
00000099e1da9939
00000099ea174df9
0000009a10b4f899
0000009a135bddf9
0000009a188d7d79
0000009a2276b759
0000009a38ea0f19
0000009aaee02379
0000009aaffb3ed9
0000009ac58ba999
0000009aea0f3c19
0000009af378d939
0000009afe953979
0000009b07559f19
0000009b097531d9
0000009b0b4f37b9
0000009b264b6f99
0000009b3677f159
0000009b383f0079
0000009b4ac104d9
0000009b57e14f39
0000009b5b60e4b9
0000009b715a6c39
0000009b89ed8ef9
0000009b8ee61fb9
0000009b8fe8e419
0000009b94bb69f9
0000009baaf88199
0000009bed356479
0000009bf4434af9
0000009c16c441d9
0000009c17884b99
0000009c1873d4d9
0000009c1f5df0d9
0000009c4680fc59
0000009c46811319
0000009c52ad5779
0000009c52cd6959
00000138bc94ba61
00000000013be171
0000000000000181
0000009c61b829d9
0000009c6344da19
0000009c682fa799
0000009c9659d879
0000009ca7012399
0000009ca83facb9
0000009cb81c8219
0000009cc7976b39
0000009ce7052939
0000009cf2a681b9
0000009cf46d4c39
0000009d078dec59
0000009d172977d9
0000009d203c14b9
0000009d31b60bb9
0000009d39aabff9
0000009d4282cc79
0000009d5a0c0e59
0000009d72d24e39
0000009d81c12879
0000009d827c2f59
0000009d8338a839
0000009d912b16f9
0000009d99a23399
0000009d9c9cd299
0000009dc3889999
0000009de419b799
0000009dfea41b19
0000009dff01c2d9
0000009e136ff679
0000009e1f459f39
0000009e32c5b579
0000009e4b748179
0000009e61a92819
0000009e62bc8059
0000009e80ed3fb9
0000009ee3dd6159
0000009f264354f9
0000009f36cc4ed9
0000009f41eb12d9
0000009f7413dd59
0000009f7413f4f9
0000009f8b7f7699
0000009f8d0e6479
0000009f8fb5d839
0000009f91ed1ed9
0000009fbc9afa79
0000009fda0f3039
0000009fda0f38b9
0000009fea8b8079
0000009febb20199
0000009ff4105d99
0000009ffb3e2259
0000009ffc166579
000000a00d4bac19
000000a013176719
000000a01a9684d9
000000a05cd3f199
000000a06db719f9
000000a08802dd79
000000a08802f159
000000a137ab59b9
000000a14782e819
000000a17597b5d9
000000a1b38e2379
000000a1b69c9139
000000a1c08db099
000000a2088bc579
000000a2254edb19
000000a2288e1119
000000a24f639cf9
000000a255096059
000000a25885a899
000000a259b20479
000000a260ae6299
000000a28913b0f9
000000a2b798a6b9
000000a2bd4900d9
000000a2ce959b79
000000a2d17398f9
000000a2e3c1b119
000000a2f0b50579
000000a2f2a19119
000000a2f6359499
000000a2f7dc9df9
000000a2f80dbdf9
000000a2fe776839
000000a30491a1b9
000000a319ada5d9
000000a334ac70d9
000000a337b408b9
000000a33d5c8099
000000a36768f059
000000a3692943f9
000000a3945f6a79
000000a3a2d7ff39
000000a3d160c539
000000a3d3bda619
000000a3d4b78299
000000a3f3290159
000000a4093478f9
000000a409832bb9
000000a41d1e65b9
000000a41f55ee59
000000a43be735b9
000000a43f9e97f9
000000a462630059
000000a4ae227319
000000a4d3e77679
000000a4d9bd37b9
000000a4e0681a59
000000a4eb5441b9
000000a4fb4dc5f9
000000a4fc92ec59
000000a4fe4998f9
000000a4ffc5df39
000000a522855e39
000000a53527d5f9
000000a54207c739
000000a5585e8d59
000000a596f88419
000000a59da32e99
0000014b5cff7561
00000000013be171
0000000000000181
000000a5e220de59
000000a61b63aad9
000000a64318c739
000000a6440d3299
000000a6524382d9
000000a663ebad19
000000a673a45f59
000000a68843f8b9
000000a6a0e93019
000000a6aa00c0b9
000000a6d3c02359
000000a6d815a339
000000a6e2fa3ed9
000000a7170a6639
000000a7370d6fb9
000000a742a03f19
000000a756e8c4f9
000000a7652c7339
000000a7656f5159
000000a795aadaf9
000000a7997716b9
000000a7b9721419
000000a7cf204079
000000a7edbd1ad9
000000a8469261d9
000000a858b60659
000000a8591a38d9
000000a8649af2b9
000000a86ba490f9
000000a879528859
000000a8811c7519
000000a8d5567cf9
000000a8f02c7599
000000a9013bd639
000000a91120f2b9
000000a91d949b39
000000a9202f1239
000000a92f2076d9
000000a9365e6bf9
000000a9411bddf9
000000a96b06df39
000000a974f371b9
000000a976f54c19
000000a98d8b7d59
000000a99c82ebd9
000000a9a089f9b9
000000a9b1decc19
000000a9c3d37fb9
000000a9c6813a99
000000a9e0572e79
000000a9e94137d9
000000a9ee2f8459
000000aa2147bcd9
000000aa31db0f39
000000aa5a2392f9
000000aa7314dc59
000000aa8fb184f9
000000aa9a594899
000000aab1fba939
000000aab7730519
000000aabbc07799
000000aae424d5b9
000000aae4be7679
000000aaf5775d79
000000aafece0599
000000ab03829579
000000ab1a7ae639
000000ab1c123d39
000000ab45eefe59
000000ab74080bb9
000000ab80f78919
000000abe4cc7379
000000ac065602f9
000000ac0ac151b9
000000ac11baedb9
000000ac11bb0019
000000ac28543159
000000ac33b1f199
000000ac3b596e39
000000ac437863f9
000000ac5f7a4959
000000ac90c1a279
000000aca45b2659
000000aca4763bb9
000000aca7239619
000000acb96b05b9
000000acfc0c5519
000000ad015bae39
000000ad0ccfc519
000000ad0d546379
000000ad12bda279
000000ad1c1149d9
000000ad1d0b3a39
000000ad2e7e7a99
000000ad345859f9
000000ad352274b9
000000ad40c99b99
000000ad44522359
000000ad47bff619
000000ad4b981b99
000000ad4bfcba79
000000ad6524ff39
000000ad68883219
000000ad7513bf79
000000ad771d0679
000000adc1f35a99
000000adce0cb719
000000add0f90239
000000ae14a3c739
000000ae1f75f479
000000ae2a882319
000000ae3b414199
000000ae471ef979
000000ae5b021b39
000000ae69f12719
000000ae88ddf4b9
000000aead1ea859
000000aeb1aa1d59
000000aebddbac39
000000aeecfba479
0000015dfd6a3061
00000000013be171
0000000000000181
000000af03467519
000000af3d296b79
000000af6aa28459
000000af9078ca19
000000af90847379
000000af950451d9
000000afb0fa5359
000000afbcc71e39
000000afd1a517b9
000000afdf7da0d9
000000afeb8a6c39
000000b0037f2db9
000000b00ae59dd9
000000b023a5d279
000000b025102519
000000b02a326eb9
000000b0308e8339
000000b03a5d2999
000000b048266599
000000b04e94dd19
000000b06a569bd9
000000b080339939
000000b0b7bd9f99
000000b0ba1d4799
000000b0c9a0c699
000000b0e46aedf9
000000b0e9bb9139
000000b0e9e84399
000000b0ec3b37f9
000000b10e32de99
000000b11ee026f9
000000b13b269919
000000b14f758519
000000b15685a919
000000b15c436e19
000000b18768b139
000000b189765d99
000000b19adc0139
000000b1c3240eb9
000000b1f1b1d159
000000b1f7c196d9
000000b215f35339
000000b22b6f3939
000000b22e9b4299
000000b2438b2499
000000b2438b4299
000000b27ac1c719
000000b27cb73b79
000000b289f3cad9
000000b28ddfc159
000000b29616db19
000000b29ec675f9
000000b2a223e5b9
000000b2a4720879
000000b2f2d38139
000000b2fdc26519
000000b3061a3499
000000b3145d62b9
000000b32d751519
000000b337b8d619
000000b35a2837f9
000000b364c954b9
000000b387c42e19
000000b38b014a19
000000b39dcbf319
000000b3a73d5019
000000b3a9479119
000000b3b3008759
000000b3b89df579
000000b3f86af879
000000b40b9a4879
000000b40d98ca99
000000b448d47679
000000b45f405cf9
000000b464284ef9
000000b467e8a4b9
000000b49b9efe39
000000b4cccbad39
000000b4e17019f9
000000b4e3f6aa79
000000b5057ae959
000000b507915b99
000000b51bc238b9
000000b525f62b99
000000b52e6d83b9
000000b561207079
000000b567341239
000000b57f1b3439
000000b5828108d9
000000b5a1781e19
000000b5b7fa4dd9
000000b5bd7b2e99
000000b5c6401bd9
000000b5e35645b9
000000b5e3564e59
000000b5f66fba39
000000b5fbffd759
000000b60cd47b79
000000b62242deb9
000000b629faeeb9
000000b631765679
000000b64633f5b9
000000b648ce33f9
000000b65c939299
000000b66d0dd099
000000b66e051299
000000b6701ea4f9
000000b68fad92f9
000000b69145d099
000000b6aea526b9
000000b6cbaafdd9
000000b6e0fb78f9
000000b6eb723639
000000b6f5d88a59
000000b6f6f95019
000000b72d758019
000000b72f226fd9
000000b730cf3ff9
000000b73d441a79
000000b7519a8c59
000000b75a2a02d9
000000b76e3fa4b9
000000b79f41fe99
000000b7b4edac79
000000b7c1595a39
000000b7d7d403b9
000000b7e5bdd1f9
000000b7f134e8d9
000000b80eae00d9
000000b8172ef4b9
000000b81a4ec3f9
000000b81b1ae339
000000b820869dd9
000000b83f5b9ed9
000001709dd4eb61
00000000013be171
0000000000000181
000000b84e9566f9
000000b858b764b9
000000b8717e53d9
000000b8717e61d9
000000b89474e919
000000b895ee1eb9
000000b89763b779
000000b8bcc6ca99
000000b8c52d61b9
000000b8d3106c19
000000b8d7d46bd9
000000b8e798c559
000000b8fbef2359
000000b90cd9e879
000000b9295337f9
000000b9316d37b9
000000b932bbe539
000000b93c899bd9
000000b93c89d8f9
000000b94e0b7ed9
000000b95cfb5519
000000b968a704b9
000000b972483839
000000b996cea5d9
000000b997518239
000000b99de60e19
000000b9ae3f59f9
000000b9d25eba39
000000ba00b745d9
000000ba03ebadf9
000000ba03ed5d19
000000ba0b597699
000000ba0d4432f9
000000ba1d548df9
000000ba2f9d8c39
000000ba2f9d95b9
000000ba479dc3d9
000000ba4bca4a39
000000ba4ef2fbb9
000000ba559c6999
000000ba57dbff59
000000ba659cb7f9
000000ba666d3d99
000000ba8d81ee99
000000ba9ab68679
000000bab141b3f9
000000bae4814959
000000bb1fc7ea79
000000bb28fa0b59
000000bb2e1ebc59
000000bb305c38b9
000000bb399bfb79
000000bb42a688b9
000000bb4461be39
000000bb4d50e379
000000bb52f8f459
000000bb9ee5ef19
000000bba621a459
000000bbcec86999
000000bbcf4a2799
000000bbd7b6d799
000000bbdcaed8b9
000000bbe949ea19
000000bc0fbea859
000000bc0ffdb519
000000bc19b37d99
000000bc1d1bad19
000000bc23147d99
000000bc24fc2ed9
000000bc360aa4b9
000000bc5c619fd9
000000bc7e829c79
000000bc890cbab9
000000bc8c5839b9
000000bc8e96e7b9
000000bc974fbb79
000000bc989ada19
000000bca948d679
000000bcbd8529d9
000000bcc7693019
000000bcf784d9f9
000000bd1e58b979
000000bd32117c59
000000bd4ca262f9
000000bd5753d3d9
000000bd5a957c19
000000bd662e7ab9
000000bd7143eaf9
000000bd961fa219
000000bda8e64999
000000bdad41ed99
000000bdaef62e19
000000bdd44ea819
000000be06f1d819
000000be0864d919
000000be180e2c59
000000be28840ab9
000000be38a41c39
000000be8934b6b9
000000be8934cbb9
000000be922a7e19
000000beaf692959
000000bebd263379
000000bec781ec19
000000becce0a919
000000bedc9b2d19
000000bee2021199
000000bee89d60b9
000000bf09f65319
000000bf0b23d219
000000bf2a6ef7d9
000000bf3d76a819
000000bf41fb72b9
000000bf60badaf9
000000bf691193b9
000000bf788f7159
000000bf82134439
000000bf8f823859
000000bf91527159
000000bf9d8de959
000000bfdba04179
000000bfe2282779
000000c00b925319
000000c024914d59
000000c0353b3d79
000000c04a4941d9
000000c04dbd5219
000000c0567f31d9
000000c0567f8179
000000c064310419
000000c09bc43af9
000000c0a0fe9dd9
000000c0a5ed16f9
000000c0aaeeed39
000000c0b4d366f9
000000c0ec7e0759
000000c0f1388259
000000c0ff511ef9
000000c175f11239
000000c18d217f39
000000c18f48d5b9
000000c197778a59
000000c19de7c1b9
000001833e3fa761
00000000013be171
0000000000000181
000000c19f47ed59
000000c1b78f7679
000000c1c378e419
000000c1e4cf47b9
000000c1ea2a6a19
000000c213a39659
000000c21d418659
000000c21d418f19
000000c2401a2459
000000c2520f6c79
000000c254c33c79
000000c2577499b9
000000c25abba899
000000c25c680f19
000000c25eb5b279
000000c277bc1af9
000000c2b1b51779
000000c2dca69519
000000c2dca695d9
000000c2ee18cc39
000000c31c257f39
000000c33c5acb59
000000c34a8421d9
000000c34ade81b9
000000c34de96119
000000c35f77f479
000000c35f780359
000000c38a803279
000000c391ac10b9
000000c391ac1e79
000000c3aae86659
000000c3ad6a2df9
000000c3edf4c819
000000c3f1396ef9
000000c40c74e779
000000c41f23abd9
000000c439bdc719
000000c43d9e8519
000000c444d4cdb9
000000c45f960319
000000c462138b59
000000c48064c4f9
000000c4bccff4f9
000000c4c56a3d19
000000c4c5fb92b9
000000c4de275999
000000c4ec7548d9
000000c4f588fe99
000000c4f5da0ef9
000000c5276c34f9
000000c527aceb59
000000c529246e59
000000c52cb7a259
000000c5319088b9
000000c531909b59
000000c553b05c39
000000c5595f0539
000000c563f04139
000000c56a0391b9
000000c5723b4ff9
000000c5802862d9
000000c59f2f2c19
000000c5a212a119
000000c5a6185719
000000c5ae6a0619
000000c5ae6a0fb9
000000c5bb243bb9
000000c5bb7541f9
000000c5ca20e499
000000c5d5b5f2f9
000000c5e76980f9
000000c5f7d372b9
000000c630e9d4d9
000000c669fde4d9
000000c6ac08d7b9
000000c6aea8c319
000000c6c5a9ecf9
000000c6ea499f79
000000c6ebddbc59
000000c6ec892a19
000000c70fd7acf9
000000c71337dc79
000000c71d7c14f9
000000c72a6e2b19
000000c73f1d3339
000000c75f5960d9
000000c761464db9
000000c76351c5b9
000000c783b7a139
000000c786e10bf9
000000c7bd691cb9
000000c7ca638e79
000000c7e2189d79
000000c7e3063079
000000c7ee7fff19
000000c809fa4bf9
000000c8138a8af9
000000c816e700f9
000000c829dae4b9
000000c82a1264b9
000000c8358e2959
000000c83ae43079
000000c8700d9cd9
000000c877c3d959
000000c87d4d7779
000000c88c53e399
000000c8a1fc0c99
000000c8ad9a3bb9
000000c8cacc1179
000000c8e16a74b9
000000c8ece453d9
000000c90fc07359
000000c9240dc2d9
000000c92540fc39
000000c933c3ae79
000000c9467b4a59
000000c96699cdd9
000000c96e823d39
000000c97ec30179
000000c9829a0e59
000000c988370139
000000c992a32e79
000000c9a026d8b9
000000c9a0890df9
000000c9b28d19b9
000000c9c249fd79
000000c9d3d23d59
000000ca18ba3379
000000ca3dd87839
000000ca4f83dbd9
000000ca54521119
000000ca63f19b59
000000ca6a1464b9
000000ca789a3899
000000caa36b0bb9
000000caa665e399
000000caa9582259
000000cac4a97599
000000cad8f69b99
000000cae1ea9919
00000195deaa6261
00000000013be171
0000000000000181
000000cb125855f9
000000cb1dfdea99
000000cb34ce7579
000000cb6fe2a6d9
000000cb92d54999
000000cbaa5c8779
000000cbaa938f99
000000cbc5a7f3f9
000000cbc5a7fdd9
000000cbc8a21ff9
000000cbce159b19
000000cbcf4b6599
000000cbd4717f19
000000cbe82ba379
000000cbeb151159
000000cbf18cf279
000000cc07c5f059
000000cc0ac5f259
000000cc17082b59
000000cc240caa19
000000cc4fb2b0d9
000000cc6b127179
000000cc83414e59
000000cc93b54019
000000cc992429f9
000000cc9a7a1ef9
000000cc9a7a2f39
000000cca04ee459
000000cca0ab9819
000000cca2982739
000000ccacdeceb9
000000ccc2c516d9
000000ccdb2a9bf9
000000ccdb74f319
000000cce1014e79
000000ccf346a559
000000ccf5c4e6b9
000000cd08c94ad9
000000cd27312739
000000cd27ba7f99
000000cd539ba259
000000cd55e15779
000000cd55e16499
000000cd55e170f9
000000cd5d9745d9
000000cd691dc539
000000cd8f38e839
000000cd909c3619
000000cd91a4a279
000000cd981be1d9
000000cda3f87939
000000cda413cfb9
000000cdb749d1d9
000000cdb89bedb9
000000cdd76e6dd9
000000cddcd3d4b9
000000cdecb3c979
000000cdee6797b9
000000ce10196ad9
000000ce16d8e779
000000ce6699ca99
000000ce71f57219
000000ce96b0c999
000000cea34a80b9
000000cebb5b2cb9
000000cece3725b9
000000cef329db99
000000cf01314759
000000cf1b3be459
000000cf1cf2e099
000000cf236ab7b9
000000cf3c7d3459
000000cf478c6cb9
000000cf478ca6f9
000000cf54549599
000000cf7eff70b9
000000cf8487fb99
000000cf84880f99
000000cf92bea179
000000cfb7fc8439
000000cfc7d7bcf9
000000cfe6b615f9
000000cfea50f9f9
000000cffcd476f9
000000d01bf61c99
000000d0317948f9
000000d04f65eaf9
000000d066e315b9
000000d06aa42979
000000d079734e59
000000d07ac7e879
000000d0939bcf39
000000d09fb461d9
000000d0b44b3739
000000d0c6ad5e59
000000d0ce230f19
000000d0ce232619
000000d0d2a5fd19
000000d0d73972d9
000000d0f1587e99
000000d10b0e9f19
000000d10e262ef9
000000d112421659
000000d11ce1d679
000000d13e07d719
000000d147174bf9
000000d1511eb6b9
000000d155cc4e79
000000d161137539
000000d1840b7d99
000000d1885531f9
000000d190752e39
000000d1a2aa13b9
000000d1a6038b99
000000d1a95ef659
000000d1a95f0c79
000000d1afcda799
000000d1b8d07659
000000d1ccdb8939
000000d1d5e47579
000000d1d96f9bb9
000000d1db985519
000000d1dc313ed9
000000d20c034d59
000000d2199270f9
000000d223238719
000000d22a7d8519
000000d23afcde99
000000d24892c759
000000d2968d1659
000000d2a88aa259
000000d2b5004639
000000d2c8a0d419
000000d2f49e0679
000000d2fcf0c1f9
000000d30bea4439
000000d31a9b1579
000000d33dc952b9
000000d33fe8cdb9
000000d34803b379
000000d34eb85c19
000000d364fe5399
000000d3b1cd96d9
000000d3b2268079
000000d3c3415119
000000d3cb14a179
000000d3e98d8f79
000000d42f944db9
000000d439f99bb9
000001a87f151d61
00000000013be171
0000000000000181
000000d44309be99
000000d46a2ab7d9
000000d478834679
000000d483122579
000000d4ab736ad9
000000d4aebd0999
000000d4d90f6b39
000000d50db3c899
000000d5115dadf9
000000d51c9fdeb9
000000d539ef20b9
000000d53fe374f9
000000d55195f2b9
000000d564c69fb9
000000d57284fbb9
000000d57952dab9
000000d57bafa319
000000d5b0821e99
000000d5bf7c4c59
000000d5d868c119
000000d5eb3a51f9
000000d5f39c5e79
000000d6028c20d9
000000d61a6d7619
000000d6573614f9
000000d660986d39
000000d673541cb9
000000d67e31e859
000000d695838f39
000000d6a964f1b9
000000d6c94ecc99
000000d6e66f7d79
000000d6ed68cbb9
000000d6edea0c79
000000d6edea1f99
000000d6f7837a39
000000d6fd4d2cb9
000000d712692019
000000d715d6e979
000000d7442dbad9
000000d747b6cbd9
000000d76bda9399
000000d77f6c15f9
000000d78ec5fa19
000000d7909c02b9
000000d7a0c788d9
000000d7b74fd7b9
000000d7c2e7d759
000000d7cad07339
000000d7d20b5439
000000d7f29db439
000000d7fef31379
000000d805238af9
000000d80bdcd199
000000d813752499
000000d81a3f39b9
000000d8448863b9
000000d8544b5ab9
000000d8638de4d9
000000d869397ff9
000000d8849f5879
000000d89302e7f9
000000d89425a759
000000d8aa72ae19
000000d8c0957b99
000000d8c78fe719
000000d8cb0a15f9
000000d8e24a5419
000000d8f5504d19
000000d902335a79
000000d924a8eab9
000000d92ae09fb9
000000d954261019
000000d980949af9
000000d9bf271ed9
000000d9c3439219
000000d9cd7a2e99
000000d9d1516279
000000d9d15175f9
000000d9f72a7339
000000d9fdc685f9
000000da0baac459
000000da0ed305f9
000000da10345119
000000da24b2c7b9
000000da3709eab9
000000da466826b9
000000da52e96599
000000da57acdb79
000000da7e223939
000000da99b0ca99
000000daad1c2f99
000000dab0dc0f39
000000dabfcb5f99
000000dac2f8bbb9
000000dad1f771d9
000000dad857beb9
000000db00a32c79
000000db0508e1b9
000000db503731d9
000000db5f357079
000000db5f358b39
000000db6efa0779
000000db6efa1cd9
000000db75a94419
000000db7f690a39
000000db83f154f9
000000db8ea8b459
000000db9d04d339
000000dbb4ba5b59
000000dbf0d49b99
000000dc1064d7d9
000000dc2446e739
000000dc47c95cf9
000000dc68332a79
000000dc89c15bd9
000000dcaa080d39
000000dccf3a9f79
000000dce656a239
000000dcf50be079
000000dcf584d0b9
000000dd3dfaa359
000000dd40e1e999
000000dd6435bd99
000000dd6435c679
000000dd67965039
000000dd6e901979
000000dd6e902bb9
000000dd710f7179
000001bb1f7fd861
00000000013be171
0000000000000181
000000dd997a0639
000000dd9d9158d9
000000ddae3fe519
000000ddbab94339
000000dded276599
000000de0ecee419
000000de1c8ba3d9
000000de29d4f919
000000de3558e939
000000de42adf719
000000de458de719
000000de51368359
000000de6da0ffd9
000000de6da11759
000000de6e2a2c79
000000de76716b99
000000dec11404b9
000000dece278df9
000000ded3f57d39
000000ded42beff9
000000ded5fcc4d9
000000ded6b8e599
000000dee9c746f9
000000df04323159
000000df126c0659
000000df1d7f1799
000000df23427cb9
000000df24a46259
000000df3c82b919
000000df5364b039
000000df5eab9959
000000df6b4bc899
000000df74935399
000000df889f2b19
000000df8ab000d9
000000df97179179
000000df9cc8c0d9
000000dfc1b09039
000000dfe0314fb9
000000dff153bf79
000000dff176f939
000000e02eaac019
000000e030916839
000000e046956279
000000e05d142839
000000e073167b39
000000e0882bde59
000000e09516a339
000000e0acdc5179
000000e0ba4ceed9
000000e0bcc0ca59
000000e0d24c98d9
000000e0e4a91399
000000e0e4a969f9
000000e0fd5b4ad9
000000e10bf917f9
000000e10fe52359
000000e12fe095f9
000000e130d1c879
000000e1319c60f9
000000e13d3734b9
000000e169cdb879
000000e16d270119
000000e1808a09f9
000000e1a9cc25b9
000000e1b93f8999
000000e1beadba99
000000e1c9f14af9
000000e1d5dfa959
000000e1de834899
000000e1e2a91b59
000000e2013350d9
000000e212dcf5f9
000000e2385215f9
000000e2385221f9
000000e251af53b9
000000e259db4519
000000e261004179
000000e294c01b19
000000e294c03739
000000e2985653f9
000000e2994e3319
000000e2a3944819
000000e2aaa9d459
000000e2aaf05079
000000e2aaf056b9
000000e2aaf05e39
000000e2affacf39
000000e2cfc30ed9
000000e2e9043d99
000000e2f9fd2cf9
000000e2fd138239
000000e301657e39
000000e3094f9eb9
000000e31eba9239
000000e32ab4eb79
000000e3425a5099
000000e34f35b779
000000e35b9bb199
000000e363b5dc99
000000e365d1b6f9
000000e378097e79
000000e39c89a819
000000e3a22a5dd9
000000e3baf192f9
000000e3dbdece79
000000e3e8b350b9
000000e3eee93a19
000000e3f79c2c39
000000e4026a3579
000000e4060d5559
000000e418193cd9
000000e4224105b9
000000e42cd57199
000000e46f205cd9
000000e47c642319
000000e48123d839
000000e4847afcf9
000000e4a3ab5b79
000000e4b242e2b9
000000e4ebabd439
000000e4ed79cf59
000000e4ed79f5d9
000000e5273b9a99
000000e538b99d59
000000e55f90f6b9
000000e56aae11d9
000000e56c321b39
000000e5872a9ab9
000000e58d9fbaf9
000000e5a9a4fc99
000000e5c768e6f9
000000e5c76af839
000000e5c76b0fd9
000000e5e66ba059
000000e5ed19dff9
000000e5f5ed8259
000000e5fa42b3d9
000000e620f2c939
000000e648109459
000000e64e343b79
000000e65a384bb9
000000e662ad98f9
000000e67e39d819
000000e69df74f39
000000e6b631f6b9
000000e6bdf207d9
000000e6d1555df9
000000e6db949979
000000e6de975ff9
000001cdbfea9461
00000000013be171
0000000000000181
000000e6fe1bb419
000000e72d3c6f59
000000e7364f6ad9
000000e7375bee79
000000e77d2904b9
000000e77d290c19
000000e78ae7a7d9
000000e7a427b9b9
000000e7ea9d1ad9
000000e8012da3d9
000000e809983b39
000000e81e7ce099
000000e820293499
000000e830ba0cf9
000000e84fdfc1d9
000000e86372ef99
000000e87cd496f9
000000e87fedea79
000000e8aa5f20d9
000000e8da3b95f9
000000e90033fa39
000000e9132dee79
000000e91c9bd019
000000e926fa28d9
000000e942f65299
000000e9567bd4d9
000000e965cbc779
000000e9668d7d19
000000e9795a2459
000000e980535459
000000e98aac6af9
000000e98c75f1d9
000000e9b10a5739
000000e9c9fc8db9
000000ea0ad47bf9
000000ea1d0bd059
000000ea2ee93619
000000ea67202459
000000ea83d07c19
000000eab7213c59
000000eac2aafbd9
000000eaf448d3f9
000000eaf81ce879
000000eaf8898679
000000eb22ed1839
000000eb3c352bb9
000000eb71dff299
000000eb7fb78fb9
000000eb8a1ebc39
000000eb8f24c699
000000eb9c72a099
000000ebabd55ab9
000000ebb140cdb9
000000ebb9150359
000000ebd63fce19
000000ebe26b8919
000000ebe37a3bf9
000000ec0b4137b9
000000ec1502acd9
000000ec3800fc39
000000ec4f3c4f79
000000ec641dcd99
000000ec683a9139
000000ec8a1beed9
000000eca1b16f99
000000eca32cecf9
000000ecaf4f7739
000000ecb35bbd99
000000ecd5792b59
000000ed1d70d099
000000ed2c25b9d9
000000ed4018c159
000000ed4a1e54f9
000000ed4a88fcf9
000000ed52d06b19
000000ed8b7f8719
000000ed96a727f9
000000eda159a059
000000edb258fc19
000000edbc68e579
000000edc814af79
000000edcc7ab439
000000ede87b7139
000000edea829379
000000ee223f5519
000000ee3a178119
000000ee3eddb479
000000ee3fa94439
000000ee40f907b9
000000ee4410fd79
000000ee4c7286b9
000000ee6830bf59
000000ee6a599b79
000000ee6d266239
000000ee6d2675d9
000000ee6d269179
000000ee7e537ff9
000000ee944ca799
000000eeae91c4b9
000000eeb3857e99
000000eeb9f14099
000000eec0fc4ef9
000000eec943f8b9
000000eecd6f0719
000000ef0a19a239
000000ef2a83a699
000000ef36a77439
000000ef594407b9
000000ef5dddd879
000000ef79bd3739
000000ef7a301219
000000ef7be33399
000000ef7cc0f559
000000ef8fbe21f9
000000efa8884cd9
000000efb3f268f9
000000efbbf591d9
000000efbbf81759
000000efe4511e19
000000efe609ca99
000000f0093b6539
000000f028185b79
000001e060554f61
00000000013be171
0000000000000181
000000f041d299f9
000000f06929f7b9
000000f08c5da559
000000f0cd500c19
000000f0f34c4f79
000000f0f54aa119
000000f118e442b9
000000f13e8d3699
000000f13f89b8b9
000000f1628dc379
000000f18c1ff139
000000f1b0d5fd59
000000f1cb674ff9
000000f1de44df59
000000f1f8ac1079
000000f216d640b9
000000f231265e39
000000f23737ac99
000000f254ce2fb9
000000f254ce3059
000000f257448cd9
000000f26423ff19
000000f27ccfbf19
000000f29da3f2b9
000000f2a6165359
000000f2b5bceb79
000000f2b6e675b9
000000f2cfdd69d9
000000f31cf2ddd9
000000f31fe8f6f9
000000f328345479
000000f32a181f79
000000f32fa030b9
000000f34db38139
000000f352498739
000000f3799f1119
000000f388e947f9
000000f38a09dd79
000000f3959929b9
000000f398d92159
000000f39d16ba39
000000f3aaef4e19
000000f3aee7f819
000000f3c5e61059
000000f3d16fe5f9
000000f3e8903259
000000f3f19157d9
000000f4071175f9
000000f407f91fb9
000000f42e9b6439
000000f4575253b9
000000f46bcca299
000000f46bccb439
000000f46c214f99
000000f46e3f05f9
000000f4aaf8cd99
000000f4d4896159
000000f508970b39
000000f50e7fa1b9
000000f53a12f5b9
000000f5486dc0d9
000000f588861759
000000f589423df9
000000f58df0e719
000000f59f403099
000000f5b7306079
000000f6131dc1f9
000000f6314a2b59
000000f6496b0979
000000f64b6fa6b9
000000f653a4cc59
000000f655bfbc79
000000f67de50d99
000000f6807711d9
000000f693e9c2b9
000000f69a6f66f9
000000f69e47da39
000000f6b95f0bf9
000000f6c7069939
000000f6cef2b879
000000f6d29211b9
000000f6de59b899
000000f6e37e2479
000000f6e3bd5559
000000f70ae889d9
000000f726d23679
000000f733cd4b79
000000f7382ff1f9
000000f73a44c159
000000f7908d0119
000000f7a0d35ff9
000000f7ae202259
000000f7d35c0999
000000f7f3da4379
000000f7f7865919
000000f8026f0119
000000f816dba5d9
000000f828a1b019
000000f834868019
000000f848a471b9
000000f8619f3019
000000f870ff5d39
000000f8ba47ae99
000000f8bea9c1b9
000000f8c556ecb9
000000f8dbc89279
000000f8e043b7b9
000000f8e5e87979
000000f8edd08619
000000f8f3bfcfb9
000000f9026f0cd9
000000f907d4b279
000000f915d3fb59
000000f91f289839
000000f91f3d07f9
000000f953a1c459
000000f955d172d9
000000f961067ed9
000000f96db92119
000001f300c00a61
00000000013be171
0000000000000181
000000f98480a3d9
000000f9869889d9
000000f99437c459
000000f997f6c5d9
000000f99d52caf9
000000f9b3966f39
000000f9c2aa0459
000000f9c68395d9
000000f9d4878059
000000f9e38e6e39
000000f9e3cb4ff9
000000f9e7e500f9
000000f9fcac9459
000000f9fcac9b99
000000fa434c6679
000000fa48a0e459
000000fa872441f9
000000fa8d24af39
000000faa390ff99
000000faaa6f5d19
000000faacd24fb9
000000fac8dc4bb9
000000face828359
000000fad26988d9
000000faf257c899
000000fb0a3d95f9
000000fb1ba8df79
000000fb3c915ef9
000000fb504c1d99
000000fb68676fd9
000000fb7fdd3059
000000fb8b517339
000000fb907ec2f9
000000fbbad97df9
000000fbbe1654f9
000000fbbf78c339
000000fbc62b1ab9
000000fbd37f1f19
000000fc197b6139
000000fc2e22c8b9
000000fc2fd2a9f9
000000fc446dda79
000000fc468f5559
000000fc4bef8f39
000000fc5d2d86f9
000000fc782cff99
000000fc7f6c2e39
000000fca34a93f9
000000fcb1030bd9
000000fcd8f5a0b9
000000fcd9ac2fd9
000000fcdfeb5639
000000fcf8e9a059
000000fd1b1a95d9
000000fd566a9b39
000000fd9d7e8439
000000fdaa06dd99
000000fdc2c9dd19
000000fdc565f0f9
000000fe077bb059
000000fe36a3adb9
000000fe53fc0979
000000fe5a5d6979
000000fe75548e39
000000fe7d8f6c19
000000fe860716f9
000000fea5e3b139
000000feac384439
000000feafd201b9
000000fec12fb3d9
000000fee9eb9779
000000fef4e5e479
000000ff040b2c79
000000ff5a873039
000000ff761764d9
000000ff83d1fd99
000000ffaba4f5d9
000000ffb4dc7db9
000000ffe347e9d9
000000ffec50f399
000000ffee090c79
0000010002ea23d9
000001001af3aad9
0000010038ddccb9
0000010068238779
000001008d87b259
00000100dc44dff9
00000100e8e0d5f9
00000100e8e7b0d9
00000100e8eaf619
00000100f18a1199
00000101060049f9
00000101102fea79
000001011aa09e79
000001013849e599
000001014898d959
0000010198daa199
0000010198dac519
00000101ad7c59d9
00000101b98b2859
00000101d373b459
00000101d6e0a839
00000101f978cb19
0000010208906699
000001023b1d83f9
000001025143e639
000001026970b9d9
0000010272e48999
0000010288b2f579
0000010298fffbb9
00000102a71a95f9
00000102c6a8d3b9
00000205a12ac561
00000000013be171
0000000000000181
00000102e03a9d99
00000102e1dfd819
00000102f5c9c6f9
000001031c867a59
0000010328c65459
000001033dbb2f59
000001035f07bc19
0000010373d636d9
000001038a2e7af9
000001038cf44419
00000103c42b1fd9
00000103d44f0cd9
00000103d5c2eed9
00000103d7829599
00000103d8e75119
00000103dbc35459
00000103ee711f19
000001042b190ed9
000001042b201119
00000104565884d9
000001046e551039
000001047af62159
000001048f577e39
000001049e8a1639
00000104a9250499
00000104b2596199
00000104ced79979
00000104d4420a39
000001050464b8f9
000001050aa6caf9
000001052fece9b9
000001055692d619
00000105640f5a59
000001057ac798d9
0000010581e13bf9
00000105c9cc3079
00000105e620d439
00000105e9bc7619
00000105ebd1a699
00000105f3665419
00000106335a38f9
000001063bc3c119
000001065abc1d19
00000106890b54b9
000001068cd72b99
000001069bd1c279
00000106bf6c83d9
00000106c1d16399
00000106cb909ab9
0000010706ec88d9
000001072cb2cb59
0000010745610199
000001074d3db519
000001074dc13899
0000010782a57359
00000107a43826f9
00000107d19e9bb9
00000107d93235f9
00000107dd5a7b59
00000107f56f2979
00000107f90d5579
00000107fbf00679
0000010804188e19
000001081b888399
000001083d9161b9
0000010852b1b599
0000010860165419
0000010860167579
00000108724e0699
00000108842b50b9
00000108db20e639
00000108e7f58d79
00000108ea684d99
00000108f5d7c2b9
0000010909cc4559
000001090c1385b9
000001090ca23f79
000001090d11bcf9
00000109181b5039
000001091a84a7f9
000001091fbc1319
00000109387572f9
0000010967372b39
00000109a4e21a79
00000109a4e22279
00000109adda6479
00000109d4a9cc99
00000109d8a3c759
00000109e0419ad9
00000109ea3f4019
0000010a0932f5b9
0000010a1c48f9d9
0000010a2f27b9f9
0000010a52a41959
0000010aa5278659
0000010abe8e4419
0000010ac5b99ff9
0000010ae5fee8d9
0000010b3cc27139
0000010b4599b3d9
0000010b65e7e439
0000010b65e7ed99
0000010b922bcd19
0000010b9cafc559
0000010ba783ce39
0000010bb5e74319
0000010bb7263899
0000010bc2c21039
0000010bcb7ba899
0000010bd341c839
0000010bf007a379
0000010c1ae26379
0000021841958161
00000000013be171
0000000000000181
0000010c237d6939
0000010c420f9679
0000010c6875baf9
0000010c931fd6b9
0000010cb7d43659
0000010cba17e3f9
0000010cba81d8d9
0000010cc9212139
0000010cd0679c39
0000010cd65ea199
0000010ce77a0f79
0000010d55b20f39
0000010d9830d9d9
0000010dbea8f499
0000010dec1ecd79
0000010dff0b6139
0000010e1937afb9
0000010e225c03d9
0000010e25e1fe39
0000010e2ff98b39
0000010e3f357219
0000010e41204a99
0000010e4e2d5499
0000010e572cc539
0000010e7c8054b9
0000010e7c8069b9
0000010eb41ae579
0000010eb78d98f9
0000010edce16bb9
0000010efe098259
0000010f0e868e99
0000010f28243719
0000010f3dbd5079
0000010f5b5245d9
0000010f6b7b1979
0000010f73c5a5b9
0000010f829b1159
0000010f8456a0f9
0000010f93819ef9
0000010f9a5f2c39
0000010fb0237a99
0000010fb98640b9
0000010fe9ec9079
0000010fedd37b39
0000010feeeb0539
0000011006fd1619
000001103c232199
00000110543dcbf9
0000011056d74879
000001106e6aa8f9
000001107bbf9559
000001107cb1a2b9
0000011098aedf39
000001109a773819
00000110bf2ab9d9
00000110f4af5c79
0000011108346e59
000001110e403899
00000111178d33f9
000001112f9585f9
0000011130ab3779
000001113b5d39b9
000001116e40fd99
0000011181c6dbd9
0000011195a37fd9
00000111a7560499
00000111adb25b79
00000111b33e7f59
00000111b6f96859
00000111de8e21f9
00000111ff97ed99
000001120a5ac239
0000011239f7f6f9
000001123fc9a659
0000011260e54579
000001126e860c19
00000112730904b9
00000112834ba9b9
000001128ea8b919
000001129bb23e99
00000112b17ffaf9
00000112b9adc319
00000112ee1317d9
00000113152e8019
0000011319d1d9f9
0000011320582979
0000011323bce739
000001133aed8bb9
0000011360889199
0000011366c28cf9
000001136ed8f599
00000113b0a94cd9
00000113d23f7f79
00000113dd252af9
00000113ed3cae19
00000113efecd4b9
00000113f26db1f9
00000113f4cc3a59
00000113f6fa9279
00000113ffcb1d79
00000114000daff9
00000114010a0c79
000001140484d119
0000011410928459
00000114273208b9
000001146719b1b9
00000114850e57b9
0000011494600b19
00000114946019f9
000001149bf56ad9
00000114a8b22659
00000114a9f3b299
00000114c8b01619
00000114c9d2bff9
00000114cc5cbb39
00000114ebb99a39
0000011509fd7cb9
0000011523d7f639
000001152be85ef9
0000011547d60579
0000022ae2003c61
00000000013be171
0000000000000181
00000115727e81f9
0000011572f523f9
000001159d3d1279
00000115ad19db59
00000115c40fd699
00000115eedb9b19
00000116135b9779
0000011637a23419
000001164d5293b9
0000011659e2f4b9
0000011661d23e99
000001167ff55d79
0000011686513f59
00000116acc36519
00000116acc365d9
00000116c018c779
00000116cd891179
00000116de3012b9
00000116eb2ae7f9
00000116eda73af9
000001170a8a2a79
000001171c7cae79
0000011728e77179
000001173f3f21d9
0000011743f1ded9
00000117533c56f9
0000011763357a99
000001177b7faa79
000001178a4c9c59
000001178f69e4d9
000001178fdb4719
00000117ab09b699
00000117d29d6fb9
00000117fe9352f9
0000011830447c59
0000011843d5b239
000001184a68b939
000001184c32d019
000001184c32d1b9
0000011867307639
0000011869f405f9
000001186d9ff899
00000118773d42f9
00000118993c76d9
00000118a1597e79
00000118ad70d5b9
00000118c70b7499
00000118c866ef59
00000118d5dc1199
00000118e4d795d9
00000118ec1f46f9
00000118fd00f539
0000011924242479
0000011971b93899
000001197acd1cf9
000001197c4545d9
000001199bed40f9
000001199f5496b9
00000119a8f4cc39
00000119e28546f9
00000119ff5b13d9
0000011a178f7fd9
0000011a21749a79
0000011a3b203859
0000011a40da13b9
0000011a4d9e2a59
0000011a833d5839
0000011ac1d34679
0000011ac9eae539
0000011aece1e079
0000011b0e38fd39
0000011b5080ed39
0000011b57d12779
0000011b71d16d59
0000011b746cca19
0000011b966ecbf9
0000011b9b7a0ad9
0000011bae867e39
0000011bae869979
0000011bbe2e6839
0000011bdb47c5b9
0000011bdda8de79
0000011c0c137779
0000011c2a631d79
0000011c2a6335b9
0000011c3068a2f9
0000011c3d00aaf9
0000011c518b2139
0000011c65507759
0000011c69fae4f9
0000011c7c40f979
0000011c852244b9
0000011c94d99299
0000011c9c127639
0000011ca5e81639
0000011cfbb79699
0000011cff574f19
0000011d11910e19
0000011d3a87dfd9
0000011d47d89459
0000011d5106ee39
0000011d6e326139
0000011d7ecd1cd9
0000011d99535cf9
0000011da24e5239
0000011dabb02fd9
0000011dabb04179
0000011db8912039
0000011df3734a79
0000011dfe4c1839
0000011e0d448a79
0000011e12c8bd99
0000011e1a9df579
0000011e2fefa979
0000011e3ab69979
0000011e3cb270d9
0000011e52729bd9
0000011e53a027f9
0000011e5983d9f9
0000011e5d86a2f9
0000011e7f5a7d19
0000023d826af761
00000000013be171
0000000000000181
0000011ed705f9d9
0000011ee1949579
0000011f1eb20d39
0000011f4e60c859
0000011f4f6ed519
0000011f59d2c7f9
0000011f74a89e59
0000011fad6174f9
0000011fbe652219
0000011fc3751d19
0000011fd4296879
0000011fedbad1f9
0000012005ec93d9
000001200eff2219
000001202eb0f179
000001206b5ea6f9
00000120815e3539
0000012089427599
0000012089428979
000001209e02e3b9
00000120b0607739
00000120b7a0dff9
00000120d7121439
00000120d9166c39
00000120ebf6c259
00000120ff4cf719
000001210451f739
00000121140f3f39
000001212ddb4ab9
000001215754e4b9
00000121a727cef9
00000121b18864f9
00000121c4813239
00000121ca7093b9
00000121e42f0019
00000122010d5eb9
0000012210cbd759
000001221606e939
0000012219a71dd9
00000122634dca59
0000012273c35619
000001228989e899
000001228fcabf19
00000122909a8359
00000122926a03b9
00000122b19e2ad9
00000122cdc9ee39
00000122f6ce87d9
00000122fc4d2ab9
00000123060ed3d9
000001230db096b9
000001231bd26c59
000001231bfe6c59
000001233d173779
000001234f9541f9
000001238b602599
000001238b604259
000001238b605bb9
00000123c043b659
0000012405f12c39
000001245dc9e9b9
000001245ffbe499
0000012473e2a039
0000012477c52199
00000124cab30f39
00000124e50ae4f9
00000124e6a28319
00000124f09ab479
00000124fb6ff139
000001250be789f9
000001250cb6d5b9
000001250e28af79
0000012517012439
000001251ac2c3f9
0000012536382999
00000125394938f9
0000012539495499
000001253d0f01b9
000001254fe5b079
0000012557ba7c79
000001255ea6e259
0000012572ff7ef9
00000125773ea2d9
000001257e88f019
000001258281dd99
0000012586d598f9
000001258d6d0fd9
000001259826ff79
00000125c5d66ff9
00000125e3364739
00000125e6de66b9
00000125e709dc39
00000125efbf12d9
00000125f2eac5d9
00000125f35f1a39
00000125f5dd9819
00000125fd0b74b9
0000012613519f59
000001261fd7f0d9
0000012661933219
0000012667bba519
0000012667bbc3d9
000001268a7db259
000001268c19eb19
0000012695c7b899
00000126b3b878d9
00000126bdbc1bf9
00000126c0b2aa59
00000126ceba7db9
00000126d3142bb9
00000126e59acbb9
000001270f149c39
000001272ad2e099
00000127576bc879
000001275ff518f9
0000012762e7ce79
0000012762e7d739
0000012765809c59
000001276893fa19
000001276a47e919
00000127756f3359
000001278d733839
000001279b7fde79
000001279d586e99
00000127a4e23a39
00000127b24bbbd9
00000127d8df2d79
00000127e2ceadf9
00000127e2ced239
00000127f0b95279
0000012809b27c39
0000025022d5b261
00000000013be171
0000000000000181
00000128116743d9
0000012827276dd9
000001282b5a23b9
0000012858a92bd9
000001288149de39
000001289eab2b39
00000128af12c739
00000128cde54579
00000128dde05a19
0000012932a6fa99
0000012988f6a4d9
0000012997465159
00000129a2a67db9
00000129acd46839
00000129bed546f9
00000129d25692b9
00000129d3da25f9
00000129e76075d9
0000012a041cfe39
0000012a0ed83619
0000012a125125b9
0000012a18f7e9d9
0000012a1db587b9
0000012a228ddc79
0000012a26cbf6d9
0000012a2dc1e339
0000012a38f8e7b9
0000012a3c268219
0000012a5a490ed9
0000012a5ea88f39
0000012a76ba40d9
0000012aabdf8599
0000012aad4eeeb9
0000012ab3e19639
0000012ab6fd2d39
0000012ad862fdd9
0000012b10284839
0000012b13267ad9
0000012b2549c399
0000012b260d9e79
0000012b37bd1959
0000012b546b15f9
0000012b5b3f12f9
0000012b6396ed59
0000012b739e7eb9
0000012b739e9799
0000012b81fd0a79
0000012b99960339
0000012bafb452b9
0000012bb92910b9
0000012bc0efaa39
0000012bc6ec3ab9
0000012bcadb5779
0000012bd3a95fd9
0000012be714cf19
0000012c05500359
0000012c0ed46b99
0000012c0ed49019
0000012c14799699
0000012c246cd419
0000012c2f957b19
0000012c36690279
0000012c3ef0c1d9
0000012c41786579
0000012c559e84f9
0000012c60518f39
0000012c81018479
0000012c9052bd59
0000012ce36ab1b9
0000012cf4702ff9
0000012d20edf8b9
0000012d27b50559
0000012d69998159
0000012d72b99659
0000012d7901c9b9
0000012dc5517859
0000012dd2aa1459
0000012dd2aa7a19
0000012ddcb33cd9
0000012de4392ab9
0000012de758a999
0000012e2c593019
0000012e42640259
0000012e46e76a19
0000012e4d004e19
0000012e53d2e139
0000012e5eb22699
0000012e647a1879
0000012e73c91e19
0000012e73c91ed9
0000012e75a5e859
0000012e807b48f9
0000012e90468eb9
0000012ea28aa659
0000012ec5c0a339
0000012ed354a2f9
0000012ef10be919
0000012efcab7439
0000012f043bd219
0000012f2cb0e259
0000012f3d4183d9
0000012f5b634279
0000012f622f36b9
0000012f73b1eb19
0000012f96c93c59
0000012fbebee7b9
0000012fe62ba339
0000012fefa0ed79
00000130040db4b9
00000130040dd199
000001303152c939
000001303eee8239
0000013048a88cd9
0000013052370779
0000013055ff3d39
0000013073defc19
000001307c9f1199
0000013092375e59
000001309f503f19
00000130af4032b9
00000130afb81079
00000130e6ddcff9
00000130f8c74499
00000131286875b9
0000013128da48d9
0000013132415099
0000013134d8ed19
0000013134d96579
0000013144f32339
000001314d048f59
0000013154897759
000001315b1af499
00000262c3406e61
00000000013be171
0000000000000181
000001316a2ffff9
000001318c167139
0000013192bfb599
00000131b27ea939
00000131bc6fde59
00000131c5725bb9
00000131de2af859
000001320145a3f9
0000013201f95bb9
0000013211e555d9
000001322d66f779
00000132460907f9
000001325eb9a259
0000013264484b19
000001326ff33e39
000001327fd04c59
0000013282437ed9
00000132963a95d9
00000132983d88f9
00000132ad48de99
00000132ad48e779
00000132c52dfa59
00000133041a9ed9
000001330539e599
000001330f27d1d9
0000013312671739
0000013318c3ca19
000001332e018eb9
00000133322c0bb9
000001336ab792d9
0000013375126839
0000013376069739
0000013397e657f9
00000133c114ab19
00000133d22b6099
00000133d6734e39
00000133e67f0c19
00000133e67f1d59
00000133e67f2399
00000133e93568b9
00000133ea821599
00000133f7cafd99
0000013400617c79
000001342bc78199
000001342caacbb9
0000013430e809f9
0000013435018bd9
000001344d15a659
000001345929b8f9
000001345adff239
000001345c736239
0000013475e8f339
000001348e246df9
00000134a8f59f79
00000134b1a1b959
00000134db867939
00000134e2582659
00000134e5a7ac19
00000134e8a37819
00000134f6c73379
00000134f9e4a479
00000134ff3c7619
0000013507826f39
0000013548357299
000001355081e6b9
00000135abb23a99
00000135ad4de959
00000135b5a0f879
00000135c1f20659
00000135d2bc7599
00000135f0558459
00000136048a18d9
000001365985db19
000001365985f879
00000136a9c502f9
00000136bd020639
00000136c593a9b9
00000136c7c4a1d9
00000136c8e8aaf9
00000136d7325219
00000136e7482e99
00000136eb025719
00000136f383b619
0000013719385e79
000001374a64c0f9
000001374b334119
00000137556e4ad9
000001375b9da739
000001379d162e39
00000137a175d2f9
00000137a4769239
00000137ede9bd59
0000013803cf3439
0000013804d1b459
0000013851a5dbb9
00000138545d8119
00000138554dbc19
000001387c58b499
000001389ade8539
00000138a4721019
00000138a5ebc3f9
00000138d9ab5159
00000138e293ad99
0000013922341f79
0000013927bd2ad9
00000139386ba559
0000013943b44a19
0000013956565139
000001395777e599
00000139895d7af9
000001399b5ee1f9
000001399b938879
00000139a256b559
00000139a998fc99
00000139c0962439
00000139c3209f39
00000139c58d6379
00000139fad2e119
0000013a0c7227f9
0000013a112d6ab9
0000013a438a5759
0000013a44cc2019
0000013a82f431f9
0000013a985ce2d9
0000027563ab2961
00000000013be171
0000000000000181
0000013ab48273b9
0000013ab67a6379
0000013ab8dfb9f9
0000013ad6ff94d9
0000013ad74c7859
0000013af5230359
0000013af919ab99
0000013b0bfceed9
0000013b22794179
0000013b2b6d6b79
0000013b374ce9b9
0000013b42cc5679
0000013b5b4d2119
0000013b6dc7b2b9
0000013b7fe50bb9
0000013b813994d9
0000013b9577a879
0000013bb7b5c799
0000013bcf46df39
0000013bebf9cc59
0000013bf03b7699
0000013bf36b7339
0000013c00ca5a99
0000013c3ee3f6f9
0000013c426383d9
0000013c43404c19
0000013c45613959
0000013c6c133119
0000013c6d137919
0000013c7572bab9
0000013c8085dd59
0000013c8085ea39
0000013c8b0a1bd9
0000013ca84f3e39
0000013cb6248fd9
0000013cb7af04f9
0000013cb908c699
0000013ccb053d59
0000013cd7198c59
0000013cd7c7c0b9
0000013d230870b9
0000013d25d870b9
0000013d4a88d099
0000013d4cab0059
0000013d5eec7499
0000013d629f5199
0000013d7395fa59
0000013d8014f019
0000013d805c7159
0000013db8455e79
0000013dc34b8cd9
0000013dec2d4019
0000013df35d3399
0000013dfa3af3d9
0000013e086c18f9
0000013e140782f9
0000013e2595bcf9
0000013e2feadff9
0000013e524dcd39
0000013e632d7b59
0000013e70220639
0000013e7cf99bf9
0000013e84cfb119
0000013e86a71979
0000013e8bfe2af9
0000013e8bfe3bd9
0000013ea0682579
0000013ea12c9af9
0000013ebebc7379
0000013ed8fd62b9
0000013ee578eff9
0000013f0422b159
0000013f099c3f99
0000013f13544839
0000013f306f99d9
0000013f38dd32f9
0000013f4b609099
0000013f76602379
0000013f8bb020b9
0000013fb95be559
0000013fc6d636b9
0000013fd1054879
0000013fd9bb1899
0000013fee05e439
0000013ffeb19cf9
000001400814c119
00000140144296b9
000001401a1ca879
000001402fdeaeb9
000001403aa80cd9
0000014045eba939
000001404f28e3f9
0000014081d1ec19
000001408b59a8b9
00000140906aa219
0000014095df6f39
0000014096780459
000001409dd8fc99
00000140e9fb4839
00000140fc95eb59
0000014147cad8d9
00000141506950b9
00000141fb548139
0000014203db1019
0000014228d58279
0000014275cf47b9
000001427cecee39
000001428c9f70d9
00000142ece5f879
00000142f18f41d9
00000142f420a3d9
0000014303d3ee59
000001431bddfd19
000001434efa8c59
000001435902c879
000001435d76e0b9
000001435d76f459
000001437f6bb6f9
0000014384ffa539
000001438d9f8419
00000143907f8f39
000001439cfb5d79
00000143b99e44b9
00000143c97dfe79
00000143e50bd0b9
00000143f06e9c59
00000143f7885999
00000143fa5c67d9
000002880415e461
00000000013be171
0000000000000181
0000014404ed9779
0000014414cc10d9
0000014428a3b3b9
00000144665d88d9
000001448030e679
000001448aed90b9
000001448ea10599
000001449575ba19
00000144a26f1e39
00000144adb7f5f9
00000144cfb16279
00000144d8fe0319
00000144ec0f4899
00000144fc522979
0000014521b5a4f9
00000145285e9cf9
000001456e230539
000001458704d159
0000014591945e79
00000145a3950659
00000145d7639b99
00000145f5dec8b9
000001460b95beb9
00000146134cf159
00000146508b6af9
000001465cef3719
000001466391a6b9
00000146891aa199
00000146891aaad9
0000014690d85619
0000014696265ed9
0000014699ec3619
0000014699ec48f9
000001469f8ba619
00000146b2185fb9
00000146ef160459
00000146f0b9f359
0000014708624899
00000147126f1e39
000001471986a939
000001473c45b399
00000147453da039
0000014746090139
0000014762cb1599
000001476619a899
000001476860bdb9
0000014783503d79
000001478829a719
0000014789b3b019
000001478b5d6fb9
000001478f592579
00000147c6c9b4d9
00000147d091e799
00000147da9a4b99
00000147dce6cfd9
00000147f12098b9
00000147f7c38f39
000001480b2a83d9
000001480e764af9
000001482aeec8b9
000001483cb09499
00000148542adc79
000001485c6befd9
0000014863fe1cb9
0000014886190759
00000148984a3e59
00000148ad1ff279
00000148d54ebf59
00000148ec7ea139
00000149060a9fb9
0000014913b2c999
000001492a6e2ff9
000001492a6e4299
0000014949a3a899
000001497734a0b9
000001498f8ccad9
00000149a9c8a059
00000149ba8d0ef9
00000149c86a66d9
00000149e69e0e99
00000149ee794f79
00000149ee7991b9
00000149f9c972b9
00000149ff75b999
0000014a26f9df59
0000014a757398b9
0000014abf59a9f9
0000014abff1d479
0000014b0794c6d9
0000014b1fd6f1f9
0000014b51a1c699
0000014b55b75199
0000014b68414c59
0000014b6aa71ad9
0000014b6e36f7d9
0000014bef6a8fd9
0000014bf571d579
0000014c2498b719
0000014c272f9559
0000014c32bff6d9
0000014c32c00bf9
0000014c42eedfb9
0000014c47f58d59
0000014c4a815cf9
0000014c8a932cb9
0000014c8a933b79
0000014c8f027ad9
0000014c8f02a4b9
0000014c922df879
0000014c95e4a439
0000014c9a9df839
0000014cc35d4f79
0000014ce8188af9
0000014d2ac45e99
0000014d30b822b9
0000014d478c9899
0000029aa4809f61
00000000013be171
0000000000000181
0000014d7970a099
0000014d948fe0d9
0000014d95dc55f9
0000014dec2c4179
0000014e13c5a7b9
0000014e160a4739
0000014e21f067f9
0000014e42b5aff9
0000014e6bbd8db9
0000014e7a0765b9
0000014e7d0644b9
0000014e95fd80b9
0000014e9ccae499
0000014eb08ec799
0000014eb97a0999
0000014ebaeb3179
0000014ecb48b9f9
0000014eed3d41d9
0000014ef09c2f79
0000014ef1669539
0000014ef583dbb9
0000014ef61b35d9
0000014f16d7c019
0000014f296da479
0000014f6e9f3139
0000014f885ad7f9
0000014fbaee1699
0000014fbc90c939
0000014fcc5cbbb9
0000014fdf8fa2b9
0000014fe41b7b19
0000014fee867f99
0000014ff1500519
000001500c28f479
000001501f877259
0000015029dc2439
000001502b4bb039
00000150a90bc259
00000150aa041c99
00000150abf4fff9
00000150b19c1a59
00000150e1533c99
0000015122e126b9
000001512520bb59
000001513c237e39
000001513f2346d9
00000151411e95f9
00000151484c2579
000001514d0727f9
00000151522b12d9
00000151a3492df9
00000151ba7fe099
00000151cfc8b9d9
00000151d04a6f19
00000151dd4aee19
00000152160b3339
0000015242082df9
0000015255a9cad9
0000015275828939
000001527d38fad9
000001527da77059
0000015280ccdc79
00000152acb3e6b9
00000152ba06e0d9
00000152cf60f839
00000152ff4f0059
000001530720b9d9
0000015320a92d39
00000153513f1b19
00000153680d7879
0000015370c84e79
0000015370c86559
0000015370c87359
0000015370c886f9
0000015370ed5bd9
00000153a557c2f9
00000153ae8878b9
00000153b9386059
0000015404f46999
00000154098c3299
000001542dae10b9
00000154309ee759
0000015439721c39
0000015439d38399
000001543b9a6839
000001544187cb99
0000015443d627d9
0000015443d62f39
0000015443d647b9
000001545ed4d6b9
00000154848f8659
000001548e890379
00000154b709ee79
00000154b8abc279
00000154be3e9259
00000154d163ff59
00000154d65d6a59
00000154da1f4199
00000154dc3536f9
00000154f7fba559
00000154ffdc09f9
000001550c2a48f9
0000015531951d59
00000155480bc219
0000015569454ff9
00000155955d8039
00000155955daed9
000001559826bdb9
00000155e6cd8819
00000155e8de7579
00000155ead546f9
00000155f81ed479
00000155f966f599
000001560e635319
000001561fbc40d9
000001562aca3559
00000156713655f9
0000015698c24659
000002ad44eb5b61
00000000013be171
0000000000000181
00000156a831b999
00000156ac350cf9
00000156b59781f9
00000156bd478139
00000156bf52a819
00000156ce8eaf19
00000156e45b8b59
00000157014c9419
000001574eade579
000001574eadf8b9
0000015754ebf4d9
000001575acb7cf9
000001576038b419
000001578e2a64b9
00000157b3d72339
00000157c0382b19
00000157c0383c59
00000157f0290a59
00000157ff8b8979
000001580acfc259
0000015810b13519
000001581183d1d9
0000015814e28339
0000015819b38159
00000158230a7d19
0000015823df61b9
000001584e5372f9
0000015865d66ef9
00000158740f2019
00000158c953e699
00000158d2492119
00000158e3841879
00000158f2f425d9
00000159115a0f59
0000015913c0ccf9
00000159165c1859
0000015921cc06d9
000001592eb53779
00000159325297b9
0000015941734779
000001597f09ad99
000001598708a639
000001599884eed9
000001599c17c4f9
000001599d7ddf79
00000159b3ea7579
00000159c7f82c19
00000159d0cb5339
00000159e0348b59
0000015a15a47659
0000015a1b646bf9
0000015a1e05e979
0000015a2e68a099
0000015a37a26b19
0000015a38f78199
0000015a4026e759
0000015a43654299
0000015a6ef46919
0000015a739ed319
0000015a739edc99
0000015a974ef999
0000015ac2e23c59
0000015af83a77b9
0000015b22e8e479
0000015b2935ccf9
0000015b2b661239
0000015b6cc4cab9
0000015b6f7f07d9
0000015b7adc9419
0000015b7db2af39
0000015b8017e9f9
0000015b9435b1f9
0000015bb27cab19
0000015bd335f059
0000015bd8bd4af9
0000015bdf110219
0000015bee34e599
0000015c005f74d9
0000015c011ba0d9
0000015c01b8bfb9
0000015c01d69139
0000015c26048759
0000015c2d138dd9
0000015c341e2a59
0000015c3e066699
0000015c43bdb399
0000015c5ba4be19
0000015c65279319
0000015c6af32499
0000015c91d5f339
0000015cae0e0859
0000015cf23ee1d9
0000015d1155b1b9
0000015d1dbfc9b9
0000015d22a82a19
0000015d2889df19
0000015d709dd8d9
0000015d78610919
0000015d7867d459
0000015d78b21c19
0000015d8787aa39
0000015d984524b9
0000015da8e8d819
0000015dba3a8759
0000015dc784e279
0000015dde1898b9
0000015df7e87f99
0000015e024cf379
0000015e1ccebf39
0000015e358454f9
0000015e3afa8079
0000015e3f440239
0000015e5a67bcb9
0000015e8e25dcd9
0000015e98c5c4b9
0000015ea651ac59
0000015ea740ad39
0000015ea890cc59
0000015eaa4ba139
0000015ed2130019
0000015ee47979b9
0000015ef0be0599
0000015f31a03199
0000015f4864e4f9
0000015fc072f8d9
0000015fc570e9b9
0000015fdb3427d9
0000015feae61a59
0000015fec91af59
000002bfe5561661
00000000013be171
0000000000000181
00000160024d9239
0000016008061d59
0000016017d21ef9
000001602dbcb899
00000160470fc419
00000160470fe199
0000016081167d39
000001609d989619
00000160a49fff79
00000160bca7dad9
00000160d112fdf9
00000160e232efd9
00000160e7a8c559
00000160f4b022d9
000001610f95dc79
000001611a457419
000001612866b2d9
00000161444b2179
0000016150afda19
0000016183eb2199
000001618767fc99
00000161a0febcd9
00000161cad03a79
00000161e4e4be59
00000161e4e4cb59
00000161ff643a39
0000016200a5e239
000001621a7b4a39
000001621c01f8b9
000001621c020ef9
00000162348299b9
0000016234ea3a19
000001624a5906d9
00000162578f17b9
00000162725b3e99
000001629a6353f9
00000162b80d9e39
00000162b938e0b9
00000162c4e78559
00000162e9e61dd9
0000016329bc64d9
0000016332765c99
000001633bb61ef9
000001636b1a4cb9
000001638efffab9
000001639d0328b9
00000163bd3f46b9
00000163cf676639
00000163d7972f79
00000163ea1c0779
00000163fd755879
00000163fd85b479
00000164184188d9
0000016439c244b9
0000016469d23259
0000016483355ed9
00000164876188f9
0000016488745df9
000001649eaa4719
00000164e6cb1139
00000164ed793819
000001651341c979
0000016513d30639
000001653ee3a399
000001653ee3b519
0000016580db8eb9
00000165864cb7b9
00000165ab26d219
00000165bc305a59
00000165c0569ff9
00000165d96adc59
00000165e1eee159
00000165e90a2db9
000001660100e159
0000016602dfdf79
0000016603a58ad9
00000166055715f9
000001661c0595b9
000001661de2a299
0000016635960259
0000016667749e79
000001668a391799
00000166959c8259
00000166a19f9319
00000166ca9f3f19
00000166cf69eaf9
00000166e6bcb559
0000016703c0c0f9
00000167049f8179
0000016714214c19
00000167161faa59
0000016718050899
00000167215922f9
000001675888a039
000001676cdf33d9
00000167870d0b19
00000167a229e7f9
00000167b2ef1319
00000167b81df059
00000167cebb44d9
00000167e6d51f59
00000167e7508e59
00000167f0ff8a39
00000167fc5571b9
00000168079e7e19
000001681157d679
000001681682a9b9
00000168282d6159
00000168285e4d99
000001685aa62e59
000001686e0cf699
00000168a2528d59
00000168db4843d9
00000168e0473579
00000168ff921ef9
000001690bffcc99
000001690c9f50f9
000001690fd4aeb9
000001691fe56ef9
000001693bb0fff9
000001693bb101b9
000002d285c0d161
00000000013be171
0000000000000181
000001696cf7ef39
000001696cf7fd79
000001697744c899
00000169876b1fd9
000001698b2179f9
000001698eac92f9
0000016995d9a379
000001699b714db9
00000169a6c5fbb9
00000169b512fdf9
00000169c97c0bb9
00000169cbd2c3f9
00000169dd23a739
00000169e1eb2979
00000169ff98acb9
0000016a2c931919
0000016a2c932b39
0000016a389c9bd9
0000016a3fbcee19
0000016a43c2ff39
0000016a45a3ba19
0000016a479020f9
0000016a733c10f9
0000016a82641cb9
0000016a89969c19
0000016a8996a579
0000016a8d82aa79
0000016a95b9d7d9
0000016a99691b59
0000016ad43328b9
0000016adffd3099
0000016ae6bc58b9
0000016b07b68b39
0000016b11c881b9
0000016b1caccaf9
0000016b20a58779
0000016b4a0dc3d9
0000016b5dbe52d9
0000016b606971f9
0000016b7052f499
0000016b7862d399
0000016b7d250419
0000016b84edb1b9
0000016b89ee2339
0000016bb9ed5bb9
0000016bf878c9f9
0000016bfa7f9759
0000016c2db918b9
0000016c38fb02b9
0000016c3c2cb219
0000016c432e2799
0000016c63e0f819
0000016c89c0af79
0000016cb4752119
0000016cdaa4f219
0000016cdf27b259
0000016ce25271f9
0000016ceaa29199
0000016cebf2c899
0000016d03850779
0000016d2657bd79
0000016d3646d079
0000016d3b66ca19
0000016d401f8b59
0000016d621e1619
0000016d78d4b6f9
0000016da4a45eb9
0000016dbc6af939
0000016dbc6b0619
0000016dc938dd59
0000016dc938de19
0000016dd2148fb9
0000016dd7f60bf9
0000016dda2d9c39
0000016e15ed6919
0000016e2b1690d9
0000016e7bbf6959
0000016ea9710f59
0000016eae3ce899
0000016eb6503139
0000016ec5f96899
0000016ee024e059
0000016ef615be19
0000016f174ddf99
0000016f1d38bad9
0000016f30ef6a19
0000016f38884959
0000016f53d05019
0000016f686022b9
0000016f6e7aadf9
0000016f6f1814f9
0000016f74a8d2d9
0000016fb1a86559
0000016fdd03b179
0000016fecf004f9
00000170090164b9
0000017011187799
00000170175d6659
0000017031d8a999
00000170460df9d9
0000017051fbe379
000001708c1718f9
0000017097f47359
00000170ab89fab9
00000170de8bac39
00000170eb1e6359
00000170ed9dbd99
0000017104bb1c79
000001710a86ff19
0000017115e1b579
0000017119611db9
0000017146b55e39
00000171589a7d39
000001719b28e3f9
00000171ad43e3d9
00000171ae28e199
00000171c6936599
00000171c9c3f859
00000171dfcb67d9
00000171e33738b9
0000017217cda299
000001722ab3bc39
000001723257f519
0000017235a18679
000001723b9fb9b9
000001723db8b8f9
0000017249ecd819
000001724e9806d9
000001726ae7c899
000001726f9acb99
0000017286d67f39
000002e5262b8c61
00000000013be171
0000000000000181
00000172984b8679
000001729aaa3079
00000172f49b30f9
00000172fcf779f9
00000173129460b9
000001732143d019
000001733831e479
000001733cea3599
0000017342053a39
0000017363729db9
00000173721fe959
000001738f2652f9
0000017395faf899
00000173964198f9
000001740a5d3ad9
0000017417888219
00000174195188b9
00000174810d9079
0000017483172819
000001748b8d8499
00000174a0059759
00000174bc736059
00000174bc7370f9
00000174c3198bb9
00000174dd840179
00000174ff0a85d9
000001750529b679
0000017509198379
000001750ffd7ab9
000001751bca41f9
00000175545a8899
0000017554ece599
000001756e7b4179
0000017570ea1059
000001758613c719
0000017594e786d9
0000017596adda99
00000175a367e379
00000175baabf6d9
000001760ebe9599
0000017637538af9
000001765962ab39
0000017659f60ed9
000001765bb2c6f9
000001765bb2dc79
000001768f1d3b39
00000176c0c523f9
00000176c3dffdd9
0000017710d0c999
0000017714ab5ed9
0000017741e1a619
000001774c5a28f9
000001774e882f39
0000017756e491f9
000001775d4a88b9
000001775e514299
000001776d410039
00000177756d3099
00000177859d2259
0000017797ecc299
00000177a01e7059
00000177a0e0f4b9
00000177c3ae5319
00000177d47a16d9
00000177edc84ab9
000001780300a2f9
000001780c197359
00000178126e85d9
0000017821435d79
000001782544ff19
00000178444e9059
00000178444ea1b9
00000178482934b9
000001784b4a3d39
0000017855950a79
00000178a8822b59
00000178b2dd5b59
00000178ba071279
000001790861a819
00000179108d6d79
000001791ce524d9
00000179390b29d9
0000017939d11a99
000001794e035b19
0000017975bb5719
00000179b071d379
00000179c9781c19
00000179dd6866f9
0000017a07116b99
0000017a12d74a59
0000017a1e5cb679
0000017a1e5cc039
0000017a27300319
0000017a401a5ef9
0000017a568e7039
0000017a580e1b79
0000017a66772179
0000017a67ee58f9
0000017a68cdc139
0000017a887f9c79
0000017ab815ee39
0000017acfaffef9
0000017ae71b9e79
0000017aea9a7299
0000017affc00e99
0000017b09d86cd9
0000017b0c813179
0000017b134a0bf9
0000017b1db3e419
0000017b24d2e459
0000017b24d2fef9
0000017b27ac6e59
0000017b4ae36759
0000017b5d362819
0000017bbb094df9
0000017bc66c68d9
000002f7c6964861
00000000013be171
0000000000000181
0000017beeae9699
0000017bf7b45899
0000017c21f41159
0000017c300f70b9
0000017c39065cb9
0000017c4f6c4919
0000017c78dc97f9
0000017c87b52bd9
0000017c923ea1f9
0000017c938b5c19
0000017ca305a4b9
0000017cb0d48f39
0000017cb59a4fb9
0000017cc78e20b9
0000017cc78e2959
0000017ccbf9b819
0000017cdc5af3f9
0000017ce22a3179
0000017d08fbc959
0000017d221f5a59
0000017d2495f9d9
0000017d267cdd59
0000017d2a941919
0000017d46e88bf9
0000017d51a21ab9
0000017d6e004639
0000017d7328e219
0000017d7b6853b9
0000017d99ff2b59
0000017d9a636519
0000017dcefb7cd9
0000017dd8c5c019
0000017df22c6ad9
0000017df473c239
0000017e06d98399
0000017e099c3059
0000017e0ea60ff9
0000017e35ed2859
0000017e37121899
0000017e371225f9
0000017e3c8d3af9
0000017e3f2fe519
0000017e4f8385d9
0000017e58d391b9
0000017e5a9b59b9
0000017e60d3dc59
0000017e61995739
0000017eb6fe6119
0000017efeea4b79
0000017f0bbd8699
0000017f2474d4f9
0000017f24ff22b9
0000017f43876079
0000017f8262c4b9
0000017f8d493cb9
0000017f9da3b099
0000017fafa7f7f9
0000017fb7301b59
0000017fdf4ed0d9
0000017fe8bfb8b9
0000018035084d99
000001805aaed5d9
000001805ede45d9
00000180c25e3099
00000180c4dd9c59
00000180c6c13c59
00000180c93f5639
00000180e2e35e59
00000180f15c08f9
00000180f2d066d9
00000181176dc259
000001812b637679
0000018130385c39
0000018130618219
0000018151490679
000001816e3d3119
00000181791d3c99
00000181867e2b19
000001818dd2cc79
0000018197ae7c19
00000181bde33039
00000181e1972b99
0000018214c51b19
0000018224f72499
00000182344330b9
000001823895e7d9
000001823fea73d9
000001826457bbf9
000001826bbc9a19
00000182804168f9
0000018291759c59
00000182ab7a5279
00000182ab7a64d9
00000182c5e424d9
00000182d8756c39
00000182df969e99
00000182e6cd8b19
0000018312b93fd9
0000018318ae5c99
000001832151e979
0000018329103239
000001832d6a6939
0000018334769b79
000001834b594fb9
000001834dc5b659
000001834fcfdd19
000001835e9a0f99
0000018365da05b9
000001837de59699
000001838b800739
00000183a0fff2d9
00000183a5681199
00000183b1a3f6b9
00000183b3065979
00000183c64ba499
00000183d21adb79
00000183df51eb39
00000184021a20f9
00000184212c7ad9
0000018422b1cc99
000001842a687539
0000018431e95ff9
0000018436a8d2d9
000001843cccd3f9
000001843ccce739
000001843e8514d9
000001846e317a19
000001847d569199
000001848d1bc119
0000018490733d59
00000184d72fdf79
00000184dd0e4059
00000184eabbe2b9
00000184f0536999
00000184f61f3c99
000001850695e899
00000185070f3c99
000001850c656659
000001850e2b5959
000001851adc0719
000001852e9bd8f9
000001853210ce59
0000030a67010361
00000000013be171
0000000000000181
000001854aa79fb9
0000018550bbe659
000001855e1f3959
0000018568d58259
00000185746c2b59
000001858932ba99
00000185a0a87c79
00000185a0a88e59
00000185b9ccdb19
00000185c39fd1d9
00000185dabfd459
00000185dd443499
00000185e3ba87f9
00000185f19c72b9
00000185ff1fb099
0000018603d1ccb9
0000018607924339
000001860e463159
000001863bf4e819
00000186423d6619
0000018659d67879
000001866736d5f9
000001866cb445b9
00000186c9924f79
00000186db4acf99
00000186f7e509b9
000001870f0c7099
0000018715c61dd9
000001872ab4fe59
000001872ae62a19
0000018735f5fff9
00000187383016f9
000001874a6da6d9
000001874add5e19
000001874b42f7b9
000001875ab53779
00000187b4d04a19
00000187c6e5c479
00000187e31688d9
00000187f819d7b9
000001884ad5ce19
000001885748a179
00000188c63d4479
00000188d001c3b9
00000188e52d1519
0000018902034779
0000018902035bd9
0000018903f4c619
000001892e2384f9
000001892e2397b9
000001892e559d19
0000018950f00359
000001897e301059
0000018983b2fff9
000001899b846f19
00000189b0848839
00000189b253c2f9
00000189ba3e2e39
00000189ee80a879
00000189f56422d9
0000018a11b31b79
0000018a1ac45cb9
0000018a210c2f19
0000018a210c4ad9
0000018a43a2f039
0000018a486389d9
0000018a702b4e79
0000018a7c067639
0000018a7c3b3579
0000018a94034a39
0000018a9b2e1a79
0000018aae1b1f59
0000018ae741ad39
0000018aee068a39
0000018af3f84959
0000018b0267bf59
0000018b10bf5219
0000018b10bf6719
0000018b23516a39
0000018b44b9fdf9
0000018b4f24ca19
0000018b59307379
0000018b6965d8d9
0000018b7a8ae279
0000018b8b88ceb9
0000018b9ff06559
0000018bb4826d79
0000018bbc73fbf9
0000018bca73c719
0000018bccfb75f9
0000018bcd8735f9
0000018c04123c19
0000018c1af64799
0000018c1af657f9
0000018c27b54219
0000018c60dea379
0000018c70ccd6f9
0000018c80d13979
0000018c8994a0b9
0000018c8d253319
0000018c90df7e59
0000018c95158659
0000018caf231bd9
0000018ce79b63d9
0000018cf2ece179
0000018cf574dbb9
0000018d091d94b9
0000018d11125899
0000018d316a3619
0000018d359d79b9
0000018d6dd6bf99
0000018d87e0ddb9
0000018da67ab559
0000018db17c6499
0000018dc40403d9
0000018dd5956b99
0000018deeb71f39
0000018dfc9436f9
0000018e03bfe459
0000018e0f4d5359
0000018e263af159
0000018e263af999
0000018e3401d3f9
0000018e592ad3f9
0000018e5bc2df99
0000018e5f2b88d9
0000031d076bbf61
00000000013be171
0000000000000181
0000018e8feee0d9
0000018ec933fed9
0000018ec9340ed9
0000018ece901699
0000018ed4d8f2b9
0000018ed59867f9
0000018ed6fdb559
0000018ede9f7a99
0000018f0631e2b9
0000018f3da800b9
0000018f499aac19
0000018f69702af9
0000018fa016c859
0000018fabb9d219
0000018fb42866f9
0000018fc1045859
0000018fc3dd7759
0000018fc8cc0a39
0000018fc94e2799
0000018fd4481f99
0000018fde6d8e99
000001901663b639
0000019031307a79
000001904b8b7199
00000190540ceef9
000001906b7138d9
000001907cee0639
000001908d34bd99
000001909083a3b9
00000190c8a1b199
00000190ed89b159
00000190ee2a2ad9
000001912a651599
0000019157c8ec79
000001915ccdebf9
0000019160168559
00000191660f9039
000001918ad7ef39
000001918f7b9ad9
000001918f7bbeb9
000001918f7bd1d9
00000191add81c99
00000191b5f8c439
00000191ba600e99
00000191d32f5a59
00000191dff7c1f9
00000191e0704dd9
00000191e7116df9
0000019207ebd439
0000019216cc6119
0000019216cca899
000001922fb211b9
000001923785c6d9
000001923cc2c659
0000019243be8599
0000019251faa3d9
000001926bbdd759
000001926bfc5999
00000192bf8b3459
00000192cb6ba519
00000192d734d999
00000192e175f4d9
00000192e42f6339
00000192ea19f7d9
00000192f0cadcd9
00000192f22167b9
00000192f2217d19
00000192feaa5699
0000019306edb939
000001930a4ec9b9
000001933220e819
0000019332f7acd9
000001933596f679
000001936cba82f9
0000019394fc91d9
00000193b15d7499
00000193d281e0d9
00000193de2e54b9
0000019404db24f9
00000194100e0279
00000194179997f9
00000194186cd339
000001942441c179
00000194400b9019
000001944c9b1019
000001946baa3059
0000019486d49cd9
000001948cfe3eb9
00000194a6184899
00000194b6e17d59
00000194eaf30cd9
00000194f09ba479
00000194f46b50f9
00000194f9c44d19
000001950d2b1fd9
000001951b9760f9
00000195211014d9
000001953af93db9
000001954c90adb9
000001955e298459
0000019567496759
000001956f3a8419
000001957341f9d9
0000019575faa9d9
00000195c658d779
00000195c9290e59
00000195eaa71219
0000019634d243d9
0000019639ee3d59
000001963ad9c4b9
00000196450e4899
0000019668ecb539
0000019671b7bdf9
0000019674652dd9
0000019674ddfd19
000001967a9ca199
00000196a33ca199
00000196d8202fd9
00000196f7ddeef9
0000019716c128d9
000001971b0a0419
000001972f5c6179
0000019747299859
0000019755bfa0d9
000001977774f0d9
00000197ce00d279
00000197d1c0c479
0000032fa7d67a61
00000000013be171
0000000000000181
00000197e0050c99
00000197f2ab7799
0000019810eeda79
00000198156b2d99
000001985ce79f59
000001985eef50f9
0000019867addbf9
00000198a37d4f79
00000198cc21e339
00000198d6de6479
00000198e380d6d9
0000019902f71e59
000001991adfdcd9
000001994c4c42d9
000001996b978699
000001996b97af39
0000019977e73c79
000001998decd519
00000199a8aaf5d9
00000199d5dbd9d9
00000199d86b6d19
00000199dc3c9e39
00000199dc3cb279
00000199fe999619
0000019a25a84259
0000019a39a968d9
0000019a3b2d7eb9
0000019a452b3239
0000019a60063519
0000019a63cc3ab9
0000019a7ed982d9
0000019a7f0129f9
0000019a9026da99
0000019aa4070879
0000019aa6e0f979
0000019aae418059
0000019ac581fff9
0000019ad5abadb9
0000019adfcbef39
0000019af68e8759
0000019afdf7bc79
0000019b0044e459
0000019b52d8f679
0000019b63e7e019
0000019b8dba7b39
0000019bac4b33b9
0000019bb7947639
0000019bd61257b9
0000019bd815d419
0000019bdd245519
0000019be66402b9
0000019beb3bd979
0000019bf87475b9
0000019c01a24059
0000019c1b3a7199
0000019c34bc37b9
0000019c3d0dc6f9
0000019c40408199
0000019c59b40fb9
0000019c5a3f7cb9
0000019c5e7f3699
0000019c7ceed799
0000019cad080ff9
0000019ceacaea99
0000019ceb31ead9
0000019d11589c19
0000019d1cedceb9
0000019d34c41019
0000019d774728d9
0000019d8ee746d9
0000019db22747f9
0000019dc3e1ca39
0000019ddd261399
0000019dde968ff9
0000019e0d0f4ed9
0000019e1f34ac39
0000019e3cf91779
0000019e4d8c7299
0000019e4d8c9439
0000019e4e2bfed9
0000019e63ef8039
0000019e668ad859
0000019e9ab5f2d9
0000019ece1d0dd9
0000019ed1098bd9
0000019ed2af5119
0000019ee45005b9
0000019ee948aed9
0000019ef09c5379
0000019efb363a99
0000019f14217d59
0000019f455fde39
0000019f4d3c7099
0000019f59cbd199
0000019f69b26b99
0000019f6aaf4059
0000019fa7223899
0000019fbd2d7599
0000019fc3c7fed9
0000019fdb155659
000001a0354a7699
000001a06f762699
000001a08686f0b9
000001a08e5db0b9
000001a08f290419
000001a08f296d99
000001a0993d3bd9
000001a0af2e9bb9
000001a0c8c1b0d9
000001a0cc9bbbf9
000001a0d7a63d19
000001a0d7a69c79
000001a0e179cad9
000001a0f0ef9d19
000001a103d55459
000001a11dde0d39
0000034248413561
00000000013be171
0000000000000181
000001a126cebad9
000001a126ced179
000001a130723d59
000001a13beee8b9
000001a14d6db519
000001a14f69fb39
000001a150406d39
000001a15c4d2199
000001a164c9b799
000001a193dcb619
000001a1ac5b9419
000001a1ad8b4839
000001a1b7203479
000001a1d417d979
000001a1ee1d8779
000001a1eff7fa19
000001a1f72d0ff9
000001a221b38f59
000001a239b3a6b9
000001a23a775b19
000001a25cafbc59
000001a27fcfebf9
000001a28eab4459
000001a291a7a299
000001a2956022f9
000001a29aa25a39
000001a2b9c647d9
000001a2c5e65139
000001a2cd68fab9
000001a2e1755e19
000001a2e81bd2d9
000001a301e318d9
000001a306a3c3f9
000001a30b43a719
000001a317046ed9
000001a33080b6d9
000001a332b69799
000001a332e2a079
000001a349863d59
000001a3657a4d99
000001a3738e91f9
000001a377f705d9
000001a3ae71c779
000001a3af0ea179
000001a3bc5f3859
000001a3c0ce5939
000001a3cb752699
000001a3cc9de999
000001a3d7484059
000001a4015f2079
000001a41201f279
000001a42f741c19
000001a4321ca399
000001a453194019
000001a453a72019
000001a4799655f9
000001a47d4ed699
000001a49b8c0319
000001a4a17c0439
000001a4bb0e7bd9
000001a4e8363959
000001a4ee6dd2d9
000001a4fceaac39
000001a510013319
000001a51a8e2899
000001a520a8c699
000001a520aee199
000001a5475b11d9
000001a54ee31c19
000001a550630f59
000001a57069ddb9
000001a586757ab9
000001a587004859
000001a59c7c32f9
000001a59c7c52b9
000001a5c5a177b9
000001a5d19b0e99
000001a5d2bd8339
000001a5df62d659
000001a604126cf9
000001a61a3da819
000001a623268019
000001a6257d4fd9
000001a6273142d9
000001a634319b79
000001a65eace5d9
000001a67006c799
000001a670493439
000001a676bd2219
000001a67c1436b9
000001a6887cc359
000001a68884d4f9
000001a6919c52b9
000001a6b5ccb939
000001a6c6671219
000001a6fd0ce939
000001a7144c0cf9
000001a736eedf59
000001a74c3c47b9
000001a75b480439
000001a7734d77f9
000001a792644ab9
000001a796021919
000001a79a0a9ab9
000001a7aed50ed9
000001a7b12739b9
000001a7b44e9b99
000001a7be7073b9
000001a7e2d335d9
000001a7f2e15eb9
000001a802f4a179
000001a840a66999
000001a85b8c8e79
000001a8605cffb9
000001a874e8a8b9
000001a88e93b639
000001a88ffb30b9
000001a88ffb9679
000001a8c8f1f199
000001a8cee502b9
000001a8fcc0f7b9
000001a90040d2f9
000001a92c117399
000001a93c64b659
000001a94a5aaef9
000001a96bdb1759
000001a97dcf8179
000001a9bc683979
000001a9c0850159
000001a9d31accd9
000001a9e08e35d9
000001a9e287d6d9
000001a9eed54c99
000001aa0f7c3919
000001aa1a255139
000001aa1b4e9f59
000001aa21a1adb9
000001aa3322dd39
000001aa4816c859
000001aa6fb02d59
00000354e8abf161
00000000013be171
0000000000000181
000001aa86299df9
000001aa9f8df219
000001aa9f8dfab9
000001aaa7ad7f19
000001aab1d60259
000001aaba317c99
000001aadb8198d9
000001aae9513399
000001aaf3f9d1f9
000001ab010d64b9
000001ab08aff7f9
000001ab17b49c19
000001ab24c58459
000001ab2fce9b79
000001ab32251179
000001ab33cf2d99
000001ab3d30bbb9
000001ab49870bd9
000001ab5cfd09b9
000001ab6ccaa3b9
000001ab74fda4f9
000001ab8069df99
000001ab85567f79
000001ab86d219f9
000001ab8d8248f9
000001ab97b70319
000001abac9722d9
000001abc885af99
000001abc9262979
000001abdddebe79
000001abe7eeb7f9
000001abe9209999
000001ac12a86479
000001ac142bf1b9
000001ac184c2c19
000001ac1f824259
000001ac7feeff59
000001ac8230b619
000001ac863483b9
000001ac91bcf6b9
000001acad80cd59
000001acc3c321f9
000001acce0601b9
000001acce062fb9
000001acde2f3d19
000001acdfbf93b9
000001acf193d2d9
000001acfc3e3e19
000001acfd58ea79
000001ad2f3f7cd9
000001ad5883caf9
000001ad7b307e59
000001ad8c3d3239
000001ad9799a3d9
000001adba82cd59
000001adc951b119
000001add08831b9
000001add3dca9d9
000001adeda73439
000001adeda73db9
000001adf55cbf79
000001adfd4e55d9
000001ae01a29179
000001ae02d5d0f9
000001ae116afad9
000001ae31eee579
000001ae65b12b79
000001ae8fe1d619
000001aea2b849f9
000001aebe000b79
000001aed53557f9
000001aed53560f9
000001aee8e00379
000001aefc2b8b59
000001aefdeba1f9
000001aefdebc839
000001af24a9b4d9
000001af25895e19
000001af270eb2f9
000001af2fb0e459
000001af3195b1f9
000001af3d709619
000001af7b8e1699
000001af8d73bc39
000001af92473ed9
000001af9eca8b79
000001afa1d6f879
000001afc16b8999
000001afec3128b9
000001b004556af9
000001b032bde639
000001b037165f19
000001b05c1ce8f9
000001b0bc0c0679
000001b0c2233d39
000001b0c64cf759
000001b110ba0599
000001b14393c959
000001b152814799
000001b155f38b19
000001b15bfd0ed9
000001b167c28f99
000001b16e964d99
000001b16e966a19
000001b188394099
000001b196623179
000001b19cbc0499
000001b19e6d43f9
000001b19ec1d299
000001b1a0623879
000001b1a0628919
000001b1a967f6b9
000001b1b841f5f9
000001b1d433f0b9
000001b1d9d1b839
000001b1f6d264d9
000001b1fb1106d9
000001b2070fa7f9
000001b209f2ec39
000001b20d1f6659
000001b221af2cd9
000001b225157d79
000001b2336e9299
000001b24d568ef9
000001b2661686f9
000001b27363c7f9
000001b27a39b499
000001b28ba00979
000001b292763899
000001b2927641b9
000001b296732159
000001b29c553679
000001b2b6946779
000001b30c19f9d9
000001b3198705d9
000001b330d79ad9
000001b342bde459
000001b370df6499
000001b370df7579
000001b38bb4dd19
000001b390bf6d59
000001b3a32fa1b9
000001b3c1ea64f9
000001b3c1ea6cf9
000003678916ac61
00000000013be171
0000000000000181
000001b3e46bdf79
000001b402e4d979
000001b412eb93d9
000001b4338a0d39
000001b43b870059
000001b456938719
000001b481d21459
000001b4aba4a699
000001b4b072bc79
000001b4c664c119
000001b4d17e2059
000001b4de2addf9
000001b4e9a5f279
000001b4fc3e3cf9
000001b4fcbcd799
000001b53044aef9
000001b5444514b9
000001b550bf8239
000001b5585d3599
000001b567a78479
000001b581ff7c79
000001b583252cf9
000001b5a18ec379
000001b5be685df9
000001b5c28c7739
000001b5d4c763f9
000001b5f4637339
000001b5f5f79e79
000001b646b850b9
000001b6926fded9
000001b6b4a093b9
000001b6b4a0d919
000001b6dc42c0f9
000001b6f4a6ff39
000001b700f2c019
000001b70f3f2a39
000001b729e81039
000001b72ee1b7b9
000001b73471b479
000001b739c4b459
000001b742af4b59
000001b7489d0339
000001b74b837f39
000001b79dc69479
000001b7cee5bd39
000001b7cf517259
000001b7dad0faf9
000001b7f0dddd79
000001b7f58ba179
000001b7fd599779
000001b8049ae6f9
000001b804be4b79
000001b811143499
000001b815f15d59
000001b836572c19
000001b836574099
000001b836574819
000001b83afa8979
000001b83afa9b19
000001b84127c4d9
000001b8521746b9
000001b894bf9759
000001b8a8600199
000001b8b34f5f39
000001b8ccd0f3d9
000001b8ec778859
000001b910e09679
000001b91b4c53d9
000001b91c3114d9
000001b91c3131f9
000001b938f66139
000001b94a957dd9
000001b961a684f9
000001b962b09219
000001b96b810c99
000001b971842b59
000001b998ffa479
000001b9a0d80079
000001b9c1f26eb9
000001b9d18f6ab9
000001b9f47e9cf9
000001ba27772d59
000001ba2e1c6479
000001ba3ae85539
000001ba3d1b4199
000001ba6ea024f9
000001ba6f84f1b9
000001ba8160c3d9
000001ba82d8dc99
000001baa8ccbe79
000001bac5b7df99
000001bad3816a99
000001bad98c72f9
000001bae5126999
000001baf0ef87b9
000001bb00633919
000001bb106e2d59
000001bb49397759
000001bb493988b9
000001bb6f0daf79
000001bb7d017219
000001bb80684079
000001bbb96676d9
000001bbb9739739
000001bbcc7dbfb9
000001bbe182c2b9
000001bbe53a0259
000001bbf34334b9
000001bbfc90c7d9
000001bc00647359
000001bc32425679
000001bc34befc59
000001bc45cc2079
000001bc5c1f0b79
000001bc79940c99
000001bc7c4d1019
000001bc82fb9db9
000001bc8b3fc5b9
000001bca23ce059
000001bccfe58079
000001bcdfee21f9
000001bce8758099
000001bd0e37f979
000001bd1421f979
0000037a29816861
00000000013be171
0000000000000181
000001bd2440afd9
000001bd2440c6d9
000001bd2ec70679
000001bd4879bab9
000001bd4b3d2119
000001bd6b6fc6b9
000001bd70e74199
000001bd9f9a0d19
000001bdaa050499
000001bdb6387ff9
000001bdbf956d79
000001bdca213259
000001bdfa88d339
000001bdfbd8f4f9
000001be045cc9f9
000001be40511b79
000001be40fd1f19
000001be44cd04f9
000001be56ada039
000001be584a3299
000001be626a34b9
000001be63043b39
000001be6b2f8939
000001be8dae34b9
000001be9725f1b9
000001be9f56a8d9
000001bec86ca719
000001becc802ab9
000001bf058ccfd9
000001bf08b6e039
000001bf11baeb99
000001bf1304c179
000001bf8871e519
000001bf8b2d8519
000001bf94bc9799
000001bfa341b159
000001bfb041ebd9
000001bfd50716f9
000001bff0ef53f9
000001c004a4ac79
000001c05e0d0439
000001c064e7cdd9
000001c06664fad9
000001c0722100f9
000001c07c47fd99
000001c07e115f39
000001c081363f79
000001c090714339
000001c09236e699
000001c0ac186f79
000001c0e1214f19
000001c0fa856ff9
000001c103ca7119
000001c1228d1539
000001c1451b56b9
000001c154b383d9
000001c1616f30f9
000001c195933199
000001c1da0dcad9
000001c1dc0ba5b9
000001c1df9148f9
000001c1ffd7be19
000001c20e505579
000001c20e9f0199
000001c21b5fe6d9
000001c22ade9519
000001c25225ac99
000001c2608637b9
000001c277ec7fb9
000001c284766fb9
000001c284cd23d9
000001c29e50f3f9
000001c2c30ac519
000001c2c919df19
000001c2e6b7df39
000001c2f8792799
000001c313558ab9
000001c32d3ab3f9
000001c32d42b5f9
000001c33b804759
000001c34df5e079
000001c364ddc619
000001c3a8e3fd79
000001c3beb3b1f9
000001c3c7daa6d9
000001c3d9fcbb19
000001c3dc4b4dd9
000001c4019e1b39
000001c4144a7639
000001c44f473f59
000001c44f474d99
000001c44f4758d9
000001c44f4759b9
000001c488a47c39
000001c49d748039
000001c4a8cf2a99
000001c4ab1e3719
000001c4c27f1319
000001c4c679c2f9
000001c4cba21039
000001c4d3af7d99
000001c4ddaf65d9
000001c5282b8c99
000001c52cacb1d9
000001c542923199
000001c542925219
000001c58c8b23f9
000001c5903e2879
000001c5a021f3d9
000001c5acd807b9
000001c5c0889539
000001c5c0e96399
000001c5df673459
000001c5f2f155f9
000001c5fb7a5559
000001c5ff0f3fb9
000001c630e71479
000001c6458f02f9
000001c6480b1639
000001c656fc3139
0000038cc9ec2361
00000000013be171
0000000000000181
000001c67a7d6e99
000001c688d5ea19
000001c688d65779
000001c6a1e478f9
000001c6d50b4b99
000001c6ed6470b9
000001c6ee4658f9
000001c6f9433699
000001c6fc68ee79
000001c701f4c9b9
000001c70f3cd919
000001c72c48e119
000001c7317c3fb9
000001c743bb7259
000001c75e286339
000001c75e790659
000001c784b5f899
000001c78fc78059
000001c791b5f079
000001c7920674d9
000001c799a165f9
000001c7a7b58659
000001c7c98a3ad9
000001c7e6757b99
000001c8007db1b9
000001c817dbb439
000001c855ab2cb9
000001c866a86cf9
000001c881965bf9
000001c88196d139
000001c891287c59
000001c8b44a6eb9
000001c8ded1b559
000001c8e84b9059
000001c907fb28b9
000001c9232d76f9
000001c9289cc5f9
000001c92eb72859
000001c964d954f9
000001c98bd82c79
000001c9935085b9
000001c9b54957f9
000001c9c8f4f0b9
000001c9e2b84619
000001c9e3270079
000001c9e7a56d39
000001c9ecbdaa39
000001c9f2804359
000001c9fdc2b099
000001ca0190e6b9
000001ca04396879
000001ca254dfaf9
000001ca26cf6cd9
000001ca308313f9
000001ca49963a79
000001ca4f5d41f9
000001ca76af1639
000001ca95161f99
000001caab022e99
000001cacbe3db79
000001cad8728079
000001caeac455d9
000001cafb1af239
000001cb032d7d79
000001cb20661d99
000001cb2fe69259
000001cb317c83f9
000001cb49a66879
000001cb5f5f58d9
000001cb6e1a08f9
000001cb7a493199
000001cb87eea6b9
000001cbc3734959
000001cbc6429b79
000001cbc72adbb9
000001cbeea24fb9
000001cbf0093e39
000001cbf705b8f9
000001cc182b5bb9
000001cc2f0e03d9
000001cc30fa1d19
000001cc3cf2ce79
000001cc4fcc6dd9
000001cc5514ccd9
000001cc600e2439
000001cc6a7861f9
000001cc6d0b07f9
000001cc7c87c059
000001cc7e143179
000001cc89dc3179
000001ccedd416d9
000001cd2c560d39
000001cd4d45dff9
000001cd6d026db9
000001cd8a32d6b9
000001cdba866b39
000001cddf1de5b9
000001cdf0046079
000001cdf7f9f439
000001ce2ea5bd99
000001ce42977399
000001ce4a2773d9
000001ce4bf31ad9
000001ce60231579
000001ce6486abb9
000001ce708e0539
000001ce73fbd619
000001ce86499c99
000001ce8b32a239
000001ce9e707f79
000001cea0b15479
000001cebcde6b39
000001cec6238c59
000001ced325b2d9
000001ced3496fd9
000001cee0c17439
000001cef4646e79
000001cefc0cb539
000001cf02991f19
000001cf39be6af9
000001cf3d35db79
000001cf48ef0999
000001cf6f46cab9
000001cf6f46e279
000001cf79078df9
000001cf900fe919
0000039f6a56df61
00000000013be171
0000000000000181
000001cfcb7ba9f9
000001cfe6777099
000001d00aa29c39
000001d012ce62d9
000001d015d1baf9
000001d02462d159
000001d025d15899
000001d0b547ccd9
000001d0b547e979
000001d0b7a99119
000001d0c02db879
000001d0c0faf159
000001d0dbba98b9
000001d0dd82eb19
000001d0ea670919
000001d0ec0703d9
000001d1021003d9
000001d12b1f15d9
000001d12ea32619
000001d199777159
000001d1c4d67a39
000001d1ef7eed39
000001d224754d59
000001d237e7db79
000001d25c2f8d79
000001d264e85699
000001d277110339
000001d279c27499
000001d2845e9d19
000001d298f993b9
000001d2bac6d4d9
000001d2bd36cfd9
000001d2c5c36219
000001d2cc2896f9
000001d2e42310f9
000001d30adb8a59
000001d31ff70f19
000001d322caf2b9
000001d344d05c39
000001d355013919
000001d364203199
000001d36799f0d9
000001d382869a59
000001d3871e0b19
000001d394ef5819
000001d3a7ac4b39
000001d3ae7697f9
000001d3b91f0939
000001d3c3fea3d9
000001d3ceb6a9d9
000001d3d467af79
000001d3e03da319
000001d4196f9f39
000001d4341c04d9
000001d436f8e299
000001d43b98f759
000001d49627aa19
000001d4977d8479
000001d4c5c607f9
000001d4e2aae4b9
000001d529539b59
000001d566feaff9
000001d57aafdd79
000001d591d8d439
000001d5a1b35059
000001d5a2caded9
000001d5b2030fd9
000001d5b66fdf99
000001d5b67000b9
000001d5f8d89f79
000001d6003ea479
000001d6038d5239
000001d60c3c6b39
000001d60f583319
000001d61f03db39
000001d649eb8c99
000001d65f3f1cb9
000001d6988fbaf9
000001d6a2c79e79
000001d6b5f60999
000001d6c2cde639
000001d6d32551d9
000001d6dd6dcbf9
000001d745288e79
000001d74bb316b9
000001d76c596019
000001d77d852599
000001d78b82e1d9
000001d7a09d94f9
000001d7cfa252b9
000001d7f193cb39
000001d80df46919
000001d81c6d9939
000001d85f09dd99
000001d8671f7f59
000001d8703de4f9
000001d88f64b659
000001d8924e7639
000001d8bce189b9
000001d8ce802319
000001d8d674a3f9
000003b20ac19a61
00000000013be171
0000000000000181
000001d9067b9419
000001d9132dc1d9
000001d932ca9f99
000001d951931499
000001d956f5b059
000001d9599b6659
000001d97d895b79
000001d99a9ba0b9
000001d9b24a0c99
000001d9caaed159
000001d9d47b75d9
000001d9f6f98bb9
000001d9fcc20af9
000001d9fdef29d9
000001da0a8eb0d9
000001da0d226939
000001da3d2f8f99
000001da3f2d1cd9
000001da492d7999
000001da526dabd9
000001da85a6f779
000001da85a6f8d9
000001da9934b1b9
000001daa1305979
000001daa292a1b9
000001daa9d6f519
000001daae4da259
000001dab55cde19
000001dab562bf39
000001dad9af6039
000001dae249c779
000001db39de2f79
000001db55661339
000001db5ec1b319
000001db6307fed9
000001db6fbc88b9
000001db7700bf19
000001db83973119
000001dbaa8d4859
000001dbabb45b59
000001dbe62bc8f9
000001dbe8de8ed9
000001dbe91561d9
000001dbec76d419
000001dc1d7a5639
000001dc2571edb9
000001dc2e7dc079
000001dc5b0e7939
000001dc75518c59
000001dc8c8dee99
000001dca6dd7739
000001dccdd395f9
000001dce0221739
000001dce97f9499
000001dcf00a3cb9
000001dd0545a6b9
000001dd07ebb439
000001dd0ad9c859
000001dd0c49d079
000001dd1789dad9
000001dd1789ed79
000001dd1789ef19
000001dd50176939
000001dd61ff6d79
000001dd742f3839
000001dda7d901b9
000001ddb9cd5d59
000001ddb9cd5f19
000001ddbb7f0a39
000001ddc2025d79
000001ddc5043099
000001ddee2abff9
000001ddfba41ed9
000001de3ab465f9
000001de5535c739
000001de61e32779
000001de780d5479
000001de7fc7aaf9
000001de8fda8719
000001dea7724939
000001deb91d3019
000001def9edd379
000001df04cdde39
000001df13509a79
000001df2cdafa39
000001df2e953299
000001df3f217d59
000001df51f97619
000001df72361339
000001df75707f59
000001dfa23df679
000001dfbc713db9
000001dfbf59a959
000001dfc4b973f9
000001dfd9876ef9
000001dfe3fedaf9
000001e002549299
000001e034317c79
000001e04457ffb9
000001e044580a39
000001e06e599259
000001e07111a579
000001e0744eac59
000001e09cbba479
000001e0a92e51b9
000001e0c114a819
000001e0c14b0259
000001e0c46f04f9
000001e0c4eed1d9
000001e0c9cfadd9
000001e0ecba0d79
000001e102e7d619
000001e102e7f779
000001e102e80c39
000001e112f61d79
000001e126ff7fb9
000001e12d781a59
000001e131a087f9
000001e1372bf1d9
000001e146f10d79
000001e14c89aa39
000001e1584906f9
000001e1ad2809b9
000001e1b5bd69d9
000001e1c2474df9
000001e1f701dcf9
000001e1f701f319
000001e200f1e599
000001e204cf51f9
000001e247027059
000003c4ab2c5661
00000000013be171
0000000000000181
000001e257fad979
000001e28cd1f979
000001e2a48e30f9
000001e2adc92559
000001e2adc92d99
000001e2ae99ba79
000001e326ed5fb9
000001e342ba2479
000001e34b1702b9
000001e352e56279
000001e365eb7719
000001e3760b2cb9
000001e384448c79
000001e3a260b5b9
000001e3a4c2a859
000001e3a9280199
000001e3b3c9d159
000001e3dddaead9
000001e3f18a8d39
000001e3f722c639
000001e40379ff19
000001e40cea8e99
000001e413b384b9
000001e416282cb9
000001e42b40c3b9
000001e430697619
000001e4403b4039
000001e448eab079
000001e44d7f34d9
000001e458571d99
000001e45f3ca7d9
000001e464bc5939
000001e47dd570b9
000001e48e8d08b9
000001e495c156f9
000001e4c10cf399
000001e4c8460df9
000001e4cf2b07f9
000001e4d5564079
000001e4d7b98b19
000001e4dae6ee79
000001e4e1fac4b9
000001e4e6704459
000001e4e8699bd9
000001e4eecb3179
000001e502fc31d9
000001e518768399
000001e5188fd7f9
000001e51ab74d39
000001e521660db9
000001e5225c1bb9
000001e523c8e9d9
000001e54960df99
000001e552c1b839
000001e560b2bad9
000001e561a28e99
000001e56f13ebd9
000001e585fdc299
000001e58c012679
000001e5b6c79e79
000001e5d4593099
000001e5e1b48a59
000001e5e408e059
000001e5f8257ad9
000001e601b05159
000001e612c27199
000001e619a05d99
000001e61ba98059
000001e6204e7c99
000001e623ff3599
000001e62e2e2ff9
000001e632d0bd99
000001e6357f8779
000001e6438fa979
000001e672b7d839
000001e672b7d9d9
000001e699a75479
000001e6b223d299
000001e6bd538b99
000001e6cb04e839
000001e6e3a6ae99
000001e6f17aefd9
000001e71bbb3c79
000001e748cbbbf9
000001e74d978439
000001e75dd07519
000001e75dd084b9
000001e7635cffd9
000001e76d30d399
000001e77ff590d9
000001e782f88119
000001e7a3913279
000001e7a63f8259
000001e7af925b99
000001e7b3a36399
000001e7d81bbd79
000001e7ea0a1d59
000001e800fd37f9
000001e80e8695b9
000001e81240d579
000001e812b91dd9
000001e814528099
000001e817e57dd9
000001e830f6adb9
000001e833a24f39
000001e83d56a3d9
000001e84b2a6e99
000001e8601c7d99
000001e87be26e39
000001e8a93362d9
000001e8c4c52f59
000001e8d10040b9
000001e8d6d3d3f9
000001e8e09e9839
000001e8f12171b9
000001e8f55f3b59
000001e8fca24bf9
000001e8ffd69999
000001e92d175119
000001e93114ef39
000001e95b747dd9
000001e963192139
000001e980f6cfb9
000001e988ac45f9
000001e98da258d9
000001e9aeb31a59
000001e9b453ca79
000001e9c7353b19
000001e9c8af8cb9
000001e9cf00bfd9
000001e9e2232019
000001e9e4d35d99
000001e9fba65039
000001ea16a6aad9
000001ea3203d0f9
000001ea6adc1139
000001ea72d03479
000001ea80527ed9
000001ea8a815a19
000001eac6ff1739
000001eaf1f68299
000001eb0489ced9
000001eb57d606b9
000001eb8c3cfe79
000003d74b971161
00000000013be171
0000000000000181
000001ebb6b49459
000001ebc479bc59
000001ebd18f9219
000001ec07729ff9
000001ec28e10ff9
000001ec397c7df9
000001ec48be5919
000001ec537036d9
000001ec53bc8659
000001ec5ffb35d9
000001ec6c299159
000001ec957c23b9
000001eca1a4e019
000001ecad710259
000001ecafa6ab79
000001ecb611d999
000001ecb6aee319
000001ecbd91f499
000001ecc8fdd6b9
000001eccc21a1b9
000001ecf1d104f9
000001ecf99614b9
000001ed0a2f9499
000001ed0ae7ef99
000001ed0c698559
000001ed382e5479
000001ed4b882019
000001ed5dbcffb9
000001ed63b17539
000001ed839bedb9
000001ed9aa15079
000001eda99952b9
000001edc711c339
000001edc9d2cbb9
000001edcb2e0eb9
000001edd3fbf599
000001edd532e499
000001edd532f8d9
000001edd6d74f19
000001ee007ddff9
000001ee4b6a9739
000001ee59462bf9
000001ee59463e79
000001ee67c5f819
000001ee6bda5b79
000001ee6e2d9539
000001ee92f87b59
000001eece275a19
000001eed5c97eb9
000001eee548a0d9
000001eefc0069f9
000001eefd7a5759
000001eefef58179
000001ef06e9df99
000001ef3c74f359
000001ef674b7d59
000001ef953a6b39
000001efefed28d9
000001f013696cd9
000001f0256a9739
000001f053230559
000001f05829d879
000001f0843059d9
000001f0883d8b19
000001f09110c4f9
000001f0a0f350b9
000001f0b2a1dd19
000001f0f2657df9
000001f0f72b32d9
000001f1072e28b9
000001f117e85759
000001f135366e19
000001f1446983d9
000001f150d628d9
000001f1512df399
000001f1628a8879
000001f16d4daa59
000001f173206e59
000001f1732c98b9
000001f1895e2c39
000001f197fd4e19
000001f1b95c6db9
000001f1d29e32b9
000001f1ea1ca3d9
000001f20bf8d639
000001f22aca44b9
000001f2345e9279
000001f246089639
000001f25963f639
000001f26380b839
000001f267e2cdf9
000001f26b73f319
000001f284b5fc79
000001f286a2ff19
000001f299883859
000001f29bb45af9
000001f2a1313f79
000001f2ec9b85d9
000001f2f8e41d79
000001f2fac68659
000001f30e95c6b9
000001f3575ea8d9
000001f35ed09c79
000001f366dac6b9
000001f369078f59
000001f36b5bd9d9
000001f374053099
000001f374bc1099
000001f390cb3999
000001f39bc06699
000001f3a890a8b9
000001f3beffc739
000001f3beffd0f9
000001f3bf4d4379
000001f3e4d931b9
000001f3f6456679
000001f402975d59
000001f403fb2479
000001f40a8fb7b9
000001f415025ed9
000001f415ae9379
000001f4274e6a79
000001f4274eba39
000001f4308cc7d9
000001f439c571d9
000001f45aa237f9
000001f46cc369f9
000001f477dad599
000001f4ca1e3c79
000001f4f2f8d199
000003e9ec01cd61
00000000013be171
0000000000000181
000001f503a07ad9
000001f52b7a9cf9
000001f53db196f9
000001f57a099a39
000001f57b6cec79
000001f584c16f99
000001f5a34e8979
000001f5d2e0a219
000001f5fb534bf9
000001f62299b759
000001f62a543219
000001f62cc0bdb9
000001f685840259
000001f6c3b8b879
000001f6d737bdd9
000001f6f4c30939
000001f71d8a8b19
000001f72d771a99
000001f752e04819
000001f752e06e99
000001f765dd9219
000001f76cf92259
000001f77091c759
000001f79e08bbd9
000001f7a34804d9
000001f7a7495fd9
000001f7adad4679
000001f7bb99ff99
000001f811c3bc19
000001f81441da39
000001f816d52019
000001f8235e7b59
000001f826bf41d9
000001f8415a6279
000001f8474dd439
000001f8491fd299
000001f84e37bef9
000001f85554b099
000001f856462899
000001f87b5e0399
000001f8b95fa819
000001f8d7cd2df9
000001f8fd7ee939
000001f90788d5f9
000001f91314b839
000001f928f425f9
000001f92d36e1b9
000001f962cf1279
000001f96c8299f9
000001f9d65bc879
000001fa46e50299
000001fa56cd47d9
000001fa5ad99379
000001fa75bc1319
000001fa77b59939
000001fa78f7b1d9
000001fa841632f9
000001fa8d409e79
000001fa98723799
000001fab4285e19
000001fab6ef4ef9
000001fab9d72659
000001fabd93a279
000001fac538aad9
000001fac8bf24d9
000001facc667d19
000001fae217faf9
000001fb03e34e39
000001fb03e35d39
000001fb0fb557d9
000001fb1b62b759
000001fb53114a39
000001fb66dcbfd9
000001fb67cc3d19
000001fb837b5019
000001fb9fe11139
000001fbea536bf9
000001fc08135139
000001fc3c3cb619
000001fc3c3cdd59
000001fc3c3cebd9
000001fc4c2222f9
000001fc6025f799
000001fc6b893f79
000001fc9819b479
000001fcad281af9
000001fcb0b9e8b9
000001fccde395d9
000001fcd30b1399
000001fcd6576d99
000001fd19032959
000001fd2eaa2959
000001fd5eabe279
000001fd65652539
000001fd7409aff9
000001fdc179b259
000001fde7b58b39
000001fe107f2139
000001fe15e56979
000001fe1901db39
000001fe238b8bb9
000001fe2cdb9659
000001fe31d17ef9
000001fe3fe12899
000003fc8c6c8961
00000000013be171
0000000000000181
000001fe6681ed79
000001fe686b5bb9
000001fe72bb6fd9
000001fea2256179
000001fec4b9ad39
000001fec69af759
000001fecad80fd9
000001feeedb3e79
000001ff10b9c419
000001ff10df5cf9
000001ff13be3a79
000001ff29aa8539
000001ff328e9df9
000001ff508c9c79
000001ff64e8a299
000001ff7a1f8a99
000001ffa495fdb9
000001ffab418899
000001ffae950779
000001ffdc12a459
000001ffde2d64f9
000001fff22d3979
0000020004206739
0000020028864b39
0000020065bf4099
00000200663ffbf9
000002006d4bf4d9
0000020078bec059
00000200812f9799
00000200a9cbe859
00000200c8c55679
00000200cdd34b19
00000200d2a8ad39
00000200ddd00879
00000200f9d77119
0000020118606b59
000002011c9097d9
00000201248ae1f9
0000020131caad39
000002013e99f039
0000020142263639
00000201482e8d39
00000201573a4059
000002015c3eb179
000002015eace039
0000020167a1dff9
0000020167a1f339
000002016e2d0e39
0000020179bd2339
00000201abba8839
00000201b3414059
00000201b3e28399
00000201bc3ab839
00000201d3b65299
0000020202461019
0000020242c79579
0000020261931179
0000020262d6b399
0000020272ee51d9
0000020278dbeb39
000002029080af59
00000202a0e5c2b9
00000202c0f222d9
00000202d0ba10f9
00000202e250fe19
00000202e558e259
00000202eb1d3af9
00000202ec5f5ff9
00000202ec616cb9
000002034a33ceb9
0000020352c64059
0000020374224af9
0000020376596c99
000002037ab2c579
000002038f498579
00000203a50546f9
00000203a7d3a2d9
00000203b42a1219
00000203d32762d9
00000203f984f939
000002040f11d819
000002041536dfd9
0000020428a56b59
000002043d19d4d9
0000020446f48d79
000002045b80f3f9
0000020467cc2659
00000204b771ab79
00000204bf812b39
0000020541105dd9
000002055a788299
000002055cf30019
0000020561258c59
0000020592eed1b9
000002059d6357d9
00000205a9bcc5d9
00000205b74f45d9
00000205d5ce6319
000002060f0d8e79
0000020629ea58f9
000002063c28b5d9
00000206520c6439
0000020694d24ff9
00000206a20e7fd9
00000206a3fe6779
00000206ac3c4299
00000206d3e2f219
00000206d99af9f9
00000206da9aca59
00000206df82dfb9
0000020703cbf1d9
000002070ef49d39
0000020720b65219
0000020729b95619
000002072ef67b39
000002074789c4d9
0000020748f52319
0000020758f07a59
000002076cba5299
000002076fdc3119
0000020776005cb9
0000020788605a39
000002078e2aa499
0000020790263519
0000040f2cd74461
00000000013be171
0000000000000181
00000207a06bd1f9
00000207b0897079
00000207bda30219
00000207cf34c139
00000207d0fc4f19
00000207d0fc65d9
00000207d1cb2799
00000207eabaee39
0000020809715c19
000002082b34d679
00000208467d9719
0000020851692499
0000020866851cb9
000002086fe580d9
0000020892623899
00000208989ccbb9
00000208d97e54f9
00000208f9e3ceb9
000002091dea1619
000002092bf094d9
00000209406f1bb9
00000209694b2619
00000209937d6019
0000020994236d79
00000209acd33899
00000209c4413f59
00000209faa00b99
00000209fb2895d9
0000020a03fd1bf9
0000020a37ad60d9
0000020a42a666f9
0000020a48369739
0000020a6902bf39
0000020a7e5c62b9
0000020a973dd9d9
0000020a9c254e99
0000020aa54ad119
0000020ab0ad1f39
0000020ad0ac16d9
0000020ae350aa19
0000020aeb5dee79
0000020b0d8f5079
0000020b270cc8d9
0000020b497f8a59
0000020b5242d0f9
0000020b54f6a539
0000020b5682dcb9
0000020b61eabc79
0000020b78bba5f9
0000020b8b01e379
0000020bb79d2599
0000020bc50fbd59
0000020bd259bdf9
0000020beb796739
0000020bed340d39
0000020bf1487ad9
0000020bf99fa5d9
0000020c01624d19
0000020c06012df9
0000020c09b7a799
0000020c1ba49bd9
0000020c203febb9
0000020c28773139
0000020c633a9d99
0000020c64b8aed9
0000020c6a88feb9
0000020c90d9f979
0000020c9d3f16d9
0000020cbe9cd3d9
0000020cd9da9ad9
0000020d003899b9
0000020d53381059
0000020d58797c99
0000020db214b2d9
0000020db423a8d9
0000020dd1ad8f99
0000020ddd32e2b9
0000020ddd32f239
0000020df12d7fb9
0000020e0516afd9
0000020e0b1b76f9
0000020e0fbb4f59
0000020e1a26be79
0000020e3fbcbbd9
0000020e4dfdc659
0000020eb09a3719
0000020eb8a09f19
0000020ef681f019
0000020f09aa2019
0000020f09b36239
0000020f0f910a19
0000020f1dcc3919
0000020f290d1479
0000020f42205bd9
0000020f8056a839
0000020f894a8859
0000020f8d2cbf19
0000020f9ed6cf59
0000020f9f3903d9
0000020fae5f3e59
0000020fdd01d979
0000020ff12aec99
0000020ffbf44139
000002101fc39539
000002102a9e1cd9
00000210400421b9
000002106ba1aa79
00000210712dee19
0000021071d0c3d9
0000021073335319
0000021073f71399
0000021090a43d39
0000021097124739
00000210af8afb79
00000210bc2844f9
00000210bc9110f9
00000210c90b03b9
00000421cd420061
00000000013be171
0000000000000181
0000021100ee3af9
00000211077c45b9
0000021107f22ab9
000002112ba83559
000002114f323439
0000021158e2d0f9
000002115b9183f9
00000211637160b9
0000021171d5b7b9
0000021176224859
0000021185189719
00000211cf599b39
00000211dfae4959
00000211f51a5819
00000211fd4b6af9
000002122e1ac519
000002122e1ad879
00000212423628b9
000002125fe008f9
000002126fea8699
000002127d0fa899
0000021285390c39
00000212a23d4439
00000212aaddc7d9
00000212cb45e9b9
00000212d23002b9
00000212f3e2c599
000002131e51ecf9
0000021332c1bc19
000002133aa5d359
0000021351e450d9
0000021360217ed9
00000213738b0df9
0000021374d7a599
000002137aa4b0d9
000002138da43779
000002139af526b9
00000213b8e07339
00000213bdf38df9
00000213d27767b9
00000213db27f0b9
00000213f15975f9
00000213fb8811b9
000002141d386ab9
000002144a2a9b59
000002144a71ae19
0000021462c89079
00000214634b9ed9
000002148d0f9b99
0000021498a97479
000002149a7af1f9
00000214d7f89a39
00000214e56e37b9
00000214f77fecb9
00000214f9ef6419
00000214ffb67bb9
000002150581ee39
0000021527d516d9
0000021528032cd9
000002152881c099
0000021533a496d9
0000021542935539
0000021550efce59
000002156514dc19
0000021566eea719
00000215688f77b9
0000021575d296d9
000002157dbc5e79
00000215842869f9
00000215be30b7b9
00000215d019b119
00000215d37a7839
00000215de53ab19
00000215ee52efd9
00000215f682a5b9
00000215ffb4a479
000002161fa8a5f9
0000021629063299
00000216314106d9
0000021631411d59
00000216413e7f19
0000021648acbf19
000002165a593919
000002165efc55f9
0000021671353e59
0000021687378b39
0000021689a71259
000002168b1af2f9
00000216a8998739
00000216aa1e0c19
00000216afd6ccb9
00000216b8b14959
0000021716212379
0000021725a97879
0000021726f44339
000002172a2e93b9
000002172d1ac959
000002172e6217b9
000002173a3f7119
000002174b177699
000002174ef34cf9
000002174ef361f9
00000217504d6219
000002175f1dbb19
00000217996244d9
000002179da28e39
000002179eaff039
000002179eb009f9
00000217b7577a39
00000217d0eaa2b9
00000217d9e9fb79
00000217db4b45b9
00000217e18d1f19
00000217e4cd2719
00000217fb7fa1d9
0000021805cfb359
000002180e1f4359
0000021837651259
0000021868667cb9
0000021882806d99
0000021882b05d79
000002188db1d4f9
00000218961375b9
00000218d3e75c39
00000218d9037859
00000218fe708219
00000218fef23bd9
0000021911e22679
0000021928d38d79
000002193b6a5039
000002194ba68239
000002194c75fe99
000002195b2eb479
000002196d45cd19
0000021975b58a59
0000021984a5b4b9
000002199c656ff9
00000219a6dd2d39
00000219a6dd4cf9
00000219cd518659
00000219d8306019
00000219d8f6f2d9
00000219e2280019
0000021a33a8ae39
000004346dacbc61
00000000013be171
0000000000000181
0000021a967ecc99
0000021ac19ef779
0000021ac7a19899
0000021ac912c9b9
0000021ac9743d19
0000021b07930e59
0000021b1528dbf9
0000021b30060559
0000021b300624f9
0000021b381da399
0000021b94f92239
0000021b97c08279
0000021bad98d4b9
0000021bd44c4519
0000021be9b8eed9
0000021bee86d479
0000021bf1a969d9
0000021c22284399
0000021c27c5e979
0000021c3cf324d9
0000021c505afcb9
0000021c545a26b9
0000021c7feb63b9
0000021c99952e59
0000021cc183fe79
0000021cc9c279b9
0000021cda3d54b9
0000021cef96eb59
0000021d2960a4f9
0000021d2d3b1659
0000021d30bb5b59
0000021d615d5399
0000021d75847079
0000021d77398999
0000021d8bb3c9f9
0000021d8c0e99d9
0000021d922dc879
0000021dad9a40f9
0000021db2082bf9
0000021db52b1bb9
0000021e25b29899
0000021e48a26939
0000021e6aa61919
0000021e98e14cb9
0000021ea986d9f9
0000021ea9872c39
0000021ed689e459
0000021edc14c2d9
0000021f0c0d2a19
0000021f18cb3339
0000021f36c22a59
0000021f614cc019
0000021f7acf2219
0000021f7c59cef9
0000021f80f17fd9
0000021f8c7d4979
0000021fafd78499
0000021fd414c139
0000021fd414d179
0000021fd4151399
0000021fd84651f9
0000021fe4061079
0000021fe5974879
0000022007d54bf9
0000022018653899
000002201ece6619
0000022020d6d339
0000022041f10899
0000022048485f99
00000220538afb99
0000022058fdc5b9
000002206e1efdb9
000002206e7cbcb9
000002206e7cc9f9
00000220775ef019
0000022092dea6f9
00000220ba84ddf9
00000220dfe74db9
00000220e9cd0199
00000221202e93b9
00000221430511d9
0000022151b4b519
000002215b8bce99
000002215e567339
000002216e6f2879
0000022179c8da59
0000022188317279
00000221a74f7dd9
00000221c4709659
00000221c9887259
00000221e0d21259
00000221e9250419
00000221ed4756d9
00000221f1cd7af9
00000221fbb42059
000002222be294b9
0000022241018239
00000222423c57d9
0000022288a5c7d9
00000222974a9d19
000002229b7913d9
000002229ef8ca59
00000222a1220059
00000222ad6f4839
00000222e3095a39
00000222e7c15c19
00000223105581d9
0000022339a832d9
0000022346299539
000002235d4bfe59
00000223708b9cd9
000002237751fc39
0000022383733379
000004470e177761
00000000013be171
0000000000000181
000002238e6819d9
000002239a306119
00000223be8b8f79
00000223c28bd0b9
00000224247d3a39
00000224456ec3d9
0000022485ab0419
00000224973ec039
000002249bac6a39
00000224d562efb9
0000022511134ab9
0000022512cb4bd9
00000225190eb819
000002256257ddb9
000002257b165ad9
000002257e1fa8f9
0000022583e58879
0000022583e59ad9
00000225e1ae8f19
00000225e39c6cd9
00000225f89bc639
00000225fb5ac699
000002262130b239
000002262130c339
0000022638e8f819
0000022640597719
0000022653d9e6d9
0000022654a39359
00000226811acf19
000002269e52fdb9
00000226d70575f9
00000226dea68c39
00000226e21f0b79
00000226e65d3d39
00000226e65d90b9
00000226e65d9859
00000226f6a73479
00000226fd0cfab9
00000226fd0d2f79
0000022704580cd9
000002270a1df419
0000022737f3de79
000002274472eb79
00000227538f12b9
00000227637e1239
00000227738c07f9
0000022791bec099
000002279cc938d9
00000227a0bcf8d9
00000227aeaff039
00000227b2a80699
00000227d44f8059
00000227db016e39
00000227e10e2779
00000227e7c49259
00000227ecd0b699
00000227f1c75c99
00000228022bda39
0000022817522bd9
0000022821b016b9
0000022831d3fb59
00000228370b3719
00000228a48062f9
00000228ab1a2839
00000228bd0c33d9
00000228bd0c8df9
00000228bd0cadd9
00000228f5115479
000002292c6fee39
00000229362e12b9
00000229372a3839
0000022945970f19
000002298013f9b9
00000229b2c16c99
00000229bd04ca59
00000229e1bc15b9
0000022a018b8f59
0000022a018b9f39
0000022a094dc459
0000022a094dce19
0000022a0f21acd9
0000022a122008b9
0000022a2bd92bd9
0000022a460b4bd9
0000022a52a10bd9
0000022a63ccf0d9
0000022a63ccfa99
0000022a71d3d0b9
0000022a7ee216b9
0000022a8c535799
0000022a8f05dc39
0000022a93775b79
0000022aceed5c39
0000022add99fb39
0000022aec1d2439
0000022afaec8f59
0000022b353049b9
0000022b36eef0b9
0000022b52ec77b9
0000022b66c3d9b9
0000022b6f145c59
0000022b8c964639
0000022b8d115a99
0000022b9a3bb3f9
0000022ba94ed579
0000022bd338fe79
0000022c0e5074f9
0000022c2aa94159
0000022c3185e719
0000022c4d8e63d9
0000022c70ddfa99
0000022c99589359
0000022ca92def99
0000022cadc08879
0000022cbc3b4339
00000459ae823361
00000000013be171
0000000000000181
0000022cd854cdb9
0000022cf089d7f9
0000022cf7f60cf9
0000022cfbf94c79
0000022d4a083359
0000022d4d680479
0000022d4ddba279
0000022d53ce18b9
0000022d77e6d799
0000022d84a761b9
0000022d98ececd9
0000022db1c9e3f9
0000022dc93106d9
0000022dd837f539
0000022e00e41259
0000022e0ae77659
0000022e0ae7a3b9
0000022e1740db39
0000022e33d4c2f9
0000022e368fa6d9
0000022e3a55de39
0000022e3bc18499
0000022e48560ad9
0000022e6a6e28f9
0000022e6c766079
0000022e6f63bab9
0000022eadcba5b9
0000022eadcbb6f9
0000022eb52a8ad9
0000022ecbc35cf9
0000022ee4a111d9
0000022eeb596719
0000022f055d64b9
0000022f0a4e2299
0000022f2c46b339
0000022f4947d739
0000022f4e800d99
0000022f7ba89cf9
0000022f7cbb8bd9
0000022f87a645b9
0000022fc9ea8019
0000022fd1a1d339
0000022fe75dab59
0000022ff3088019
0000023009ab9179
0000023011700a59
000002304ff4f759
000002305053a6f9
000002305c770419
000002306a510659
00000230969e9239
00000230a301a199
00000230ba0d23b9
00000230bb1a4cf9
00000230bb1a5f19
00000230bb1a7219
00000230d5420119
00000230e626c799
00000230e6421519
00000230fb8fe979
000002310a5cab19
000002310ac22d79
0000023120c4be39
000002312bdbdad9
000002312bdc2379
000002312ec34f59
0000023133092359
0000023134b88b99
0000023137d5ef99
000002313db0c819
00000231430b58f9
00000231618146b9
0000023173e23d59
000002318d6143f9
00000231c9c90639
00000231f3849ad9
000002320561dbf9
0000023223fdabf9
000002322d12caf9
00000232405bb2b9
000002326fce4a99
00000232755d0779
0000023296d32f79
00000232a72542d9
00000232bb272999
00000232c6370499
00000232d8f0e359
00000232e3902b19
00000232f8b07439
00000233302923b9
00000233516cf419
00000233534e8b19
0000023360f099b9
000002336fdfee59
000002337c0a20f9
00000233b2d36319
00000233b2d816f9
00000233b598f4b9
00000233e08f7c39
00000233f49197f9
00000233f79b9a39
00000233f9d5d679
0000023415101f99
00000234239d5f39
000002342653cb19
0000023468f4c2d9
000002346d0b6399
000002346f998039
00000234ac8d8279
00000234b86d05b9
00000234bc2fe6d9
00000234be855159
00000234f163d179
00000234fcd85499
0000023503ad2499
0000023503ad3779
0000023511b2ba99
00000235395cde79
0000023544cf06f9
0000023556ae2f59
000002355712fe19
000002357c6de1b9
000002358289a399
00000235a5bca059
00000235d26f3899
00000235eba9a4d9
0000023605564d99
0000023610c456d9
0000023624200479
0000046c4eecef61
00000000013be171
0000000000000181
000002362c7576d9
000002362d0a0839
0000023638251319
000002363cfc76b9
000002364dccdb19
0000023650faf079
0000023652973e59
000002365c417bd9
00000236a61502f9
00000236eb9aabb9
00000236fa489eb9
00000236fbeda2b9
0000023706e24759
000002370f5f5839
000002371ecca959
00000237710c4cd9
0000023779c5a1d9
000002377e72cad9
000002378529da19
0000023785bccd19
000002379f2b1cb9
00000237a1405079
00000237c3fd2b59
00000237e3728279
00000237fca6b9d9
000002380fc9ceb9
000002381e6f4039
0000023820ae5db9
0000023831994a19
0000023831995c79
0000023839583f79
000002384be911b9
000002385db4b139
000002385e55a6f9
000002388aaf1399
00000238acecfbb9
00000238ae5ea819
00000238af370b99
00000238c1fb1f79
00000238d0e3c639
00000238d2b3f2b9
00000238e5e3a3b9
00000238e8c8d4f9
00000238f1613639
00000238f1614999
00000238f98892d9
000002390f2061d9
0000023914f9dd19
000002394f9b2cb9
00000239687d8359
0000023976ec1cf9
00000239845ff999
000002399dd07f19
000002399fd65df9
00000239aa3ecf19
00000239da180a79
0000023a001032d9
0000023a0d7c1a39
0000023a13a4c959
0000023a13a4ddb9
0000023a39fd4839
0000023a586a0cb9
0000023a7f562899
0000023a815b67d9
0000023ab6c1c999
0000023acfaac659
0000023ae32f9fd9
0000023ae7949c79
0000023aed1399d9
0000023aef2e1319
0000023b007a0519
0000023b246e9eb9
0000023b3c39b4f9
0000023b3f4dce59
0000023b7542ce59
0000023b79cb0399
0000023b8c5b9919
0000023b8e287b79
0000023b966aaab9
0000023b98fa1239
0000023ba45c6659
0000023bac06ed19
0000023bb078c6f9
0000023bbbb600d9
0000023bbe1f7a19
0000023bbec995d9
0000023bdd9c34d9
0000023c247ffb99
0000023c476b59d9
0000023c5e89e319
0000023c6caca739
0000023c70a78059
0000023c77167e39
0000023c87650279
0000023c8b9647f9
0000023c931443f9
0000023ce353a019
0000023ce87a7a79
0000023cec7eb799
0000023cf1f77a99
0000023cf57a8959
0000023cfd05e9b9
0000023d0572ec19
0000023d07b64cd9
0000023d0ed4f839
0000023d49a6e179
0000023d5cd4f0b9
0000023d5d4afcf9
0000023d5d4b6699
0000023d6096a299
0000023d7e133499
0000023da6bb46b9
0000023db6814bd9
0000023dbf0be6d9
0000023de5cf2df9
0000023dea593979
0000023dea594af9
0000023dea594cf9
0000023e01d19319
0000023e2db903f9
0000023e55845ff9
0000023e7dcb5539
0000023e89829f79
0000023e8af15b99
0000023ea0ad6699
0000023ed97c3d79
0000023eedb450f9
0000023ef25ab739
0000023efa31bfb9
0000023f0f6fe2f9
0000023f18c5fb19
0000023f2ab621b9
0000023f2dabb9d9
0000023f3b022fb9
0000023f584f9d79
0000047eef57ab61
00000000013be171
0000000000000181
0000023f8199b6b9
0000023f9c91f1d9
0000023f9c920db9
0000023fae8f3239
0000023fb630def9
0000023fb6ebd199
0000023fb8f08379
0000023fbe111f79
0000023fc79cc779
0000023fd90a6559
0000023ff88a8f99
000002400b41f6b9
000002400c21e019
000002400f921179
00000240304bc519
000002403166fed9
000002403c0308d9
000002408455b779
00000240984fd0d9
00000240d3d4b199
00000240d74b9139
00000240d97ed0d9
00000240e9b10319
00000240f28784b9
00000241659b4159
000002417ded1559
00000241b534e659
00000241b6116539
00000241e8947a59
00000241f144d919
00000241f575b499
0000024201eb5439
000002421abc8739
0000024231d5db99
000002425399d3d9
0000024271337a39
00000242bbb2fdf9
00000242d8922af9
00000242e1675139
00000242f15ef6f9
0000024309a6c599
000002432df4d0f9
000002433c607899
000002434979b019
000002435698acd9
00000243588d0259
000002435df6a399
0000024368c626b9
000002437b858799
000002438586b3b9
00000243898871d9
0000024389fab319
0000024392ce1e59
00000243c92a4519
00000243c92a54f9
00000243df0fd419
00000243ef089d59
00000244117e1099
00000244390c9b19
00000244390cb239
0000024445599119
000002445157c439
0000024476198759
0000024489d78d19
0000024497052219
00000244a667fdf9
00000244b03601b9
00000244cfcbfc59
00000244d5bdac59
00000244dbfe6d39
00000244dd1aa019
00000244e63d2a59
00000244f03a6319
00000244f22308d9
00000244f6775db9
00000245054e3519
0000024526793959
0000024546098219
00000245509fcb59
0000024562c16d79
000002458f3e5b59
000002458f3e6439
000002459d4b9179
00000245f7a27139
000002460d454759
0000024614026539
00000246224b0159
0000024635fe1999
0000024650b2c699
000002465c39e099
00000246637e7479
000002467330f659
00000246b336e9f9
00000246b494e199
00000246cbf3c2d9
00000246daa05119
00000246e11cb359
00000246f5ee4739
000002470c130699
000002471aeb90d9
000002471f934d79
0000024727bd2e59
000002473fddf6f9
000002474bdca219
000002474eddc6b9
0000024764064df9
000002476775a2f9
00000247688781b9
000002478a0eb979
000002479a0be1b9
000002479fc86bf9
00000247b8465759
00000247c67567f9
00000247c918cfd9
00000247d1f147d9
00000247fe947cd9
000002483361b059
000002487f06ee39
0000024888242459
000002488ba005d9
00000248930479f9
00000248b167e899
00000248c55c1159
000004918fc26661
00000000013be171
0000000000000181
00000248f045d579
0000024906711b59
0000024927580d79
0000024955bf1fd9
000002495fc47099
000002496d37d599
00000249703f80f9
000002497609c359
000002497b4987b9
000002497c9d1859
00000249b93a6639
00000249f4409b99
00000249f6e5ff79
00000249f80a13b9
0000024a083b5539
0000024a092137f9
0000024a123ba639
0000024a1320b419
0000024a182db459
0000024a20274539
0000024a294503d9
0000024a29450b79
0000024a2cf55659
0000024a31dfab79
0000024a3805c7b9
0000024a41632cd9
0000024a49fdeff9
0000024a5b457b39
0000024a611e4699
0000024a81e50179
0000024a86592a99
0000024a93e89879
0000024aa4d16079
0000024aa8d2d139
0000024ab1cdb7f9
0000024ae650cf99
0000024af04ac7b9
0000024b102ede39
0000024b26bdb2b9
0000024b26bdbc39
0000024b48169c19
0000024b48b84a39
0000024b787cf199
0000024b787d0879
0000024b853e6379
0000024b99183f39
0000024bad560fd9
0000024bbba888b9
0000024bd2eb63b9
0000024bebb5bb39
0000024c08ad9679
0000024c09d062f9
0000024c528d23b9
0000024c5f5dfb39
0000024c776c8cb9
0000024cadbb94d9
0000024cf221bed9
0000024cf7f90899
0000024cf92e1339
0000024cf9629e39
0000024d0b68ba19
0000024d13849ff9
0000024d21c8d759
0000024d21c944b9
0000024d3a4fa659
0000024d54bf87f9
0000024d56f1e999
0000024d71edd819
0000024d74d3a499
0000024d78868cb9
0000024d81389599
0000024d8ccefc39
0000024dae5b3319
0000024dc2113f59
0000024dcbc252f9
0000024dddc16459
0000024e0e7a72d9
0000024e1010e9f9
0000024e1867b439
0000024e25188839
0000024e25f79599
0000024e4c3836b9
0000024e655e5f79
0000024e83c46259
0000024e9dba83f9
0000024eb1205819
0000024eb1872a79
0000024ec441e999
0000024ecdfdcbd9
0000024edff36599
0000024f104ccdd9
0000024f104ce159
0000024f10f79159
0000024f374d4f59
0000024f3ec23f79
0000024f4f8e6bb9
0000024f62bf4479
0000024f99677659
0000024fa1858ad9
0000024fa23bd699
0000024fe4e9f119
0000024fefabe899
0000024ff3d26bd9
0000024ff4c904f9
0000024ffd9792b9
0000024ffd97a3d9
000002501ac45019
000002507f90e319
000002509decd099
00000250ac600f39
00000250af500a79
00000250b01672f9
000002511710f4d9
000002512c3b2d59
000002513b20c9d9
00000251556eac39
0000025189df2879
000002519c2f0019
00000251b8583119
00000251bde5fa99
00000251e62dbf79
00000251e9cbc679
00000251fc3e8199
000002521635a879
000004a4302d2261
00000000013be171
0000000000000181
000002525369a919
000002528fa55999
00000252925fdbf9
000002529c9dddb9
00000252a9715599
00000252b02ee6b9
00000252bf6744b9
00000252d4400859
00000252e93a7839
00000252eb68abd9
00000252fc29b899
000002531ace5159
000002531ace5219
0000025323959d79
000002532395ae59
00000253444ce219
00000253631104d9
00000253823da419
00000253a2bb6799
00000253b38f81f9
00000253cc8504b9
00000253d0bf3359
000002542ddf6fd9
000002544490a619
0000025459323c59
000002546b0ef659
000002547713a9f9
000002549aa457b9
000002549f0b8f19
00000254c6f25939
00000254d1bc19b9
00000254d1bc46d9
00000254df90f819
00000254e16ec519
0000025506bb8b99
00000255076e0eb9
000002551d4c2ab9
00000255272150f9
000002553dcd29f9
000002554d853679
0000025551448b39
000002555d8aaa99
0000025566ae6179
0000025571371339
000002559e080fd9
00000255ddcb3679
00000255f8970699
00000255f95f9399
00000256050b0259
0000025654647319
000002565bbe8859
0000025662c6b879
00000256726ddb59
000002567a250db9
000002569d7d9259
00000256c8b1ced9
00000256d8886579
00000256d8886a39
00000256ee738539
0000025701a1c5d9
00000257103bf8d9
000002574578ba19
0000025748d23e59
000002575722bbb9
0000025777a65d19
000002578a72d199
000002578c6b1cd9
000002578c6b2e59
00000257999c5859
00000257a9c73519
00000257b2d1e1f9
00000257d1d58eb9
00000257d3a9d639
00000257df8ac959
00000257f01c4d79
00000257f49fec19
0000025851dfaa79
0000025853e0ab79
00000258552c6699
0000025861a55a19
000002586426f4d9
000002586b3f3739
000002586fa47df9
000002587ee9bfb9
00000258b3635279
00000258b9108899
00000258c9c6f1d9
00000258dd8f4c59
00000258ef57d179
00000258f0088cf9
00000258f7b5e899
00000258f8f6e179
00000258ffd1cf99
00000259099b6a39
000002590a07f6b9
000002590af53c59
000002593354d279
0000025947bd0019
000002595226af59
000002596060eb19
0000025975355679
000002598bc06f39
000002598dfa5259
0000025991c595f9
0000025999716259
00000259ad8efd99
00000259b61cee99
00000259bd992cf9
00000259c1524d79
00000259c2338f99
00000259f3d28959
0000025a361792f9
0000025a65177e19
0000025a7fa367f9
0000025a94192559
0000025aaa0654b9
0000025acea4e4f9
0000025ae9c04db9
0000025aedb14019
0000025aef584cd9
0000025af788a779
0000025af97ea8f9
0000025afc0c01b9
0000025afd45b719
0000025b576de879
0000025b5e39d1f9
000004b6d097de61
00000000013be171
0000000000000181
0000025b7fded759
0000025b8d923959
0000025b965fa4f9
0000025ba6422579
0000025c024f1a99
0000025c046cdbf9
0000025c203637d9
0000025c28670d79
0000025c2c15f059
0000025c32d61cf9
0000025c574f00d9
0000025c72fbcf39
0000025cb4c0da59
0000025cb98271b9
0000025cc02aa619
0000025cc42fb9b9
0000025cccfaec59
0000025cd171c2d9
0000025cdf6f78f9
0000025cf321b5f9
0000025d04dacab9
0000025d10a9fc39
0000025d1ed4ecb9
0000025d246f89d9
0000025d290f6439
0000025d2fa087f9
0000025d3b16b0b9
0000025d4e7fb999
0000025d5d68e8b9
0000025d5e1995f9
0000025d5e2e0279
0000025d66d81b19
0000025d66d83659
0000025d8eabad99
0000025dacb82379
0000025dad313a39
0000025dc99a6559
0000025de2826639
0000025e07bbfbb9
0000025e0a9e0a79
0000025e1f0373d9
0000025e2420ebf9
0000025e2c04fcb9
0000025e44f42039
0000025e9e0dc7f9
0000025ea01cb179
0000025ea13e24d9
0000025ebe4d6e59
0000025ebf6b3999
0000025ebf6b74d9
0000025ec9369df9
0000025eccc29919
0000025ecdb1aab9
0000025eceab7c79
0000025ed248b0b9
0000025ed3600579
0000025ed674e239
0000025edd20edf9
0000025f21389bd9
0000025f2138e2d9
0000025f3d8bcdb9
0000025f4390c279
0000025f62f1a879
0000025f83e58619
0000025f8ce69e59
0000025fb4174a39
0000025fcea54a59
0000025fd942e0d9
0000025fd98f5a59
0000025fe4b6b0d9
0000025fe8b59019
0000026005159eb9
00000260098f2d99
000002601f1cf199
0000026045539239
0000026070595a39
000002608cc95d59
000002609ce37fd9
00000260a55638f9
00000260b32f8bf9
00000260b5a56459
00000260bab8bc39
00000260d2b61399
00000260f1f2f399
00000260f6bc3739
000002610aa59259
000002610aa5a719
0000026111404479
0000026117b35a19
00000261238f6c79
0000026127c27a99
0000026153135fb9
000002615b5a84f9
0000026168659259
0000026172766799
0000026178177979
000002618d967af9
0000026197656619
00000261976573b9
0000026199f57a59
00000261a0ff20b9
00000261b1b916d9
00000261c1c4d479
00000261c7488ef9
00000261cc4a2679
00000261e63a0739
00000262062897d9
000002621236bed9
0000026219b5e439
0000026284cb9bd9
00000262ace210d9
00000262ace21f59
00000262c3796b79
00000262c44537f9
00000262cba46bb9
00000262df0afc59
00000262e3506c19
000002632928a099
0000026339197259
0000026377bea379
000002637b2ea199
000002638178da39
00000263838628b9
00000263a5ba3219
00000263a99f97d9
00000263c8d87059
00000263cfc75e39
00000263f644d279
00000263fb1f31f9
00000263fccc3819
0000026410fba519
000002642f3afe39
00000264641a9ab9
00000264653c7ab9
0000026471f7ed19
000002648d544319
000002649b925299
000002649fcebe59
000004c971029a61
00000000013be171
0000000000000181
00000264b9330c99
00000264d35a0e39
00000264ef9170d9
0000026516749cb9
0000026516e18f59
00000265196dbc59
0000026519b94819
000002651b39bfb9
000002655c8b3f39
00000265619dfbb9
00000265619e15d9
0000026569cca679
00000265908a1959
00000265aed4fe99
00000265aed51519
00000265c9043e19
00000265ce35e4d9
00000265dd5bac19
00000265dd6b5e39
00000265eefa2c99
00000266119f04f9
000002661315ba99
0000026627b03d59
000002664e836119
000002665cc10619
0000026663bf5d19
0000026672094879
000002667d1e7d39
0000026693263959
00000266a722b479
00000266ab822f19
00000266b8c23179
00000266c793a779
00000266d1a11db9
00000266d90d78d9
00000266f3775d59
000002670c988919
00000267213922d9
0000026732c31e79
0000026747849019
0000026747ac9379
0000026780e4b5f9
00000267853b55b9
0000026798121059
00000267a9c34bd9
00000267bf2c1499
00000267d6b7f159
00000268029a64f9
0000026838bec619
0000026858ef3eb9
000002685f36efd9
000002686051eed9
0000026861912d39
00000268641a3239
00000268b037de79
00000268b8bbfd39
00000268b99fc559
00000268e7a55e59
0000026932cc3759
000002693769dcd9
000002694eecdcf9
000002695ac7c1d9
000002695d21de79
0000026996007739
0000026996009259
00000269ab1dd7d9
00000269b85bb4b9
00000269c988ca39
00000269ccbad479
00000269dd1bf159
00000269f2565419
0000026a0a8f8a19
0000026a15f7c099
0000026a3c52b339
0000026a55726e39
0000026a55fb7a99
0000026a655f2a79
0000026a700ff3d9
0000026a795d8919
0000026a7d197df9
0000026a9d1fc059
0000026aa23a0e99
0000026ab669d799
0000026abee4a919
0000026ac200bdf9
0000026ac46c7f79
0000026ac59d1279
0000026adbf00839
0000026ae0c8b999
0000026ae3d09739
0000026af73b3e79
0000026b065302d9
0000026b151e6d59
0000026b1c1623f9
0000026b3dccf999
0000026b3dcd0799
0000026b4acd57b9
0000026b6695ec39
0000026b70c58399
0000026bb2e23119
0000026bcbddbe79
0000026bdbe246b9
0000026c012cdcb9
0000026c091547f9
0000026c1913b139
0000026c32f97479
0000026c3de016f9
0000026c4aaed2d9
0000026c4d019d99
0000026c5bcef999
0000026c5fdd9139
0000026c6a6e3d19
0000026c8a60b739
0000026cafc06819
0000026cb74c1419
0000026cc1171899
0000026cc2adc759
0000026cc7b372f9
0000026ce42f3b99
0000026ce42f5a99
0000026cf006f859
0000026cfe814fd9
0000026d0c722919
0000026d17f374f9
0000026d2baedb19
0000026d50677159
0000026d7df2a179
0000026d82fb28f9
0000026d8ec313f9
0000026d8f8969b9
0000026d8fdc83b9
0000026dac22abf9
0000026daf61d439
0000026db0459119
0000026db3a05af9
0000026dc538d239
0000026df832b619
0000026e0111e699
000004dc116d5661
00000000013be171
0000000000000181
0000026e117f5e19
0000026e1bb24d19
0000026e27c7b059
0000026e52384119
0000026e7207adb9
0000026e7207c459
0000026e82472ed9
0000026e82bd8539
0000026eb77f7a99
0000026ebe5dd0b9
0000026ec58e02d9
0000026ec58e1679
0000026eea6581d9
0000026eeea05fb9
0000026f2b11a3f9
0000026f31c530d9
0000026f67425f79
0000026f6f10a4f9
0000026fe4f909b9
0000026fe7871a19
000002700c43faf9
000002703cd2e9f9
000002704084af39
0000027044057559
000002704990fe59
0000027051e19eb9
000002705cf99bd9
0000027069b993b9
0000027069b9a8d9
000002708d1f3cf9
00000270d46b9f79
00000270df7c3af9
00000270eb162b39
00000270f7e02c99
000002710e7685d9
0000027114348559
0000027116149279
00000271182f0379
000002713ceb5639
0000027166f70159
0000027166f71bf9
0000027168df2239
0000027171563bf9
000002718cf09799
0000027199d55d19
000002719b04b6f9
00000271a6641299
00000271bb57e7d9
0000027204d5e339
000002720ffef059
000002721c902bb9
000002725910a5f9
000002725c1c00b9
000002727a76ec19
000002728eabedb9
000002728eabff79
0000027291378319
000002729357cf39
00000272b00720f9
00000272b86f9ff9
00000272bb8fa539
00000272bc767c99
00000272c93a4639
00000272cdab6539
00000272cdab6e19
00000272de87ee99
0000027309d7b399
0000027309d7c8b9
000002730a62d979
0000027354f281d9
000002737ac46199
000002737ebd79b9
00000273836e4819
000002738bf18219
000002739251eed9
00000273a24bdf39
00000273bff74839
00000273c3b64139
00000273c7f2e9d9
00000273ec86c6b9
00000273edb03779
00000273f83c5819
000002741c562e99
00000274358a7439
0000027451a57579
0000027460a75eb9
00000274612cd819
0000027467456e59
000002746c7d8759
0000027483039bb9
000002749ee6c319
00000274b65b3ab9
00000274d4be7df9
00000274e1b16d59
00000274e6db1f59
00000274ec150e99
00000274ec152bb9
00000274ed6fdaf9
00000274eefa2719
0000027502d46119
000002750e44d659
0000027513382459
0000027518608179
0000027524c531f9
0000027544143dd9
0000027564379299
000002757cc0a8d9
0000027582f0d199
000002759f310d39
00000275af8d2c79
00000275afe69919
00000275c68829f9
00000275cb1e1999
00000275dcb4bf79
00000275ec0eecd9
000002764acac119
000002767ab19a39
000002768876c559
0000027741fc5439
00000277566095b9
000004eeb1d81261
00000000013be171
0000000000000181
00000277599bb339
0000027775c6c239
00000277874c9199
00000277a5387359
00000277a822d099
00000277c3916ab9
00000277ca750579
00000277ce8f4939
00000277cf47f679
00000277d53567b9
00000277d5608099
00000277d56096f9
00000277dd3d4ff9
00000277deb2ed19
00000277ed3da019
0000027820858779
0000027820a24899
0000027820a25219
000002782dba7719
000002782e08e819
000002783a2083b9
0000027844e257d9
000002785cd09739
0000027865f584b9
000002786e0731b9
000002786e0741f9
000002788e558b79
00000278b7ebd179
00000278ba397d59
00000278bfe106b9
00000278ce786bb9
00000278da4e4b39
00000278ed80b7f9
00000278f012eaf9
00000278f44f22d9
00000278f6387d79
0000027909046819
0000027933505c99
0000027947981b79
000002794a0c38d9
00000279513cd079
000002796f4749b9
0000027979978eb9
000002798ecf5dd9
00000279af418b99
00000279d962c279
00000279f2c20379
00000279f2c216d9
00000279f2c21e59
00000279f87617b9
00000279face6339
0000027a00f743b9
0000027a17e2ded9
0000027a1c90e399
0000027a3f4f3319
0000027a4b7acb59
0000027a50af4d79
0000027a5ea5f5b9
0000027a65fe5759
0000027a66274a19
0000027a6897cb79
0000027a72c721d9
0000027a7d1b8019
0000027a8146d239
0000027aa808b699
0000027aaa885599
0000027aaa886719
0000027aaa8869b9
0000027aae572a79
0000027ab8b63279
0000027abc49fff9
0000027acec8d8d9
0000027ad088eeb9
0000027ad77ff559
0000027adb69be79
0000027b032a5f19
0000027b17cb24d9
0000027b1f2f5e19
0000027b43cb6939
0000027b43cb7379
0000027b517df019
0000027b547a5e79
0000027b87555659
0000027b8f7a20b9
0000027baac062f9
0000027bbc2181d9
0000027bc14949b9
0000027be658fcd9
0000027c26609279
0000027c3a531b19
0000027c4fbb39d9
0000027c55ddd899
0000027c59807ef9
0000027c5ca61e79
0000027c61fd8279
0000027c6a2771f9
0000027c7a653a79
0000027c87da8fb9
0000027c97948eb9
0000027c97a6d939
0000027cab405839
0000027cc6b2b919
0000027cc6f97779
0000027cc78dc419
0000027cf4c87e19
0000027d67061619
0000027d7d0314d9
0000027d7ff024b9
0000027d9ad6c879
0000027da11f4859
0000027da4771839
0000027da5319459
0000027da5c1a999
0000027dab893dd9
0000027db0f6e279
0000027dbf3418f9
0000027de7ab7db9
0000027dfe9231f9
0000027dff741c39
0000027e188dcf99
0000027e28c63419
0000027e2b95f219
0000027e49cf6cb9
0000027e4a9606f9
0000027e70d2e299
0000027e72d8fc39
0000027e75437e99
0000027e87fb0d99
0000027ea4d988d9
0000027ec16b0c59
0000027ec7297119
0000027ed11d45f9
0000027ed78d4b59
0000027eec1f5039
0000027eec372479
0000027f087a4a19
0000027f0f2f7e19
0000027f11a0f659
0000027f281f9e39
0000027f2d020399
0000027f3832a399
0000027f441669b9
0000027f5ad70359
0000027f6da522d9
0000027f6de298b9
0000027f7f0e46d9
0000027fd5780b99
000002800aaa70b9
000002800d64f5b9
000002802e4d9699
00000280486470d9
000002806d6f45d9
00000280788f55b9
0000028086001659
0000028091cfbbf9
0000028097b8d059
000002809ac005f9
000005015242cd61
00000000013be171
0000000000000181
00000280bbf08e79
00000280bbf15079
00000280c5001e19
00000280c63b8159
00000280e34214f9
00000280f180c1b9
00000280f180c9d9
00000280f4e249f9
0000028109926c79
0000028167535cd9
00000281759b4459
0000028175d0a2f9
0000028175d0b379
000002817bb05299
00000281d6feb399
00000281f8083a59
0000028202072479
000002820b60f7b9
000002820cc398b9
00000282122f2459
000002822c4a1479
000002823198c619
000002823acede79
000002823fab8db9
00000282455a23b9
00000282563c8719
000002825c5bdb39
000002825c5bedf9
00000282904675b9
00000282ff9f0f19
0000028301b18d99
0000028309013f19
000002832db17a19
000002833e7f0859
0000028346628979
000002836b098359
000002837e49fe99
00000283a1cd5df9
00000283cfcb27d9
00000283d9f00559
00000283e9a33359
00000283f0706bf9
000002841bad07f9
000002845f684339
000002847e7daaf9
000002847fa90b59
000002848a92b539
00000284b83eded9
00000284b8705c39
00000284b8707999
00000284cf63f259
00000284d3a3b8b9
00000284d7c46fb9
0000028509b5d0f9
000002855bd653d9
0000028562d096f9
000002856b02ded9
000002858b660579
000002859eda1359
00000285b7709399
00000285d083c819
00000285d08c32d9
00000285dc4bef19
00000285e4270739
00000285fead9bb9
000002862cc489f9
000002863eca35f9
0000028675777cf9
000002868f9ea4f9
00000286961f3179
00000286a5170439
00000286a692e9b9
00000286d4235d99
00000286da919a19
00000286de62ce59
00000286dea40699
00000286e2061b39
00000286e4031a19
00000286e670c319
00000286e77d3d79
00000286ffe8ebd9
000002870a7b73d9
000002873b70edb9
000002874b6e2579
0000028751b3e079
000002875f9701d9
0000028779e47db9
000002877a98a879
000002877ae17b19
0000028797704739
00000287989d2139
0000028799168139
00000287a6364359
00000287a7615359
00000287a81f9259
00000287bcbfa319
00000287bcbfbd79
00000287c7717b99
00000288062e0819
000002883798d5f9
000002884e1aa5f9
0000028868013779
000002886c716d79
000002886f995bf9
00000288750166f9
0000028879122199
000002888a301359
00000288b35e0d99
00000288db4d8c39
000002890aa63f99
000002890aa65619
0000028928d601f9
000002892c6c0819
000002892d0cb239
0000028942138339
0000028962f970f9
0000028976e21959
00000289810e4819
00000289824eaaf9
00000289a394d4d9
00000289a8ac0ab9
00000513f2ad8961
00000000013be171
0000000000000181
0000028a3bd8bef9
0000028a40bd3e19
0000028a5d592b19
0000028a63a64eb9
0000028a66c78fd9
0000028a7271fa79
0000028a8739f879
0000028abb804659
0000028af4879c19
0000028afd927519
0000028b0681b1f9
0000028b0f501db9
0000028b392ae5f9
0000028b4e73bad9
0000028b4ec2dc79
0000028b502807b9
0000028b50281999
0000028b6802dad9
0000028b9f39ded9
0000028ba229b239
0000028bb30b55b9
0000028bbddefeb9
0000028be8b77119
0000028bf86b97b9
0000028c20afc499
0000028c2e9f4c19
0000028c31ce3eb9
0000028c3dd10459
0000028c3e6e5cf9
0000028c48a34159
0000028c569958b9
0000028c57275ab9
0000028c6aef2b39
0000028c803a5579
0000028c8f78e299
0000028c9814a1b9
0000028ca1ac5b39
0000028cb57de119
0000028cc5d1abb9
0000028cc6883ad9
0000028ccdd2a5d9
0000028d0ecf1319
0000028d25a36099
0000028d30190c59
0000028d3a506f99
0000028d50a4d019
0000028d55161a59
0000028d5d9c95b9
0000028d63295619
0000028d945b2179
0000028db194a439
0000028dc38d4219
0000028dd55f0c59
0000028dedd9c3d9
0000028df3d97e19
0000028e186b0cd9
0000028e1fa02a39
0000028e1fa02af9
0000028e34324179
0000028e364c35f9
0000028e48c91c79
0000028e5c3c7459
0000028e5d0181f9
0000028e6ef5de79
0000028e827a1179
0000028e9c776ed9
0000028ed226bc59
0000028ed596b239
0000028ed8120379
0000028ed88d8a39
0000028eecc64159
0000028f04ea7259
0000028f04ea7f59
0000028f1c940439
0000028f244bb3d9
0000028f25e3eaf9
0000028f3120d439
0000028f33ec4e59
0000028f53e360d9
0000028f7b376079
0000028f834681f9
0000028f96c43159
0000028f9e5cf699
0000028fa957a159
0000028fcb3e57b9
0000028fe3756479
0000028fec218439
0000028fed4e83d9
0000028ff3859139
00000290025abf19
0000029012941e79
0000029012a82899
000002902f40f419
0000029042e2fc59
00000290522a7f59
0000029075017c99
00000290b8c80bd9
00000290e5605d99
00000290ec651f19
0000029113841bb9
000002913d805739
00000291beb20739
00000291c9fbe899
00000291d7b1da99
00000291df089b39
00000291e44366d9
000002922827dbd9
000002922eb15299
0000029233dd6479
000002925b4a6b39
000002925cb0e559
000002926ad5a2b9
000002926b78dc19
0000029274ab6db9
00000292766ef3f9
00000292829af139
000002928e043a59
00000292adcaafd9
00000292ce7b6cf9
00000292d64e07f9
00000292f109aff9
00000292f5385f99
00000293034c5939
0000029310fc5339
00000293134e9779
000002931352b359
0000029325f99239
0000052693184561
00000000013be171
0000000000000181
000002934976f739
0000029349771799
0000029357336cd9
000002936b2ad099
000002936ec78b59
00000293948de039
000002939a994499
00000293c7d4e1b9
00000293cf362f59
000002940c0b9f59
0000029429331f79
0000029478ffa6d9
000002948704de39
00000294964de859
00000294a270fed9
00000294baf27179
00000294e8567ff9
00000294f6f75db9
000002950f047ab9
000002950f048fd9
0000029545ddab99
0000029567ff2db9
000002956b5d0299
000002958df1b3f9
00000295d500b519
00000295d745fb19
00000295f9f9b679
00000295ffd88f39
000002960524c739
0000029614f8b319
0000029616d5f599
000002964790c139
000002966108cb79
0000029678c0c459
000002968af0edf9
00000296b16f70b9
00000296e8156559
00000296eb8fd799
0000029705d18899
0000029743a72dd9
00000297616a87b9
0000029769fe6b79
0000029769fe7c99
000002977129f3b9
00000297712a0599
000002979e0f6a19
00000297a690df79
00000297bb001e59
00000297c0969f99
00000297ece7d6b9
00000297f1d50479
00000297f70821f9
000002980eb2cbd9
00000298154ff3d9
0000029817ad28b9
00000298211256f9
000002986138ee59
0000029872e67b79
0000029875870919
000002989357af39
000002989e664f79
00000298b295f179
00000298c7ef0599
000002990a701759
000002990d3bf299
00000299108b9959
0000029914f9afd9
000002991e7d17b9
0000029920f8dcf9
0000029920f8e619
000002992cd6c359
00000299348bf3d9
0000029935c3b5d9
000002996efb5739
000002997aca8819
0000029985f4a7d9
00000299931165d9
00000299966a5459
000002999ede2c79
00000299b898abf9
00000299d22bdff9
00000299d54b09b9
00000299e2747159
00000299e3fe1b99
00000299e6544d99
00000299e8039479
00000299f954df19
0000029a2050ad39
0000029a6df7deb9
0000029a76d71dd9
0000029a78d92d99
0000029a7fbecbf9
0000029aa3573e19
0000029ab0f0daf9
0000029abe8becb9
0000029acde2b5d9
0000029ad79c02d9
0000029ad7b05f79
0000029afe7752f9
0000029afe776259
0000029b16b73a59
0000029b20d9b779
0000029b2512f059
0000029b2b277919
0000029b472abef9
0000029b57e45379
0000029b5c0c0a79
0000029b6f1e5f59
0000029b83fa8b79
0000029b8b720799
0000029ba34771f9
0000029ba4c848f9
0000029bb663b2f9
0000029bddedb7f9
0000029be582f1b9
0000029bff2f4af9
0000029c1b65ac39
0000029c37e563b9
0000029c3f6db4f9
0000029c45dbec19
0000029c47ad4739
0000029c47ad53b9
0000029c4dceb4b9
0000029c5ef6b959
0000029c6a89ac99
0000053933830161
00000000013be171
0000000000000181
0000029cc40cac39
0000029ccf0561d9
0000029d11ecf5b9
0000029d1bf99159
0000029d4bd03779
0000029d5ec47899
0000029d95b71ab9
0000029db62767d9
0000029db6277859
0000029dbc394039
0000029dc39ed5d9
0000029dc5d504b9
0000029dc98e2699
0000029dd5ee72f9
0000029df4443b39
0000029df777c319
0000029e375c4879
0000029e419a8ff9
0000029e4397aab9
0000029e469bc919
0000029e50a75579
0000029e7b706ef9
0000029e7c3539d9
0000029eb29e7cf9
0000029eb35053f9
0000029ee18e7b79
0000029f2b050cd9
0000029f3b3b96f9
0000029f3e59caf9
0000029fa4f54159
0000029fa5dd7859
0000029fdc5ad119
0000029fde2883f9
000002a028a2f719
000002a0368265b9
000002a0476c8999
000002a049213379
000002a0592d9cf9
000002a059d77d19
000002a060abf8f9
000002a07c86fe99
000002a07f8e8339
000002a0ada45839
000002a0c1d95179
000002a0e0e2e999
000002a0e7598459
000002a0e8883139
000002a0f1258979
000002a0ffb6a459
000002a100cdb239
000002a105daddb9
000002a113a0c0f9
000002a12f3a0cf9
000002a16769af39
000002a182792899
000002a1a3954e59
000002a1b47259d9
000002a1b6bc02b9
000002a1c87ccb99
000002a1df202539
000002a1e20e2799
000002a1e20e3c39
000002a1ef14ef19
000002a1f5df5e19
000002a208bc45d9
000002a209b00979
000002a20a8f9719
000002a224711659
000002a258dbebf9
000002a259d3aef9
000002a261157b79
000002a26ba21f99
000002a26c5a47f9
000002a27adbfc59
000002a2808581d9
000002a28da49cf9
000002a29cbac359
000002a2ad97fc79
000002a2f1d98b59
000002a30ed20dd9
000002a32314c099
000002a32314d239
000002a32314e2d9
000002a338557699
000002a347615779
000002a35adc9f59
000002a35c278719
000002a35d4cc299
000002a3945bf3f9
000002a3b75fb5b9
000002a3fea3e9b9
000002a4073e1299
000002a40f9063f9
000002a4168e07d9
000002a41d24e719
000002a42495b599
000002a428ed05f9
000002a435c09099
000002a447129459
000002a44a3e2c99
000002a44cf631b9
000002a45acdd3b9
000002a46380f879
000002a463f47dd9
000002a4665bdfd9
000002a4665bf2d9
000002a48869cd59
000002a4a3ddf4f9
000002a4c215f659
000002a4c97609d9
000002a50d92b279
000002a515a65479
000002a5202ac519
000002a5396d00d9
000002a543619df9
000002a5493a31f9
000002a54f88f439
000002a561db9d79
000002a58c207879
000002a597712cf9
000002a5c04ae559
000002a5c1116f59
000002a5c81089d9
000002a5cff5f1b9
000002a5d65807b9
000002a5e0b396b9
0000054bd3edbd61
00000000013be171
0000000000000181
000002a5e9dbc199
000002a5fc56e239
000002a600c8bdd9
000002a60c266879
000002a615bfdb39
000002a6347e48d9
000002a645c56cb9
000002a67536dff9
000002a67cb56a39
000002a6b1c3d279
000002a6b3657479
000002a705d4e7d9
000002a70d96e459
000002a70f7bad99
000002a70f7bb159
000002a7288adb39
000002a7329f0ff9
000002a734cc3c99
000002a73d5e69f9
000002a740193159
000002a755102839
000002a7696534f9
000002a77826e3d9
000002a79237c079
000002a7a6e23fd9
000002a7d02b0559
000002a7fa5b3499
000002a8005031f9
000002a80815e919
000002a81fff7419
000002a8316fec39
000002a836c7e899
000002a8654d5119
000002a870191659
000002a871eafc99
000002a881ea5f99
000002a8c457ee79
000002a8d5413c39
000002a8fd7ac779
000002a8ff9d7199
000002a901968039
000002a902cde579
000002a919d0c219
000002a922ef2c39
000002a92d969359
000002a934661479
000002a95302e8b9
000002a978dd53b9
000002a97e2c5b79
000002a9a2114659
000002a9bf121f59
000002a9e1a499f9
000002a9f8d410d9
000002aa0114be39
000002aa0170ca39
000002aa14bc5599
000002aa164bad59
000002aa48a71679
000002aa7eb783f9
000002aac53c58d9
000002aacf9e66b9
000002ab0035a079
000002ab037b2c99
000002ab0f7886b9
000002ab25ac8939
000002ab389ca759
000002ab400a1099
000002ab49589599
000002ab4be85bb9
000002ab639a49d9
000002abb4a42619
000002abb6ed46f9
000002abbc760fb9
000002abfef9b6d9
000002ac0c74ced9
000002ac10d1ac39
000002ac27eac699
000002ac2cc9da19
000002ac77f4e5b9
000002ac7e27e699
000002acab6c2a59
000002acb968dcd9
000002acb96bdf59
000002acd97808d9
000002acf3efbd59
000002ad0834d239
000002ad133d7ab9
000002ad13dee019
000002ad1eefc219
000002ad90f080d9
000002ad95f58959
000002adada74f99
000002adb1042319
000002adbe765fd9
000002add00b0df9
000002ade826fbd9
000002adeee662f9
000002adf76760f9
000002ae06a47d39
000002ae60455019
000002ae6491a279
000002ae67c354f9
000002ae8d375b79
000002aeaaf82e99
000002aeb75d53f9
000002aebcbc7919
000002aece1b6cd9
000002af01a1ec19
000002af04a9dc59
000002af226bb119
000002af352fa199
0000055e74587861
00000000013be171
0000000000000181
000002af3a840a19
000002af48ca0739
000002af4e7916b9
000002af6af13119
000002af6af14479
000002af71889899
000002afa6448cb9
000002afb132a0b9
000002afb132c739
000002aff43f1ab9
000002b00481b379
000002b01a9edcf9
000002b021705ff9
000002b025ffb2d9
000002b028c3eb39
000002b02a8b9919
000002b02fda2759
000002b0479b0759
000002b05c67feb9
000002b0662bbed9
000002b08d2b8eb9
000002b0e977a919
000002b0fa8e4a99
000002b10626e339
000002b119386e79
000002b1220ab1d9
000002b13188a3f9
000002b132749b99
000002b16a22d839
000002b16bcb6259
000002b181622179
000002b197162cd9
000002b1b69542f9
000002b1d5e6a739
000002b1e705a219
000002b1fb205dd9
000002b212de0a39
000002b240dbc299
000002b26c3f8c39
000002b284037499
000002b287c7b439
000002b294026bf9
000002b29fc29e39
000002b2b84d22f9
000002b2f546a5d9
000002b30b1a9af9
000002b311e96d99
000002b317a8ae19
000002b32bb264f9
000002b32bb276d9
000002b33e597899
000002b33f936cd9
000002b34cf9c559
000002b3633ac339
000002b366efb199
000002b368271219
000002b38f8c6b99
000002b3910ff279
000002b3a8d9f379
000002b3b45f26d9
000002b3d4c48f79
000002b3fa7b9d59
000002b42a14d419
000002b437d85159
000002b445479079
000002b452a88c39
000002b4599938f9
000002b468501359
000002b48adcc779
000002b4d64c25b9
000002b4da5c1859
000002b4e1b60bd9
000002b4e8683659
000002b4ec26f479
000002b4f1c942d9
000002b4f4c46719
000002b4fdffe579
000002b51e5d2599
000002b536c73919
000002b543172499
000002b54cac77d9
000002b54d9c6ef9
000002b5534a4e39
000002b573161379
000002b5a4d218d9
000002b5c4139b19
000002b5dfac5d19
000002b5e40c8759
000002b5e56125f9
000002b5ec68a999
000002b6166ffc59
000002b616e57f99
000002b6184e8ff9
000002b627aaa4d9
000002b62c99e2f9
000002b62d626d39
000002b64cd7bd79
000002b6769ba459
000002b677be8cf9
000002b6be02d119
000002b6dd921f99
000002b6dfcfbb59
000002b742d19959
000002b754896219
000002b7570eb619
000002b7698eb5d9
000002b76edfa4f9
000002b77fa5ea99
000002b78f0a0f99
000002b7926dbdb9
000002b7cd9d69b9
000002b7d0fdc339
000002b7e4bf8e79
000002b7e562de39
000002b7f5176dd9
000002b7fa4161f9
000002b7fc16e439
000002b815ec08d9
000002b836eb21f9
000002b875e5cdf9
0000057114c33461
00000000013be171
0000000000000181
000002b8929d8459
000002b89c2962f9
000002b8a84af3b9
000002b8dbf102f9
000002b8faa40879
000002b8fe5547f9
000002b91b29cad9
000002b91e89eed9
000002b92de33199
000002b92dfd5499
000002b930297e99
000002b951ed3319
000002b951ed5819
000002b9592d91b9
000002b95ebef5f9
000002b96606f639
000002b96a6832b9
000002b96d9ef8b9
000002b97be8c319
000002b99db346b9
000002b9a6172439
000002b9d2704cf9
000002b9d2eed8b9
000002b9ef0ec3f9
000002ba260e28f9
000002ba3f104199
000002ba5340f2f9
000002ba6e013ab9
000002ba71999339
000002ba852001f9
000002ba9abcfbd9
000002bab5056279
000002bafa50d2b9
000002bb11182999
000002bb1c3063f9
000002bb1e4a8079
000002bb20264db9
000002bb2582e019
000002bb2d88fab9
000002bb34fb6539
000002bb3a6334b9
000002bb5f83b4b9
000002bb6166e319
000002bb6b60d259
000002bb70da3c79
000002bb7906a059
000002bb7fdfc2b9
000002bb8ae4b9d9
000002bb9a899799
000002bba370c2b9
000002bbec31b119
000002bbef39a9d9
000002bbef39bc99
000002bc50dafc39
000002bc55624f79
000002bc5c168939
000002bc6232ff59
000002bc6378e679
000002bc92287939
000002bca7ebb299
000002bcb205c679
000002bcdc517959
000002bcdfd82d79
000002bce3611519
000002bcfdef7d99
000002bd04ddb579
000002bd08670e19
000002bd215ca199
000002bd2d566499
000002bd62884719
000002bd63fc9059
000002bd95282839
000002bd98260159
000002bdbe173659
000002bdcc1a3399
000002bdd61a5279
000002bde7fe95b9
000002bdeb13af99
000002be04873bb9
000002be0dbd3639
000002be161e5f39
000002be25edf479
000002be3ab69559
000002be432ae179
000002be5254dad9
000002be6bc5eb99
000002be6e818ab9
000002be8dc8c5d9
000002be9c97fb39
000002beade14359
000002beb7e3c019
000002bef1412359
000002bf03d07759
000002bf38b04d39
000002bf3cfd3ab9
000002bf487423f9
000002bf50904b59
000002bf8bf9d159
000002bf9c35bd99
000002bfa3e84699
000002bfab1e65b9
000002bfad8db619
000002bfc6062079
000002bfcfd16cd9
000002bfd300b4b9
000002c00ae7abd9
000002c01eb1c979
000002c032913019
000002c0403e97f9
000002c046603939
000002c06277a4f9
000002c06e4a6c79
000002c094fbc359
000002c09c61fb99
000002c0c6b4f339
000002c0cbcbf5b9
000002c0eb77a739
000002c0ef0a0899
000002c12ecc4b59
000002c147213a19
000002c14e985b99
000002c161a31239
000002c17dbf3159
000002c1d7c13c59
00000583b52df061
00000000013be171
0000000000000181
000002c1fae06079
000002c20a445799
000002c20bc18a59
000002c220406439
000002c223cf5739
000002c236130b59
000002c2412ee919
000002c256016739
000002c27049f5d9
000002c27a7458b9
000002c287e81679
000002c2a81a9ed9
000002c2ab5b2679
000002c2ab5b4859
000002c2b04b1639
000002c2b110d6f9
000002c2c0b825d9
000002c2e80af0f9
000002c2ede33379
000002c31072b899
000002c338c58799
000002c3410a4b59
000002c37acc9fd9
000002c3a6c9cb79
000002c3aa193bd9
000002c3b0b6db79
000002c3c03ed539
000002c3c4feaaf9
000002c3e766c059
000002c3ec335619
000002c403418259
000002c417bdf959
000002c41a303019
000002c432060679
000002c4324b01f9
000002c432654ab9
000002c445ac7019
000002c445ac85f9
000002c44c419999
000002c46f51a379
000002c47abafb79
000002c4a8c55979
000002c4cdb8e539
000002c4e3063339
000002c4ecd49319
000002c4f9670cd9
000002c51af3ee59
000002c52567a059
000002c54e5d0999
000002c558442d99
000002c55e2521f9
000002c567accb59
000002c585b227b9
000002c594e800f9
000002c5b9b83df9
000002c5b9b850d9
000002c5da380379
000002c601c67119
000002c6140bf4f9
000002c617362319
000002c626399519
000002c628a70fb9
000002c6c56e8a79
000002c6fb262e19
000002c717062639
000002c717064ad9
000002c724770899
000002c75dd73259
000002c7695a3ff9
000002c784813099
000002c78d5f0699
000002c79488bd59
000002c7966ba979
000002c7984e9839
000002c798b8ac79
000002c7f68e1a59
000002c7fabc8fd9
000002c7ff88cbf9
000002c8131416b9
000002c814c01119
000002c814c09d19
000002c814f31e99
000002c84141f959
000002c84c9bc9f9
000002c851bd6599
000002c86db2a0f9
000002c88caf7b79
000002c8daf185f9
000002c90e4f4ff9
000002c9137cd0f9
000002c9235d1a59
000002c9818d0fb9
000002c9875b7bb9
000002c9875c37f9
000002c9a5d4ab19
000002c9a7230cb9
000002c9c1c8b999
000002c9c382e979
000002c9c576b499
000002c9d2b22b19
000002c9db1c3b19
000002c9e5ba5239
000002c9e8e1abb9
000002c9eafcf179
000002ca08040b39
000002ca18b4f199
000002ca4eb1ee99
000002ca6806baf9
000002ca7e48fe79
000002ca818770d9
000002ca82892cd9
000002ca975a4b19
000002ca9a1114f9
000002cac76af8b9
000002cace430a19
000002cae30b0d79
000002caf56e7f99
000002caf6b27ed9
000005965598ac61
00000000013be171
0000000000000181
000002cb4505d1f9
000002cb454cfbb9
000002cb516a4a19
000002cb59805479
000002cb7d001419
000002cb9f2d5819
000002cbdb0b5099
000002cbdba3c999
000002cbf8169799
000002cbfa9158b9
000002cbfd03edf9
000002cc0af55fb9
000002cc0e3aff19
000002cc24b02959
000002cc26697b19
000002cc5ae0bfb9
000002cc71ed49f9
000002cc7ceb1af9
000002cc8c6a2ad9
000002ccaa38a879
000002ccab7552d9
000002ccdfe75b99
000002ccf3d95b79
000002cd2434d819
000002cd41b04b99
000002cd54644db9
000002cd5d360899
000002cd5d363259
000002cd7f075339
000002cd8cd086f9
000002cd9c24b759
000002cd9feb0859
000002cdecef2e99
000002ce0c332359
000002ce15540279
000002ce1812b619
000002ce72776ff9
000002ce92dda6f9
000002ce980b8659
000002cea7ac1fd9
000002ceefacceb9
000002cf2c624fd9
000002cf2eb927f9
000002cf6bc55019
000002cf87926cb9
000002cf8c667bf9
000002cfb5431239
000002cfd09b0e79
000002cfd8520099
000002cfd90f1679
000002cff09b9979
000002cff5c83ef9
000002d076975599
000002d0942c3199
000002d0a2fd9f99
000002d0af347979
000002d0bf65f0f9
000002d0c6975d19
000002d0d1c7ec39
000002d0e8ec6699
000002d0f9521919
000002d10f4ddff9
000002d126933a19
000002d135d31f19
000002d138048699
000002d14ecdfa59
000002d16abda839
000002d16b1e60b9
000002d19531bab9
000002d19ffc1579
000002d1a9eec079
000002d1b2b5b539
000002d1b4c6cb99
000002d1bbbef499
000002d1c060aeb9
000002d1e1bd0059
000002d1f294ecd9
000002d220cbee79
000002d22d036a19
000002d25bfe89f9
000002d298305ab9
000002d2bcd83e79
000002d2f0d46199
000002d2f0d47179
000002d2fb344199
000002d309759339
000002d311873f99
000002d315aae2f9
000002d3596bdc19
000002d35e7c9d99
000002d35ecce479
000002d384af9bf9
000002d395856879
000002d3bb578fd9
000002d3bf2cd4b9
000002d3cfe16cd9
000002d3dc1a48d9
000002d3dee73299
000002d3ef0135d9
000002d3ef2c1cd9
000002d3f0144059
000002d3fe8293f9
000002d410df0f19
000002d41acfd3f9
000002d479e65c39
000005a8f6036761
00000000013be171
0000000000000181
000002d48b6d0299
000002d4abc25359
000002d4bfb5c5d9
000002d4ca61ee79
000002d4cac0c4f9
000002d4d4b149b9
000002d4d7cef979
000002d4d7cf0cb9
000002d4fe75df19
000002d50bc3ac59
000002d55d030d39
000002d55d032c79
000002d564a50d19
000002d564a52239
000002d592942879
000002d5a649fbd9
000002d5a6664bd9
000002d5b9175699
000002d610585219
000002d62381fc59
000002d644b7f619
000002d646dc7ff9
000002d64be773d9
000002d656457299
000002d6564585b9
000002d656458d39
000002d65dbb1f39
000002d6725e6b99
000002d6b4b79439
000002d6bfe74199
000002d6ec0a41b9
000002d6ec0a6299
000002d6f9f92ef9
000002d6fdf91299
000002d700ca6ff9
000002d73dcde119
000002d74155fbb9
000002d74bf22c39
000002d767e44e79
000002d76ecfe099
000002d78280bdb9
000002d7854bd4d9
000002d7b39f2c99
000002d7b9930359
000002d7d5458d99
000002d8022580b9
000002d80369d579
000002d804a086b9
000002d8071030f9
000002d81cbe31d9
000002d828b57cb9
000002d82ae6a4b9
000002d82c327699
000002d82ce96ef9
000002d84d94c519
000002d876c7f6f9
000002d8843c73b9
000002d885164bb9
000002d892cf4519
000002d89627f019
000002d8a42f2819
000002d8b2028ab9
000002d8e56337b9
000002d8e5634f59
000002d8eb7a9eb9
000002d915df32b9
000002d93b2e6cd9
000002d9546a90d9
000002d964c03cd9
000002d966678db9
000002d96fdbac19
000002d97565e379
000002d988337c19
000002d9a41351d9
000002d9a82ee239
000002d9ab3f4c79
000002d9b75eec99
000002d9cc08a639
000002d9db98b239
000002d9e99c86f9
000002d9f0f78eb9
000002d9f2d833d9
000002d9f9b3b219
000002d9fe923c39
000002da00fb53b9
000002da06d46b79
000002da3d0f5939
000002da436cdb19
000002da6c118699
000002da8620d879
000002daa04cf219
000002daa147ed59
000002dab4f081f9
000002dac73c6dd9
000002daf9c6c419
000002db0ef02439
000002db11d93e39
000002db1f6f4579
000002db23340019
000002db3d51adb9
000002db45fd85d9
000002db4a141fd9
000002db548c16f9
000002db5aba5e79
000002db5ac22519
000002db68cb3579
000002db7701af99
000002db97c41e59
000002dbafb409b9
000002dbb0532899
000002dbf2034f59
000002dc03859c99
000002dc13277cb9
000002dc1e6e1d79
000002dc2f7ccd39
000002dc3103de59
000002dc39e5e359
000002dc45122099
000002dc79ed7719
000002dc82208699
000002dca296b219
000002dcc51b24f9
000002dcd25f9c59
000002dce7e4eb59
000002dcffdc41b9
000002dd15ff69d9
000002dd1b845d79
000002dd4faea8d9
000002dd538ae2f9
000002dd583dd899
000002dd66711119
000002dd67ddb0d9
000002dd9af86f99
000002dd9c44a919
000002ddad115379
000002ddbb2b3b79
000005bb966e2361
00000000013be171
0000000000000181
000002ddd46fd679
000002ddde560b59
000002ddea606f79
000002ddf68ca1b9
000002ddfae1eb59
000002de12070779
000002de18584db9
000002de259a3619
000002de2e694d19
000002de48dae659
000002de54ebd5d9
000002de57c58f99
000002de6f830399
000002de8b63c0b9
000002de943af699
000002de983de599
000002dec9a01ff9
000002dec9a03119
000002dec9a03399
000002ded8be0159
000002deeaba1cd9
000002deec2f39d9
000002defdb78b99
000002df03ac1979
000002df331583d9
000002df3cb85439
000002df464261b9
000002df5d58bbd9
000002df69e9de79
000002df6b7b7ff9
000002df6c530fb9
000002df7071fe99
000002df9a1ec2f9
000002dfb00896d9
000002dfb00930d9
000002dfb65ffdb9
000002dfc57a75d9
000002dfd1447d99
000002dfd61c3639
000002dffe4d4259
000002e0337a9b79
000002e04cb99e39
000002e04cb9abb9
000002e0542bbff9
000002e067519699
000002e0715fd6b9
000002e079ee6a39
000002e08e9a1259
000002e0981306d9
000002e099dc9219
000002e099dc99f9
000002e0a9ce12f9
000002e10394da39
000002e13ea40b39
000002e14bf4def9
000002e14d0fd899
000002e14d5d06d9
000002e150415239
000002e16ebc7039
000002e187caf9f9
000002e1d430a619
000002e1d4fd4039
000002e1e9dab719
000002e1f29ef5f9
000002e2265701b9
000002e238d956f9
000002e24a9354f9
000002e25be92759
000002e27245e4d9
000002e2821f3959
000002e28892fe99
000002e291668579
000002e2a5987719
000002e2b1d748f9
000002e2cbbf8ef9
000002e31fa6ad59
000002e321f4d2f9
000002e32e06ff59
000002e359a66ad9
000002e35d67ded9
000002e3709336f9
000002e3793d1b99
000002e3a88b34d9
000002e3afd3e739
000002e3bc487c79
000002e3ecb2b959
000002e3f8fabbd9
000002e4169b0739
000002e41e79a679
000002e43824cdf9
000002e446645a19
000002e460468c59
000002e46a185eb9
000002e48b9067b9
000002e48ca52f39
000002e49b5a8e59
000002e4a4bf3a39
000002e4aa1df3b9
000002e4ba96e4b9
000002e4bb1bfdd9
000002e4e724fff9
000002e4f7ea9b99
000002e5033b58b9
000002e519b84b59
000002e51f8302d9
000002e528c886b9
000002e533555699
000002e5474d9539
000002e54a4d1dd9
000002e55c284f79
000002e577050239
000002e59ebbd699
000002e59f40a859
000002e5e3cce279
000002e5ee3ccad9
000002e62c354bf9
000002e641358979
000002e66acf8179
000002e67062f2d9
000002e672956af9
000002e6a1060df9
000002e6be637959
000002e6c8fd73b9
000002e6d7231a79
000002e6e2d6f119
000002e6e5f08999
000002e70056ab19
000005ce36d8df61
00000000013be171
0000000000000181
000002e71d3c3619
000002e73497f919
000002e737f1b9b9
000002e751377639
000002e75c125939
000002e767084999
000002e7683c7059
000002e769c43e99
000002e771052739
000002e78583e1b9
000002e79999aef9
000002e7a3fdb5d9
000002e7ce3874b9
000002e7d35efaf9
000002e7ddf512f9
000002e7f0143579
000002e7f9aa6419
000002e80f3c1ab9
000002e816888c39
000002e81b4cbdd9
000002e832b01299
000002e83f213bb9
000002e8650de2f9
000002e8793ffdd9
000002e87ca5d6d9
000002e889373d59
000002e8a9c49079
000002e8c480de79
000002e8cd547899
000002e8d0c21259
000002e8d1aca999
000002e8db240459
000002e8e430c679
000002e8f6114199
000002e91c528a99
000002e91ce9da19
000002e9a7109d59
000002e9c31a8cb9
000002e9e3e1cfb9
000002e9f159fa19
000002e9f9d42b59
000002e9f9d44299
000002ea21d82db9
000002ea47ce4719
000002ea51166519
000002ea6ec0cc19
000002ea6ec0dfd9
000002ea98521359
000002eaabfc06b9
000002eab3742e19
000002eab3742ed9
000002eacc039ab9
000002eb05528e39
000002eb20e80859
000002eb279d4dd9
000002eb41596199
000002eb5805a8b9
000002eb6f3723f9
000002eb79e67839
000002eb9bcc95f9
000002ebc1232619
000002ebd18e34f9
000002ebda5e82b9
000002ebdcf35b19
000002ebeae4ccd9
000002ebfff374d9
000002ec0e0fb759
000002ec34081559
000002ec4bc69e99
000002ec53b97d99
000002ec7cd38f79
000002ec7f467479
000002ecb0eb3b59
000002ecb219e1d9
000002ecfadbf5b9
000002ed0b63d239
000002ed13a3a659
000002ed1e886c59
000002ed222510f9
000002ed42047ff9
000002ed6555b8f9
000002ed77e96239
000002ed81589ef9
000002ed86c97e99
000002ed9b396239
000002edab558359
000002edad7fdcb9
000002edaf5e75b9
000002edb53b3d99
000002edcc41a6b9
000002edd11b1379
000002edfae0c899
000002ee06fb1c79
000002ee266b9919
000002ee4c7388f9
000002ee4d738bb9
000002ee52394c19
000002ee60083ef9
000002ee9b9cfb39
000002eea30ed919
000002eea6b555f9
000002eea6b569b9
000002eeb46a3bd9
000002eec5f056d9
000002eef44faff9
000002eef6689499
000002ef2481b699
000002ef46a2aa19
000002ef4cfb9159
000002ef53e9d7f9
000002ef5bf6dbd9
000002ef606612f9
000002ef60dc25d9
000002ef6cb75ab9
000002ef71f84979
000002ef7a3424d9
000002ef8f87f7f9
000002efc8c018b9
000002efd0c43119
000002efdb161419
000002f0033b9e59
000002f024916259
000002f0284b6379
000002f03275dc59
000002f043f468b9
000002f044467ff9
000002f0590cc139
000005e0d7439b61
00000000013be171
0000000000000181
000002f077ca01b9
000002f09197a499
000002f09ec5c679
000002f0c9804b99
000002f0e4200959
000002f1120e52d9
000002f133a836f9
000002f133ebc199
000002f13fca3099
000002f142c8ca99
000002f14391b499
000002f153f8f499
000002f15d3d6f39
000002f164c50799
000002f1663dbb39
000002f1dc6e39f9
000002f1f006f119
000002f1fa7d9979
000002f2299806b9
000002f23b7afb39
000002f24ecd6699
000002f25693ca19
000002f2632818b9
000002f29748e5f9
000002f297918cd9
000002f2e124e5d9
000002f2fb5e5339
000002f308692c79
000002f319c96f19
000002f329b0bbf9
000002f35b478bf9
000002f35f2dbb59
000002f3754e21d9
000002f388289239
000002f39a322f19
000002f3a87a89f9
000002f3d1c23b19
000002f401442479
000002f4078a2f59
000002f41ce59139
000002f421a78459
000002f4242192f9
000002f42d2dedb9
000002f42fedce19
000002f4411b77b9
000002f47335ebb9
000002f47866f519
000002f47e5a6ad9
000002f4ea65c619
000002f504a04399
000002f514221159
000002f51b66d579
000002f53c74d579
000002f56db92bb9
000002f57c1a7ef9
000002f57c1a9719
000002f58df37c39
000002f59e7faa19
000002f5a509c7d9
000002f5bd542cb9
000002f5cb18b1d9
000002f60fd5a479
000002f6214b4b19
000002f6470d56f9
000002f64c769e39
000002f662fb1299
000002f6828da8f9
000002f6b9bd54d9
000002f6ca4ca459
000002f6e3f00859
000002f6f5088339
000002f6f5089699
000002f6fcec4d99
000002f6fcec60b9
000002f6fcec6159
000002f6fcec6839
000002f7207a9499
000002f72147a7f9
000002f72f45da79
000002f7462bfff9
000002f75d40c4b9
000002f76371cbf9
000002f76b003939
000002f77e555d99
000002f7801c6619
000002f79e285359
000002f7d3d04799
000002f7ddb38ed9
000002f7deb7dc19
000002f847d64ff9
000002f8525d5379
000002f86a644ff9
000002f86f242f19
000002f87ef7a299
000002f894074519
000002f8c6d89499
000002f8cd83bd59
000002f8cf9acbd9
000002f8d3a9c3b9
000002f8f22d5579
000002f91aaf7a79
000002f92f398b19
000002f957f42779
000002f9699a8f79
000002f97b4c3b39
000002f97bbd0579
000002f98506f9f9
000002f98e0d5459
000002f9b3f450d9
000005f377ae5661
00000000013be171
0000000000000181
000002fa029530d9
000002fa141ffed9
000002fa1a01e499
000002fa1a020379
000002fa279fec39
000002fa3aa97ef9
000002fa3d679df9
000002fa48899859
000002fa48899a39
000002fa69af7df9
000002fa6c797eb9
000002fa75ccd499
000002fa91db74b9
000002faaac32e39
000002fab8a2e499
000002fabe52ce19
000002fabed65479
000002facd57db79
000002facda7fbd9
000002facda7ff59
000002fadd4764d9
000002fafa506819
000002fb05dd4b79
000002fb05dd65b9
000002fb07e91179
000002fb09dad119
000002fb0d1dcd19
000002fb2435bad9
000002fb367a76f9
000002fb52ad71d9
000002fb941c0419
000002fb94abb779
000002fbc17f4eb9
000002fbc977e539
000002fbcb3c8759
000002fbdd2efc39
000002fc38cd6d59
000002fc3fb81159
000002fc412052d9
000002fc41207799
000002fc4151a759
000002fc46969859
000002fc4b9c0cd9
000002fc5236ec39
000002fc5a489459
000002fc6fa93c39
000002fc70f5fb39
000002fc794780b9
000002fc8284ab59
000002fc95673319
000002fcb0572319
000002fcc20babd9
000002fcf0e65219
000002fd370ccdf9
000002fd37ac6d19
000002fd38ea6d99
000002fd3c15dc39
000002fd772a16b9
000002fd8006ec19
000002fd81450959
000002fd8c1ac0f9
000002fdcdeb8e79
000002fde183ec99
000002fde8ff9f79
000002fdec2ac2f9
000002fdf4f1b0f9
000002fdf85f3859
000002fe0d83c7b9
000002fe0dca2f19
000002fe20336099
000002fe287babf9
000002fe46a28e39
000002fe4d66f0f9
000002fe6d709759
000002fe848ecb59
000002fe8ae96139
000002fe8b88c419
000002fe9b4e47f9
000002fea201c7f9
000002fea2b92679
000002feb4d71a59
000002feb4d73579
000002feb6cf29b9
000002febec43ff9
000002fec8eb1f99
000002fedc967f79
000002fef017e279
000002fef7c0efd9
000002ff0d069859
000002ff0efb49b9
000002ff2a01c399
000002ff414b6879
000002ff4b799ef9
000002ff4e41ab59
000002ff5e22a819
000002ff64fd4339
000002ff7bbf2d79
000003000da26e59
00000300209a18b9
000003003dc63619
0000030049cb81d9
000003005aba97b9
000003006fe77619
00000300795bfe99
00000300919b67d9
00000300be039ff9
00000300cbef88b9
0000030127d3eb79
000003012a98c199
00000301648f0639
000003019610cb99
0000030196c195b9
00000301ae834b59
00000301ae844c19
00000301ca87b039
00000301dd2186b9
00000301e429a259
00000302068679d9
0000030208814139
0000030217544a99
000003021ed0a9f9
0000030224dd8f39
000003023187d9b9
0000030237e907b9
0000030238e7b339
0000030247ee4e59
000003025703deb9
0000030261adc299
0000030267db2319
000003026b0dbed9
000003026b0dffd9
00000302c09c4cd9
00000302c418fc79
00000302dcb50799
00000302e38194b9
00000302f0a81e19
00000302f13ec2f9
00000303041a2439
0000060618191261
00000000013be171
0000000000000181
0000030312ee32f9
0000030347359f59
000003035c26da59
0000030389dd5dd9
0000030391cc0619
0000030392e231f9
0000030397b62b19
000003039ef9ff59
00000303ab83a579
00000303b996f6b9
00000303d0713f19
00000303fd7fc0f9
000003041a4e9cf9
000003041cbe2819
0000030438879699
000003043e750e39
0000030443cd8079
0000030460385499
000003046494d919
000003047b5fdf19
00000304875e47d9
00000304bb6205f9
00000304d1995b99
00000304d1997039
00000304dbafd579
00000304e8849b79
000003050f0ad779
000003051faef9b9
00000305479e1f39
000003054e8c8099
00000305880e9319
00000305b2ee9af9
00000305d97aeeb9
00000305d9d534b9
00000305d9d56c79
00000305db33c319
00000305ecb51a59
0000030601308ab9
0000030602608fd9
000003060bd40099
0000030610ff4659
0000030657efa379
000003067931d979
000003068281ed99
000003068ecd9259
00000306bae3afb9
00000306c04938b9
00000306c5897199
00000306cc71c519
00000306e62bcaf9
0000030700b4c859
000003070b221039
0000030711848dd9
00000307173aa399
00000307173ab5b9
0000030726fca999
000003072c56c639
000003074db36af9
0000030750ddebb9
000003075997c8d9
000003075da1a159
0000030761a38159
000003076e31c5f9
0000030774a0ff39
000003077568d3b9
000003077cfe63d9
0000030780ad24f9
00000307a9eefdb9
00000307af5284b9
00000307af529739
00000307cee02919
00000307e48d7659
00000307edc50079
0000030820152539
0000030825fceb79
00000308782e1d39
000003088f029d99
00000308c4009199
00000308d14b2579
00000308d14b32d9
00000308d37c14d9
00000308e5e37779
00000308f7c48cb9
0000030900c457f9
0000030917f41b59
000003092034b799
00000309851026f9
000003098fac1a39
000003098fac5d99
00000309a519d6d9
00000309ae3d4ad9
00000309b37d5c99
00000309bf076699
00000309c5f192b9
00000309cc535e39
00000309de36bbf9
00000309e3182099
00000309e58a3639
00000309f1dfbc79
0000030a06da1dd9
0000030a13e76bd9
0000030a274f7879
0000030a32c2bf19
0000030a69e91d99
0000030a920a5899
0000030a93000619
0000030a96df3f19
0000030aaff897d9
0000030ab6af5bb9
0000030abe2f4d39
0000030ac57b9779
0000030b1d94acb9
0000030b2a32ac99
0000030b38c91e99
0000030b4182f959
0000030b4b0d7bb9
0000030b5a549b39
0000030b5e7ae499
0000030ba767d7b9
0000030bb9d9dd19
0000030bd61379b9
0000030be3710619
0000030bf1f06759
0000030c1c0c1eb9
0000030c2a815ed9
0000030c2a816af9
0000030c30f571f9
0000030c48fc0a39
0000030c59506819
00000618b883ce61
00000000013be171
0000000000000181
0000030c65295679
0000030c7f6ffc59
0000030c850c80d9
0000030c850c9819
0000030c9b37dd39
0000030cc143ff79
0000030cc8beef39
0000030cd3dff8d9
0000030ce9a13fd9
0000030cfdea7e79
0000030d05871e99
0000030d0b5e6f59
0000030d105d61f9
0000030d35e4d519
0000030d38e6f979
0000030d6500b699
0000030d79aeb879
0000030d83d88a59
0000030d8ac36159
0000030d957fa279
0000030dbb1eba79
0000030dc44c6b59
0000030dc6cadf39
0000030dcf876739
0000030ddccb6a39
0000030de4c26379
0000030e0fc3fb79
0000030e460336b9
0000030e652db4b9
0000030e6961e859
0000030e72a93e39
0000030e800c2d59
0000030eb2111439
0000030eb2512019
0000030ebc164ed9
0000030ec82a3a79
0000030ed20f0939
0000030f0fe5b119
0000030f5d8552b9
0000030f69d843d9
0000030f76855a59
0000030f7bc52c19
0000030f911953f9
0000030f9632d539
0000030fb1f3bc79
0000030fcadb87d9
0000031016acd439
00000310247cf099
000003103695d1d9
0000031047e22579
0000031049f2f739
0000031062715579
000003106ccb8359
0000031074094ed9
0000031077528f19
0000031083de1bf9
000003109fd2c359
00000310a372be99
00000310ba103a39
00000310df99e1f9
00000310df99eeb9
00000310e96d7659
00000311321eeef9
000003113f227cb9
000003114f0a4dd9
0000031160409419
0000031174f8e6b9
0000031183be2e99
00000311ac263359
00000311b4305fb9
00000311c27e5ab9
00000311d6c89579
00000311f3393eb9
00000311fb542e79
00000311ffcf3b39
000003125b610539
0000031279e8b3d9
0000031292e07279
00000312d075a879
00000312d2096799
00000312df64a4b9
00000312e1b705d9
00000312e8082d99
00000312eb2775d9
00000312ef0b3079
00000312f60b2c79
000003131b233e59
000003132606b2d9
0000031336a2a1d9
00000313374e7df9
00000313384b4879
00000313490abc39
0000031375115f59
000003137b0b03f9
000003137d0a8739
00000313bbe19119
00000313d17a2a79
00000313e4e840f9
000003140a332d99
000003140a334d19
000003140a335e39
000003140a336c99
000003145f698b39
0000031480baa8d9
0000031484d2be39
000003149c7b48d9
00000314c5ec4d59
00000314c90af179
00000314e3cdeb99
00000314fcdd02b9
00000315392ea6b9
0000031564fac379
000003156834e959
0000031580b9a6f9
000003158ef0e579
0000062b58ee8961
00000000013be171
0000000000000181
00000315b8f4b5d9
00000315c122b959
00000315c9e981f9
00000315d84cbc19
0000031638652cf9
000003165951b219
000003165d424c79
000003166a1cc4d9
000003167b357319
000003167ea5f1f9
000003168134ad39
000003168d8a9399
00000316c56f81b9
00000316cc2138b9
00000316ef695d99
0000031714dd8fb9
000003171639ddf9
00000317278e5119
0000031730b3e099
00000317423e73f9
0000031747ed0fb9
00000317726ff2d9
0000031781edd6d9
000003178debfd79
00000317ec10f219
00000317f4418799
00000318241e2e39
0000031839b211f9
0000031844fc3439
000003184cd7c4d9
000003184cd859b9
0000031858e8ef59
000003186af57919
000003186cc5ed39
000003186ee186f9
0000031874454bf9
000003188800c0f9
00000318b6505559
00000318bae26319
00000318dd4fbbf9
00000318de7d35d9
00000318e633a7f9
00000318fe1fea19
000003191200f819
00000319146e00d9
00000319146e7979
00000319176e3619
00000319488c7f59
00000319506f4659
0000031951e929b9
0000031966c296d9
000003197685db99
00000319768607f9
000003199ad5a299
00000319ca8eaed9
00000319d11dfd39
00000319daa278d9
0000031a021f1979
0000031a0f190e79
0000031a33060d59
0000031a35bff079
0000031a35c004b9
0000031a530766d9
0000031a6ac773d9
0000031a7ed52819
0000031a865899f9
0000031a8f9f8af9
0000031a93480099
0000031a977b8479
0000031acc342c79
0000031adf81c939
0000031ae7c1deb9
0000031aede72fb9
0000031aee52a1b9
0000031af05efa79
0000031b22e90319
0000031b2c181939
0000031b4c9b25b9
0000031b5ea28f19
0000031b685770d9
0000031b6e7bd999
0000031bb577e339
0000031bd6edf439
0000031be5380ef9
0000031c08dadd19
0000031c09ce9fb9
0000031c1d175f39
0000031c24cbf199
0000031c3d6d8a79
0000031c4e82a9f9
0000031c52d83b59
0000031c63f3f039
0000031c67817439
0000031c6d9647d9
0000031c8d8efd39
0000031c8fa942b9
0000031ca38a9679
0000031ccd8929f9
0000031cea57a339
0000031d2f878319
0000031d4017beb9
0000031d4c76a379
0000031d4d00dd39
0000031d659f4d39
0000031d7e4b2719
0000031d853975b9
0000031d8d68a439
0000031d9798a3d9
0000031daac1bdf9
0000031daac1d459
0000031db0d315b9
0000031db7d1dab9
0000031dbd018ad9
0000031ddb63ecb9
0000031e1b990359
0000031e4ebde7f9
0000031e787d1cd9
0000031e8f381af9
0000031e9fe528f9
0000031ebad95459
0000031eca0ca039
0000031ecd274319
0000063df9594561
00000000013be171
0000000000000181
0000031effe82d79
0000031f205bed99
0000031f22708059
0000031f22f46599
0000031f355e5db9
0000031f6a924259
0000031f80a6c719
0000031fd8bec019
0000032011387bd9
0000032019760f99
0000032022d53b99
000003203d7e9cd9
0000032051e74439
000003205973f579
0000032064818639
000003207896daf9
0000032078d6e8d9
0000032092dfc739
00000320b1a95e79
00000320bc3d8419
00000320cc097979
00000320cc0980d9
000003211c26ab59
0000032135bfca99
00000321456cd0f9
000003215e480c19
000003215f9e22f9
000003216b5c12d9
00000321753914d9
0000032175dad6b9
0000032191578ed9
00000321aae68419
00000321bb92a859
00000321c035de59
00000321ccb8ba19
00000321d8ead299
00000321f1c29c99
00000321f1fd21f9
00000321fa43e0d9
0000032200b02439
00000322263aed59
000003223cfb3599
0000032254f823d9
00000322663ef1f9
000003226b5189f9
0000032285221619
00000322a8aa99d9
00000322cb565899
00000322d30b0519
00000322d5621cd9
00000322d5622679
00000322e0d340b9
00000322f02e0139
00000322fcf66239
00000322fef38e99
0000032324ef7859
000003232d3dc679
000003232f8ab479
000003233b43c819
00000323467e9a99
0000032368ef7c39
00000323690a8139
0000032385d19a79
000003238af5ab79
00000323e5e7a759
00000323faca6279
00000323faca71f9
0000032400893079
0000032413b23339
000003241ca86b59
000003242c11aa19
000003244e886819
00000324d3fb5d59
00000324d75da1b9
00000324f7d7c499
00000325054b58d9
000003250bc71599
000003251159d2d9
00000325371f6359
000003259d33d399
00000325a10b7979
00000325a1506139
00000325c2829cd9
00000325ebe08339
00000325f2769839
00000326025764d9
000003260d772a79
00000326122f50d9
00000326234dcd59
000003265457bcb9
0000032655447299
000003265604f2f9
0000032658308039
000003265f934959
0000032680e808f9
000003268d9816f9
00000326a0308079
00000326a249cad9
00000326ab8eb079
00000326b6f327b9
00000326cf9aa799
00000326f9b584b9
0000032704c3ac79
000003273ad40139
00000327521b76b9
0000032768670f39
000003276f146dd9
0000032770eeb699
000003277889c119
0000032786edb9b9
00000327c50d7779
00000327e5e53999
00000327f61ab279
0000032800a8cc79
0000032818ae1839
000003282bd6edf9
00000328346533f9
000003284951b9d9
0000065099c40161
00000000013be171
0000000000000181
00000328509633b9
0000032856df9419
0000032857aee779
000003285c9a45f9
000003287714d719
00000328889138d9
000003289d373659
00000328a263b9d9
00000328abba0f79
00000328b64647d9
00000328f604b559
00000329057781f9
0000032955375559
0000032955376af9
000003296b028d99
000003299771e839
000003299771f899
00000329af7de359
00000329b30c6df9
00000329c20ff519
00000329d6d7c499
00000329dd1e1ab9
00000329e2acfc79
00000329eaeb3259
00000329ed5a2b19
00000329f1cde1b9
00000329f8ca6f99
00000329f9fd3f39
00000329fd9356b9
0000032a04713199
0000032a11ad91f9
0000032a25d8e499
0000032a66436cf9
0000032a7b33b5d9
0000032a7c77bf59
0000032a8f6fcdf9
0000032a9e4a3e59
0000032aaaef1499
0000032aaf090e19
0000032ac8eef4b9
0000032acd301f59
0000032ae1d569b9
0000032ae1fa7959
0000032aed8b23f9
0000032af3b9dbd9
0000032af547b839
0000032b02179d59
0000032b09d40079
0000032b0b113c79
0000032b18902df9
0000032b35cd6a59
0000032b35dd5d79
0000032b3a093399
0000032b99a38439
0000032baa8d5d19
0000032bce2c9599
0000032bd2402459
0000032be9f556f9
0000032bf2215799
0000032c03c75239
0000032c0f846d79
0000032c15c4e039
0000032c1a97c439
0000032c26679bb9
0000032c49d76359
0000032c5dda5d19
0000032c6f415759
0000032c6f41c459
0000032c88177a79
0000032cd19825f9
0000032cd54e1f39
0000032cf243ec99
0000032cf6e94e19
0000032cfa76f739
0000032d0db56a99
0000032d11926699
0000032d1625d279
0000032d230589d9
0000032d40c80899
0000032d40c83e99
0000032d4ecbd059
0000032d6dfdbdd9
0000032d7ae30c99
0000032d97709579
0000032dc495bd99
0000032dd8f57ef9
0000032dea0d7899
0000032df372ced9
0000032df46bdf19
0000032e0ae03e99
0000032e3729ff19
0000032e5118bab9
0000032e6c03d119
0000032e90d03a39
0000032eb3c24e99
0000032ebffe3499
0000032ec5ef4219
0000032ece43d0d9
0000032ee5c50a19
0000032efd94a979
0000032f1b8613f9
0000032f224a18f9
0000032f52472e59
0000032f5d765e59
0000032f843a3c39
0000032f997a2ad9
0000032f9eb35219
0000032fcbb88d39
000003300912bf79
000003300d85fa79
0000033014595839
0000033032f55879
000003304fd77e99
0000033076d4a5b9
000003309d589739
00000330a11bbfb9
00000330a2d14119
00000330a3e79af9
00000330c652f8d9
00000330d98046b9
00000330f9bd2b59
0000033101081999
000003310de432d9
00000331174c1b59
000003312323c199
000003313376d979
0000033144c64c79
000003317f231079
000003318ebf0d99
00000331984b93f9
000006633a2ebd61
00000000013be171
0000000000000181
00000331b52e8199
00000331ea8ed559
000003320d7a3cd9
0000033212d625d9
000003321fce1059
00000332278c9b79
000003323e73b3f9
0000033242002079
0000033264020cd9
00000332788e0119
000003328ad18519
000003328b1510d9
0000033299837d59
00000332a0e6cab9
00000332c9fb72d9
00000332d7b49239
00000332dd346ef9
000003332784adf9
0000033369451739
00000333a2b1ebb9
00000333bd0ae1d9
00000333cb2d8659
00000333cb2d9ab9
00000333e3b9bdf9
00000333f2a6d699
00000333f43cc919
00000333f610ba59
000003340739e579
000003340e2835f9
00000334149a4af9
000003343ce82919
000003344a902df9
000003345d17ab59
0000033463fe1639
00000334843447b9
00000334938e0739
00000334a4c8e8d9
00000334b839b4f9
00000334c4e40e99
00000334e9e7b479
00000334ff0fdcd9
000003350c939e39
00000335277280b9
00000335277dd739
00000335334e9a99
00000335477302d9
000003356b654cb9
0000033582d68d99
000003359ea89199
00000335a3a0af19
00000335a8a4ef39
00000335b0368679
00000335d9d409b9
000003361a325a19
0000033620212379
0000033633279979
0000033638041179
0000033638045239
000003363b864899
00000336483f39d9
000003367d3ad519
000003368678a979
0000033693d88279
00000336aaa23039
00000336b19ad299
00000336b45a3d79
00000336c22f9eb9
00000336e78d2ab9
00000336efc61d99
00000336f5b1d1b9
00000336fc6fb499
000003370f275e39
0000033734595b19
000003373e89a859
000003374279d359
0000033751bff459
0000033779f3f3b9
00000337849f2619
00000337958d7bb9
00000337c20d8999
00000337c7aae6f9
00000337dbcd4779
00000337ebb16659
00000337f68f6599
00000338052fddd9
000003383a590a39
000003383fad4179
00000338429d18d9
00000338475a7579
0000033857dfbe39
00000338947ec699
000003389581f299
000003389d261c39
00000338a0d50bb9
00000338a6e60bb9
00000338c1ac95d9
00000338ca72d159
00000338d50bf019
00000338f98f5e39
0000033905b7e679
0000033907dc3559
000003390fbf3a99
00000339242409d9
00000339380719f9
0000033943040119
0000033945e09959
000003394ca6a639
000003394ca6b679
000003395287fa59
0000033990e34a19
000003399f274459
00000339a5a4cc59
00000339ae3c8b59
00000339b4e1d999
00000339bf731ed9
00000339c8d2b8f9
00000339ce81ac99
00000339e5eef679
00000339f34d4a19
0000033a0282f339
0000033a07ed2cf9
0000033a21f5bad9
0000033a56a64a19
0000033a6818b8b9
0000033aae9afc39
0000033ad0eccdb9
0000033ad8fa3599
0000033ad8fa45f9
0000033aebbbbe19
00000675da997861
00000000013be171
0000000000000181
0000033afd483d59
0000033b06c6bdf9
0000033b09b47cf9
0000033b2194bbd9
0000033b601bf9d9
0000033b6900f0d9
0000033b7e358bf9
0000033bc3983ff9
0000033bcfd54279
0000033be4e632d9
0000033c0d8300f9
0000033c127edcf9
0000033c392a0e19
0000033c3c60cd99
0000033c50299699
0000033c7071d659
0000033c8fdceed9
0000033c92f82319
0000033c9faae259
0000033ca9925659
0000033cafbe2399
0000033cbea4d899
0000033cc23aa8d9
0000033cc4526c19
0000033cc45713f9
0000033d14c53359
0000033d20608159
0000033d4fba7e79
0000033d5202e139
0000033d59ac4939
0000033d5b4fb739
0000033d77a2dc19
0000033d8ed54119
0000033d90bd6e39
0000033db6dcf859
0000033dc8aec639
0000033dce69ad79
0000033dd1549799
0000033dd60d1419
0000033de487edb9
0000033e0ac66619
0000033e1a78e479
0000033e289a73f9
0000033e3d2931f9
0000033e40bd97b9
0000033e4f4f4b19
0000033e57cac6f9
0000033e6e3c5d99
0000033e7a94f359
0000033e920340d9
0000033ea03672f9
0000033eb23df659
0000033ed7d1a419
0000033ee20cd4f9
0000033ee3e6e0f9
0000033eeded5519
0000033eeded55b9
0000033ef6754c19
0000033ef807d059
0000033f0bdb5d19
0000033f173a5f79
0000033f3390fad9
0000033f41eda899
0000033f53078599
0000033f67a3bdd9
0000033f6ac5ded9
0000033f70b0ccd9
0000033fc8d3f679
0000033fe67113d9
0000034049712f79
000003404bfecf99
000003406a7ae3b9
000003407ce5e999
0000034085bdacd9
000003408e79ebf9
00000340a1c25999
00000340a4a4d299
00000340bd1bdb19
00000340d917e419
00000340f36324b9
000003410d15ffd9
00000341209de9d9
0000034149cf4259
000003414a595719
000003414e5c2a59
000003416b541099
000003417c0d99d9
0000034187f9d839
0000034197caefb9
00000341ab0fe399
00000341ad883779
00000341d354c819
00000341e37accb9
00000341e37b0f79
00000341e59a51d9
00000341eed81f19
00000341f74d6439
0000034238ca5ad9
0000034241c90a99
000003424b4db0b9
0000034259e5a0d9
0000034271e0b399
000003427ed1b8f9
000003428911b439
000003429a2b9519
000003429a5af379
00000342a287f419
00000342a7397cf9
00000342cb13cf19
00000342d96c2899
00000342fdc798d9
00000342fdce6db9
000003430a7b3c99
0000034313e09279
000003432cfe4799
0000034345756c59
00000343562a6b79
0000034359130919
000003435a91e6d9
00000343905ac799
00000343b52e3039
00000343d2a01879
00000343e343ab19
00000343f6c16339
00000343f7fecb99
00000343fc3a4a79
00000344387db219
000006887b043461
00000000013be171
0000000000000181
0000034461442059
000003448b1c2bf9
000003449cce7679
00000344c016a0f9
00000344d33504b9
00000344d4207dd9
00000344da9b1679
000003450fd7dbb9
0000034510061839
000003454da31e59
0000034561e73539
000003456a71e039
0000034579a721b9
0000034595785c19
00000345957880f9
000003459de99779
00000345a78f8939
00000345ec24ca19
000003460d76b2d9
0000034616a3da99
0000034624685cd9
0000034634df8339
00000346427b6679
0000034666841e19
0000034674193e19
0000034686c07319
00000346b1e04259
00000346bd0f97f9
00000346c39ef0b9
00000346cb448659
00000346cd62a759
00000346d67a4b99
00000346da4f5739
00000346e1a16bb9
000003470c0e7379
0000034724866199
000003472656ed59
000003472e23c599
000003472ef921d9
0000034737fc6e59
0000034752db6219
0000034759e7aa99
00000347b3497959
00000347bad19d79
00000347baff48d9
00000347cf0cdbf9
00000347db0d8ef9
000003481e88f639
0000034822c42679
0000034826248619
000003482d3b7d19
000003484982c3f9
0000034853c42779
000003486f2b4c19
0000034871f1c139
0000034871f217d9
000003487c4551b9
000003488b1bc799
00000348b0031779
00000348b0032939
00000348cadb70f9
00000348d61bba59
00000348d6663f99
0000034934513ed9
000003494ce4ba59
0000034961246f99
000003496270e199
00000349a3612239
00000349a6379b99
00000349afd91a39
00000349d6682af9
00000349d88d6259
00000349e5c9c8b9
0000034a24401c39
0000034a24402f79
0000034a390217f9
0000034a5cd4fd79
0000034a6cb923f9
0000034a81c8fa79
0000034a86c26db9
0000034a889038f9
0000034aa27d6919
0000034aafbc70f9
0000034ac52807d9
0000034acf8e4359
0000034ae4f18b79
0000034ae9c97b79
0000034b498bef19
0000034ba328ed79
0000034bba3ae519
0000034bc0accf19
0000034bdba3c339
0000034be5157659
0000034be9f82bb9
0000034c008df959
0000034c18672a39
0000034c349a45f9
0000034c3899ce19
0000034c39ef7959
0000034ca0aacc59
0000034cc3f6fa19
0000034cd393d6f9
0000034cddd9a319
0000034d046c4579
0000034d2eb89079
0000034d3a6e5cd9
0000034d5ce76419
0000034d67123459
0000034d8cddf379
0000069b1b6ef061
00000000013be171
0000000000000181
0000034db49781b9
0000034dbf3ffa79
0000034dd1bdf039
0000034dd1be0039
0000034df0bfb219
0000034e345cc259
0000034e41d28eb9
0000034e512d4919
0000034ea9fa6619
0000034eac6450f9
0000034eba90a459
0000034ed18322d9
0000034ed3c0c2f9
0000034f1641e539
0000034f322aec59
0000034f506a4179
0000034f50b9dd79
0000034f69cf3b99
0000034fb61b7479
0000034fbfa23b99
0000034fce1c6499
0000034ff39777d9
0000034ff8a4cf99
0000035007702699
000003500840af59
000003500a94d459
0000035027996fb9
0000035029d86419
000003505b565a19
0000035065f8ab19
0000035066ea9119
00000350735c3099
000003508bc5caf9
00000350b7b68d59
00000350b7b69679
00000350c6fe34b9
00000350c93d5299
00000350e5ac4759
00000350f4784739
000003510e4912d9
00000351117e0bd9
00000351209a5cd9
000003517f7c9ab9
0000035181f930d9
000003518e1dbcd9
000003519ddf8899
00000351a8c24879
00000351f00492b9
00000352513e39d9
00000352527b5e99
00000352547ca319
0000035265c1ae19
00000352a9c7fe79
00000352c4075119
00000352c9dffad9
00000352e9475219
00000352eb1c7299
00000352f725b0d9
00000352f859ec19
00000353132b9c79
0000035318ad1419
00000353284625d9
0000035339c6dad9
000003533fc821f9
0000035348e219b9
0000035349322019
000003535f879eb9
000003536ac93859
0000035373f00179
000003537faef239
0000035394821d19
00000353b3ad4f79
00000353c80bbff9
00000353d6026519
00000353df185199
0000035415ce5919
000003541f4b1459
0000035445dbe719
0000035449818e19
000003544ab0f399
000003544eb7b9f9
00000354503ccdf9
0000035498e77459
00000354c80d63f9
00000354d0a18559
00000354f3818999
00000354f7754e39
000003550363d299
0000035507d5c599
000003551df381f9
0000035528452659
0000035539296899
0000035543ee94d9
000003554a46cf39
000003554fec0cf9
0000035564e2f279
000003557de94999
00000355853553d9
00000355a0c39ed9
00000355a29640b9
00000355aff34e79
00000355b88c4eb9
00000355ce4d65d9
00000355eb4213f9
00000355edd54d99
00000355f6d761f9
000003560f417ad9
0000035610e517f9
0000035623c5df19
0000035645b32eb9
0000035645b33839
000003564d9a7399
000003565f8732f9
0000035671982a39
00000356909d4259
000003569b660159
00000356ac9e6c99
00000356c1e41dd9
00000356cb8f2399
000006adbbd9ac61
00000000013be171
0000000000000181
00000356e54f5d19
00000356e610fb59
00000356eb046d39
00000356f7d29639
00000356fa65c139
00000356fad1edf9
00000356fd3daa39
000003572a557959
00000357342aa959
00000357365d24b9
00000357374cdc79
00000357406e9ef9
000003577f67b039
000003579887bdb9
00000357a6991fd9
00000357ab9fcc79
00000357ab9fd659
00000357c8aed2b9
000003581460f0b9
0000035825746819
000003582fd88fd9
0000035832e62df9
000003583a5af699
0000035841535ff9
000003584af42919
00000358891fb359
00000358902b4f19
00000358aa606719
00000358e0c83c39
00000358f7767f79
0000035910725419
000003592a309bb9
000003592a868899
000003592bc8fbd9
0000035949792059
000003595971eab9
000003595a5ecff9
000003595a766f59
000003595c1fabf9
000003596b3319b9
000003596cc9f499
0000035979b1da39
000003597bcd8679
000003597ddad199
000003597de71ef9
000003598ce1b439
0000035997520619
0000035997b77f59
00000359a058d959
00000359a2e44959
00000359b1ec68b9
00000359b708bff9
00000359bd29a8d9
00000359f3e1a379
00000359f8b3ecf9
0000035a0b05dd99
0000035a468e0879
0000035a73628c99
0000035a76ab50f9
0000035ae6e4c3d9
0000035af7140bb9
0000035afe1850f9
0000035b146dcf39
0000035b1ed4b1d9
0000035b36148819
0000035b4cf33259
0000035b52560e19
0000035b8a3aee39
0000035b9e828ab9
0000035bd3630e39
0000035c2177d619
0000035c33f8ab99
0000035c4b63b9b9
0000035c79b63819
0000035c7b3dc619
0000035ca5d3ad59
0000035ca87e9bd9
0000035ca87eeff9
0000035caed952b9
0000035caed95bd9
0000035cb21668f9
0000035cbef0a459
0000035ccfa74fd9
0000035cf237de59
0000035cf683a359
0000035d0c95dd59
0000035d4011bed9
0000035d4ecb2a39
0000035d54fdd959
0000035d596e3bd9
0000035d600b5fd9
0000035d8dbdb019
0000035daf1f3659
0000035dd8d7cdb9
0000035df8734db9
0000035e041375d9
0000035e168c4779
0000035e2aac3499
0000035e2acf4119
0000035e3d4fea39
0000035e416d69f9
0000035e44e8aeb9
0000035e73ac43d9
0000035e73ac5939
0000035e73ac60b9
0000035e8c1174d9
0000035e99713459
0000035ebf458279
0000035ed4b48fd9
0000035eecff59b9
0000035ef9a37939
0000035f1bc7de99
0000035faf313839
0000035fb125d019
0000035fb9bc6179
0000035fbcc1f579
0000035ffd36e5f9
0000035ffe45b359
00000360200c9039
0000036029fc1c99
000006c05c446761
00000000013be171
0000000000000181
0000036039b05279
000003604cecbb99
0000036055822d99
00000360653d3e59
0000036069c4cfd9
00000360b0928639
00000360e235bfb9
00000360e970fdb9
00000360ed37dfd9
00000360f3d42f39
00000360f5a1a039
0000036104659219
000003611c7f8599
00000361278ff9d9
0000036142ab0e79
00000361484ea679
000003614b845a19
000003615d416419
00000361b7f9f659
00000361bc473cb9
00000361d51bf039
00000361e28b80f9
00000361eb833f19
00000362010b3d99
00000362091c29f9
00000362101d9319
00000362101da2b9
0000036218be7339
000003623964d879
000003624a32f899
000003624b69a2d9
000003624b69dc59
000003624c62b299
0000036256f6b399
000003626b1bc739
000003628f0df5d9
00000362942e8f59
00000362afa04f99
00000362c31427d9
00000362cfaee1b9
00000362fb0d2639
000003630e753b19
000003631f16f4d9
000003634b5cb1f9
000003634d6b4c79
00000363591a73f9
000003635f7fcd79
000003636edb1839
00000363862f5339
00000363a753ca99
00000363c055ab99
00000363cb68ce59
00000363d0a913d9
00000363e3834239
00000363e3838b19
00000363e631eaf9
00000363ede98679
000003641993be79
0000036420967eb9
0000036422ef9ed9
000003648da992d9
000003649c7fe1d9
00000364a9090639
00000364b13f31b9
00000364b4b2cc99
00000364b7d97ab9
000003650485e319
0000036515fdadb9
0000036519993cf9
000003652d5295f9
000003654a14e059
000003655a8a13b9
0000036599660539
0000036599662eb9
00000365a207fb39
00000365abae0c19
00000365b2447339
00000365c319b179
00000365ce7e1859
00000365d09f3819
00000365da2c71b9
00000365dc4319d9
00000365eb237e39
00000365ecfd5fb9
00000365f74c58f9
00000365fbfcb2d9
000003661af36df9
0000036635a7a199
000003663ce7be39
000003664c125f59
0000036665586bb9
0000036693c86659
000003669836e559
0000036699684119
0000036699684a99
00000366b5b64279
00000366d9e18459
00000366f7713eb9
000003670412c439
00000367278bb699
000003672ba5e079
00000367636e3519
0000036775cce539
0000036777e7a8d9
0000036777e7aa39
0000036783dafd39
0000036783db0799
0000036791bf9139
00000367a41c2f79
00000367a61b1519
00000367cf9fb519
00000367d2826339
00000367f7c8dcd9
00000367fd3c5499
0000036806a3a399
000003682e828bf9
0000036838cd5499
000003683c238e59
000003683dae7339
00000368421e6639
0000036843dd7899
0000036856277319
0000036856a54c79
0000036856a54e79
0000036856a560b9
000003685c4da559
000003685c4db599
000003685ddf69f9
000003686ccead99
0000036874df6419
0000036881b52819
00000368858f3a19
00000368919e4119
00000368b3f19279
00000368c6785839
00000368cdfc1839
00000368cdfc3059
00000368d4b1d7b9
00000368df91e3f9
00000368e29acdb9
000003693efff2f9
0000036966cebbf9
000006d2fcaf2361
00000000013be171
0000000000000181
000003697ea99099
00000369919b2939
0000036999a981d9
00000369d1437939
00000369eac62579
00000369eb5fce19
00000369eb8b5579
0000036a04b11bb9
0000036a37ee4779
0000036a3ddc3299
0000036a47d28419
0000036a9b92b6d9
0000036a9c62ae39
0000036aa9ca28b9
0000036aad22ce39
0000036b1b2a2819
0000036b1b3ac4b9
0000036b1e404c59
0000036b58f5b599
0000036b7800a3d9
0000036b7e04e979
0000036b9d8e30d9
0000036bb3340f39
0000036bcb1431d9
0000036c0763aed9
0000036c159c0f59
0000036c2179e839
0000036c24f5ec19
0000036c7c3a2119
0000036c993ef639
0000036c9ca53819
0000036cad10d679
0000036cbc420759
0000036cbc4216d9
0000036cf2dccc19
0000036d0fd56779
0000036d168dd319
0000036d2ff9e5b9
0000036d494a8f59
0000036d506b9279
0000036d8a633c99
0000036d9fe650d9
0000036dc743d079
0000036dc7b06479
0000036dd58216f9
0000036df4a9c5d9
0000036e080a4799
0000036e12c9cd99
0000036e223a3c39
0000036e30c306f9
0000036e3d30f939
0000036e4f8780d9
0000036e8d774999
0000036e97f6d299
0000036e9b0c4299
0000036eab7e0119
0000036eb4beba79
0000036ec772f379
0000036ed28a83f9
0000036edaef9ed9
0000036eea465ed9
0000036f1cad9a39
0000036f32aea059
0000036f43951f19
0000036f6626ab19
0000036f682bff79
0000036f6e315499
0000036f6e4c8499
0000036f6e4c9519
0000036f7d07a219
0000036f80d22539
0000036f8dc9b619
0000036f917f48d9
0000036f9a82d7b9
0000036fa188b6b9
0000036fa5f5bc19
0000036fc522c479
0000036fd758e679
0000036fe092b2d9
0000036fe3425399
0000036fef1e2d19
0000037010c7e3d9
000003701c7a2399
00000370266f92d9
00000370306749f9
0000037030675c99
000003704a187f59
00000370708c9239
00000370809f3f59
00000370ae96ffb9
00000370be244199
00000370be244a99
00000370eb02f199
0000037129abd1d9
00000371400cf5b9
0000037175912f99
000003719d4f1959
00000371c3378dd9
00000371fe624659
0000037209f5b6d9
0000037222537219
0000037227cacfb9
0000037245766f39
000003725f38beb9
0000037265030e19
00000372737373b9
0000037285e69939
0000037286f25659
0000037298341cd9
0000037298342ef9
000003729fe83119
00000372a54218d9
00000372c789a9d9
000006e59d19df61
00000000013be171
0000000000000181
00000372eccac819
0000037342d72d79
0000037342da6e79
00000373490df699
0000037352c2f339
000003736c0105b9
0000037383c8bb59
00000373b9ce50f9
00000373b9ce59b9
00000373cb1be599
00000373dcd48859
00000373fec1f739
000003740587f9f9
0000037485a03579
00000374879c1ab9
00000374887dd3b9
00000374915ba459
0000037493b98779
00000374a0b64039
00000374aa2bbdf9
00000374c63b02f9
00000374d3f5f999
00000374f1937559
0000037540847fb9
000003754671be39
00000375474d1599
00000375849323b9
00000375a6f45e59
00000375a9b4a959
00000375c31b43b9
00000375c3821e39
00000375d3929459
00000375e90385b9
00000376262dc359
0000037632e61e99
00000376418a45f9
000003764a4c0239
000003764e924d19
00000376609d67b9
00000376bcf15cd9
00000376c49a4af9
00000376d9102259
00000376db532bf9
000003771322da59
000003773d08b899
00000377447b42b9
0000037749cbcc59
00000377540bd379
000003775576c539
000003777e333fb9
0000037793719419
0000037793b719d9
00000377d6da21d9
00000377eaca2499
000003781024c7b9
0000037815ac8839
0000037825eb6259
000003785585c139
000003786198a5b9
000003786198c139
000003786350c139
0000037871e8bcd9
00000378a0e82ef9
00000378adf17439
00000378c7329059
00000378c9981379
00000378dd678a79
00000378ef10d539
00000378f3e348d9
0000037933b7e9f9
00000379364ff3f9
000003793d1e04d9
0000037944052df9
0000037948212539
0000037967355259
0000037973c87b99
0000037981c11239
00000379911e7ab9
00000379a9278119
00000379b29123d9
00000379bfbdf7f9
00000379c0f50b79
0000037a0d3501d9
0000037a2570dff9
0000037a2fded239
0000037a525530d9
0000037a5eca1419
0000037a6a1fbdd9
0000037a776cdc39
0000037a7f784659
0000037a8908d0d9
0000037aa58a9119
0000037aa7d48ed9
0000037aac0a95d9
0000037b20d43699
0000037b5360c3b9
0000037b6bdcb8d9
0000037b9af2f259
0000037b9e4bbe99
0000037ba1c54939
0000037ba9cb8f79
0000037badd3ae79
0000037bb261fc59
0000037bbcba0ef9
0000037bcd92c619
0000037bf06aa839
0000037bf79f24f9
0000037bf79f2d79
0000037c0759d4d9
000006f83d849b61
00000000013be171
0000000000000181
0000037c37568e59
0000037c4bfbe619
0000037c56bd4659
0000037c79009239
0000037c9b25f999
0000037ca2a9ec19
0000037cd3c04539
0000037ce9e64219
0000037cf1b50ad9
0000037cf8020499
0000037d148490f9
0000037d152325f9
0000037d1a7385b9
0000037d1eee4159
0000037d1f93a0b9
0000037d357c7ad9
0000037d6bbf40d9
0000037daf1b79f9
0000037dbf45eaf9
0000037dc07b7999
0000037de9b2ef79
0000037df8ed17d9
0000037dfa012af9
0000037e32031419
0000037e423cc419
0000037e4bbba479
0000037e61769079
0000037e768488d9
0000037e7dd09f59
0000037e873d96d9
0000037e91f0b619
0000037e9e3263d9
0000037edf2497f9
0000037f1fa62bb9
0000037f2ef124f9
0000037f61a38c59
0000037f75987099
0000037f94276639
0000037fa24a2079
0000037fdac822b9
0000037fe04f5eb9
0000037fe99b3a39
000003802fcdcf79
00000380399a9099
000003803c906cb9
0000038040f97ff9
000003805396f9b9
000003805f6e5cd9
000003806bc70df9
000003808452b579
0000038093deaa59
00000380ad9edc19
00000380d8b14bb9
00000380e2a9abd9
00000380fb005699
0000038135ba9219
000003813c44c299
0000038187b80b79
00000381a82beeb9
00000381b9f328f9
00000381c0665979
00000381ceba2ef9
00000381ebb95559
00000381f42869f9
000003821d819879
000003822009ea99
0000038233c4b979
000003824dd59d79
0000038252b40cf9
000003825a26e5f9
00000382da75a019
00000382e5bfe079
0000038308bbb439
0000038328def779
0000038347538b59
0000038348897359
0000038354768599
00000383834bdab9
000003838cf2b0d9
00000383920e88d9
00000383fdf14ad9
0000038406047459
0000038419eb2099
000003841fcaaff9
0000038422fe5dd9
0000038422fe6e59
0000038422fe75b9
00000384410e54b9
0000038455475a59
0000038470a07619
0000038487f5a679
00000384bbb5b3b9
00000384d6d97419
00000384e1b08a39
00000384ed7705d9
00000385292d1619
000003853c33c599
000003853cb6d5d9
00000385526014f9
0000038564298f19
0000070addef5761
00000000013be171
0000000000000181
000003857b180179
0000038589449eb9
00000385b5641d59
00000385bfc1d279
00000385ce2ced19
00000385ce2cedd9
00000385cf8b6ed9
00000385e72af419
0000038606ad6499
000003862dce3979
0000038667d40d79
00000386764532d9
0000038681589879
00000386c4c93179
00000386ca2336d9
00000386d955d819
00000386deac5c19
000003871b2e7719
000003871e16bb19
000003871e5df7b9
000003872c57c519
000003873682d2d9
000003874685de99
00000387528dc7d9
000003875d9e7ad9
0000038781b2c6f9
00000387caff4b39
00000387d28e8179
00000387dd2aa2b9
00000387e134abf9
00000387e780cf39
00000387f631b299
00000387f8e14f59
00000387fc0915d9
000003880400fab9
000003880ae90659
00000388273a4c79
000003882cb33919
0000038878467019
000003887b2e84d9
000003889bceec59
00000388a7b750f9
00000388ac8d4d79
00000388c0cce5b9
00000388c185f019
00000388c8802399
00000388d6cb0b59
000003890436afb9
0000038906f82c79
00000389101cff99
000003893023ff59
0000038937b84d39
00000389395c2139
0000038959707b59
00000389772d1519
000003897c4b7ab9
0000038985918bd9
000003898591e499
000003898a0414b9
0000038997d88a59
000003899dab6099
00000389cec78299
00000389d6368b39
00000389daebf1f9
00000389e22720f9
00000389effeb0d9
0000038a0b619079
0000038a0f01ff39
0000038a1bbc6a99
0000038a2cb385f9
0000038a47cda939
0000038a4865a559
0000038a53560179
0000038a59b52539
0000038a5b85e019
0000038a652fca39
0000038a7d0c8bb9
0000038a8f33b0b9
0000038aa494d039
0000038ab1304cf9
0000038acc458e99
0000038ad5d4f079
0000038ad989d8f9
0000038aed1a7e39
0000038aff9a4ed9
0000038b393eda99
0000038b3e81a259
0000038b42e05799
0000038b4302ce79
0000038b538f1379
0000038b6b566f59
0000038b9243e899
0000038bbb489f79
0000038bc1c70d19
0000038bf629f199
0000038bf68f9039
0000038c08e1f7d9
0000038c0bdb4899
0000038c1307c579
0000038c32ddbe79
0000038c3a1d7c59
0000038c5292f899
0000038c5eaa14f9
0000038c80c2da79
0000038ca5d37739
0000038cbaa897d9
0000038cc4a4c5b9
0000038ccbf9d439
0000038cd0a3fbb9
0000038cd0aee919
0000038cfc9e21b9
0000038cff99e179
0000038d030ae859
0000038d0544c839
0000038d17b1b879
0000038d220ac199
0000038d40628a79
0000038d48206359
0000038d49de6359
0000038d4bd6de59
0000038d4e072359
0000038d5095a8f9
0000038d557df619
0000038dbc9e3419
0000038dcf08a439
0000038dd5441bb9
0000038df292ad79
0000038e33c94159
0000038e33c94a59
0000038e33c95a39
0000038e45a58039
0000038e6fcf0159
0000038e7f806af9
0000038e80003c19
0000038e96a6fd19
0000038eb5a51299
0000071d7e5a1261
00000000013be171
0000000000000181
0000038ed11f8e79
0000038ef35dc939
0000038ef5fcd579
0000038f0a60b019
0000038f3af2b7b9
0000038f4fc6c819
0000038f5ceaee19
0000038f97b9f539
0000038fea96a799
000003900addc819
000003900d2982f9
0000039012b8b399
0000039051cea979
0000039063ee5719
000003907078ddb9
0000039072e6b659
0000039084c68439
00000390974e4199
00000390a5d57659
00000390a60903d9
00000390cff84a79
00000391233f0e99
0000039130240939
0000039130f1edd9
0000039134e572d9
0000039172de6d39
000003918e9f92d9
00000391afd8ced9
00000391c2888519
00000391ffc65779
0000039209bd3739
000003921f35f919
00000392212e6959
00000392257631d9
0000039233ee1a19
000003923cd387b9
00000392479ba4f9
000003925548b279
0000039281d44ff9
000003928786d059
00000392a0b0abf9
00000392a1062f19
00000392a18aff19
00000392a97f9399
000003930e184bb9
000003932897a319
000003933b7dce39
000003933d822c19
000003933e182479
00000393ced1dd59
00000393d74973b9
00000393e43beab9
00000393e699bc19
00000394016db899
0000039408e21999
000003941677f5f9
0000039435501e59
000003944bdf2eb9
000003945a4f2ef9
000003948e0ae0f9
00000394a862e9d9
00000394a89a43d9
00000394c8bcef99
000003951dfe0759
0000039566412fd9
0000039566b01c39
00000395743f98f9
0000039576253c39
000003957d6632b9
000003958d0a1799
00000395a259e019
00000395c317d7f9
00000395e48e7339
000003961035c619
000003963a95d099
0000039642a045b9
0000039663cebf39
0000039675419639
000003967e96cb19
00000396a6c82199
00000396af4861d9
00000396b4a92d39
00000396cfadc839
00000396d5088899
00000396dc8788f9
00000396ef272719
000003970932cab9
00000397181087b9
0000039740bbfc79
000003974705eef9
000003978b015a99
00000397909c60d9
00000397a77f8059
00000397b07434b9
00000397b8dc9299
00000397c0b3a2b9
00000397d1bc1b39
00000397d5fc16d9
00000397f32c88d9
00000397f6d98f99
00000398022af479
00000398094bf4d9
000003980a565779
000007301ec4ce61
00000000013be171
0000000000000181
000003983c467159
000003983c4671f9
000003984b15cbf9
00000398587b5219
000003985a8819d9
00000398672ace79
000003986e0b5099
0000039875188739
000003987a47c779
000003987a47db39
00000398adc7b9f9
00000398af9124b9
00000398b178d519
00000398c3518699
00000398cf49bef9
00000398e669dfb9
00000398f3b433b9
000003994e38ff39
0000039957202959
000003995bee12b9
0000039967cca699
00000399784b5cd9
000003997a4ee639
000003998f91c8d9
0000039992e0a3d9
00000399aa9ad219
00000399d06e9279
00000399e4eb7999
00000399f6391b99
00000399ff699dd9
0000039a140c4bb9
0000039a1b29fe39
0000039a1fe60eb9
0000039a32174679
0000039a43fe2f39
0000039a547ee099
0000039a569be139
0000039a6fa1d019
0000039a70e2d3d9
0000039aba377359
0000039abbe03919
0000039abc8e01f9
0000039af6627899
0000039b02119fd9
0000039b03bd4299
0000039b18a653f9
0000039b61438419
0000039b7532fa99
0000039b8150f979
0000039b909316b9
0000039ba2904ad9
0000039ba8b14e39
0000039be4c270b9
0000039be8e8f539
0000039be8e91699
0000039bf09e81f9
0000039bf4ed5e79
0000039bf93bfcd9
0000039c1dfbebb9
0000039c35f87139
0000039c3c384d39
0000039c41ddb799
0000039c4a681919
0000039c66f76c59
0000039c688e9359
0000039c6ec319f9
0000039c7fe68a39
0000039c84f7e7d9
0000039c94241b79
0000039c9b5ec339
0000039c9ca89c19
0000039ccbcc99f9
0000039ccd1da7f9
0000039cdd5ab979
0000039cecf54bb9
0000039ced181199
0000039d23be5139
0000039d3a97e999
0000039d7c96d719
0000039d8aecea19
0000039d918edaf9
0000039d97fe3d39
0000039dbacf42d9
0000039dd2d30bd9
0000039df082da39
0000039e0dcf66d9
0000039e16dc8799
0000039e35153e19
0000039e8dab8c99
0000039e97083139
0000039ebcacfa19
0000039ec851d019
0000039eeedd9d39
0000039f06f8e259
0000039f0f4e54b9
0000039f2dd8d0d9
0000039f39e19299
0000039f42f9b559
0000039f481a1899
0000039f5bf336d9
0000039f7101e339
0000039f8012ef39
0000039f90e44339
0000039f92880159
0000039fa8c2b359
0000039fc1689819
0000039fcdfc3a39
0000039febe71899
000003a01f078219
000003a020219319
000003a02c654eb9
000003a03ab1f079
000003a05bb19cd9
000003a05dfc0959
000003a089e4bbf9
000003a089e4cef9
000003a089e4e439
000003a098ca6f39
000003a0aae03d19
000003a0d083ab59
000003a0e55c25d9
000003a1037f1379
000003a12c18d079
000003a148754359
000003a14f1bf319
00000742bf2f8a61
00000000013be171
0000000000000181
000003a17c4e09b9
000003a1a7460df9
000003a1aa6d1399
000003a1c7e4bf19
000003a1ca735979
000003a1d0de9239
000003a1d1c52779
000003a1eba58399
000003a2121b1f19
000003a25668e2d9
000003a2699b73f9
000003a274fcdb99
000003a276d241d9
000003a282de3c59
000003a286a8a459
000003a2892f3159
000003a2c3768479
000003a2ce13fc79
000003a2e4b79ad9
000003a31a3e99f9
000003a32898c239
000003a3a26b8b79
000003a3a396a759
000003a3a3a28f79
000003a3a828a0b9
000003a3bb92b119
000003a3d5415c79
000003a40ff02df9
000003a433d9b5b9
000003a435119d99
000003a4397ef639
000003a4458c9c79
000003a45c303239
000003a465363f59
000003a483394bf9
000003a497810ef9
000003a49cdd4199
000003a4ac3e2599
000003a4b3e1d9b9
000003a4f292a159
000003a4f292a859
000003a4f89cd9d9
000003a4fb14b759
000003a52899b999
000003a57c589819
000003a57f84d7d9
000003a5da2eccb9
000003a5e0cd3219
000003a5e3b98839
000003a5e7225599
000003a5f3d166b9
000003a63e1b9479
000003a656db0f79
000003a670525b59
000003a68bf5d479
000003a6afd59a59
000003a6afd5b359
000003a6bcec1319
000003a6e4b50dd9
000003a6e59bbd99
000003a6ead283f9
000003a7000abe59
000003a72aca5cd9
000003a7389c1bd9
000003a74218e679
000003a790d1b7d9
000003a790d1c1b9
000003a7b63a9979
000003a7d8b3cf59
000003a7f1437c39
000003a7f63c52d9
000003a7f81b22b9
000003a800814339
000003a804587bf9
000003a85255e8f9
000003a85d58c699
000003a8660efa79
000003a892539b39
000003a892697c59
000003a8a2d44d39
000003a8a6424279
000003a8b060bef9
000003a8b5deddd9
000003a8c94f4179
000003a8ee6b73b9
000003a903df7bd9
000003a9146f90f9
000003a9219e1f59
000003a927d0fe79
000003a94ea027b9
000003a952aafe39
000003a952ab1739
000003a95566d799
000003a9b6c50f39
000003a9d98181d9
000003a9f2c97ef9
000003a9fe521059
000003aa1907bd79
000003aa36ee7a99
000003aa3d293eb9
000003aa4fd25b59
000003aa80ec2d39
000007555f9a4661
00000000013be171
0000000000000181
000003aab1b51d79
000003aac4fb0199
000003aad15d3019
000003aad1ae89f9
000003aadee1cd79
000003aaf7e19cf9
000003ab13e320d9
000003ab2e339519
000003ab30c38039
000003ab4d5f2479
000003ab4dca9a99
000003ab56aa8b59
000003ab56acd1d9
000003abb1beeb39
000003abb1bf1719
000003abb7635379
000003abe306a239
000003ac2795b519
000003ac2a720459
000003ac3d649bf9
000003ac3ea5c679
000003ac54f86d59
000003ac6561f5d9
000003ac7034d919
000003ac8ecac019
000003ace6852d79
000003acfa421d59
000003ad07ded0d9
000003ad1436dd19
000003ad2e973839
000003ad3b90cfd9
000003ad486dd399
000003ad49504e99
000003ad49951e79
000003ad50c44b99
000003ad50c45fd9
000003ad5bc38fd9
000003ad64050df9
000003ad764aa919
000003adb9d49779
000003adc30a3819
000003adcb047039
000003adfbb8b299
000003ae0b5ad999
000003ae16122f39
000003ae343c6479
000003ae3626ce99
000003ae3626dc79
000003ae3626e3f9
000003ae570b6b19
000003ae7cec6bf9
000003ae7dcb6919
000003ae8821c339
000003ae95f6ebd9
000003ae95f70399
000003aec6456939
000003aec73c4dd9
000003aed1b32d39
000003af57729399
000003af58c26d79
000003af67c71d59
000003af79740af9
000003af95543cb9
000003afa4da1579
000003afb4bf1759
000003afcb3ce859
000003afd020e5d9
000003afd58f8459
000003afdc488979
000003aff317a5f9
000003aff5cec659
000003aff902c499
000003aff9db22f9
000003affc61f3f9
000003b04430ee19
000003b0757833f9
000003b08c9a17d9
000003b0a04e2659
000003b0afd761d9
000003b0b47d1d59
000003b0c473c779
000003b0d10be479
000003b0edc5ca39
000003b0fdc4d079
000003b1077a1259
000003b118aa8b59
000003b15c74f4b9
000003b15ee372b9
000003b161223f79
000003b16160ec79
000003b16ae0f0b9
000003b16ae10099
000003b19ab5a819
000003b1aced7ed9
000003b1d2442a39
000003b1f747cef9
000003b20911ee59
000003b21e9afdd9
000003b22bbf91b9
000003b2342920d9
000003b2b25e5e79
000003b2bf5ba139
000003b2db140879
000003b2e0c9c0b9
000003b3192e9319
000003b3192ea759
000003b31dae8c99
000003b31daeaf39
000003b3689e4b19
000003b383038499
000003b39ddddd79
000003b3ab96a1f9
000003b3c39865b9
000003b3d76bd399
000003b3f9e0ddd9
0000076800050261
00000000013be171
0000000000000181
000003b41a89ff59
000003b425a98dd9
000003b43f7e2939
000003b440682cf9
000003b4409f0f79
000003b46ca59fd9
000003b493d271b9
000003b49c8300d9
000003b4b7fb9ab9
000003b4cc03fe99
000003b4ce548539
000003b4d9184db9
000003b4dd0d7479
000003b4dd2f8299
000003b4dfd4f779
000003b50b047919
000003b51b911d19
000003b528208bb9
000003b52f1e30d9
000003b556e68719
000003b55dc454f9
000003b5603ecdd9
000003b58f654e39
000003b597663519
000003b59d0bc459
000003b59d48b3b9
000003b5a1ab5af9
000003b5a35be099
000003b5a35c3a79
000003b5b43de779
000003b5c8f60e39
000003b5e7cef1b9
000003b5fd2401d9
000003b615ac2f99
000003b6311b7439
000003b63853a4d9
000003b639883dd9
000003b64135a2b9
000003b64434e0b9
000003b64e3de5f9
000003b672ff0ed9
000003b6b27d3899
000003b6c2d97ed9
000003b6c89ecb99
000003b6db992099
000003b6e0a11899
000003b6f1995579
000003b6f6bd1c39
000003b72fc46c39
000003b72fc473f9
000003b732ab1859
000003b7798d16b9
000003b79114f5d9
000003b7978b4959
000003b799de5bf9
000003b7a9578cb9
000003b7b72b00d9
000003b7bb82e639
000003b7bb837eb9
000003b7d7929699
000003b7ebaf1a79
000003b7ec25e379
000003b81d051319
000003b826d7f0b9
000003b82e41aaf9
000003b82e772159
000003b856dba299
000003b85c090319
000003b86c1dcdf9
000003b87e865579
000003b885e28f79
000003b889a6bd39
000003b8a62911b9
000003b8ac8a1a59
000003b8bacd7959
000003b8c9a491b9
000003b8e879bf19
000003b8f482c979
000003b914dea439
000003b930aa4299
000003b946d76319
000003b94d252e79
000003b94f9f9a79
000003b98e681d99
000003b98e6831d9
000003b98e9badb9
000003b992e8a7d9
000003b9c6a81e39
000003b9cf96ae99
000003ba2eb34139
000003ba39ad4c19
000003ba7738d539
000003bacbb24359
000003bae67d48f9
000003bae7e9c5d9
000003baf0902bd9
000003baf1ac8979
000003baf2d540d9
000003bb138fa959
000003bb3cbe0699
000003bb4fd60c99
000003bb71405df9
000003bb89154d99
000003bba20aae59
000003bba94ffa39
000003bbb107f239
000003bbc24561d9
000003bbe77aa079
000003bc04f92b19
000003bc2124e1b9
000003bc5bf237f9
000003bc855f5e99
000003bcc27acf79
000003bcd8e1e719
000003bcf3e3d139
000003bcfcf25199
000003bd002d2b39
000003bd1c05fcf9
0000077aa06fbe61
00000000013be171
0000000000000181
000003bd5e8c6879
000003bd5e8c7bf9
000003bd7b551c19
000003bd89b6a1b9
000003bd932d5ab9
000003bda1f3a699
000003bdaac527f9
000003bdb12cabb9
000003bdb12cb8d9
000003bdbae34919
000003bdc85b5759
000003bdf0321039
000003bdf5ea98f9
000003be00758739
000003be0c20eb59
000003be22750439
000003be27630859
000003be3429ffd9
000003be5a8cf1d9
000003be7df91ff9
000003beb78b2bf9
000003bebb0e0b59
000003bee6b6f9f9
000003beee3a4cf9
000003bf049e9c79
000003bf0ec2b399
000003bf148f7959
000003bf3fb9d779
000003bf4aefcf99
000003bf635aecb9
000003bf87de00f9
000003bf94c79dd9
000003bfe5169799
000003bfe69d4f59
000003bffa865939
000003bffd29d0d9
000003c0121d9d19
000003c029a91a99
000003c054526519
000003c069ad5399
000003c06afbc4f9
000003c06cbab799
000003c06ce98f39
000003c0b26082f9
000003c0bfc602d9
000003c0d0137e59
000003c0ebe38019
000003c0f64ef519
000003c108043839
000003c118e84a99
000003c11d77e659
000003c12e4a0799
000003c12ed37819
000003c1663db0f9
000003c16a0fac79
000003c188112479
000003c18c700f39
000003c1b5e5dc39
000003c1b5e5edf9
000003c1c152fff9
000003c1c7f6dc59
000003c1c7f6eb79
000003c1d8aa4159
000003c1d9455fd9
000003c1d97888b9
000003c1def99619
000003c1def9d779
000003c1def9e8f9
000003c216072e99
000003c2352a1e79
000003c23a54c4f9
000003c26c1282d9
000003c28a158bd9
000003c28f898e79
000003c2a2a3c419
000003c2acc35639
000003c2d541b099
000003c2f5e17199
000003c2f78b4ab9
000003c31d0c5899
000003c34093da79
000003c3639170b9
000003c376f3f079
000003c376f43ed9
000003c3ab1d5ed9
000003c3c1ea6779
000003c3e5dfda59
000003c3ebafd819
000003c411d836f9
000003c4305b5939
000003c430b25939
000003c43b15ff79
000003c446e09259
000003c450dadd99
000003c4615b1059
000003c498bcd0d9
000003c4a2592199
000003c4d0138c79
000003c4d5b094d9
000003c4daf30519
000003c4daf31999
000003c4f98c34d9
000003c4fce4ae79
000003c514f6caf9
000003c560491a59
000003c59a8d43d9
000003c5a4dc2559
000003c5c799fd59
000003c605448579
000003c65c05f799
000003c667eb65b9
000003c674801d99
000003c6754dc4f9
000003c691836bd9
000003c69254adf9
0000078d40da7961
00000000013be171
0000000000000181
000003c6ad3aadb9
000003c6ce0dcad9
000003c6ce0ddcd9
000003c6d1132099
000003c6d8a7dab9
000003c6d8b39139
000003c6efeece99
000003c6f6370b79
000003c6fab30479
000003c704cd06d9
000003c72cff0579
000003c72d0088f9
000003c73ffe2599
000003c74d492279
000003c758866ef9
000003c76e56c5d9
000003c791c42299
000003c7affaddd9
000003c7c12969d9
000003c7d3f0fc39
000003c7d4166399
000003c81b9b5959
000003c825772e19
000003c828384439
000003c84048ad39
000003c84398fb19
000003c84bbe59b9
000003c84d7e1a99
000003c863267f59
000003c8715990b9
000003c88d078519
000003c8ad26e5f9
000003c8b5dae2f9
000003c8fd1610b9
000003c90c765759
000003c912d51959
000003c91e103cb9
000003c92c44e299
000003c941be6bf9
000003c947e3c9f9
000003c95ae61699
000003c9a965a059
000003c9bffaf0d9
000003c9d2cbf5f9
000003ca1caaaab9
000003ca2748b0f9
000003ca29248cb9
000003ca4de46519
000003ca8cfffa19
000003cad33c6af9
000003caeaa395f9
000003caeea00c39
000003caf6845ad9
000003cafc4ce459
000003cafc833b39
000003cb3248ad99
000003cb52434d39
000003cb58de5e79
000003cb654ac919
000003cb8a26aaf9
000003cb8cfc0df9
000003cb9ab056d9
000003cb9f65fdb9
000003cbab303a39
000003cbac7e6ad9
000003cbbbe95439
000003cbbc557499
000003cbc03fdeb9
000003cbc7dfddb9
000003cbcb893a99
000003cbe1f596b9
000003cc01f13b19
000003cc0b732df9
000003cc3af9cf59
000003cc3c700b79
000003cc5aa89d99
000003cc7c571379
000003cc8c0e6ef9
000003cca06a0039
000003cca1106b19
000003ccca7de379
000003ccd2825119
000003ccf6d98879
000003cd0e03dc99
000003cd1a96ec99
000003cd2a52bc19
000003cd2b91d039
000003cd5afe51d9
000003cd771a6419
000003cd858b9799
000003cd94b1f6b9
000003cd97054999
000003cdb7cdee79
000003cdb8f2c939
000003cdb8f2df19
000003cdc65b93b9
000003cdc9e03679
000003cdcf1df499
000003cdd946b239
000003cde0ba4339
000003cde2e03d19
000003cdf513ad99
000003ce25c1ba19
000003ce2e0b0739
000003ce3592e359
000003ce4c847af9
000003ce5adca559
000003ce62c55459
000003ce6552a8d9
000003cee0a45d59
000003cf0ce5bcf9
000003cf0f136cf9
000003cf17127f19
000003cf1c672399
000003cf1c709d39
000003cf29f41c39
000003cf29f42a19
000003cf3a136f79
000003cf461519b9
000003cf58daff79
000003cf620ebf99
000003cf7d566c59
000003cf87f6de79
000003cfa721b3d9
0000079fe1453561
00000000013be171
0000000000000181
000003cff4fde159
000003d002118d99
000003d003cfa2b9
000003d037a92f19
000003d0398574d9
000003d059cb7eb9
000003d06ff4e059
000003d082c3ac79
000003d0843c88b9
000003d084b9ef39
000003d085ec4a79
000003d08e566b39
000003d0920f1479
000003d0953063f9
000003d0c4789e79
000003d0dd0a3e39
000003d0f7aea699
000003d0fc034439
000003d111f98379
000003d1633b0279
000003d174927159
000003d19a4ad6b9
000003d19da98d79
000003d1a1bb7b79
000003d1b17d8519
000003d1ec4089f9
000003d211b6d999
000003d22fefd759
000003d239968899
000003d23e3e5b39
000003d25bdab459
000003d268430679
000003d2867d3ff9
000003d28e8d9a79
000003d2c2ea5219
000003d2cb334299
000003d2cd196fb9
000003d2ea214e39
000003d2ed260139
000003d30f5ee819
000003d30f5eff59
000003d315e2d119
000003d35d392359
000003d36938caf9
000003d36a67ad79
000003d37ed9d399
000003d39d1d9739
000003d3a0fa8a99
000003d3a61da579
000003d3ffc69579
000003d410a22159
000003d412db6239
000003d41fc2d199
000003d42a7300b9
000003d4535c6239
000003d45954be19
000003d45c6c9bf9
000003d475a28c39
000003d491aba719
000003d4a9417a59
000003d4b9b93819
000003d4c092b159
000003d4d1178e19
000003d4e2ff60f9
000003d4e40250b9
000003d4fd7b3459
000003d4fed9dc99
000003d50336ce79
000003d523bf57f9
000003d5279bdaf9
000003d55643dd59
000003d5636f8df9
000003d56513b679
000003d584d823f9
000003d587ac9a99
000003d58f72f139
000003d59dbea699
000003d5a0c2b0d9
000003d5a5133b99
000003d5bef4f0b9
000003d5c6b37659
000003d5d8cadf39
000003d5d9955c99
000003d5dc864a79
000003d5e7c60539
000003d5fa884199
000003d60c5cf619
000003d617fc4579
000003d65d7edbd9
000003d66f959a59
000003d67a784a39
000003d69d5a4f19
000003d6a6acb979
000003d6b3451b39
000003d6b3452519
000003d6c77acb19
000003d6ca88c439
000003d70f922919
000003d7243a9a19
000003d7490beb39
000003d7655b4f99
000003d77af91919
000003d7825662f9
000003d7a390c359
000003d7b8453ff9
000003d7b8722b39
000003d7befce459
000003d7d54ed159
000003d7f357f1d9
000003d82dee1eb9
000003d831653559
000003d8399462f9
000003d83bf62059
000003d84ea13999
000003d84f2bf539
000003d8787c4279
000003d883e89e19
000003d8a0d09ef9
000003d8a982a9f9
000003d8bb92c059
000003d8bff1ab39
000003d8c93943d9
000003d8ce1f5859
000003d8ce1f6b79
000003d8d333e859
000003d8e9cf4e39
000003d8fb53bc79
000003d917066019
000003d92001a539
000003d930233cb9
000007b281aff161
00000000013be171
0000000000000181
000003d948061799
000003d9707127f9
000003d97d1c02b9
000003d97d7e6f99
000003d97d7e8199
000003d9a4486979
000003d9c02f7f99
000003d9c6d4f779
000003d9e09d12d9
000003da157c2739
000003da15ce6019
000003da22f40619
000003da352e3159
000003da4c7b92f9
000003da5ca9afd9
000003da9502e899
000003dab47b70f9
000003daba0cf9d9
000003dacb5cdf99
000003dadd60d999
000003dae01bf939
000003dae65c61f9
000003daed449cb9
000003daedea9639
000003daedff1719
000003db13f65299
000003db41f91879
000003db719ece39
000003db73135b99
000003db735eadd9
000003db7e78fd19
000003db869be399
000003db9903b599
000003dba3b98ad9
000003dbb59666b9
000003dbd99b3bd9
000003dbdb88c0f9
000003dbedce9b39
000003dbfb3f72d9
000003dbfffc0759
000003dc235fc179
000003dc2f7d8859
000003dc31773899
000003dc33a370b9
000003dc83f171f9
000003dc9fbb3719
000003dcb660f7d9
000003dcf0515599
000003dd1b168919
000003dd34856679
000003dd3a4761d9
000003dd45f041b9
000003dd5f91d9b9
000003dd5ff9d539
000003dd79222139
000003dd7b766519
000003dd7c4ca059
000003dd7ea47719
000003dd8bcada99
000003dd92e33539
000003dd999d1ed9
000003dd9d9eafb9
000003dda7a41b19
000003ddb2fcb079
000003ddb74ee219
000003ddbaa99659
000003ddbcdbaa39
000003ddda0c5d39
000003dded5284b9
000003ddfb143139
000003ddfc375099
000003de13e0e139
000003de14391eb9
000003de15e4d2d9
000003de1a5dc1f9
000003de1f4c3639
000003de212f18b9
000003de3170c1f9
000003de323076b9
000003de393972f9
000003de5c0f5039
000003de621e8d19
000003de86443119
000003ded73511b9
000003def30a7319
000003df34548bf9
000003df385df539
000003df3e134ef9
000003df451d4b19
000003df68cb4fb9
000003df72786d99
000003df86b18859
000003dfb94d16b9
000003dfbc73d4f9
000003dfbc73de59
000003e000121d79
000003e02382c7d9
000003e028129fd9
000003e02df76679
000003e0576e5919
000003e07ae19759
000003e0acace179
000003e0b20061b9
000003e0b5797959
000003e0e5f240f9
000003e0ebdfed79
000003e0f16bd4d9
000003e1122df639
000003e129c80679
000003e12dd03799
000003e149596379
000003e14d74c179
000003e15ec4c7f9
000003e17260f039
000003e18928d8b9
000003e1dd790e79
000003e1eef81659
000003e1fcb17859
000003e2194e2af9
000003e2206c34f9
000003e220b44c39
000003e223e55ad9
000003e2243d5ef9
000003e238f7baf9
000003e239fb7e79
000003e2658dda39
000007c5221aad61
00000000013be171
0000000000000181
000003e290fe70b9
000003e2a5f1ba39
000003e2db392919
000003e2fdc57839
000003e300e7e219
000003e313072619
000003e33b9d7b79
000003e359d73c99
000003e393a3df39
000003e3a47c2899
000003e3ca5562d9
000003e3cd0076b9
000003e3cd0091f9
000003e3dac87f99
000003e3df00b219
000003e41a95c619
000003e42a281279
000003e442201a99
000003e476cccc99
000003e476ccd559
000003e484832099
000003e4a88e6919
000003e4c35ca5d9
000003e4c513d8d9
000003e4c73116b9
000003e4ceb2d0b9
000003e4d73ebd39
000003e5093f0f99
000003e5290c1119
000003e53cdea179
000003e5431424f9
000003e544534f39
000003e57e1af599
000003e582bb6fb9
000003e587fa13f9
000003e5ba2aeab9
000003e5bc40cad9
000003e5c19d64b9
000003e5e3954739
000003e5ea517cf9
000003e5efc5e299
000003e5f21be3f9
000003e5fa65e3f9
000003e5fb3e4ab9
000003e5fcecf439
000003e6016b14f9
000003e641560639
000003e65c86a4f9
000003e667bb73f9
000003e68a2d8939
000003e68d91aff9
000003e6ae912919
000003e6d87bc2b9
000003e715cde6f9
000003e715ce3799
000003e722b0a9d9
000003e73a420699
000003e75359c079
000003e759e69ad9
000003e77121c979
000003e777eb9c99
000003e777ebaa39
000003e784d2de59
000003e78e0a5fd9
000003e7a6076e59
000003e7b80d63d9
000003e7c37911b9
000003e7cf701fd9
000003e7e4931a99
000003e7f8a2f419
000003e7f92cea39
000003e7fa136019
000003e8221235d9
000003e8445fb859
000003e845405a99
000003e84db21f99
000003e8569583f9
000003e88f71e539
000003e89b569399
000003e8a3a3ccd9
000003e8af204e39
000003e8c5895ab9
000003e8e69e3d19
000003e8e767a4b9
000003e8f4a4b139
000003e907479539
000003e90813c219
000003e90813de59
000003e90813def9
000003e90813e5d9
000003e90813ec59
000003e90e76d679
000003e91d5b70f9
000003e924e0c4b9
000003e9309539f9
000003e9510504d9
000003e96551d299
000003e98d32fb99
000003e99b6860b9
000003e9a16d8039
000003e9a34dc979
000003e9b4fb88d9
000003e9cac1f259
000003e9d0fc8fb9
000003e9e2cc68b9
000003e9f3d86079
000003ea074d3ad9
000003ea1c2fc219
000003ea1ed6d5d9
000003ea4ac59a39
000003ea58de0799
000003ea710f6c39
000003ea7cf4cfd9
000003ea90565f99
000003ea9d5a4d99
000003eabb53af59
000003eae9ae0519
000003eaf2bb51f9
000003eb08b91859
000003eb12223319
000003eb26f28859
000003eb3a24d919
000003eb3cec9a39
000003eb610c6d39
000003eb64f27bb9
000003eb6960c619
000003eb6fafb519
000003eb8ba162b9
000003ebac6860b9
000003ebb20a79f9
000003ebc053f279
000003ebcb368179
000003ebcbf2a399
000003ebce8e2579
000007d7c2856861
00000000013be171
0000000000000181
000003ebf1aca5d9
000003ebf5283c99
000003ebffd33bf9
000003ec0aba98f9
000003ec1ea5abf9
000003ec34b2d319
000003ec46f48f79
000003ec4a4ed999
000003ec4e1407d9
000003ec5417c3b9
000003ec5417e019
000003ec552e0799
000003ec5b0802d9
000003ec8a9f56b9
000003ecbabe07d9
000003ecc1bc81d9
000003ecc5740219
000003ecc926cff9
000003ecd7edb3b9
000003ed18634659
000003ed4bb5e759
000003ed4bd60e39
000003ed69b2b819
000003ed8b5a5f99
000003edaa50ba79
000003edbbe375f9
000003edc5a74bb9
000003ee2e8dd619
000003ee4a57ef39
000003ee5f637639
000003ee6f72e3d9
000003ee83337039
000003ee883fc359
000003ee8a4c7dd9
000003ee8a58c659
000003eeb3b03299
000003eeb3b04759
000003eebc71e3f9
000003eebe9e9ab9
000003eee19edb79
000003eeebab4099
000003eeeda181b9
000003ef2b3f08f9
000003ef2b3f1d99
000003ef42072899
000003ef42ce4679
000003ef689222b9
000003ef70c5b859
000003efbf03eed9
000003efd6595c39
000003efe32858f9
000003efe7e31cb9
000003efed8cd479
000003eff0ef7359
000003eff2fca219
000003eff7c259f9
000003f015c1bf39
000003f028ffb8f9
000003f039179cb9
000003f0483f3979
000003f04e1bdd99
000003f06a08daf9
000003f06d37c9b9
000003f08c947a99
000003f0a3c086d9
000003f0b39d4cb9
000003f0e6143319
000003f0e61433b9
000003f0e9282719
000003f0fa8097d9
000003f105d15a39
000003f10f2ec519
000003f128dc7899
000003f13ff89479
000003f1532159b9
000003f153e10b19
000003f158652039
000003f15bfa2b99
000003f15c582099
000003f1670809b9
000003f174b86f59
000003f179eb8e79
000003f1e4c2c659
000003f22e19cf59
000003f235f775d9
000003f24603eef9
000003f2629cdab9
000003f2756289f9
000003f296192bb9
000003f2a3deaf99
000003f2b1121179
000003f2b54ac359
000003f2ba470a19
000003f2c8e82319
000003f2d3f05199
000003f2e758c079
000003f2f0c1f159
000003f31fe27759
000003f3390b3299
000003f3397d21d9
000003f351cdb199
000003f35d3d30d9
000003f372767439
000003f372cdfff9
000003f37d2d90d9
000003f38845f639
000003f38b4853d9
000003f38f1f0919
000003f3ccd60959
000003f3d1603779
000003f3e0272259
000003f3e5e81c19
000003f40ca91a79
000003f4255e7619
000003f428480f39
000003f4289f3199
000003f43eca2819
000003f45202fcf9
000003f462760779
000003f46623b739
000003f467a557b9
000003f476f2e0f9
000003f4771053d9
000003f477105ef9
000003f4817318f9
000003f487092a99
000003f48ef97779
000003f491853879
000003f49dd9cd99
000003f4c2741319
000003f4d532ee19
000003f4e651e3d9
000003f4ff448359
000003f508b95599
000003f51bb0c4f9
000007ea62f02461
00000000013be171
0000000000000181
000003f574989bf9
000003f57e44fd99
000003f5887afb79
000003f5b6859859
000003f5e48512f9
000003f60e357e99
000003f62f4dbfd9
000003f6337b8499
000003f6337be5b9
000003f63a6cdbb9
000003f65a35e519
000003f65a9cbdf9
000003f662ccee39
000003f67675acb9
000003f6c176aa39
000003f6d22930b9
000003f6d50d29f9
000003f6f8a5c7d9
000003f701fe7039
000003f71443fdb9
000003f72d25c579
000003f739272459
000003f75c006619
000003f775c60519
000003f78044b239
000003f7818d6ef9
000003f797466719
000003f7a59412f9
000003f7b01bc839
000003f7b72c42f9
000003f7c0f42c59
000003f7c5434d99
000003f7d13e9539
000003f7ed778b39
000003f7fe66ab19
000003f81d6e0779
000003f823bf6f59
000003f825fb6d59
000003f828742839
000003f83f589af9
000003f84a78c5f9
000003f84a78ceb9
000003f84bc10eb9
000003f858965e59
000003f88257d3d9
000003f8b2f14699
000003f8c2767d59
000003f9066ff979
000003f90be208b9
000003f9295ac7f9
000003f941641bf9
000003f942dba959
000003f947700979
000003f94f8f1699
000003f964818bd9
000003f975352079
000003f983a2e599
000003f98c1dacb9
000003f98f1243b9
000003f99415c259
000003f9a11ad3d9
000003f9f01cdc19
000003f9f1129739
000003f9f11297b9
000003fa0af51db9
000003fa0dedc8d9
000003fa130aabf9
000003fa153f2c39
000003fa313ca499
000003fa42a71919
000003fa7e486539
000003fa8d09e679
000003fad2563c19
000003fad4ee2b59
000003fada256af9
000003fae82ad399
000003fb0105a059
000003fb2d5e5bb9
000003fb48552739
000003fb580d85b9
000003fba1bd8799
000003fbaaf2cb59
000003fbc860a439
000003fbcb272819
000003fbdb13a459
000003fbdc44ed59
000003fbe13cdd39
000003fbeedb7079
000003fbfffee4d9
000003fc32b68e59
000003fc38967459
000003fc432fdd99
000003fc63ad5939
000003fc8f776159
000003fca59f0df9
000003fcd3058579
000003fce336d5d9
000003fd01f1d719
000003fd01f1f9d9
000003fd0f6c9d99
000003fd2de77c79
000003fd411a9599
000003fd4e354ab9
000003fd6dfdf799
000003fdc0a1bed9
000003fdc687e739
000003fdc8a74279
000003fddd1c1c19
000003fe083bce19
000003fe0ea3b279
000003fe19bd75b9
000003fe6856b999
000003fe772e9199
000007fd035ae061
00000000013be171
0000000000000181
000003fe85eeea79
000003fe9a0644b9
000003fe9da6b3f9
000003fea261d5b9
000003febc915719
000003febef1ae99
000003feccd15299
000003fedac11f59
000003fedff1b839
000003fee58f4579
000003feea056679
000003ff0e7ea6f9
000003ff124de839
000003ff21c94dd9
000003ff2bcce2f9
000003ff5c36b859
000003ff608bd859
000003ffb07bbc19
000003ffba93be19
000003ffbf240ed9
000003ffc9e45f99
000003ffd08ed5f9
000003ffee0c8599
000003fff0fe1e59
000003fff70c2279
000003ffff9f3719
000004002db0f399
000004004f9400f9
000004004f940a99
0000040055ef60b9
000004005b460899
000004005daaf0b9
0000040087faa4f9
00000400929348f9
000004009c6c71d9
00000400a66b6299
00000400acf83099
00000400e1d08319
00000400ed41fc79
0000040123fc5559
0000040138a8fcb9
0000040150b685f9
00000401964eb4d9
00000401984680f9
00000401a5479759
00000401b4321d99
00000401c2753899
00000401c7387199
00000401dc36e8b9
00000401e9e804b9
00000401f0acdd79
00000401f984c379
00000402040ff479
000004020f520fb9
0000040219974459
000004021d3ae599
0000040234c7c8f9
00000402354ba199
000004025b905839
0000040266a5be19
000004026c9a37f9
000004026e5ff879
0000040289a7e0f9
000004028f84ab99
0000040297714039
00000402b5effa39
00000402cf87d039
00000402dd1dab39
00000402ebc1c579
0000040313249179
000004033834e099
000004035f133ab9
000004036c2f1dd9
000004036cfd9179
00000403923fd919
000004039df88bb9
00000403af3ba0b9
00000403b65398b9
00000403ba9c2b59
00000403bc3b5c39
00000403f6286179
00000403fb96ba99
00000404058b51d9
000004040cdf4859
00000404115230d9
00000404127a0ab9
000004044200b3d9
0000040450532239
000004045140d279
0000040468e98bb9
000004046de6f3b9
000004046eb9d759
000004047b0e8cd9
000004049c39c999
000004049f5f7119
00000404b8fe0399
00000404da93a6b9
00000404dc0967d9
00000404f5ee22b9
00000405067b5659
000004050f7af939
0000040518939eb9
000004052ddbd1b9
0000040535f39fb9
000004054834e639
0000040553ebc0b9
000004056af6b159
0000040580889459
000004059669dc79
0000040598d10879
00000405a24c9999
00000405aa31af99
00000405b8bd7a59
00000405c15b8679
00000405e6882599
00000405ec563d79
00000405f84fb199
000004060b91e3d9
00000406380c96d9
000004065258fbf9
00000406554b1ab9
0000040675622e99
000004068533b079
00000406c58191f9
00000406d266ae99
00000406de446f39
0000040701d9c199
000004070f3026d9
00000407131af819
000004071a589c99
000004071b5798f9
0000040729d8d4b9
00000407417bc6d9
0000040799b0aef9
000004079d3fb159
00000407a590e479
00000407c5fe89f9
00000407d1101e79
0000080fa3c59b61
00000000013be171
0000000000000181
00000407e75bdd59
00000407eed1e3b9
00000407f191ee99
00000407fe4738d9
00000408093b3a19
000004083770ea19
000004084f8577f9
0000040853264df9
00000408688670f9
00000408802fce59
00000408afdba059
00000408c95463d9
00000409154bf2b9
00000409498f0059
000004095bbd2c39
0000040971208859
00000409766b0379
000004098c55def9
00000409a686f6f9
00000409af1f9659
00000409e35273d9
00000409e44be4b9
00000409e5e18fb9
0000040a0b01dc59
0000040a0be77bd9
0000040a1c43bb99
0000040a301a4019
0000040a31648d99
0000040a33b1e2b9
0000040a34e21c19
0000040a34e22499
0000040a4b9dac79
0000040a4f5f0299
0000040a507121d9
0000040a5ea65019
0000040a7f65fd19
0000040afafcb839
0000040b399803d9
0000040b3d604159
0000040b3ecf0d99
0000040b470ed9b9
0000040b6bce3239
0000040b7ad299f9
0000040b84e77179
0000040b89aa1199
0000040b8bab4919
0000040b8f5a2b39
0000040bc6323939
0000040be0a97a19
0000040bf965a599
0000040bfb3aab19
0000040bffdb7779
0000040c16389339
0000040c18b6d0f9
0000040c24c601f9
0000040c3eac0e19
0000040c63a58c59
0000040c7037b6d9
0000040cace66099
0000040cb9454979
0000040cc4063bd9
0000040cd9f40419
0000040cf0e47779
0000040d0422ffb9
0000040d133aedb9
0000040d329a2159
0000040d3596a939
0000040d607a3f79
0000040d75d03699
0000040d7a7c3659
0000040da4148119
0000040da9642cd9
0000040db1bcfa79
0000040db27e1d99
0000040dc1bba7d9
0000040ddfaf4c59
0000040e0fafad99
0000040e12547959
0000040e19672959
0000040e3296f9b9
0000040e3ed91419
0000040e3ff8be99
0000040e42c1a399
0000040e5c652cf9
0000040e5d555539
0000040e5e0f36f9
0000040e6688efd9
0000040e7bf14619
0000040e99a4eed9
0000040ea0c74f39
0000040ead524a59
0000040ec8758579
0000040ed8ffc979
0000040ef053b719
0000040ef44fbf59
0000040f27284439
0000040f39575c79
0000040f52a06379
0000040f53157879
0000040f58834c59
0000040f89901d19
0000040f89edc6b9
0000040f8f0d3a59
0000040fa9071519
0000040fb0b24bf9
0000040fcaa73799
0000040fd5d4cd99
0000041005049ff9
000004100a619759
000004100f9a3db9
000004106a5e5199
00000410811661b9
000004109cad8a59
00000410d29994f9
00000410eeb58179
00000410f691f759
00000410f73bc0d9
0000041101f84e59
000004110756c979
000004110cc646f9
0000082244305761
00000000013be171
0000000000000181
00000411564cfe39
0000041159f78c19
000004116c34ae59
000004118d4177d9
00000411d5cc9619
00000411d5f49119
00000411f1aaad59
00000411f2cf6ef9
000004120b0a0c99
000004121697b579
0000041249645239
000004125f4899b9
0000041260dd6719
00000412c9a137f9
00000412ccb6ea59
00000412ced15b79
00000412e30f4199
00000412eff80ef9
00000412fa5ac979
0000041329c59a59
000004132c22ec39
0000041332398259
00000413494ec3d9
000004135fc92979
0000041374dfd219
0000041377b561d9
000004138f11bab9
0000041395dccf99
00000413c3978b59
00000413e6469959
00000413f7f9bf19
0000041405be79f9
000004141cf605b9
000004142a0d4e59
000004142a0d5f39
000004142a1ada39
000004142eebc999
000004143aebee19
0000041444843ed9
0000041458b69a19
0000041497d83cd9
00000414a4364a19
00000414a4365cb9
00000414a9190679
00000414ab28cbb9
00000414b45c3159
00000414c2015ad9
00000414eff6b019
00000414f4d38a99
0000041501ef8859
000004150b52a979
000004150ba34539
0000041514703079
0000041529f9b499
000004154914ad99
00000415505dfad9
0000041575cbd779
00000415824dc7f9
000004158e5731b9
00000415af9eb9b9
00000415d186da99
00000415dbc90b39
00000415e7a03459
0000041606b151f9
000004160fb311d9
0000041615ef9c99
000004161d45fb19
0000041639bd2af9
00000416493525d9
00000416806f9a19
000004169e5a4179
00000416b28ead19
00000416e0f824f9
00000416ff9c69f9
0000041727f54f59
000004176b65dcb9
000004177bd0ec59
000004178ce4f179
000004179398e4b9
00000417c8b71ff9
00000417d2085c39
0000041818e3d7b9
0000041832959699
000004183eade6f9
000004183f215d19
000004185c96b859
0000041861c43759
000004187b47dbd9
000004189463f4b9
000004189891cd59
00000418a49ea959
00000418aeb43a59
00000418e59d51d9
00000418e6d01e19
00000418f34affb9
00000418fd389fd9
0000041905facb99
000004194ef4d059
00000419562aa979
000004196d3715f9
00000419769f1a79
000004197ef74099
000004198bb0b4d9
00000419a5051339
00000419ac84f3d9
00000419ca7be6d9
00000419cb213a99
00000419da6f8b39
0000041a140a72d9
0000041a14475759
0000041a18303719
0000041a23339d79
0000041a54aa83f9
00000834e49b1361
00000000013be171
0000000000000181
0000041a8bd5c919
0000041ab9af9d19
0000041abffe51d9
0000041ad9e02bb9
0000041ade396b99
0000041ae43c6499
0000041b16cf7a19
0000041b16cf8ab9
0000041b18749e99
0000041b195ba659
0000041b20e69e39
0000041b28066a19
0000041b407537f9
0000041b4d1d1039
0000041b4f7b6bf9
0000041b69df5839
0000041b7bb1eeb9
0000041bdaee26d9
0000041bdc6a3e39
0000041c09bc16d9
0000041c146dccd9
0000041c27a8b8b9
0000041c27b62cd9
0000041c3fbb7459
0000041c51772d79
0000041c67e4e1b9
0000041c6ccf7ff9
0000041c6e2eb499
0000041c8332c2b9
0000041ca0c4d639
0000041ca1877bd9
0000041cc23c2bb9
0000041cd28a5339
0000041cda5ce159
0000041cde05e9f9
0000041ce0307e79
0000041ceb4626f9
0000041ceb9f1899
0000041cf09734b9
0000041d040dee59
0000041d10905799
0000041d328b3279
0000041d3cad9bb9
0000041d49596819
0000041d59d8bb79
0000041d6b0bc279
0000041d8318d299
0000041d8b4cfd79
0000041da061c499
0000041dad71a639
0000041dcf326f39
0000041df43cf2d9
0000041dfa9d4939
0000041e093e8039
0000041e56b20df9
0000041e58837039
0000041e64dd0839
0000041ea77693d9
0000041eaeec1f19
0000041ed4894a59
0000041edbd7a979
0000041ee56bdd99
0000041ef018ca19
0000041f052cb8f9
0000041f0cf49819
0000041f13965279
0000041f422ca439
0000041f423c4299
0000041f471956b9
0000041f857efd99
0000041f9aa07d99
0000041f9ef57939
0000041faa4f7e79
0000041fda343279
0000041fdccbdeb9
0000042012a18979
000004202da00719
00000420302cc019
000004204045cad9
0000042043fa79b9
00000420497956f9
00000420893b45d9
000004209febb4b9
00000420bb3ccdb9
00000420be844e79
00000420fb2290d9
0000042113323b19
0000042117100279
0000042120750b79
00000421272c6999
0000042143175699
000004214a9b3579
0000042154e26499
00000421613328b9
0000042165ba1c19
0000042184a19b19
000004218ee3d359
00000421bc3945f9
00000421bfdf9d19
00000421e8530ad9
00000421f508fdf9
00000422007d37b9
000004221d15fa99
000004223e6ddb39
0000042240903ff9
0000042241b663f9
000004224973d6f9
00000422498d1019
000004225a8f7339
00000422675d0759
00000422a284d0b9
00000422b24c3699
00000422d43d00d9
00000422e42e4939
00000423399d9db9
000004233aea59d9
0000042341be83f9
000004234eebead9
0000042351c7a659
0000042362785979
00000423668f1079
00000423751d9f59
00000423779bfe19
0000042399cb3519
00000423a5e98059
00000423a927e679
00000423bce26ad9
000008478505ce61
00000000013be171
0000000000000181
00000423dc6b4119
00000423dc6b5859
00000423f8927d79
000004240080b639
0000042408737d19
000004241080b4b9
0000042431795cd9
00000424529b0e79
0000042468a5bb59
00000424aebb0a99
00000424b75d7819
00000424b89a03d9
00000424bc746bf9
00000424be8f1cb9
00000424cca6ea19
00000424ccd6ed59
00000424ce96c139
00000424e3f00899
000004251f4800f9
000004255b1e8d79
000004255fe3c0b9
000004256a8df159
00000425985deab9
00000425a1bbdbd9
00000425bd419e59
00000425bd67d8f9
00000425c41a89b9
00000425ecc9ae79
00000426057d8f19
000004261652a7d9
0000042628ddf1d9
000004263da322f9
000004264224d7f9
000004265057c279
00000426679ed139
000004266a1177b9
0000042681d96359
000004268c9fc8b9
0000042694a24339
0000042699b31639
00000426acfe8419
00000426ccf0b2d9
00000426d09c0d79
00000426d746d459
000004271b6acd39
00000427226aecd9
0000042735909219
000004273f47e099
000004274f707639
00000427590a1059
0000042768c8ff39
000004277029a7d9
000004277f9a3659
000004278ad09c59
000004279e14cab9
00000427a02b56b9
00000427c7c4ce59
00000427ca694459
00000427cafd3f99
00000427e85be919
00000427ed264e39
00000427ef32dbf9
00000427f7e1b439
00000428043f2ad9
000004281b6f3ad9
0000042828b73ed9
000004283209ccd9
00000428ad4c97d9
00000428cbd326d9
00000428d1c26d79
00000428dc75efd9
00000428df698899
00000428ef3ca599
00000428fca744f9
000004290dab8019
000004291c2b25f9
0000042923e47559
000004293c23fbb9
000004293d70e939
00000429405fb539
0000042958d8e759
000004296bd7ba79
0000042970973799
000004297ad36a59
000004299f4d0ab9
00000429adad8059
00000429eb367719
0000042a0e988fd9
0000042a43a4ccd9
0000042a465f66b9
0000042a4bd5c0f9
0000042a66bd3099
0000042a71ecad99
0000042a9bcd5eb9
0000042aa8740fd9
0000042ab3758d19
0000042ac5aae779
0000042acbb585f9
0000042ad3ad62b9
0000042ad6b478b9
0000042af78f8399
0000042b23b17179
0000042b565aa399
0000042b6bcb4139
0000042b976fa199
0000042bb3eacf59
0000042be79e28d9
0000042c092bbd19
0000042c140d60b9
0000042c312f6259
0000042c38485219
0000042c3e8f73d9
0000042c7ae62779
0000042c86e945b9
0000042ca70b28b9
0000042cabff3b19
0000042cb24d8cf9
0000042cb28723b9
0000042cba4dcf39
0000042cbeb0ca39
0000042ccab51019
0000042cfffbf799
0000042d10459b19
0000085a25708a61
00000000013be171
0000000000000181
0000042d2cb64a59
0000042d2f222bd9
0000042d3a044139
0000042d42c020f9
0000042d642e9459
0000042d66ef71f9
0000042d91d45999
0000042db9a3fd39
0000042dcbcf3759
0000042dcd009079
0000042ddffc03b9
0000042de67e5e19
0000042e096cd939
0000042e387500f9
0000042e38a80e99
0000042e5ab8ea99
0000042e5bfec119
0000042e6c03c219
0000042ea2a9b859
0000042ea750bb59
0000042eb7af49d9
0000042f01b62e39
0000042f14fd5779
0000042f15cd4959
0000042f21cc5ab9
0000042f538b57d9
0000042f585142d9
0000042f59e2a2f9
0000042f62982419
0000042f7b195bb9
0000042f7ca663b9
0000042fc0c315f9
0000042fdba23f79
0000043010048019
000004303191de79
00000430356728f9
000004303b037559
00000430769de039
000004307978f239
00000430882475b9
0000043091401559
00000430921d9d79
00000430b5f86799
00000430d091d859
00000430d091f4f9
0000043130869039
000004313086a999
0000043130f1bdd9
000004313cb59fb9
000004313cb5ba39
000004313cb5ccb9
000004313ee9c399
0000043184c3ae19
0000043190342b39
0000043193d18499
000004319eb9ecf9
00000431a4e38f19
00000431bb5618d9
00000431d8006359
00000431f3f11bd9
00000431f9b7d9f9
0000043216932eb9
000004321c6e3099
00000432269f35d9
00000432490cb519
0000043251f00839
0000043289a88b99
000004328f4f4a59
00000432bca63079
00000432bca641f9
00000432fc02c2d9
000004332baa6d39
0000043336ee8639
000004335a4b7219
0000043360a12539
0000043369ec38f9
000004338fcefdb9
00000433a1685a79
00000433a848a3d9
00000433d6dc0279
000004342733d979
000004346431b0b9
000004346509d719
00000434774de319
00000434895842f9
000004349e62acf9
00000434a38f2cd9
00000434b178ce39
00000434b178e039
00000434b9c19419
00000434b9c19839
00000434b9c1acd9
00000434bbb3b399
00000434fc4140d9
00000434fc5e8839
00000434fda22b19
00000434fda24bd9
0000043520212739
00000435269cdb59
0000043583a32539
000004358b1d50b9
000004359385a959
000004359974fdb9
00000435a442e239
00000435a481e1f9
00000435b9772979
00000435ba45a659
00000435d5192b39
00000435d623fed9
00000435db6855d9
00000435e2a11539
000004360d003a99
000004361f50b5d9
0000043625e22939
0000086cc5db4661
00000000013be171
0000000000000181
000004368887a279
000004368a41fc59
000004368b486d59
000004368f8a5b59
00000436a23f7f59
00000436bbb6b439
00000436c01a4df9
00000436c01a88b9
00000436c7747a79
00000436cd49a8f9
00000436cd49bfd9
00000436d92850f9
00000436dc69dd79
00000436dce5d279
000004370da91199
0000043722811459
0000043722aefad9
0000043744cff059
0000043749812c99
000004376dc5a7b9
0000043773b96399
000004378bddc119
000004379eeefaf9
00000437c11baad9
00000437c22cfed9
00000437e3192539
00000437f5375179
000004381e313db9
0000043856510479
000004385686fa39
000004386dce46d9
0000043874fbb6d9
0000043881602ff9
0000043892c17f19
00000438b0650379
00000438c1f681d9
00000438e7924a99
00000438f2656fb9
0000043900d3f6d9
000004391704f7b9
000004391a4e9939
000004391d330b59
000004391f25d5d9
000004394182bf39
000004394f82df19
000004394f82f739
0000043958a47619
000004395b4907d9
0000043960ab53f9
000004396174e4f9
0000043966619319
0000043983fac879
00000439abfd53b9
00000439b7fd3f39
00000439ea127d19
00000439ea4f4a19
0000043a08b92cb9
0000043a3f220759
0000043a4ab9e539
0000043a858c67d9
0000043ab5dfdeb9
0000043abf68e1f9
0000043ac55c48d9
0000043ac9e71c19
0000043ae0f6e1d9
0000043aeb8159d9
0000043b2dcfa239
0000043b389d0e19
0000043b5eada239
0000043b9feca0b9
0000043bbb86c339
0000043bd003bef9
0000043c101dc0d9
0000043c3a6bf499
0000043c60ebf5b9
0000043c8cb821d9
0000043c944929b9
0000043c9d276219
0000043cb0f88a79
0000043cbb90e6b9
0000043cf3c7e959
0000043d08f31099
0000043d097cd839
0000043d2697efb9
0000043d2d0ec959
0000043d5719d599
0000043d5d550319
0000043d70346a39
0000043d75326bb9
0000043d8dc18579
0000043d95cde979
0000043d9e2af7d9
0000043da125ee79
0000043dc0555239
0000043dcf8d0ad9
0000043dd25c8379
0000043df4db9419
0000043e1b3a6b19
0000043e1bb21c59
0000043e1f5c18b9
0000043e304da919
0000043e5ca9c539
0000043e71f51d99
0000043e86275139
0000043e9532cad9
0000043e9ca0f499
0000043ea8794cd9
0000043eba0a22b9
0000043ec4cb3879
0000043ee6e9a039
0000043eec8247b9
0000043ef2a7e899
0000043efb052199
0000043f255b4419
0000043f4e11c079
0000043f573a8c19
0000043f59fdf679
0000043f6949d5b9
0000043f95607719
0000043f96e73999
0000043fa0af1839
0000043fa81fef99
0000087f66460261
00000000013be171
0000000000000181
0000043fb365cff9
0000043fcce7db59
0000043fd2eb6d79
00000440376fc9b9
0000044039606dd9
0000044049d92dd9
0000044056b8ef39
0000044059d9c479
0000044062df19b9
0000044065953839
0000044081985499
00000440a70e6eb9
00000440b19d13d9
00000440cb701499
00000440cce90c99
00000440d64d0439
00000440da126e99
00000440e534a7b9
00000440fb1462b9
00000441019b7eb9
0000044119280f79
000004411b033299
0000044156576b39
00000441694d6719
000004416d10c7b9
000004416e992e19
000004416ea59759
0000044171a5c579
00000441764f5c99
0000044186a8a259
00000441a3f21019
00000441b74b1119
00000441b9320619
00000441bc714399
00000441c1db91b9
00000441c4f70a99
00000441e75ed919
00000441f30cd919
00000442173c5719
0000044220a5cfd9
000004426b4cfc19
00000442729cebf9
00000442a7fc43b9
00000442aa1b82f9
0000044311f9fff9
000004433ab8a959
0000044355197539
0000044367bb6059
00000443807fcab9
00000443b0c6def9
00000443b12bb119
00000443ba33f0f9
00000443be42b2f9
00000443be8a26f9
00000443d5acd359
00000443e446f099
000004440004e659
000004440c489579
00000444346e9c39
0000044454b49dd9
000004448f19c039
00000444b3ec5d39
00000444bf07ea79
00000444c7bc28d9
00000444de315459
000004450f09bc79
0000044518af9919
00000445203b9d39
00000445204caf79
000004453c5cbbb9
00000445490fd499
000004454b539ff9
000004454c1fb459
000004454e8fc3b9
00000445729322b9
0000044581c93719
0000044581c938b9
00000445bdbeeb99
00000445c7d4c799
00000445c895ec39
00000445d016f599
00000445d0170879
00000445de2ae839
00000445f9a960f9
000004465f639b99
0000044695e05079
0000044696555d99
000004469b6d54d9
00000446c599b7d9
00000446eee00559
000004470bbe2d19
000004470d789ef9
000004474038cd59
000004474e41fa19
00000447679ff339
000004477cc37059
000004479b6accd9
00000447a9518519
00000447abf192b9
00000447c0dd6e79
00000447de0035f9
00000447dea7f0b9
000004480769d9d9
000004482de75bb9
0000044835d9f8d9
0000044836b64739
0000044837f55e19
0000044844dd01d9
000004484f982bb9
000004485f8982f9
0000044867a06139
0000044868c8cb99
0000044871c5cd19
0000044885446cb9
00000448b0370a99
00000448b150bfb9
00000448d57f8a99
00000448d63d7119
00000448d64b6239
00000448d84c36f9
00000448dc125e99
00000448e0ceae99
00000448f0d7c6f9
00000448fae82979
0000089206b0bd61
00000000013be171
0000000000000181
000004490313ccd9
00000449072581f9
000004490c643c59
000004490d27acf9
0000044919013399
00000449481d0779
000004497e740579
000004498f7fb879
00000449d39f0cf9
0000044a033fa779
0000044a123e9cf9
0000044a27d66e99
0000044a35634a39
0000044a5814ca99
0000044a65ad3bb9
0000044a70a97ed9
0000044a8c1a36d9
0000044a9dd8f279
0000044aab981559
0000044abfb01df9
0000044ac03cb439
0000044acd7bac99
0000044ad6516879
0000044aeb89a1d9
0000044b25d7fd99
0000044b4c098b19
0000044b4ca6b259
0000044b60c84319
0000044b66ab2eb9
0000044b66eda1b9
0000044b86b27cd9
0000044b87f64df9
0000044b90461dd9
0000044b9b05ebd9
0000044b9e3681b9
0000044ba315d099
0000044ba9890e39
0000044bad795b99
0000044bb09588f9
0000044bdd522e79
0000044be05b60f9
0000044be3849e99
0000044c407475b9
0000044c59c75f79
0000044c673e6fd9
0000044c6a15cdd9
0000044c7bf953f9
0000044c84647699
0000044cc01cf559
0000044cd88c4af9
0000044cd928ded9
0000044cea2d4cb9
0000044d0a72f539
0000044d0f6ff9f9
0000044d13c2b299
0000044d17145f39
0000044d3d8dea99
0000044d50a5cef9
0000044d5c3e4d39
0000044d70d71779
0000044d94c9f5d9
0000044d98784fb9
0000044d9b185cb9
0000044dbe491af9
0000044ddf842279
0000044de408c039
0000044e203d4219
0000044e258275b9
0000044e4b21a1f9
0000044e4efc3f19
0000044e597dd159
0000044e7d37d519
0000044e832e0299
0000044ee2ff91b9
0000044ee6b7ecf9
0000044efcf10379
0000044f06bfb8f9
0000044f2d9aa019
0000044f34549339
0000044f5ba42879
0000044f7e33d339
0000044fa656be99
0000044fdae7cab9
0000044fffa7cf79
0000045017486859
00000450266918b9
000004502d6424f9
0000045030907739
00000450638dba99
000004506921cab9
0000045070c1e159
00000450751852d9
000004507b940319
00000450a7152979
00000450e03f6c99
00000450e4a8ce19
00000450e9e405f9
0000045120d382d9
00000451455f74f9
0000045172869519
00000451bebdb059
00000451c2f6d1d9
00000451d8f82e99
00000451de06f6f9
00000451e91d06f9
00000451ed4fd7d9
00000451ed4ff9b9
00000451f7d004b9
0000045216810dd9
00000452183a8ef9
000008a4a71b7961
00000000013be171
0000000000000181
000004526072a5f9
000004527255cc79
000004528cd48859
000004529ef73a19
000004529ef74c39
00000452ca431019
00000452ca432099
00000452d1b39cb9
00000452daaf7dd9
00000452e9b22e59
00000453223eeab9
000004532ece14d9
000004533b8e4899
0000045342111c19
0000045344eeaf19
0000045351a30239
00000453540dff59
00000453863c0879
00000453b89cdd19
00000453c578ffd9
00000453c8e683b9
00000453cb9b5419
00000453cf2b8a99
00000453d5c86e79
00000453e22ff059
00000453e97e8c99
0000045410efe099
00000454202bfc99
000004542ec6b259
00000454302dedb9
00000454302df659
0000045439801939
0000045439802999
0000045481f658b9
000004548c9e5e39
00000454a4743959
00000454b0c87df9
00000454b1319df9
00000454b3652799
00000454c2a5f039
00000454ce441b39
00000454e34a66b9
00000454e7431259
000004550df8da99
000004555b167dd9
000004556d3ddd39
0000045585c21679
00000455882a4579
0000045588edef59
000004558b29ef59
00000455917a61b9
000004559b3ca7d9
000004559fac0cb9
00000455a4752039
00000455b3f4e279
00000455dadbd779
00000455eb9ad1b9
00000455ed875659
00000455f5913d19
00000456016f6e99
0000045604201e59
000004560e6b05b9
00000456168d0959
000004561fe853d9
000004562510e6b9
00000456381e6eb9
0000045683d166b9
0000045695f710f9
00000456b7041c59
00000456bced7d39
00000456c21974d9
00000456f25bdcb9
00000456f9bb0179
0000045717b4ca39
00000457184be4f9
00000457492f43b9
00000457bb00c259
00000457c25de439
00000457c8e87e59
00000457e6b1ef19
00000457e7c354d9
000004580555d819
0000045806ce0bf9
000004580c6f6fb9
0000045814a2e5d9
000004581f2ab519
000004581fdbae19
000004584a6f9939
000004584f336319
0000045867bbd339
000004586ec17af9
00000458729dc9b9
0000045877b18859
0000045897783d59
00000458a54f31d9
00000458c4f7b0d9
00000458efd41379
00000459028700d9
00000459073a99b9
0000045909a77a59
000004591897f2f9
0000045926b1b199
000004592ea6cc59
000004592ea6d579
0000045935e85359
0000045940abe319
000004594223e559
000004595099fa39
00000459528f13b9
00000459528f20b9
0000045969e26399
0000045980e2cf39
00000459a17d0559
00000459c2b49879
00000459c5c299b9
00000459f1606e19
0000045a010f9b39
0000045a028d3319
0000045a14a85299
0000045a164b2b79
0000045a1fdb19f9
0000045a46252eb9
0000045a54e18319
0000045a68d1cfb9
0000045a776def59
0000045a999c2139
0000045aaddaea79
0000045ac991cb79
0000045acc19cf99
0000045ade46f6b9
0000045adf935fd9
0000045b0a3f6ab9
0000045b252a8439
0000045b39374719
0000045b551728b9
0000045b62872f19
0000045b669ed319
0000045b67e24ef9
0000045b7636ba19
0000045b85853399
000008b747863561
00000000013be171
0000000000000181
0000045bb1d9bbd9
0000045bb7329939
0000045beca37039
0000045beebf6579
0000045c17182439
0000045c2c2ec859
0000045c73d92219
0000045c962c4a99
0000045ca89981f9
0000045cb3fc36b9
0000045cc1faf6f9
0000045cca240ff9
0000045ccd5379f9
0000045cd2e20b19
0000045cda525619
0000045ceab38c39
0000045d368c15b9
0000045d415f23b9
0000045d46e83ff9
0000045da8823d19
0000045db1546739
0000045db61d7739
0000045dbbef9399
0000045e0ed36a99
0000045e19391e59
0000045e4a1eb019
0000045e4a1ec599
0000045eab543099
0000045eb5611499
0000045ebc13f2b9
0000045ecc8a5839
0000045ee8df7cd9
0000045eebe1b5b9
0000045f21bd3559
0000045f21bd4c59
0000045f40ba5a39
0000045f5d6191d9
0000045f6d9d1b59
0000045f83d55619
0000045fa4511a59
0000045fba8d4239
0000045fc3a4fcb9
0000045fe464b139
0000045ff2d41959
0000045ff5e153f9
0000045ffa4c1df9
0000045ffe385e39
000004600b302099
000004600ce3c059
000004600daa9d39
0000046040ae0279
00000460474d5eb9
0000046059987419
000004605f39f619
00000460719122d9
0000046071914019
0000046085d04379
00000460994319f9
00000460994331b9
00000460a2dec0f9
00000460ab976b79
00000460b142b079
00000460bf0fba39
00000460d8b36cd9
00000460e59ca599
00000460ec6d3599
00000460fc329499
0000046114757c39
0000046158537d59
0000046159e9a0b9
00000461618acf39
000004616a38e4f9
000004616dc29a59
0000046170709a59
00000461afe6ced9
00000461b049cdd9
00000461b3519c59
00000461bb98b4f9
00000461bf1e5239
00000461c4398019
00000461c7f89c59
00000461f2dc0d99
00000461f2dc2599
0000046213a1a9b9
000004622f55fdf9
000004622f5612d9
00000462303bff59
000004624608d639
000004624ab8eeb9
000004624f9fce59
0000046274178f39
000004629c4cf0d9
00000462ad5a2239
00000462d13a0179
00000462f8fcfa39
00000463016cecb9
000004630df27719
000004630df29019
0000046339a18059
0000046343231699
00000463746eed19
000004637cc35f39
00000463a1ab7279
00000463a706e2d9
00000463ab595759
00000463b9a10019
00000463bd0f6719
00000463c061ae19
00000463c52784d9
00000463d2c7eab9
00000463dd64fb39
00000463dd7f49b9
00000463fd34dd59
0000046430e48b39
0000046471effe39
00000464751d87b9
0000046485e33339
0000046488cae7f9
0000046492151fd9
000004649c0c09f9
00000464b9d9b559
000008c9e7f0f061
00000000013be171
0000000000000181
000004650fc24979
000004652575c899
0000046530c89e79
0000046530c8a759
00000465546d80f9
00000465596f57d9
00000465796f4d19
0000046597fad099
000004659bd27c59
00000465a4059db9
00000465a6210cf9
00000465ab0cf339
00000465c83ccdd9
00000465e5bb7999
00000465efd7dc99
00000465f3427ff9
00000465f8fa9539
00000466068542d9
00000466097a4ef9
000004661dcf0f79
000004662a4d8799
000004662a4d8a59
000004663ca84119
0000046645f32cd9
0000046646d81f59
0000046646d83399
000004664d14a479
0000046694604939
00000466bb5f44d9
00000466bdab7719
00000466e0a23f99
00000466ea15b859
00000466f0788b99
00000466fd142619
00000466fd143699
000004670b540ab9
000004671f042cb9
000004672a00be19
000004672ba30c79
000004672eb68c99
000004672eb69339
0000046739707699
000004673c902bf9
0000046743d96e39
000004674a89fa39
00000467610bf6d9
0000046767781539
0000046767d35599
000004676fd70439
0000046780136619
00000467a24b7359
00000467abfd7719
00000467c0100999
00000467d99b1879
00000467ed955c79
000004681b763579
00000468275958b9
000004682e01c279
00000468388ebb39
000004683dd3ac59
00000468448b73d9
0000046863ac1899
000004686925bc59
00000468693bd539
0000046889b11b59
000004688d1337d9
000004689e365cf9
00000468b26b1d79
00000468c5f6cd99
00000468e68b1cb9
00000468e950e339
000004690000c0d9
0000046915f2e759
00000469179ba799
000004693748b439
000004693ec294b9
0000046966d9d919
0000046970d5b9f9
000004697f4e9259
000004698622ff79
00000469884f0b99
000004698d5c08d9
0000046990e56e59
00000469f9545299
00000469fccd3ef9
0000046a06af3239
0000046a09c79db9
0000046a117ab6b9
0000046a7ff9cd59
0000046a9350d1d9
0000046ab2562f59
0000046ae74484d9
0000046b3ad38f79
0000046b3d09c8f9
0000046b6908bb39
0000046b7ba674d9
0000046b7f727599
0000046b837c25d9
0000046b8da19999
0000046ba27e6d99
0000046ba27e7699
0000046bc5339ab9
0000046bcdcc9a39
0000046bd359e859
0000046bf14251b9
0000046c02c4b339
0000046c0d2686b9
0000046c11970df9
0000046c283810d9
0000046c28382959
0000046c38c8c4f9
0000046c38f8d159
0000046c65696319
0000046c7118a079
0000046c9015a6f9
0000046c9e0a3679
0000046caf087fb9
0000046cc7951319
0000046ce86aa839
0000046d278ad019
0000046d29398f39
0000046d35d85859
0000046d4825cfb9
0000046d58501b59
0000046d5fb3ecb9
0000046d8e918259
0000046d9f968a59
0000046d9f969e19
0000046daada3c79
0000046dbeb9c179
0000046dcfc9b679
0000046dd8cb4fd9
0000046ddc38e4f9
0000046de33c2339
000008dc885bac61
00000000013be171
0000000000000181
0000046e67d43a19
0000046e69c6ff59
0000046e8d6e1439
0000046eee4fe439
0000046f526a0099
0000046f526a17d9
0000046f57f23b59
0000046f5fdd7cd9
0000046f62f3c639
0000046f81781b19
0000046f98c3a419
0000046fac4ef799
0000046fbacbd079
0000046fbf687279
0000046fd5008ed9
0000046fdceda7f9
0000046fe347abf9
0000046fe5096899
0000046ffc96a6b9
0000047017c9d7b9
000004701cc5a779
000004704e66f1d9
0000047067c77059
000004706d10f579
000004706d110539
000004708f29d759
000004709aaed139
00000470b027ec99
00000470c504ab59
00000470caa24eb9
00000470cfe46659
00000470e1fbbc79
000004711a389319
0000047131b71bb9
0000047161b84139
000004719058b719
00000471a43ca859
00000471ad402a79
00000471ad4098d9
00000471b00cf9d9
00000471bdfc4839
00000471c54ae279
00000471c6698eb9
00000471d78b7a39
00000471f0d20119
00000471f8c50139
00000471f8c51999
0000047202077459
000004722149f8b9
000004722ea4c8f9
000004722eba3019
0000047236b4fad9
0000047236b50cf9
0000047238c76dd9
000004723f2ee819
000004725b636cd9
00000472bf656a79
00000472de4f4fb9
00000472f68064d9
0000047317a0bd19
0000047319b3d519
0000047347b318d9
000004734ad90e39
000004738b1b3ad9
0000047390b92279
00000473a0034939
00000473d6d07f99
00000473ed1e0979
0000047402ae4079
0000047417ad4f59
0000047424e970d9
000004742be10419
00000474506513b9
0000047452f969f9
000004745bf4d839
0000047462d19f59
0000047480a014b9
000004748d1492f9
00000474939c2719
00000474ba81a5f9
00000475045ba0d9
000004750e5b3939
000004751fb36eb9
000004752488ba59
000004752dadceb9
000004753c6dae59
0000047550a0b879
000004755a976ef9
00000475c1299bb9
00000475eddaaab9
0000047649f9fb59
000004765aa97fb9
0000047660c34699
00000476627b3159
0000047695761e99
00000476bf337cd9
00000476cf330b59
00000476e8ebeff9
00000476f3f14f99
0000047711d9e539
00000477192b3eb9
00000477192b57f9
0000047739502bb9
000004776fca0979
0000047774a624d9
000008ef28c66861
00000000013be171
0000000000000181
00000477a404d019
00000477a74312b9
00000477ab9e9f19
00000477b38407b9
00000477ca2c7a99
00000477fb7eb479
0000047803bf1ab9
0000047809501879
000004780aee0bb9
00000478477ddf99
0000047857dcf5d9
000004785da175f9
0000047862dc4299
0000047886c77279
00000478c250a539
00000478d7b9aa79
00000478f527ecd9
00000479002835b9
000004792e49f219
0000047946513959
00000479779830d9
000004798ff8c659
0000047992cb19f9
000004799420bcf9
0000047997d47ed9
00000479a5fe6cd9
00000479c786b439
00000479e3d12bb9
0000047a071d5879
0000047a27e2a959
0000047a3f3b5479
0000047a662adc39
0000047a78d8f559
0000047aa362e8b9
0000047aa82180d9
0000047aa8219fd9
0000047ad39e3399
0000047afefb7199
0000047b02fe4e99
0000047b105019d9
0000047b14857159
0000047b14858399
0000047b2bbcc059
0000047b3b8a6879
0000047b40ce38d9
0000047b5699d419
0000047b5c661e39
0000047b5eccc5d9
0000047b8830a4f9
0000047b9ebf0959
0000047bb64bba99
0000047bbdf9d4b9
0000047bcc2120d9
0000047bcc4f8bf9
0000047be3fcb199
0000047c03867279
0000047c18bd52f9
0000047c1a6695f9
0000047c3ae86059
0000047c6e208e99
0000047c752ab859
0000047c7f627479
0000047c8698f4b9
0000047ca2b8d3f9
0000047ca378eaf9
0000047ca9937299
0000047cb07c5a99
0000047cb0b1c4f9
0000047cb9be6cd9
0000047cb9ca4eb9
0000047cc0305879
0000047cfb712db9
0000047d0db547b9
0000047d3727a8b9
0000047d5754fa39
0000047d5ebd94d9
0000047d61fd3d79
0000047d6fa17a99
0000047db7772299
0000047de4680039
0000047de8a2baf9
0000047dfc499a19
0000047e5ef8dc59
0000047e652336d9
0000047e9ff95eb9
0000047ea9c70479
0000047eb7b65199
0000047edf0f9bb9
0000047ee36671d9
0000047f0dbc1c39
0000047f3618bfd9
0000047f457a0899
0000047f457a35b9
0000047f48162679
0000047f5832ebd9
0000047f883e8cd9
0000047fcf318979
0000047fdf06d359
0000047fedcf5419
0000048002b230d9
000004800a2276f9
000004802a89c399
0000048034225f59
0000048050b1bc19
0000048060f1c119
00000480678582d9
000004806d64fd99
000004806f5fac59
000004807bdf3e19
00000480bddcba19
00000480c3591fb9
00000901c9312361
00000000013be171
0000000000000181
00000481157faff9
0000048116d2bf59
0000048133472af9
000004815b0e4c39
0000048187d474d9
000004819feb50f9
00000481a4133a19
00000481ced30a39
00000481cf883539
00000481d792cc79
00000481e36c40d9
00000481e972c1b9
00000481ee1a0b19
00000481fa51ff79
00000481fa7a6099
00000481fa9fb199
0000048201191519
000004821846bfb9
000004821abe1f59
0000048239d34399
000004825feaff19
00000482631f1819
0000048278fd4999
000004828119b799
00000482c70b6199
00000482cfab1639
00000482cfdaaad9
00000482daae8919
00000482e0f7fd39
00000482f2357a79
000004830692ff59
00000483689ea659
000004836cde6df9
00000483706932f9
00000483861ca7b9
0000048393427f19
0000048396a52119
00000483a8636db9
00000483be91e219
00000483bef444f9
00000483c1180f59
00000483d1c23d59
0000048402c92ff9
00000484302313d9
000004843f0f94d9
0000048476636af9
000004848729d5f9
00000484d1c8a719
00000484dc41ed39
00000484e3804979
0000048501b26339
0000048502224919
0000048508af38b9
0000048535f4c919
0000048549ca7939
000004854ac064d9
000004854ac076f9
00000485612eb3f9
000004856188a239
00000485655687f9
0000048569f4b559
000004857d83b8d9
00000485866fbd79
000004858f8db359
000004859c0e74f9
000004859c0e7e79
00000485d1bfeef9
00000485df798c39
00000485f7958859
00000485f8126039
000004861a7e4599
00000486379f64f9
00000486536f3479
000004866cd633d9
000004866cd64919
00000486784c2ab9
0000048685237919
00000486982253b9
000004869bb133f9
00000486a61e8c19
00000486a61e9499
00000486b7aa7419
00000486ded62b19
00000486e5b8cfb9
0000048708ae7fb9
000004875a0ac599
0000048760acc3b9
0000048767466919
000004877ff15739
000004878c9e59d9
00000487932063f9
00000487932a04f9
00000487a8fe3b19
00000487e3f3a139
00000487ec4f1659
00000487ec4f27d9
00000487edd626f9
00000487f25bf159
0000048802098c79
000004881d848879
000004883889e0b9
000004883c079059
00000488431009b9
000004887091a559
00000488759491b9
00000488846728b9
0000048884673759
000004889a5a30f9
00000488d70f9119
00000488d87717b9
00000488d8772ab9
00000488fbfac5b9
00000488fd2b0079
000004890f3effd9
000004892d7a41b9
00000489300dd079
0000048957c2ac79
00000489bb6485f9
00000489be90b3d9
00000489c86c5479
00000489c988fd59
00000489c98905d9
00000489e1747719
00000489f2fb3319
0000048a0fa011d9
0000048a17175359
0000048a281ee579
0000048a3399eaf9
00000914699bdf61
00000000013be171
0000000000000181
0000048a4d4e7119
0000048a567aee59
0000048a6bff4a79
0000048a8b8a1999
0000048acc4cd439
0000048ad61f9339
0000048b1d3c6bd9
0000048b1f6b7df9
0000048b73abeb59
0000048b7f8da4b9
0000048b9debbd99
0000048ba74f5659
0000048bb03d2b79
0000048bb5103e39
0000048bc9644b99
0000048bcecbeff9
0000048c0df18479
0000048c3a231279
0000048c72335579
0000048c757dc039
0000048c77aad719
0000048cbb40faf9
0000048cca89fdb9
0000048ccb717879
0000048cd8006e99
0000048ce6548199
0000048d0d1fc5f9
0000048d15f61b19
0000048d606e7039
0000048d7a8d84b9
0000048d7b4c7c59
0000048d8599fa59
0000048d9c1fe6b9
0000048db7a83759
0000048dca659e59
0000048dd05297b9
0000048dd46fba99
0000048dfe730e79
0000048e0c0fc1f9
0000048e1fc15019
0000048e2cc98a19
0000048e436abad9
0000048e733c97f9
0000048e73cdaa59
0000048e766d9139
0000048ea8f87ed9
0000048ec7177599
0000048ecd0939d9
0000048ed001dab9
0000048f16280ff9
0000048f6be90fd9
0000048f81ae1ff9
0000048f8ec5f9f9
0000048f9bcad739
0000048facfee8d9
0000048fb72cfa59
0000048fcb8dc119
0000048fd6301099
0000048fe20737d9
0000048ff0d62a59
000004900db4aab9
000004902faf71f9
0000049035983219
0000049038d96fd9
000004903ea89d79
0000049047aa0179
00000490696af1b9
000004906f262ed9
00000490838a2e79
000004908db24739
000004909c9e1999
00000490ebf671b9
00000490ef89beb9
00000490f2265c39
00000490ff217439
000004912550a219
0000049144ea0739
0000049147f8b7f9
0000049167786839
000004916f3b75b9
000004917185fcf9
0000049174f4e719
000004917582b0b9
0000049178d55739
0000049181107379
0000049181108cf9
0000049181108f19
0000049193ce2659
00000491a00fc5b9
00000491b4106cf9
00000491b4846fb9
00000491bdd81c79
00000491bdd82f99
00000491f80eb9b9
0000049202398c79
000004921f881af9
0000049226173d59
000004922af098b9
0000049252d9c499
0000049268835b59
00000492855c8579
000004929d548239
00000492b49f9599
00000492bf3a65b9
00000492dbd50459
00000492e3916f59
00000492ff554f79
0000049307171599
000004931a9d71d9
000004934a4f6d79
0000049362e250b9
00000493639ebff9
000009270a069b61
00000000013be171
0000000000000181
00000493b22f02f9
00000493b8e10cf9
00000493ba613559
00000493bcfd7819
00000493c20f27b9
00000493da72bbb9
00000493e9a40319
00000493f1c09319
00000493ff0a1519
000004941b9fe119
000004942d4abf79
000004942f24b419
00000494431a7f19
0000049450c53ff9
0000049452318f59
0000049453f67c19
000004945c7bc979
000004945fee4179
00000494977c9359
00000494a7c3f479
000004951e214c19
00000495212f1a59
0000049531c018d9
0000049531c027f9
0000049531ff0c39
000004953e944019
0000049568889b59
000004956f400659
000004957e3d3459
00000495845cf2f9
00000495a52cfef9
00000495cb90c0d9
00000495d00cdfb9
00000495d2391559
00000495e66a65b9
000004960954be19
0000049639c44799
000004964f0b6fb9
000004964f0b8839
000004965099ce39
0000049668155519
000004966f956019
000004966f957379
000004967f61e3f9
00000496cbc0d2d9
00000496d90006d9
00000496e538e499
000004970a284199
000004970a285f39
000004973ecbeb79
00000497421d3079
000004974923ffb9
0000049754553839
0000049765f08ff9
0000049765f0d2d9
00000497915be459
00000497a68a17b9
00000497c73b8839
00000497cd3e1e59
00000497d0b92a79
00000497d0b974d9
00000497d2e1e2f9
00000497d37fd039
00000497d885d159
00000497d92103f9
00000497db04b6b9
00000497deed4819
00000497dfd85eb9
000004983b12d559
0000049848c50df9
000004986389c1f9
00000498ad1afa99
00000498b8ca4519
00000498c23c2699
00000498cf6353d9
00000498d45b9d19
0000049907f98e59
000004990a96dbf9
000004991707bbb9
0000049921142219
000004994226c9b9
000004994e030099
000004996f44b679
000004997ac09a99
000004997b119079
000004998a35bd19
00000499bca96e19
00000499e6e4b5f9
0000049a1f3bf6d9
0000049a63aa3859
0000049a652a0f59
0000049a7c79b2b9
0000049a980c1c99
0000049abedf29b9
0000049af9dd48f9
0000049afd576919
0000049b10bb3999
0000049b40bb7b99
0000049b4ccecfd9
0000049b8ffa0039
0000049b94b40a59
0000049b94b41919
0000049b974ccfd9
0000049bb0c6e819
0000049be985f9d9
0000049bf3873819
0000049bfd4b4e19
0000049bfd4b6039
0000049c0505d6d9
0000049c22893df9
0000049c2b085419
0000049c434a94b9
0000049c9754f2f9
0000049ccc18c459
00000939aa715761
00000000013be171
0000000000000181
0000049ceb73c119
0000049cf23d8419
0000049cf23da0d9
0000049d21d1fc19
0000049d23960ed9
0000049d394a4c99
0000049d394aa0d9
0000049d46483df9
0000049d56318879
0000049d5fdc05d9
0000049d6f6dd819
0000049d74fcedf9
0000049d9b9cc5d9
0000049dad42edb9
0000049dc5008d19
0000049dc86019d9
0000049dd34d36f9
0000049dd9fe9999
0000049deb74ec99
0000049df3d7a1d9
0000049df8b1f819
0000049e02f40cf9
0000049e118836b9
0000049e1f568579
0000049e29c5bff9
0000049e31913659
0000049e472c7ff9
0000049e472c80b9
0000049e4f6ec079
0000049e58119499
0000049e650d81b9
0000049e6f016d99
0000049e86d55bf9
0000049ebedd62f9
0000049ecfbee0d9
0000049f1f380919
0000049f43b9b7d9
0000049f5e800099
0000049f8031c3d9
0000049fa1a8f339
0000049fd9167a79
0000049ffa9d12f9
000004a002a87e59
000004a012ff7d59
000004a02c51a919
000004a02fbc1619
000004a039399279
000004a06231d7b9
000004a065a8f179
000004a0863f6ab9
000004a093b78dd9
000004a0a88059d9
000004a0aeb30f39
000004a0ecf7b379
000004a0fe072339
000004a104fccd59
000004a11351c579
000004a123d82339
000004a123d82c59
000004a14cfa4519
000004a15964aa19
000004a16cedb1b9
000004a1a1c8da99
000004a1a7fccb19
000004a1e80acc39
000004a1f71a6779
000004a1f71a6d59
000004a1f71a7a19
000004a1f72f5fb9
000004a230064539
000004a240683a99
000004a275e00e79
000004a28a1ab679
000004a28fe89dd9
000004a2b360cc19
000004a2d5f5ddd9
000004a30c0030d9
000004a310cf5d59
000004a337fa7dd9
000004a34394a839
000004a35868b059
000004a35df69a79
000004a3830b8299
000004a3839e5b79
000004a396b487f9
000004a396dbe599
000004a39e10b7b9
000004a3d6097079
000004a3d7f466f9
000004a3d8a4d319
000004a407750279
000004a440920979
000004a447e51b79
000004a465ba92d9
000004a465baa719
000004a465bac1d9
000004a471d631f9
000004a477c8e0f9
000004a484154c99
000004a4908b2799
000004a4b34cb399
000004a4c4f8e3f9
000004a4e7799a19
000004a4f19ac0b9
000004a4f961efb9
000004a4fad55e79
000004a4ffaf23b9
000004a50ec54979
000004a5477341f9
000004a55ec56979
000004a572c9a1b9
000004a5774f6079
000004a57bee1b59
000004a58b7fe9b9
000004a58c794579
000004a5a6409219
000004a5be83df19
000004a5d07a4079
000004a5ddaa2dd9
000004a5fcc442b9
000004a607207739
000004a609a0a5b9
000004a61f410f19
0000094c4adc1261
00000000013be171
0000000000000181
000004a667abba19
000004a6712c4dd9
000004a679164499
000004a68550ec99
000004a6ea670a19
000004a6f27bf8d9
000004a71676dcd9
000004a7339f57d9
000004a748a6af79
000004a788014e59
000004a7c2559379
000004a7cedb2db9
000004a7e74b71f9
000004a7f0ef45f9
000004a7f34db799
000004a7faa5f6d9
000004a809c9dc39
000004a81cf63679
000004a82af947d9
000004a8436f83d9
000004a84c7ff119
000004a8782a7379
000004a880d7f879
000004a8d6f15b79
000004a91ae8a959
000004a92732d299
000004a96086e539
000004a971451939
000004a97281f659
000004a9969efcb9
000004a99d4cb999
000004a9befc6b19
000004a9ea51cc99
000004a9ed446559
000004a9fd73d199
000004aa0528b279
000004aa0bb558f9
000004aa2013c4d9
000004aa2cc47299
000004aa35ed7f39
000004aa3c408719
000004aa49974299
000004aa4e0159f9
000004aa56f79659
000004aa5bab7019
000004aa5ca5e959
000004aa667e4c59
000004aa6de57699
000004aa80830399
000004aa94d999b9
000004aa9f16a799
000004aad0428b19
000004aad0c62959
000004aaea779df9
000004aaed854359
000004aafa71b519
000004ab1fe7ff79
000004ab221c3d99
000004ab2b294ab9
000004ab94027459
000004ab9b84bb39
000004aba7f87ed9
000004abb350c9d9
000004abb3ec1df9
000004abe8ee4a39
000004ac039a85b9
000004ac619d1a79
000004ac619d2c39
000004ac793534d9
000004ac7c22d719
000004ac83e75879
000004aca2d26dd9
000004aca433e279
000004acb5972c39
000004acb5974019
000004acb59740b9
000004acb5974779
000004acc72211d9
000004acd5762659
000004acea087259
000004aced34ce19
000004acf5b1f739
000004ad1a3f2559
000004ad2a8ab7f9
000004ad2b806319
000004ad442cc5b9
000004ad4fd48039
000004ad6278a919
000004ad63d717f9
000004ad86ceff39
000004adbb2806d9
000004add1041719
000004add208e8b9
000004ade9328df9
000004adfefe9a99
000004ae06acaaf9
000004ae1622c759
000004ae2353a539
000004ae27c33c59
000004ae3d0960b9
000004ae59642cf9
000004ae67cf3139
000004ae9af35619
000004aea06b6cb9
000004aeb64146b9
000004aecfb6e399
000004aed5e26039
000004aed66e97b9
000004aef92eecd9
000004af092b5939
000004af27fc7239
000004af2aeafc99
000004af32ef43f9
000004af345948f9
000004af45057dd9
000004af4b520679
000004af63bce019
000004af6a0266f9
000004af727e7e59
000004af72ff0bf9
0000095eeb46ce61
00000000013be171
0000000000000181
000004af83a4dcd9
000004af93231659
000004af9d467999
000004afb96a4a39
000004afc2ce5059
000004afe081d7d9
000004afe9cedf99
000004b0048ddc19
000004b021552679
000004b0799dfbf9
000004b08b4d5f39
000004b09219bd59
000004b092ae6379
000004b0a422a3f9
000004b0a49cb199
000004b0b8613f19
000004b0bc497cd9
000004b0bdb3f5f9
000004b0d7a36999
000004b0fcc7e659
000004b109248b39
000004b1119bb359
000004b11a9d14d9
000004b1285fbaf9
000004b12b66d2f9
000004b144268059
000004b1476d06b9
000004b1510f1ef9
000004b18eb9b9b9
000004b18f52b379
000004b1a236d2b9
000004b1b936bd59
000004b1d1d9bfd9
000004b1d2dce4f9
000004b1ddf856d9
000004b1ec8d7879
000004b1f58ff6d9
000004b1f58ffef9
000004b2112cbab9
000004b2117d6419
000004b2131be979
000004b2131c0fb9
000004b23689dc99
000004b245b69239
000004b267ea4419
000004b2876e4fd9
000004b2898603b9
000004b28bc69d39
000004b28ffaf619
000004b2bc387fd9
000004b2bfffced9
000004b2deb3e7f9
000004b3152a9e59
000004b3324bcd59
000004b3396f80f9
000004b363752fb9
000004b36800b659
000004b3959b4199
000004b3cbbeb759
000004b3d3b7c5f9
000004b3d779be19
000004b3dfab3bb9
000004b3e4c645d9
000004b3f3354039
000004b3fa7348f9
000004b437820859
000004b452232b79
000004b455c33c99
000004b45ae1a3b9
000004b46bf40a99
000004b498d11299
000004b4ce200059
000004b4d2cd1db9
000004b4d2cd3f39
000004b4debd7c39
000004b4eaa55cb9
000004b50d35e639
000004b515262e99
000004b519d95199
000004b51c513419
000004b522f6acf9
000004b52bf5bb39
000004b530dc7f39
000004b538b7fa39
000004b562d05299
000004b563ec5f19
000004b567ac3a59
000004b56874eeb9
000004b57994e099
000004b593cfcd39
000004b5a20c8819
000004b5b2178af9
000004b5bbada4f9
000004b5c04aeef9
000004b5c3791d19
000004b5cb37c119
000004b5d225f559
000004b5ed52a8b9
000004b5fd66c159
000004b61b90caf9
000004b638053679
000004b63d01a459
000004b674377bb9
000004b68a9eed59
000004b6a2be86d9
000004b6d7dcd6d9
000004b6e24c38f9
000004b6f5ac1af9
000004b6f6d56bd9
000004b7134d6db9
000004b72b47c0d9
000004b73603ced9
000004b736e57cd9
000004b75355f8d9
000004b76c470059
000004b777fab439
000004b78e015bd9
000004b7ac78bef9
000004b7e0456699
000004b7f7565199
000004b804dee639
000004b80be9cef9
000004b81d6037d9
000004b831bfb5f9
000004b8589b19f9
000004b85e7d6b59
000004b86906aad9
000004b880500819
000004b88d222319
000004b8920a9e79
000004b8b2124c59
000004b8c168edd9
000009718bb18a61
00000000013be171
0000000000000181
000004b8d7c9fa59
000004b8fdd6f559
000004b9073ea859
000004b911455f79
000004b913d23b99
000004b92e97f719
000004b93429c899
000004b935d9e0b9
000004b94349d7d9
000004b94d9222d9
000004b95d981699
000004b9781d3539
000004b9c33b93f9
000004b9c742c4d9
000004b9df3fc6f9
000004b9e2aac959
000004b9eba95819
000004ba1777fb39
000004ba76737ef9
000004ba78037199
000004ba7948dff9
000004ba8b8a6339
000004ba9382fab9
000004bab2114ad9
000004bab6bf7b59
000004babba4f199
000004bad266f7b9
000004bad27c86d9
000004bade050ef9
000004baed79dcb9
000004baf3a12219
000004baf55be2b9
000004baf7d2bb99
000004bb10afe1b9
000004bb10f05339
000004bb13736b99
000004bb2be8da59
000004bb37442ef9
000004bb388ce0d9
000004bb456a8d59
000004bb4c7f8239
000004bb5884dc19
000004bb620c2bd9
000004bb7e8a2319
000004bb8db9d9d9
000004bbaf23c9b9
000004bbe3daae79
000004bbe3dac4b9
000004bbe3dacc39
000004bbef349399
000004bbfc259e19
000004bc04f549f9
000004bc0b452af9
000004bc230faef9
000004bc23ef3639
000004bc2b84c3d9
000004bc2be1af99
000004bc3ab89679
000004bc584de499
000004bc58c43bb9
000004bc71b3cbf9
000004bc8caa5799
000004bcaf5ed6d9
000004bcdbd3c7f9
000004bce2759959
000004bce58d2439
000004bd0a9d43f9
000004bd0c3629d9
000004bd2e54fdf9
000004bd5a0c4c79
000004bd5cb228d9
000004bd9db17399
000004bd9e1eb339
000004bda41f7559
000004bdaaeda5f9
000004bdbed20f59
000004bdc121eeb9
000004bdc1a3dad9
000004bdc76d0f19
000004bdcdcdbf39
000004be10204699
000004be1f4d0299
000004be25f9ac39
000004be3893a1b9
000004be45a55a79
000004be5b315559
000004be7be4dff9
000004be9bc7bb59
000004be9bc7e019
000004beb48dabb9
000004bec27f1759
000004becd9ac7f9
000004bf08df25b9
000004bf1171d719
000004bf2a595379
000004bf3304b9f9
000004bf57e65119
000004bf657bd479
000004bfa2d0ef79
000004bfb66618b9
000004bff57086f9
000004c00d8e6259
000004c020aa9c99
000004c096186179
000004c0b0bde9b9
000004c0cdda4db9
000004c0e5a6ee59
000004c10ad90019
000004c1115a9b39
000004c1270cad19
000004c1270cb5d9
000004c131469d59
000004c13bad7ed9
000004c175e89d99
000004c180fc08b9
000004c18239f999
000004c199ec2d79
000004c1b245a6d9
000004c1b3fd5899
000004c1cf1bb619
000004c1d2535df9
000004c1d68de219
000004c1e35ae559
000004c1e8256d39
000004c1efce05f9
000004c1f19d0399
000004c1f6b783f9
000004c1fa6de7b9
000004c2090af299
000009842c1c4561
00000000013be171
0000000000000181
000004c21f730a19
000004c26579ad99
000004c26ee31719
000004c28212a319
000004c2835b9f79
000004c2929c5d79
000004c2a038aa19
000004c2a82e9359
000004c2abc9c5b9
000004c2dee36af9
000004c2efb95219
000004c2f99c7d59
000004c303bfbf79
000004c31a88c5b9
000004c31d662339
000004c355cfec59
000004c369694a39
000004c37855e459
000004c396e312d9
000004c3bec5ec39
000004c3bf434db9
000004c3c6db2039
000004c3d7044fd9
000004c3d7c232d9
000004c3e11939d9
000004c3fca1e039
000004c416626bb9
000004c44e51de99
000004c46d8b9b59
000004c4bf70bcb9
000004c4c0fd3039
000004c4d23f4959
000004c4d858e5d9
000004c4e4284bf9
000004c4f29bf879
000004c4fced61f9
000004c51eb7c899
000004c54d84c839
000004c55fba5ad9
000004c578a94759
000004c578a95d19
000004c5800c7139
000004c590c753f9
000004c5a66d4d39
000004c5b18352f9
000004c5b1836a19
000004c5bdfc7a19
000004c5c4ef0e59
000004c5dbfe7e59
000004c5eb37c519
000004c5eba76c19
000004c5f956fd99
000004c601c23759
000004c60623ffd9
000004c60c933b39
000004c612f8cbd9
000004c619f420d9
000004c62a7112f9
000004c63a0431f9
000004c63bb8efb9
000004c63d059b19
000004c665045859
000004c699770e79
000004c6a24eba99
000004c6b00f93f9
000004c6b00fa859
000004c6b13f3819
000004c6b75dd559
000004c6e352c5d9
000004c6e3a1ba59
000004c6eb90a139
000004c72b26acf9
000004c72f2d6c19
000004c751d3e259
000004c75c164599
000004c762f8e9d9
000004c77d71b9d9
000004c7a5c71d59
000004c7ab8a1179
000004c7bac53bb9
000004c7d6177d79
000004c7e53f3639
000004c7e9343f19
000004c7fb202e99
000004c7fe314e99
000004c80190e9d9
000004c8234799b9
000004c8716ec799
000004c872002cf9
000004c891dd3e39
000004c891e572f9
000004c8945a1679
000004c8be47ff39
000004c8c4fb1af9
000004c8d13d6b39
000004c8eaaa1fd9
000004c9036ddff9
000004c90d413599
000004c942427cf9
000004c96ed612d9
000004c98c1d86d9
000004c9b05c1519
000004c9bb3d9f19
000004c9d664f719
000004c9de7279d9
000004c9fc597b59
000004ca127fa5f9
000004ca1e6c7359
000004ca346eb579
000004ca67be74d9
000004ca67be87d9
000004ca785222d9
000004ca97214c59
000004cab15adc59
000004cab76a20b9
000004cabc0902b9
000004cac12bdd59
000004cac5f51bb9
000004cac6144cb9
000004cad18b3b39
000004cad5784439
000004cadd703e19
000004caea6def59
000004caec383659
000004caeca9c919
000004cb38d78179
000004cb3de4a8d9
000004cb3de4b2f9
000004cb4f2e9799
00000996cc870161
00000000013be171
0000000000000181
000004cb73187599
000004cb7e553679
000004cb95d60af9
000004cbbf7a61b9
000004cbc2307e59
000004cbcc2c5ed9
000004cbd3b418b9
000004cbe8f6d639
000004cbf4832939
000004cc06142b79
000004cc30287359
000004cc63a76979
000004cc71376cb9
000004cc82a91119
000004ccaac03839
000004ccb0c83319
000004ccba99afb9
000004ccc918a519
000004ccc9c2d159
000004cd0b70add9
000004cd49cdfb19
000004cd6e144d79
000004cd82fe4bf9
000004cd939d4539
000004cdaa3ae799
000004cdb394e099
000004cdc97ccef9
000004ce144badf9
000004ce2af2a839
000004ce2d396919
000004ce31385fd9
000004ce472336d9
000004ce4ebe0699
000004ce63a5c859
000004ce6be108f9
000004ce91d83cb9
000004ced44f0d59
000004cede8887b9
000004cef359f599
000004cf14fddaf9
000004cf3141df39
000004cf48273479
000004cf5924b3b9
000004cf67fa90f9
000004cf710c55d9
000004cf939865b9
000004cfba5780b9
000004cfba5791f9
000004cfd09c5279
000004cfd7551939
000004cfdaf15859
000004cfec9e4279
000004cff464e919
000004cffd5fe219
000004cffd5ffd79
000004d03a742a19
000004d03c07c279
000004d03f0e3d99
000004d05e0f17f9
000004d0820930f9
000004d0b8116b79
000004d0c0f4ca19
000004d0dbeff719
000004d0e7d4f7f9
000004d0f1845379
000004d0f8d55959
000004d1119e4db9
000004d123712af9
000004d12fb0cc39
000004d13cff1ef9
000004d13cff45f9
000004d15c2e43d9
000004d15ff17d59
000004d16feb8879
000004d16feb9c79
000004d175e1ef19
000004d17b7d8799
000004d1aaf97079
000004d1dc5d9699
000004d200501859
000004d213f2b899
000004d21619c3b9
000004d21f269cf9
000004d230bae1b9
000004d26e149f79
000004d29048c019
000004d296353879
000004d2988ec479
000004d29e2aebb9
000004d2ad544a99
000004d2bb169e79
000004d2c173ab19
000004d2ca38e159
000004d2e7578339
000004d2e83c7ab9
000004d307589759
000004d366726e79
000004d36cf14079
000004d37fa44279
000004d3a3671f79
000004d3bf974759
000004d3fefe7e59
000004d4088e4d79
000004d4192634d9
000004d42a1929f9
000004d440ff4359
000004d454432e39
000004d45f892479
000004d475c9a179
000004d4a085aa99
000009a96cf1bd61
00000000013be171
0000000000000181
000004d4d685c0d9
000004d4eb9b2599
000004d502300339
000004d53a985619
000004d555fa5a59
000004d573f015b9
000004d59b976879
000004d5bf761799
000004d5ec8cd319
000004d5ed8c7d79
000004d5f2210959
000004d5f251f239
000004d605111eb9
000004d60b087879
000004d628e39d99
000004d630b98459
000004d637688939
000004d638847099
000004d66bf13919
000004d67a5f5bd9
000004d6c1436b99
000004d6e9aa2639
000004d6ebb859d9
000004d6efe9acd9
000004d6f7642219
000004d70ac01c19
000004d73c80eaf9
000004d73f3958d9
000004d754040b79
000004d764d48fb9
000004d769806839
000004d76a296119
000004d78510cc79
000004d7a08b9a59
000004d7b0d22399
000004d7b1c4f759
000004d7cf1b5699
000004d7d104f179
000004d7e766e6d9
000004d7ecece839
000004d7f2c578f9
000004d8098b3e39
000004d81a721ef9
000004d84e448439
000004d84e449679
000004d851b53d59
000004d86b1cc999
000004d86f5ed419
000004d8b83195b9
000004d8ba47ca19
000004d8e0e05b79
000004d8e7270879
000004d8fa198bb9
000004d8fe08e4f9
000004d90872c4f9
000004d90ef43af9
000004d90f76aff9
000004d912c4d2f9
000004d9151eb7b9
000004d9160265d9
000004d92a634899
000004d93c8ef099
000004d980656fd9
000004d98e204cd9
000004d9ae49e699
000004d9b4f381f9
000004d9b91e3cd9
000004d9eba1e619
000004da202a55d9
000004da2491c519
000004da3b596059
000004da43aa4539
000004da5a72d279
000004da91bdc4f9
000004da9af712f9
000004daa2555439
000004daa6b9f919
000004daacc082d9
000004daacc09499
000004dab1951ff9
000004dac8531a59
000004dae9a7eb59
000004db138a84b9
000004db31b64bf9
000004db48c54b19
000004db5208def9
000004db661fa7f9
000004db7e88c7b9
000004dbb8d05119
000004dbd4ff8ff9
000004dbe83d5899
000004dc12b8e8b9
000004dc1f7555b9
000004dc2a370019
000004dc3291df99
000004dc3d501c19
000004dc41bf4f59
000004dc667ebf19
000004dc929ac219
000004dc990eaed9
000004dcb39f4679
000004dcbc72c0d9
000004dcce143c19
000004dcdf0a98d9
000004dce35b3f39
000004dd111cae19
000004dd18afd859
000004dd2235eb79
000004dd99b64ad9
000004ddab6a3099
000004ddb152eb59
000004ddb1530399
000004ddc12a69d9
000004ddc474c0b9
000004ddc99074d9
000004ddd2a7f2f9
000004dddc9804d9
000004ddddabc859
000004ddf2cbf519
000004ddfa60f4b9
000004de00faa639
000004de059c6d99
000009bc0d5c7861
00000000013be171
0000000000000181
000004de0ef5e9d9
000004de28c838b9
000004de2d54d1f9
000004de3107e999
000004de57e36379
000004de601a75d9
000004de6e347b19
000004de7a8db2d9
000004de97217039
000004de9cac1099
000004dea0fbcc59
000004dec1c96059
000004dec9fa10f9
000004ded118b3f9
000004dee085f859
000004dee8517af9
000004df1096dc59
000004df282261b9
000004df2a42d559
000004df5ed722d9
000004df7b965979
000004df7b965db9
000004df7cc79719
000004dfaa7f5099
000004dfab0411f9
000004dfb19fb399
000004dfbd6d0959
000004dfc0922fd9
000004dfd1a4d659
000004dfda9f23d9
000004dfdcaae739
000004dfe0069c99
000004dfe82b3339
000004dff4361e79
000004dff54f7179
000004e00ddd8099
000004e040c0af79
000004e05bd24cb9
000004e06bbb8499
000004e07680f499
000004e07aa5f079
000004e0855398d9
000004e0a6e5e759
000004e0b29c59d9
000004e0cb8f3f79
000004e0da004299
000004e0f0d2acf9
000004e0feacbef9
000004e102ba01b9
000004e156e13299
000004e159cf7479
000004e169f5bab9
000004e175910eb9
000004e175b377b9
000004e17ee3a319
000004e183b5b359
000004e1969534b9
000004e19d23ba39
000004e1aec1f0f9
000004e1c84b3d19
000004e1d0b652f9
000004e1d225b759
000004e1db9453b9
000004e1ecbea479
000004e201b19839
000004e2246823f9
000004e24388ecf9
000004e278dbc1f9
000004e27dc005b9
000004e2878ef939
000004e2882c5699
000004e2aeb85a99
000004e2afa0aad9
000004e2b26bf619
000004e3096a1959
000004e30e6e8879
000004e3113f2a39
000004e330453539
000004e3b2d84a79
000004e3b64110f9
000004e40514cad9
000004e40f0850b9
000004e414f89cb9
000004e42747b119
000004e42763e879
000004e451aba619
000004e45d8e37d9
000004e461be2b99
000004e470818339
000004e47209d1d9
000004e477f5ad79
000004e4aa2ef779
000004e4ae581bd9
000004e4b3c26ed9
000004e4c19a03b9
000004e4c6a8e3d9
000004e4dca5e539
000004e4ebc8b959
000004e4efc93879
000004e51a6f5659
000004e51f6a1b19
000004e52160b1b9
000004e526bea579
000004e52ddfe699
000004e54d9885b9
000004e54f773399
000004e550d311f9
000004e555678719
000004e5755df739
000004e584e42a79
000004e58664fb59
000004e593a74ed9
000004e59a073f39
000004e59c3a1759
000004e5b054add9
000004e5f3b5f439
000004e5fb64bf79
000004e62279d619
000004e628870c39
000004e63d31ded9
000004e68ae05799
000004e68e80d5b9
000004e68edc8259
000004e69502e679
000004e69cf0f7b9
000004e6a24d8139
000004e6a8a86499
000004e6ad4345d9
000004e6b91f2339
000004e6c4102599
000004e6cc5cecf9
000004e6da4041d9
000004e6e2cc5fb9
000004e6e4316c19
000004e6e6c21e99
000004e6ea9ab819
000004e725e2ee99
000004e73976bd59
000009ceadc73461
00000000013be171
0000000000000181
000004e76c242439
000004e77e2ae6f9
000004e77ed93b59
000004e794982399
000004e79dec7b59
000004e7a5371259
000004e7aeec66f9
000004e7c1532f19
000004e7c1533f59
000004e7d1c6a919
000004e7e6d7c2b9
000004e827bc5f59
000004e837b6e599
000004e83e01cf19
000004e8601c42b9
000004e87f980f59
000004e8a9004f79
000004e8abf4ca39
000004e8aec8b339
000004e8e664e9f9
000004e8ea29a5d9
000004e8ed5663f9
000004e8fa733bf9
000004e922d4e919
000004e92d2e12f9
000004e936cad599
000004e95eb06659
000004e96682b8b9
000004e96fead819
000004e9aa6a99f9
000004e9b894bb79
000004e9e1105399
000004ea02f155f9
000004ea071bd339
000004ea07546779
000004ea09b81699
000004ea157cca59
000004ea2dc019d9
000004ea339c39d9
000004ea33d591d9
000004ea3b0f61f9
000004ea4cd40af9
000004ea510db299
000004ea6ddfaeb9
000004eaa47d7eb9
000004eaa8dd8859
000004eab5806f19
000004eac44d0a39
000004eade9890b9
000004eaeddeb4d9
000004eaf380c119
000004eaf380ce59
000004eb0269dc19
000004eb02f39e39
000004eb1c14e7b9
000004eb38e81499
000004eb4bff15f9
000004eb54ee6519
000004eb5c235199
000004eb67d9ffd9
000004eba987d999
000004ebb0140599
000004ebba539b19
000004ebc94f4cb9
000004ebe6f835b9
000004ec140becd9
000004ec49f20139
000004ec62134f99
000004ec72174f79
000004ec72175ed9
000004ec8a938259
000004ec8a9d6059
000004ec98fdd779
000004eca95567b9
000004ecb5e69379
000004ecc10d80d9
000004ecf1ebaad9
000004ed1bdaa839
000004ed42b9af39
000004ed53e5a719
000004ed6a0a1919
000004ed88a8bf39
000004ed9227a6d9
000004edb1e06859
000004edb5236d19
000004edc6e2d1d9
000004edc81f0f39
000004edd9d92599
000004edd9f18c39
000004edde7d9899
000004edf2141d99
000004ee0752cc99
000004ee279d2259
000004ee297cba59
000004ee50811459
000004ee722c94b9
000004eeb0525c39
000004eebb8ca539
000004eec93f97b9
000004eed03867d9
000004eedb401b59
000004eeef6f9079
000004eef447b3d9
000004eefae4e739
000004ef2a49d899
000004ef2e94dd99
000004ef31358179
000004ef55e7a379
000004ef570610f9
000004ef62556ef9
000004ef71c6b219
000004ef837d4a79
000004ef84b94b39
000004efa12018d9
000004efa550e9d9
000004efbe7b0299
000004efd47aafd9
000004f031b5e879
000004f034a3d019
000004f0447af6b9
000004f044d19679
000004f046fdc5f9
000004f059c0fef9
000004f07af51e39
000004f08b8ac939
000004f090aa9979
000004f094796119
000004f098569a19
000004f09f2f4399
000009e14e31f061
00000000013be171
0000000000000181
000004f0aff19dd9
000004f10ad0f459
000004f11c814a59
000004f126658279
000004f14e302b59
000004f163e471b9
000004f164ae01f9
000004f167a220d9
000004f185a0a819
000004f1c46d8ef9
000004f1cd31aa99
000004f1de39e6b9
000004f1e0527cd9
000004f1e1845819
000004f2125867b9
000004f215de5539
000004f23a684f59
000004f24328de79
000004f26406c5d9
000004f277015179
000004f29bc03f59
000004f2a7528fd9
000004f2bab8a879
000004f2c8f24939
000004f2df5fccd9
000004f31af22399
000004f31af233f9
000004f330d53759
000004f33aa8fa59
000004f33d664c19
000004f383c574d9
000004f3875a8f19
000004f3cc4c5359
000004f3dcb84bb9
000004f41aad50b9
000004f445df74d9
000004f453150539
000004f45b4d28f9
000004f465635499
000004f4712b7f99
000004f47992d899
000004f48aaddb59
000004f49a152e19
000004f4beeba5f9
000004f4d6ead119
000004f4ec3f5a79
000004f4f38992b9
000004f4f57866d9
000004f501bd1619
000004f509948019
000004f50f1a5fd9
000004f5275e05d9
000004f5361817d9
000004f562235199
000004f56e4fe899
000004f585a746f9
000004f5a9b1c659
000004f5f87c9e19
000004f6230c6fd9
000004f646dcb2f9
000004f665783459
000004f68438c439
000004f68924c819
000004f697da5b79
000004f6c91efff9
000004f6da5bf2f9
000004f6e26ff2f9
000004f6f68c64b9
000004f701f1f2b9
000004f70db28319
000004f71503d019
000004f7169bb739
000004f71d12d059
000004f72e9ab079
000004f743c47e59
000004f7595a3d19
000004f760fc2c99
000004f77a4c2b39
000004f77ac15ad9
000004f7852834f9
000004f7960abbb9
000004f7b7a5aa19
000004f7d25dba59
000004f7d5a550f9
000004f7e274b8d9
000004f7e54e7639
000004f7fe116799
000004f7fed909f9
000004f8151037f9
000004f8545cf839
000004f858ffe1f9
000004f875ad2099
000004f8b5757cd9
000004f8c1d452d9
000004f8d9ae92d9
000004f91ea8e039
000004f925e68b79
000004f94551ad19
000004f94ffe01d9
000004f97d9d9519
000004f98e507c79
000004f9c0b78e19
000004f9c38e6f79
000004f9c7fc8899
000004f9f1902859
000009f3ee9cab61
00000000013be171
0000000000000181
000004f9f7c41b19
000004fa01fa7e19
000004fa028f0db9
000004fa0dee17b9
000004fa27be3479
000004fa3958a099
000004fa3ff1fcf9
000004fa45cb6c39
000004fa5b2c8119
000004fa681cd399
000004fa6f071dd9
000004fa805a9c59
000004fa8f530859
000004faa1ed73f9
000004fab9e5e8d9
000004fabd280819
000004fac8ba4b99
000004fae46d1939
000004faef874319
000004faf5325bd9
000004fb1999a439
000004fb21e423b9
000004fb282e5a79
000004fb2da91339
000004fb39d576f9
000004fb559a04d9
000004fb63c4d959
000004fb8634ff59
000004fbab9bc619
000004fbc2a790b9
000004fbf0ed66d9
000004fbf6cef059
000004fbfab39c59
000004fc10ad66d9
000004fc17f81dd9
000004fc1de87799
000004fc2231a5f9
000004fc29502cf9
000004fc44cb77d9
000004fc4d1dcd79
000004fc61b6c539
000004fc6d6c0db9
000004fc92cf4d39
000004fca8ffd559
000004fcbb6b71d9
000004fcbda33399
000004fce1ee05b9
000004fcf0968259
000004fd4c1f1af9
000004fd6c3e0919
000004fd79b111f9
000004fd9a94e6b9
000004fdbd458279
000004fdd247d019
000004fdd4c04a19
000004fdf90e8bf9
000004fe0c240899
000004fe11c41199
000004fe16b4ac39
000004fe1d1d2a59
000004fe20e11ed9
000004fe517f60f9
000004fe7149de99
000004fed5bdc399
000004fef1fa4bd9
000004fef6ca6c99
000004fef6ca8839
000004fef98bee39
000004ff09ad6119
000004ff10b27279
000004ff11d7a879
000004ff43bcc5b9
000004ff65680bd9
000004ff6f99b519
000004ff7234ec39
000004ff93471379
000004ffb2cdd8f9
000004ffc04cfb59
000004ffd15f5419
000004ffd8a9fc99
000004ffe1dfb2f9
0000050068c1d7b9
00000500878b5039
00000500c955cb19
000005011c416519
000005012dd05dd9
0000050131abc559
000005014014c419
000005014c21b079
00000501875a5d19
000005018e3e7d39
00000501c93ec6d9
00000501f4ad4739
000005020204afb9
00000502050df2d9
0000050233129079
000005024c2ef0f9
00000502702c93b9
0000050293bc3859
00000502a0ace839
00000502a0ff3559
00000502a655e219
00000502ad343fb9
00000502c508f199
00000502e8a015f9
00000502eb628cb9
00000502f12d3779
00000502f2a46d99
0000050307d8f3d9
0000050309186c39
000005030e1e01f9
0000050321c90d59
000005032d94d939
00000503412f3739
0000050341bf6a59
00000a068f076761
00000000013be171
0000000000000181
00000503479ca7b9
000005035a400159
00000503758572f9
000005039f7eb5d9
00000503a7ed3af9
00000503b23fce19
00000503bac64019
00000503d15240d9
00000503d1719219
00000503dfc0a539
0000050416eb2df9
0000050425521779
00000504595b6939
000005046131eb99
000005046c57e179
00000504809e9379
0000050481d2e0b9
0000050485903ff9
000005049aa01619
000005049db2a559
00000504a7ed3959
00000504dbc02999
00000504f3a09679
00000504f8c24319
0000050512b84b79
0000050512d6e239
0000050540415c79
000005055c018eb9
000005058a912bf9
000005059af63c39
00000505aa9fc319
00000505c7bfa4b9
00000505f431b419
00000505fcb9fe39
0000050606e689b9
00000506339e5719
00000506522b51f9
0000050656ece339
000005066f330c19
00000506758543d9
0000050676d86979
00000506d36924f9
00000506f083d639
0000050707918719
000005070b9de5b9
000005072a178b39
000005072a5e3ff9
000005072bb36219
000005075809c099
000005078a51e0b9
000005078f1ad8b9
000005079baed299
00000507ad37b5b9
00000507ddd0a5b9
00000507ddd0b8b9
00000507f27001d9
000005080fd774b9
0000050816cf2db9
0000050841695f99
0000050853b46259
0000050863b911b9
000005086c419a19
0000050884ce5799
000005088de12af9
000005089b7a4df9
00000508b4486a59
00000508e4c7e799
00000508fcc41cb9
0000050900d69859
00000509077eab99
00000509079a7139
00000509378d7279
00000509418352d9
000005095c7aeaf9
0000050967769d59
000005099ab84b99
00000509a8318799
00000509b1bf6a19
00000509be958299
00000509d66a6479
00000509db2c6ab9
00000509e17cb0d9
00000509e1a01d79
00000509f7f795f9
0000050a34ad2f19
0000050a35dfef39
0000050a46b92df9
0000050a49bd2059
0000050a55478999
0000050a6e9aabd9
0000050a6e9ac139
0000050a77f04a79
0000050a8875c419
0000050a91bf7db9
0000050a9bf4a439
0000050a9bf4b2b9
0000050abfc0fdb9
0000050acf110a39
0000050ada783ed9
0000050ae3531019
0000050aea5f39b9
0000050b1b1a8539
0000050b333974b9
0000050b38aa0ef9
0000050b3da429f9
0000050b511d6e19
0000050b52ddc819
0000050b61b9f039
0000050b70c52d99
0000050b7d764679
0000050b7f036c59
0000050be1619f59
0000050be62cc759
0000050c1030e699
0000050c14bca399
0000050c224d3e59
0000050c2bb2c639
0000050c2bb2f059
0000050c671821b9
0000050c80cf4619
0000050c874abb59
0000050c902d4c99
0000050c9635b379
00000a192f722261
00000000013be171
0000000000000181
0000050c9b8ace99
0000050ccca96f59
0000050cd29812b9
0000050d156be699
0000050d430ebe99
0000050d5b559e99
0000050d876cad99
0000050d90cea4b9
0000050dbe56f8f9
0000050dc8de2319
0000050dcfbb5a99
0000050de7711199
0000050df1330779
0000050e1038eeb9
0000050e2479fad9
0000050e4b84edd9
0000050e65cba2d9
0000050e71583379
0000050e8958c419
0000050ea7354a99
0000050eb2e7bd39
0000050eb2fd9d59
0000050ebf5d8d59
0000050ee09b3ff9
0000050f05eb2639
0000050f092249b9
0000050f0c523c59
0000050f0e781e19
0000050f0ea4d119
0000050f15a21939
0000050f1becea59
0000050f35407819
0000050f4d7b3879
0000050f4d7b41b9
0000050f81dbdc79
0000050f9aca3fd9
0000050f9b9421f9
0000050fa7376b39
0000051009291779
000005101173ead9
0000051028cb5719
0000051051b94a99
0000051052f60579
0000051059156699
00000510604d6cf9
000005109d4d4d19
00000510a6927079
00000510aed9e059
00000510b955ef39
00000510d8101779
00000510dd409d19
00000510e4d04ad9
00000510ee2ce059
0000051140a0cd19
000005115f03c179
000005119abb9519
000005119c8e5039
00000511b9c93439
00000511bbc61e79
00000511beca8259
00000511c52e3bb9
00000511ca1a95b9
00000511d2e3cdf9
00000511dc1c9e99
000005121c049199
000005122bef3939
00000512570dee19
00000512595cb899
00000512cf2a9259
00000512dd83d1d9
00000513052a7a39
0000051309eca1d9
000005134c7f9cd9
000005136c97da59
000005139b5b4ff9
00000513c0cbad19
00000513c6b4c679
00000513cfcab4b9
00000513fda17ef9
00000513ff324d39
0000051400bf8759
0000051416174cf9
000005141f8d4859
00000514217fbdd9
000005142e7e11f9
000005144bee9dd9
0000051453aecf39
000005148607ced9
000005149e5f5119
00000514a8e6f779
00000514aab50319
00000514c97c2719
00000514ecb61ff9
00000514fd6e89f9
0000051500152ab9
00000515027b40f9
0000051514987a39
00000515242ab379
000005152a299b19
000005152bf84959
0000051532df80f9
000005157547e759
000005159a673799
00000515b2025879
00000515b5488a99
00000515bbabf599
00000515c53a3f19
00000515cbf388d9
00000a2bcfdcde61
00000000013be171
0000000000000181
0000051609b914b9
000005160debc359
00000516577f5659
000005165c3b4d79
0000051672112cd9
000005167246d339
0000051675511cb9
000005167a372c99
000005169086a1b9
00000516b9705e99
00000516d309fef9
00000516d59c1479
00000516db4b67f9
00000516f285b9b9
00000516f7ed0e19
0000051701dc01f9
00000517130dfaf9
0000051718dc14f9
000005173e669679
000005174f8dacd9
000005176b6b2899
0000051778c06959
000005177b8f7319
00000517928cd539
00000517971739b9
00000517a9ed8eb9
00000517b1d126d9
00000517b9e09619
00000517cb121619
00000517dd9df4b9
00000517e44acd99
00000517f6176739
00000517fbabc4f9
00000517fbb160b9
000005180a1a6199
0000051859227b19
000005187778b059
0000051881c1e759
00000518a385ca99
00000518abeb01f9
00000518cfad3d99
00000518f01bdf99
00000518f3803679
00000518f7ad02b9
00000519062f2e99
000005190c4744f9
000005191f6adf79
000005192fdb5699
000005193bf71af9
000005193f7522b9
00000519618500d9
000005196b509e39
000005196c6516d9
0000051970f21dd9
00000519985ac139
00000519e1d1ea19
00000519e4fb63f9
00000519e5e994f9
0000051a0b896b99
0000051a0ea8e379
0000051a2391aab9
0000051a47db11d9
0000051a4b2ae899
0000051a4c3cbc39
0000051a7178d7f9
0000051aa54cb3f9
0000051aab3e4039
0000051ab093a419
0000051ab093ac59
0000051ab093c919
0000051adfdbe699
0000051adfdc04f9
0000051aeecaae79
0000051aefc7ebd9
0000051b8137e419
0000051b8c0e7739
0000051baa06c899
0000051bcbbc0e79
0000051bd7884b59
0000051bf9f8a019
0000051bfe870759
0000051bff59da39
0000051c14add019
0000051c15d86359
0000051c15d87499
0000051c15d88099
0000051c20e58459
0000051c211a5759
0000051c45a9f5f9
0000051c5e158b19
0000051c6d12f6d9
0000051c6e9e15f9
0000051c85ab7c59
0000051c88ac75d9
0000051cb02fcb39
0000051ccda32519
0000051cd256dcf9
0000051cd3f424b9
0000051ce5af85f9
0000051cfc0b6799
0000051d07024a99
0000051d0ad06d79
0000051d124b26d9
0000051d2b1d44f9
0000051d33d3ddb9
0000051d40c22d59
0000051d5d9266f9
0000051d6fca09d9
0000051d8e530199
0000051da6b75919
0000051da7748619
0000051da9229d39
0000051da9dbfd19
0000051dbd05c2d9
0000051de8a124d9
0000051e23377779
0000051e3e6cb819
0000051e7cb01d79
0000051e7cb034b9
0000051ea310d559
0000051eaa1148f9
0000051eae26c0f9
0000051ec8ee1439
0000051ece8e1c99
0000051ed2befdf9
0000051ed6e97ff9
0000051edfdd8839
0000051edfdd9159
0000051ee5025cf9
0000051f064f66b9
0000051f1e10fc19
00000a3e70479a61
00000000013be171
0000000000000181
0000051f5badf879
0000051f5f7462d9
0000051f6cf6c979
0000051f81c425d9
0000051f8464bc19
0000051fd6fcf699
000005200bf69939
00000520215b2739
000005202b159219
00000520334e6c19
000005204b95a079
000005205ee28ff9
0000052063a0fbb9
000005206eaa7559
0000052078f2b259
000005208c639679
000005209e197db9
00000520d2dbbcf9
00000520f36cdf99
000005217cacb679
0000052195b63099
000005219c829619
00000521b5043c19
00000521d9cb6f39
00000521ea47f219
00000521f0f1abd9
000005224510e379
000005226d7161f9
0000052275fcca99
00000522842d9cf9
0000052285001599
00000522c746b519
000005230065db39
000005234a1a75b9
0000052358e5f999
0000052359c1b3b9
00000523789f9b99
00000523792126f9
0000052385865c19
000005238f54ed99
000005238f54fbd9
00000523bee93559
00000523c3a77959
00000523f1a6f999
00000523f1a709b9
000005240a129d59
000005243e0efd39
0000052445a98279
00000524c14cf0f9
00000524d8d3c839
00000524e1802df9
00000524edae6019
0000052505acbf39
0000052505acef39
000005250d3d6d79
000005250f20e039
000005252abb6cf9
000005253682a0d9
00000525394bae19
00000525581b6d39
000005257cd627d9
0000052599a901d9
00000525a80d26f9
00000525ba672eb9
00000525c2bbdbd9
00000525d015b679
00000525eaedf9f9
00000526039dbfb9
0000052609b7b519
0000052634ffe919
00000526388776b9
0000052664dd9cf9
000005269ff1b479
00000526db2bddd9
00000526feff6639
000005270ad3c0b9
000005270e895f59
0000052719306699
0000052721fba659
000005273c1617b9
000005275f5b07b9
00000527634c3279
0000052769b37e99
0000052781b3c7f9
000005279351b879
0000052798b54619
00000527ebe60eb9
00000528187219d9
000005281a2167f9
00000528246459f9
0000052830afbf19
0000052830c59139
0000052848861779
000005284a71d859
000005286bba04d9
00000528741ad819
000005287d349f19
00000528817ff259
00000a5110b25561
00000000013be171
0000000000000181
000005289214c059
00000528a5d09579
00000528f10bbe59
00000528f5419979
00000529073e72d9
000005291d7ee219
000005293bc80219
00000529859f8979
0000052987088c79
00000529a7899579
00000529af5a2ab9
00000529b72aa9b9
0000052a194a8eb9
0000052a353827b9
0000052a3c686619
0000052a405c64d9
0000052a62349f39
0000052a764c6699
0000052a9158f839
0000052a9b94bbb9
0000052a9b94cd19
0000052aa29ce659
0000052aad9da379
0000052aadf0fd39
0000052ab3b0c879
0000052ac63f8119
0000052ad0d38bf9
0000052adb61f6d9
0000052b042ce519
0000052b0c843519
0000052b19d3ae59
0000052b321e7099
0000052b5c670999
0000052b686a96b9
0000052b73e252f9
0000052baf6e4679
0000052bbdc8caf9
0000052bd65723d9
0000052bd844a6f9
0000052bfc69db39
0000052c01bbea99
0000052c01bbec59
0000052c0dfed4f9
0000052c155b6359
0000052c45afc2f9
0000052c46501819
0000052c8b303799
0000052cde5b1299
0000052cf0a0abb9
0000052d1d81fa79
0000052d48265859
0000052d4ed83e59
0000052d5a56f6f9
0000052d75e7bc99
0000052d916b8179
0000052d930cf999
0000052d942e3979
0000052da632c099
0000052dac49caf9
0000052de3344c99
0000052decf2ddf9
0000052e237e89d9
0000052e2431a5b9
0000052e30875d99
0000052e347e59f9
0000052e3f4c0ab9
0000052e4806a5f9
0000052e56babdf9
0000052e571959d9
0000052e596b17b9
0000052e658b8639
0000052e8a2182b9
0000052e919f7319
0000052e9f22bed9
0000052ece26a219
0000052ecfcf0459
0000052ecfcf6e99
0000052ef3187099
0000052f0e985fb9
0000052f18e8f3f9
0000052f2cb303d9
0000052f38e7c239
0000052f3ebbfa39
0000052f644735d9
0000052f644746d9
0000052f79497279
0000052f7bfd6219
0000052fbf6b97d9
0000053004233e59
000005300b5c5199
00000530206fc979
000005303d511bf9
000005305a44def9
00000530799c7759
0000053094d832b9
00000530ab88b2f9
00000530b61d5179
00000530c3f70cd9
00000530d5526e99
00000530e0a31ad9
00000530f4da0e19
000005312fe75659
000005313950b259
000005313c310419
0000053150177779
000005318020c339
0000053180f62a39
00000531824b6879
00000531cf9d2139
00000a63b11d1161
00000000013be171
0000000000000181
00000531f12125f9
0000053202f5d259
000005320e2e1619
0000053218848939
00000532221327b9
00000532372f2fb9
00000532433924f9
000005325700e099
000005325700f059
000005326f95ea39
0000053273ae1a59
00000532909a5559
00000532b5014179
00000532c70b1e79
00000532d2404739
00000532e137f3f9
00000532e48fd639
00000532e5600799
000005330ce3a4b9
000005333edf9ed9
0000053347692f59
0000053349612dd9
00000533516d9e59
0000053369a9a519
000005337af0f219
00000533af8ecc39
00000533b8f16b39
00000533d49dc759
00000533d6609299
0000053402eadfd9
00000534053ac6b9
000005341a187c79
000005346c7885b9
000005347ec98a59
00000534816d0499
0000053488662679
000005349dcb7f59
00000534a7ad9d19
00000534ab6328d9
00000534b84cc0d9
00000534bd7c5799
00000534c441b639
00000534ed114299
00000534f69674d9
0000053517f04659
0000053518f6aed9
000005351f6f4319
000005353991bbb9
00000535404b3b99
000005354a510ed9
0000053570fb6e79
00000535a5180559
00000535a5b68199
00000535ba19c639
00000535c3e7b6b9
00000535c9e2ce59
00000536054fe4f9
000005362142efd9
0000053636fa8e99
0000053647c362f9
000005364c7e9a19
00000536527531b9
00000536a3c15c59
00000536be026c79
00000536c0231e59
00000536d5b6ddd9
00000536f5e941d9
0000053700474059
0000053708655b59
0000053711e24779
0000053716c8bff9
0000053764ec1719
000005376baf0299
00000537a68714f9
00000537c5d6beb9
00000537c8a20a59
00000537d3a0cb99
00000537f432ff79
00000537f9674fd9
000005380eff0119
0000053833eed799
0000053839034dd9
0000053854aca619
00000538599229b9
0000053862cc1b99
000005387fc81919
00000538810eaa59
00000538a7418b79
00000538bc2bde99
00000538cacfb4d9
00000538caee41b9
00000538cb01bd99
00000538cb7495f9
00000538e0a33b19
00000538f0dd5979
00000538f9f03af9
00000539115d2059
00000539153b9ad9
00000539253eab39
000005392ac61a59
00000539368ec7b9
0000053968bbb839
0000053968bbd6d9
0000053984626219
000005398e31efd9
000005399d4a8219
00000539ae7aa3b9
00000539c5a489f9
00000539dc8b24b9
0000053a0db3e0d9
0000053a1255c379
0000053a2f296759
0000053a30fa2159
0000053a811e5f79
0000053a85b90d19
0000053acffaaab9
0000053ae7387b59
0000053afd960d39
0000053b1d53daf9
00000a765187cc61
00000000013be171
0000000000000181
0000053b318928f9
0000053b573c3619
0000053b598b2e19
0000053b6b421339
0000053b71f3ca39
0000053b84e7bef9
0000053bc1076b39
0000053bc3798219
0000053bce245239
0000053bef3041f9
0000053befb40319
0000053c0cf72879
0000053c2566b4b9
0000053c2566e2b9
0000053c2566f139
0000053c4420f179
0000053c4c1bb3f9
0000053c5410d219
0000053c7ed08679
0000053d06587499
0000053d12cdb4f9
0000053d2611a659
0000053d27f5bb19
0000053d6270b959
0000053d66834b79
0000053d8d1b2fb9
0000053d8dad6b59
0000053d8dec1379
0000053da3f1f859
0000053db412b1f9
0000053dc290e6b9
0000053dcccff799
0000053dd77a4e39
0000053de3824119
0000053df8765d59
0000053e06ffd0f9
0000053e134ff9f9
0000053e454893b9
0000053e95611a19
0000053e9ae1ae39
0000053eaaec7579
0000053f028bbc59
0000053f0bc11299
0000053f19b58eb9
0000053f1cf96c79
0000053f2e9eaad9
0000053f4d9b68d9
0000053f579610d9
0000053f605db8b9
0000053f728c7fb9
0000053f7bf2dcd9
0000053f8c4a1399
0000053f93e8f559
0000053fce40b659
0000053ffd88d739
0000054016d200b9
00000540500b31b9
000005406005c259
0000054076d7cdd9
000005407716f279
000005407909ff59
000005407ad771d9
0000054084640539
00000540a3f579f9
00000540d5a82cf9
00000540e7c7c9d9
00000540edebc439
0000054127ba9f39
000005412d908719
0000054132e33a79
0000054132e62d39
000005414468e0b9
00000541473f1f19
0000054151a7ba39
000005415636ea99
000005415636fef9
000005417d620a19
000005417fbf1459
0000054184e7c079
000005419b214039
00000541bbcf6ff9
00000541cae1fc99
00000541ee1686f9
00000541ef9e1c19
00000541f7e74d59
0000054205278399
00000542168727b9
0000054241446d39
000005424530ec39
000005426b1e50f9
00000542ae9e8b39
00000542af18bb79
00000542d055ac19
00000542d0bf30b9
0000054301911499
0000054318674af9
0000054328f895b9
000005432c090fd9
0000054333f3f0d9
000005433df7c6d9
000005434286bc39
00000543448e1299
000005434f89fd79
000005437939b2d9
000005438418aab9
000005438f1912d9
00000543a3659c99
00000543ac10b1b9
00000543ad6af679
00000543c60810b9
0000054426a232f9
000005442e69a019
000005444bdf8019
000005445dd80959
0000054468c08bd9
000005446bfe1819
00000a88f1f28861
00000000013be171
0000000000000181
0000054488fbd199
00000544891a3939
000005448e7583b9
00000544901acd19
00000544901adb79
00000544901b0739
00000544ab12c2f9
00000544b0f08b99
00000544c7bddff9
00000544ce2beff9
00000544d6789459
00000544d6bd73f9
00000544ef88c4b9
00000544fa4b63d9
0000054516a3bb39
0000054524f23eb9
000005453ba88cd9
000005453dee60f9
000005453e519079
0000054542097cb9
000005454d918619
000005455077fdb9
000005456745f0d9
00000545683d0fb9
00000545768ceb79
0000054584c51059
000005459275b5b9
000005459d772a99
00000545a3517819
00000545a6c5f839
00000545bdcc8f19
00000545c44af279
00000545d0793299
00000545e2acfcd9
00000546117c6a59
000005461dc13959
000005462a1590f9
0000054633bbfdf9
000005463e2a1399
0000054646d8e239
00000546502ad999
0000054652dd6479
00000546610576d9
0000054661059ed9
000005469489c499
00000546a19c8579
00000546a1ed4f19
00000546a35f20f9
00000546af3fddd9
00000546bd3881f9
00000546be3d8799
00000546e57ef419
0000054714631999
0000054788ea95d9
0000054788eaac39
00000547ac29a4d9
00000547b5d899b9
00000547b6fb8599
00000547c6250199
00000547c80a7439
00000547cfc894d9
00000547e7e83fb9
00000547fb168219
0000054801260c59
0000054803839839
0000054813968f79
000005482f046279
00000548393c32f9
000005486e6741b9
000005488a86dd39
00000548a62d9439
00000548b319f8d9
00000548e5425b79
00000548f59dcdb9
00000549015aefd9
000005490a42d519
0000054926b84939
000005492ac1a319
000005492d106859
000005493519cd59
0000054943eee8b9
0000054948ca2df9
00000549583783d9
000005496f7ee739
000005497a1245b9
00000549b440b259
00000549c2325f79
00000549c7394e39
00000549c7395bb9
00000549e1f793d9
00000549e7d148b9
00000549e7d16059
0000054a0f6000d9
0000054a4d1f9899
0000054a531bd2b9
0000054a733fb7b9
0000054a86f32359
0000054abef0cf79
0000054ac82e6db9
0000054aca98d419
0000054ad299aff9
0000054ad675eb79
0000054ae87c0399
0000054aed72ae59
0000054b128270d9
0000054b1b01b0f9
0000054b21892b59
0000054b273c7099
0000054b3276f839
0000054b38b9e579
0000054b408a9719
0000054b4ff19959
0000054b5113ca59
0000054b5b5b7859
0000054b6e220fd9
0000054b7b148179
0000054b94ddcad9
0000054ba03f00f9
0000054ba4faff19
0000054bb010d1f9
0000054bcc0538b9
0000054be1bb1cd9
0000054be61564f9
0000054be650a759
0000054be70e94b9
0000054c08323899
0000054c12c9aad9
0000054c26a2d019
0000054c3133bfd9
0000054c32209ff9
0000054c417baa59
0000054c527751d9
0000054c52775a19
0000054c5cd9a8d9
0000054c60694bf9
0000054c6a945b19
0000054c96801139
0000054c9efd4b39
0000054cb30637d9
0000054cd14aec19
0000054cdb4bd2b9
0000054cdfac0019
0000054ced0429b9
0000054ced352bb9
0000054ced3550b9
0000054cffa87599
0000054d08f58f99
0000054d30548539
0000054d3c89fe79
0000054d56a21df9
0000054d6e80a8b9
0000054d717a0cd9
0000054d766e72f9
0000054d81e6b619
0000054d87b1af99
0000054d95b46db9
0000054da77dc859
0000054db0f9b259
0000054db536e8b9
0000054dbc521e39
00000a9b925d4461
00000000013be171
0000000000000181
0000054ddfcfa999
0000054dedd2c939
0000054e03803c59
0000054e1594a319
0000054e4c77dad9
0000054e84f4ff19
0000054ed9ab87f9
0000054ee0025bb9
0000054ee90aca19
0000054efc0d8459
0000054f0c804459
0000054f0e69e379
0000054f0f40f939
0000054f16bdc779
0000054f2d5330d9
0000054f43c405b9
0000054f4d045539
0000054f5318c599
0000054f6aa5a539
0000054f6cb20c79
0000054f83975b59
0000054f839776d9
0000054f8aa4a339
0000054fa540eb59
0000054fa7bbae99
0000054fd5adb6d9
000005500ba05ab9
000005500f2451f9
000005502a16c939
000005502b136dd9
000005502dd3b759
000005502ea75ed9
0000055041956a19
0000055041957c79
00000550419595d9
0000055050e0d739
000005507199bc99
0000055075d42df9
000005507f186059
000005508b9fc0f9
000005508e7879b9
00000550bcd510b9
00000550bd06fc79
00000550d208b719
00000550d42639d9
00000550e24984f9
00000550ea4704f9
0000055137705e39
0000055155a81439
000005515cba2439
000005515d898879
0000055170b334d9
0000055170df9f99
0000055187853df9
00000551909de739
00000551acba7719
00000551aebd4b99
00000551aed893b9
00000551afb71879
00000551b484f2b9
00000551b52f4eb9
00000551bdf43759
00000551c536cc39
00000551d0926a59
00000551d9fccbb9
00000551df60ee39
00000551e4154b59
0000055210ed5c59
000005523b8c3ef9
00000552619bb7b9
000005526e21c199
00000552eb2da559
00000552fdaa0ef9
000005530035d979
000005530bcbde59
000005530bfa1819
000005530d2acb39
00000553311e86d9
0000055346768499
0000055347f65a39
00000553499dc1f9
0000055369832f79
000005538d2372b9
000005539e139339
00000553a544d3b9
00000553cb009479
00000553da27cdb9
00000553db026379
00000553dcf9fcf9
0000055402d7ea39
00000554098f4739
000005542dd01319
00000554312eb959
0000055435bc1839
000005543d5015f9
00000554426b3cb9
000005544bc55339
00000554503aac39
000005547d16ae19
000005547f8929f9
000005548475fc59
000005549d37a6d9
00000554a9ded919
00000554ae74ec39
00000554c5596759
00000554c5597559
00000554d9d94259
00000554e5473999
00000554efd3cf59
00000554f40a2359
00000554fb8e8c19
000005551bfdacf9
0000055522928779
000005552cac6179
00000555478b9b19
0000055565251f79
0000055576245299
000005557eb8c1d9
000005557fe4fe59
0000055582c00959
00000555833550d9
0000055584031d99
000005558b6c0439
0000055594436a99
00000555a007ce99
00000555be832059
00000555d0543379
00000555d3a1f579
00000555dc1fe5f9
00000555ddf046d9
00000555de02d3f9
00000555e066cfd9
0000055613255a19
0000055655e39a19
00000556615de759
00000556d505ba79
00000556d6b16d99
00000556e237f359
00000556e5140ff9
0000055701ceac79
00000557034a09f9
0000055705ac7279
000005570b64b079
00000aae32c80061
00000000013be171
0000000000000181
00000557312cf699
0000055735e39ff9
000005575112f3f9
00000557566e01b9
0000055762357659
0000055770c97599
00000557779e4379
000005578c7a7ad9
00000557b47993d9
00000557d7d1f159
00000557ee0900b9
000005581480caf9
00000558278f7c39
00000558278fd459
000005584a4524b9
000005585c6de999
000005585d707039
0000055871b79619
00000558822333f9
0000055883a00799
00000558a9d2c039
00000558ad526f19
00000558c058d4f9
00000558e2595939
000005590a7b2579
00000559460a3199
0000055958bf8199
000005599c636b79
000005599c637df9
00000559abeda019
00000559c66174b9
00000559dcbd4ed9
00000559e4da2f19
00000559fe10f819
0000055a30b45e99
0000055a46414bd9
0000055a46a1b499
0000055a5b4bfdd9
0000055a74dbbaf9
0000055a82bf7559
0000055a998240d9
0000055a9fab9459
0000055aa9717479
0000055aad713ef9
0000055aba130459
0000055abc92e779
0000055ac17bfb19
0000055af002bf19
0000055af0189ef9
0000055af0e0a0f9
0000055b1dd39ad9
0000055b484e3cf9
0000055b63e58019
0000055b75a72559
0000055b7efd3e79
0000055b841b9f79
0000055ba45e7a39
0000055bb0b11919
0000055bcd2f9b19
0000055bda5a3a39
0000055be54c5d39
0000055bec6bc019
0000055bec6bc1d9
0000055bf0749ff9
0000055c39478499
0000055c3f6a6cf9
0000055c62a3b739
0000055c62e41859
0000055caa089399
0000055cbc995239
0000055ccdf254b9
0000055d435ff639
0000055d58b54259
0000055d58f71ab9
0000055d68a13db9
0000055d6e220619
0000055d8eb4f899
0000055d903b2f59
0000055ddbfa8539
0000055de238e679
0000055de6622299
0000055e14497139
0000055e1f561459
0000055e358d86b9
0000055e4ee1fa79
0000055e78fa5d79
0000055e7a490d39
0000055e82123a99
0000055e8ca72179
0000055e8f695fb9
0000055eaed0dc79
0000055ebe8b7ff9
0000055ebe8b9719
0000055ec3b76c19
0000055ec900c759
0000055eccbbe639
0000055ee5db9e79
0000055ef55ecdb9
0000055ef7824e59
0000055f064148f9
0000055f1b307bb9
0000055f1f145799
0000055f70e39ad9
0000055f77679039
0000055f92b35af9
0000055faf6e6d59
0000055fca4d97d9
0000055fd3a5e459
0000055fdb643099
00000560058ba559
0000056027369479
000005605d1c5499
00000ac0d332bb61
00000000013be171
0000000000000181
0000056071c1af19
000005609bd6ae79
00000560aef92ad9
00000560b28862f9
00000560b9a1a1f9
00000560e5bb3899
00000560e8494719
00000561021cba79
000005610feaf0b9
000005614e32b699
0000056169343af9
000005616fe20e79
000005617588e9f9
0000056197e1df59
00000561a912f939
00000561b896f8d9
00000561c8408eb9
00000561fec22b99
00000562274a3e59
00000562392b22d9
000005624af3c559
00000562530cdf79
000005626d25d2d9
000005627b88dd79
000005627d14f719
0000056285198219
00000562d5a49099
00000562d8c87e19
00000562dc4168d9
00000563155d5519
0000056345e041f9
0000056347fdc379
000005635ea0a9d9
0000056391841c99
000005639c69d719
00000563aff432d9
00000563b8e2cc99
00000563ba22c6b9
00000563bdeda7b9
00000563e9396b59
00000563f48fe119
000005640944c899
000005640e2e4259
00000564252509d9
0000056452fadcf9
0000056494df7e79
00000564a43d5079
00000564bfa3f1b9
00000564c2765f79
00000564d10458d9
0000056506ec12f9
000005651dfff219
000005651e000499
0000056535fe0139
000005654c770c39
000005657fc6eff9
0000056593bafe19
00000565b88d02f9
00000565cb1961b9
00000565cd69b0b9
00000565d00d3179
00000565d87729d9
00000566004b19d9
000005660dfba9b9
00000566386c6479
000005663fb5b639
00000566527ab2d9
0000056659696dd9
000005666cb864d9
000005668b506099
000005668f7e5779
00000566986a70d9
000005669c54da79
000005669dc7f919
00000566a74571d9
00000566a8504ef9
00000566ac691d39
00000566b4fe4099
00000566d38d5c39
00000566f4d893d9
000005670d401259
0000056713c2a6b9
0000056714bc2039
0000056738117099
0000056744370719
000005677310c279
0000056784ef4d19
000005678a0da4b9
000005678b42c259
000005678fec3a59
000005678fec4e19
000005679ba64c79
00000567a14d5ed9
00000567c4c95cb9
00000567cfcb5fd9
00000567f0b84ef9
00000568025470f9
0000056810170419
0000056823d19b99
00000568283903b9
000005682f93f3f9
0000056831b8df79
0000056836641739
000005686250b339
0000056865411399
000005687d4a3139
000005688cc34cb9
00000568c43a2899
00000568c4e07579
00000568dad22419
00000568e84d0b19
00000568f95ebd99
00000569064178d9
000005690da4e4f9
0000056923aafb19
000005692ab49739
0000056937bf98d9
0000056937c9bb99
00000569508a6f19
0000056951b5e0b9
000005698a4dfc99
00000569b1b6aa99
00000ad3739d7761
00000000013be171
0000000000000181
00000569d368aed9
00000569d3bd7b79
00000569e42db739
00000569ff7fc879
00000569ff7ffc79
0000056a111114d9
0000056a48615639
0000056a4fa5b0d9
0000056a57688cb9
0000056a5d0b8719
0000056a77ae8a59
0000056abb3a9dd9
0000056adbd40cb9
0000056aea966ab9
0000056b05d6df59
0000056b065ae999
0000056b065af759
0000056b065b0eb9
0000056b06b06999
0000056b14dbe6d9
0000056b17f097f9
0000056b1ce66799
0000056b249e7919
0000056b3175fa39
0000056b318e5cf9
0000056b494b4dd9
0000056b56f40f59
0000056b5dd59299
0000056b5dd5a439
0000056b67cc8c59
0000056b830a6879
0000056b8442a399
0000056b8a8570d9
0000056b8dc10579
0000056b8f8a0b59
0000056bb6a71519
0000056bb88c1279
0000056bf3a6c819
0000056bfb274eb9
0000056c096559f9
0000056c4ec7c8d9
0000056c51be92b9
0000056c538294f9
0000056c990c1639
0000056ca70d42d9
0000056cb40e7979
0000056cb8e244b9
0000056cd80c5339
0000056cd8f0f759
0000056ce3dc7b59
0000056ce7f98a39
0000056cf5a44d99
0000056cfade9db9
0000056cfcfa2bd9
0000056d2311a919
0000056d39c94159
0000056d3bf66c39
0000056d61927119
0000056d7737f759
0000056da8ec5e39
0000056df2c23359
0000056e1a2be979
0000056e1fe6f359
0000056e209fbe79
0000056e3e3837b9
0000056e3f650259
0000056e513d0b39
0000056e525b4cd9
0000056e745af6d9
0000056e8ed9ecd9
0000056eb2091819
0000056eb50c6519
0000056ec0b50199
0000056ec57b5539
0000056ec7fa8599
0000056eda546f39
0000056ee4d0f3f9
0000056ee9c020b9
0000056f0b654779
0000056f0d8094f9
0000056f12151bd9
0000056f779bc6f9
0000056f9533f979
0000056f9f5c0ef9
0000056fa2cb4739
0000056fa2cb59b9
0000056fa60de2f9
0000056fc2406879
0000056fc7d17f59
0000056fd1b40c99
0000056fe9989319
0000056febefd719
0000056ffe7b8ad9
0000057056201799
0000057061d5d679
00000570787c64b9
000005709066d0b9
00000570a2ea2939
00000570abf69bb9
00000570c8f42a19
00000570dc4702f9
00000570e89ef959
00000570ff512b99
00000570ff513ed9
000005710a756999
0000057137ceb1f9
0000057148d904b9
000005717c7358d9
000005719bdda619
00000571cb465659
000005721d902079
00000572337efa99
0000057254601c99
00000572810b8e19
000005728436ff39
00000572da76f579
00000572de884eb9
00000572feebe1f9
00000ae614083361
00000000013be171
0000000000000181
0000057312590679
0000057319e32b19
000005731f9785b9
00000573278df819
000005733a1d26b9
000005737b92a879
00000573875aa739
00000573bae1a979
00000573da0f75b9
00000573e320df39
00000573ef134439
00000574102f2b79
00000574128f8f99
000005742387a359
000005742415a379
000005742bafe119
0000057437d90df9
0000057438e41c39
000005744abcd0f9
0000057473ec1239
00000574767b9ab9
0000057478f7e519
0000057495f43839
00000574be2d1ed9
00000575229dfbf9
00000575536e1d79
000005755c749379
000005755d5985f9
000005756505e7b9
000005756ce233b9
0000057586ce7c79
0000057597b4e999
00000575a32bec19
00000575b6b37c39
00000575c826eeb9
00000575ea4b1cb9
00000575eab0da19
00000aec01746661
00000000013be171
0000000000000181
