[MCS8 A] 97 FW 3.104 SV 1.257 
range=1024
periods=2
sweepmode=27e20d0
fstchan=0
holdafter=0
streamstatus=3
calreg0=0
calreg1=0
calreg2=0
calreg3=0
swpreset=8000        
prena=1
syncout=0
cycles=18
sequences=1
tagbits=16
vdac0=92c
vdac1=807
vdac2=8c8
vdac3=8c8
vdac4=8c8
vdac5=8c8
vdac6=8c8
vdac7=8c8
timepreset=150.000     
digio=0
digval=0
autoinc=0 
savedata=2 
mpafmt=asc
sephead=0 
fmt=asc
smoothpts=5 
[CHN1]
REPORT-FILE from 06/24/2026 14:32:10.436  written 06/24/2026 14:32:10
cmline0=06/24/2026 14:32:10.436 
cmline1=A1
range=1024
active=1
bitshift=4
cftfak=2580100
evpreset=10          
roimin=0
roimax=1000
caloff=0.800000
calfact=12.800000
calfact2=0
calfact3=0
calunit=nsec
caluse=1 
[CHN2]
REPORT-FILE from  written 06/24/2026 14:32:10
cmline1=A2
range=1024
active=0
bitshift=4
cftfak=2580100
evpreset=10          
roimin=0
roimax=1000
caloff=0.800000
calfact=12.800000
calfact2=0
calfact3=0
calunit=nsec
caluse=1 
[CHN3]
REPORT-FILE from  written 06/24/2026 14:32:10
cmline1=A3
range=1024
active=0
bitshift=4
cftfak=2580100
evpreset=10          
roimin=0
roimax=1000
caloff=0.800000
calfact=12.800000
calfact2=0
calfact3=0
calunit=nsec
caluse=1 
[CHN4]
REPORT-FILE from  written 06/24/2026 14:32:10
cmline1=A4
range=1024
active=0
bitshift=4
cftfak=2580100
evpreset=10          
roimin=0
roimax=1000
caloff=0.800000
calfact=12.800000
calfact2=0
calfact3=0
calunit=nsec
caluse=1 
[CHN5]
REPORT-FILE from  written 06/24/2026 14:32:10
cmline1=A5
range=1024
active=0
bitshift=4
cftfak=2580100
evpreset=10          
roimin=0
roimax=1000
caloff=0.800000
calfact=12.800000
calfact2=0
calfact3=0
calunit=nsec
caluse=1 
[CHN6]
REPORT-FILE from  written 06/24/2026 14:32:10
cmline1=A6
range=1024
active=0
bitshift=4
cftfak=2580100
evpreset=10          
roimin=0
roimax=1000
caloff=0.800000
calfact=12.800000
calfact2=0
calfact3=0
calunit=nsec
caluse=1 
[CHN7]
REPORT-FILE from  written 06/24/2026 14:32:10
cmline1=A7
range=1024
active=0
bitshift=4
cftfak=2580100
evpreset=0           
roimin=0
roimax=1000
caloff=0.800000
calfact=12.800000
calfact2=0
calfact3=0
calunit=nsec
caluse=1 
[CHN8]
REPORT-FILE from  written 06/24/2026 14:32:10
cmline1=A8
range=1024
active=0
bitshift=4
cftfak=2580100
evpreset=0           
roimin=0
roimax=1000
caloff=0.800000
calfact=12.800000
calfact2=0
calfact3=0
calunit=nsec
caluse=1 
;MCS8 #97 Sversion=1.257 Fversion=3.68
time_patch=1
;datalength=8 bytes
;bit0..3: channel# 1..8 ( 4 bit)
;bit4: edge 0=up / 1=dn ( 1 bit)
;bit5 ..57: timedata    (53 bit), max sweep length 2001.6 h
;bit58..62: tag0..tag4  ( 5 bit)
;bit63:     data_lost   ( 1 bit)
[DATA]
0000000000000016
0000000021637d59
000000006f804e59
00000000810ea3f9
00000000abc6f719
00000000f9114339
0000000153be36d9
000000015c962259
000000016ffbf759
000000017f2c5039
00000001f7cbe919
00000001f910f939
00000001fc98c4d9
000000020bc041b9
000000020bc04bb9
000000020bc04ff9
0000000227af5299
00000002314f2319
00000002365ea7b9
00000002567e3979
00000002649b7a99
000000028f2d1b79
000000029e4a9c99
00000002a13740d9
00000002aaca3919
00000002e6357df9
000000030a183779
000000034c1ebd59
0000000352206ad9
000000036fd3c759
0000000381df87f9
00000003ab72acb9
00000003d193d099
00000003e332fe19
0000000401d28f19
00000004050a02f9
0000000426ca0799
0000000429bd04f9
000000042a4ae5d9
000000044b282019
000000044c8b8739
0000000453106459
00000004544028b9
000000046e567119
0000000482835219
0000000498366c19
00000004aaa8e779
00000004aaa8f839
0000000515447159
0000000531b36859
000000055d9a9739
00000005858d9ef9
00000005d3d1acb9
00000005dbc941f9
00000005ebafb5f9
00000005f85fa9b9
0000000614093339
0000000643863239
00000006571a02b9
00000006610877d9
00000006ae6c2799
00000006e3b9a5d9
0000000745754d59
0000000764dc6cd9
00000007839bbf19
0000000796b615b9
00000007aad06299
00000007cf9a9019
00000007f4ab0459
000000080150db99
000000080150ef19
0000000801c36d99
000000082c897579
00000008546fb0f9
00000008565757b9
0000000878c31519
0000000894c04399
00000008a6078979
00000008bb82b619
00000008bc6b6b79
00000008c82c1af9
0000000902e65a99
000000093bee4259
00000009470e3299
000000094c9feb79
000000097c3d1b39
000000099ed69b99
00000009a86035b9
00000009c7f76399
00000009d8adb779
00000009e6577b79
00000009f05fc2b9
00000009f62cd199
0000000a45c98dd9
0000000a4cb59179
0000000a5ce03d99
0000000a7a5e2fd9
0000000a9d40b5b9
0000000aae030039
0000000ac11f3c79
0000000ad6e32e19
0000000af5205b19
0000000afcfe5ff9
0000000b10abde99
0000000b571e9c59
0000000b5d2a83f9
0000000b7b1ed839
0000000b7d2bb1d9
0000000b800e0759
0000000b8f9820b9
0000000bcc15b4b9
0000000bdc33cb59
0000000bdd47b4f9
0000000bead8fc39
0000000bf1ac40d9
0000000c2ee50e19
0000000c40ce31f9
0000000c444fab59
0000000c539a5cf9
0000000c539a5e99
0000000c7b847699
0000000c820be699
0000000c8ee9e2d9
0000000ca09c5f59
0000000ccd080559
0000000ccd35a959
0000000cd9f663d9
0000000cd9f66cd9
0000000ce7920ad9
0000000d02b9e1d9
0000000d20783259
0000000d560d2579
0000000d560d2b39
0000000d5af7d699
0000000d7765a5d9
0000000d7d344579
0000000daa593099
0000000e26a56df9
0000000e3aba3df9
0000000e3d6a7299
0000000e3df751f9
0000000e45b45dd9
0000000e4c73cdd9
0000000ea230cd99
0000000ee2ff3919
0000000f39a593b9
0000000f6cfaf2f9
0000000f7289b6f9
0000000f7d3eb959
0000000f829116b9
0000000fad8618f9
0000000fb90545d9
0000000fb90551d9
0000000fcd7a3179
0000000fcd7a4779
0000000fe52770d9
0000000ff3025639
0000001020a49659
00000010226bcc99
0000001042c233f9
0000001083be23f9
00000010a5828619
00000021574bad61
000000000267bc71
0000000000000181
00000010b5f085b9
00000010f7883bf9
00000011106683f9
00000011620187d9
00000011628be0f9
000000116a753d39
00000011748fff99
000000119e2a4fd9
000000119eea78f9
00000011b9fe4a39
00000011d460c799
000000122e8a30f9
00000012507de6b9
000000126066d919
000000126066e919
0000001273c4b159
0000001290556519
000000129b84aab9
00000012a4bdd919
00000012cf8d3119
00000012d38a9d99
00000012f84a1899
0000001318f7cb19
000000132352d299
0000001328d7daf9
0000001349e6e119
0000001393463099
0000001396ba44b9
00000013cd1cf4f9
00000013f375a4f9
00000013f375bdb9
000000142d713b39
000000143eb4e579
000000145871ab99
0000001478528ff9
000000149e6d1499
000000149e6d6eb9
000000149e6d7f79
00000014af841bd9
00000014c304d039
00000014ee820699
00000015089140f9
000000150d5d96b9
0000001537ee0699
0000001550d6bd59
00000015535b5919
000000156b718179
000000156b78cd99
000000157e29bc79
00000015c66b4ad9
00000015e2cd5ef9
0000001611d22fb9
0000001616c301b9
000000164103ddb9
0000001664352e19
000000166503d319
000000167008d0f9
000000168556a919
00000016a91c5cb9
00000016ae3afa39
00000016b3995319
00000016c11b1a99
00000016ec4be3d9
00000016f124fa59
0000001701ca4f79
0000001725daed19
0000001725db0b19
000000172d2f59f9
0000001736884759
0000001756cd33f9
0000001772986339
000000179ea48199
00000017d5f7d759
00000017de1f8cd9
00000017e2d8e6b9
00000017e681b8b9
0000001800cd66d9
000000182a8b9279
0000001848a27d39
0000001888108f99
00000018885e7059
000000188a06c039
000000189660d8f9
00000018f29a1bb9
00000018f8d05219
00000018fe429af9
000000191284e5f9
000000191f41aab9
00000019521218b9
00000019598b5c19
0000001988748319
00000019a1f82579
00000019b753b139
00000033f7b64761
000000000267bc71
0000000000000181
00000019ff2e4eb9
0000001a3d5ddd99
0000001a4054e1d9
0000001a9face2d9
0000001a9facf6f9
0000001aa6bf5219
0000001abcc9a2b9
0000001adae87ad9
0000001add0803d9
0000001b3a647999
0000001b41cf3979
0000001b5f373ad9
0000001b5f6c8db9
0000001b7e126599
0000001b849c2579
0000001ba14dd859
0000001bb236bb79
0000001bbc5dded9
0000001bcdaab4b9
0000001bdf18ce39
0000001c3594c339
0000001c430a6e19
0000001c4cda2b19
0000001c4f839db9
0000001c68cfa5d9
0000001c99571239
0000001ccc82c759
0000001cd86692f9
0000001cecd3ae59
0000001cf69da0d9
0000001cf9d8d059
0000001d0861ecb9
0000001d1fa88d59
0000001d2beeb979
0000001d4ce52939
0000001d5ecb09d9
0000001d678ef759
0000001d89d67359
0000001daa410139
0000001db03ef9d9
0000001e060a6419
0000001e095ac4d9
0000001e0bda9799
0000001e221799f9
0000001e55d4e019
0000001e5ba48159
0000001e6149e279
0000001e6e5a39b9
0000001e969ca719
0000001ea1df99b9
0000001ec30f9ab9
0000001ed4d93119
0000001eede675d9
0000001eeded7959
0000001efa0b4c99
0000001f03d93e19
0000001f50558419
0000001f5055a3b9
0000001f54608059
0000001f54641299
0000001f6c5b6599
0000001f74b4c699
0000001fa5e7a799
000000200a597979
000000200a5981f9
000000200a598bf9
0000002010fd0559
00000020123a5ff9
0000002028487fb9
000000204d799619
000000206711aed9
000000206dbd6af9
0000002076392639
00000020824d49f9
000000208ae39d99
000000208f300699
00000020c1330159
00000020c47dbe39
00000020c77276b9
00000020cc06fb59
00000020cedc1d79
00000020cfbb82d9
00000020facb8c39
000000213a1a17d9
00000021a96dc7b9
00000021a9ddf079
00000021e2e5b2f9
00000021e6e5b759
00000022196e24f9
000000222530b919
000000222583fa79
000000223dfeb059
0000002247aef2f9
00000022553b3f79
0000002259fb8119
000000226e7aef19
00000022bab20e79
00000022c64068d9
0000002300727039
00000023034f7579
0000002305e50979
000000469820e261
000000000267bc71
0000000000000181
0000002352d89999
0000002370e174d9
00000023759384f9
00000023bad32bf9
00000023de0bcb99
00000023eb199f19
0000002402375eb9
0000002418b724b9
00000024199c33f9
000000241a249259
0000002433bbafd9
000000243ac490d9
0000002447d84619
00000024569ab1b9
0000002486071f39
000000248d4d28d9
00000024aad2afd9
00000024c21a02f9
00000024d883f459
00000024df982b39
00000024e9bbc939
00000024f4610f79
000000251192e579
00000025216ac559
00000025221f35f9
0000002536cdf319
00000025444361b9
000000254e5ffb39
000000257140f2b9
000000257f53fd19
00000025a8214119
00000025b1988879
00000025ec617f19
0000002626f717d9
000000262b6fb739
000000266feefb99
00000026bde80f99
00000026d468bf39
00000026f7fc70b9
000000270b289a59
000000270b308bf9
0000002721aba199
000000272b72f039
0000002732f483f9
0000002733abca59
000000273bce14b9
0000002741eccc39
00000027622fca19
000000278d9bf699
00000027b5217eb9
00000027b8852f19
00000027c3123959
00000027c6be8919
000000281434ddb9
000000283bd9e299
000000283fe728b9
00000028523ebaf9
0000002874876ad9
000000287ef3af99
00000028907c42f9
00000028abcce4d9
00000028c0f8f719
00000028cdeba259
00000028cfff6fd9
00000028d573d139
00000028e6f5ad79
00000028e6f5af19
00000029046000f9
000000291e3446d9
000000298171aa79
0000002988fa11b9
000000298b906fb9
00000029b2946899
00000029ddf8b9d9
00000029e1f7eaf9
00000029ff8b9559
0000002a076ecff9
0000002a333d5cd9
0000002a3c793a39
0000002a7bb889f9
0000002a8cb932d9
0000002a8fc1f819
0000002a91ddf859
0000002aacd4feb9
0000002ac4940119
0000002af7f925f9
0000002af7f92779
0000002b0973ddf9
0000002b4567aa59
0000002b4567c399
0000002b5cac1cf9
0000002b5efa9859
0000002b6c22cad9
0000002b7157e279
0000002b78b8cc79
0000002b88b163f9
0000002b9017f599
0000002b9e067b59
0000002be5bb9a19
0000002bea3053d9
0000002c19391279
0000002c446a0419
0000002c4d4faa59
0000002c6b46a839
00000059388b7c61
000000000267bc71
0000000000000181
0000002cc116aed9
0000002cdf06c739
0000002cf1e31e39
0000002cf4186bd9
0000002cf9fe2d39
0000002d05cd6959
0000002d0dfbc579
0000002d18933f59
0000002d2132df39
0000002d3f7ab8b9
0000002d3fb12799
0000002d5604eb99
0000002d57c21799
0000002d7391c059
0000002db8c81b19
0000002e0d94cf39
0000002e236e3139
0000002e35b0da19
0000002e35b0fc59
0000002e35b10679
0000002e38c38239
0000002e3bc55c99
0000002e4da27f79
0000002e6c4ae199
0000002e7f640a19
0000002e8c7b95d9
0000002eb4f1e939
0000002f19eaa1d9
0000002f32bce3d9
0000002f3d201db9
0000002f618b3b39
0000002f6d9def19
0000002f6e50a919
0000002f89745539
0000002fa872cd99
0000002fa872def9
0000002fa872dfd9
0000002fc2107d19
0000002ff42935f9
0000002ffaf2ea79
00000030498ccc59
000000304f1adb59
0000003064407f59
00000030706d6cf9
000000307db54d59
000000308f169779
00000030cdccc739
00000030ea520af9
00000031031d9759
000000310553a979
0000003107349db9
00000031142e2819
000000311a03db19
000000312931b299
000000312bfb0b39
00000031463cd7d9
0000003147facbf9
0000003163925699
000000318bd513d9
00000031b7014239
00000031d4a51519
0000003212a6c699
00000032352545d9
00000032394016d9
00000032638203f9
00000032992995d9
00000032a33864b9
00000032ad876379
00000032c0990f99
00000032c17c4979
00000032c5eab9d9
00000032c5eabb59
00000032c93b5b79
00000032fad857f9
00000032fbfdacb9
00000033007c42f9
000000331181a259
000000332055d539
000000332c486659
00000033305a40b9
0000003349d5fe59
0000003350eeabd9
0000003357e8a139
00000033589f39b9
00000033718212b9
00000033d2e86679
00000033e8706759
00000033eff50c59
0000003400cf8719
000000340d76f959
0000003410627499
0000003430173d59
00000034467b8a39
000000345602e959
0000003460bcecf9
000000347a0421b9
000000348798a039
0000003490b108f9
000000349f57aed9
00000034a1ef1fd9
00000034af3af999
00000034ed2a14b9
0000003526e77d19
0000003548fc0459
000000359d8dddd9
00000035bb919f99
00000035c70e3ad9
0000006bd8f61661
000000000267bc71
0000000000000181
000000362f8f0dd9
0000003633a9aef9
00000036534c8b19
0000003659c82059
000000366071df59
000000366242d759
000000367c73a779
000000369672abf9
00000036bc98de59
00000036e02789d9
00000036f1a7f9d9
0000003737aba1f9
000000373e379c59
00000037a3426a79
00000037b0ed93f9
00000037b7052c79
00000037d74a3dd9
00000037dc416d99
00000037f7b856d9
00000038161ff079
000000384d68f0d9
00000038695232d9
00000038697293b9
0000003883aa0539
00000038a110f419
00000038af828ad9
00000038bb226b39
00000038c37ed239
00000038c9347c79
00000038d8d2af39
00000038ecca80b9
0000003905332839
000000391bab8f59
000000393ac0ce59
000000394cba6719
0000003960e58519
000000396fe1b459
000000397001e9d9
000000399568c019
000000399e7866b9
00000039b337a239
00000039d066adf9
0000003a24c17219
0000003a2cfbe599
0000003a3db981b9
0000003a78ae1bb9
0000003a8d94f4f9
0000003a927cbe59
0000003aa0882df9
0000003aa0884279
0000003aa6e192f9
0000003abd1c2399
0000003abf9a5bd9
0000003ad88971b9
0000003b3ff272f9
0000003b4d0677f9
0000003b761b0819
0000003b9fdef9d9
0000003be12ef739
0000003c3e3fd079
0000003c6c39ec99
0000003c7cffccd9
0000003c7f53a879
0000003c9a648f79
0000003c9d24e6f9
0000003ca8d8bef9
0000003cbcb046b9
0000003cbcb06859
0000003cf51559b9
0000003cf8c18379
0000003d7003f1f9
0000003d813db119
0000003d8657a019
0000003d8a4bda79
0000003d8a4be1f9
0000003d9e26e4b9
0000003db3eeb199
0000003dbe000e79
0000003dcc396839
0000003dd55c47d9
0000003ded019db9
0000003e1406bd19
0000003e27232fd9
0000003e3402f159
0000003e38a35d19
0000003e38a37739
0000003e42a0c2b9
0000003e4ae49db9
0000003e7b520359
0000003e7b5216b9
0000003e7c718ab9
0000003e91ac9619
0000003ec174a079
0000003ec7274e39
0000003f19e4b019
0000003f1ae196d9
0000003f2113d9d9
0000007e7960b061
000000000267bc71
0000000000000181
0000003f500bec79
0000003f5c2f9c19
0000003f661b4b19
0000003f6d4ed7b9
0000003fa3b468d9
000000400a8e07b9
000000401063c7d9
000000401375a299
000000401dada439
0000004030645a79
0000004039d96a59
00000040618bc4b9
0000004077978cf9
0000004091f44f79
00000040c1186959
00000040dc065cd9
00000040dc067919
00000040e263b039
00000040f0719659
00000040f1fa9459
00000040f8079fd9
00000040f8b1ccb9
0000004126ba15d9
000000415402e879
0000004155482fd9
000000415dea74f9
000000416c7ec9f9
000000417577cd39
000000419ae53279
00000041a4209eb9
00000041acd9f379
00000041b834a279
00000041bcc1e2f9
00000041fdfba839
000000421331f259
000000422a5f2eb9
000000423299d5d9
000000424e06ead9
0000004255c485b9
0000004255c4bd59
000000427713a819
0000004284937fb9
000000428ec0de39
00000042e3f92e19
00000042e52c4699
00000042eea44839
0000004322b59a39
000000432bdcd079
00000043758e2ab9
00000043759e5019
0000004379ade8b9
00000043acd95099
00000043d061df39
00000043d3185cf9
00000043d79b6499
00000043d8cf47f9
00000043fa112f99
00000043fcbfe839
00000043fcc02079
000000441144f2d9
00000044114510f9
0000004419ee9879
000000441e6a7459
0000004434644d79
000000443d726cb9
0000004446053599
000000444c90ed79
000000446e7a75f9
000000447aa91e39
0000004484883e59
00000044d7156c59
00000044d7159ff9
00000044ec4dce59
00000044fa4e25d9
00000045107358b9
0000004529d5cc99
0000004532e2b159
0000004535d574f9
000000453c68e6f9
000000457a6e4c99
000000457a6e6059
000000458832c159
00000045b2f67f79
00000045c6f51d79
00000045ca5dcdd9
00000045cc84ed39
00000045e3135599
00000045ea555df9
000000460a75c0b9
000000463c272759
00000046513fe3f9
00000046613054b9
000000466d51f659
000000467d788e59
000000467d788ff9
00000046e10aeb79
00000046e4a50bd9
0000004755069cb9
000000475506b099
0000004757d3abf9
0000004764c98b79
0000004764c9b7b9
00000047b2fa3099
00000047bad60b59
00000047d8ff22b9
0000004808635c79
0000004810bc5b39
0000004820093439
00000048238ae739
00000048239a4a39
000000483ace5af9
000000485177dd79
000000487f32a8f9
0000009119cb4a61
000000000267bc71
0000000000000181
00000048c7190059
00000048db7741d9
00000048ed664f59
0000004920a5dc19
000000492320e639
0000004942211ed9
0000004956b60a99
000000498daa07d9
0000004994889e99
00000049c48523b9
00000049d89970b9
00000049eed27999
00000049fa883499
0000004a03590dd9
0000004a055ddcb9
0000004a247633f9
0000004a3f4ec0b9
0000004a5b38bb59
0000004a5cca9979
0000004a82cd1c99
0000004addb5a259
0000004adf0ca939
0000004aef57b259
0000004b0030eb39
0000004b55c65659
0000004b848e47d9
0000004b8e66c659
0000004bb8333f39
0000004bf086b959
0000004bf61a7df9
0000004c0f398cf9
0000004c5545a399
0000004cb4f36a99
0000004cbb8c6739
0000004cccf94d19
0000004ccddcf459
0000004cdef90839
0000004cf1114259
0000004d11263819
0000004d118b9cf9
0000004d118bb299
0000004d11fc4839
0000004d18a9bf39
0000004d7305a259
0000004dbe13fe39
0000004dc70de759
0000004e1172fa79
0000004e2c5ccdd9
0000004e535df3b9
0000004e582ed239
0000004e95444e39
0000004eb86a4799
0000004ec5b2a1b9
0000004ecb47b879
0000004ed2e61ef9
0000004efe736799
0000004f33d365d9
0000004f377824d9
0000004f3e38f359
0000004f408e6d39
0000004f408eb0d9
0000004f8088f0f9
0000004f90c07319
0000004fbebc30f9
0000004fd2fc31f9
000000501d35ea19
000000502896dbd9
000000502d70f019
0000005031a9f739
0000005075624f59
00000050bb2178f9
00000050f80c2bd9
00000050f80d9779
000000511b398419
000000511f74c179
000000513865a959
0000005138b1c339
00000051577a1999
00000051824d43f9
00000051a1c34979
000000a3ba35e461
000000000267bc71
0000000000000181
00000051dd10b8f9
0000005218418439
00000052199162d9
000000526f33aa39
00000052bc4516d9
00000052c9fdc8f9
00000052e0cbf3d9
00000052e0cc0419
00000052e69cce19
000000530cc37b59
000000530ce627d9
00000053135b79b9
0000005322c17d19
000000535c9f0039
000000535ef329b9
0000005367f7a319
000000539315d699
00000053a10af999
00000053b5e6cfd9
00000053b70be059
00000053b70bef79
00000053d8354079
00000053ff864119
00000053ff864a19
000000541c6032f9
00000054230ef3d9
000000544896da79
0000005454585cf9
000000545a538eb9
000000545a53a5f9
000000545a53bdb9
000000545a53c0b9
000000545a53d219
000000548c90de39
00000054b1179759
00000054d9312759
00000054f4485339
0000005529166859
00000055496cc8f9
000000556f33c299
00000055762eeb99
0000005593b694f9
000000559823cd39
00000055a4527579
00000055b7ea8b99
00000055dac93359
00000055e3272119
00000055fad42c99
00000055fcaac6f9
0000005609907c19
00000056260b0159
000000564a0fcb99
000000566722c8f9
0000005674107bd9
000000567a761219
000000568231fdd9
00000056d3839fb9
0000005712cd2339
0000005755ce6239
0000005755ce63f9
0000005755ce6b39
000000578731b379
000000579f9b95b9
00000057a905d7f9
00000057c5cf4059
00000057d5211eb9
00000057f10ce519
00000057fc555a99
00000058139bb6d9
000000581ebbd819
0000005835ec2199
000000583a3eccf9
000000584a82aa99
000000586724a119
000000587b309899
000000589a78c179
00000058a75ec739
00000058b0b21439
00000058c4fad1b9
00000058e7118359
00000058e9246879
00000058ef40bd59
00000059365111f9
0000005938b8d2d9
000000595c615299
00000059796e9379
000000598449d3f9
000000598cfdc2b9
000000599c8095b9
00000059bbb5e8f9
00000059d14b37b9
00000059d8a9dc79
0000005a083f1e79
0000005a0cfb0839
0000005a3b177799
0000005a416e4179
0000005a8625ae79
0000005a9f318459
0000005aa6a8de19
0000005ab46c49f9
0000005ac7ab7af9
0000005b1ce2a359
000000b65aa07e61
000000000267bc71
0000000000000181
0000005b52c3f019
0000005b52c3fbd9
0000005b6c50ddd9
0000005b7b1ccd79
0000005bb4845859
0000005bc41ae299
0000005bcaeae779
0000005bd6b86039
0000005be636d839
0000005c2e6680d9
0000005c3a4cb5f9
0000005c4c9fc579
0000005c55030f39
0000005c7ca96d59
0000005ca4e53cb9
0000005cb3ff2c19
0000005cb62ffbd9
0000005cc3731639
0000005ccd657ab9
0000005cd7c40d59
0000005ce781db59
0000005cf1c5a559
0000005d0ebef6d9
0000005d3c65ce19
0000005d48a59439
0000005d552bae79
0000005d7f522639
0000005d9379c279
0000005dce3e1c19
0000005dcfaff459
0000005dcfb0c559
0000005dd1a24819
0000005ddf90a6b9
0000005df3b935d9
0000005e1f011f59
0000005e1f01fa19
0000005e3de262d9
0000005e5602da79
0000005e68681ab9
0000005e7872ce99
0000005e78d19019
0000005ead7cc859
0000005ed1d0a979
0000005ed7742119
0000005edfdbf8b9
0000005efb2e8b99
0000005f12c332b9
0000005f381e05f9
0000005f6bbf3619
0000005f6bbf47d9
0000005f6bbf4959
0000005f8197ee79
0000005fe6634599
0000005ffae10879
0000006005075b39
000000600fe87d99
000000605ffdd1b9
0000006085870a79
00000060eacb4a59
00000060fc2e3799
0000006110126a79
00000061135b5939
00000061265a8199
0000006142d08db9
0000006160d3ea79
000000616bb8a539
0000006199db5bd9
00000061bf52f699
00000061ce02f719
00000062017b9199
000000620589fa39
0000006215baa4b9
0000006236696339
000000625aed9f39
000000627cc83359
0000006282a316b9
00000062b0150c99
00000062b17512f9
00000062ba29fb39
00000062cba76fd9
000000630dcc66d9
000000632ef46d39
000000634fdd84d9
0000006380204579
000000638b114f79
00000063cd6a4619
000000640e1f9179
0000006419c6e399
000000642e104759
00000064503ce179
000000646bcbcfb9
000000646d881b99
000000647a04ef19
000000c8fb0b1961
000000000267bc71
0000000000000181
000000647d57f679
00000064c69b36d9
0000006505a92fb9
000000652bd5d6f9
0000006536af4879
0000006555c3b599
000000655fb30c39
0000006576577df9
000000657ce407d9
0000006592372199
000000659cd0fdf9
00000065ce7c9fb9
00000065de0c0979
00000065ffc8b279
0000006634fcb739
000000665c312cf9
000000665f871599
00000066950b5b99
00000066b2856219
00000066b7a793d9
0000006766f14d99
00000067703d3799
00000067c4852039
00000067c8be11d9
00000068055f8f19
00000068166fa5f9
0000006829f5e839
000000685132fe39
000000686c025a79
00000068ab01f4f9
00000068ab01fe59
00000068bb72abb9
00000068c4e8b099
00000068d50aed59
00000068e56a72d9
00000068ee6183d9
00000068f314cb59
00000069298d9759
000000693b42e219
0000006957d1a099
000000695cf1cb59
00000069912e89b9
000000699a42efb9
000000699df9fdd9
00000069bae5db79
00000069e9985d99
00000069f23f8d19
0000006a0c41b799
0000006a0c4c84d9
0000006a249fa9f9
0000006aafa102b9
0000006aba72c8d9
0000006ad4726279
0000006ade6fc1d9
0000006af3388a99
0000006afba0f4f9
0000006b179eaad9
0000006b227bdb99
0000006b25193f79
0000006b2d6cd459
0000006b87d3a7d9
0000006b91aa9d99
0000006bd11c9659
0000006bd11cab79
0000006c04d4e6f9
0000006c3525e6f9
0000006c3f8ee219
0000006c51362e59
0000006c6c4a1419
0000006c6c4a1c99
0000006c73f34cb9
0000006c73f34eb9
0000006c73f35d99
0000006c8912ab39
0000006cacd793d9
0000006cc7021c79
0000006cf4e17db9
0000006d3a3548d9
0000006d5752e559
0000006dbc26d0d9
0000006dc5b06259
000000db9b75b361
000000000267bc71
0000000000000181
0000006dfa093c79
0000006e23f84a19
0000006e3057aff9
0000006e33f18339
0000006e37910a39
0000006e594d8699
0000006e68b9c919
0000006edd2daf39
0000006ef1310d99
0000006f0673fad9
0000006f268646d9
0000006f4bc51319
0000006f5532a3f9
0000006f70bbef39
0000006f76e12599
0000006f942c5319
0000006f9915aa99
0000006f9995f499
0000006fc10a9199
0000006fd89bf899
0000006fd9d17559
0000006fe7bfc079
000000700e96ef39
000000701735e579
0000007046cef8f9
00000070517ec319
000000707b9ebfb9
000000707b9ed5d9
000000707e243159
00000070bafa7a39
00000070d6cb3459
00000070d6cb6c39
00000070d7dba739
00000070d8578f39
00000070f27c8939
00000070f9ae9d39
0000007161c4dd59
00000071827b1ab9
00000071829bdfd9
0000007182a99ff9
000000719b83deb9
00000071af572899
00000071d9ed88b9
00000071f7d718f9
000000720c3b4919
000000723d2f7a99
000000725b74af79
0000007269d4cf99
000000729fa38779
00000072b36623f9
00000072c884b359
00000073008688b9
000000730c8cd959
0000007324a311f9
0000007332cdb9f9
0000007347a41699
000000735893eb79
000000736e84bb19
00000073805e2c59
00000073ccbd5c19
00000073f60e8839
000000740c41ef99
0000007420baf959
00000074546012d9
0000007486a6dbd9
00000074b992f1d9
00000074c6a5deb9
00000074d8bd1239
00000074d97f6f99
00000074f191f6d9
00000074f297ef39
00000074faf6f479
00000074fc1bb159
00000075069d9379
000000750afb1199
000000751e0ec199
000000754b8c4b59
000000755d52f359
000000755e6dd419
000000758b594c59
00000075923cd0b9
00000075a031c279
00000075a2953a59
00000075acf0df79
00000075ad28f799
00000075ad9d12f9
00000075c7142379
00000075cbb37a59
00000075f9b79359
000000762d941859
000000762d941bd9
0000007645d9beb9
000000765d299d19
000000766a040eb9
000000769c30c379
00000076a0a4aef9
00000076b63eabd9
00000076e6447739
000000ee3be04d61
000000000267bc71
0000000000000181
00000077419efbf9
00000077632864f9
000000776fba48d9
00000077762d6339
0000007787181139
00000077a66fcf59
00000077d74bd4d9
00000077f3241739
0000007810df2419
000000782a458199
000000784b8eaa19
0000007851492b79
0000007863d9e6f9
000000789caf4a19
00000078b4061d79
00000078b4061f19
00000078cbb581d9
00000078e5741b99
000000791479c499
0000007916157a39
00000079378bb779
00000079b6a3a999
00000079eb27ae39
00000079f79c2a99
0000007a37639959
0000007a58093e59
0000007a646c72f9
0000007a750fba19
0000007a817f86b9
0000007a865ce5b9
0000007a8b5bc139
0000007a93089559
0000007a980c8f99
0000007aaba43019
0000007aebdaebb9
0000007b080a3cd9
0000007b2bad6a59
0000007b34cd62f9
0000007b6227ca79
0000007b698cacd9
0000007b72faa319
0000007bb09df599
0000007be8607839
0000007bf13d0739
0000007bfa60e6b9
0000007c0701f8b9
0000007c123bf6f9
0000007c176f18b9
0000007c76115639
0000007c78f5c639
0000007cad5f7719
0000007cca1e03b9
0000007cde607819
0000007cf90a1f79
0000007d0aebb9d9
0000007d48051499
0000007d660fbb19
0000007d797005d9
0000007d7a5eae79
0000007db26593f9
0000007debee3439
0000007e4a56eed9
0000007e6d24a579
0000007eab9b5719
0000007eb867bd19
0000007ef7d56199
0000007f12cd9979
0000007f327d9619
0000007f74b386f9
0000007f84df3019
0000007f9fdd1a39
0000007faad5b559
0000007fdf5006d9
0000007fe1efffb9
0000007fe89b44f9
0000007fea0d1e99
000000800d592079
00000080107f45d9
000000803325cad9
0000008056cee8b9
000000805f1ffa59
00000100dc4ae761
000000000267bc71
0000000000000181
00000080d7c2da79
00000080dbe034d9
00000080fc634059
00000080ffc15939
000000810dfd8839
000000810ed23f39
000000812c68f599
00000081366f73d9
00000081581e4199
000000818a6bcc79
000000818e6985b9
000000819f7ba179
00000081a26995d9
00000081af3c3a19
00000081f46eb039
0000008244157e39
00000082622b32d9
00000082795dc4d9
000000827aa4acf9
000000828d7c0119
00000082b2a3b519
00000082c1e85379
00000082c3649759
00000082df973159
00000082fa1c6a99
000000830b36fff9
00000083293c7039
000000832ca5a379
000000834a19beb9
0000008359bad359
00000083685b07d9
000000836c545cd9
0000008371f77979
0000008371f77b79
0000008378726839
000000837ef9fc39
0000008393501bb9
00000083935030f9
00000083ad16a279
00000083ce53eef9
00000083d0e20bf9
00000083f297ce79
00000083f297ddb9
00000084304becb9
0000008434322b99
000000847dd32879
00000084a01c0659
00000084a6ef2c99
00000084b9989c39
00000084d1605db9
00000085168899f9
000000853431d6f9
000000856a3d0d59
000000857c4f3a59
000000859d5f0919
00000085c456e5d9
00000085daaeda39
00000085e2627139
00000085f3944df9
00000085f49e12f9
000000860524a039
0000008612be26f9
000000861d4ec579
000000862a032bd9
000000862bc3b8f9
000000862bc3e939
0000008636b59c99
0000008638730799
0000008653da8f19
000000865c629f19
0000008674ab34b9
00000086afd467d9
00000086b34e2219
00000086b9b5e379
00000086ba90d2d9
00000086c3947259
00000086cd7ebd39
00000086e1681c39
000000870414b4b9
0000008706f7a7d9
00000087076c2c99
000000871749a5f9
0000008739dbe3f9
000000873ed92939
0000008759b27879
0000008759b28a39
0000008763047279
000000877af0d1f9
00000087b27e29b9
0000008817d70139
000000883876ee79
000000883c152d19
0000008867c7b8d9
00000088db31cc99
0000008903152cd9
0000008918eb36d9
000000894a815139
000000895c1bf8b9
00000089944e3479
00000089bbce16f9
000001137cb58161
000000000267bc71
0000000000000181
00000089df3138f9
00000089efc44079
00000089efc44959
00000089ffe74dd9
0000008a17d77e99
0000008a650c2c39
0000008a721364d9
0000008a9eccff79
0000008adcc38639
0000008af2a93519
0000008af8129af9
0000008b0ab30219
0000008b74357879
0000008b841b66f9
0000008b9f8b4239
0000008ba51b84b9
0000008bb63957d9
0000008c181a9819
0000008c267d6199
0000008c267d71d9
0000008c2d76a0f9
0000008c31101899
0000008c311019f9
0000008c34f52199
0000008c35de3df9
0000008c500eddb9
0000008c62e408f9
0000008c6de3bd99
0000008cb7383a19
0000008ce0dd6ad9
0000008dadd49699
0000008ded504179
0000008deedd8439
0000008e01fb4ed9
0000008e023550d9
0000008e05977d99
0000008e2018ef39
0000008e20c26c99
0000008e5d1b8ad9
0000008e614c2859
0000008eb4e3f739
0000008ec0c2a5d9
0000008ecc1b8659
0000008f23022899
0000008f391c8799
0000008f5a9fa2b9
0000008f5f6c5f99
0000008f9b4655f9
0000008fc704f459
0000008fd2da2db9
0000008fd9239a59
0000008fe0ffc019
0000008fe0ffd319
0000008fe0ffdd19
0000008fede30c39
0000008ff0c6a299
0000008fff320c99
00000090412ac2b9
0000009044f3f3b9
0000009054f241b9
0000009057ff7339
000000905bfe6439
00000090839b0ef9
000000909ace74b9
00000090c3333a59
00000090d016ecf9
00000090dcf3f079
00000090e4138b59
00000090eb7e2839
000000911342c1d9
000000913ea32ed9
000000913ff90a79
0000009148f470b9
000000914a79d239
000000915dfe3979
0000009165008519
0000009167308d19
00000091749b4a39
00000091a1b093f9
00000091a3b62139
00000091ede98e39
00000091ede99759
00000091fbd565d9
0000009247c31e59
000000925842ecb9
0000009259bc4a99
000000928e1bf2b9
000000929777c4d9
000000929777e139
0000009298eabd99
00000092a3199f19
00000092a6ca83f9
00000092b91332f9
00000092bc974039
00000092e41dd7b9
000001261d201b61
000000000267bc71
0000000000000181
0000009310186959
000000933bb8b0d9
00000093766756d9
000000937a7498b9
000000939397b819
000000939b6db319
000000939c003459
00000093e2484bd9
0000009422525c99
0000009433494cf9
00000094958baa19
000000949e55b619
000000949e9ddc79
00000094bc331399
00000094be627199
00000094c1b9bbb9
00000094d8bc6219
00000094e20356d9
00000095005a0259
0000009506078e19
0000009535680599
000000953ed14b39
0000009545653f99
000000954b28b819
00000095502c8db9
0000009556737ab9
0000009556cbae19
0000009560d51f39
000000956d3467d9
00000095799c2939
000000957e3b96f9
00000095989615d9
00000095ac4a4fb9
00000095beac2c39
00000095c21c0179
00000095de06db79
00000096030ffef9
00000096094b88f9
0000009643012e59
000000965989f239
000000969e710f19
00000096a35d9f99
00000096b308ee59
00000096beaeb7f9
0000009700270e39
0000009701e07159
000000975784f9b9
00000097611f7419
00000097611f8519
00000097611f85b9
000000976a2e8439
00000097818c2e99
0000009792385699
00000097a9aa1659
00000097e051c6d9
0000009802d62c99
000000980504a399
000000980724b1d9
000000980724c239
00000098238a30f9
000000982aa0a939
000000984b486f99
00000098658670f9
000000987b9acd39
000000988fe14299
000000989ea4d399
00000098a92365f9
00000098d08148f9
00000098d681bd99
00000098d681f499
0000009905b1cdd9
0000009910b5e6f9
000000993842c9f9
000000994945b0d9
0000009956fee479
0000009978c63659
00000099a201bbf9
00000099bde7e5b9
00000099d7edccd9
00000099de851099
00000099e3952479
00000099eaeb6ed9
0000009a0faadef9
0000009a23b494d9
0000009a4cdb2d99
0000009a6faf4f59
0000009a759b94f9
0000009a759ba779
0000009a7a1223b9
0000009a7cc76019
0000009a7e7bddb9
0000009a7f6d7239
0000009ab9654959
0000009ad1eecef9
0000009ad6d4b019
0000009adf871259
0000009af645abd9
0000009b2d569f19
0000009b73a17a39
0000009b98ecb5d9
0000009bac9b2b19
0000009bba8b4579
0000009bca11b619
0000009bdeef4839
0000009be5260339
0000009c48a4fed9
0000009c4ba88299
0000009c4c93cc19
0000009c59240fd9
0000009c5c608039
00000138bd8ab561
000000000267bc71
0000000000000181
0000009c5e510419
0000009c5e5e2779
0000009c603e92b9
0000009c79820479
0000009c83b8fcf9
0000009ca864eb19
0000009d0d6a8df9
0000009d1bd30e59
0000009d40d0a199
0000009d6f912f99
0000009dfe1d6639
0000009e0eceee99
0000009e2998b2b9
0000009e3163b9d9
0000009e508d4b19
0000009e51485bb9
0000009e530a8e79
0000009e8b9556b9
0000009e90e631f9
0000009e9a42e6d9
0000009ea7539999
0000009ea849b9d9
0000009ec0c8e159
0000009eca9d2ef9
0000009eca9d37f9
0000009ed9e058d9
0000009ed9e07739
0000009ef2658319
0000009f657ce059
0000009f754803b9
0000009f8b8a0c79
0000009fa5a784f9
0000009ff1ebb3f9
000000a007cc0579
000000a007cc0eb9
000000a048fe1e59
000000a048fe2019
000000a062c274b9
000000a06f167a79
000000a098cae039
000000a0a9d526d9
000000a0b66522f9
000000a0c3259979
000000a0c75279f9
000000a0e503ed39
000000a0ec2aa339
000000a10a2d7739
000000a117d42219
000000a118852419
000000a12bc0f6f9
000000a13565ba19
000000a13565c419
000000a148c64639
000000a17183f559
000000a17b77d3d9
000000a1b51f6f59
000000a1e5d7a3d9
000000a1f0a34a19
000000a1fc3d2759
000000a2518e03d9
000000a268b9e299
000000a27baf9c59
000000a283b5fcd9
000000a29e887b99
000000a2d252a499
000000a2ef944259
000000a2f324c199
000000a30dbad6f9
000000a37a98eff9
000000a3aa3905b9
000000a3c97ee3b9
000000a3d2068ef9
000000a3d7e019f9
000000a3eb1caff9
000000a3efc6d099
000000a447b24879
000000a4510c8559
000000a4836c7059
000000a4bdaafef9
000000a4d25ee779
000000a4de2db379
000000a4f7180f79
000000a4fb227039
000000a514b66bb9
000000a525f89b39
000000a52602c759
000000a54c3887d9
0000014b5df54f61
000000000267bc71
0000000000000181
000000a5f427a6f9
000000a62eaef619
000000a656f5a959
000000a6587b9af9
000000a66df27d79
000000a66e65ca19
000000a68432da99
000000a692433539
000000a6b08e9ed9
000000a6c2e0ae99
000000a6c542dfb9
000000a6e791f679
000000a6f25d6a19
000000a710a3a359
000000a7173b1219
000000a728e5d7b9
000000a72d6dc739
000000a751063b19
000000a751064c19
000000a7741cdc99
000000a777b93579
000000a792ee4bf9
000000a7999805d9
000000a79beb9ff9
000000a79c474dd9
000000a79e3fb359
000000a7aec77839
000000a7b82467d9
000000a7bcf417d9
000000a7e55ccdf9
000000a813f53d79
000000a8278ecd39
000000a8313a39d9
000000a831a63c19
000000a845ddb799
000000a8619c5799
000000a8bcf747b9
000000a8c037ba99
000000a8ea9f5779
000000a9057215f9
000000a91305cad9
000000a91ab12a59
000000a9276ea899
000000a92fec61f9
000000a93a89f699
000000a989831e99
000000a98abd5d59
000000a9d1803eb9
000000a9f29364b9
000000a9f412d5b9
000000a9f831e2b9
000000aa3a207cd9
000000aa50d13e79
000000aa50d14fd9
000000aa668198b9
000000aa704a2e99
000000aa89300d99
000000aa8a361899
000000aa916b9499
000000aa96c63bd9
000000aaba668879
000000aabf6eeeb9
000000aac0172279
000000aac0c6b1b9
000000aac0c6cf39
000000aacc3b1839
000000aad55ba139
000000ab2cb478d9
000000ab4352a9f9
000000ab491da619
000000ab4c663759
000000ab776b0e19
000000ab8a972239
000000ab92584519
000000ab92585319
000000ab93c2ddb9
000000abc3bceed9
000000ac3475c579
000000ac3d7049d9
000000ac67574119
000000ac8047ffb9
000000aca79e3359
000000acc2eda319
000000acde6e8259
000000ace8fc4b79
000000ad0176c799
000000ad382febb9
000000ad4d546dd9
000000ad542f6a39
000000ad548b6339
000000ad7207a939
000000ad7e21f4b9
000000ad7f391af9
000000ad7f392c39
000000ad931eb759
000000adf990e459
000000adfb1fddb9
000000ae0517dff9
000000ae3091fbf9
000000ae4835a839
000000ae4e8e2639
000000ae65ba9dd9
000000ae796a2e19
000000ae980a3a59
0000015dfe5fea61
000000000267bc71
0000000000000181
000000aefeabce19
000000af161dc019
000000af45e225d9
000000af59c34819
000000af710b7579
000000af83fd35b9
000000af98b416f9
000000afab2c42b9
000000afc25c2659
000000afd2e91959
000000afdc9c8179
000000aff0e24dd9
000000b024c3ed19
000000b02760b6b9
000000b03d0df039
000000b07eeb6639
000000b09531fc59
000000b09c9900d9
000000b0ca3cecf9
000000b114fc8259
000000b11951f699
000000b14c4c8f59
000000b165e517f9
000000b1a8923679
000000b1ab7c87b9
000000b1f4cdde99
000000b1fc352bf9
000000b1fc353fb9
000000b1fc357e99
000000b22ffe5cb9
000000b22ffe6e79
000000b258515f79
000000b26fa1c299
000000b27489d039
000000b276bb67b9
000000b293ab7559
000000b2957dc3d9
000000b295914739
000000b295915979
000000b297324bf9
000000b2973263d9
000000b297bbfd59
000000b2a07861b9
000000b2c9c75779
000000b2d8b97079
000000b2d9291979
000000b2e7ce6a99
000000b2efe16019
000000b31dca1759
000000b327f1ba79
000000b32a026979
000000b335b578d9
000000b3363e2099
000000b3382ea959
000000b340a2d399
000000b35cba4af9
000000b39b383919
000000b39cec9df9
000000b3ad4185d9
000000b3c300e379
000000b3c81d7439
000000b3e5f699d9
000000b3eca153d9
000000b3ef6b4399
000000b3f9e4e099
000000b4344cc419
000000b43662c599
000000b44fc69b59
000000b473318d19
000000b48e999b39
000000b4c071dbd9
000000b4c99e0599
000000b52a9444f9
000000b536721559
000000b560374779
000000b564f3ceb9
000000b57e042e79
000000b57e044919
000000b58816ffd9
000000b591079459
000000b5a05c2dd9
000000b5b8d4e279
000000b5ef20fed9
000000b5f5831c59
000000b6160b0b99
000000b6160b1b19
000000b6432f2d99
000000b6587e1279
000000b66be14959
000000b66be15eb9
000000b66d77e659
000000b684153d19
000000b6877c7139
000000b6931e42b9
000000b694d27bf9
000000b6a72c0df9
000000b6bef02759
000000b6bff927f9
000000b6dff49a39
000000b6efc12979
000000b7031e6a99
000000b7124a3759
000000b723c14db9
000000b725327f79
000000b727c2cf19
000000b737201519
000000b75d4f01f9
000000b765874859
000000b79d2e9259
000000b79d2eb419
000000b7b5190f79
000000b7bbb222d9
000000b7c5aaa239
000000b7f9ed1db9
000000b819b97c59
000000b81d3531d9
000000b81eabe4f9
000000b83ff99739
000000b83ff9b199
000001709eca8461
000000000267bc71
0000000000000181
000000b85c1d8a39
000000b8608b1d39
000000b874bbdd79
000000b880020159
000000b889e53059
000000b8ea274ab9
000000b91559e439
000000b93de854b9
000000b95358e1f9
000000b95d41da99
000000b96ca11499
000000b99c602519
000000b99dbb5659
000000b9a0d95599
000000b9adae7ed9
000000b9b3d52d39
000000b9c4b07f99
000000b9cced9519
000000b9def96919
000000ba168a8339
000000ba20022a39
000000ba200233d9
000000ba2287ce39
000000ba373b6c19
000000ba3af6e1b9
000000ba3d1a9559
000000ba55f82839
000000ba66fef039
000000ba68c776b9
000000ba6c5fd739
000000babc864879
000000baedf68919
000000baf65378b9
000000baf9a68699
000000bb00d22fd9
000000bb0374d3b9
000000bb189ed2d9
000000bb52b52559
000000bbb132f3d9
000000bbcd351ab9
000000bbce19beb9
000000bbde7d29b9
000000bbf5c1d7d9
000000bbf91e47f9
000000bbfe8b6bd9
000000bc217941d9
000000bc522e98f9
000000bc60a8dbf9
000000bc6e8294f9
000000bc70f67e19
000000bc77df4279
000000bc90d83999
000000bc9377c199
000000bd02c605d9
000000bd200cf039
000000bd22c86799
000000bd22c88b79
000000bd23921859
000000bd2c9f2af9
000000bd3f360719
000000bd6ef96d39
000000bdb6832939
000000bdc0f82c99
000000bdc4ec6bb9
000000bdc6533619
000000bdc6533ed9
000000bdc898d599
000000bdd19a3299
000000bdf3807939
000000bdf9815939
000000bdfeb63db9
000000be0082f579
000000be62ba79b9
000000be69c81cd9
000000be91978ad9
000000beadc2c139
000000beb7eff4d9
000000bebbb65719
000000bec21f7959
000000bed4165279
000000bef2a37ef9
000000bef5c2c819
000000bf227c7d79
000000bf30475db9
000000bf61fe9a79
000000bf62cfa299
000000bf6ae8af79
000000bf7c4f1c79
000000bf7ec53319
000000bf959481f9
000000bf9cfd8959
000000bfa67d2339
000000bfb8413a99
000000bfd60af819
000000c02782e2d9
000000c048798659
000000c05cd06d39
000000c0c02fc5f9
000000c0d76d3e99
000000c0dd778379
000000c10af23d19
000000c10eb356f9
000000c1149852d9
000000c12022fe99
000000c12b8ff819
000000c12b901599
000000c12e6e4819
000000c18a1a83d9
000001833f351e61
000000000267bc71
0000000000000181
000000c1a2cd6d99
000000c1a5ee8e39
000000c1b0853df9
000000c1c7f39e99
000000c1c7f3da39
000000c1e3dbee59
000000c20cf29039
000000c212258cf9
000000c26a69d959
000000c26ffdf0d9
000000c27322e759
000000c27322f0b9
000000c2831ee659
000000c2b18e6cd9
000000c2b82b41d9
000000c2d8935e59
000000c323c9a0b9
000000c32fd1ce39
000000c34e6ca9d9
000000c353d4f479
000000c37ab1f519
000000c3b64bff99
000000c3ba859c39
000000c3bda42479
000000c3dae96ad9
000000c3e4a170d9
000000c40fc52c79
000000c425ac0559
000000c45ea792f9
000000c45ea79499
000000c45ea7a979
000000c47bf94ab9
000000c498da38b9
000000c4ad358779
000000c4bd264f59
000000c503675b59
000000c510f1f899
000000c51f47a039
000000c5220b4579
000000c539617999
000000c540fde7d9
000000c556274e19
000000c557aa5f59
000000c579fe2cb9
000000c59c813379
000000c5be87a9b9
000000c5cf491bb9
000000c5dc1837d9
000000c5e484f459
000000c5ea007079
000000c60b813959
000000c60f324139
000000c60f385859
000000c634da18d9
000000c642d76f99
000000c642d78579
000000c65676c819
000000c66f63e679
000000c6ab2a0e79
000000c6ccfd6259
000000c6cd350ab9
000000c6d47fc3b9
000000c6df2b4ef9
000000c6f38337f9
000000c708da2a79
000000c73e75ea19
000000c73e765dd9
000000c7775198b9
000000c7785fa519
000000c7c30757d9
000000c7ee5456d9
000000c7ff00b3f9
000000c8020b1ed9
000000c807094819
000000c8080fad99
000000c8419ccc59
000000c8aa1a20f9
000000c8bc63c0d9
000000c8e2d0fd99
000000c8e2d11cb9
000000c916d95479
000000c916d95c59
000000c930878599
000000c93537c2d9
000000c9549046b9
000000c999b4cf59
000000c9b94d29b9
000000c9c35a0359
000000c9c47f4d79
000000c9dd7dd219
000000ca14231df9
000000ca205dfa19
000000ca3154a439
000000ca7316a359
000000ca85b9d5f9
000000ca8ef41259
000000ca9a756eb9
000000cac8ba77b9
000000cad2dd3539
000000cad821cb39
00000195df9fb861
000000000267bc71
0000000000000181
000000caf8b3ff39
000000cb16c12a99
000000cb3e9f04f9
000000cb45283d59
000000cb6267ddf9
000000cb8c596719
000000cba0a37339
000000cba0e3db39
000000cbafe43a59
000000cbd4259619
000000cbd9e30ab9
000000cbe38a2c59
000000cbf1667999
000000cbf78bb5d9
000000cbfa3a5fd9
000000cc2eafe2b9
000000cc542a9c99
000000cc542aa5d9
000000cc6eb78219
000000cc6f1cd3f9
000000cc7de5d659
000000cc9829aef9
000000cc9a2b2599
000000ccb1592659
000000ccbaf35ad9
000000ccd1bf0479
000000ccded7b979
000000ccea64a879
000000ccea64bfb9
000000ccf6e13299
000000cd08cac2d9
000000cd0d623d99
000000cd18f315f9
000000cd2dd92fb9
000000cd5edc3059
000000cd7f8eee19
000000cd897f5bd9
000000cd9a4faef9
000000cda0539439
000000cdbd9aee19
000000cdc61c5939
000000cdc7bbb739
000000cde05fd8d9
000000cde9696699
000000cdecb81219
000000cdecb82179
000000cdecb82b99
000000ce0494d759
000000ce0dd6e799
000000ce11fb5479
000000ce767be539
000000ce79ad8ff9
000000ce7a123759
000000ce7bd26919
000000ce8182c219
000000ce821ab9b9
000000ce96a47439
000000cea30f29b9
000000cecb1e1699
000000cecd8b8c99
000000ceecaeebf9
000000cf077411d9
000000cf09f512b9
000000cf15c02659
000000cf278a5a59
000000cf2c6f4cb9
000000cf4804f279
000000cf57a46599
000000cf6246efb9
000000cf633aaad9
000000cf74550f59
000000cf82f12c59
000000cf95633cf9
000000cfa5ba89d9
000000cfababc459
000000cfacdff359
000000cfb1a2def9
000000cfb471bf19
000000cfc4dbfa59
000000cfeb4f82f9
000000d0042f1b59
000000d02aab9499
000000d02aabb559
000000d05ae00ff9
000000d069501bb9
000000d06a9a5f99
000000d09789e659
000000d132df8cb9
000000d198e04a99
000000d19b82e339
000000d1c2dc7c59
000000d1d403f099
000000d1f55501d9
000000d2050b16b9
000000d2178678f9
000000d232591cd9
000000d251eccd99
000000d25ec4cd79
000000d271485699
000000d27f2cc299
000000d2875200f9
000000d2c49e4e39
000000d2c8aebb59
000000d2d94aa179
000000d2e05d38b9
000000d2ee435c79
000000d304b123b9
000000d309b98519
000000d30e148df9
000000d3357f5879
000000d34029fbd9
000000d35687a6f9
000000d366dfb3f9
000000d38b9e8059
000000d3955d5a19
000000d3964c4ff9
000000d399238439
000000d39f9af379
000000d3ba76e339
000000d3c9743a59
000000d3f10c1a79
000001a8800a5261
000000000267bc71
0000000000000181
000000d442ebe819
000000d458b90eb9
000000d469fe00f9
000000d47796c419
000000d48a2c9259
000000d48cdadb99
000000d4e7bd8a79
000000d4fda68b59
000000d4ffc87c39
000000d512f781d9
000000d51b30acf9
000000d52bf5a0b9
000000d5390a8679
000000d53dd93dd9
000000d54bbeb919
000000d567dceb79
000000d5a1baba79
000000d5a3772b99
000000d5b76b4079
000000d5cdd5a999
000000d5f04b1779
000000d60b0c37b9
000000d60b387079
000000d636f37939
000000d649c5e439
000000d652f15359
000000d652f16099
000000d657073039
000000d6677a62f9
000000d66d28f079
000000d69d009d39
000000d6afa7f1f9
000000d72b1ea939
000000d72f281479
000000d72fd9f539
000000d72fda0ef9
000000d72fda1919
000000d742ed6e19
000000d75ebc2dd9
000000d7665b9199
000000d77bbfc299
000000d787e84519
000000d79b044939
000000d79d1f0519
000000d7a43c05b9
000000d7a6e7f419
000000d7ac903679
000000d7d34dcdb9
000000d7d34dddb9
000000d7d34de399
000000d7e53e01d9
000000d80d6d2659
000000d83989cb59
000000d84dbc3659
000000d86eb378b9
000000d872c21619
000000d87e841799
000000d87e841939
000000d8c1794079
000000d905093cb9
000000d9078a1939
000000d91004c7f9
000000d91c0bf659
000000d92afbee39
000000d93c242819
000000d957403e99
000000d96720dcd9
000000d99a766499
000000d9a766db39
000000d9aad124d9
000000d9c5b76ed9
000000d9ca710419
000000d9cb82cbd9
000000d9ec426419
000000da01d45059
000000da14ee83b9
000000da17abc039
000000da28aeaef9
000000da50f3db59
000000da51535ef9
000000da64b09d59
000000da9a093719
000000dad0588dd9
000000dad83d4519
000000db09757859
000000db3032a339
000000db36556bb9
000000db3c0736f9
000000db423210f9
000000db60ffa639
000000db75d94d99
000000db8cb40b39
000000dbb27bfa19
000000dbc4494759
000000dbd6383319
000000dbd6385d59
000000dbd6386759
000000dbfc136659
000000dc01be2e59
000000dc078267f9
000000dc07827979
000000dc0bd91459
000000dc10706439
000000dc2a213239
000000dc97a5e899
000000dd1036cd39
000000dd10dddc79
000000dd146e5a79
000000dd197ca559
000000dd24d68dd9
000000dd24d69cb9
000000dd70c0b5b9
000000dd7fdb5d99
000001bb2074ec61
000000000267bc71
0000000000000181
000000dda13955d9
000000dda3b5b859
000000ddac3b75d9
000000ddb29a1dd9
000000ddcef2bf59
000000ddfbe58519
000000de027164f9
000000de15a685f9
000000de15a69f79
000000de26ac3e19
000000de2a3eebd9
000000de2d6c4279
000000de440984f9
000000de4b8db899
000000de52592a59
000000de54d43b99
000000de924003f9
000000ded4765479
000000dede87deb9
000000dedfceccd9
000000deeaa94299
000000deeaa94499
000000def90463b9
000000df01a32b39
000000df0fa415f9
000000df1a500eb9
000000df1f4bfbb9
000000df7a997679
000000df83661959
000000df872f7e99
000000dfa76eb459
000000dfa76eb639
000000dfac55bd79
000000dfbdd6c8d9
000000dfdb3158b9
000000dffcff0319
000000dffe0406b9
000000e016316b79
000000e075d350b9
000000e0965fad19
000000e0c70b28f9
000000e1003c8e39
000000e114d24639
000000e12e91d819
000000e19e89ceb9
000000e1a40a6b39
000000e1b6b2e1d9
000000e1bd15e579
000000e1caac91f9
000000e1d39af079
000000e1d6ad9fd9
000000e1df9da2b9
000000e1e525dc59
000000e20b27ec19
000000e21b7a54f9
000000e21b7a6b19
000000e24354c3f9
000000e256e4b119
000000e264d80fb9
000000e27b215579
000000e2da5b50b9
000000e2daf1eaf9
000000e2e1c521f9
000000e30837ae99
000000e30a584519
000000e30fadee99
000000e314668819
000000e318632959
000000e345366939
000000e359986e39
000000e35bcf1579
000000e3647b21b9
000000e364ed6039
000000e369751499
000000e369751e99
000000e3993913b9
000000e39c82b4f9
000000e3c2091179
000000e3f5156919
000000e409ac0579
000000e4163e22b9
000000e421709719
000000e44e8d8f59
000000e4527a6999
000000e4820ec639
000000e4c4ddedd9
000000e4c7cff539
000000e4eeb6bbb9
000000e52d7a4eb9
000000e53c3e8779
000000e54f29f379
000000e55f8b4739
000000e57d8fbe79
000000e591cbb6f9
000000e5da29d239
000000e5de7cc119
000000e5e50b7d59
000000e60cd17e99
000000e61216b499
000000e6289676f9
000000e62b57caf9
000000e65da19f19
000000e6654618f9
000000e69ce3c7d9
000000e69ce3d1f9
000000e6d897e199
000001cdc0df8761
000000000267bc71
0000000000000181
000000e6f1210c39
000000e7002e9e99
000000e731732bf9
000000e759f34a19
000000e76b983019
000000e780a8a559
000000e7b1ac9419
000000e7badc28f9
000000e7cbf38b99
000000e7cce00239
000000e7ec98c999
000000e83e5b6dd9
000000e843ef4659
000000e8625ace19
000000e8a06226b9
000000e8a4b063b9
000000e8b7cad339
000000e8fdddc7d9
000000e8fdddd819
000000e900178599
000000e92326ec19
000000e9566d8f59
000000e959b83799
000000e966475439
000000e9682e9199
000000e96e32e659
000000e97aebbff9
000000e985518619
000000e98d09e959
000000e98d73a039
000000e9a9bef4d9
000000e9b54025b9
000000e9fbdd4579
000000e9fcc28839
000000ea0e611d19
000000ea2d92ceb9
000000ea36362b79
000000ea379b1799
000000ea37b575b9
000000ea64b6d019
000000eab4ed2479
000000eae7a063f9
000000eaf1241f59
000000eb1b6d4659
000000eb38b39799
000000eb437e3e99
000000eb501f8879
000000eb6680d259
000000eb671dbe19
000000eb67785f99
000000eb9f454b39
000000ebc21bf959
000000ebdeb2f839
000000ebe813f339
000000ebe813fc19
000000ebffa141f9
000000ec07a69239
000000ec12e5ff59
000000ec3b775119
000000ec57128779
000000ec57431bb9
000000ec5db81dd9
000000ec6a44c219
000000ec72dece79
000000eca9193cd9
000000ecf6507179
000000ed1bf9cd19
000000ed36cfb679
000000ed419236b9
000000ed5bba9c99
000000ed61442459
000000ed79d7c099
000000ed811d5819
000000ed867f11d9
000000ed902c67d9
000000ed97df3759
000000edce838cb9
000000eddfa93439
000000ee011f7879
000000ee13e9bff9
000000ee2de1d239
000000ee314dacd9
000000ee3d137fd9
000000eea2f849f9
000000eea8cac0f9
000000eeb6e91db9
000000eebcd4acd9
000000eed1fae4d9
000000eef7464659
000000eef8463279
000000ef17efa939
000000ef2083d139
000000ef27e7fff9
000000ef5a324659
000000ef74d228f9
000000ef7c4210d9
000000ef7cee8339
000000ef7ed46c59
000000ef7ed46e39
000000ef87fd6899
000000ef9a07da79
000000efd8bd18b9
000000f009f35259
000000f00b3b9179
000000f01f0270f9
000000f02767c819
000001e0614a2161
000000000267bc71
0000000000000181
000000f02f9a9df9
000000f056038e59
000000f06ed7fdf9
000000f07edee639
000000f07edef959
000000f09ed90c39
000000f0a3df8d79
000000f0d074ec19
000000f1015d94f9
000000f1015dad39
000000f1183b8a99
000000f125d2c939
000000f1269d23d9
000000f16a259339
000000f187ff0bd9
000000f198687519
000000f1f0f88639
000000f1f81d0fd9
000000f1fe5fe7f9
000000f2033073f9
000000f233c46659
000000f23bc01a79
000000f24a1ee759
000000f261d384d9
000000f2860a60f9
000000f2885af4b9
000000f2bbe44259
000000f2bd7603d9
000000f2c31b35b9
000000f2d305b539
000000f2daa6ac39
000000f2fcd9fd99
000000f326fe4ab9
000000f3282ff4b9
000000f342a25699
000000f34300acb9
000000f36e8217f9
000000f373504139
000000f3920f2b99
000000f393601a19
000000f3b7f80ef9
000000f3c9a4d959
000000f3d89f3a19
000000f3ee61af79
000000f3fd77fb79
000000f408c1ee99
000000f40a562199
000000f45ea6eb39
000000f479190cb9
000000f4791915f9
000000f4b4779c59
000000f4f2312699
000000f5068ce7b9
000000f51c7b91b9
000000f525d711b9
000000f525d723d9
000000f525d73bd9
000000f5292733d9
000000f52f0c5979
000000f56d90b999
000000f598bd8459
000000f59c8e6259
000000f5b67219b9
000000f5bcf6a299
000000f5d45b6d39
000000f5f7a38479
000000f5fa5b7219
000000f5fe408f19
000000f602c7a639
000000f60e7094f9
000000f6142f6019
000000f62342e919
000000f625cb4cd9
000000f63bdcbdd9
000000f640a15c59
000000f6431627d9
000000f653d517f9
000000f660954e99
000000f678b0cad9
000000f6c2b18899
000000f6c93f0999
000000f6ca1d8479
000000f6f202b459
000000f6f202c4f9
000000f6fff5d739
000000f7169ca119
000000f734308d79
000000f739517159
000000f75142bd59
000000f7807e4579
000000f782816119
000000f7a86fb599
000000f7c3c68779
000000f7f8294799
000000f7f978c279
000000f8092709d9
000000f81963d4b9
000000f81e70ff39
000000f825283399
000000f840d952b9
000000f85f8b5559
000000f864006879
000000f86ab64a59
000000f87117e0d9
000000f893555199
000000f8a32128b9
000000f8aa4d3d59
000000f8c888d919
000000f92b5a2f99
000000f930a32f79
000000f9354b6bf9
000001f301b4bb61
000000000267bc71
0000000000000181
000000f98d608ed9
000000f9a1e5a279
000000f9b3c2d819
000000f9c3a382b9
000000f9c7866b59
000000f9ca09eb59
000000f9ca872af9
000000f9d1d43479
000000f9dad0f2d9
000000f9fa401339
000000fa1ebc3279
000000fa56903b99
000000fa7f114c59
000000fad9ecd4b9
000000fba1269d99
000000fbd059fbd9
000000fbde5d3e39
000000fbfded3999
000000fc16ecc899
000000fc25e12719
000000fc2c8602d9
000000fc2fda2119
000000fc65735739
000000fc6a91c659
000000fc9d006859
000000fcaa589fd9
000000fce0746d79
000000fd0c657cf9
000000fd110c82d9
000000fd4fab2239
000000fd6680c519
000000fd74dac6f9
000000fd7a64fb59
000000fd966c25f9
000000fd9b2b3d39
000000fdb804bd99
000000fdc6b4ba59
000000fdf4e69619
000000fdf7514739
000000fdf89e2779
000000fe0194e999
000000fe0937e2b9
000000fe0ddaa099
000000fe2d8df8b9
000000fe367eb199
000000fe4309d1d9
000000fe48a21119
000000fea2f216d9
000000fea6a0c319
000000fea8da72f9
000000ff35807b39
000000ff3c0fb039
000000ff3f5dcf59
000000ff530af679
000000ff56de0a59
000000ff8773db99
000000ff9122dbf9
000000ff92be3439
000000ff95fbe519
000000ffe4f91959
000000fffd1084f9
00000100247da199
0000010025acb8f9
0000010034a01819
00000100375d0d79
00000100abf024b9
0000010104c3f8f9
000001013b1f0f19
0000010147d0f5b9
0000010161b0bc39
00000101719e3139
0000010184f39ef9
00000101948d75f9
00000101dc363679
00000101dc688f59
00000101eac97df9
00000101f08d44b9
0000010243810e79
0000010256489499
0000010272149799
00000102a39f53f9
00000205a21f5561
000000000267bc71
0000000000000181
00000102e49b57d9
00000102e9e41039
0000010305b2c199
00000103181f5db9
00000103216ce999
000001032641b459
0000010329bb99b9
000001032e611bb9
000001032e612d19
000001032e613719
000001035b93e559
00000103822a64d9
00000103822a7439
00000103822a7e39
0000010391ebab79
000001039ffb5b79
00000103b18a3939
00000103cdc80b79
00000103f9ae2cd9
0000010400d291b9
0000010410543259
0000010426e7e0f9
000001042e3c67b9
0000010434c5ee19
000001048cf68e59
000001049d9859d9
00000104cf106d59
00000104f67f3cb9
0000010517acb219
000001053d02c239
00000105402243d9
000001054ffb3cb9
0000010556bd9d19
0000010562f3c879
00000105974d2959
000001059aafa479
0000010606ce6939
00000106208ed559
0000010633d4d519
000001063c337379
000001065c2eee19
000001067e777d99
000001069a4f80d9
00000106b7bae9d9
00000106c24cb759
00000106e136e459
000001070e0733b9
0000010734176b19
0000010745aad839
0000010748232ab9
0000010760ee4719
0000010764635b19
000001076795e299
00000107a88de919
00000107d8fc3159
00000107e3ae3fb9
000001081b948519
0000010820ebeb99
000001082bee1b39
000001083b808379
0000010853231af9
0000010867fed0d9
000001088a229d99
00000108a3cc7fb9
00000108c0a49179
00000108d2b3ac39
00000108e4b71219
00000108ea250459
00000108ef9b5899
00000108f00df999
00000108f00e0e79
0000010903c4c6f9
000001095006b579
0000010972f71bf9
00000109ac1af459
00000109c8e8a619
00000109cfa1e439
00000109cfa1f279
00000109ed911019
00000109fb3a2af9
0000010a34d99579
0000010a39923699
0000010a5ad8aa99
0000010a5ad8d979
0000010a660b23b9
0000010a8b1e6319
0000010a8e8c51b9
0000010a986e14b9
0000010aa5cebf39
0000010abb6a8419
0000010b18ba7939
0000010b2206c479
0000010b752042d9
0000010b82aaf699
0000010b987fedb9
0000010bb1385419
0000010bb13dc6d9
0000010bdaf39179
0000010bebf6b959
0000010bf6f7a6b9
0000010bfbfdbc79
0000010c1d02bbb9
000002184289ef61
000000000267bc71
0000000000000181
0000010c240d0ef9
0000010c46f82139
0000010c6432d999
0000010c8339de39
0000010c9b9c8db9
0000010c9d7c05b9
0000010ca10e8339
0000010ca2d288f9
0000010cad5eef99
0000010cb1e78879
0000010cbdf99219
0000010cce9623d9
0000010cdb6a7b59
0000010ce07ceb59
0000010cf145da99
0000010cf8bb46b9
0000010d2699e6f9
0000010d2a692179
0000010d307345b9
0000010d89101bd9
0000010dbc57ae99
0000010dca038af9
0000010de74a1e79
0000010de74a3019
0000010def043819
0000010def0439b9
0000010e003aee19
0000010e0c89f9f9
0000010e353e3e99
0000010e37bbee79
0000010e3ab170d9
0000010e419324f9
0000010e4a7611f9
0000010e54db1bd9
0000010e9754cf79
0000010ea89392d9
0000010ec8d72979
0000010ed693cb59
0000010edb0e71b9
0000010ee30b6199
0000010f00288119
0000010f45deaef9
0000010f6d43e2b9
0000010f81e0d399
0000010f9388b9d9
0000010fa213f819
0000010fc2c6ee79
0000010fefa0b3f9
0000010ff3ca8dd9
0000010ff51f85f9
0000011002662379
000001100c72f8f9
0000011013829d19
000001102b822679
0000011051802679
000001108528b8b9
00000110936ed259
000001109c2b28f9
00000110bcaef4b9
00000110f2125399
00000110f8d13579
000001110e7c9179
0000011124e32bd9
00000111299a60d9
0000011136387859
00000111680b4f99
00000111841822b9
0000011184183559
00000111848e19d9
00000111b013a6f9
00000111bd6e9699
00000111bfdf4839
00000111c6618c39
00000111cf368559
00000111d3dac2f9
00000111e9c55919
00000111f7e47bf9
00000111f8e35059
00000111ff6330f9
000001120cdbe4b9
0000011215d94a19
000001121e7c6e99
0000011228e00579
000001122ca51b59
000001122ffb97d9
00000112302149f9
00000112507a5279
000001128e6f1ff9
000001129906c1b9
00000112b8449719
00000112c03ef319
00000112cfb29ab9
00000112e878a459
00000112fe60f039
000001130f603239
0000011399d3d399
00000113b90d77f9
00000113cf843b19
00000113e0633b79
00000113f2f517b9
0000011430991079
000001143f16f199
000001143f1702b9
00000114787262b9
000001147c1d7e59
000001148bc5a559
000001148dc22579
00000114a3331cb9
00000114f22ff859
000001151d298559
000001151fdb3459
000001152a596d99
000001152a991359
000001153672fd79
00000115367310f9
00000115447a1a59
0000022ae2f48961
000000000267bc71
0000000000000181
00000115813307b9
0000011586f366b9
00000115a9bf68f9
00000115d4f661d9
00000115ea186459
00000115f2bf1bb9
00000115ffdabfd9
000001160b12aeb9
0000011622cbd439
0000011676af4bf9
00000116a7f41b39
00000116d596ea39
00000116fd47ddb9
000001170cc54f19
0000011728cf8eb9
000001174659c299
0000011771a89639
000001178a016dd9
000001178a017ef9
00000117a559ca99
00000117d43c5859
00000117e09cc739
00000117fd2ca819
000001186cf97fd9
000001186e3abd39
00000118e48d3dd9
00000118fa86cab9
0000011905445c99
000001192626e139
0000011927690c19
000001192fa4c879
000001193d755019
000001194275c799
000001197104e6d9
0000011984183fd9
0000011994b96ed9
000001199f4bb759
00000119a12ff5d9
00000119a52d54b9
00000119ca444ad9
00000119df0e4af9
00000119e27a34b9
00000119e7d4a959
00000119e85a9fb9
00000119e85ab3b9
00000119e986b9b9
00000119ed7d8a59
0000011a23de8499
0000011a5997c9d9
0000011a7983c419
0000011a7a967fb9
0000011a8827a839
0000011a8a1954b9
0000011af1df06d9
0000011b106a2a39
0000011b13693e99
0000011b4faf5679
0000011b5ea53df9
0000011ba11ece39
0000011ba397ef19
0000011be0f2c239
0000011becd9b479
0000011bf387d319
0000011bf387e339
0000011bf387e4f9
0000011c153cdab9
0000011c4bd8af59
0000011c7047d5d9
0000011c7cc95a19
0000011c81055b39
0000011cd5edaa79
0000011cdc8810f9
0000011cfbba8af9
0000011d0329a9b9
0000011d24ba3df9
0000011d316c32b9
0000011d51f56c39
0000011d68b9a679
0000011da3c6e719
0000011dba0ad639
0000011dbc240299
0000011dcbe22079
0000011dccfd15d9
0000011de646f379
0000011def48a479
0000011e0a182379
0000011e1d988c79
0000011e243646b9
0000011e25053d39
0000011e2595f059
0000011e3ccd7399
0000011e3f1bc7b9
0000011e63dc6f39
0000011e712207d9
0000011ea5f374d9
0000011ea5f38c79
0000011ea689c459
0000011ebeac7b19
0000011ebeac8ed9
0000023d835f2461
000000000267bc71
0000000000000181
0000011ed7175ad9
0000011f03497c79
0000011f11c30e59
0000011f1d966799
0000011f389f51f9
0000011f4e8ecf59
0000011fa5d4acd9
0000011fb7572a99
0000012001614879
000001201af59819
00000120316c6459
0000012032f9cbf9
000001204af85a59
000001204af85bd9
000001207896ff39
00000120a133ae59
00000120af3e8979
00000120d73de019
00000120d73df1d9
00000120da721739
00000120fae1def9
00000120fae205b9
000001210258aeb9
00000121396d8799
000001213e325c59
0000012149496899
000001214c011979
00000121696e4b19
0000012180c51599
0000012187902259
000001219eca0319
00000121a06f4a39
00000121b2055279
000001220b2ecaf9
0000012247527879
0000012248e183b9
000001226c376539
00000122839baeb9
0000012296ffb6d9
00000122c1a25639
00000122d14d80b9
00000122d939eeb9
00000122e456fbb9
00000122e4d1c759
000001230ecdfe19
0000012316c8d6f9
000001232a229959
0000012339fc85b9
0000012375893899
00000123ad085499
000001240528dd99
000001240528eb19
000001240d22eb79
0000012471f310b9
000001249688eab9
00000124a1502719
00000124a9eb02d9
00000124a9eb10f9
00000124b452dd99
00000124eb455619
00000125307618b9
0000012537a4df59
000001255f633bd9
00000125feb19879
00000126021084b9
0000012610cd0919
0000012629c4bdd9
0000012630d25639
0000012640accdd9
0000012658034db9
0000012683553299
000001269c53eb59
00000126ab648799
00000126b6e24339
00000126c8d47779
00000126ccedf979
00000126dd2ad9d9
00000126f1c9ff79
0000012714c622f9
00000127486e4519
0000012755a7c419
00000127815e64d9
000001278e1d1279
000001278f999179
000001279ab241b9
00000127bc97d559
00000127f302d619
0000025023c9be61
000000000267bc71
0000000000000181
000001281d34de59
0000012839989df9
000001289a8a2499
00000128b5c4baf9
00000129096d96f9
000001290a9ea359
000001290b6435b9
00000129365ba459
000001294e81b539
0000012961416499
0000012962f659d9
000001297c18e879
0000012988087e19
00000129986bc359
000001299b445679
00000129c507ced9
00000129c84a2699
00000129dc580039
0000012a00f56039
0000012a28c1d719
0000012a2f151df9
0000012a36dc8699
0000012a40dcddb9
0000012a40dce619
0000012a74beec39
0000012a7b992ab9
0000012ac2f6c219
0000012b40b2bbd9
0000012b4b10c239
0000012b4b10c419
0000012b4f1c4f79
0000012b60e63179
0000012b68332fb9
0000012b68337a99
0000012ba6464cb9
0000012be87d1e59
0000012bf19d8519
0000012bf58e6299
0000012bfeb530d9
0000012c2a453c79
0000012c4267e3f9
0000012c4267eed9
0000012c7199c759
0000012c7391cb99
0000012c7f152919
0000012c8947d979
0000012c8d256499
0000012caf53ac79
0000012cc9284bd9
0000012ce8027319
0000012cf3ca6a19
0000012cfa0bb299
0000012d4a505259
0000012d54f5c5f9
0000012d5763df39
0000012dcee506b9
0000012de32f3f59
0000012e1fd6a319
0000012ea3523b79
0000012ebb66f539
0000012ec4b50139
0000012ec7757859
0000012f1f7b87b9
0000012f4be5c7f9
0000012f4be5ddf9
0000012f899c5f19
0000012f95665679
0000012fa08927d9
0000012fcb75e6d9
000001301346e799
000001302b3ed659
000001302fedef19
0000013043323019
000001305e6a00b9
000001306b12b1b9
000001308c4dad19
00000130babf58f9
00000130eaee7bf9
00000130ef5e1b19
000001311ca0bfd9
000001311cfd6039
000001311ea8a4b9
000001311ea8acd9
000001312537d839
000001313bf46859
00000262c4345861
000000000267bc71
0000000000000181
000001319be4a959
00000131d6aa3b19
00000131d9a858b9
00000131dfce39f9
0000013212264659
000001323914b419
000001323c7059f9
0000013251185e99
0000013251c32979
000001325d8a9539
0000013268f9d039
000001326d3475b9
000001327d897fb9
00000132a2852c39
00000132abd41dd9
00000132b6e07d59
00000132c0dd0ed9
00000132cd02cef9
00000132e6b21239
00000132eb84a2f9
000001331eb1e579
000001337e495d59
000001339613f6f9
00000133ab9de559
00000133b0eca119
00000133bb6265f9
00000133bfcdb879
00000133c5fa72f9
00000133ca0d85f9
0000013402104119
000001340407c0f9
0000013408e76f99
0000013409c53019
00000134212cbdf9
00000134351ce3f9
000001343eaf55f9
00000134410269d9
00000134432d0819
000001344d8d7c19
0000013452e60a79
00000134601d8a59
000001346a23b1f9
000001346b5af7b9
000001346c9bf899
0000013476fe2e39
0000013487c4c619
000001351fbcb099
00000135221c3519
0000013556a5d419
0000013568017a99
000001358c67c699
000001359a6cad59
00000135e83cb259
00000135f0919bd9
000001363f5f6839
000001364368ed39
00000136536556d9
00000136747a0339
0000013682647299
00000136941f5659
00000136a4022699
00000136c61b4979
00000136d2d0c579
0000013705a4ab79
0000013718d65839
000001374f36de39
000001378cd217b9
00000137cad24999
00000137e363f239
00000138027564d9
000001381aceb459
0000013838bb3259
0000013865e45479
000001386f9f4f19
00000138ea31f659
0000013904cf4f59
00000139391a08d9
0000013945f066b9
0000013956254a39
000001395753caf9
000001395be394b9
000001398a3a5319
00000139b14384b9
00000139b9811779
00000139c0654d19
00000139ecc4d6d9
0000013a11977039
0000013a2f3ba5f9
0000013a501e34f9
0000013a501e7959
0000013a59fafa59
0000013a887da479
0000013a9801e559
0000013aa396fc59
0000013aa9165ff9
00000275649ef261
000000000267bc71
0000000000000181
0000013ab4a45919
0000013ab80d4e99
0000013ad0b84ff9
0000013ada397ff9
0000013af4a668d9
0000013b01e65d99
0000013b2ed491d9
0000013b2f740099
0000013b4ce0fd19
0000013b729e2639
0000013b729e3039
0000013b9e6dce59
0000013bdb9b2239
0000013c02de6259
0000013c283d42d9
0000013c32eabb39
0000013c46562f79
0000013c4b5d95f9
0000013c80fff0d9
0000013c9182d459
0000013cb93c2ff9
0000013ccf0a3f59
0000013ccfaffdd9
0000013cd7244099
0000013cf98f57f9
0000013d0d026299
0000013d13e49c19
0000013d13e49db9
0000013d2e0aca19
0000013d5399fd59
0000013d79ee0ab9
0000013d9eaedc99
0000013dadd364f9
0000013dbf2aac19
0000013dcd321c59
0000013dfe7e74f9
0000013e06ebe319
0000013e1a125599
0000013e2ed80619
0000013e2ed81db9
0000013e2ed839d9
0000013e493f61b9
0000013e4fc12419
0000013e682612b9
0000013ebb297219
0000013ecdaf4979
0000013edc519ff9
0000013ef3684ad9
0000013f2db62299
0000013f5ba67039
0000013fd7714f19
0000014000b78599
00000140037f1939
000001400acb7f79
000001401d9ee6f9
000001402cc02bb9
000001404126d319
000001404fe15159
0000014056162ed9
000001405757e479
000001406fbe2b19
000001409187aa79
00000140a62764f9
00000140ade24e19
00000140af8c1d19
00000140eaa6ff19
0000014103d42ed9
000001413d9345d9
000001414cbe6259
0000014150c2cad9
0000014155859359
000001415585a599
0000014178074c79
0000014179269279
0000014180554d39
000001418208ca79
0000014189413fb9
00000141d7d1daf9
00000141ed1412b9
00000142186fd699
000001421be21e39
00000142312687b9
0000014233a33a79
000001423545d999
0000014237be6b59
000001423e4d86f9
000001424ee67999
000001424ee68399
0000014254732ff9
000001425e128b19
00000142627d0099
000001427c23be39
0000014285f0bb39
000001428ea46f79
00000142985cfdd9
00000142b31aa8f9
000001431586cd39
00000143c3136bf9
00000143dea100f9
0000028805098c61
000000000267bc71
0000000000000181
00000144022634d9
0000014429a2ca19
000001442afd4639
000001442bf851d9
000001443a5771d9
000001443b3c4679
00000144691cfd39
0000014484dcb7d9
00000144b9285559
00000144da184df9
0000014509d308f9
000001450d98a979
0000014541a79719
000001454365e979
000001455c403219
000001455e80b539
0000014560436cb9
0000014563a158f9
00000145c0a1f399
00000145c1f44cf9
00000145c5d0f1f9
00000145c5d10e99
00000145d2c18159
00000145db556239
00000145e78b53f9
00000145fb554759
0000014615408c19
00000146160c40b9
000001461dba1239
000001461f7a5f99
000001464c12a1f9
0000014665bdf6b9
000001469e402519
00000146b0d8a6f9
00000146d42d52d9
00000146d42d63f9
00000146dfad99f9
00000146e9e050b9
00000146f4d18499
00000146f6738199
0000014732937699
0000014739aacd99
000001476575f9b9
0000014788101db9
00000147a2e5ae99
00000147a638ebb9
00000147c2874179
00000147c2875999
00000147ddf3b099
00000147faa81f99
000001480ad4fdf9
000001481ed12759
000001482e811cf9
0000014831486f59
0000014836d14e59
000001485814aad9
000001485814d4f9
000001486fc53f79
00000148779da0d9
0000014881c25959
000001488b6e25f9
00000148b1a8cb19
00000148d4c03c59
00000148e6a1f9b9
00000148f5c1ac59
0000014960d7ced9
00000149993d7699
0000014999931d99
00000149be937419
00000149d3905d79
00000149da63b899
00000149fb0ed579
00000149ff6ceb79
0000014a3a369839
0000014a41d98ad9
0000014a46ec89b9
0000014a54d58339
0000014a550521f9
0000014a5f39ae39
0000014a5fe30759
0000014a89e2bd79
0000014abc7300f9
0000014acb2b0979
0000014afd581899
0000014b184883d9
0000014b1c3e5bf9
0000014b2433f979
0000014b2dc107b9
0000014b519f2639
0000014b6a4bb8d9
0000014b6e78e059
0000014b752e5779
0000014b7f1d1fd9
0000014b81a76b79
0000014b94b977d9
0000014b9e087039
0000014bb0320439
0000014bc6e535d9
0000014bc8e50459
0000014bce8791b9
0000014bcf6efa19
0000014bcf6efbb9
0000014bd69eb199
0000014c0369c959
0000014c1017ca79
0000014c13480b59
0000014c1ef3fed9
0000014c369dfb59
0000014c4096c599
0000014c50cd04d9
0000014c609f4cf9
0000014cac65ea79
0000014ce08a65b9
0000014ceb6f1b59
0000014ceee18cf9
0000014d136414f9
0000014d267e6e59
0000014d32153a59
0000029aa5742661
000000000267bc71
0000000000000181
0000014d64459b59
0000014d98bc4e99
0000014d9a83a399
0000014d9ebd1239
0000014d9ebd13f9
0000014da8664db9
0000014db0294c19
0000014dfa890e99
0000014dfc95a179
0000014dfd06b819
0000014e04346c39
0000014e0f224779
0000014e12d3fbf9
0000014e467259f9
0000014e75242c59
0000014e75c5d079
0000014e7fc70cb9
0000014e9bde3639
0000014e9e21abd9
0000014eab99d6f9
0000014ebe5f6c99
0000014ed710b8b9
0000014ed94a8759
0000014ed9b85339
0000014ef3feb7f9
0000014ef84d8af9
0000014f27bf80f9
0000014f2da6cc39
0000014f473cb4d9
0000014f65f70c59
0000014f7f248a19
000001500160c059
000001500160e5f9
000001506d7aa7d9
0000015088aa9359
00000150dc7dbe19
00000151092b9359
000001510d723039
000001514cd33239
0000015155573739
0000015174f926b9
000001517ed640d9
000001518fd0c3d9
00000151c4048c99
00000151e00eb179
00000151e088b099
00000151e088b259
00000151e3b0d619
00000151f30add39
00000152006a54d9
00000152016c2279
00000152286fc999
00000152480a4419
0000015255fa9239
0000015255fa9419
0000015264ae35b9
000001526e01ddd9
0000015289d22af9
00000152a7a63459
00000152c1814a79
00000152cce10f39
00000152d397c539
00000153103b39f9
000001534b7a4519
0000015356946ab9
00000153582918d9
0000015358292479
000001538b69a479
00000153cd8380b9
00000153cdbc25b9
00000154736f5619
0000015474750d19
00000154c0560139
00000154e4be27d9
00000154f372f6f9
00000154f62dac19
00000154fed2e3f9
0000015522ba5e39
000001553347ffd9
000001553b2e5bd9
000001556500e6d9
00000155662ebcf9
00000155689704f9
000001559ca4dd79
000001559ca4ef39
00000155b6e895f9
00000155b731f2b9
00000155d02faf59
00000155dbb0a539
00000155e9e1e819
00000155fe65d019
000001562cb26d39
000001562e102859
0000015634446fd9
000001563c48be19
0000015643fc8db9
0000015646c67679
000001565c476099
00000156680379f9
000001566ead89f9
000002ad45dec161
000000000267bc71
0000000000000181
00000156b83fceb9
00000156e7e4c9d9
00000156f0000d19
0000015714c70d79
000001571fc4d139
0000015730c1aa19
000001574f399039
000001577471e8b9
000001579ddb53d9
00000157aa7a8c99
00000157ff76bb99
0000015807f4f3b9
000001582a3c86d9
0000015834eb8f19
000001584b9d72f9
00000158883d58f9
000001589adfce99
00000158acf772b9
00000158c207fc59
00000158c475b759
00000158d7de0319
00000158f4206379
00000159106674d9
000001591c52b739
00000159485c09f9
000001594d209c99
00000159756870f9
000001599070da99
0000015991fdbef9
0000015996ffa4b9
00000159ac7ae779
00000159e8eca019
0000015a0f5b2e99
0000015a1a7a35f9
0000015a24fd2679
0000015a3ee64739
0000015a42b84c39
0000015a42b85579
0000015a4a191119
0000015a525ba5d9
0000015a58a15b99
0000015a5d98f719
0000015a6ba4eb59
0000015a8b6781b9
0000015a92a6b9f9
0000015aaf166c59
0000015ab916b9d9
0000015aceccbfd9
0000015aead43819
0000015b16400bf9
0000015b36bbea39
0000015b6f886ab9
0000015b93c418d9
0000015ba5ff2639
0000015bbb525759
0000015bbd794399
0000015c103f7219
0000015c5c31ba19
0000015c805cb199
0000015c84f8a1b9
0000015ca2c098d9
0000015cce980bb9
0000015cf4ea8b19
0000015cfc170e19
0000015d006983b9
0000015d258923f9
0000015d4b9abcb9
0000015d4d0f27b9
0000015d677ffe39
0000015d8f8b9279
0000015da9000e79
0000015db0f756b9
0000015dbb74a439
0000015de4378159
0000015df65e5c99
0000015dfe080219
0000015e0c6bd6f9
0000015e172de0d9
0000015e1c8ad399
0000015e2e351379
0000015e32320259
0000015e61a3d3b9
0000015ea8a134f9
0000015eccbb9539
0000015ecdb26219
0000015ece5718f9
0000015ed5fe77b9
0000015ed5fe87b9
0000015ee47ee019
0000015f0243b5b9
0000015f23f84479
0000015f26329c79
0000015f272338f9
0000015f44f45139
0000015f540981f9
0000015f5d3b4299
0000015f68e9c1f9
0000015f847f2379
0000015fc7a07d59
0000015fe874d0b9
000002bfe6495b61
000000000267bc71
0000000000000181
0000015ff67fd339
0000016018fc0879
0000016024259f99
000001602964f579
000001602d711499
000001604944d579
0000016059c3e559
00000160644d2919
000001606d35a1d9
00000160712287b9
00000160728889d9
0000016075e58d19
00000160886f8e99
00000160958e2c39
00000160da318519
00000160e10c8599
00000160e9c11019
00000160eeff6259
00000160f1c8fc39
00000160f4ec58d9
00000161067fd779
000001611093e719
00000161207c04f9
000001612b16c539
00000161582500b9
000001615eb534d9
000001618a678d79
00000161ad63c5f9
00000161b40e0519
00000161fd061639
000001623dfcf659
000001625253d599
0000016274111339
00000162788e6ed9
000001627a37fb39
000001628129e519
00000162974cfef9
0000016299104d79
00000162aabc08d9
00000162be1ef3b9
00000162c163c619
00000162f4524c79
00000162f65a27d9
0000016323155ed9
000001632f6ae159
0000016330160af9
0000016330161dd9
000001634c0bb6b9
000001637842e999
00000163b247a199
00000163bb89d779
00000163c41b2bf9
00000163dbeb7d39
00000163fda7d4b9
000001640d28ed19
000001640e0ed4f9
000001640e0ee819
0000016436837159
000001644996d8b9
0000016454a7f6d9
00000164618a6359
00000164694835d9
000001647951ad59
000001647d532fd9
0000016487c57fb9
0000016490a5da39
00000164a8ca8219
00000164e96aab79
00000164ed09aad9
00000165172655d9
000001658c394019
0000016597dc4c59
00000165aa32e019
00000165d7031e59
00000165d7034179
00000165d7035179
000001664a59a9b9
000001665860f779
0000016670e99b19
00000166a237e959
00000166b27223f9
00000166e2b4f439
00000166edd92c99
00000166ee5ba2f9
00000167165ed139
0000016717eb6699
000001676681b079
0000016789918139
000001679252e959
0000016794f7da59
00000167c4d8d5b9
000001682a79f3f9
0000016846a6a279
000001685eacfed9
000001686e4c4039
000001686e4c5139
000001688e262e19
000001688e262fd9
0000016895881999
000001692c9d45f9
000001693bcdcdf9
000001693e588d79
000002d286b3f561
000000000267bc71
0000000000000181
00000169434668d9
00000169507accd9
000001695b36a299
000001695d51b639
000001697ef49499
000001699c76c3b9
00000169ac832639
00000169ae837fb9
00000169ae8394f9
0000016a054477b9
0000016a0f025319
0000016a0f026ed9
0000016a0f02b5f9
0000016a282b5bf9
0000016a3c965f39
0000016a7e17b219
0000016a8b1394b9
0000016ab85361f9
0000016ad39f16f9
0000016ad80c8119
0000016ae2f53859
0000016b0140f8d9
0000016b3b7576b9
0000016b47082a19
0000016b933bf8b9
0000016b9f37f719
0000016badff3279
0000016bb327bb39
0000016bb5e09d19
0000016bb7ae6399
0000016bb7ae7199
0000016bc83bb759
0000016bd52e4419
0000016bd66048f9
0000016bdf7c2af9
0000016be1e5da59
0000016be7b24bb9
0000016bfda34819
0000016bfe2f2e59
0000016c0638ccb9
0000016c0eed1d19
0000016c26ce4819
0000016c456de339
0000016c496f7419
0000016c562f7499
0000016ca8021a79
0000016ca9df62d9
0000016caf3416f9
0000016cb00cb9d9
0000016cd74e1c59
0000016cecab9a19
0000016d2ed2fc99
0000016d32b66599
0000016d3d467219
0000016d7725c839
0000016d982031d9
0000016dd03d30d9
0000016dec2d26f9
0000016df7fe4bd9
0000016e07d58999
0000016e0c757db9
0000016e146ab699
0000016e1e654e59
0000016e2d6b8239
0000016e3d643679
0000016e6e895119
0000016e7b3efd79
0000016ea1f4e419
0000016ea1f4e599
0000016ea1f4f519
0000016ea1f50cf9
0000016ea1f516f9
0000016ecd794639
0000016ecebed859
0000016ed0169039
0000016ed2a170b9
0000016ef727aa99
0000016ef727bc19
0000016f39a5c0f9
0000016f5c90d239
0000016f927dc919
0000016fcb71ccf9
0000016fd9bb3b79
0000016ffb0aaf99
0000016ffd5bcf79
000001700b94a4d9
000001700c3837d9
000001700e6289b9
00000170289a26f9
000001704578ba99
000001705640a639
000001705640c479
000001709b9ad1f9
00000170a2bcc6d9
00000170c3bee6d9
00000170f36c38f9
00000170ff39aed9
000001710244c479
0000017113c5b859
0000017155a73959
000001715660cb99
0000017161f2f519
000001717a8df359
000001719743d1f9
000001719f443f39
00000171c5307839
000001720ab184f9
0000017234801d79
00000172799ad159
000002e5271e8f61
000000000267bc71
0000000000000181
00000172a308ce59
00000172a801d479
00000172d835b7b9
00000172f0123fb9
0000017303964b19
00000173241cc1b9
000001735fa8ba39
000001735ff3f659
000001736b3605f9
000001738ab43af9
0000017390b759b9
00000173a0cd3af9
00000173b758f719
00000173b92c2a99
00000173cf031b59
00000173d64d42b9
00000173e34c8659
00000173e34c9a19
00000173eae70df9
0000017402d08639
0000017417cf67d9
000001744e3a3e59
00000174cb0be2d9
00000174fa08bc19
00000174fe78ddd9
0000017506a01919
000001752229df59
0000017547fddd39
000001754c173c99
00000175a5f1ec39
00000175bff53df9
00000175c5249099
00000175ec27f879
00000175fa55a899
00000175fec1f399
000001760040fe19
00000176093846f9
000001760a4b9219
0000017647e86c39
000001764a8afa39
000001764f1ea3b9
0000017650987719
000001766dd183b9
000001766dd19819
00000176d8034ff9
00000176e1c54699
00000176ecb470b9
00000176ed38d279
00000176f191d599
0000017709da1439
000001772f997859
000001776a1cb999
000001777fcc2339
00000177a97cad39
00000177db62fd59
00000177f5bb5d99
0000017817326d59
000001782f466d99
0000017867a0fbb9
000001788ab74719
000001788aeae3f9
00000178a5fd3499
00000178d68dc639
00000178d6aa2319
00000178d9d004d9
0000017928fe3d79
0000017939464ab9
00000179401b8279
0000017941ee0d79
0000017973e6f1d9
0000017984e40099
000001798e71ecf9
00000179ce922479
00000179d00f6bf9
00000179d7000d39
00000179fac4b2f9
0000017a0f89d039
0000017a4c6d5b79
0000017a890ccc39
0000017a9face259
0000017aba1fc219
0000017ac5af2c99
0000017ad2f995f9
0000017b0c803399
0000017b0cdd70b9
0000017b1c2e4639
0000017b1c2e4b19
0000017b491157f9
0000017b4ba26879
0000017b56e7fb79
0000017bd9c25e39
000002f7c7892961
000000000267bc71
0000000000000181
0000017bea48d459
0000017c066adab9
0000017c14341e79
0000017c165bea59
0000017c2476fe39
0000017c32942bb9
0000017c4b2213b9
0000017c76ac33b9
0000017c78cf2c79
0000017c940a4099
0000017ca6be5df9
0000017ce361ee19
0000017cf3211b79
0000017cf884ebb9
0000017d08952d19
0000017d27d9d619
0000017d404b4919
0000017d40ea2af9
0000017d6029b8f9
0000017d7c692a59
0000017da27ba459
0000017dbc25b0f9
0000017dd988bb19
0000017e1e1e8cb9
0000017e2e786819
0000017e2e786a99
0000017e3d9387f9
0000017e55cf6af9
0000017e62d6d0b9
0000017e734a9a79
0000017e81990a39
0000017e9b0e2d19
0000017ea188ca39
0000017ea6aaa359
0000017ed44a9d99
0000017eda9b7339
0000017ee083e6f9
0000017ef82ee8d9
0000017f22106f39
0000017f282d0ef9
0000017f2f650b19
0000017f338b1119
0000017f5de65859
0000017f64a60079
0000017f72995b19
0000017f84a17459
0000017fae2b1a39
0000017fc95c1bf9
0000017fc95c2b79
0000017fc95c39b9
0000017fdcbbc999
000001800466f699
000001802189cc79
0000018022e0f019
0000018046775ad9
000001804b42e159
0000018057ccd459
000001807ffb5539
00000180876e9f39
000001808da20b19
000001808e990159
00000180a6d13ff9
00000180a6d14919
00000180c2ebeb59
00000180e15e0b59
00000180e63adeb9
00000180e9ef21b9
00000181245a48d9
000001813c473739
000001815a9e8239
0000018188f24139
00000181913ea5d9
00000181a5c95799
00000181abca8059
00000181abca9df9
00000181bbbe7c19
00000181bbbe9459
00000181c222efd9
0000018212eacc99
000001821f9f0719
000001825a12c5d9
000001825e6a5759
000001826132e6f9
0000018263c464d9
000001827c8e56f9
00000182a338d319
00000182a6961b39
00000182c90e2b59
00000182cfe23e39
00000182da1a2c79
00000182fad8f8f9
00000183176f6199
0000018338bf4459
000001833cba5ed9
00000183490235f9
000001836f4290f9
0000018376678db9
000001837c981939
0000018382c5dab9
00000183984ba619
00000183cc6c01b9
00000183d9b4bdd9
00000183d9b4c759
00000183ead942b9
00000183f7fe1239
0000018417df6439
000001841a6a47d9
000001841f158b99
0000018454572fd9
000001845ce50d39
0000018473a8fa39
0000018483400919
0000018483400c19
000001849916e199
000001849916fd59
000001849e71d9f9
00000184b21f30d9
00000184b70ffab9
00000184b9855a59
00000184bab94939
00000184c0780eb9
00000184f4b4ff79
000001852447f339
00000185249dafb9
0000030a67f3c361
000000000267bc71
0000000000000181
0000018536846b19
0000018540d3bef9
000001854a77f939
0000018596ec5cb9
00000185973af959
00000185a8eff3b9
00000185d2bc1659
00000185d597d2d9
000001861c234059
00000186256c6639
0000018634422439
0000018634423d99
00000186440bd179
0000018660df9239
000001866b9bbe79
000001867271aa19
000001867ed60259
00000186bc69ccf9
00000186c175e559
00000186e8d3aa79
000001870a265279
00000187162be339
000001874192ccd9
000001876a3a1099
00000187c41402b9
000001880d8c8579
000001881de57b79
000001882db35b79
000001883d634a39
00000188404138d9
00000188483a9599
000001884976ac59
00000188583613d9
000001885bc8b579
00000188676d9d19
000001887c70c3f9
000001887d4dbb79
000001889bd02939
00000188dd761a59
00000188ec574919
00000188f4ce8c19
00000188f93b8e39
00000189c6530639
00000189c6534ff9
00000189e1721459
0000018a1e279979
0000018a3b7e8599
0000018a3f40cc19
0000018a4863d5b9
0000018a793287b9
0000018a8cceb5b9
0000018aa0380159
0000018b19dca6b9
0000018b2de05379
0000018b58fb1d79
0000018b6f623199
0000018bb5ff9799
0000018be8378c19
0000018be9bbdef9
0000018c2a7dcfd9
0000018c2a7dd9d9
0000018c33323f39
0000018c48e59059
0000018cbde7fab9
0000018cd0baa9f9
0000018cd6aa5279
0000018d0b211939
0000018d217d5879
0000018daf51bfd9
0000018de0ae9999
0000018dea599a19
0000018df6630379
0000018e069f2a39
0000018e17109c19
0000018e360a7479
0000018e45b35bb9
0000018e47299019
0000018e51da4ef9
0000018e6367e2d9
0000018e7a4ee179
0000031d085e5d61
000000000267bc71
0000000000000181
0000018e93263b19
0000018eaa00daf9
0000018eb58b1219
0000018eee6055f9
0000018efdb94279
0000018f03e17b39
0000018f37b20179
0000018f5a3bc3d9
0000018f72aa1a59
0000018f8fb180f9
0000018fa7c56779
0000018fd14b5839
0000018feb3e0159
0000018ff1cfa099
0000018ff572de59
0000018ff68fe499
0000018ff790e119
00000190011dc3f9
00000190011dcdf9
0000019006f1b479
00000190157c99d9
0000019015feecf9
000001901eb48a19
0000019040091cd9
000001904a3c5699
000001904d6119f9
000001904e5b3f39
000001907cfb6599
00000190823261d9
0000019092d0d4b9
00000190b6be9e79
00000190c9f46779
00000190d4662c99
00000191089f5d59
0000019110cedcf9
000001912b2f4a99
000001915c5ee579
0000019166309f79
000001918863d499
00000191935ee499
000001919d9b0679
00000191a044cab9
00000191a9dfe799
00000191c9b67079
00000191d222e8b9
00000191ec075579
00000192084625f9
00000192296531d9
0000019229c90cb9
00000192338699f9
00000192529e48d9
000001925ef84a19
000001928b0a2219
00000192afbed039
00000192c12a5c59
00000192c365a339
00000192ea2bdeb9
0000019312403179
0000019320f3dbf9
00000193264280f9
00000193415d7a59
00000193abd0e6b9
00000193c1842f19
00000193de03dd19
00000193de03f819
0000019465180ed9
00000194bc193d59
00000194bc194679
00000194d9ad52b9
00000194d9ad7e79
0000019503bcbc79
000001952a969df9
00000195a2219819
00000195ae829359
00000195be5f8759
00000195d0ad31d9
00000195eaf78c99
00000195ee943319
0000019600fed0b9
000001961e2fc319
000001961ed6e2d9
00000196200668f9
00000196200678f9
0000019620068319
000001963b3ebb59
000001963ddedc99
000001963f6be819
000001965c514c79
0000019679fc9db9
000001969b775599
00000196aa7579d9
00000196c246b439
00000196c5090a39
00000196c8662c19
00000197002119b9
00000197017cb259
000001974899f159
0000019751281159
0000019753bbf079
0000019793166cb9
0000019799fc6ff9
00000197a0a23e99
00000197ad582f59
00000197b91fb079
00000197b91fba79
00000197c33c3ff9
0000032fa8c8f761
000000000267bc71
0000000000000181
00000197f1e16079
000001980995ddd9
0000019825c2b5f9
0000019837e9fdd9
000001985aa9e0f9
0000019862e69fd9
00000198721be079
0000019874b2cdf9
00000198aac10139
00000198ac31a9d9
00000198bc437db9
00000198e0789e99
00000198eeeb31d9
00000198eeeb3999
00000198eeeb3f99
00000198f5776059
0000019918310e59
000001994bcfbe59
000001994de94d59
000001998a48d0d9
00000199a5f6a039
00000199aa585579
00000199df56ef79
00000199f0b91cd9
00000199f82948f9
0000019a4de00639
0000019a4e26a199
0000019a963a11b9
0000019a98d76479
0000019aa56a7499
0000019ab0600659
0000019ad0f2e259
0000019ad4ff16b9
0000019ad71b5779
0000019af517ac79
0000019b13970799
0000019b20a59779
0000019b2f9b2579
0000019b3aa9e1f9
0000019b4f05c199
0000019b524a7159
0000019bb9672619
0000019bc223bad9
0000019bf5d91819
0000019c04b10ab9
0000019c1ad96e39
0000019c2d802c19
0000019c49e0e379
0000019c549b6c19
0000019c860c7079
0000019c946e2d59
0000019ce1c81179
0000019d0345c659
0000019d09bbdab9
0000019d09bbea99
0000019d0de00919
0000019d14e419f9
0000019d1dce6ff9
0000019d2472ebf9
0000019d247381f9
0000019d7e4de719
0000019d92f793b9
0000019d9f103e59
0000019de56a2439
0000019df59765b9
0000019dfa5753b9
0000019e04431899
0000019e085fc159
0000019e11682079
0000019e2bb32899
0000019e5843ba59
0000019e81664779
0000019e81665fb9
0000019e88a98a39
0000019e8c62e9d9
0000019eae76f539
0000019eae76f6d9
0000019ec47dbfb9
0000019ee0997319
0000019f1501ebd9
0000019f1535e139
0000019f1b3af419
0000019f98702b19
0000019fa59d32b9
0000019fed992739
0000019fef935bf9
000001a021368eb9
000001a03920e219
000001a03c3128d9
000001a065a69b39
000001a06eceb419
000001a087012a79
000001a0c1de0219
000001a0d86e1519
000001a0e6a5e739
000001a1131eefb9
0000034249339261
000000000267bc71
0000000000000181
000001a129d15999
000001a15ff7e359
000001a171eee319
000001a1c7c1b119
000001a1c8b7b4d9
000001a1cc52fd39
000001a1d5709059
000001a1fc84ddd9
000001a2066272d9
000001a21b18ecd9
000001a21e4715d9
000001a225040199
000001a24c907459
000001a24cf87c39
000001a253592ab9
000001a26e4a0bf9
000001a29bf0a8b9
000001a2abda1759
000001a2e57725d9
000001a2e67369b9
000001a2ef966259
000001a353bf2cf9
000001a363ce6659
000001a37da17c99
000001a3b16431f9
000001a3d3d1dab9
000001a40400ed19
000001a411620639
000001a41e0051f9
000001a42e6208d9
000001a431cb49f9
000001a46aae50b9
000001a496e6c7d9
000001a499ccf999
000001a49a03f819
000001a4a6d98979
000001a50d74e519
000001a538ad6a59
000001a54aa6bf39
000001a56cf92e19
000001a577411a19
000001a590747719
000001a5ab49f919
000001a5d4f4eeb9
000001a5fa9f3639
000001a6131f58f9
000001a617b14d99
000001a618641c19
000001a622a0a8f9
000001a631ce8a59
000001a642b84779
000001a670bba999
000001a69cd65759
000001a6a71b3a79
000001a6e4a03459
000001a6f38232f9
000001a6f5ec6499
000001a6fe8dfff9
000001a7270d6c79
000001a7405476f9
000001a7638a06b9
000001a770ca7c99
000001a775a5ce99
000001a78821be79
000001a7983c2b39
000001a7a4f10759
000001a7a9c10a39
000001a7d35ed859
000001a7ef4dc9f9
000001a7f50ab759
000001a80884b0f9
000001a812b20a59
000001a852adef59
000001a861780259
000001a88c671659
000001a88c672799
000001a88cb31539
000001a88fb2a899
000001a89a7da0b9
000001a89dc8d779
000001a8cd610e39
000001a8d39a5cf9
000001a8e91ea5f9
000001a8e91eb979
000001a8ed77fa79
000001a90deba2d9
000001a9149a5859
000001a9176147b9
000001a92fe5ba19
000001a94536c639
000001a961cad1d9
000001a98836ca19
000001a98f97f079
000001a9a5f4cc59
000001a9b1ac99f9
000001a9b1acacb9
00000354e99e2c61
000000000267bc71
0000000000000181
000001aa8791de79
000001aa8f9f24d9
000001aac077dff9
000001aac9e6a059
000001aad5ba0ad9
000001aad9210db9
000001aad94c84f9
000001aafbb52999
000001ab0d343f19
000001ab2fc5f919
000001ab4a3c8319
000001ab63160199
000001ab916c72f9
000001abcd7a2b59
000001abdbac4339
000001abdbe870b9
000001abe7f70799
000001abf507ff99
000001ac0d49a1f9
000001ac3b5b1c19
000001ac4875ea59
000001ac55fae379
000001ac83d49df9
000001ac9a912c59
000001aca9d0f839
000001acc833ab39
000001acc86cac39
000001ad037c4b39
000001ad046c3139
000001ad06bc36d9
000001ad48598f99
000001ad67c66d59
000001ad6c415919
000001ad6e0cb099
000001ad943926f9
000001ad9c328279
000001ada1f520f9
000001adaa230f39
000001adc0ccf9b9
000001ae11a27bb9
000001ae4af4c359
000001ae5b7ee639
000001ae6cb50bb9
000001ae74284e39
000001ae91ef0c39
000001aea999e139
000001aedd7c8cf9
000001af0d172639
000001af1e8f34b9
000001af24927f59
000001af4f40cd79
000001af75e6c179
000001af9ce91b79
000001af9d727379
000001afecb08c79
000001affa5761d9
000001affbe22f59
000001b009b044d9
000001b0265f6959
000001b02834ded9
000001b0528cec59
000001b0592304f9
000001b05c5a12f9
000001b0605d6f59
000001b066e88819
000001b08485e339
000001b08ac09199
000001b0c3fc36b9
000001b0c47de459
000001b0c47df779
000001b0c6bb1839
000001b0c8bd3bd9
000001b0cab656d9
000001b0e10247b9
000001b0e780b379
000001b0e780b519
000001b0f94bac59
000001b11a357499
000001b13e90b6f9
000001b162772579
000001b18819e799
000001b1da33de19
000001b1fe56d159
000001b235e8ab59
000001b23cdf0a39
000001b252f27b59
000001b25ba3ef39
000001b26f605319
000001b272742079
000001b2767764b9
000001b283ea5539
000001b2875b6219
000001b2d4a0cfd9
000001b2dea72819
000001b2fcae5b39
000001b31e281a59
000001b34a12a479
000001b34b439a99
000001b3639f2a19
000001b37e7fd279
000001b3b0a98099
000003678a08c661
000000000267bc71
0000000000000181
000001b3e56fdf59
000001b3f3aa7039
000001b3f7b1d5b9
000001b417e3c739
000001b418f11859
000001b44b15e779
000001b45cca11f9
000001b4671b5bd9
000001b479fef559
000001b48732d8f9
000001b4ae127399
000001b51d6bb539
000001b5253ae279
000001b52eb19e79
000001b534d70e39
000001b538d77899
000001b53dcdef99
000001b55804a7d9
000001b57c542979
000001b57e09d919
000001b597e27ed9
000001b59833f719
000001b5ec143b99
000001b609934b59
000001b642cfcbb9
000001b66a69c239
000001b66f68b579
000001b691d6a199
000001b6a205d8d9
000001b6bd58e699
000001b6ccfa1739
000001b6d8ffa639
000001b6eb083cb9
000001b71606a179
000001b7160738d9
000001b7160742d9
000001b71c84fb99
000001b7363197b9
000001b746aa3999
000001b7611cc319
000001b767ed73d9
000001b781589739
000001b79f373099
000001b7d0b0cd19
000001b8074c00b9
000001b8074c0ab9
000001b8131853d9
000001b8238856d9
000001b832903f79
000001b832e18e79
000001b83f74d499
000001b8769310b9
000001b87d433cd9
000001b8810ead79
000001b8821ff5d9
000001b883814679
000001b89c999459
000001b89c99a679
000001b89c99b2d9
000001b8b3ddb399
000001b8be02f099
000001b8c6055919
000001b8e46fb2b9
000001b9023fb159
000001b9026595d9
000001b925f8ddf9
000001b926bf6979
000001b9291a9bf9
000001b929b52299
000001b93509a239
000001b94d93bb19
000001b96069d999
000001b97c2d88b9
000001b9990bcd19
000001b9b0d1b2f9
000001b9b46206f9
000001b9b4622999
000001b9b680be39
000001b9ceb700d9
000001b9d9d336b9
000001b9e107e859
000001b9faef8cf9
000001b9fbf2f679
000001ba1a294279
000001ba22eb0339
000001ba279c2b19
000001ba279c3e99
000001ba640ca3b9
000001baab937499
000001baca792c39
000001bacd1440d9
000001badeac8eb9
000001bae394a479
000001baeaa2d9d9
000001bb01e58319
000001bb07d17619
000001bb175cfff9
000001bb4c8f9039
000001bb8bb65639
000001bba6b70059
000001bbbf9061f9
000001bbe1478f99
000001bbeaa33cd9
000001bc0c9d5f59
000001bc19411c99
000001bc3e49fa59
000001bc438e0ab9
000001bc4e0a9f99
000001bc5c2b30f9
000001bc718a3cf9
000001bc7c8d4b39
000001bcc9827af9
000001bcca091639
000001bccad11b19
000001bcedf29a39
0000037a2a736061
000000000267bc71
0000000000000181
000001bd349ddf39
000001bd3c3436d9
000001bd78ae0799
000001bd834e0c59
000001be0911bef9
000001be1172a399
000001be1ba45539
000001be589f91b9
000001be66a2a3b9
000001be9bf41559
000001bea3093699
000001bebeb71fd9
000001bec557ca99
000001bed5e0ae19
000001bf0b68a819
000001bf1f88e899
000001bfa625dab9
000001bfda2ec2d9
000001bff083e699
000001c002af88b9
000001c015970199
000001c045d271b9
000001c05fe74739
000001c062be1cd9
000001c0784019b9
000001c07bf35079
000001c0853d9e19
000001c0934f6899
000001c0bab50dd9
000001c0c2a80779
000001c0e7b46339
000001c0eb78ff39
000001c104652339
000001c107304179
000001c12217d619
000001c1569b3d39
000001c15efc3359
000001c183be59f9
000001c18eab84b9
000001c192da77b9
000001c1a9d2a3d9
000001c1bba5f579
000001c1ecfe0c19
000001c21068ff39
000001c219d091d9
000001c22e281179
000001c24742daf9
000001c2578ebef9
000001c267b3e8d9
000001c270891f39
000001c270892779
000001c29398b239
000001c2ba87eef9
000001c31916deb9
000001c326944499
000001c33b81c039
000001c345be5859
000001c34ab05099
000001c35173cf79
000001c35f0326f9
000001c3606402f9
000001c36d450699
000001c3932b43d9
000001c3932b66f9
000001c39d9cdd39
000001c3a3546779
000001c3cf35a3d9
000001c3d682deb9
000001c3f25871f9
000001c4033bc7b9
000001c41f96d939
000001c41f96f159
000001c41f96f319
000001c4374e87f9
000001c4670b5c59
000001c4677007b9
000001c47b9437f9
000001c488bdc199
000001c488bddcb9
000001c488bde6b9
000001c495203f99
000001c4b241e3b9
000001c4b2aea8b9
000001c4ed692ef9
000001c503e32e59
000001c503e33c19
000001c51cf28ff9
000001c538e295b9
000001c538e2bdf9
000001c5729a9b79
000001c5762de9b9
000001c58b95a959
000001c59fb55739
000001c5a77ad259
000001c5b4ad36f9
000001c5c2e9e6d9
000001c5cb0113b9
000001c5faeca259
000001c61f62be19
000001c624054bb9
000001c65c5964d9
0000038ccaddfa61
000000000267bc71
0000000000000181
000001c67e16fc99
000001c6b1fdcf19
000001c6c1b99b79
000001c6c5c24479
000001c6ff236599
000001c730072879
000001c744ac0fb9
000001c767eca479
000001c79c591cd9
000001c79fa765b9
000001c7a97ec159
000001c7bf455f79
000001c7de1a1ab9
000001c7e3d5a3d9
000001c7f5d80659
000001c7fef1f419
000001c83e65b799
000001c8435afaf9
000001c87ca58a39
000001c894303139
000001c89d765e39
000001c8afd1bcd9
000001c8c43ad559
000001c8ca7f7d19
000001c8ca7f8959
000001c8cebe7459
000001c8d96719f9
000001c8e930ca79
000001c90289de99
000001c930d27db9
000001c94be175d9
000001c9618f6db9
000001c962eb41b9
000001c9a3761939
000001c9a6d44ab9
000001c9b0432379
000001c9d18e5359
000001c9e7973399
000001ca1e0a9399
000001ca39a6a4b9
000001ca522a8099
000001ca6566b9b9
000001ca7c7b3379
000001ca7db0b1d9
000001caa27830b9
000001cab8843179
000001cac6513cf9
000001cace7eaf19
000001caf83c1379
000001cb086c5099
000001cb4a020bb9
000001cb68f881b9
000001cb68f8a1b9
000001cb6d5cb0f9
000001cb6ecd4739
000001cb90ce9799
000001cbb01d2119
000001cbbc11f8d9
000001cbcf3633f9
000001cbd226e439
000001cc10de91d9
000001cc26780939
000001cc3239d699
000001cc3239f4d9
000001cc396f6279
000001cc673632f9
000001cc67922a79
000001ccc16f9cf9
000001ccd14fef59
000001ccd2532f79
000001cce236bb59
000001cd98f5e4d9
000001cda3977239
000001cda6f165b9
000001cdecbafc39
000001ce753ceed9
000001ce9561c4d9
000001cea38dfaf9
000001ceac33e9d9
000001cec849a839
000001cece36c079
000001ced92f65b9
000001cedd533299
000001ceec0e1cf9
000001ceedf45899
000001ceeec3cc59
000001ceffa36db9
000001cf195f0419
000001cf195f05d9
000001cf195f15f9
000001cf290009b9
000001cf4d498f99
000001cf82fd4119
000001cf9c0ce019
000001cfb01aad99
0000039f6b489461
000000000267bc71
0000000000000181
000001cfcbe65b99
000001cfe5be7a39
000001cfe5be9239
000001cff543d099
000001d0050f1f79
000001d008d86619
000001d0136be539
000001d047089319
000001d04d9b3419
000001d0633f6b99
000001d08d7c1f19
000001d08f8b1439
000001d09c32f179
000001d0d34aed39
000001d0eef322d9
000001d102e71999
000001d147387ab9
000001d162e51f79
000001d164735e19
000001d17b55bb59
000001d1806417f9
000001d1991d0399
000001d1ca4d8599
000001d1d91b3059
000001d1ee820e19
000001d22e4b9e59
000001d23f7627b9
000001d286e03219
000001d2ac5f2199
000001d2b2576479
000001d2b90cdb79
000001d2c6390199
000001d2c9a2b479
000001d2cf3b98d9
000001d2d1360cb9
000001d2dec96919
000001d2e1195b39
000001d2e59202d9
000001d301e5f6f9
000001d34539d999
000001d350c90cf9
000001d378cc3719
000001d3ab8fe519
000001d3ce4b30b9
000001d3ef613839
000001d40c6ed999
000001d414335ef9
000001d448e9fd39
000001d470fe5119
000001d4a153fc39
000001d4b659bbf9
000001d4c5092379
000001d4ec897979
000001d4ed166359
000001d51a1b29f9
000001d530eccdd9
000001d5498fbe39
000001d56c0a34d9
000001d56d8e2459
000001d58dbaa779
000001d59eb04779
000001d5b3ab23d9
000001d5b5279c19
000001d5bc679c59
000001d5d6a3d959
000001d5f295b379
000001d5f4dc86f9
000001d5fec00bd9
000001d5fec02399
000001d5fec03759
000001d6106fa0d9
000001d638acfe19
000001d63c1327d9
000001d64f6a6a19
000001d6772a7219
000001d67cd2fa19
000001d67e7eed59
000001d692c27639
000001d6a6b5fd59
000001d6b2502a19
000001d73850fd39
000001d73f3f6bd9
000001d74bd20219
000001d75122d759
000001d7770af739
000001d794a27bd9
000001d7c94f3b19
000001d7df56b379
000001d7e5d42e99
000001d7f512c919
000001d83079dbf9
000001d8491414b9
000001d86561a7d9
000001d8672d5c39
000001d86fece1f9
000001d88838fe19
000001d8b3cd8079
000001d8b3cd94b9
000001d8f2ba65d9
000003b20bb32e61
000000000267bc71
0000000000000181
000001d924d43919
000001d924fe12d9
000001d93cebc719
000001d95536b3d9
000001d95d9f3379
000001d9650c8a79
000001d96d9e0039
000001d9821b3059
000001d9b0ae0019
000001d9b149c759
000001d9bf817fb9
000001d9f0ed8599
000001d9f1352a19
000001d9f8d9bb79
000001da14aa1cf9
000001da1cd80c59
000001da1eb413d9
000001da3a8b2b99
000001da3eb7f159
000001da410971b9
000001da4d11b239
000001da50de1079
000001da6a371399
000001da6a375079
000001da89cc5179
000001dab17d2739
000001daf336f8f9
000001daf74985b9
000001db0bffc0b9
000001db1b179339
000001db1e2fa5b9
000001db4e38e219
000001db9ace8899
000001dbafa9d919
000001dbafa9dc39
000001dbc21f85d9
000001dbd0c6ad99
000001dbe3f47259
000001dc55728079
000001dcc726d359
000001dd09f2c399
000001dd739cd2d9
000001dd759edfb9
000001dd79af8e99
000001dd7df8a8d9
000001dd7fd11459
000001dda359f1d9
000001ddb2b5e859
000001ddd4a405b9
000001ddeb89bef9
000001dded20b7f9
000001ddef771959
000001de193f0c79
000001de270337d9
000001de38a52cf9
000001de56c1bdd9
000001de799b4ed9
000001de7f1c3519
000001de8bb63859
000001dec8ead1f9
000001decde76699
000001ded2d59219
000001ded52d7399
000001ded52d85d9
000001dedf7faf99
000001dee745d939
000001defdd518b9
000001df6f438d39
000001df7f8e3559
000001df9c7f1019
000001df9e9b8439
000001dfa2306ed9
000001dfb717af79
000001dfc8218299
000001dfc8218bf9
000001e002cadd79
000001e012db2df9
000001e03e1f9839
000001e052f27799
000001e0616bff59
000001e0652da299
000001e065741259
000001e069b59459
000001e0b014fa19
000001e0bb6108b9
000001e0c2d49cd9
000001e0cd17fd19
000001e0dc696af9
000001e11a3a3ff9
000001e12b77d0f9
000001e14eaa4359
000001e18334dbb9
000001e18f4cfeb9
000001e1c939a6d9
000001e1fee9fcf9
000001e210e6a879
000001e219a11f39
000001e22380c339
000001e23af53f79
000001e24f6af039
000003c4ac1dc861
000000000267bc71
0000000000000181
000001e27f25bc39
000001e2b78b9db9
000001e2cb38cc39
000001e2e2a45fb9
000001e2e3659cb9
000001e2ee156cf9
000001e2ee159579
000001e3011f9c39
000001e3028e9779
000001e3028eb8f9
000001e318c4ee99
000001e31a5b33d9
000001e3451b5039
000001e3c81354d9
000001e43f23a2b9
000001e449647cf9
000001e45c8ac119
000001e4626e18f9
000001e468714899
000001e491b938f9
000001e49c1b47b9
000001e4a3f07e99
000001e537f538d9
000001e54cf9df59
000001e552bd7719
000001e5709c3119
000001e575d76959
000001e5812e5a79
000001e5844d9719
000001e592ca11d9
000001e5b2e5fcf9
000001e5baba8b39
000001e5d4e77119
000001e64bd6edb9
000001e65d73d439
000001e681f7f119
000001e68de1a359
000001e6929ff919
000001e6a64a7b19
000001e6bac067d9
000001e6ef2a9939
000001e6f24fb419
000001e719442619
000001e72ba21af9
000001e73e676cb9
000001e7438ba299
000001e752863799
000001e7617b2ed9
000001e76e6d6cd9
000001e789bc1e19
000001e79566d899
000001e79656fe99
000001e7965713d9
000001e7b6ecd9b9
000001e7d2317bd9
000001e7d56225f9
000001e7f4bb18d9
000001e7f60ac279
000001e7f821ae59
000001e8089c8379
000001e80ade9459
000001e823e2b059
000001e830772599
000001e84a21f159
000001e84a220419
000001e856b312d9
000001e8593b7a39
000001e86abb9e59
000001e87d512099
000001e886da8299
000001e89b8e3d39
000001e919f82f19
000001e93e9ee399
000001e96aed2b39
000001e98faa8df9
000001e991802679
000001e9bdc42039
000001e9caba84f9
000001e9ff9d7159
000001ea2fcbffd9
000001ea56f40379
000001ea60d585d9
000001ea6155fbb9
000001ea6bafa959
000001ea77a565b9
000001ea8cf06279
000001ea8e4b0539
000001ea9c76a419
000001ea9da0bc99
000001ea9db839f9
000001eaa1c2c699
000001eaad048d59
000001eaeb3655f9
000001eb01127539
000001eb12f55a39
000001eb20131e79
000001eb20133179
000001eb2fc8a019
000001eb83edd8d9
000001eb83edda99
000001eba11342b9
000003d74c886261
000000000267bc71
0000000000000181
000001ebb1cf3bd9
000001ebc29c63b9
000001ebd580ae99
000001ebe9463c19
000001ebebcd6119
000001ec18467f79
000001ec1b30e539
000001ec25f3a159
000001ec445993b9
000001ec5b31b699
000001ec6425b939
000001ec817dc219
000001ec9841f779
000001ecea7dbc59
000001ecf1ea6979
000001ed4bdd7259
000001ed4cff3f99
000001ed893b9959
000001ed89738739
000001ed98c78679
000001ed9da52139
000001edb6cd3459
000001edcd124519
000001edd6597639
000001edd9cdd8b9
000001ede4dd8a99
000001edf174fcd9
000001edf2e9ea79
000001ee1043fcd9
000001ee20e30319
000001ee25947139
000001ee30497839
000001ee69c45099
000001ee76c95f59
000001eed962ee79
000001ef24f35c59
000001ef3238f599
000001ef3e1e0bd9
000001ef607b8b59
000001ef6ee32e19
000001ef948058b9
000001eff49a9199
000001f039e51439
000001f04dbdb899
000001f051e3ca39
000001f065103c79
000001f0a66f15b9
000001f0bbfa5219
000001f0bc8ee599
000001f0d273e119
000001f0d9002d59
000001f0e03237d9
000001f103e93479
000001f1050ba099
000001f11c422119
000001f1484df059
000001f14a3b8dd9
000001f151c6f819
000001f18840c119
000001f199431a39
000001f1cdea30f9
000001f1eacaf099
000001f1fd71f359
000001f218f36d79
000001f234f61119
000001f251c5c139
000001f2711d96d9
000001f28b804fd9
000001f2e8950439
000001f33be38d59
000001f34d6b4039
000001f35718c179
000001f35b4de119
000001f35ee39419
000001f3907a91d9
000001f395a450b9
000001f396e7c0d9
000001f3a43a5df9
000001f3b1d5a859
000001f3b83d7099
000001f3c0bf2379
000001f3c0bf37d9
000001f3c523a159
000001f3f5ed19d9
000001f404a7adb9
000001f43290fdf9
000001f43b688759
000001f43fbd84f9
000001f4446d5799
000001f4520c7a19
000001f45efa75b9
000001f4661c1399
000001f493ae78f9
000001f49f9cf4f9
000001f4cddc51f9
000003e9ecf2fc61
000000000267bc71
0000000000000181
000001f506441539
000001f5375a67b9
000001f53b63d279
000001f5502c9019
000001f575141d79
000001f593f77399
000001f59853bdf9
000001f5a8df5ef9
000001f5a96ed579
000001f5b1e80819
000001f5c6a61659
000001f5d80c3a79
000001f5f9f7d3b9
000001f60db7de59
000001f6174044d9
000001f61759ca19
000001f61759dc59
000001f61759e659
000001f61759f099
000001f618668bd9
000001f64e47f039
000001f656b8bb99
000001f66714de39
000001f6b2d24219
000001f6b4c5a8f9
000001f6d3ef6ed9
000001f6df1c2959
000001f6fb65fb79
000001f72b696739
000001f76a9d4939
000001f78e24fe99
000001f7a2ede219
000001f7acf02399
000001f7b4180199
000001f7ced869f9
000001f7cf07d419
000001f804e9c899
000001f814f81d59
000001f81fd047f9
000001f8442b7d39
000001f84481ee79
000001f87fc00ff9
000001f88a3b5c59
000001f88d620cb9
000001f896ee1f79
000001f8a249b179
000001f8a76c71d9
000001f8c74c3f59
000001f929229439
000001f94003dc19
000001f99162ff59
000001f9fa650659
000001fa21e19439
000001fa398f8139
000001fa4cbfde99
000001fa9d1df679
000001fae06e7bf9
000001fb0526e519
000001fb4cc3be59
000001fb79c7bb59
000001fbd33cbf99
000001fbd51d2d79
000001fbdd1f8e79
000001fc48b77b99
000001fc4ec8e3d9
000001fc55b51ef9
000001fc55b523d9
000001fc80e0ba39
000001fc92867379
000001fca8a0ffb9
000001fcc704c3f9
000001fcd0778e79
000001fcd4652019
000001fcd52fdc39
000001fd19512bb9
000001fd265f29d9
000001fd29e90439
000001fd2aa076b9
000001fd2db2c1d9
000001fd3a18fb19
000001fd67f30399
000001fd6b0bfe99
000001fd80eed999
000001fd8d76de39
000001fd90fd8659
000001fd95c23b79
000001fd995db139
000001fdc6aaf039
000001fdc98d8cd9
000001fddb472c19
000001fde3098f59
000001fdea562019
000001fded568679
000001fe0068f339
000001fe01804399
000001fe0caf87d9
000001fe168bac39
000001fe1846b0d9
000001fe3625b9b9
000003fc8d5d9661
000000000267bc71
0000000000000181
000001fe57a75279
000001fe678866d9
000001fe6d506af9
000001fe83268c59
000001fef56cd4d9
000001fef5f6d299
000001ff17ed8e99
000001ff4cadb9f9
000001ff6bb9b659
000001ff81c01eb9
000001ff936c9839
000001ffc58ca699
000001ffca4003b9
000001fff1c8ce39
000001fff5a32119
0000020002754dd9
000002000cbad879
0000020040ddfb19
000002004d20f619
00000200517bd7f9
00000200978b8819
00000200e7a13359
00000200fa1a02b9
00000200fa3cca99
00000201071b07f9
000002015d3fc699
000002015d3fd6f9
000002015d3fdb39
0000020162ea3259
0000020168d54619
0000020186851e59
00000201a07b1039
00000201ab08f119
00000201bfbe5039
00000201d78b5e39
00000201e0231819
00000201ee56b179
0000020209b6e1d9
000002021af60899
000002022ff43459
000002025b3ec999
000002026a8074f9
000002026f998b59
0000020275de8ad9
00000202e01c12f9
00000202e0f60559
0000020302f1cdb9
00000203034ece39
0000020304719bd9
000002031a877519
00000203222079b9
000002034a4e6ab9
000002034fdb9859
000002037ac63199
00000203994acff9
00000203cecddc19
00000203d015ce19
00000203d7ace339
00000203da8f81f9
00000203da8f9af9
00000203e817f6f9
0000020435abb2b9
000002043a8e7579
00000204411f2a79
0000020468535d79
000002047e6839d9
00000204b4d29eb9
00000204b6c455f9
00000204b6c47699
00000204c2bbe939
00000204c9a35c39
00000204cbab3f19
00000204d8e9ecf9
00000204d902be99
000002050cbc6879
00000205451608d9
000002054ef0b239
0000020550883619
000002056d3766d9
000002057815cad9
000002059691e839
000002059c16a1f9
00000205a5357359
00000205ba19f1b9
00000205ba1a03f9
00000205c38cbab9
00000205cf551d39
00000205d65fc199
00000205d7e4e179
00000205f74ce099
00000205f86e6219
00000205ffa4c839
00000206104544b9
0000020610454d99
000002061145ecd9
000002063acdd2d9
000002064ae67e59
0000020661e66399
0000020670f8b239
000002068eacb859
00000206960e0359
00000206960e1779
00000206a4756c79
00000206b4739359
00000206bf026839
00000206c15df579
00000206cb504c59
00000206e47fe619
00000207077c6bb9
000002074028a359
00000207639f7a19
0000020774f30e99
00000207794ca3d9
00000207794cb4d9
0000040f2dc83061
000000000267bc71
0000000000000181
00000207a3c2bd59
00000207bb1667f9
00000207bde936b9
00000207bde95559
00000207bf7ef259
00000207d3c20139
00000207e54ace39
00000207fae74399
00000207fe9bb499
000002080314b959
0000020809587b99
0000020819dead19
000002088ee1c219
000002088ee1e379
00000208d23fa679
00000208d907dc19
00000208e7991f19
00000208f4aa42d9
000002090b1d58f9
000002090b6abcd9
000002094033cbd9
000002095d0f3c99
000002097aca3c79
0000020a1d7d2f79
0000020a55b652d9
0000020a63756979
0000020a947f1e19
0000020abd4efa99
0000020ac162dd19
0000020b4629af19
0000020b4d9ce6d9
0000020b612385f9
0000020b6b0a5599
0000020b6b0a7f99
0000020b6eedcb99
0000020b85c87d39
0000020b995b2d59
0000020b9bbd11f9
0000020bca745859
0000020bdf4dc1b9
0000020c1f68e719
0000020c233b7399
0000020c233b8719
0000020c2c2c63d9
0000020c39870939
0000020c6632cad9
0000020c8a353999
0000020cce862459
0000020ce39cc459
0000020cea47f599
0000020cf48e65b9
0000020cf6bdc439
0000020d0374e4d9
0000020d6947e579
0000020d734e9ef9
0000020d78075fd9
0000020d9b97abd9
0000020daf360ff9
0000020db1b590d9
0000020ddbdbc179
0000020df3b03619
0000020e036bf779
0000020e1473e2b9
0000020e1e3eac59
0000020e3ce10419
0000020e4c56a779
0000020e65d925b9
0000020e6da4b619
0000020e9641a359
0000020e9a171279
0000020eb2a2f439
0000020eb4c1fdb9
0000020ed04933f9
0000020ed5b44c79
0000020ed5b46a59
0000020ee9601119
0000020ef1b01cd9
0000020f24ff17f9
0000020f24ff2979
0000020f2adf2519
0000020f2c561399
0000020f4c93f8f9
0000020f5b479a59
0000020f643aab99
0000020f7046dfb9
0000020fa0b8fe59
0000020fd6bad0f9
000002100358f3f9
000002101e2cea79
000002105175af19
0000021059380299
0000021059381e99
00000210988a81b9
00000210b8914579
00000210cbfca1b9
00000210dce6af79
00000210e5774359
00000421ce32cb61
000000000267bc71
0000000000000181
00000211087ccad9
000002110c310f59
00000211106e9799
0000021114ea4119
00000211395320f9
0000021169f65d39
0000021175902ff9
000002119c2ba599
00000211ac348279
00000211dc95bf39
00000211f76fe059
00000211f850f9f9
0000021205ab4239
000002120ca76819
000002124dc6fc39
0000021253af4759
0000021288ed3b59
00000212a5507499
00000212bae6d539
00000212c4592659
00000212cec90239
00000212d4044f59
00000212fb6e47d9
000002130cbc2199
0000021312db1139
000002133013bd99
00000213baadb4b9
00000213bb2bc1d9
00000213c5071759
000002141b4141b9
000002142b814099
0000021430237299
0000021480411bd9
000002149ae9e319
00000214a0ac8b79
00000214a4cf07f9
00000214a4cf19b9
00000214c2e5f999
00000214d6440419
00000214eb625b39
000002151aa8ef59
00000215355bef59
000002154ff71b59
0000021554a480f9
0000021556e2a779
000002157f572bd9
000002159a513b39
00000215bc5cdd39
00000215c2dd6959
00000215e117d659
00000215ec0b69d9
00000215f8150d99
0000021631b663b9
0000021635e3c319
0000021653557a99
000002167a515319
000002168546bb59
00000216a3f888f9
00000216beb8cbd9
00000216c0acfc99
00000216c3b580f9
00000216e6943d19
000002173064d339
000002173af33c79
0000021782c47199
000002179c7ca1f9
00000217bde041f9
00000217e2deb759
00000217e2ded319
000002181473d599
000002181865df79
000002185b82cbd9
0000021873954519
000002187c780379
000002188f2727d9
00000218a94b1a19
00000218b42b5699
00000218d22b2a79
00000218e3f61db9
00000218e8b724f9
00000218f4292439
00000219002da339
000002191c79b9d9
0000021958adc2b9
00000219634d7cb9
000002197bc471d9
00000219a0bc07d9
00000219a40dae59
00000219c0872d19
0000021a3172d539
000004346e9d6561
000000000267bc71
0000000000000181
0000021ac13949d9
0000021ac22d7ab9
0000021acbf82b99
0000021ad7c4eb59
0000021ad7c4f839
0000021aefb44b59
0000021afe364af9
0000021afec8b719
0000021b0fef88f9
0000021b15933f99
0000021b1a862079
0000021b23e1b6f9
0000021b23e1c5b9
0000021b4dddcab9
0000021b615f3fb9
0000021b92c87cf9
0000021b9df57739
0000021ba69267b9
0000021bcbc37919
0000021bd8496379
0000021c07e02ad9
0000021c9bb98c59
0000021ca5c575d9
0000021cad937299
0000021cd14cbb19
0000021cfd505dd9
0000021d0347bbb9
0000021d0c277e39
0000021d27201859
0000021d2c4c2519
0000021d3c88fed9
0000021d82305719
0000021dd5b6c799
0000021e1bfe8e79
0000021e29f179f9
0000021e2cfd5399
0000021e45988099
0000021e68362f99
0000021e6c882639
0000021e74ec53d9
0000021ea6551899
0000021eb553a299
0000021eb71c48d9
0000021eb79e52f9
0000021eb87f0bb9
0000021ee667a279
0000021efb5fc779
0000021f1b0f18d9
0000021f50d576f9
0000021f52603bb9
0000021f70a68d79
0000021f7b6570f9
0000021f847a12d9
0000021f9abeaad9
0000021fbc611579
0000021fd2614c39
0000021fea4941b9
0000021ff7e0fa19
0000021ff87bab39
000002202b184ad9
000002202c7102f9
0000022037229bf9
000002203df531b9
0000022042db8f39
000002205d7a74b9
000002206b686439
000002206e556119
00000220898a0639
00000220ca006b19
0000022107cc2db9
0000022107cc81d9
000002212dbe94f9
00000221371d2239
0000022139f8d739
0000022139f8d919
000002213b241079
0000022157a0e439
00000221704180f9
00000221930120f9
00000221caaafe79
00000221e036f4d9
00000221ef9b9a99
0000022211e91bb9
000002222ff320b9
00000222611a9a59
000002227935faf9
000002228a3c4f99
000002228a533239
00000222a0706a19
00000222bd7cbc79
00000222bd7cc639
00000222c426bc99
00000222c50246f9
00000222fae35f59
0000022302de7839
0000022350746f39
000002236010caf9
0000022365e65259
0000022380d0ac39
0000022381d0ddf9
000004470f07ff61
000000000267bc71
0000000000000181
0000022397a78fb9
00000224279f2d59
00000224297b90f9
0000022436c88679
00000224402b1a59
000002244a966199
000002246f868979
00000224807ff919
00000224968b9d99
000002249fdb7459
00000224cac5c399
00000224d0fef279
0000022502187339
000002252f2376b9
0000022539685239
0000022554e90739
0000022557fd4e19
000002256a14c659
0000022577967cd9
000002258e8a78b9
000002259abd6f99
00000225a945a179
00000225d08368d9
00000226182e8179
00000226182e8d39
000002263309c4f9
0000022635ad2659
0000022662b1a8b9
0000022670b28d59
0000022682920f59
000002269b242ed9
00000226a86c80d9
00000226b347f479
00000226be236cb9
00000226cca180b9
00000226cde6ca39
00000226d9ff9619
00000226f9322f99
00000226f93230f9
0000022701489cf9
00000227124c0ab9
0000022713175899
00000227277326d9
000002275b85fe39
000002275eb425b9
00000227b1746ff9
00000227cb127139
00000227d96cc1f9
0000022831ed1279
00000228432890f9
000002286d3cc719
000002286eb7ca19
00000228b32a1d79
00000228bc43f019
00000228cd4a92d9
00000228d1859bb9
00000228d3f415d9
0000022906e026b9
0000022911d51e39
000002291cf70bd9
0000022960a7fd79
000002297ee43f99
000002298a68f7b9
00000229b78dcfb9
00000229bc2ff2f9
00000229e2615d99
0000022a01f15399
0000022a155be2f9
0000022a1ab22499
0000022a20496719
0000022a238f5d79
0000022a3c5595f9
0000022a466fcaf9
0000022a68e2e739
0000022a82a3ec39
0000022aa2f92a79
0000022ab10a4099
0000022ab2cc7e79
0000022ac26a45f9
0000022acda98bb9
0000022b0f39c3b9
0000022b0f39e2f9
0000022b2854f6b9
0000022b3bb1e3b9
0000022b986304b9
0000022ba74b9719
0000022bab1036f9
0000022bc8a7f799
0000022bc8a80bb9
0000022bd2323bf9
0000022c0bd80159
0000022c0c43b839
0000022c22988c79
0000022c3632c199
0000022c3ac55379
0000022c3ac57699
0000022c8c2189f9
0000022ca610ba39
0000022cac8aac39
0000022cb07520d9
00000459af729961
000000000267bc71
0000000000000181
0000022cde2dce99
0000022d0183e4b9
0000022d1129fab9
0000022d3d8fae39
0000022d3ef73259
0000022d69f347d9
0000022d76707759
0000022d7a17a599
0000022d96aad179
0000022d9e4f88d9
0000022dbf328bd9
0000022de1416779
0000022e2084cdf9
0000022e3d503719
0000022e5f2ea459
0000022e5f2ec619
0000022e720834b9
0000022e85cabb59
0000022ea0023e19
0000022ead76dd59
0000022ee0af05f9
0000022eecd882b9
0000022efce4def9
0000022f0007cb59
0000022f02548619
0000022f1d379dd9
0000022f385e3199
0000022f467f9839
0000022f5437af39
0000022f57aad379
0000022f624377f9
0000022f62ec7c19
0000022f6baa1d19
0000022f935c8b39
0000022fa1363559
0000022faf5f79d9
0000022fd90556f9
0000022ffb20cc59
0000023003418039
000002303c01fab9
0000023055a7f1b9
00000230b184c2f9
000002310c5fec59
0000023126547499
000002315eafd779
000002316952d539
0000023174edc9b9
000002318e917379
0000023193a34a39
00000231992e1b39
00000231c5edd479
00000231f52b2039
000002320d9e3199
000002321ae19119
0000023249735819
000002325866c079
000002326f45bb59
0000023270217539
0000023275dc75f9
000002328f0ef5f9
00000232958168b9
00000232a6d5fcf9
00000232bab62af9
00000232c331bc79
00000232c331cd79
00000232f61e51b9
00000233386e8479
000002335eaafe79
0000023360800ed9
000002336b59cbb9
000002336bf89d99
0000023389f08af9
0000023397995899
00000233f2219e79
00000233f32b8f19
00000233fc583a19
000002345c7acfd9
000002345d908079
00000234800ab559
00000234846ed1d9
000002349cb6b019
00000234bc8eb539
00000234f9e56e19
0000023537b75239
000002353ce1daf9
00000235475f9519
000002359d8e46d9
00000235a6baa1f9
00000235c4df64f9
00000235db19ce19
00000235db479c39
00000235dc81c739
0000023615967b39
000002361a465dd9
0000046c4fdd3361
000000000267bc71
0000000000000181
000002362e62c779
0000023644ac55b9
000002365b6540f9
000002366ec2dd39
000002367a0a00f9
0000023693c801d9
00000236a992dbb9
00000236bdc0b799
00000236f42e5959
000002377c3d8b39
0000023788564699
00000237b25a2819
00000237b582f199
00000237bd36a419
00000237d2ab2d19
00000237dc9f8259
000002383309fed9
000002384d8d0e99
0000023850b6f719
00000238565fa1b9
00000238b1859cf9
00000238bc553cd9
00000238c8e6e259
000002390b861bb9
00000239135ff6b9
00000239394c5899
000002394b7bccf9
000002394dd63f59
00000239578e3279
000002398738c5b9
000002398ad17959
000002399e50f819
00000239ba014459
00000239c4c75e59
00000239df845f99
0000023a015f3119
0000023a05962619
0000023a177c4759
0000023a5ed98a39
0000023a5ed99a19
0000023a89033119
0000023a9c855bb9
0000023a9e29db79
0000023a9e29dcf9
0000023aabb01c99
0000023ab916ab59
0000023abaddf9b9
0000023addc589b9
0000023b07f64159
0000023b081c33f9
0000023b0a811599
0000023b0ff64459
0000023b29693e59
0000023b2cd538d9
0000023b31f49139
0000023b483856b9
0000023b48386fb9
0000023b48f8afd9
0000023b49c00c59
0000023b71a7d819
0000023b77e82699
0000023b8226b4d9
0000023b8648f6f9
0000023b87af7c79
0000023b8fe6a3d9
0000023b9047f1d9
0000023b9e0d4479
0000023ba1404039
0000023ba29ede99
0000023bb4584859
0000023c8d6ac2b9
0000023c9744a199
0000023caa4f8b99
0000023cebaba259
0000023cff72fcd9
0000023d147bef59
0000023d1ac586f9
0000023d342bf6d9
0000023d3d08d019
0000023d3d08d8f9
0000023d729e6ff9
0000023d875140b9
0000023d96f0a2d9
0000023d9c5f2899
0000023dc27b0ff9
0000023dcda01e59
0000023dd1035619
0000023dd1036979
0000023deed72179
0000023e15e075b9
0000023e3aed69f9
0000023e5bd04ef9
0000023ea819cc19
0000023ec26c6d59
0000023ece008df9
0000023ed83a7d19
0000023f06736639
0000023f2267d439
0000023f233fdaf9
0000023f3d5a83b9
0000023f43086059
0000023f61401459
0000023f6393bc19
0000023f64e4ccf9
0000047ef047cd61
000000000267bc71
0000000000000181
0000023fa5ecce59
0000023fb4cd56b9
0000023fb4cd6839
0000023fb7999fd9
0000023fca167b39
0000024003db89d9
0000024022999459
0000024026d7ee99
000002402e6e9bf9
00000240400f14d9
000002404510cc19
000002405b544639
000002405de41e19
000002406e6f8f39
000002407708f079
000002407d3d59d9
00000240a2234939
00000240c3cac319
00000240fde06859
0000024101b698b9
0000024138286599
0000024154bbeef9
000002415f829bd9
000002418645e199
00000241b4eca279
00000241e4c232b9
00000241edd1ad39
0000024229abcc39
00000242433dd059
00000242497930f9
000002424ad24339
0000024269dfeb79
000002429b717019
00000242acf3d599
00000242ba1d4439
00000242ba1d57d9
00000242f20bce99
000002430d63fed9
0000024318828cd9
00000243430a8259
0000024356797519
00000243739e5f39
0000024389528db9
0000024389528f79
0000024392549c39
00000243adc86859
00000243b63246d9
00000243c098df59
00000243cee224b9
00000243da79a479
00000243dce8ed39
0000024403199919
0000024409ca0a79
0000024409ca22f9
0000024409ca2cf9
00000244437c8919
000002445115c259
000002445daa9c59
0000024488c76a99
000002448e237a39
00000244b3f485f9
00000244d8960d39
00000244ea446af9
00000244f102f139
00000244f8b34499
00000245054af339
0000024515b67e19
0000024527421cf9
000002456be47fd9
000002456c403af9
0000024592d45619
00000245b0a35f99
00000245b6ec4ed9
00000245fa1a6439
00000245fa1a71f9
00000245fe943e79
0000024632f2a499
00000246356e29b9
000002466fa98959
000002467ff9c619
00000246884b0f79
000002469348d7d9
00000246b68c1939
000002470606c179
000002471e266eb9
0000024723941f79
0000024729a1d8d9
0000024734ee8879
0000024741fcd379
0000024771399979
0000024783daf919
00000247946c6019
000002479ff68279
00000247c8d40b59
0000024811ae3a19
000002481fd3f899
000002482dc9d8d9
0000024847e192d9
000002488beeff39
0000049190b26761
000000000267bc71
0000000000000181
00000248e207dff9
00000248ed7c4b99
000002493d1577b9
0000024966aaaeb9
00000249714772d9
000002498045b2d9
000002499a969f79
00000249a6713bd9
00000249ad032739
00000249b2885979
00000249b4af2a79
00000249c6297e39
00000249d1422759
0000024a110bc439
0000024a511da279
0000024a6ba3aa79
0000024a9d8384d9
0000024a9f9195d9
0000024ac221b459
0000024ae5c2f5b9
0000024b635c4299
0000024b795b2679
0000024b7d028479
0000024b7fa2b419
0000024b80a2d3d9
0000024bac896b39
0000024bbf92e839
0000024bfef1ecd9
0000024c1032d139
0000024c1b3eab99
0000024c1b3ec439
0000024c3ee38ff9
0000024c528381b9
0000024c5324f539
0000024c5d92aaf9
0000024c7a8a8039
0000024c82f8e7f9
0000024caadc8ef9
0000024cbb8a6119
0000024ccb51b259
0000024cf93ab099
0000024d060d1239
0000024d26bd8b59
0000024d3cb693f9
0000024d529c5859
0000024d59c77bd9
0000024d98e3df39
0000024db22877f9
0000024dc0ce3099
0000024ddb3e39d9
0000024decc2dab9
0000024df8372a59
0000024e126ca059
0000024e1af5e419
0000024e3a4b7179
0000024e4b6a3379
0000024e5073c299
0000024e875f4cb9
0000024ea5ba23b9
0000024ea9bc9fd9
0000024eaa08e099
0000024eac04a399
0000024eac04e599
0000024ec7192439
0000024ece41b919
0000024ed3bb0df9
0000024eec772999
0000024eefd86979
0000024f1600e699
0000024f1600eff9
0000024f18ed0c79
0000024f431a59f9
0000024f4c2c51d9
0000024f5a6afe79
0000024f5b72b759
0000024f7c3f4db9
0000024f9333ab79
0000024fa4ded699
0000024fc673da79
0000024fc6ffde79
0000024fe71a9819
0000024fefbb96f9
0000024ff6ff2819
0000024ff75c7539
0000024ffb8d13d9
000002500c6ca319
000002500ec5a1f9
000002502bc9a079
0000025043b868d9
0000025050feb219
0000025070ac4bf9
00000250dbbf5d99
00000250e1a8c599
00000250e5ff5a79
0000025108488279
000002514ac2a6f9
0000025150ccb959
00000251648ac1b9
00000251682646b9
0000025185f2ddf9
000002519b5a7f99
00000251e56859b9
00000251fb67bfd9
00000252011e9a99
000004a4311d0161
000000000267bc71
0000000000000181
0000025218a3bcd9
000002523cedabb9
000002524c1f0219
000002524cd960f9
0000025254f76559
000002526b086479
000002527715e819
000002529b089a79
00000252ca22db79
00000252d29bef79
00000252da378a79
00000252f51815d9
00000252f7e25059
00000252fb37c499
0000025311b5c6b9
0000025311c7dfd9
000002532e850f39
000002533badfc39
000002536bfcc439
000002536c5eef79
0000025379e0a179
000002537ec44039
000002538f7a90f9
00000253a5680319
00000253a8735719
00000253b1b178f9
00000253b1b19199
00000253ca561c99
00000253e22133d9
00000253e8f96bd9
00000254028e4679
00000254087b94b9
00000254707bccd9
00000254707bcdf9
0000025477fe70b9
000002547825e7b9
000002547e1f6179
0000025493255b59
000002549cb198d9
00000254af25b0d9
00000254d5a09ef9
00000254e0608979
00000254ea01fdb9
000002550bc7a779
000002550bd5f939
000002551b3028b9
000002552990f7f9
000002553c9663d9
000002554789e879
000002554f01d7f9
00000255605072d9
00000255728a7439
00000255ac797259
00000255c86b9cf9
00000255d9ccfd79
00000255ff3bf6b9
000002563c7c1c19
000002563f2d8219
0000025644274af9
0000025670422819
00000256749cd7f9
00000256a7ec2819
00000256a97477b9
00000256b589f979
00000256bf6b6ad9
00000256c69f0bd9
00000256c69f19d9
00000256db0b3e19
00000256e3d90559
00000256e3d90f79
000002574744ea59
0000025751209af9
0000025770e56ef9
0000025770ec7d99
000002577b282079
000002577c5a8a79
00000257814e0979
00000257907369b9
000002579446ce39
00000257a4ca73b9
00000257b5ee1539
00000257c1b93a59
00000257c62bdcb9
00000257c67efb39
00000257e044f479
000002582d502ad9
00000258442eae59
000002584b092c99
000002586f64b8f9
000002589f1ea7f9
000002589f1ec519
00000258aea31b39
0000025925431bb9
0000025939c23919
000002595530b339
000002595b43c439
0000025985100919
00000259a7083179
00000259df1820d9
0000025a04e14119
0000025a19da0959
0000025a2a9de479
0000025a410493d9
0000025a41a91579
0000025a4ee6bad9
0000025a67641f59
0000025a71d23af9
0000025a96ce0d99
0000025ab8cacab9
0000025adc9e9319
0000025afe6c8bb9
0000025aff95e039
0000025b52204ff9
0000025b522058b9
0000025b590a0519
0000025b65e3aa99
000004b6d1879b61
000000000267bc71
0000000000000181
0000025b864d4279
0000025b9ab779d9
0000025b9dd754b9
0000025be259e4b9
0000025be259f439
0000025bf9c55bf9
0000025c0c1e6bf9
0000025c2b06fb99
0000025c33110359
0000025c367344d9
0000025c3e4b4cf9
0000025c40313339
0000025c46b17f39
0000025c50d0e659
0000025c9809a8b9
0000025cca7be4f9
0000025d09d1f279
0000025d1ef90cf9
0000025d336a2599
0000025d4176ac59
0000025d66fa7dd9
0000025d6d1b5339
0000025d740484f9
0000025d9035ac39
0000025dc332b699
0000025dece6f6f9
0000025e1614d299
0000025e1614d459
0000025e1614de59
0000025e16d040b9
0000025e4e16b6b9
0000025e7b117cd9
0000025e876d2af9
0000025e99801a39
0000025e9adaee99
0000025eb0d94e39
0000025ed849a2f9
0000025f36467e59
0000025f60c6e679
0000025f8f143319
0000025f9ad58c19
0000025fac5bea19
0000025fb7697f39
0000025fc0ed29d9
000002601bddf699
000002602801b5b9
000002603808b759
00000260a85f9719
00000260c0204c79
00000260f3acef79
0000026100a41ed9
0000026113c9d7b9
0000026117119099
000002612f7d71b9
000002613067fe39
000002613ab0ec79
00000261469bdf19
000002617c07ebf9
0000026180b50e59
00000261b859e079
00000261bd3d0f99
00000261fb40e439
000002622c560a99
000002625a777af9
00000262618909b9
000002627afb4079
000002628fd303d9
0000026296a14a79
00000262a59943f9
00000262b2734ed9
00000262bb890259
00000262cf0d7db9
0000026312ee8ad9
000002631c51b999
000002631f7cd739
000002631fc67379
000002632160a359
0000026324146939
000002637c87ebf9
000002639661d1d9
000002639cb24ff9
00000263a925e439
00000263aa6b7699
00000263d85b1e99
00000263e64f6d39
000002640126bf39
00000264082f6399
000002644fcd3e19
0000026455858199
00000264841d3319
00000264982825f9
000004c971f23561
000000000267bc71
0000000000000181
00000264fa7de0f9
0000026511f50cd9
00000265166ce739
000002651d290219
0000026539c11179
000002655004fa19
00000265544fe039
00000265651da5b9
000002658bc2d6d9
00000265afeb3079
00000265c036d939
00000265c874d819
00000265fc5915d9
0000026605a24179
00000266291748f9
000002665bf84459
000002666eec7c19
00000266843b74d9
00000266a0985039
00000266a314a419
00000266a8605659
00000266fa0ff639
00000266fbf663f9
00000267100a1e99
0000026733e48899
000002673f564339
0000026747d42599
0000026774f54359
000002677782d599
00000267997a9239
000002679e26b859
00000267e3f983f9
000002683bae4c99
00000268711c6cd9
00000268a1d0ccb9
00000268b70f68b9
00000268d07cd259
00000269221793f9
00000269559f71d9
000002696c595919
0000026980340579
000002698da97219
00000269b7a2c799
00000269c544c8d9
00000269f86eb2f9
0000026a2ebb9cd9
0000026a37578c59
0000026a42cd5019
0000026a5d328839
0000026a69f308d9
0000026a96240ab9
0000026ad2156b79
0000026aebd76d79
0000026b166c0fb9
0000026b1ce0a699
0000026b6a45bf99
0000026b6bf35ef9
0000026b7b08be59
0000026b94433b99
0000026bb1d160d9
0000026bc8f0d4b9
0000026bca9ac8d9
0000026be9727699
0000026c0b2ec7f9
0000026c0b2ec9f9
0000026c16081299
0000026c323e6ff9
0000026c606cc2d9
0000026c87985959
0000026c8a1f5619
0000026ca27a6c19
0000026cb2c6af79
0000026cbb2840f9
0000026ccdbdfc79
0000026cef0dbe79
0000026d267b0ed9
0000026d2e090a59
0000026d67241d19
0000026d68268cf9
0000026d6f749ff9
0000026d74d65639
0000026d934bd539
0000026d93860199
0000026d98d258d9
0000026de86a9079
0000026e007211b9
0000026e01361d39
0000026e027bfed9
000004dc125ccf61
000000000267bc71
0000000000000181
0000026e26d5e899
0000026e49e2b539
0000026e53fc3cf9
0000026e868b6bd9
0000026e8e2297f9
0000026eb078f3b9
0000026eb078f539
0000026eb07915d9
0000026ed40a8a19
0000026ee77c1539
0000026f112bd5f9
0000026f22ebc699
0000026f486308b9
0000026f5b9b1879
0000026f6476cfb9
0000026f92dbbcf9
0000026fb97b3279
0000026fd19290b9
0000027009282a39
00000270245e4b79
000002709a67d8f9
00000270a81d54f9
00000270bcaa0519
00000270da346cd9
00000270e1c0bef9
00000270e1c0c0b9
00000270ffe89299
00000271671660d9
0000027177c5ab19
0000027189183879
000002718c441b59
00000271bb01a0d9
00000271cd18e699
00000271ed2d1c59
00000271f1baba79
0000027224303659
0000027231d30e19
000002724d917c39
0000027268e3cad9
000002729ceb28f9
000002729d9c4459
000002729d9c4cb9
00000272a89a8e79
00000273135486d9
0000027317724a19
0000027325ca6339
000002734e37faf9
000002734e6eacf9
0000027351f99b59
0000027361857299
0000027361cf6ab9
0000027370a00b59
00000273751d0119
000002737c169919
0000027384caf339
000002738c4af6f9
000002738da5dcf9
00000273a7315a19
00000273ab09f999
00000273c13baab9
00000273d3a666f9
0000027404772df9
000002747cea6e99
000002748957d139
000002748cffbad9
000002748d149259
00000274a92f3019
00000274aaf78c99
00000274b62cc9d9
00000274d7527f39
00000274f5addeb9
00000274ffd8bd19
000002753c1d73f9
0000027540edb459
000002757030feb9
00000275804673f9
0000027582d010d9
00000275b2ef6939
00000275c3fd4fd9
00000275cc410eb9
00000275ddb675f9
00000275f6b3e6f9
00000275fb1337d9
00000275fe2f8e39
000002761b82c6f9
000002761b82e4d9
000002765e258599
000002767921e6d9
000002767af54039
000002769d7a9a39
00000276b6552fd9
00000276b8426a59
00000276c8139579
00000276e7c50579
00000276ed5e5cd9
00000277163ec0b9
0000027717871bf9
000002772161f5b9
0000027721f6c719
000002774ac66579
00000277515a9499
0000027755a0a599
000004eeb2c76961
000000000267bc71
0000000000000181
000002777b461ff9
000002777fdbbd79
00000277946675f9
00000277cbe782f9
00000277d18403f9
00000277d1841219
00000277d18419b9
00000277f7741819
0000027815f3c0f9
000002781ad14f79
0000027851d8d439
0000027870d89259
000002788b228a79
00000278b0a88079
00000278b80d5439
00000278c03e8219
000002790a634b99
0000027922186dd9
000002794948c5b9
00000279544ed599
0000027957bd2839
000002795d4941d9
0000027971cb9e19
000002799fd48b79
00000279aefd4699
00000279b357f759
00000279cb2068d9
00000279e10e07d9
00000279f3b25f79
00000279fbf295d9
0000027a0f05cc19
0000027a11f2abf9
0000027a1adf1d59
0000027a25321879
0000027a7e5f5ab9
0000027a7e68abb9
0000027a9e731f79
0000027ab725a139
0000027ace7bfd99
0000027af0d47359
0000027afcb48599
0000027b279c91d9
0000027b47cfc3d9
0000027b4be58a99
0000027b52856899
0000027b52857e39
0000027b52858fb9
0000027b528599b9
0000027b7666b1d9
0000027b7666c5b9
0000027b79840699
0000027b9687b339
0000027b9c92a279
0000027bd9863019
0000027c41170f19
0000027c4d311979
0000027c90b8b1f9
0000027ccf85dbf9
0000027cecefcdb9
0000027cf2414339
0000027d06b13479
0000027d06b13d39
0000027d0aeffbb9
0000027d123b7d19
0000027d14ff8939
0000027d1926b699
0000027d1fd9bcb9
0000027d82f5e319
0000027de2d471b9
0000027dfa1aed19
0000027e109a1679
0000027e173c76f9
0000027e266148d9
0000027e50dccaf9
0000027e8d3f2d19
0000027ea0e3c839
0000027ec7f43059
0000027efc472d59
0000027efc472ef9
0000027f075f5539
0000027f9b52e639
0000027feb7e14b9
0000028004a362d9
0000028011341539
00000280555f5439
000002805e526e19
000002806927d879
0000028087c81b79
00000280a559ca39
0000050153320361
000000000267bc71
0000000000000181
00000280bf3c0019
00000280e31d2099
00000280e31d34b9
000002814b9627b9
000002814e9a9f79
0000028156987359
0000028169bc7579
00000281c23b9179
00000281e867bff9
00000281fea5e1d9
000002820f2828b9
0000028219c14479
000002821c21e119
0000028229fedd99
000002823559a0d9
0000028236565d39
0000028242ab5bf9
000002827a2ffe19
00000282892b8459
00000282c07f1b19
00000282ca729b99
0000028354da3a99
000002836d02f6d9
00000283770ed499
000002838d3f88f9
00000283975e2ef9
00000283a34e1bf9
00000283c65f5e79
00000283c89b03b9
00000283e141ff39
00000283ec293cd9
0000028407371ef9
000002840d5a0c99
000002845063c6d9
000002846f1d9219
0000028479a328b9
000002848cedf1b9
00000284b0c70c19
00000284ff099599
000002851e392bd9
0000028531eef479
000002853d932b39
0000028592103459
000002859b288839
00000285bab09c99
00000285c6da0a99
00000285cc0e4e59
00000285f1cacb59
00000285f903a099
00000285fe28b8d9
0000028600025439
00000286133ce819
0000028614850a99
0000028620615359
000002864771e7d9
00000286aca35f99
00000286afb99d59
00000286b8e54039
00000286c4d3bf99
00000286c4fb86f9
00000286e9f83e99
00000286fd065e99
00000286fdd760b9
0000028710b2ae99
0000028721497ef9
0000028740750f79
0000028745abf819
0000028749dc9b39
000002874ea829f9
00000287514c1919
000002878e26b8f9
000002879c8ce1f9
00000287a963f239
00000287c92311b9
00000287d0f17639
00000287dee6b6f9
00000287f3779df9
0000028810b01d79
000002882068d479
00000288264b7239
000002883cb0ab59
0000028859fccab9
000002887b7de619
000002887b7e0219
00000288c2afe3b9
00000288d3f70ef9
0000028913f55239
00000289328b7239
000002893e2e83d9
000002893e2ea759
0000028942e630f9
000002895ef2c739
00000289760b4d59
000002897fd22599
0000028983a56df9
00000289d5c1b159
00000513f39c9d61
000000000267bc71
0000000000000181
0000028a2d2b7b59
0000028a3d7f12b9
0000028a54dd07b9
0000028a90c8f119
0000028abd74f3b9
0000028ada31c819
0000028ade17b7d9
0000028ae6665b59
0000028afdb9e8f9
0000028b034cdd19
0000028b0ea33179
0000028b10153639
0000028b28be87d9
0000028b4b4e7dd9
0000028b65524ff9
0000028b758b3f19
0000028b8643bb79
0000028b86442319
0000028b8d1c88b9
0000028b8d1ca579
0000028b9ae47a39
0000028b9ae49779
0000028ba5fc5959
0000028bcfdfdc39
0000028bd154f8b9
0000028bf9050979
0000028c006507d9
0000028c19857339
0000028c492ed159
0000028c5df0f339
0000028c7a1a8079
0000028c7c386619
0000028c943b8219
0000028ca86b7799
0000028cbe6b1179
0000028cc8135719
0000028cd0ba6e19
0000028cdb984159
0000028cdf495b19
0000028d14971919
0000028d1aafd199
0000028d1aafe2f9
0000028d2077df59
0000028d35d551b9
0000028d702ad599
0000028d95d2bbb9
0000028d9a89ebb9
0000028da5d2b299
0000028dae985579
0000028dc2fd5159
0000028dfb6a14d9
0000028e0e7cfe19
0000028e2866f999
0000028e362c8c39
0000028e8346a799
0000028e8e4104d9
0000028e8f873519
0000028ebaf7ca39
0000028edee2b999
0000028ee536d9b9
0000028efb867059
0000028f5c117b79
0000028f5e4cbc99
0000028f7c2bdc79
0000028f824f3a59
0000028f982392d9
0000028fb01269f9
0000028fb8ad1499
0000028fbfeca4d9
0000028fc12e59f9
0000028fe5210df9
0000028fe558a579
0000028ff1c33259
0000029003a5d8b9
0000029009c2c6b9
0000029037a28379
000002904301e459
0000029051667dd9
000002906c60f679
00000290b39d6239
00000290b42d97f9
00000290cb429379
00000290e571a159
00000290e571b879
00000290e9e76f79
0000029117dbd459
000002912b9aa939
00000291421cce79
0000029146334c99
000002914ea24379
00000291fae8ebf9
0000029216795a39
000002921b2babb9
000002924a2530d9
0000029266470899
000002927dd719d9
0000029286646a19
00000292873685b9
00000292a3c4d3b9
00000292aaaaaef9
00000292cb41f7b9
00000292d7542bb9
00000292db71af59
00000292f3f16e79
0000029331c7c059
0000052694073861
000000000267bc71
0000000000000181
0000029354b39739
0000029378db5659
000002937a2707b9
00000293832fa8b9
00000293ae5d2c79
00000293bf79b519
00000293c1f447f9
00000293edddaaf9
000002942829af79
000002942829c139
000002942a2cb519
000002942c0160f9
0000029437686f79
000002944b348099
000002945e2bb719
00000294650b8b39
000002947eda6059
000002948e62a5d9
0000029494308479
000002949e1d0659
00000294a0003c19
00000294b0ae6219
00000294b682e059
00000294f2e0e3b9
00000295019c71b9
000002951ada7a59
00000295780e66b9
00000295a7b8cbf9
00000295be304a99
00000295d669fbb9
00000295d66a1999
00000295e21c74d9
00000295e3315c59
00000295ead02cd9
000002962593ec19
0000029626e68699
0000029640451659
0000029645f1c3f9
000002966ecb9bd9
000002968152c159
00000296e32faa99
00000296f02da5d9
0000029707b335d9
00000297179c5c79
00000297294a3199
0000029770b3c999
000002978c7a0479
000002978f2a64d9
00000297b3f8cdd9
00000297b9c45019
00000297b9c47539
00000297f04ceaf9
0000029808111619
000002982f7fb399
0000029849abad19
00000298876088f9
0000029887608ab9
00000298909a1359
00000298934584d9
00000298af91c279
00000298c5e3ab79
00000298e5d0de39
00000298e8a19699
00000298eebd7f19
00000298f58771b9
00000298f7b8ac99
0000029913434f99
0000029913cd35b9
00000299178daef9
000002992f173379
000002994102fdf9
000002997d49d339
000002998a1e48d9
00000299a019ce39
00000299cf932d19
00000299e24e5039
00000299ff848459
0000029a173445b9
0000029a5ff9d5f9
0000029a6e7617d9
0000029acd2cb2f9
0000029ad6f75e59
0000029b267a1359
0000029b55244a39
0000029b67ea3019
0000029b7f65b1f9
0000029b907f8219
0000029bb9d57219
0000029bdb7ea519
0000029bef0abb39
0000029bf38e54b9
0000029bfdcbe7b9
0000029c0458ee99
0000029c251e8ab9
000005393471d261
000000000267bc71
0000000000000181
0000029ca6c96b39
0000029cb1a4d7f9
0000029cec9e3e39
0000029cec9e4f99
0000029cfabac919
0000029d081d3999
0000029d1b7c1119
0000029d7cc54899
0000029dd1951539
0000029de73ede39
0000029e019c4179
0000029e0ca18599
0000029e24377459
0000029e2744b4b9
0000029e334270b9
0000029e36680339
0000029e454d52f9
0000029e538aac99
0000029e699517d9
0000029e9a94b839
0000029ead0079f9
0000029eb98ccbf9
0000029ec7e98239
0000029f153b3b19
0000029f3781ee79
0000029f59e5a039
0000029f6b9ee819
0000029f6e276859
0000029f79547dd9
0000029f8bd52c39
0000029fba0dd079
0000029fbc4095b9
0000029fbc40a799
0000029fe51486f9
0000029fff8ddc79
000002a00327a3b9
000002a01fe5e039
000002a0269b9db9
000002a0299ee239
000002a0352c5fb9
000002a04e68fef9
000002a0911039d9
000002a0915a5cd9
000002a09bf633b9
000002a0e45c8899
000002a0e45c9879
000002a1056ac499
000002a129551299
000002a1568900f9
000002a15e472899
000002a1a63988d9
000002a1ad5240b9
000002a1c6b36419
000002a1d01a97f9
000002a1d8c140d9
000002a20adaa839
000002a210df4e19
000002a2214bab39
000002a243f53b19
000002a27b56a859
000002a27dac1f19
000002a29eadd1f9
000002a303b3f1d9
000002a350465af9
000002a355d6fd39
000002a35cc85419
000002a35cc86779
000002a37aa510d9
000002a38af1da59
000002a3b6f75739
000002a477ae4f99
000002a492e0bc39
000002a4a15430b9
000002a4ad3b5f39
000002a4af016f79
000002a4b9607d39
000002a502d4cb79
000002a517a8c179
000002a5292204d9
000002a5326211f9
000002a53773b759
000002a559506759
000002a569fe30d9
000002a578f9c3b9
000002a59763beb9
000002a59a88af39
000002a5a1d8be59
000002a5b4fcf799
000002a5c82030d9
000002a5dfe0a1d9
0000054bd4dc6c61
000000000267bc71
0000000000000181
000002a5f5e05939
000002a610b2d979
000002a61878db39
000002a6537eb0f9
000002a6633f4779
000002a67d690259
000002a68a2a81f9
000002a68e8ff759
000002a690fa0619
000002a6cb621f99
000002a6dfd89239
000002a6e3e12159
000002a6e6d5d579
000002a6f95c3e19
000002a6f95c5519
000002a6fc2e6a79
000002a742973dd9
000002a7448297d9
000002a75edbd039
000002a78709dab9
000002a7bf56c499
000002a7e1ee7cf9
000002a839c26599
000002a83f4d3419
000002a855641519
000002a8638b9959
000002a87fc33879
000002a89b1dcb79
000002a8aa5ff6d9
000002a8ac273239
000002a8ecfc3879
000002a90061bc39
000002a909eadd19
000002a90c716b99
000002a93460b6b9
000002a946b724b9
000002a9822bbcd9
000002a9965d2899
000002a997332519
000002a99966ebb9
000002a9b0561219
000002a9c5356439
000002a9d1f2b019
000002a9e9c122b9
000002aa0ee70f79
000002aa459bd779
000002aa61aa6119
000002aa83c54359
000002aa931c39f9
000002aa931c4b39
000002aa931c5539
000002aa9951b339
000002aaace1b199
000002aabcfdf359
000002aaf138f979
000002ab16092f79
000002ab16093139
000002ab2282f3f9
000002ab2282f5d9
000002ab461fab59
000002ab5199e6f9
000002ab8da471b9
000002ab92613c79
000002ab9eb4c279
000002abadf7f239
000002abd23f23d9
000002abebc8db99
000002abf6650039
000002ac00652fb9
000002ac2412bc59
000002ac3e2b8a59
000002ac42734439
000002ac5caa7bd9
000002ac6145d0d9
000002ac74946fb9
000002ac8ff0e479
000002ac8ff0f459
000002acbdd23e39
000002acc93d3799
000002acd53c9c79
000002acf73ac1d9
000002ad2c88ddb9
000002ad3e70b959
000002ad40cc51b9
000002ad51e5cbd9
000002ad98f86e59
000002ad9de3e1b9
000002ada74ef2f9
000002adb2a1dfb9
000002adc0d3c639
000002ae072159b9
000002ae1eb652d9
000002ae4415b6d9
000002ae4e73f199
000002ae5a66f339
000002ae778a7eb9
000002ae8ced4d19
000002aeab36b859
000002aeeb60a5b9
000002af329478d9
0000055e75470661
000000000267bc71
0000000000000181
000002af42d7a039
000002af46d271f9
000002af5fe2ff59
000002af67348a79
000002af724bc0b9
000002af9f86f9d9
000002afbaf9edf9
000002afbb65c2d9
000002afc8344dd9
000002afda6d4d59
000002afda6d4f39
000002afdb98a9d9
000002b013275879
000002b027795859
000002b072bdb379
000002b083c68c19
000002b097354c79
000002b0b9e1ef19
000002b0eb7279b9
000002b0fbc27e39
000002b10c9ce439
000002b11336b3f9
000002b1211896d9
000002b12d97bdd9
000002b153114959
000002b183851999
000002b18ab4a219
000002b1993f8ad9
000002b1a17eff99
000002b1c84180b9
000002b1ee8980b9
000002b22e5c7f39
000002b26a17e299
000002b26a923cf9
000002b26d6f8879
000002b2a93c2b19
000002b2b4bca999
000002b2b5c9ded9
000002b2ba8c5419
000002b2bba182f9
000002b2be6da399
000002b2fb5723b9
000002b325755d19
000002b325755ef9
000002b33b403fd9
000002b34f369ef9
000002b35647bbd9
000002b37451de99
000002b39d14df79
000002b3ad199339
000002b3b4b27bf9
000002b3bfc99259
000002b3c227a979
000002b3d5b051b9
000002b3edb904b9
000002b411f60179
000002b42fba80b9
000002b431a31079
000002b45cd8bcd9
000002b4611ed499
000002b46328ec99
000002b49fb72999
000002b4b842c599
000002b4c4d30f19
000002b4e3483219
000002b4e6ca0219
000002b4eb22ddb9
000002b509aac7f9
000002b5268f5ff9
000002b52b35ee99
000002b52b87f179
000002b5418ce739
000002b5444e8419
000002b55cbace59
000002b57a9627d9
000002b58dc7a119
000002b5978c0af9
000002b59cc601f9
000002b5b8aa7c19
000002b5c778bb79
000002b5c7c22379
000002b5d3c63699
000002b5d5287879
000002b5d6d30c19
000002b5d6fb9d99
000002b5df2f7939
000002b62a83cdd9
000002b66735f619
000002b6c189ac19
000002b6c6ca54b9
000002b6c6ca6c19
000002b6dc146ed9
000002b6e1f7ef19
000002b6fb9ad1f9
000002b731669c59
000002b7327bbfb9
000002b736058cf9
000002b746928b19
000002b754560bb9
000002b7805f9db9
000002b79f3407b9
000002b7db591459
000002b801445b39
000002b801490f59
000002b8140331d9
000002b829fb1219
000002b83985b2b9
000002b8610b5079
000002b86e6c7e79
000002b87f68b7d9
000002b887c5d719
0000057115b1a061
000000000267bc71
0000000000000181
000002b8901dd979
000002b8e202e519
000002b8eb6055d9
000002b8f50b0db9
000002b916235579
000002b9214959f9
000002b9433fc599
000002b95b34a7d9
000002b95c781ef9
000002b9738a6fb9
000002b99d84ab59
000002b9bc315239
000002b9f07ece99
000002b9f9a5b4f9
000002b9fb9aff39
000002ba061bdcd9
000002ba0aed32d9
000002ba0e30ae59
000002ba10f1ee39
000002ba568e90b9
000002ba59821859
000002ba5b324599
000002ba79dad0d9
000002ba88ce93f9
000002bab28ea3b9
000002bab2e7efb9
000002baef95ed39
000002baf1cd4919
000002bb133b8319
000002bb462a0879
000002bb5eb78719
000002bba9bafb39
000002bbb90eb1d9
000002bbe1a4abf9
000002bc03686559
000002bc0c528119
000002bc69403ed9
000002bc71f91c99
000002bc837a61d9
000002bc990e6e99
000002bca81199d9
000002bca848f779
000002bcbcc62d59
000002bcd7f2d459
000002bd02296939
000002bd0284b2b9
000002bd0284cb99
000002bd1432f599
000002bd165743b9
000002bd27b6a019
000002bd2fab2319
000002bd42d3d119
000002bd597041f9
000002bd626ef5f9
000002bd678245b9
000002bd7d6bbbb9
000002bda2c84df9
000002bdca293c39
000002bdd4b48299
000002bde70c4679
000002bdfd61b879
000002be0626fed9
000002be18efb819
000002be64ea0ff9
000002be747ddf99
000002be95d2e299
000002bea54064d9
000002bec71da979
000002beedf96d99
000002befbca30d9
000002befd3817b9
000002beff6f2a39
000002bf06dcf3f9
000002bf6d1b1799
000002bf8411b639
000002bf8865b8b9
000002bf9545ef59
000002bf997c93f9
000002bfa10d1899
000002bfbe56b019
000002bfd85738d9
000002bfe15f92b9
000002bff7772279
000002c01b638f39
000002c03041c4d9
000002c056c7bbb9
000002c061e44f19
000002c09603c039
000002c0cc3e96d9
000002c0dacacaf9
000002c0e5d0dc59
000002c10dcffbb9
000002c114e7c699
000002c115f1b8b9
000002c11a6a7179
000002c12f59c979
000002c167e5ced9
000002c18bd75b79
000002c195ed4539
000002c1a453ea79
000002c1a9d38419
000002c1b30b15b9
000002c1cc8743d9
000002c1cdb74399
00000583b61c3a61
000000000267bc71
0000000000000181
000002c1e1009bb9
000002c22266aed9
000002c22753c239
000002c227fcf839
000002c23bdc0439
000002c24328d9f9
000002c248985599
000002c24c59ff19
000002c253564ef9
000002c2594cccb9
000002c2721435b9
000002c28bb28399
000002c2a083c619
000002c2a6b92e19
000002c2a8f5a039
000002c2b2052a59
000002c2d7fe4639
000002c2daf544f9
000002c31f4b5e19
000002c375196e79
000002c3765a2cd9
000002c377085b79
000002c38c3e5299
000002c396b3a679
000002c3972f2859
000002c3cde5e0f9
000002c3cf36dd99
000002c3dda66599
000002c3f27736d9
000002c41b50aaf9
000002c4a8613a19
000002c4bb1b97b9
000002c4cedb90f9
000002c515329819
000002c52520f4d9
000002c5802b7e39
000002c589857af9
000002c5c9008379
000002c5d10262f9
000002c5d5914b99
000002c5d7e65f19
000002c5de681399
000002c5e245bd79
000002c5eac555d9
000002c60ea674f9
000002c66727ecf9
000002c66f9a1ad9
000002c676868839
000002c67a1041d9
000002c67f8acf19
000002c6b46a5f39
000002c6b79a9459
000002c6e13a1159
000002c6e8369ef9
000002c6f49c7d59
000002c6f4d4dcb9
000002c73f6e74d9
000002c78939f099
000002c7948f2419
000002c7948f37d9
000002c79a0b6259
000002c7d2921859
000002c82a3f1259
000002c835f194d9
000002c835f1ad59
000002c841efa0d9
000002c850278cb9
000002c8703a0239
000002c89a169379
000002c8b5c880f9
000002c8b695ef39
000002c8b695f739
000002c8c43ce799
000002c8dfd51e39
000002c8e9c48d59
000002c8ed6c7d79
000002c8fd4d9c99
000002c90353e899
000002c90cd479b9
000002c9246995d9
000002c9376bee79
000002c93cb6d3b9
000002c93f15ff79
000002c95dcfa179
000002c95f5c5559
000002c98ea69019
000002c9905187f9
000002c9a4448679
000002c9a521ecd9
000002c9b259ed79
000002c9d44956b9
000002c9eb8518b9
000002ca31886db9
000002ca51ff07d9
000002ca6f6805b9
000002ca77d33db9
000002ca8ceee639
000002ca998510d9
000002cacc298ff9
000002cacdb43539
000002cb0676f7d9
000005965686d461
000000000267bc71
0000000000000181
000002cb312e86d9
000002cb716c7299
000002cb976e6759
000002cba5d13179
000002cbd3a23319
000002cbe793a099
000002cbe793b099
000002cc04763739
000002cc0712c899
000002cc223d6099
000002cc2ddba3d9
000002cc76f17bb9
000002cc9e6fc5b9
000002cc9e6fc759
000002cc9faf2719
000002ccb24b4759
000002ccbadbf1b9
000002ccd4eca039
000002ccde342059
000002cd174bb439
000002cd1e4954f9
000002cd2d41eb79
000002cd64a26059
000002cd64a261d9
000002cd7bb77df9
000002cd95cfbcf9
000002cda6575819
000002cdd5a71739
000002cdd605e139
000002cdd85c5439
000002ce1fbf6619
000002ce33674c59
000002ce392bd939
000002ce59c5fe59
000002ce59d10cb9
000002ce6aa1a979
000002ce88e2fe39
000002cf769bb259
000002cf9dff02d9
000002cfd35bd459
000002cfd41a0559
000002cfd4429679
000002cfe0f8db39
000002d00a32da59
000002d01eeafc39
000002d01eeb0919
000002d01eeb1339
000002d0541b4219
000002d0598fba39
000002d090ccca79
000002d0a6266d79
000002d0a9c7fbb9
000002d0b4af46b9
000002d0e800f479
000002d10e8ba119
000002d11fc5eb59
000002d13da501d9
000002d140936319
000002d179e40b59
000002d1807a3ef9
000002d18f9b6099
000002d199314799
000002d199314a99
000002d1a799c659
000002d1a9826e99
000002d1ad57f579
000002d1c455edb9
000002d1e3512479
000002d1ea9f6dd9
000002d223163899
000002d2365efd59
000002d237fa7e99
000002d24179a699
000002d24be25bf9
000002d2657bf0d9
000002d280dbb839
000002d2824b8959
000002d2824b9299
000002d28b043bd9
000002d2bdd49299
000002d2c3ba1259
000002d2fd9d82d9
000002d2fecf3179
000002d300fc0299
000002d361a3ac59
000002d3714b25f9
000002d3814a7b99
000002d3a81c8939
000002d3f118c1d9
000002d3f118c379
000002d3fbe0af99
000002d41fcde379
000002d421c4d579
000002d445a23b79
000002d449a94139
000002d460b60139
000002d460b61099
000002d463350ff9
000005a8f6f16e61
000000000267bc71
0000000000000181
000002d48f947219
000002d4a0b32e39
000002d4a77bd679
000002d4b06a4819
000002d4b56de959
000002d4dac347d9
000002d4e54b3979
000002d5220e5499
000002d5220e66f9
000002d533a69319
000002d54f760479
000002d58918fc59
000002d597f0d0f9
000002d5c1bb6d79
000002d5cd7f1b59
000002d5cd7f2bf9
000002d5fb93f8f9
000002d5fb9400d9
000002d615325219
000002d639d8a099
000002d6480206f9
000002d648021e99
000002d64c490279
000002d64d353af9
000002d64d3544d9
000002d65c3dc599
000002d6a6c9dff9
000002d6bd0db339
000002d6cac53759
000002d6d895b839
000002d6f0b32979
000002d6f47c79b9
000002d6ff97d259
000002d71d369579
000002d73462bad9
000002d7489a7859
000002d74f9557b9
000002d7714452b9
000002d789802e79
000002d7a37393d9
000002d7b2f340b9
000002d80eff9f39
000002d82a3872d9
000002d85674da99
000002d863d311f9
000002d869755879
000002d871b12379
000002d8790d7bf9
000002d8959ae499
000002d8969fde59
000002d8a50abaf9
000002d8b893bc39
000002d8cc24f4b9
000002d8f53e63b9
000002d90f168b99
000002d936539939
000002d96fe30f79
000002d9923a6959
000002d9afdab399
000002d9d1c1d2d9
000002d9fd6085b9
000002da11910d59
000002da17c7b719
000002da18123f19
000002da3b554a39
000002da5dbf2a39
000002daa98c7919
000002dab05ac6d9
000002dabecf8839
000002dac4d93559
000002dacd5c9dd9
000002dacd5cb619
000002dae2817519
000002dae552b359
000002dafd826e19
000002daff0a1479
000002db28ceb499
000002db45ce67f9
000002db4e206b59
000002db5f97c4f9
000002dbbc12fbb9
000002dbe1218b19
000002dc12f72e79
000002dc37544cd9
000002dc4920ff79
000002dc56494f79
000002dc5649a3b9
000002dc5b9837d9
000002dc674f4df9
000002dc7bfb6179
000002dca47b0179
000002dcad415a59
000002dcebca3539
000002dcf9e40d99
000002dd05a7ced9
000002dd1bc886d9
000002dd1cf31c19
000002dd24696af9
000002dd5cdc97f9
000002dd63e06c39
000002dd72ebdf59
000002dda54cba59
000005bb975c0861
000000000267bc71
0000000000000181
000002dded554119
000002ddefb75139
000002ddf30d61d9
000002ddf30d7019
000002de26039879
000002de46cfdf79
000002de4fa4c439
000002de51bf1bf9
000002de55c43879
000002de5cca76b9
000002de70753b39
000002de7d65dc39
000002de7d65ef39
000002de9d2d5159
000002dea9c10699
000002decb5a7559
000002ded6dbfc39
000002deedc0ceb9
000002def76ea719
000002def76eb9b9
000002def76ec3d9
000002df03e0f859
000002df03e11699
000002df18815e79
000002df39bcfcb9
000002df4af9ec39
000002df4afa0079
000002df4afa2879
000002df5594a5d9
000002df5ab78399
000002df6293ba59
000002df670146b9
000002df714e5959
000002df8b92af39
000002df95cb14b9
000002dfaa5058d9
000002dfad42c759
000002dfc1293939
000002dfd05f6639
000002dfd49c12d9
000002dfe0b608f9
000002dffed0ae19
000002e02e168099
000002e0406b4a19
000002e0406b4b99
000002e046ed3979
000002e06b4fba39
000002e08cd65bb9
000002e0a10fc039
000002e0b8032fd9
000002e0c549ad99
000002e104a80d39
000002e15ea43579
000002e178647ab9
000002e18b2fd679
000002e1acdccaf9
000002e1b10b53f9
000002e1b10b63f9
000002e1fd14c7f9
000002e204174e39
000002e2199bfbf9
000002e21fd2fcf9
000002e22532e5b9
000002e232020fd9
000002e258ec1159
000002e29f3929b9
000002e2b43fa819
000002e2b6b5ea39
000002e2cd1d04f9
000002e2ec8ceeb9
000002e31c818c59
000002e34c603ad9
000002e34c67fed9
000002e36078d7d9
000002e38336c8b9
000002e38ae957f9
000002e39e4300d9
000002e3a260e939
000002e3b915f699
000002e3c19cda79
000002e3e08b3279
000002e42eb989d9
000002e43b3a2a79
000002e449b04419
000002e45a9b3b79
000002e472f1f0f9
000002e49ec12959
000002e4cbd41939
000002e4d163d659
000002e4d5e07b19
000002e4f45b1a19
000002e538ed0fb9
000002e55a4eac59
000002e55e1abd59
000002e5c55d8519
000002e5c69d8e19
000002e5c8515f19
000002e5d03193d9
000002e5f2b837f9
000002e61ca2f819
000002e627675419
000002e627f615f9
000002e632870f19
000002e635959f59
000002e6381db039
000002e656cb3379
000002e6a98a7999
000002e6b56cd6f9
000002e6b78a4bb9
000002e6ba28fb99
000002e6c018ab59
000002e6c9cc4ef9
000002e70cf98059
000002e715610b79
000005ce37c6a261
000000000267bc71
0000000000000181
000002e7232e00d9
000002e77d92ff59
000002e79ba7d4f9
000002e7b0a18a79
000002e7bd794af9
000002e7e4e96fd9
000002e7fa487959
000002e8113b6d99
000002e811885e99
000002e821ad3279
000002e8973eda79
000002e8a08487f9
000002e8a22e7ab9
000002e8bd67d139
000002e8f5ed5219
000002e902a70779
000002e9286afe59
000002e9371fc9d9
000002e93be3c2b9
000002e93bf7c899
000002e942c01919
000002e9492dcdb9
000002e9516fdb39
000002e95e685299
000002e971e5a0f9
000002e977b59739
000002e983b0cd59
000002e98eb7d039
000002e995acf1d9
000002e9a7602a59
000002e9b1190e39
000002e9b1ee5b99
000002e9cfafdbd9
000002e9d2a56b99
000002e9d72d1299
000002e9f1c12d39
000002ea0b436cb9
000002ea17b6cdd9
000002ea1e396d79
000002ea671e82b9
000002ea84395859
000002ead3c01a39
000002eaed27d359
000002eb128570d9
000002eb27c64119
000002eb37d24e99
000002eb39c98359
000002eb563749b9
000002eb6af005f9
000002eb7c63d8d9
000002eb8e5a2039
000002ebab34f4f9
000002ebbbc33939
000002ebc748a539
000002ebe99269f9
000002ebee249d59
000002ebf2087819
000002ec21186e19
000002ec33418499
000002ec53920df9
000002ec554fceb9
000002ec60b34a79
000002ec6e07e079
000002ec8b7d5919
000002ec8d0650b9
000002ec9f4086f9
000002ecd0a134b9
000002ed03d5f7b9
000002ed09f33bb9
000002ed2e35d399
000002ed3ad79ef9
000002ed47ff6cd9
000002ed622515f9
000002ed713d3af9
000002ed766c4bf9
000002ed84ba1639
000002eda101ee39
000002edc4ebe7d9
000002edd0ea9279
000002ede07daef9
000002ee1509e319
000002ee24ef5bb9
000002ee3e1b6879
000002ee4dc57259
000002ee63355639
000002ee69d09bf9
000002ee6b013219
000002ee8097c999
000002ee9ad6a1f9
000002eeab5f9819
000002eebcc46179
000002eebe78e2b9
000002eebff5c439
000002eec9b40ed9
000002eed47eb599
000002eedd2dc5b9
000002eefccdaed9
000002ef3de7a7d9
000002ef5be93879
000002efb1a4acf9
000002efc4623439
000002efca5eccd9
000002efca5eda19
000002efd34dfdd9
000002effc95a6f9
000002f0153f2919
000002f028f35399
000002f04dfc6099
000002f05938d559
000002f069da2379
000005e0d8313c61
000000000267bc71
0000000000000181
000002f078f7fd99
000002f07dc90a19
000002f0a7ff4159
000002f0a9ba0019
000002f0e468d439
000002f0e68c0a79
000002f1020fc939
000002f134b519f9
000002f15611faf9
000002f15ad0e099
000002f15ad0f7b9
000002f17657e859
000002f19fe47839
000002f19fe48159
000002f1a6de3819
000002f1dd4cc759
000002f1dd97d799
000002f1dfdfbef9
000002f1e3fb15b9
000002f1e993a999
000002f1fcad6379
000002f21d51ccf9
000002f23b3efe59
000002f24056ae19
000002f24056aff9
000002f26e05e619
000002f2711b5b59
000002f2b3bf9fb9
000002f2bc480259
000002f2ed319b39
000002f34ef95ff9
000002f366e86919
000002f38791b7d9
000002f3982fbcb9
000002f3b400a359
000002f3c79cb699
000002f3dbc64bf9
000002f411f5b779
000002f41585d1b9
000002f43343bcb9
000002f475a52a19
000002f475dfa279
000002f4789db919
000002f487f06879
000002f487f07a79
000002f49266a5b9
000002f4b1dba559
000002f4bfe873f9
000002f4f9af9999
000002f54cf598b9
000002f568b0fd19
000002f579479d59
000002f584757939
000002f5993a0f59
000002f5a5756179
000002f5a5757b39
000002f5a5758559
000002f5cca8ed79
000002f5dd3a2719
000002f5ebf96e79
000002f62b50cd59
000002f6516f1b19
000002f6860d8a39
000002f6b3af4dd9
000002f6e45125f9
000002f6eb6f5f39
000002f6ef2d4459
000002f6f5a66eb9
000002f6fcee4df9
000002f727f72519
000002f791351e99
000002f794831739
000002f7aab0ead9
000002f7bb09fad9
000002f7e0976ad9
000002f7e5ae1079
000002f7e9714d59
000002f8147c7c59
000002f81b09f479
000002f8325decd9
000002f84303bfb9
000002f84e9a7ef9
000002f86525d8f9
000002f89795fb59
000002f8abebcff9
000002f8afe53b59
000002f8bd44e1b9
000002f8c5a3f1d9
000002f8c6661859
000002f8e109cff9
000002f8ee95a9d9
000002f92fd2dcd9
000002f974e4cc59
000002f97c49dd19
000002f9929a7e39
000002f994098c59
000002f994679c19
000002f99467b559
000002f9a99217b9
000002f9a9a1b499
000005f3789bd661
000000000267bc71
0000000000000181
000002f9c3bb24b9
000002fa035062f9
000002fa25181fb9
000002fa3594c059
000002fa3f6856b9
000002fa4f383e59
000002fa77153299
000002fa8b766479
000002fa8eeb6839
000002fa8f278799
000002fa91d220d9
000002fab8c3df99
000002fabf594cf9
000002fac6f8df19
000002fad680f3b9
000002fad6811eb9
000002fae59d5859
000002fb0c9457f9
000002fb1d74d759
000002fb43f77059
000002fb8ab7f759
000002fba0dd1939
000002fbbe5b4919
000002fbd1d5fc39
000002fbec8d8079
000002fbec8dd679
000002fc0f8491d9
000002fc19236319
000002fc1cca4059
000002fc329b9e19
000002fc406ca239
000002fc5ff72419
000002fc647ff5b9
000002fc66924999
000002fc6ad90699
000002fcb0ebf6f9
000002fcb61d3c79
000002fccca5d839
000002fcff1cca59
000002fd01f494b9
000002fd3a1b5919
000002fd55269679
000002fd565a6859
000002fd764de9f9
000002fd9a5be0d9
000002fde80cb759
000002fe352ec259
000002fe47433fd9
000002fe5df6b459
000002fe64efac39
000002fe683c91f9
000002fea008f259
000002fea1f92f19
000002ff3399ec19
000002ff3c1130d9
000002ff51386039
000002ff5cc13ed9
000002ff716ef3b9
000002ff71e5dfd9
000002ff8d4925d9
000002ff92a79639
000002ffa81d6479
000002ffc9d070f9
000002fff762f7d9
0000030008e780f9
000003000c40f859
000003003b425759
00000300615a7239
0000030082671db9
0000030089f34379
00000300be8a75b9
00000300e4ba7299
00000300e8139d39
00000300e8ffa779
00000300ef4591f9
00000301111719b9
000003014527e639
0000030146c99459
000003018139d059
000003018298ea59
000003018a5a4819
00000301a067e799
00000301b756d4f9
00000301e8028bd9
00000301ecf27b59
00000301ed7a8539
0000030202d1cd19
000003024e6d25f9
00000302860fd379
000003028f36a859
0000030294693c59
00000302c2bd0479
00000302d2ddba39
00000302d60bfc99
0000060619067061
000000000267bc71
0000000000000181
000003034bf23239
000003035e29b619
0000030378c2be99
0000030380c3f5d9
0000030395964a99
00000303b42777f9
00000304023c3139
000003041b8e2319
0000030420d587d9
000003042416f179
0000030445b1b239
000003046674c599
000003046bdf4c19
0000030479ec8919
0000030486385cf9
000003049fd21ed9
00000304b0678af9
00000304b6081d39
000003050f399b79
0000030514d0a0d9
0000030514d0bb59
0000030514d0d9b9
000003051da67619
0000030540058299
000003055334eb39
000003055b578b59
0000030561db8559
00000305728cce39
000003057abacd19
000003058d4131b9
000003059511ce19
00000305ba4299b9
00000305bdba9cd9
00000305bdbaabf9
00000305ff0fda99
0000030602340179
00000306079aa359
000003060a5b1039
000003060ec7aa39
00000306130af0d9
000003061c0b9099
000003065bab9cb9
00000306a2f4a739
00000306cb79af59
00000306e4a10259
00000306e6eea939
000003071ac12619
000003072f4cadb9
00000307436ec4f9
000003075c086d19
0000030790101339
00000307964667d9
00000307f7a6e559
0000030818457479
00000308385dddb9
000003084eac8099
000003086bd11f79
0000030887463a99
0000030891c1ce59
00000308b1647039
00000308ca3dd219
00000308d03aa939
000003090890b619
0000030932942099
000003093b8f7ef9
0000030945618a39
00000309539c9359
0000030961ecfcb9
0000030967440779
000003097fde6359
000003099b88baf9
00000309a2344ab9
00000309f44f6ed9
00000309fce1d1f9
0000030a061b3699
0000030a1955a1d9
0000030a267b0d39
0000030a616082d9
0000030a82eb5579
0000030a888bea19
0000030a90a972d9
0000030a90a97d59
0000030a98741df9
0000030ab2223319
0000030ab8292399
0000030adccacc19
0000030b04c99df9
0000030b2587b119
0000030b40cc3cd9
0000030b6183ce59
0000030b78fd8dd9
0000030b85dee939
0000030bbe6bdab9
0000030bcd7aa339
0000030bdefc09b9
0000030be73134d9
0000030beece3f39
0000030c32ec7f19
0000030c38877819
0000030c3e560d19
00000618b9710a61
000000000267bc71
0000000000000181
0000030c6964e159
0000030c6b8b1759
0000030cb64114d9
0000030ccdf53159
0000030ced09d4f9
0000030d3c047979
0000030d3c8cd379
0000030d711169b9
0000030d767986d9
0000030da306ea19
0000030da74a8279
0000030db5fb2af9
0000030db60ebdb9
0000030dbc7be5f9
0000030e07e99179
0000030e12277319
0000030e666c5a19
0000030e7014e8d9
0000030e786fc539
0000030e83d4c459
0000030ed71b3959
0000030f204bf6f9
0000030f271f3b59
0000030f53b172b9
0000030f6315dc79
0000030f6d909a59
0000030f72b41399
0000030f8ab95e79
0000030fbac402f9
0000030fe1c42519
0000030fe3a22159
0000030fee35abf9
0000031002dbaa79
0000031002dbabf9
0000031042e99b79
000003105db14bd9
000003109149f759
00000310add95dd9
00000310b3dbba59
00000310c1e37799
00000310f3b8c319
00000311171938f9
000003111a3bb5d9
00000311226430f9
0000031137d6f899
000003114328f099
000003114ec3edd9
000003119b8b3199
00000311ab2b8bd9
00000311bdbfa9f9
00000311c80b1059
00000311ded92b59
00000312098fc419
0000031221f1bdf9
0000031221f1d1d9
0000031222b99e19
0000031260d479b9
00000312760a2dd9
000003127cb1baf9
00000312c641d4f9
00000312c912f639
00000312caed0939
00000312f446b3d9
00000312fe9acf99
0000031308e80759
0000031315775d39
000003131a058579
0000031323d195f9
000003133f1f8339
000003134a147b39
000003136530c099
000003137e2648b9
0000031388ecd3f9
000003138a6a8659
000003138ea56cb9
00000314042f38f9
00000314224b0e59
000003145002eeb9
000003146cefd699
000003147cd270d9
000003147e377a79
000003147e379a59
00000314c3416239
00000314e469e679
00000314fb7f81d9
0000031525b2c699
00000315307fa0f9
0000031536f81af9
000003153827e419
000003155b064e99
000003155f9a6799
000003156548bb99
0000031583da4799
0000062b59dba461
000000000267bc71
0000000000000181
00000315c6a568b9
00000315c96ca4d9
00000315c9a5fd99
00000315e0126699
000003160e3596f9
000003161f07a319
0000031625894399
0000031637af6cb9
00000316783d30d9
00000316a8526c39
00000316b7106439
00000316bb490839
00000316d8533859
00000316e2f76ef9
00000316fd3dc759
000003170a049779
0000031727be9f99
00000317368611f9
000003174593f059
000003175de44b39
000003177d5522b9
0000031795444df9
00000317e755c2f9
0000031807f9c5d9
000003187165ae59
000003187a299f99
00000318cb4a0f19
00000318d8436199
00000318d8d9bc79
00000318e33cec39
00000318e33cfeb9
00000318e33d08b9
00000318e33d14f9
00000318f62dafb9
000003190384c299
0000031906172699
000003190e6871d9
000003190fb1c319
0000031928f06579
000003192dd899b9
0000031933453139
0000031944ccf739
0000031944cd08b9
0000031954921319
00000319579157d9
000003195d78a319
000003196e95a619
000003199e0d05d9
00000319a037c2d9
00000319d1241259
00000319e71c7259
00000319f2939c79
0000031a1fb32039
0000031a2d8d1a99
0000031a74f0d459
0000031a7fe0ffb9
0000031a945a4a59
0000031a99d390f9
0000031a9ae264d9
0000031a9c7940b9
0000031a9fa52ad9
0000031aab230679
0000031ad62cdaf9
0000031adf3ed4b9
0000031b118d09b9
0000031b20b2cf99
0000031b361a9d99
0000031b37edad99
0000031b4c77e719
0000031b5a5d9019
0000031b7203ab99
0000031b7256d459
0000031b7eaa4bd9
0000031b9f538b59
0000031bb690eed9
0000031bc1385ab9
0000031bddd271b9
0000031be0acd5b9
0000031bf755fcf9
0000031c123127d9
0000031c6ec98e39
0000031c7b527259
0000031c9824e219
0000031cbdcbe059
0000031cceb8e6f9
0000031cd7a1cfb9
0000031cf1f837f9
0000031cf99d5799
0000031d12e4a439
0000031d27b710b9
0000031d59c93419
0000031db9c91819
0000031ddfba3ab9
0000031ddfba4d39
0000031deb6d6cf9
0000031df1240e39
0000031e2c5740f9
0000031e2ebe78f9
0000031e3503ba59
0000031e6e4db2d9
0000031eaa954d39
0000031eacceadd9
0000063dfa463e61
000000000267bc71
0000000000000181
0000031f0154bd19
0000031f0a584119
0000031f2dd32cb9
0000031f339023d9
0000031f49fda4b9
0000031f5e710039
0000031f69a1cb99
0000031f92553619
0000031fe0d5dcf9
00000320027dc639
000003200f2b3199
000003204e8536b9
00000320511055d9
000003205cf91e99
0000032078b740f9
0000032087daf819
00000320ff6936f9
000003210fd92cd9
000003212ff2edd9
00000321741a7239
000003219843e4d9
00000321a46cf9d9
00000321d382fa39
00000322131cab59
0000032236c1f499
00000322447962f9
0000032248680cf9
00000322493fbfb9
000003224d0829d9
000003225adc22b9
000003226afe9c19
000003226e97d399
000003228ad1a1d9
00000322b2e623f9
00000322b66cc219
00000322c2efb9d9
00000322e0e748b9
000003230a29a4d9
00000323293a20d9
0000032332e41639
0000032332e41e99
0000032339e9b3f9
000003235a610df9
0000032384ffcb59
0000032384ffe379
00000323941e90b9
000003239a9e3939
000003239dfb5659
0000032410810a39
00000324122d3399
000003241f27e659
00000324623f06d9
000003247918f1d9
000003249f9d6379
00000324d623cc99
000003250cbb6259
0000032565649299
00000325757a98b9
0000032592e632b9
0000032595fb8859
00000325aa47b639
00000325b5177779
00000325b7bf2639
00000325bba9bb39
00000325c1be7df9
00000325c31f2b19
00000325f9eceab9
00000325fc90d639
0000032608bed959
00000326097e6d39
0000032678070439
000003267aaae659
000003267f53ee79
000003268081e2b9
000003269427c939
00000326ab879f79
00000326c5148d59
00000326e0c15cb9
00000326fdb434b9
000003270fa83f79
0000032734df7f99
0000032739968df9
00000327459d19d9
0000032766a0fc99
0000032774fc7319
000003277e460839
00000327984ab239
00000327a899aad9
00000327ae099659
00000327ae09a6b9
00000327beb69ad9
00000327d3865d99
00000327e79705d9
00000327ed78ab79
0000032809f8bb59
000006509ab0d861
000000000267bc71
0000000000000181
0000032871bd5b39
000003289c223519
00000328a8a77cf9
00000328b0561399
00000328c62451f9
00000328e54ea8d9
00000328fea67879
00000329203139d9
0000032933319ad9
00000329366540f9
000003293fac24f9
000003299e63d139
00000329b6fab099
00000329f178da39
0000032a45610159
0000032a659d65f9
0000032a702e3599
0000032ad334ba99
0000032ae3594ad9
0000032afeb8f319
0000032b2b4ac319
0000032b38caf979
0000032b449da259
0000032b449daf79
0000032b512a9a99
0000032b58186779
0000032b58570099
0000032b6f91fd39
0000032b8c753459
0000032ba7260939
0000032bd1ea06f9
0000032be7278079
0000032beac82959
0000032c004ffbd9
0000032c12bdda59
0000032c3360b599
0000032c3996ad79
0000032c542c9bb9
0000032c58bf8ed9
0000032c58bfa5f9
0000032c84713a79
0000032c9031e7b9
0000032c90cc6979
0000032c90cc6b39
0000032ca850d759
0000032cb11d1199
0000032cc7f34ef9
0000032cc8edbad9
0000032cf1654679
0000032cfd92fe99
0000032d2704d199
0000032d42c04079
0000032d608f6bf9
0000032d6615a6f9
0000032d869092b9
0000032d9487b359
0000032dc39c85d9
0000032dc6e62079
0000032dd0e89839
0000032dd6827d79
0000032de5647ed9
0000032e00ef0219
0000032e15e25d39
0000032e1d0878d9
0000032e3e526b79
0000032e732565f9
0000032e7c3aeab9
0000032ea9975419
0000032ec2f1a639
0000032f33549bb9
0000032f7ffde959
0000032f943ea599
0000032fa35becd9
0000032fb91000b9
0000032fb9100499
0000032fb9100a19
0000032fe37e3179
0000032ff0293419
0000032ff5ae9c19
0000033027e9d2b9
000003302b15eef9
0000033041d67e39
0000033050521879
0000033072a7d059
000003308ae7e119
0000033094b84439
000003309d1bba99
00000330a92631d9
00000330c5ef9cf9
0000033125aa7c79
000003313fc83b99
000003313fc83f19
0000033160bb8499
0000033196a88559
000006633b1b7261
000000000267bc71
0000000000000181
00000331b04386d9
00000331b07e1a99
00000331bc8010f9
00000331be626c59
00000331ca533bd9
00000331cc50e2f9
00000331e537b0f9
0000033204e086f9
000003322ba9b099
0000033235b4d3b9
000003323d0ef0f9
0000033243f8c7f9
000003325da3ec79
000003327c5312d9
000003329d842199
00000332b91d9519
00000332c57c06b9
00000332d9c14f99
00000332e9651f39
00000332f1ce9dd9
00000332f4732f79
00000333165680b9
000003331b7ce9d9
000003331b7cf319
000003332a5def59
000003332cdf0079
0000033331370099
00000333526d6e39
000003336327e639
00000333660f9b59
00000333660fac39
000003337e1e3819
00000333c4694d59
00000333d89f6439
0000033421ee1d99
0000033437814eb9
000003343efd7439
00000334414596b9
000003344dff6319
000003344e2eb279
0000033461c97679
0000033464523d19
00000334830562d9
00000334b3e536d9
00000334b3e540d9
00000334c041f099
00000334c904e279
00000334dc7e3279
0000033551ad2979
0000033555dd7b79
0000033562b928f9
0000033568a4ea79
0000033578d8b8b9
000003359c673b39
00000335ac5e4899
00000335ac7eec99
00000335d4721559
000003360b125fb9
000003362095acb9
00000336548e5cf9
000003365547a5d9
000003365be3fcb9
0000033663495099
00000336740e0019
000003367c8fd419
000003369425fed9
00000336a62ef5b9
00000336b3c02459
00000336f6a4f259
00000336fccd5079
000003375fcacd59
000003376412f119
000003377fd6db19
000003378ebc8139
00000337b17ca659
0000033808802879
000003380d82aab9
000003382c223c39
000003384c028279
0000033853cf7339
000003385eea1d79
00000338858cab99
000003388bfeaa59
00000338de157eb9
00000339135c8739
00000339135c9bd9
000003392d062cf9
000003393558f979
000003393cb11019
000003393cb128f9
0000033949aa97f9
000003394fb08159
00000339663cc919
00000339c6564b79
00000339df97baf9
00000339e504da99
00000339ea111879
0000033a17e5a8f9
0000033a1dbc6cd9
0000033a4ba73e59
0000033a520331b9
0000033a6417e359
0000033a85c8c639
0000033a90242679
0000033a95ddd8b9
0000033ab648de79
0000033ac5f454b9
0000033ace0330b9
0000033adbc83319
0000033adfab3af9
00000675db860b61
000000000267bc71
0000000000000181
0000033af1953639
0000033b34c77139
0000033b7d530af9
0000033ba26ffaf9
0000033bbe2d8a79
0000033bbed4ff99
0000033be6c33239
0000033be748ccd9
0000033bef8e2ff9
0000033c0921f439
0000033c0921fd79
0000033c28d50399
0000033c33698239
0000033c5a3e0d79
0000033c5a3e2019
0000033c789d5999
0000033c7abbd959
0000033c82985f59
0000033caf955819
0000033cb31250f9
0000033cff51e559
0000033d0b360f19
0000033d24e678f9
0000033d2cae0499
0000033d6b6febd9
0000033dac830c59
0000033dbabd55d9
0000033dc0223519
0000033dc02236d9
0000033dc2ebc5b9
0000033dc3110459
0000033dc6240a19
0000033dc6241e79
0000033dc6242479
0000033dcfd37c59
0000033df8ac3f59
0000033e12c07899
0000033e54250119
0000033e60be6ab9
0000033e6a6b48f9
0000033e6ba354b9
0000033e72073539
0000033eb20ca039
0000033eb20ca199
0000033ebb07f7f9
0000033eced3c5f9
0000033ed0d06639
0000033ed4c2b119
0000033edcc6e379
0000033ee5d20659
0000033f0cb48e39
0000033f1e90c159
0000033f237dbe39
0000033f33a3bc39
0000033f41f75dd9
0000033f477fa5f9
0000033f73e89679
0000033fa1c53e19
0000033fa83d4539
0000033fb14bea59
0000033fc0e71ad9
0000033fc4884f99
0000033fcd2f1439
0000033fd1fda8b9
0000033fd74ec739
0000033fe4448079
0000034045d23fd9
00000340482bead9
000003404f3da599
000003406bb70919
0000034073a54ad9
00000340a199fbf9
00000340b2558659
00000340b2c482d9
00000340cfa45659
00000340e4706e39
00000340ec49d839
00000340ec49da79
00000340f1207cd9
00000340fdcd3a99
000003413ecafc79
0000034149acb5d9
00000341653919d9
000003417ee54039
000003418667a439
0000034186d64ad9
0000034193d58519
0000034194874399
00000341a67ec659
00000341c01ef1d9
00000341c943abd9
00000341e8978679
00000341eab57ad9
0000034200f56019
0000034200f56239
000003423a7538f9
000003423c09ba19
000003423f6ccfb9
000003424d847b19
000003428ef4a299
00000342ca02d899
00000342e09ec879
00000342eb4ebc99
000003430c9197f9
000003430da29799
000003432782d779
0000034333170359
0000034360bf3739
000003437c4fc099
000003439d36c6b9
00000343ee79f539
00000343f087ad19
000003440110b519
000003440c032c99
000003440d1019f9
0000034413510659
0000034429ef7039
000006887bf0a561
000000000267bc71
0000000000000181
0000034457ebb7b9
000003445ad2e6b9
000003445c6c5499
000003447d9040d9
00000344972c9b59
00000344aea776b9
00000344c9465cf9
00000344ceb0e299
00000344dd8ac079
00000344e95566f9
00000345391eeaf9
000003454ee82899
000003454f62baf9
000003456b502cf9
000003456f10e9b9
000003457720a3f9
00000345846c0799
000003459d35a4b9
000003459fee7639
00000345cc2adb79
00000345efddb3f9
00000346277987b9
000003462d445219
00000346648b4bb9
00000346ae9f6c59
00000346c12ea519
00000346ceeba519
00000346e0f30939
00000346fd719f79
000003470028c419
0000034718fa1739
000003473018ddd9
0000034732c07939
0000034777f85d19
0000034784431b19
00000347a2198299
00000347b6308719
00000347c4c9ee19
00000347e6089919
00000347f750f219
00000347fea40eb9
000003483bcad239
000003484bd81d79
000003486bcec2f9
000003488d6f1039
00000348dddb8319
00000348e040d0f9
000003490003c439
000003491d536679
000003494443ac59
0000034982bf4859
0000034984907359
0000034990a1ea19
0000034998667539
000003499af0bab9
00000349b40af9d9
00000349b40b0719
00000349d1a91919
00000349e6156e59
00000349e90fba19
0000034a0d92db99
0000034a2da83d99
0000034a3a2c13b9
0000034a87a892d9
0000034a91aa9a19
0000034aa5ada179
0000034acba3d559
0000034ad3141739
0000034adf471cb9
0000034af1806b99
0000034afca4e339
0000034b284cae19
0000034b3a729c39
0000034b3b4b32f9
0000034b3f49b119
0000034b98691919
0000034ba95bb939
0000034bc4fb74f9
0000034bc5f79239
0000034bcd2b0bb9
0000034c5c94c219
0000034c63166bf9
0000034c69781db9
0000034c6f560e79
0000034c87118ed9
0000034c9eada4f9
0000034c9eadb639
0000034cbd5237d9
0000034cf7082bb9
0000034d070bc2b9
0000034d0a944d99
0000034d2451a0b9
0000034d334b1159
0000034d891d5039
0000069b1c5b3f61
000000000267bc71
0000000000000181
0000034dab6edb19
0000034ddb28d6d9
0000034df43b6d79
0000034e1cae41d9
0000034e3be3a539
0000034e48dce819
0000034e551bd919
0000034e85da3299
0000034ea461aeb9
0000034eb2a7a699
0000034ebdcb1b19
0000034edbc8bb59
0000034eebe86019
0000034eef4a7739
0000034fbb041b39
0000034fc6f68459
0000034ff4d94af9
0000034ffe570699
000003500a8b42f9
00000350175916b9
0000035027691439
0000035029042ed9
0000035031bba979
000003503fe87979
000003503fe88a99
000003503fe8df39
00000350b5655899
00000350b60728b9
00000350f60da019
000003511a59ef59
0000035141c96fb9
0000035148432179
00000351773aff39
000003518c4017d9
00000351910e9bd9
00000351a467b339
00000351a7210ff9
00000351e3512519
0000035205443a79
0000035226cdd079
000003524b5be879
00000352649a98d9
0000035294828079
00000352a5bc7059
00000352a605d999
00000352dd6be0f9
00000352e9070e99
000003531252a899
0000035314163c59
000003532441b939
000003535d60c7f9
00000353884e4739
00000353b0bdea99
00000353b0bdf999
00000353b5386c79
00000353b5387559
00000353d521a9d9
00000353dcd06b19
00000353f6940af9
00000354002b7bf9
00000354061622f9
000003540d483899
00000354256bc1b9
00000354374b7b39
000003543d4a8219
000003543d4a8e99
000003545cc82f79
0000035469d811b9
000003546a484739
0000035490d0e4b9
000003549b104eb9
00000354f72e5799
00000354f72e7699
0000035512670959
00000355266ba3f9
0000035530e85cb9
000003553d54c4b9
00000355a0ee64d9
00000355c13bd259
00000355cc295239
00000355f0d90159
000003560c10ecd9
000003560e05e979
0000035630050759
00000356362e86f9
0000035638d045d9
000003567c1e6199
000003568657a559
000006adbcc5d961
000000000267bc71
0000000000000181
00000356e8a21999
00000356e8a22c59
00000357584ce839
0000035766e7ee79
0000035795e00dd9
00000357a6894259
00000357bb4e0199
00000357e220d1b9
00000357e5e862f9
00000357f6a23ab9
000003582687ec79
000003582f011d19
0000035843e41859
0000035856d15659
0000035880026b99
0000035881c91a59
00000358e5ff4519
00000358e94940f9
00000358ea51ef99
00000358ee44cd39
000003592b4f7179
000003593a3125d9
0000035991b7c1f9
00000359ab2a2d59
00000359b7b947d9
00000359c5c7be19
00000359d2716419
0000035a21755599
0000035a883a4f99
0000035a9d86b9d9
0000035ab58b7599
0000035ac99f2399
0000035ae286d9b9
0000035b149f2bb9
0000035b3af52899
0000035b412585d9
0000035b64bea419
0000035b8e5ba759
0000035c03864819
0000035c0ff9ceb9
0000035c224b8f99
0000035c2f0a1d59
0000035c5c91def9
0000035c718f8f39
0000035cabcb52f9
0000035cabcb6c39
0000035cb7781a39
0000035cc45f5399
0000035cd8865fd9
0000035cfcbbc439
0000035cfe86d259
0000035cff585f99
0000035d1bc535f9
0000035d275d1459
0000035d2ced65f9
0000035d8952fc19
0000035d8ed2d199
0000035d94c28c79
0000035d9a628fd9
0000035d9c3c6379
0000035da5b3f3b9
0000035da5b40939
0000035db356ded9
0000035df6e96a59
0000035e20fdab79
0000035e233701b9
0000035e4bd4dd39
0000035e66dbbc99
0000035e8f91a9d9
0000035ebc222179
0000035ec1c14e39
0000035f1180c599
0000035f3160ba19
0000035f34b4f559
0000035f4ca667f9
0000035f6e797859
0000035f7c030579
0000035f9efa54f9
0000035fa1ec57f9
0000035fb9ce01b9
0000035fdba1ce19
0000035fdba1dff9
000006c05d307361
000000000267bc71
0000000000000181
0000036051451919
000003606bf0a2f9
0000036071fa5139
0000036079f0cc39
0000036083ef2439
00000360a35fc719
00000360d86a5559
0000036155b07739
00000361a6a8e2d9
00000361f1af9b39
00000362216a65f9
0000036241636ed9
000003625a6e7179
00000362a42f3fb9
00000362a8d48c19
00000362aa4ac039
00000362b03f7859
00000362d6b1efd9
00000362ed714c59
00000362f03908d9
00000362f0391fd9
00000362f9e943b9
0000036315ffc299
0000036320515319
000003632c5f2559
000003635646d7f9
00000363653661b9
00000363709a30d9
000003638dd81fb9
00000363a4f8e0d9
00000363a4f90c19
00000363df72d619
0000036411e30479
0000036418361419
000003643b71f3d9
00000364558b75b9
0000036467d2acf9
000003646f606f59
000003646f6659b9
000003648b21bfd9
00000364926676d9
0000036496ddb899
000003649b8c2779
000003649f8c3759
00000364e11428f9
00000364f57a5bd9
000003651407f279
000003652ac678f9
00000365345aa799
00000365345abef9
00000365429c0399
0000036549e133f9
00000365629068d9
0000036571f8f3f9
0000036589121ef9
0000036595d99b79
00000365a71c7af9
00000365aba24119
00000365c0c79bb9
00000365f045d2d9
000003661425a759
000003666bb42b59
000003666bb445f9
000003666d7fde19
000003667caaa2d9
000003667caaab79
00000366c3d43f99
00000366d3f8ce79
00000366ecd58119
00000367097f57f9
0000036785045d99
0000036792f00159
000003679f527619
00000367ae4d7999
00000367cb678499
00000367ed982f79
00000367fae3e4d9
0000036815485f79
0000036822414659
000003682fb59c79
000003683f9b6959
000003684068d299
00000368458e7239
000003684f4662b9
000003685306a8b9
000003685f31bbb9
00000368a6d0cd19
00000368c759c339
00000368c759d9b9
00000368c773ee19
0000036906541c39
00000369070a6859
0000036927f3aab9
000003692e6a8b39
0000036960827a39
0000036965cad1d9
000006d2fd9b0d61
000000000267bc71
0000000000000181
00000369be66b319
00000369be66bbf9
00000369e057cdb9
0000036a0cd2bcd9
0000036a571b9939
0000036a644731b9
0000036a8b972859
0000036a9eac8819
0000036aa0de51b9
0000036ad2981e79
0000036ad46eba59
0000036ae1ede639
0000036ae7690a59
0000036aec8415d9
0000036b1f141819
0000036b38ca3d19
0000036b547fae59
0000036b6325d159
0000036b6a61a039
0000036b6a61af79
0000036b6eae08b9
0000036b8d5282f9
0000036b9e4be5d9
0000036bc2055bb9
0000036bc8b9ea79
0000036bcafcddb9
0000036bcff53d99
0000036bd72b60d9
0000036be121ffd9
0000036bf628d859
0000036c0db722d9
0000036c127b7ef9
0000036c4b5a4639
0000036c573a2c19
0000036c6ed3c0b9
0000036c752460d9
0000036cbe52e439
0000036cd74d5319
0000036cf51345d9
0000036cf5135b59
0000036d303a88d9
0000036d7c60cbb9
0000036d7e2491f9
0000036d9ee315d9
0000036db3543af9
0000036db3549cd9
0000036db354a6d9
0000036db354b7d9
0000036db71bbb39
0000036db83af5b9
0000036dca36da19
0000036df621b459
0000036dfca1b6d9
0000036e3100ce39
0000036ea1fc59d9
0000036ea3fa0a79
0000036eba2097b9
0000036ecb46d8d9
0000036ece485f19
0000036ed1596db9
0000036ee798b759
0000036f46c26959
0000036f54be7199
0000036f54be7a59
0000036f6f22cb99
0000036f71385db9
0000036f7aeeb7b9
0000036f82034999
0000036fbd8518b9
0000036fc37c69d9
0000036fee193ed9
0000037006dbb0b9
000003702d4d0a19
000003703e2784d9
0000037040802959
00000370457afd39
0000037052df7c59
000003705629c399
000003706c042f99
00000370857071b9
0000037089be3a39
000003709e603199
00000370bac67d79
00000370d78e0219
00000370d78e0a99
00000371032c9659
000003711ac5a079
000003712ca781b9
000003715fce2bf9
000003715fce3cb9
0000037162654739
00000371948497f9
000003719b995d99
00000371b3f89c19
00000371d6e99b59
00000371ddf9ddf9
000003721d6ea919
00000372218f3719
000003728887db79
000003729970efd9
00000372a59c3ef9
000006e59e05a761
000000000267bc71
0000000000000181
00000372eaf47719
00000372eea62919
00000372f46b0219
00000373364e47b9
0000037348112599
000003735f8b7919
000003736c94e9b9
000003737548d899
0000037380917379
000003738e64da19
00000373b79cdf39
00000373c76236d9
00000373e1a39bf9
00000373ffea2619
000003743997e779
000003746d0f8af9
00000374af79e119
00000374e8027e99
0000037519067439
000003751f005259
0000037542928139
0000037550395679
0000037550ab6f99
00000375645c2d99
0000037577078db9
000003759ff88379
00000375aac2f6d9
00000375ccca60d9
00000375d8d095f9
000003762497e2b9
000003762e901f99
00000376354c6a59
000003764bdd96f9
00000376643859b9
00000376a298ec39
0000037702804859
000003771213e539
0000037712b57ef9
00000377465c81d9
0000037798e47279
00000377ac8f7cf9
000003783540a079
00000378af499c39
00000378b1e76679
00000378bd8903d9
00000378e4e2af19
0000037926c68139
000003796a3f8819
000003798e6fe359
000003799cdbe839
00000379a2cb03b9
00000379dbd15d39
0000037a28387a99
0000037a2aecddb9
0000037a5fef9ad9
0000037a68ebc679
0000037a6f55d459
0000037a83eb48b9
0000037a87b8ec59
0000037a9f0c8999
0000037ad30f4b99
0000037af4742119
0000037b217612f9
0000037b26670bb9
0000037b3c2cf739
0000037badbee6b9
0000037bcdf95f19
0000037bcf941979
0000037be30612d9
0000037bfa19d039
000006f83e704161
000000000267bc71
0000000000000181
0000037c34c6a879
0000037c58ed6559
0000037c5d339c39
0000037c5d9266f9
0000037c8a6c2ed9
0000037c9feacc39
0000037cb57d8839
0000037cc143e999
0000037cd0688159
0000037cd86fa7d9
0000037ce6abf2f9
0000037cf49544b9
0000037cf6ad3b19
0000037d0bd439d9
0000037d389a75b9
0000037d4dd5d2b9
0000037d6a68ebd9
0000037dda7151f9
0000037dddb96319
0000037e153d4d19
0000037e263719f9
0000037e436ba239
0000037e5df8b5f9
0000037e957542f9
0000037e9e61f5b9
0000037e9e6200b9
0000037e9e620239
0000037ef5b45c39
0000037efd055699
0000037f1576c719
0000037f1c12a039
0000037f28d92e39
0000037f2abe0eb9
0000037f3842e919
0000037f3fd7b179
0000037f563b3a99
0000037f885372b9
0000037f9836f139
0000037f9ca65c99
0000037fb27d5559
0000037fb31c4439
0000038047cb7179
0000038077d16319
00000380838828d9
00000380889bddf9
00000380bd07db59
00000380c02da6f9
00000380d18cbb39
00000380e8d585d9
00000380ff2d8279
00000381230c9679
0000038161779339
00000381692a99d9
00000381770f6ad9
000003817a0a2939
000003818f38d3f9
00000381a9829df9
00000381ab8fd899
00000381c7005319
00000381ce5c62d9
00000381ed1fe459
000003823725d619
000003824557b039
0000038263caf0f9
0000038277019a39
0000038278365119
000003827ce56ed9
000003829f406359
00000382c0fe2139
00000382c150d7b9
00000383055570d9
000003833a1ff499
0000038342498759
000003837dd490d9
00000383957851f9
00000383a38c9219
00000383c1ecdff9
00000383c1ed1979
00000383d1f63399
00000383efd47f39
00000383f9c20fd9
000003841d395bf9
000003844d359ab9
0000038456adc8f9
0000038457c43899
000003847539db59
000003847539f219
000003848b80f919
00000384c2997cf9
00000384cd0c8759
000003850a00de79
000003850a00f919
00000385145e7d39
000003851a229519
000003851a9614b9
0000038553bba499
0000070adedada61
000000000267bc71
0000000000000181
000003858b2792f9
000003859fe8b839
00000385ad26efb9
00000385b5793599
00000385c17fe839
00000385c18000b9
00000385cb09b8d9
00000386000eb3d9
0000038617678ab9
0000038628e20b19
000003862b19bb19
00000386373cc259
0000038646e035b9
0000038646e03eb9
0000038654efe859
000003865fa6ad59
000003866ea47ff9
0000038687f7da99
000003869a8434f9
00000386a0d8c179
00000386bff22d79
00000386e0a5e859
00000386e2169179
000003871e6dd1f9
0000038796224519
00000387b05cec59
00000387b3ea8679
00000387b67979f9
00000387c80af579
000003883f73f559
000003888304c419
000003888304d4f9
000003888597d9b9
00000388968488f9
00000388d39f0af9
00000388f0526ff9
00000388f776d5b9
00000388fb624cb9
0000038904326319
0000038978a9bf79
00000389ab885339
00000389c8211b59
00000389d4547419
00000389df7744b9
00000389dfa37959
0000038a721c8099
0000038a7b94fc79
0000038ab693bab9
0000038ac9d236d9
0000038afe35de59
0000038b1a9860f9
0000038b1c1be2f9
0000038b40e09e39
0000038b533273b9
0000038b700a9299
0000038b70afad99
0000038b7b459cb9
0000038b8fa1e379
0000038ba9534d39
0000038bbc1a93b9
0000038bbc1aa399
0000038bdb77c8b9
0000038c53ba75f9
0000038c61347959
0000038c71906459
0000038c9179af59
0000038c91e1ec99
0000038cb60c7299
0000038cb831ecd9
0000038cc9f3c039
0000038cd2cf4b39
0000038cef374919
0000038d122a8339
0000038d1eda2fd9
0000038d351c8ef9
0000038d3a6e41b9
0000038db826e4b9
0000038df750ab79
0000038e1c1ea499
0000038e3aba4f39
0000038e47e77019
0000038eb74ba459
0000071d7f457461
000000000267bc71
0000000000000181
0000038ed7a7e999
0000038ee158f279
0000038ee2923c59
0000038ee2924619
0000038efb49e8d9
0000038f14338c39
0000038f2e73c499
0000038f30c76099
0000038f5e1a3659
0000038f5f2c2559
0000038f8523a539
0000038f993ec819
0000038faa40bad9
0000038faec44379
0000038fc30557f9
0000038fe94e0339
0000038febf68879
0000038ff0c75899
0000038ff5866899
000003901ba1ef79
0000039021c2e8f9
000003903de05679
000003905a68a7f9
000003905afaa1f9
000003905fa92139
000003905fc1d159
0000039063613d19
0000039065f9ef39
0000039090dba6b9
00000390b7671179
00000390b87672d9
00000390c88c7379
00000390d9629479
00000390e8508879
0000039112147f19
000003911214d6d9
00000391162493b9
000003912b7cc379
000003912ddba4f9
0000039142890d19
0000039152b708f9
0000039183118419
00000391c26ebb79
00000391cc072919
00000391ffd134b9
000003920e9facd9
0000039224f3cb99
000003927239f619
00000392d8f4bcf9
00000392d993eab9
00000392e73e6999
00000392eeae77f9
00000393257fc599
000003938b481799
00000393af4f7e59
00000393c0728839
00000393e34fda79
000003941a5d4979
000003941b42d6b9
000003942654d399
000003944ce72f99
000003944ec752b9
0000039466bcecf9
0000039487184439
00000394a0a672f9
00000394a6f17cb9
00000394c7dcf719
00000394cb600859
00000394e3872019
0000039505735a99
0000039511279079
000003952baf25b9
000003952baf3899
000003952c9d96d9
00000395741c21f9
000003958489a539
00000395b4367979
00000395c2cb9559
00000395e25e1bf9
00000395e9e7a3b9
00000395fa5bc439
00000395fa5c4499
000003961f054659
00000396298ef519
0000039639aadfd9
000003964499c699
000003965a574239
00000396774a6739
000003967c031279
00000396c20f02f9
00000396d7f10339
000003971cce3ab9
0000039737aa1419
0000039739f19299
000003975a678099
000003975c50feb9
000003976ac1f5f9
0000039773225f39
000003977ba240d9
00000397a4ac39d9
00000397a5444cd9
00000397fbe3f0d9
000007301fb00e61
000000000267bc71
0000000000000181
000003980fba2f99
0000039812768fb9
000003982981ce39
000003984f5b3179
00000398cbf9f6d9
0000039986551399
0000039986588eb9
00000399bf023479
00000399e41c7fd9
00000399f489fb19
00000399fc7348b9
0000039a148d7799
0000039a1b578799
0000039a2cf49099
0000039a4cd8d199
0000039a5a22a3d9
0000039a60c337d9
0000039a7c805599
0000039aaffd9a19
0000039ae4727299
0000039b298be0b9
0000039b2e85dfb9
0000039b3bc38659
0000039b40004059
0000039b558637b9
0000039b5d2800f9
0000039b77a53d59
0000039b86739c79
0000039b995e7f99
0000039c230a7719
0000039c523bd659
0000039c53e6bdf9
0000039c54274ed9
0000039c55f3a859
0000039c608a91b9
0000039c9deeccb9
0000039ca3221499
0000039ca65994f9
0000039ca74a19b9
0000039caa3259b9
0000039cabcec519
0000039cc278aaf9
0000039ce3509399
0000039cea337239
0000039d0b6c9059
0000039d0b6c98b9
0000039d53591419
0000039d6443fa59
0000039d7f6ea639
0000039d86f46c19
0000039d8772f379
0000039dfa2e1d59
0000039e073a0ab9
0000039e31d35179
0000039e6fe10019
0000039e7c1638f9
0000039e967f6119
0000039e98fdda59
0000039ea0e962d9
0000039eb3cca039
0000039ec56667f9
0000039ef2e93a99
0000039f2dd2b379
0000039f4b08f299
0000039f635794f9
0000039f7307d059
0000039fa9af6eb9
0000039fcfcc70b9
0000039fdcd350d9
0000039fe858ab19
000003a001f32039
000003a024c3fa59
000003a03685f599
000003a0447b1f39
000003a059b06d79
000003a070d29139
000003a0859f20f9
000003a0a4148cf9
000003a0b19a3ab9
000003a0f1c7ce79
000003a105b4f359
000003a129c7f6d9
000003a139829a39
000003a1445d10d9
000003a1482f6fb9
000003a14e28b119
000003a159dbfd99
000003a159e84f99
00000742c01aa861
000000000267bc71
0000000000000181
000003a1609107b9
000003a1700f10f9
000003a1747dde59
000003a1856f82d9
000003a1879fdf39
000003a1a7e63cd9
000003a1ad38e819
000003a1f40bbfd9
000003a1fd774619
000003a208919299
000003a2358fd4f9
000003a23f389859
000003a2516294d9
000003a28d3f2839
000003a298e71c59
000003a2acaa6bb9
000003a2b589dfd9
000003a2cbdaf699
000003a2d0b61039
000003a2da94cb99
000003a2e0f31899
000003a32cbe9f39
000003a33c82afd9
000003a3408cd739
000003a3c37ad999
000003a3cca756f9
000003a3e17d5419
000003a400851399
000003a4126c4779
000003a42612e6f9
000003a42612fc39
000003a434498ab9
000003a43cc50b39
000003a45344ac39
000003a45344adf9
000003a45895a479
000003a45e446a39
000003a46c47a8b9
000003a4798d1419
000003a4b4bfb9f9
000003a4f68b51f9
000003a4fc2789d9
000003a51b943ed9
000003a52a88c459
000003a52a88d979
000003a52a88e399
000003a52a88e8b9
000003a53bb6a7d9
000003a563517099
000003a56bea66b9
000003a5a5813db9
000003a5ad970519
000003a5c33f5939
000003a607f9ce39
000003a61075ec99
000003a61dd40b39
000003a628cb9479
000003a63de43e19
000003a684fd7279
000003a6c30dc399
000003a6c6cd8479
000003a6c8d04359
000003a6d6019379
000003a6f8cf3dd9
000003a6fd9e3d79
000003a70f93da19
000003a723ce9499
000003a758a3e019
000003a758f858f9
000003a767364e19
000003a76c3a5959
000003a7878ea7b9
000003a79cedb959
000003a7b890ebb9
000003a7c2884539
000003a7db4a6d39
000003a7db4ac6f9
000003a7f2db5b19
000003a7f3ffcb99
000003a802a89819
000003a8332370b9
000003a855f2e0f9
000003a871e95b19
000003a8766199d9
000003a876933879
000003a892088b39
000003a89ce0d279
000003a8a6aa9eb9
000003a8b54dfbb9
000003a8cb87daf9
000003a8cea8d479
000003a8d02c6119
000003a8e0fbc8f9
000003a8f95acdd9
000003a9026662b9
000003a90c75dd99
000003a921bbef59
000003a92dfbb879
000003a92dfbccf9
000003a92dfbdd99
000003a9625a2af9
000003a96d5f3bd9
000003a979959fb9
000003a9b156c9b9
000003a9bef37619
000003a9d751e6b9
000003a9ec3ebe19
000003aa281eb319
000003aa7b75cfd9
000003aa7c30d639
000003aa91453659
000003aa9a7b0c59
000003aaa57fa959
000003aaa57fc599
000003aaa80677d9
0000075560854261
000000000267bc71
0000000000000181
000003aaf3b1ca79
000003aaf3b1d359
000003aaf971af39
000003aafa9f6879
000003ab4d0a3639
000003ab4d0a43b9
000003ab64fb0b59
000003ab7a91f919
000003aba6594199
000003abc153dfb9
000003abc3e138d9
000003abc7d79cd9
000003abe68eb259
000003abee2f6159
000003ac2247a219
000003ac42416d79
000003ac4d080d59
000003ac6281f319
000003ac63765299
000003ac6d21da99
000003ac747506b9
000003ac812abd79
000003ac888022d9
000003ac9dffee59
000003aca48de679
000003acadb8b859
000003acc137dab9
000003acf091a239
000003ad13483bd9
000003ad1b84e7b9
000003ad5330e739
000003ad85b5d499
000003ad8f248f59
000003ada4b20239
000003adb04239d9
000003adb558c9b9
000003addb5df2b9
000003ade593a979
000003ae41b79b39
000003ae44dd6b79
000003ae53b69539
000003ae827d51b9
000003aeb49c7719
000003aeffe5e9b9
000003af118a7399
000003af19d6e199
000003af36e3b0d9
000003af39d4bcb9
000003af4844b559
000003af4844ca99
000003af83b51459
000003af91923979
000003afa686f1b9
000003afa6c3d5b9
000003aface03459
000003afbc2acf79
000003afc146bab9
000003afde36e7d9
000003afdeabadd9
000003aff6510db9
000003b00e6ef879
000003b02291f159
000003b043e0c8f9
000003b045462c79
000003b04565f8d9
000003b04eb33079
000003b05847a859
000003b05d3e8f19
000003b071262db9
000003b081200e59
000003b0a3f1e439
000003b0aa34d139
000003b0b7d14f99
000003b0da783e39
000003b0daa7d699
000003b1092edd19
000003b1092ee719
000003b11f6fe659
000003b1240a9db9
000003b14300f6f9
000003b14795c9b9
000003b14f0afd99
000003b151fa0b59
000003b1548beb59
000003b154905f59
000003b173c40279
000003b17efdbef9
000003b184f1c9b9
000003b189c8b839
000003b1cec8ee99
000003b1e6500bd9
000003b1eb91cd99
000003b1eeaaa1d9
000003b1f707cd39
000003b1ff8c60b9
000003b2104df499
000003b2152d97b9
000003b22d595b59
000003b24835f5d9
000003b267706919
000003b26ef8b039
000003b273e30599
000003b2b2afeb39
000003b2edf47579
000003b315724eb9
000003b315ae0879
000003b3267ef499
000003b33752d079
000003b347ff9e79
000003b34df8a359
000003b3741896d9
000003b3af5fffb9
000003b3b4dc9839
000003b3dd8c8579
0000076800efdc61
000000000267bc71
0000000000000181
000003b406b05bb9
000003b406cd4159
000003b40ac04db9
000003b40f06bbd9
000003b42abe93b9
000003b44454e079
000003b4466522d9
000003b451fec379
000003b473352a39
000003b48162bff9
000003b48b7104f9
000003b4cd7f31f9
000003b4d6e32239
000003b4ea94fa79
000003b4fa523579
000003b50e9f6db9
000003b513122eb9
000003b51535f2b9
000003b54c3df499
000003b56045e9b9
000003b5708c1cb9
000003b5724b1c99
000003b594ed5859
000003b5a45753d9
000003b5d5ae2679
000003b60efe7579
000003b6397b3cb9
000003b641ca1939
000003b65ad25a99
000003b6870d39f9
000003b697255bd9
000003b6972577f9
000003b697afd599
000003b6a4d33239
000003b6a79691b9
000003b6f0123039
000003b72c07cb19
000003b749765d19
000003b756810d19
000003b76e8cd259
000003b7b05aeaf9
000003b7bc95e0f9
000003b7bc95f0d9
000003b7bf2de4f9
000003b7c0003379
000003b7de96a0f9
000003b7feb0fb59
000003b8223843d9
000003b82cbb7d79
000003b852dfb0f9
000003b8b2533b39
000003b8b73cddd9
000003b8d00185b9
000003b8e25a5379
000003b8e6712ab9
000003b8f0278879
000003b908370399
000003b92d766939
000003b9318ddb99
000003b935359699
000003b9518be499
000003b96235d819
000003b96235f959
000003b969c4cb39
000003b9747dacd9
000003b9b4dfe579
000003b9bd12be59
000003b9c3499079
000003b9c6b3f519
000003b9c8437f39
000003b9e8151c99
000003b9fff2dff9
000003ba059c7739
000003ba075c3d79
000003ba0ed0a739
000003ba154113d9
000003ba2375f0b9
000003ba237604d9
000003ba271884b9
000003ba339fce99
000003ba853540f9
000003ba8ce5d119
000003baa52884f9
000003bad72a24b9
000003baf2da9299
000003bb72e94819
000003bbbd824cb9
000003bbbe9fa1d9
000003bbf11e9df9
000003bbf7ac74d9
000003bc01661e79
000003bc06546f19
000003bc0b40b559
000003bc284ba639
000003bc400a33d9
000003bc45708299
000003bc4576e119
000003bc570f4459
000003bc970c3079
000003bca2a0b7b9
000003bcb571c099
000003bcba61f879
000003bcdc060899
000003bcdf3438b9
000003bce91410f9
000003bd28dcaa99
0000077aa15a7661
000000000267bc71
0000000000000181
000003bd5e8361f9
000003bd71802719
000003bd71805839
000003bd9da0d539
000003bd9da0f459
000003bda092e3d9
000003bda6266f39
000003bdbdacc6f9
000003bddb8d4259
000003bde37bca59
000003bde42c9ad9
000003bdec16dfd9
000003bdf2caad59
000003be3dbc4f99
000003be47dc06b9
000003be518c2a99
000003be54e9ba19
000003be65dab479
000003be6876e999
000003be6c99ff79
000003be7646b019
000003beae41d839
000003bf033931b9
000003bf067b84d9
000003bf950c5d79
000003bfac4c5119
000003bfb62b09f9
000003bfdca31e99
000003c025f4b459
000003c03fdd6fb9
000003c05d358799
000003c05d8c5299
000003c096a296f9
000003c0c8f2edd9
000003c0d206a1b9
000003c0d30a4299
000003c0d39c5299
000003c10c97d439
000003c11b3500b9
000003c1200305b9
000003c153740279
000003c1638555f9
000003c16bef4d99
000003c17632a979
000003c176bb1b59
000003c17774c759
000003c186e320f9
000003c1974fcbf9
000003c1974fe019
000003c19c489059
000003c1a552a279
000003c1a5f98939
000003c1b7bbeab9
000003c1db8916d9
000003c207bc2839
000003c21d0ecff9
000003c22031f8f9
000003c22c6f1359
000003c23169f7d9
000003c244e218b9
000003c24b1aedd9
000003c265ed02b9
000003c2b4ea79b9
000003c2c1b231b9
000003c2cfe04459
000003c2e38bf419
000003c30f63f999
000003c30fa12179
000003c33b3ff3b9
000003c35781e0f9
000003c3828cf019
000003c393e0c999
000003c3ac0a2b79
000003c3ad9807d9
000003c4010266b9
000003c4038b1979
000003c4560676f9
000003c4791bdf19
000003c483a409d9
000003c493ec4a99
000003c49ce99ff9
000003c4a0381c79
000003c4bf748879
000003c4e0765679
000003c4ed5b0db9
000003c4fe1af859
000003c51507ecb9
000003c524fe7b99
000003c52b19ab59
000003c52bf73559
000003c55fea4ad9
000003c57b88c479
000003c589982039
000003c590a89fd9
000003c5be980579
000003c5d3173239
000003c5dd91d0b9
000003c5f66e1039
000003c5f86011d9
000003c606fb5139
000003c609503e19
000003c61b94a599
000003c633eed279
000003c63b36a9d9
000003c6426ac079
000003c65ddd2359
000003c66434aeb9
000003c677bca0b9
000003c68fa29db9
000003c69d395eb9
0000078d41c51061
000000000267bc71
0000000000000181
000003c6af898679
000003c6b6f35b39
000003c6b7041419
000003c6ba11ebb9
000003c6f08444b9
000003c70bf4ecf9
000003c71d7f7859
000003c72fb6c6f9
000003c7616df7d9
000003c764dd94f9
000003c7683e7df9
000003c787fae879
000003c7974c4879
000003c79af33db9
000003c79eeb41b9
000003c7c9acdff9
000003c7cdba3459
000003c7e06f3959
000003c801477cf9
000003c801eb80d9
000003c829e2dfd9
000003c83f002c39
000003c85a893299
000003c872411879
000003c8724129b9
000003c89427f039
000003c8b34816b9
000003c8c5e93db9
000003c8cd22e719
000003c9022cd099
000003c90f293d99
000003c921ddc879
000003c9428819f9
000003c94b29aff9
000003c94db3cf39
000003c9513a04f9
000003c97aca64d9
000003c980bb6cf9
000003c9a01bb8d9
000003c9c7249f19
000003c9c8642a99
000003ca019206b9
000003ca1b55aa19
000003ca2c9c93f9
000003ca30e5d319
000003ca30e5d7d9
000003ca40022799
000003ca6e980a39
000003ca87df8e39
000003cacbe1d539
000003caebd67539
000003caed1a0f59
000003caf71667b9
000003cb03d435d9
000003cb2aab5a59
000003cb2ab5d159
000003cb42bd36f9
000003cb63db8959
000003cb70f37e99
000003cb81b708d9
000003cba2ba7359
000003cbbeaac3b9
000003cbd322c0b9
000003cc4a518d19
000003cc4e86c0d9
000003cc73acaf39
000003cc941a02d9
000003cca6a37019
000003cca85aedb9
000003ccde9bd9d9
000003ccf190e9b9
000003ccf28008b9
000003ccf92ded19
000003cd007c32b9
000003cd1c0fa8b9
000003cd1e5ae439
000003cd2bf6a919
000003cd328e57d9
000003cd35366519
000003cd3aa3f6d9
000003cd8b7632d9
000003cd900b6899
000003cd9b059599
000003cda70bc4f9
000003cdbcae6fd9
000003cdd5234c99
000003cdde366239
000003cdde6ff619
000003cde5e27119
000003cdfa67ecb9
000003ce1bd8c119
000003ce45fea279
000003ce631a4d19
000003ce6de77cf9
000003ceadf83ff9
000003cebed1d899
000003cee5c05ab9
000003cee940d8f9
000003cef8f12b99
000003cf1290f019
000003cf1f870b39
000003cf1f870d39
000003cf2e513299
000003cf33eff0b9
000003cf34e81c59
000003cf369735b9
000003cf3b8d6c59
000003cf883f6bd9
000003cf970e7f79
000003cf9a1f8819
000003cfb8a05279
0000079fe22faa61
000000000267bc71
0000000000000181
000003cff92f0e79
000003d03a96f539
000003d03ef86ab9
000003d04d27b499
000003d04eedbaf9
000003d061bf3c59
000003d0627cef39
000003d076ea07b9
000003d0853f5079
000003d0853f6179
000003d0aaf9f8d9
000003d0aafa0b39
000003d0b6a9d2d9
000003d0dc2593f9
000003d0dc25d139
000003d0dc262559
000003d0f34199f9
000003d0f5ccae99
000003d10019a059
000003d10b206399
000003d133b9be99
000003d133b9c0b9
000003d149d140b9
000003d15cafff99
000003d1622c4739
000003d1ca4f3b19
000003d1ece01e59
000003d212972db9
000003d229a522d9
000003d2411796d9
000003d246482e99
000003d24f935759
000003d26bfb4f19
000003d2840ba0b9
000003d294b9d119
000003d29a20ba39
000003d2dd832039
000003d2e6172619
000003d2eecdc159
000003d2f3d4b439
000003d309ccf159
000003d32b4f0ff9
000003d333470c79
000003d37ad3c3f9
000003d39ad5f859
000003d3a09fed19
000003d3a571cd99
000003d3a6106f79
000003d3c12e4d99
000003d414e41e39
000003d41ea422d9
000003d42d57c2f9
000003d4370a2ef9
000003d46c946959
000003d4748c6299
000003d49526f539
000003d4960f7139
000003d4c51dc079
000003d4c9c16e99
000003d4d4ef4fb9
000003d4dd1083d9
000003d4e76d1f19
000003d4fb589b99
000003d503d2cf39
000003d5059d6e79
000003d527411159
000003d540b7d899
000003d565cac5b9
000003d5670c6e39
000003d5681238b9
000003d5681245d9
000003d56b756ef9
000003d5814a3d19
000003d594324c39
000003d59ea73a39
000003d5a4a0f6f9
000003d5aa0e3ed9
000003d5c2893f19
000003d5c2894cf9
000003d5c54b96b9
000003d5d63768d9
000003d606f848f9
000003d60756b139
000003d639e64359
000003d66302ee99
000003d66da6b319
000003d6b69c58b9
000003d6b9268139
000003d6c7fc6159
000003d6d0291299
000003d6fc37e6f9
000003d703d773b9
000003d719340359
000003d734c606b9
000003d73b7fc9d9
000003d73dd67859
000003d76d6dc179
000003d77a721959
000003d781946479
000003d7825ae4b9
000003d7af62e339
000003d7bd47fb79
000003d7d1f7e379
000003d7ffaa53b9
000003d80f488c99
000003d81f8ae599
000003d825096379
000003d863eb36d9
000003d869c61359
000003d86d936ab9
000003d8863edd39
000003d8a5133b19
000003d8b9d78d99
000003d8c52ab1d9
000003d8c8b44ef9
000003d8d2557b39
000003d8d396d3b9
000003d8f8b21cb9
000003d8f96d39f9
000003d9044d8bb9
000003d91538e399
000003d91790a439
000003d91d37fb19
000007b2829a4461
000000000267bc71
0000000000000181
000003d967647f59
000003d97b370919
000003d988ac50b9
000003d9be49b979
000003d9be49c339
000003d9d0e99d59
000003d9d9a7edb9
000003da0e510979
000003da116e1b99
000003da37c0f839
000003da4ca24a59
000003da5ea82df9
000003da8b94b539
000003da998c52b9
000003daa339eb39
000003dac3081b19
000003dac3085059
000003db1898f0d9
000003db1a59f079
000003db2b217219
000003db43e43bf9
000003db49477bb9
000003db49479299
000003db589cd499
000003db66e09599
000003dba2072059
000003dba2072a59
000003dba2c86579
000003dba37f5519
000003dbcef67c79
000003dbdeb6ac79
000003dbf2acf0f9
000003dbf7a0f179
000003dc2406f7d9
000003dc337b5639
000003dc6a0fbd19
000003dc816d2279
000003dcdd815fb9
000003dd2e273d59
000003dd353ed579
000003dd395ac6b9
000003dd521a3999
000003dd5a05f459
000003dd7ca4f619
000003dd7e3b6f19
000003dd8ef08839
000003dd971f73f9
000003dd986197f9
000003dd9a9ac619
000003dda367e499
000003dda916eb39
000003ddaf7671b9
000003ddc9878599
000003ddde4c2019
000003de08c437d9
000003de3ade0079
000003de3ade1799
000003de42c17fd9
000003de43bcc419
000003de577f8219
000003de8e97a619
000003de9013c9f9
000003de95d7b239
000003ded228d399
000003df5b25a3d9
000003df5d86c279
000003df5fac2b79
000003dfb7ab5119
000003dfba8138b9
000003dfecbd8439
000003dff2b5edd9
000003dff619c119
000003dff8eebbf9
000003dffae91ad9
000003e00791b0b9
000003e0336622f9
000003e050797839
000003e056d07119
000003e06632bff9
000003e09442cdb9
000003e098e15b79
000003e0b252a2b9
000003e0cb25d779
000003e0ce2ed299
000003e0d137b479
000003e0d137d059
000003e0d137da59
000003e0e3ec1159
000003e0ee3cf6f9
000003e0f165d499
000003e113540b99
000003e12e2ada79
000003e12f54ccf9
000003e133d861f9
000003e13ffc33b9
000003e14b2d8bd9
000003e14bd9cab9
000003e165d33c39
000003e165d3af39
000003e165d3b0f9
000003e1708447d9
000003e17bd21c39
000003e1951913f9
000003e196fd98d9
000003e1c916a3d9
000003e1c9928619
000003e1df7b0139
000003e1ef0f0819
000003e207626cd9
000003e207de29b9
000003e21c7dfcf9
000003e23407fb59
000003e23e1ada19
000003e259395319
000003e27c8bd219
000007c52304dd61
000000000267bc71
0000000000000181
000003e2b853bcb9
000003e2bb8d3519
000003e2d483c4d9
000003e2dcec22f9
000003e2ee9cbe19
000003e2f43eb2d9
000003e326898f59
000003e32ca9c279
000003e33cb8acb9
000003e3960304f9
000003e3a3b27a19
000003e3ea5270f9
000003e3f1667059
000003e3f87692d9
000003e4826e3e79
000003e489e17e39
000003e4acc4fe19
000003e4ad27b7d9
000003e4f2508299
000003e50ba9b1f9
000003e50ce1de79
000003e528a90fd9
000003e532fce7d9
000003e55de40cf9
000003e589123d19
000003e58d6142b9
000003e5b270c4b9
000003e5bdca5219
000003e5d7a934f9
000003e5dbf40e19
000003e5e77f99f9
000003e5f75fdbd9
000003e662d01ab9
000003e6c0eeb019
000003e6c0eeb1d9
000003e6c51a96d9
000003e6ee55f6b9
000003e6efdc25f9
000003e6f1930d39
000003e732edab79
000003e77845a279
000003e788799079
000003e78b525179
000003e78daa9339
000003e7c9ca7eb9
000003e81a7951b9
000003e831f70b79
000003e84ae088b9
000003e851b2a839
000003e87d2244b9
000003e87ddf2e59
000003e89ba57779
000003e89e8c1059
000003e8b4a7a219
000003e8b68ac3f9
000003e8bd9ae4b9
000003e8d483a519
000003e8d968efd9
000003e8dd7c6d59
000003e8deccc6b9
000003e8deccc859
000003e9000842d9
000003e91e244a19
000003e92c02b619
000003e9352cbf99
000003e936b9aed9
000003e962da7659
000003e96b30e6d9
000003e981b61b19
000003e98709d359
000003e9e06206f9
000003e9f1f75b99
000003ea6ac5bbf9
000003ea90a34e39
000003ea9e7fa519
000003eab47fdf39
000003ead35b4539
000003eadec6f139
000003eb4e8f3039
000003eb5cf468f9
000003eb7c31c519
000003eb841d2f99
000003eb8a881f59
000003eba142cb79
000003ebb223c639
000003ebb95e6339
000003ebd2c493d9
000007d7c36f7761
000000000267bc71
0000000000000181
000003ebe9306039
000003ebede6c6f9
000003ec1cba0919
000003ec2dfd4ed9
000003ec5d367b19
000003ec69538639
000003ec8687ebd9
000003ec9f5a2fb9
000003ecae9fa279
000003ecb0dd5d99
000003ecb611eed9
000003ecd9136c19
000003ecd91380d9
000003ecdc80eb99
000003ecf1edc499
000003ecf96ee3f9
000003ed1a845b59
000003ed294a9179
000003ed3dfe44b9
000003ed86b68e59
000003ed8ff70af9
000003eda8b87079
000003edb14f5ef9
000003edba607879
000003edc6ab9199
000003edec118319
000003ee10904779
000003ee16406bb9
000003ee2797d759
000003ee42359ed9
000003ee558d4ed9
000003ee5c91beb9
000003ee9c008819
000003eee414aa59
000003eee6f87a59
000003ef4102d039
000003ef4a425b59
000003ef4ea03219
000003ef6909de19
000003ef69bcbb79
000003ef6ebcf659
000003efa6b0fcb9
000003efa79f2479
000003efe0d5a1b9
000003eff58afef9
000003f00602b259
000003f010b74619
000003f02f131e59
000003f03992c159
000003f0a10dce59
000003f0bbcf1179
000003f0c0ecec79
000003f0c3948ad9
000003f0ce7d33f9
000003f106e16cf9
000003f13f19fc59
000003f146cb9d79
000003f14f16b759
000003f15e1cbd39
000003f16edd96f9
000003f1853d62b9
000003f18f5e20d9
000003f192073b99
000003f1e05b5a39
000003f1e6cd02d9
000003f1e8735c99
000003f1e98374f9
000003f1e9838cf9
000003f20a4dff99
000003f21ca2c639
000003f23ecefc99
000003f25324a819
000003f259232399
000003f260a99e59
000003f26e6cc339
000003f2a06784d9
000003f2a2f1b6b9
000003f2f74f0999
000003f2f939d939
000003f2fa2336b9
000003f2fc043379
000003f327468a59
000003f358184899
000003f38256a099
000003f3957703d9
000003f39fea8319
000003f3d9a6b599
000003f3d9a6cb79
000003f44d808db9
000003f4532e2bf9
000003f455edf979
000003f4686c9039
000003f4c7a4b519
000003f4cb18f7f9
000003f4f956fc59
000007ea63da1161
000000000267bc71
0000000000000181
000003f567e85059
000003f575f8c2b9
000003f577233a99
000003f5a3f96fb9
000003f5a6726af9
000003f5b6972c19
000003f5b7a8f2f9
000003f5b989e7f9
000003f5c3403679
000003f5e0a65bd9
000003f5e888bdf9
000003f62e41ec19
000003f6400e4459
000003f65c0886d9
000003f69e0d8619
000003f6ab032cd9
000003f6ab033639
000003f6b207e419
000003f6cc6021d9
000003f6e7122df9
000003f6f60f7219
000003f70d3ace19
000003f722f6e759
000003f777ad9f39
000003f77c29bc39
000003f79a039c79
000003f7ae293199
000003f7b2eae279
000003f7fa14e279
000003f7fd04d059
000003f84263bb19
000003f851109df9
000003f85b0bc599
000003f862213899
000003f873b6f079
000003f8811ba7f9
000003f8c8c0de39
000003f8ed8706d9
000003f8ed870879
000003f8f660cb59
000003f8fe755539
000003f902c15259
000003f935fd70f9
000003f938fc5d19
000003f93c6d0479
000003f961793df9
000003f996e59919
000003f9ac7d9919
000003f9b6c3a8f9
000003f9c4877b39
000003f9dc6edf99
000003f9e094d879
000003f9e9974d59
000003fa2e8059d9
000003fa3188d619
000003fa45da95f9
000003fa6073ea59
000003fab510a539
000003fac09406f9
000003fac1ee0bd9
000003fae3868b99
000003fb16fb2259
000003fb183ff899
000003fb19702439
000003fb2629e179
000003fb444d8019
000003fb50581079
000003fb525f2bd9
000003fb5307cd59
000003fba7c71bd9
000003fbc58648f9
000003fbd3853139
000003fbec628f59
000003fc0cd90b19
000003fc315325f9
000003fc8978ccb9
000003fc8a1d0399
000003fcb5787119
000003fcca733f79
000003fcd3211299
000003fcd542aab9
000003fcf3627db9
000003fcf70de5f9
000003fd04d4b079
000003fd3fa0a8b9
000003fd9c36c259
000003fdab899719
000003fdb9339f39
000003fdd21dad39
000003fdd62dcdd9
000003fdf92b24d9
000003fe0a651a19
000003fe13ff3e59
000003fe13ff4f19
000003fe2095df19
000003fe42a19eb9
000003fe49b97e79
000003fe6b4a73d9
000003fe80d05019
000007fd0444ab61
000000000267bc71
0000000000000181
000003fe86c97759
000003feb9887179
000003fefe99c019
000003ff1c04edf9
000003ff20ca0b39
000003ff26ecd559
000003ff410d5699
000003ff410debd9
000003ff62b1b459
000003ff7a8dd079
000003ff9484ef39
000003ff9a7c2779
000003ffb469c819
000003ffc0aba959
000003ffdfe14c79
000003ffedbd0279
000003fff3694fd9
0000040030f2f039
0000040052e87519
0000040057b94cd9
0000040063760df9
000004006d5f11d9
000004008a450899
00000400953016b9
00000400adc4d439
00000400b3115899
00000400da1b1299
00000400f80dd6f9
000004010cb55439
000004013316ddb9
0000040140fc6b59
00000401416aacf9
0000040147a011b9
000004014d8d6719
000004015159f5d9
00000401880bafb9
000004019df650d9
000004019fe1e7d9
00000401bf2b1539
00000401ccf5dd99
00000401e7a6a419
00000402072dfbd9
00000402133bba99
00000402154cded9
0000040218b45639
00000402349cd059
000004023abd04d9
0000040242445359
0000040245f869f9
000004025845c5b9
0000040284e11779
00000402eab544f9
00000402f42e4d59
00000402fef367d9
000004030e0407b9
0000040314ae26f9
0000040314ae4399
0000040314ae4db9
00000403338b0b99
000004033b7b0679
000004034c53e839
000004034d6350d9
000004037f32c119
000004038ea5d0d9
000004039cdabb19
00000403d36404b9
00000403d6e10d99
00000403d7002d39
00000404580ced59
000004048e5515b9
000004048e552b39
0000040497ce3019
000004049f9bfc79
00000404c3562399
00000404caf85019
00000404e63facf9
00000404f1295199
00000405048010d9
00000405212c6df9
000004052b2cd399
000004052b663bd9
000004052d4da2f9
00000405347aac79
0000040551b25299
0000040551b26339
0000040551b26d39
00000405652c6c79
00000405759bf1f9
00000405799898d9
000004058b1df9f9
000004059b048319
00000405e5bb1859
00000406030721b9
000004060423d1f9
000004062860e219
000004065f264af9
0000040660f810d9
00000406732755d9
000004069ddc5219
00000406ae7d4419
00000406bafdc919
00000406e381a059
00000406e6061099
00000406ea9de659
0000040716d75699
0000040716d75ed9
0000040721c8d919
000004072550c519
0000040741fdc839
0000040749b67979
000004075314e699
00000407824661f9
00000407b67dd3f9
0000080fa4af4561
000000000267bc71
0000000000000181
00000408104a1199
00000408104a3059
000004082dfe71b9
00000408354a3879
000004086b8f3ff9
0000040873dc9279
000004089ac28b19
000004089f47a7b9
000004089f47bc19
00000408b76fbf39
00000408e5ca8359
00000408ebe9e3f9
00000408f8a83cb9
00000409104949d9
00000409388d7df9
00000409439cec19
0000040971253d59
0000040989381079
00000409c6f4c4d9
0000040a0c9d4dd9
0000040a2ab34f59
0000040a2ee12919
0000040a2fcfe7d9
0000040a35814b99
0000040a51dc7ed9
0000040a5746edd9
0000040a682a4bd9
0000040a73d9bab9
0000040a7b9217b9
0000040a98e95f59
0000040aaaf680d9
0000040aac6659d9
0000040ad3b84199
0000040adac0ddb9
0000040add976599
0000040ae01b29d9
0000040ae05fa2d9
0000040ae05fa459
0000040af533dcb9
0000040af7ecc399
0000040b32948859
0000040b7109e9f9
0000040b725dfaf9
0000040b739eebf9
0000040bae32fe19
0000040bc3d1f579
0000040c0ba79d99
0000040c0e8d15d9
0000040c1492d0d9
0000040c1c8e51d9
0000040c1fd5d8d9
0000040c98fc8519
0000040c9cd111f9
0000040cb13c8d39
0000040cc5725279
0000040cee6f4879
0000040d388c07d9
0000040d39fb1a59
0000040d8b40b6f9
0000040d8fe8e2b9
0000040da336f759
0000040db0a60959
0000040dd96ecd59
0000040de816cff9
0000040e02419eb9
0000040e1352f879
0000040e1e5e19d9
0000040e2465be59
0000040e252f1cf9
0000040e274db599
0000040e407dd4b9
0000040e49893659
0000040e49894699
0000040e732fe0f9
0000040e78bccb79
0000040e7d095439
0000040e90319499
0000040eb4365399
0000040ecf4f63f9
0000040f1d5da1d9
0000040f2ad25039
0000040f2c5b0139
0000040f36e03fd9
0000040f3fd43019
0000040f4d7dcfb9
0000040f75001719
0000040f8b480bd9
0000040f9de29f99
0000040fa392f059
0000040fb19582f9
0000040fbebd83f9
0000040fcb4ad619
0000040fe77509f9
000004100650aa79
000004100eb7dd39
00000410385f3bb9
0000041042884479
0000041043e53ab9
0000041050801759
000004106ee33579
00000410a4573e39
00000410c0f59d99
00000410d48ff499
00000411144f2bb9
000008224519df61
000000000267bc71
0000000000000181
000004113ebda419
000004115e4a4979
00000411635ab619
000004119f692cf9
00000411a197db59
00000411b6320a19
00000411fa8c7e59
000004120043d819
0000041202d65539
0000041224ceeab9
0000041241b9e679
0000041241ddd539
0000041254d02e79
000004127a33ec79
0000041290e44d79
0000041299179319
00000412bbf571f9
00000412c63f54b9
00000412d279def9
00000412d73bc879
00000412da78b4f9
00000412f9c19a39
00000412fbe5e399
0000041314cffa59
00000413260f74d9
0000041380aa0f59
00000413d47aa579
00000413fb0aa2b9
0000041418344659
0000041418346719
0000041418346959
000004141fac9ab9
000004142af48179
000004143a081579
0000041440d4b999
0000041440d4c3b9
0000041440f50199
00000414443211b9
00000414d1a56599
00000414d5fa6559
00000414dead3399
00000414f36644b9
00000415007d0819
0000041509210ad9
000004156e05f859
00000415817545b9
00000415874f1799
00000415d0206b59
00000415d0207fb9
00000415ec2fa639
00000415f7245c19
0000041610c45ed9
0000041619b84299
0000041649976919
000004164deda139
000004165e4352b9
000004165fee98d9
00000416657e5279
00000416949cbdf9
000004169c471e79
000004169d799119
00000416a78c89b9
00000416a78c97f9
00000416f71df9f9
00000417018c3e19
000004176ddc13b9
000004176e13f859
00000417b924a239
00000417c74d1f19
0000041802173199
00000418b34854b9
00000418fbf390d9
000004190b626e59
000004192cc0be99
00000419382b0e19
0000041973823d19
0000041976e60e99
00000419877870d9
00000419b2896999
00000419b28988f9
00000419b2899959
00000419b289a359
00000419cc2bc079
00000419cc2bca39
00000419cc2bd319
0000041a07180d59
0000041a151b9319
0000041a179f20b9
0000041a2415a0b9
0000041a37bc7559
0000041a43792b79
0000041a48966ad9
0000041a4a83e719
0000041a51a85199
0000041a6e715e99
00000834e5847961
000000000267bc71
0000000000000181
0000041a790d69f9
0000041a83cf19b9
0000041a96fda219
0000041a9a15da99
0000041aa7adc999
0000041aad8c7f79
0000041adef19f79
0000041b02fe73b9
0000041b2ed6bed9
0000041b51ae3499
0000041b6a6ed419
0000041b7fea1b39
0000041b8196b239
0000041ba7e9a199
0000041bae238839
0000041bb8fd9979
0000041bc9b0e259
0000041bcb538699
0000041bcb5388b9
0000041bcb538ff9
0000041bffdf4559
0000041c1187fb79
0000041c35c8a839
0000041c4b12fa19
0000041c5124a3b9
0000041c72531e79
0000041c86ad9e59
0000041c984c0e59
0000041cb9e32ad9
0000041cbf1291b9
0000041cd651c0f9
0000041ce9624c19
0000041cfe13c5f9
0000041cfee7c159
0000041d012021d9
0000041d28cbe919
0000041d2a489fb9
0000041d5ccf32f9
0000041da2b567f9
0000041db79252b9
0000041dbfb41419
0000041dbfb42559
0000041dc2a0b359
0000041df570b7d9
0000041df6cd0c79
0000041e0332e919
0000041e1b394fb9
0000041e436d3639
0000041e46479df9
0000041e4f1e61b9
0000041e77abb279
0000041ea15c55b9
0000041eaa416559
0000041ec390b5b9
0000041ed1145539
0000041ed29f6a39
0000041eedd3abb9
0000041efd3273f9
0000041f79970319
0000041f79971719
0000041f9cb911d9
0000041faef7b739
0000041faef7d219
00000420032458f9
0000042004cbc839
00000420353fc619
0000042040fc7619
0000042062630bd9
000004206c0c6dd9
000004207e11b9d9
00000420f34d7899
00000421058d3359
0000042109fda519
00000421247b7f99
0000042140fc3519
0000042140fc41f9
00000421613c70d9
0000042176be7d99
000004217d12e759
0000042183b5b359
00000421890f8579
00000421a6b0e7b9
00000421a7014b99
00000421b4a52b39
00000421be5da099
00000421d0786199
00000421e4847119
00000421e91b2119
0000042261f1d6b9
000004226532cc79
0000042289e97319
00000422a0a4f4d9
00000422a9c362b9
00000422b7216259
00000422ce7c2c59
00000422ce7c3e99
00000422d38347f9
00000422da8d5bf9
00000422da8d5db9
00000422da8d6e79
00000423051e0e39
00000423440c13f9
000004234c65a1b9
0000042367a8eb59
000004238bfaddf9
000004238fc55b99
000004239def8ef9
00000423a4437559
00000423b41ccc59
00000423b6f84e39
00000423bd6c8279
0000084785ef1361
000000000267bc71
0000000000000181
00000423cf4da6b9
00000423cf4db559
00000423cf4dbf59
00000423dab1a099
00000423ded3f979
00000423e0c8c879
00000423ecc05419
000004242f343d79
0000042452ba4eb9
000004245cf3c3b9
000004247abed099
00000424c1e76d79
00000424c74aef59
00000424e7215d19
00000424f5559b59
00000424f555a559
00000424fdefc999
000004250e2bc759
0000042519972ff9
000004252a90e7d9
000004254ae4cdb9
000004255c5cee99
0000042561120cf9
0000042569c25a99
000004258fff98b9
000004259542c239
000004259bef7119
00000425a389c739
00000425cb754e79
00000425e32ce6b9
000004261f37c0d9
000004262e7d4b19
0000042631e9d5d9
000004264c0069b9
000004264fd61ad9
000004267c972439
0000042698918b79
00000426c1d38659
00000426cf7f3819
00000426d9d50ff9
00000426eefc8379
000004270ec76a79
000004271156ae99
0000042716d71a79
0000042725141439
000004273156f8d9
000004274b9f7379
000004276454e7f9
000004276454f0b9
00000427734214b9
0000042779dfd739
000004279781c139
00000427b9a0c639
00000427d0fa2859
00000427e0dffc19
00000428058d7ab9
0000042880851839
000004288bebd319
00000428a3e40a79
00000428aa263759
00000428fac65699
00000429025f7e59
00000429055f3739
0000042921af2e19
000004292ef7fc19
000004295f8fa0b9
000004296a968d19
000004297c56ac99
0000042986f8fef9
0000042986f916d9
0000042986f91899
0000042986f920d9
000004299de80fd9
00000429bef45459
0000042a07276259
0000042a076516d9
0000042a315f13f9
0000042a4c53ccd9
0000042a51ea23d9
0000042a5a303e19
0000042a8258c219
0000042a9c62edb9
0000042a9eb5d779
0000042afbc8f4b9
0000042b10b0cf39
0000042b195eba19
0000042b1afeb1f9
0000042b1afebbf9
0000042b28fa73b9
0000042b37901a39
0000042b4665e319
0000042b5edc8499
0000042b7e0fd3f9
0000042b89f004d9
0000042bc7929c79
0000042bcc2a4119
0000042bce644459
0000042be3a467d9
0000042bee1b2a79
0000042bf9396579
0000042c035c36f9
0000042c03d9e799
0000042c1e323d99
0000042c637f5dd9
0000042c8513aa39
0000042c866063d9
0000042ca976ec99
0000042cbeb541f9
0000042cc93fe979
0000042d10813d39
0000085a2659ac61
000000000267bc71
0000000000000181
0000042d50fcd319
0000042d5dc74219
0000042d89113479
0000042d89113859
0000042da0ad5bb9
0000042db002b9d9
0000042ded482339
0000042e0e15fe19
0000042e43b4dbf9
0000042e59053b99
0000042e5b21c919
0000042e65b600d9
0000042e6f755239
0000042eae797c59
0000042ed21475f9
0000042ed69bc499
0000042f07351f39
0000042f1e514bb9
0000042f431cae59
0000042f70729df9
0000042f94536d39
0000042fa48c6339
0000042fa48c7479
0000042fa48c7719
0000042fb47dc719
0000042fc17eb619
0000042fc6a84e59
0000042fd77964f9
0000042fe858dc79
00000430015fdf79
0000043004a54579
000004300dd2adb9
00000430720c8159
000004307f61ef79
00000430a5439bb9
00000431027081b9
0000043112ea10f9
0000043146616d59
00000431691e8e59
0000043180485719
00000431ae67e619
00000431b4843899
00000431d4ac91d9
0000043207f99bf9
000004322ef1ebf9
000004326b4ecd79
000004328ca8ceb9
00000432ae3f25b9
00000432d6cfb299
00000433000e7499
0000043302fb1ef9
0000043325a7c179
0000043325a7d0b9
00000433494c0839
00000433590b0d59
000004336ab28b59
0000043371aca899
000004339de2d159
00000433d7155559
00000433df03fdb9
000004343e5399b9
000004344cf65eb9
000004347b9c8a99
0000043494bacdb9
00000434c1218ed9
00000434caa18ed9
00000434d1b66a39
00000434df1b3339
00000434e6eb2579
00000434e6eb3759
00000434f5e0c1d9
0000043506b3a839
0000043506dedbf9
00000435465a2219
0000043548bc3339
00000435533149d9
0000043562018139
0000043577420c39
00000435b1adbb19
00000435b54f1059
00000435cf42a439
00000435d8c7e419
00000435e17c43f9
00000435e8d65999
00000436352c1039
0000086cc6c44661
000000000267bc71
0000000000000181
000004369fb7fe79
00000436ad281059
00000436aecb5619
00000436dd67dc99
00000436e054d2b9
00000436fa697b39
00000436fa699319
000004371ce48619
0000043732cf2f19
00000437a58c5959
00000437a8de9259
00000437bee02799
00000437cbf0c779
00000437e0aa15f9
00000437ed5bd9d9
00000437efc91419
00000437faf2d319
0000043828afdc19
000004383f8b8259
000004385bf1be59
000004387b880139
000004388b2e9f79
0000043897118d39
000004389b146e19
00000438ae76da19
00000438db017519
00000438e2095799
00000438f0a57d99
000004390c9da4d9
00000439123f2db9
0000043923083139
000004393a943199
00000439489f0219
00000439489f4439
000004394a3db499
000004395ea3c859
00000439639673f9
000004397dba6e59
00000439d69e3d99
00000439edba7e79
00000439edba8839
0000043a0edcbe99
0000043a137ee119
0000043a283920b9
0000043a32496d19
0000043a5b814559
0000043a7e6da199
0000043a946d53f9
0000043a9ba73759
0000043adef4c359
0000043ae7f9ef19
0000043aece7d739
0000043b088a1759
0000043b159a9639
0000043b19d527b9
0000043b347525d9
0000043b3561e1d9
0000043b3d78ae19
0000043b602993f9
0000043b9b9593d9
0000043baecb8dd9
0000043baf6b5659
0000043bb4fca3d9
0000043bde4579b9
0000043be6cf16d9
0000043c15439cb9
0000043c2bcd5159
0000043c436e96d9
0000043c4b1c72b9
0000043c5253adb9
0000043caf670099
0000043ccaf2aa99
0000043cd1f03739
0000043cea1b6b19
0000043cef382939
0000043cf8278839
0000043d151ceed9
0000043d27dd3719
0000043d28626099
0000043d6da776d9
0000043d71d7baf9
0000043d8dbad899
0000043d97a49299
0000043dc4b91579
0000043dc8b1a1b9
0000043dfa327cf9
0000043e39fcacb9
0000043e42521c79
0000043e443fe0b9
0000043e9c962b79
0000043ea98a9759
0000043ebf1e7479
0000043ebf1e7659
0000043ed6a06319
0000043ee1d41bb9
0000043ee1d43e59
0000043ee78aac39
0000043eee247939
0000043ef3460059
0000043f01e59f59
0000043f2a368eb9
0000043f351e8a99
0000043f3f76fc39
0000043f6066de59
0000043fa0b96139
0000043fb1f9a3f9
0000087f672ee061
000000000267bc71
0000000000000181
0000043fd3789079
0000043fdbce5dd9
0000043fdca703b9
0000043fe9554ed9
0000044012930c59
000004401d2eed79
000004402d73d039
000004404a842559
000004405fbe53d9
0000044091a84119
0000044095d6f9d9
0000044097225d39
00000440991ed8d9
000004409ced13b9
00000440d8b05419
00000440e3d38359
00000440fbd91a19
00000440fbf6b739
0000044115f41219
000004411d321159
0000044123417899
0000044181e54339
00000441d5ae8ed9
00000441ef860559
00000442238b1839
000004426ab574d9
0000044277f54ad9
000004428f080259
00000442a9a32359
00000442abcd66f9
00000442ae5ede39
00000442c0f56499
00000442c24517d9
00000442d69c8059
00000442da7135f9
00000442e81f4eb9
00000442ed5c8299
000004430cc486f9
000004431c5c1639
000004434b567a19
000004434efdac59
00000443b3be9939
00000443c8b99d39
000004441277a1d9
000004442bbc3299
0000044461d33479
00000444725e10d9
000004447d54c419
000004447e5842b9
00000444a9809319
00000444ad1bb5f9
00000444c55e9719
00000444c55ea639
00000444c55eb039
00000444c55eb819
000004450dc89439
000004450ed03f39
0000044513224e59
000004452442b039
000004453264a4d9
0000044546d991d9
0000044567fb2c39
000004456fe68df9
000004456fe69e19
00000445b13083f9
00000445b424ce99
00000445db86b819
00000445e9ef8fb9
00000446121dfb59
000004461ddcccb9
0000044637bb7c39
000004463f90d539
000004467d731179
0000044683a81919
00000446b26599d9
00000446d43f2939
00000446e69fd7f9
00000446ec57d939
0000044706d64cb9
0000044713fc6b59
000004471fe6e759
0000044725e6ced9
000004472e632af9
0000044744e74a59
000004474af08459
00000447678f1c59
0000044798a19479
000004479b740059
00000447a27d79b9
00000447d0c9b279
00000447d47efb39
00000447d9121919
00000447e1de7c39
0000044802c22db9
0000044807921c19
000004480dde7f59
00000448158b8b39
0000044843d67fb9
000004485b520859
000004486f735bb9
0000044875def6b9
00000448a8f086f9
00000448b16a7cf9
00000448b815ecb9
00000448ea808779
00000448eb59c819
00000448f19332d9
0000089207997a61
000000000267bc71
0000000000000181
00000449546c7b79
0000044973284cd9
00000449bf9154d9
00000449db4f54b9
00000449ecb83d99
00000449fdb1e759
0000044a0e340ef9
0000044a4e1b1399
0000044a7e6d3179
0000044a809f32b9
0000044aaa673019
0000044aac4b8699
0000044ab1ae6979
0000044ae6ade0d9
0000044afe05fb19
0000044b04dbf0b9
0000044b2e1a2f79
0000044b7ecb94f9
0000044b81401ab9
0000044b979a8f99
0000044bb42263b9
0000044bc4d6c899
0000044bca7e90d9
0000044bec6c6719
0000044c1695ed39
0000044c33f5b919
0000044c47d4f2b9
0000044c6bd0abd9
0000044c7588f359
0000044c974e96d9
0000044c9fd7d939
0000044c9fd7e339
0000044cafb4ded9
0000044cfc24f1d9
0000044cfda7ad19
0000044cfdfa14b9
0000044d01d71f39
0000044d3dd2f739
0000044d59164359
0000044d8ade08d9
0000044dc467acf9
0000044dd9ec0599
0000044ddab66899
0000044defd8dd79
0000044e075f47f9
0000044e32fe0599
0000044e3aa921d9
0000044e62254a79
0000044e6c1d15b9
0000044e72a457b9
0000044e74c529f9
0000044e78863a19
0000044e7e4c6f59
0000044e8d1ca179
0000044e933b0af9
0000044f17d93759
0000044f21e55ad9
0000044f25080819
0000044f260cdf99
0000044f28312379
0000044f2e25b6b9
0000044f6cc57619
0000044f70143739
0000044f72bd8459
0000044f7d0eadd9
0000044f84525f79
0000044f9015b319
0000044f913fdaf9
0000044fc5dd31d9
0000044fc6dc1a59
0000044fd33dda79
0000044fdcbee519
0000044fdcbf0c59
0000044ff3212cd9
000004500aa6afd9
000004501fb90139
00000450289d3639
000004503d931cf9
000004504a586cd9
000004504a5875f9
0000045065d05499
000004506aa95459
000004509ebe2db9
00000450a4576499
00000450a5f9aa99
00000450c9836879
00000450e051d799
0000045112d00959
000004511a7d62f9
000004512c5f11f9
000004513d98a339
000004514a9e89d9
000004516c1c7779
00000451b2df0a99
00000451bbf58679
00000451bbf59b79
0000045217528379
00000452192b1379
000004522085d7d9
000004522fb238d9
000008a4a8041461
000000000267bc71
0000000000000181
0000045278c8ff99
0000045281f06d19
00000452c7f53e19
00000452c7f54ff9
00000452dce4a919
00000452e968e2b9
00000452ef5f6499
00000452ffad6439
000004534af9a479
000004536c40fbb9
000004538f3d7379
000004539d806c39
00000453b1decd19
00000453c2e56739
00000453d1b1dbd9
00000453f0673dd9
00000453f9cc9719
000004540c991539
000004540e5cd9d9
0000045413bfef19
000004543f01d2f9
0000045441ea0c19
0000045455c4e8f9
0000045459af60f9
00000454c208fef9
00000454efbeacd9
000004553830b5d9
00000455778553f9
00000455881ec7b9
00000455b191bff9
0000045618d0e139
00000456294e7759
00000456433a9d19
000004567c4d5219
000004567c4d53d9
000004567c4d5df9
00000456b86f4619
00000456c230d8d9
00000456d398f759
00000456df0f1939
00000456e766bd39
00000456f42548f9
0000045714cae539
00000457156ad759
00000457190c3bd9
00000457481a62d9
0000045751d71379
0000045788bdcbd9
0000045789cf18d9
00000457a1d20cb9
00000457b24cea99
00000457bc93b1f9
00000457bd4efe19
00000457d068b279
00000457e220ddf9
0000045852f7eff9
00000458b95ef279
00000458b95f04b9
00000458cd3651d9
00000458ec8168f9
00000458f44c6199
00000458f60f3099
00000458fb559c59
000004592b7f4779
0000045938e223f9
000004594c99af39
0000045959902919
0000045966e5cd99
0000045997da8c19
0000045997da9519
00000459bd456799
00000459bf3d36b9
00000459c8794b59
00000459e40bb2b9
00000459ec499bb9
00000459f75afdd9
00000459fdff5439
0000045a068a1f39
0000045a27bba099
0000045a46d41ff9
0000045a55498d39
0000045a57a6f2d9
0000045a77f093d9
0000045a77f0b279
0000045a87d440b9
0000045a90aaae19
0000045ab42dd739
0000045ab7028579
0000045abccb47f9
0000045ac4873fb9
0000045aec4a3d19
0000045afaed9e79
0000045b12b2f199
0000045b25b89299
0000045b5d42cdd9
0000045b70c02219
0000045b75a09a59
0000045b86c48dd9
0000045b86c4a0b9
0000045b959906f9
000008b7486eae61
000000000267bc71
0000000000000181
0000045bb6819539
0000045bc2f4a6b9
0000045bfc268e59
0000045c06696fb9
0000045c1baa7179
0000045c1baac939
0000045c24ef88f9
0000045c2bcc0599
0000045c458c84f9
0000045c49db2299
0000045c544cab39
0000045c88e08879
0000045ca6446d19
0000045ce7f3a4f9
0000045cf4f38639
0000045d38869f79
0000045d5f5fe799
0000045db1a025b9
0000045dc4d789d9
0000045dd2afe2b9
0000045e3638de79
0000045e4e159239
0000045e5d112139
0000045e7086e6b9
0000045e7d9f6779
0000045e952c8019
0000045e95ac47b9
0000045e9d8dcc59
0000045eadb61bf9
0000045eb6dcc919
0000045ef04f9db9
0000045ef291b339
0000045efe069979
0000045f1cc5ea79
0000045f275ab159
0000045f2e1428f9
0000045f3c4db5f9
0000045f4eb06479
0000045f7d61adf9
0000045fde5def99
0000045ffbbcdf59
000004602b6ea459
000004604399d0d9
0000046045451259
0000046048b306d9
0000046048b30fb9
0000046048b31199
0000046048b31b99
0000046050fb0f99
0000046064246659
000004606ef406b9
000004608b358139
00000460b22a59f9
00000460d24b8719
00000461239e0059
0000046133428599
000004613f3e3d79
0000046144f93459
00000461452432b9
0000046184a0a2f9
00000461bfed7f79
00000461c2e99619
00000461d7e6cd39
00000461edb83479
0000046226f15ff9
0000046238bc8f99
000004624aeff2f9
0000046251470c19
00000462843ee139
000004629f346159
00000462b302b1d9
00000462df813c39
00000462ef8442f9
000004630205bcb9
00000463431b2259
0000046348e1b0d9
0000046365b879d9
000004637f130779
0000046384268819
00000463a8877279
00000463ba2f8b39
00000463e0e08f39
00000463f04f0fb9
000004641f9587d9
000004643a877ed9
000004645a7c5519
0000046488cb3499
000004648fcec439
00000464b14e2359
00000464b736b019
00000464c0e0bfb9
00000464c0e0c159
00000464d11a4b39
00000464e31d38f9
000008c9e8d94861
000000000267bc71
0000000000000181
00000464f98bcb39
00000465119b5379
0000046538c37a99
000004654587a439
0000046556b70eb9
000004655ce76379
0000046564ddbff9
00000465a1488579
00000465a4829879
00000465a7aa3bb9
00000465c1db5ed9
00000465cd8b4c99
00000465d6b1e119
00000465dd7e86b9
00000465e74e3bb9
0000046616965739
0000046632abb579
00000466424b1799
00000466424b33b9
000004669ed53739
00000466a8af43d9
00000466a8af5379
00000466f7cda719
0000046721cd3179
000004673ca9b339
000004675cc41a39
000004676ac5e339
000004676f56b279
000004677ff8af59
000004678500ef79
000004678500fe79
00000467aece5e79
00000467bc1a3fb9
00000467e8605579
000004680b8a56f9
000004682f870699
000004684f87f299
000004688a5363d9
0000046899208499
00000468aec68d99
00000468f9641219
00000468f9642099
00000468f9642cf9
00000468f9642e59
0000046909ab31d9
0000046909ab3b79
00000469240dd7d9
00000469269eae79
000004692f3506d9
000004694fbb9dd9
0000046976b58139
0000046983ab3d99
00000469a2fa5699
00000469a423e6d9
00000469bc4d1459
00000469f783ed59
00000469fca51f99
0000046a0356d459
0000046a3069e9b9
0000046a4565c6d9
0000046a4f22f5b9
0000046a990f5879
0000046ac91ee499
0000046ad8f9fd39
0000046adf98c179
0000046b0e884759
0000046b64b1bc79
0000046b652e1c59
0000046b7e512879
0000046bf80f4179
0000046bfa0994d9
0000046c157962d9
0000046c28c994b9
0000046c50b0ee19
0000046c628c36f9
0000046c7f53dfd9
0000046c8146fd99
0000046c90f3f9b9
0000046cab6fbd79
0000046cbd12ac99
0000046cc34328d9
0000046d004d73f9
0000046d2707edb9
0000046d41cdc4b9
0000046d5e841239
0000046d5e842e79
0000046d7f71aa19
0000046d92c0a759
0000046da487fff9
0000046da74b5679
0000046da8ca09d9
0000046db34d65f9
0000046debcfc499
0000046df0e87059
0000046e0b4341b9
0000046e1e3d50b9
0000046e223fc339
0000046e2762c099
000008dc8943e161
000000000267bc71
0000000000000181
0000046e5f38dc99
0000046e5f3900b9
0000046e968e4d99
0000046e968e4f39
0000046e9d2e8599
0000046f41b79079
0000046f58de0b59
0000046f684988f9
0000046f8dad7959
0000046f96a4bc19
0000046fb9419dd9
0000046fba4a9339
0000046fbd110779
0000046fbe531419
0000046fce626959
0000046fd09cb0f9
0000046fd7f0c039
0000046ffb446399
000004700a1717b9
000004700ac01f99
000004704025a9f9
000004707ec25db9
00000470f6026c79
0000047112044759
000004711c493c59
000004712601e1d9
000004712e5c10f9
0000047136bf31f9
000004713f88dc39
00000471534e41f9
0000047161729a59
00000471661d7a39
00000471781b65b9
0000047179c5ef99
000004719bb6a199
00000471a6e85559
00000471c18fd2f9
00000471fc7e0dd9
000004721a20b1f9
000004721a20bc19
0000047242a18d79
000004724a0964b9
00000472514698f9
000004725601fe19
0000047264a927f9
000004727f98c059
00000472821251b9
000004728a7c6359
0000047292a71cf9
000004729d23dcd9
00000472c85df999
00000472de4ef4b9
00000473379a71f9
00000473538c9019
000004737888f799
00000473882474d9
0000047435c8d179
000004743cf45db9
0000047452acfcd9
0000047466b185d9
00000474755aa459
0000047477997979
00000474cdd98999
0000047518cb07b9
00000475486e7939
00000475486e88b9
0000047558f4ab99
0000047562e08e99
000004759554b759
000004759dbceb19
00000475a067e699
00000475a36925b9
00000475b6110cb9
00000475e4f72419
00000475e8980ed9
00000475ffcc8a79
0000047605497d19
0000047608e555d9
00000476245c7179
000004762e4530d9
0000047634456a99
0000047642ccfb99
00000476a29cf899
00000476afd79fd9
00000476b86f6ef9
00000476bff3dc39
00000476c479a439
00000476d122bdf9
00000476ddf5f2b9
00000476f030b239
00000476f45d8039
00000476fa2a1799
00000476fe769e79
0000047721058e59
00000477715bb459
00000477761127b9
000008ef29ae7b61
000000000267bc71
0000000000000181
000004779a0e1419
00000477ba924ab9
00000477d0c15319
00000477d975c8d9
00000477db6ffcd9
00000477fa63b239
0000047806564459
00000478122421f9
000004783c353e39
0000047845146579
00000478480c75b9
000004786d9238f9
0000047894ea5dd9
0000047897bc2779
000004789a9590d9
00000478a9d14a39
00000478e7df8359
000004790dbc98f9
0000047921fde999
0000047945a9a119
000004796ca503f9
000004797cc78e79
000004798cfbc539
0000047998f98e39
0000047a4d72c0d9
0000047a4f489f79
0000047a511d6b39
0000047a5aee0219
0000047a729a8cf9
0000047a8de0fb39
0000047a944fdbd9
0000047aa9aa99b9
0000047ad4424ff9
0000047ae79f28b9
0000047af32a6f59
0000047b18f6f6d9
0000047b310459d9
0000047b3bb9f779
0000047b401eb599
0000047b854f7119
0000047b854f8439
0000047b86c4ff39
0000047b98903059
0000047baa601479
0000047bb1ae86b9
0000047bc0a2d199
0000047bc14ca099
0000047c17c974f9
0000047c247d5d79
0000047c478e8919
0000047c5ba0c339
0000047c5ba0d6f9
0000047c64b77439
0000047c7888fb19
0000047cc9f1f4b9
0000047cce610559
0000047d00c7a3f9
0000047d104f0b59
0000047d1a531699
0000047d2e493cf9
0000047d3d8d78d9
0000047d4bc81599
0000047d655ebb39
0000047d75f1b299
0000047d8042fcd9
0000047db3b983f9
0000047dd8ed6579
0000047df186ad39
0000047e289809f9
0000047e4a26c039
0000047e60264b59
0000047ec71d7599
0000047ed3b25fb9
0000047ee57ef1b9
0000047f0620d419
0000047f3c3e7ef9
0000047f4ad58ff9
0000047f57f86dd9
0000047f72cc1959
0000047f8567cd99
0000047fa114da99
0000047fa3849779
0000047fa43f2c39
0000047fa854da59
0000047fb4069dd9
0000047fda58fdf9
0000047fe111d319
0000047fe483ac39
0000047fe483bd59
0000047fe483c779
0000048014011539
000004802ae0b919
000004802ef1d1b9
0000048049f00e59
0000048078942819
0000048095006359
00000480ab1167f9
00000901ca191561
000000000267bc71
0000000000000181
000004812159e559
00000481664851d9
000004817029cdf9
00000481765a4859
00000481801aef79
000004818cc0f759
0000048193d64379
0000048193d64c59
000004819529f559
00000481978659f9
00000481b9155ad9
00000481e637f079
00000481f006be19
00000481f930a0b9
00000481f930b0b9
000004820456b499
000004821c7db899
00000482200f6dd9
000004823f549f19
0000048245077059
000004824df79e19
0000048259acb8d9
0000048265be3759
000004827d464879
000004827d97afd9
000004827db19939
000004828bc615d9
00000482cd545479
00000482d5376f59
00000482ec85a9f9
00000482ee67ab39
00000482f44fb539
00000482f5c51e99
000004831715da79
000004833d570619
000004835c092799
0000048372bd64b9
000004837880c419
000004838ef02659
00000483cd15f2b9
00000483ce045799
00000483e4c36359
00000483f6230419
00000483fe9926b9
0000048441b35e99
00000484672528b9
0000048467254179
000004848b8385f9
00000484913c19d9
000004849a71afd9
00000484c420a239
00000484cb893af9
00000484edad35b9
0000048513eab559
000004851b254e59
000004851f005b99
00000485335b4e19
00000485442d5d39
000004858fdb1319
00000485a210d199
00000485bddcd539
00000485c8da37b9
00000485e268cb79
00000485f04d7d79
000004862524aa59
000004864340fdf9
0000048650f88a79
0000048659bf9e59
000004869e16f039
00000486b01712b9
00000486ceab3379
00000486fbd90879
0000048717128719
0000048727bacef9
00000487573a6819
000004875e87ecb9
00000487910476d9
00000487a1ee94b9
00000487a7cf8a59
00000487b2fff6d9
00000487bf34c119
00000487dcaa8b79
000004880885b059
0000048810ffa099
00000488180824d9
00000488292b12b9
000004882d45d9d9
000004882f548719
000004884e6ef879
000004885e0a4c39
00000488611961f9
000004886f8bcb99
000004887be70299
0000048890ca58f9
00000488af1b6399
00000488d7ea9879
00000488f8a33999
0000048943bc3539
0000048974613c39
00000489828c0db9
000004899f9b37f9
00000489b26c07b9
00000489b4c8a3d9
00000489b66a75f9
00000489b9033239
00000489d2820859
00000489f1f7f859
0000048a2645b539
000009146a83af61
000000000267bc71
0000000000000181
0000048a7150eeb9
0000048a780b4a99
0000048a8d944199
0000048a8f121279
0000048aa7b65dd9
0000048af2f95439
0000048b1a102f99
0000048b1c0dff99
0000048b3c17ba59
0000048b4348a1f9
0000048b99cb1e59
0000048b9e121cd9
0000048bcf992779
0000048bd31337f9
0000048bed1d9339
0000048c3ad1ef39
0000048c7c371ad9
0000048c834ddff9
0000048c8f2f7479
0000048cb6e53919
0000048cbad34a79
0000048cca320c99
0000048ce1a632f9
0000048ce61c9ff9
0000048cff7fbbf9
0000048d034fa079
0000048d0f5aea39
0000048d1d3b4a59
0000048d49e63f59
0000048d6988b139
0000048d851edc59
0000048d8d28d2b9
0000048d95163039
0000048d9e8e8bd9
0000048ddaf5b499
0000048df876b339
0000048e2131c059
0000048e33e5f3b9
0000048e67758659
0000048e7421dc79
0000048e82c006f9
0000048e9c538359
0000048ea697e8f9
0000048eae54bd79
0000048eecece6d9
0000048ef4a08cd9
0000048f3adb3119
0000048f57337f19
0000048f67089519
0000048f7220f7f9
0000048f75bf88b9
0000048fc219baf9
0000048fe92afab9
00000490116cf0f9
0000049023c39699
00000490260f17d9
000004902aa41159
000004902c0ef2f9
000004902de51019
0000049034020559
000004904411b3d9
00000490486cd179
0000049063d035f9
0000049066a15339
000004908f9f0579
00000490c02dbf59
00000490f57406f9
000004910f1b0ed9
0000049114939559
0000049128a003f9
0000049133bdb199
000004915afc24d9
00000491843eeb19
00000491b567f859
00000491c9512cd9
000004922632d379
000004923261bd19
000004923df76879
00000492538cd1b9
0000049286e64e59
000004928e145dd9
000004928e6f8619
00000492c79cdcd9
000004932cab00d9
0000049359ef23b9
000004935bb7f899
000004936ccc3c39
000009270aee4861
000000000267bc71
0000000000000181
00000493a39bceb9
00000493a7ef43d9
00000493e52fb0f9
00000493f02938f9
00000494047a13f9
000004941ad10539
000004942f439939
0000049450e85f19
0000049450e873d9
0000049450e87dd9
0000049450e88d19
000004945dffc259
000004946b8f1079
0000049480435fb9
00000494a2256559
00000494ac984c39
00000494cda1cf99
00000494dd0fb1d9
000004950df55559
0000049577d0e859
0000049599c64cd9
00000495b0856d39
00000495be3af7f9
00000495cfd48219
00000495e5005979
0000049605e6f519
000004961df7faf9
000004966b501659
0000049673e01db9
000004967e7326b9
000004969166da99
0000049698c5bcb9
000004969f0a3459
00000496dbb16b59
00000496e024e4b9
00000496e03ee9b9
00000496e429f439
00000496e433dd79
00000496ef61e639
00000496fe22aab9
000004970e9a1a19
0000049740d74bf9
000004974d28f2f9
0000049754392519
0000049789881679
000004979afaf6f9
00000497be0cc1d9
00000497c442dff9
00000497feb72e59
0000049811adcd59
000004981abbe159
000004982fa249f9
0000049834111a79
0000049883976899
00000498be9ff159
00000498c5ba68b9
00000498c5ba85d9
00000498c5f4f579
00000498cf6fa6d9
00000498d6f82bf9
00000498ef6fa7d9
00000498f099aa19
000004992e3f4a39
0000049959a10c39
0000049975fd0039
0000049999ed95f9
00000499bf84fb59
00000499bf8516d9
00000499c4d6e699
00000499d6984699
00000499f6163a39
00000499f6164579
0000049a02d23eb9
0000049a239bd8b9
0000049a2f600fb9
0000049a3576f259
0000049a419026f9
0000049a60c05459
0000049a60c07699
0000049aa70f8599
0000049adeb271b9
0000049ae0735619
0000049b0083ac79
0000049b2166a5f9
0000049b40280139
0000049b45794559
0000049b712137f9
0000049b782c2d39
0000049b89f82579
0000049b92a5b059
0000049b93e479d9
0000049b9adadfb9
0000049bb529e239
0000049bb8cf51b9
0000049bc6a65c39
0000049bc6a65df9
0000049c0ecf8699
0000049c1a8c6d59
0000049c34356019
0000049c36130719
0000049c39e99e19
0000049c3a40cfd9
0000049c58dae239
0000049c856da399
0000049c8cf26fd9
0000049cbf4734d9
00000939ab58e261
000000000267bc71
0000000000000181
0000049cd72f1f39
0000049ce6a8f5b9
0000049cfa991bb9
0000049d16673719
0000049d249d5079
0000049d29dda079
0000049d7a9b4e39
0000049d811f3559
0000049d8673fcb9
0000049d8ef0a699
0000049d9c0495b9
0000049d9c3170b9
0000049da1e88379
0000049dbee03359
0000049df46a9839
0000049e2f046eb9
0000049e2f047df9
0000049e7f989ed9
0000049e83253bd9
0000049e877fd939
0000049e909e1c79
0000049ea8d6ab59
0000049ed7f551b9
0000049eefef79f9
0000049efb6002f9
0000049f3f08e919
0000049f4cd2a9d9
0000049f66e90819
0000049f8c8b8dd9
0000049f91f70c19
0000049fa158e519
000004a00e709519
000004a083685d59
000004a089217cd9
000004a0b47ee5b9
000004a0cdc5c459
000004a0d934a9f9
000004a1548b55d9
000004a157dff759
000004a15e821b59
000004a1782db699
000004a178aebbd9
000004a182cd53f9
000004a1b9801339
000004a1df4fae59
000004a1fdd3be59
000004a1fdd3d1f9
000004a202517f59
000004a235a5fe19
000004a23b03c6d9
000004a24258d3b9
000004a25b3b74f9
000004a2639dbdb9
000004a28287d559
000004a298fe1939
000004a2a24d3859
000004a2e5ddfa39
000004a2ecb1e599
000004a327883619
000004a33ae2db99
000004a35806c759
000004a36f8c6f19
000004a373e9b079
000004a377caee59
000004a3b29daaf9
000004a3c2ccf659
000004a3c5540cd9
000004a3cbd0d119
000004a40030e479
000004a424bafc19
000004a437f1e5d9
000004a438b2a079
000004a44569f359
000004a44ae596f9
000004a450ac7619
000004a470851a39
000004a470cac479
000004a491b75f79
000004a4b2396b99
000004a4c50c22b9
000004a4d097b3b9
000004a4d232e119
000004a4d26ac019
000004a515aefbd9
000004a5267e2199
000004a54d96feb9
000004a5517c14b9
000004a55936e099
000004a5759be519
000004a5ce2a2f59
000004a60416c339
000004a6068c73b9
000004a60afe5ad9
000004a61a365079
0000094c4bc37c61
000000000267bc71
0000000000000181
000004a6595e1579
000004a65f30b2b9
000004a66927ba59
000004a675c77119
000004a6a93627d9
000004a6a9363479
000004a6ace720b9
000004a6b9f40159
000004a6f3b387b9
000004a712ec0319
000004a713547819
000004a733ec3679
000004a736effeb9
000004a753e33a19
000004a75f7c4e59
000004a781d0bb99
000004a78cd0e439
000004a79089e9b9
000004a7b53fe159
000004a7c7972b99
000004a7e31fc9d9
000004a8003fc979
000004a823d59799
000004a82d93fef9
000004a82eedc0d9
000004a85d8e7d19
000004a87c28b459
000004a8a275a879
000004a8a275aa59
000004a8a9bd1239
000004a8b49835f9
000004a8d7b80c19
000004a8f1231bd9
000004a9083a6939
000004a910530f79
000004a946f7b9d9
000004a95b0b95d9
000004a9702db339
000004a9702dc439
000004a9702dc5f9
000004a9834ea619
000004a9908aa799
000004a991dd1379
000004a99a475a39
000004a9a52f4a39
000004a9b25a7739
000004a9d16206d9
000004aa04cf5259
000004aa35083a99
000004aa39d229f9
000004aa5b5c1c19
000004aa5b5c2519
000004aa645b0d99
000004aa6fde52f9
000004aa992612d9
000004aabf6013f9
000004ab2f5d2399
000004ab3db210d9
000004ab50f13619
000004ab77f337d9
000004ab8c5ab179
000004ab91093f99
000004ab9f6136d9
000004abaf6a97f9
000004abcf546a79
000004abf086a839
000004abf6e2f099
000004ac0709c259
000004ac16d35779
000004ac3109baf9
000004ac46199059
000004ac47fafaf9
000004acbd220999
000004acf48d1459
000004acfdc61a79
000004ad10e24799
000004ad23684979
000004ad2dc61ab9
000004ad419b3679
000004ad52835e99
000004ad59a9ccd9
000004ad79c62ad9
000004adadd1a139
000004adb14a0bd9
000004adbf77dbd9
000004ade44717d9
000004adea7063f9
000004ae257cb979
000004ae4e7a5bb9
000004ae75ccb3b9
000004ae926af5d9
000004ae98c63659
000004aec4e82079
000004aed073eb99
000004aed12a8619
000004aed12a93d9
000004aef14d57b9
000004af14526199
000004af251f41b9
000004af32f6d479
000004af44c119b9
000004af49e15bb9
000004af64a953f9
0000095eec2e1661
000000000267bc71
0000000000000181
000004af7e5e7119
000004af8003dd39
000004afe1444159
000004afec9c4c19
000004aff09e9479
000004b01d817c79
000004b039af6e99
000004b03e3a3e99
000004b08400a919
000004b0abb40a79
000004b0f69010d9
000004b10bd722f9
000004b14cb0bbb9
000004b17819f959
000004b188f622b9
000004b19bfff9d9
000004b1a792c879
000004b1cb868819
000004b20c2e5779
000004b219cda019
000004b22ade7859
000004b234937059
000004b23669e159
000004b2458d7379
000004b25ea356f9
000004b269642df9
000004b281d92a79
000004b29ec9a0b9
000004b2a6b5adf9
000004b2af7e9079
000004b2daf91659
000004b2e78e4679
000004b2ec930fb9
000004b2f52f4b79
000004b2f73ea8b9
000004b309a64079
000004b30dd2e8b9
000004b32d35dc79
000004b331efe639
000004b379227499
000004b379228899
000004b380e945d9
000004b3852844b9
000004b3f6a607f9
000004b435fef019
000004b445e500b9
000004b49337f939
000004b4ad0d3b59
000004b4b6a76bb9
000004b4b779e879
000004b4d352d3d9
000004b4e18aa5f9
000004b522a85f99
000004b52dc8d439
000004b53c362319
000004b53f9d6999
000004b550354219
000004b57877fcd9
000004b585a1ba59
000004b589d5d679
000004b58c0c4c59
000004b5a5d0f219
000004b5abc12239
000004b5ca854899
000004b5d1445939
000004b5ee30f059
000004b5ee30fd19
000004b5fe19cb79
000004b611261df9
000004b62ab51539
000004b635fd9b39
000004b64a186179
000004b672bb3619
000004b693a8ee79
000004b696f15919
000004b6a5dd2bd9
000004b6c31b0599
000004b6dbdc85d9
000004b6ef8a7d19
000004b70ff88c39
000004b7157e0639
000004b71693d899
000004b7336ad3d9
000004b73625e1d9
000004b73e49fcf9
000004b74d75a539
000004b7b3d2e139
000004b7bdc8e739
000004b7c5575d39
000004b7f31dfc59
000004b7f9156719
000004b86fa40d59
000004b87e6a4c39
000004b8a001ceb9
000004b8aace9639
000009718c98af61
000000000267bc71
0000000000000181
000004b8d8c37c39
000004b8d8c38bd9
000004b8f1ad6bd9
000004b8f6dca1f9
000004b8fdcf62d9
000004b91e7bb219
000004b9433f6959
000004b959ebad19
000004b9ad346d99
000004b9af265c39
000004b9c0ad2c79
000004b9c4129379
000004b9d364c779
000004b9dfa90af9
000004b9edc60b39
000004b9ef0111d9
000004b9f40f0eb9
000004b9f9370ad9
000004ba2cd96e59
000004ba35aa4819
000004ba65f1f1d9
000004ba9142f459
000004bacee655d9
000004bada7acfd9
000004bb0fd5edf9
000004bb2e3c1bd9
000004bb857eac19
000004bb9238f539
000004bb9f067d99
000004bba7f242d9
000004bbea0187b9
000004bbf1dad319
000004bc004732f9
000004bc020b9ed9
000004bc0503def9
000004bc12ba4a79
000004bc2038bdb9
000004bc315b3e99
000004bc3a932d39
000004bc41a16799
000004bc72013cb9
000004bc7d7b5cb9
000004bca929d619
000004bcac27b019
000004bcaef09439
000004bcd8ba3459
000004bcdb6f99f9
000004bcef127819
000004bd17890259
000004bd3209ce79
000004bd6106b759
000004bd765de279
000004bd9688d059
000004bdae3b00d9
000004bdb58d5e79
000004bdb9706a39
000004bdc4ccf3b9
000004be560117b9
000004be8fcd2f59
000004be97b8d639
000004be9b47d499
000004bede9332b9
000004beed3b2279
000004beed51ac79
000004beed7fbff9
000004befab23619
000004bf0b9f1cd9
000004bf1fb291b9
000004bf2a8c8b99
000004bf43478d99
000004bf45c9d499
000004bf4fc01219
000004bf5ad8e9f9
000004bf75f1b2b9
000004bf78184539
000004bf7f1d4159
000004bf7f1d6339
000004bf86731ad9
000004bf8ac6c059
000004bf8ac6ca19
000004bf90265439
000004bf91662d99
000004bfbc0856b9
000004bfbc085cd9
000004bff78dab19
000004c036519b39
000004c0372ffc99
000004c039436fd9
000004c04424c5b9
000004c0479d3f79
000004c04bfb0b79
000004c05bb13b39
000004c06336bc19
000004c06d006039
000004c080899dd9
000004c098c95839
000004c0a2260519
000004c0a99fab79
000004c0b26c0c99
000004c0ea280019
000004c0ea281119
000004c0eca0f9f9
000004c1135dee39
000004c159b21c59
000004c1632c88f9
000004c193ff5c99
000004c19aa2a6d9
000004c1a07a20d9
000004c1a3e3d0d9
000004c1c463ecb9
000004c1f7bd2a19
000004c2111d0179
000009842d034961
000000000267bc71
0000000000000181
000004c24e4f1179
000004c251dc07f9
000004c27a7df699
000004c291a5efb9
000004c2aa774359
000004c2aa7784b9
000004c2eb9e2839
000004c2f7d919d9
000004c31a5e15b9
000004c329c6b7d9
000004c334213699
000004c348aa72f9
000004c349d2f8b9
000004c353cabb19
000004c35ae5e599
000004c35defa619
000004c35defc259
000004c36cf1e439
000004c36e430659
000004c3a4744499
000004c3b5298239
000004c3b5298ad9
000004c3bfa27bf9
000004c3da4fe539
000004c40fa4c9f9
000004c43050bd79
000004c43194eef9
000004c43f12eb79
000004c441ba21f9
000004c44917bef9
000004c44c1e8bd9
000004c4553d0059
000004c45b590eb9
000004c45cd65cf9
000004c465f59839
000004c48b0d9db9
000004c49b7f6f39
000004c49c4c94b9
000004c4e5dddb59
000004c4e9d8a179
000004c4f29ab9b9
000004c4f8565139
000004c56393c039
000004c59b24c539
000004c5e55dc0f9
000004c5f7af2ad9
000004c6064c2cb9
000004c60d5dfad9
000004c61d002859
000004c630a00b59
000004c637cff079
000004c692a95479
000004c695c4e8b9
000004c698a2e179
000004c69da73a59
000004c69f4eb419
000004c6c4b29a99
000004c70fe53c59
000004c721681299
000004c724a8cdb9
000004c726740599
000004c7267415f9
000004c73f599a99
000004c747ffe519
000004c747ffe6d9
000004c747fffa19
000004c74ffb9bb9
000004c76b880c19
000004c76dc15cf9
000004c7ade215b9
000004c7b64eb719
000004c7b98d4e59
000004c7c72bf439
000004c7db9a8999
000004c7e08d98f9
000004c7ef3bcd59
000004c7f84ccfd9
000004c7f84ce419
000004c80a7aba79
000004c81a4a8399
000004c829d33779
000004c837eb1b59
000004c83a926a79
000004c85a2fcc99
000004c85ab596d9
000004c878fd7e59
000004c884ad5ab9
000004c88642af19
000004c886f73ef9
000004c8a7190bd9
000004c8bb02f039
000004c8d728ab19
000004c8e57b0e79
000004c8e658e719
000004c8ef735459
000004c8efc1de39
000004c918ab3db9
000004c945771419
000004c95f776179
000004c961325a39
000004c96835c479
000004c96b061f99
000004c992fb68b9
000004c994798139
000004c9b5a68519
000004c9d29ab119
000004ca0b7eadf9
000004ca16613a79
000004ca2bbf2459
000004ca43299c99
000004ca4cf88719
000004ca5cd926b9
000004ca5f4082d9
000004ca87dd6b39
000004caae2b1bf9
000004cad1299339
000004caeec95859
000004cafb18a1f9
000004cb10946299
000004cb4bf14419
000004cb5c8ccc99
000004cb5d98ae19
00000996cd6de361
000000000267bc71
0000000000000181
000004cbb9403f59
000004cbc8e52119
000004cbd5e01359
000004cc32d20719
000004cc3df88799
000004cc3df89ab9
000004cc4376de39
000004cc48ea0519
000004cc74799bd9
000004cc88e12559
000004ccc8370999
000004ccc83720f9
000004ccd8741a59
000004ccd9b304f9
000004ccf910b1b9
000004ccfe2bc279
000004cd0f3e4959
000004cd0f4ecff9
000004cd4183fe19
000004cd70c14919
000004cd84d75059
000004cda0914859
000004cda8c8d9f9
000004cdda405f79
000004cdec1fe119
000004cdf2bc3a99
000004ce08ae7539
000004ce0d8566f9
000004ce4de23fd9
000004ce52cb3239
000004ce9c43ead9
000004ce9d069379
000004ceabf1fe99
000004ceb20b59f9
000004ceb20b6cf9
000004cedb9fb879
000004cef4f17ff9
000004cf1e1ba759
000004cf3624db79
000004cf626ac219
000004cf691d94b9
000004cf733aaa99
000004cf77258c59
000004cf7b606759
000004cf98bc4559
000004cfab6995b9
000004cffb49eb79
000004d017a35a39
000004d04e235999
000004d060b62df9
000004d08c60a159
000004d0b8a03079
000004d0c6585279
000004d0d4125f99
000004d0df428039
000004d0f6471b99
000004d0fe40d999
000004d148008359
000004d154e132f9
000004d157c8a0d9
000004d169b44659
000004d1a16a0a39
000004d1a1fb44f9
000004d1b888a359
000004d1b888b679
000004d1c8f59e19
000004d1cd9839d9
000004d1cd984e39
000004d1dc5cee59
000004d1f7a4f8f9
000004d20170ca79
000004d20b3e3af9
000004d23039bf79
000004d249467419
000004d25381ca99
000004d25381d479
000004d282a27359
000004d2a7a2a759
000004d2a7d1c799
000004d2d4167459
000004d2db0df059
000004d2eac4fef9
000004d2fb908c79
000004d2fc9f7c99
000004d32beb63b9
000004d332029dd9
000004d340c77419
000004d350229fb9
000004d3beb03bb9
000004d3c12fc159
000004d4178ada39
000004d4367c7b39
000004d47343d3b9
000004d495439759
000009a96dd87d61
000000000267bc71
0000000000000181
000004d4b7503f39
000004d4b81adc99
000004d4b9e9a339
000004d4ba1e33f9
000004d4ba1e5199
000004d4cbd5c8d9
000004d4d1501119
000004d4fa5057d9
000004d4fff71779
000004d51a60d7b9
000004d5346c50b9
000004d53db59099
000004d53db5a0f9
000004d54fc71bf9
000004d558ebdf59
000004d56041e4b9
000004d5bd168559
000004d603a87279
000004d6222e5a79
000004d62b20ce99
000004d64a558cd9
000004d64f1424b9
000004d668acbb99
000004d69f023fb9
000004d6b8f46599
000004d6cfc3c3d9
000004d6d06bd2f9
000004d7067f1fb9
000004d71153f119
000004d713ba9d59
000004d72ff8dab9
000004d78a0f1d19
000004d78a0f2d59
000004d790ef9af9
000004d7a8f652d9
000004d7a97df659
000004d7bf3d2479
000004d802008539
000004d8020aa7d9
000004d8071a8879
000004d814bb5f39
000004d8186efd59
000004d81bc1f4d9
000004d826320139
000004d8301e8039
000004d8337960d9
000004d834316b99
000004d8442da099
000004d858529af9
000004d86cbff439
000004d893e4dc99
000004d89b6e5619
000004d8bb87f879
000004d8c2a37939
000004d8ee2d55d9
000004d8ef662e59
000004d9461e29f9
000004d96f75f939
000004d98d0dec59
000004d9ad297b39
000004d9ba2cd1b9
000004d9cef20139
000004d9d38d2859
000004d9d8e4b599
000004d9e1ac9a19
000004d9f2a059d9
000004da055c3339
000004da1da481f9
000004da3df638d9
000004da475a6ad9
000004da5777c5d9
000004dabd8330b9
000004dabe4f1339
000004daf29d4ef9
000004daf98431f9
000004db4701f419
000004db4c1f31f9
000004db5174ad79
000004db7adb8279
000004db90abff59
000004db9d7d1119
000004dba157bcb9
000004dba8c02599
000004dbb86929b9
000004dc0ef32a79
000004dc3524c039
000004dc39e61b59
000004dc7b4e9df9
000004dc840ffc19
000004dc8f361619
000004dc90457ef9
000004dc9744d3b9
000004dc9b04d739
000004dcaf0fd7f9
000004dcb9d313f9
000004dcbc66daf9
000004dcc2deb559
000004dcc7466379
000004dcc7466cb9
000004dcc9aaec59
000004dce84988f9
000004dcea3b6f19
000004dcf29636d9
000004dcfb4a42f9
000004dd158532d9
000004dd2fe6e119
000004dd4663b7b9
000004dd557d3459
000004dd6acef879
000004dd7735e819
000004dd7ae71059
000004dd8b960759
000004dd957118b9
000004dd98025eb9
000004dd9fd80b39
000004dda9962bd9
000004ddbd005539
000004dde0f47479
000004dde4a20b39
000004dde648ab39
000004ddf8e76e79
000009bc0e431661
000000000267bc71
0000000000000181
000004de5b773039
000004de5e67fbb9
000004de5e67fe79
000004de6de88239
000004de71f72959
000004de9ee44f19
000004deab00b4b9
000004deb15efdd9
000004debd01a039
000004deeb264819
000004df00da5d19
000004df36490319
000004df426ebcf9
000004df52cadeb9
000004df73a28ab9
000004dfb27896b9
000004dfbecc9bb9
000004dfe10c63d9
000004dfe84ad439
000004dfea6206f9
000004e030996ff9
000004e0c196f7b9
000004e0c23fadd9
000004e0cd097c99
000004e0e8285019
000004e0fdb0c779
000004e107cba919
000004e11d9088b9
000004e12634cd39
000004e13fce1f59
000004e142dae319
000004e17028b159
000004e183d75779
000004e197400ed9
000004e1b84e5119
000004e1e5e8a979
000004e202caf899
000004e2419ca839
000004e25075a7d9
000004e266842bd9
000004e299845899
000004e2b5d6de39
000004e2c7725999
000004e2db373479
000004e300681ef9
000004e3260568d9
000004e335822119
000004e3500dcd99
000004e36637db99
000004e38849d1f9
000004e395a52319
000004e3a1da3c59
000004e3abd90fd9
000004e3d61251d9
000004e3e04d1bb9
000004e3e7101d39
000004e4034ab919
000004e406f265f9
000004e4172feb99
000004e44cbb0b99
000004e475df3659
000004e48bb94899
000004e4a0420ab9
000004e514632399
000004e52698d2f9
000004e52bd7e299
000004e57d6442d9
000004e59a48ced9
000004e5ce2ff6f9
000004e5d871ea39
000004e5f0acd759
000004e5f97e6999
000004e60019c359
000004e617b42599
000004e634d7f179
000004e649a54a99
000004e662902039
000004e6909ed139
000004e697231b39
000004e697233319
000004e6b7633339
000004e6c1c58b39
000004e6ca7621d9
000004e6d711c559
000004e6d8740879
000004e6dabc6bb9
000004e713ddced9
000004e72819a899
000004e74310d0d9
000004e743ca9139
000009ceaeadb061
000000000267bc71
0000000000000181
000004e7e5b36c79
000004e8210817b9
000004e83578ee59
000004e841368059
000004e84490d8d9
000004e86f744859
000004e874a54eb9
000004e8a7881339
000004e8bf555d99
000004e8c5958039
000004e8d54f97b9
000004e909416679
000004e91cae6ad9
000004e956af73b9
000004e965ae3e79
000004e97d840f19
000004e97ffb2cb9
000004e997128599
000004e9b358fc59
000004e9d1979a99
000004e9d8f22d59
000004e9f0d9c8f9
000004e9f0d9eb19
000004ea2705c859
000004ea2a55d3d9
000004ea37feb639
000004ea37fec6b9
000004ea39e39339
000004ea4d09f419
000004ea5008f999
000004ea89f6fd99
000004eac29dd799
000004eac9f0b459
000004eb2c71f8d9
000004eb2dd5f6d9
000004eb3b46e959
000004eb3e3a1d59
000004eb49de8259
000004eb55e8ebf9
000004eb58f78299
000004eb5bf095f9
000004eb74fec659
000004eb85322519
000004eb86fc87f9
000004eb86fc98f9
000004eba56b9ef9
000004ebe7c94c39
000004ebf60b7199
000004ebfdcff2f9
000004ec2058deb9
000004ec381c8eb9
000004ec4fb7eeb9
000004ec59cfb839
000004ec5f568639
000004ec8957dbf9
000004ec8a2a6259
000004ec8faaeab9
000004ecc9adff99
000004ecd724ac19
000004ecda5895f9
000004ecf538f579
000004ed03a73d19
000004ed125e1999
000004ed3d7238d9
000004ed4b5cc5d9
000004ed54441cb9
000004ed55b52e59
000004ed56a55bb9
000004ed9ccfa159
000004eda338eb59
000004eda5376579
000004edae7c88b9
000004edd7e87379
000004ee3d2a2159
000004ee57030439
000004ee6c2412b9
000004ee6eb0cbd9
000004eea1c21af9
000004eea4703559
000004eece007db9
000004eed17638d9
000004eed77f08d9
000004eee459e079
000004eef4d131f9
000004ef06bb8659
000004ef24ce3cf9
000004ef2d9b3f79
000004ef310c62f9
000004ef37f08779
000004ef84638d19
000004ef8b740db9
000004efdcf3dfd9
000004efe3dc7e99
000004f014967859
000004f02deb3939
000004f054a0f219
000004f06c2033d9
000004f07366c539
000004f090398b59
000009e14f184a61
000000000267bc71
0000000000000181
000004f0d0fa94b9
000004f0efb95f59
000004f103c822d9
000004f11077b259
000004f13bf9bd19
000004f149c0f199
000004f16efda639
000004f18ee2eb19
000004f1a22e6fb9
000004f1b40c8bf9
000004f1b48e03b9
000004f1bbf43f19
000004f1c37653b9
000004f1c6bb59b9
000004f1e79ee579
000004f2188a77b9
000004f2389240f9
000004f239ed4df9
000004f23dc05f79
000004f23de41e19
000004f274dfe479
000004f2a0a92239
000004f2aea11d19
000004f2bec7d7d9
000004f2f6bbb499
000004f32843f939
000004f328440379
000004f3345ad0b9
000004f353e4e9d9
000004f361243679
000004f379bfbbd9
000004f38f3dccb9
000004f39d4e1e79
000004f3ae046f59
000004f3fd8422d9
000004f3fffddef9
000004f3fffde0b9
000004f4022e82f9
000004f41d423279
000004f4397ada59
000004f4397adbd9
000004f444393839
000004f446b8fab9
000004f449ed72f9
000004f449ed8c39
000004f45749d3f9
000004f466ff6479
000004f47fb5d919
000004f485c9db19
000004f49bb52dd9
000004f49bc442d9
000004f4a93e1f59
000004f4cb6e8719
000004f5005a3299
000004f5330a1339
000004f58de52079
000004f5aef9c959
000004f5be9f0859
000004f609babe39
000004f6393bceb9
000004f652692059
000004f662d3ba19
000004f6d4438f59
000004f6da2a83d9
000004f6ede7a9b9
000004f6ee90e759
000004f6f71e9eb9
000004f70bf45019
000004f711059199
000004f713b63899
000004f713b640d9
000004f71af55d39
000004f741aef459
000004f7522ef999
000004f79a8abdb9
000004f7a5cecfd9
000004f7ac0a6379
000004f7b151a2d9
000004f7d77b5cf9
000004f7dd29b2b9
000004f7e5bc1d19
000004f7e5bc3099
000004f7e5bc4b99
000004f8029b61b9
000004f81a684559
000004f82205b599
000004f834171cb9
000004f836a69d19
000004f844678c39
000004f85614a8f9
000004f879517af9
000004f88eb25ef9
000004f896c3f1f9
000004f8abe2db79
000004f8b1a56179
000004f8e9cb7539
000004f8ea108cb9
000004f929ffb6d9
000004f92e05e1f9
000004f9408f7579
000004f952c75e19
000004f962475999
000004f975982c59
000004f9b9c157f9
000004f9c55d5fd9
000004f9e02f0919
000004f9e5861b39
000009f3ef82e461
000000000267bc71
0000000000000181
000004f9fb92f179
000004fa31c8e1b9
000004fa59f3e099
000004fa831a9cb9
000004fa89a9ef99
000004fa8b757a79
000004fa94fe5fb9
000004fadfdef999
000004faf2fc5919
000004fb1a0e8199
000004fb336e6d79
000004fb55304279
000004fba7be13b9
000004fbb816e139
000004fbba986719
000004fbce15bf39
000004fbfc7305f9
000004fc14dea0b9
000004fc4d2a5459
000004fc61fa08f9
000004fc64e795d9
000004fc79927d79
000004fc7a1aced9
000004fc8a687d59
000004fc9e1cc899
000004fcc14cd159
000004fcca266659
000004fcf686e4b9
000004fd15fc3dd9
000004fd31c7d779
000004fd4cf0d6d9
000004fd568f4d79
000004fd74953ed9
000004fd989ff9f9
000004fd99df2439
000004fdab847619
000004fdbdfcb1b9
000004fdc5e73f19
000004fdd0f7cad9
000004fdfd0c4f39
000004fdfd0c98f9
000004fe01658659
000004fe0d176699
000004fe3c2592b9
000004fe4c9c5df9
000004fe5711d779
000004fe6dfc1df9
000004fe84026699
000004fe9e221659
000004fea12bd499
000004fea5aab899
000004feb938d399
000004ff307aa9f9
000004ff3e215c59
000004ff5ec429f9
000004ff5ec43f19
000004ffa07caa59
000004ffbe52fdd9
000004ffcdfa8d39
000004ffd26a7db9
000004fff22a8cb9
000004ffffd5b5d9
0000050028b8c879
0000050041140199
000005004283a759
000005009fb06519
00000500a9907159
00000500b76d4779
00000500f6664379
0000050107c266d9
00000501534dafd9
000005016152f9f9
000005016c721519
00000501c5afbf99
00000501cd669d99
00000501d3e653f9
00000501ef03bf39
00000501f55b7a79
00000501f8e6f319
000005021fcb02b9
000005021fcb0999
0000050244759359
00000502505dcaf9
000005026632e7b9
000005027e12d699
0000050295f931b9
0000050299dfa299
00000502a1b6ac19
00000502dcb08df9
00000502e33c8a19
00000502fbaabc59
000005030f2966b9
0000050327ed7799
000005033d433459
0000050344940219
0000050344940bb9
00000a068fed7d61
000000000267bc71
0000000000000181
00000503644d6d99
00000503700bb4d9
00000503713b8ef9
000005039a5ba059
00000503f5c05879
000005041660e339
00000504390d97d9
000005045188a9f9
000005045c034a19
000005046273aa79
000005046f1697f9
000005046f5fb939
0000050483f52c59
000005049a1d4339
00000504a85d2c59
00000504adb149f9
00000504b9b4bd99
00000505029ada19
00000505110c0719
0000050531387af9
0000050539b9ca79
000005054c3d52d9
000005058eed7b79
00000505b7679019
00000505c5a383f9
00000505c80422b9
00000505d6cba679
00000505da36eeb9
00000505dbdbb6b9
00000505e48b4b59
0000050600765cd9
0000050607d68679
0000050616fee0b9
000005063787d079
000005063d77d079
00000506744ad5f9
0000050679ca3839
00000506a29e1ab9
00000506b3393399
00000506c5e2ee19
00000506ccc86619
00000506ccc867b9
00000506d9951359
00000506e2ca03b9
00000506fc323e19
00000506fc324e99
000005070658f139
000005072ef4f599
000005074302a1d9
0000050759d73ef9
0000050766817f19
000005079d500dd9
00000507a35cdaf9
00000507a4024559
00000507ba679919
00000507bcd27e79
00000507cf654f59
00000507dca215d9
000005082a7475d9
00000508497d0c59
000005085160d019
0000050855374459
000005085b2afc19
0000050864977059
00000508649781f9
000005086ad01db9
000005088a39cab9
000005088be04ab9
00000508e30c09f9
00000508e60b7179
00000508f32dcaf9
0000050909197699
000005090c9cf3f9
0000050913917599
00000509381fb6b9
0000050948d8cf19
0000050958a638b9
000005097d76bc79
000005098c6de959
00000509a3054c39
00000509a30583d9
00000509bc6e3719
00000509bd2b9d99
00000509c0209f99
00000509c020a899
00000509c020abd9
00000509c175e599
00000509d19b0759
00000509d475a119
00000509d904c899
0000050a0215e759
0000050a215bcef9
0000050a21c324b9
0000050a407c78d9
0000050a41fc9bf9
0000050a78201219
0000050a89af6d39
0000050a905469b9
0000050aa20340b9
0000050aac32ea99
0000050abafb9719
0000050ac99dd1d9
0000050af40346d9
0000050b1f090679
0000050b5df7f639
0000050b7a15c9b9
0000050b7a15e139
0000050b85615639
0000050b87f4a499
0000050b8f443859
0000050b9a3100b9
0000050b9abf3f99
0000050bd4e91ed9
0000050bde0f71d9
0000050bde0f81d9
0000050be9ebf8d9
0000050c09184c79
0000050c311353d9
0000050c371853f9
0000050c4f0c6fd9
0000050c716c5e19
0000050c84882839
0000050c8a7b2e79
00000a1930581761
000000000267bc71
0000000000000181
0000050c9a27d099
0000050cae9e44f9
0000050cc3aa1519
0000050d19650659
0000050d3b04c499
0000050d406a7bf9
0000050d5edc0679
0000050d6a0281d9
0000050d82fdda19
0000050da93a0099
0000050db35c8db9
0000050de3e30d19
0000050e37784b59
0000050e440d0b59
0000050e9028db39
0000050e90c9c039
0000050ea2fcced9
0000050ed5183239
0000050ed89a2c79
0000050ee347f799
0000050f083af9d9
0000050f1fd68fd9
0000050f62d10bb9
0000050f62d11459
0000050f6c25e9d9
0000050f90ef4339
0000050f9c331479
0000050fda3a8e19
0000050fdf5c5ab9
0000050ffd1b88b9
000005103526ffd9
000005106176a759
0000051063f1da59
00000510740b0379
00000510978fdc99
00000510c65ae7f9
00000510c8d01119
00000510dce3f9f9
00000510e727f299
00000510f28c66f9
000005110bedf099
000005111d9683d9
000005111dfd3159
0000051140646719
00000511682db439
0000051175c82dd9
0000051177246d39
000005119a89cc99
00000511a24e7819
00000511c14bbd99
00000511ed6b8999
00000511efd24b79
000005120a153a19
0000051222c7dd99
00000512231a84f9
000005123ef66a79
00000512480f6e59
00000512610f2e59
0000051264b6f5f9
000005128bbf8679
00000512bff304b9
00000512d9a8daf9
00000512f1545dd9
000005134f98fcd9
000005135c4e99f9
000005138fd93359
000005139ffab439
00000513a9d9c219
00000513b41d5fd9
00000513c03762b9
00000513c8f86059
000005142437c479
0000051427f2bf79
0000051443ceee79
00000514a041ceb9
00000514c9b82079
000005151134b739
0000051531f56319
0000051537686359
000005154d06e6d9
0000051566860759
00000515ad916fb9
00000515c6792279
00000515daa58099
00000a2bd0c2b161
000000000267bc71
0000000000000181
000005160d3799d9
00000516162f0739
000005165e1f2db9
00000516819ab619
00000516819acdf9
0000051694f1e1d9
00000516969744d9
000005169b1bd339
00000516e0587c19
000005171b035e39
000005171b58a139
0000051747c62939
000005174e1d9b99
0000051754059579
000005179ae59f99
00000517c3ad9f99
00000517c68c1499
00000517dc1fbdb9
00000517fa57ff39
00000517fa581279
0000051804045859
000005181ad25d39
000005181ad27079
000005181ad27a79
0000051822af9639
000005182d458fd9
0000051833e2c999
0000051841a54e99
0000051879a52f79
00000518bcd256d9
00000518dbf87f79
00000518dcb84cb9
00000518dd5103f9
00000518deea7e59
00000518ec1acfb9
000005190043d5b9
000005190faf91b9
000005194c077fb9
000005194ddb41d9
000005195fdd0099
0000051976f616b9
0000051982145f79
00000519842aaf19
00000519aafdcad9
00000519b4d59c39
00000519d88265f9
00000519dca836b9
00000519e816d439
00000519f8d59bf9
0000051a1772d4b9
0000051a30861ad9
0000051a38366b79
0000051a3873be19
0000051a4d0f6979
0000051a5ec1a999
0000051ab249f5b9
0000051ac0e69f99
0000051ae6fc3f39
0000051afce63439
0000051b6de5c579
0000051b7a418e79
0000051b819339f9
0000051bb0d43679
0000051bbae6fff9
0000051bbc1c4a99
0000051bbc7a3519
0000051bc0e441f9
0000051bd697c999
0000051be6e69cd9
0000051beb7c94b9
0000051c17a9c139
0000051c25ff3159
0000051c634aa799
0000051c711ad639
0000051c78061499
0000051c9abb9939
0000051c9af1aff9
0000051ca4684079
0000051cbbaf7699
0000051cf6469999
0000051d16fddbf9
0000051d1f5d82d9
0000051d35792ab9
0000051d37460039
0000051d3fc26159
0000051d46cc24d9
0000051d5991fb19
0000051d8a334179
0000051d8d2af979
0000051d9a16b159
0000051de3447519
0000051dfa288779
0000051e1f7100d9
0000051e32cd8559
0000051e42f468f9
0000051e49960b19
0000051e51a0dcf9
0000051e651d8359
0000051e78694c79
0000051e96822659
0000051ebb5a4699
0000051ec9f50339
0000051ed794ac19
0000051ed7fa5079
0000051f155f3539
0000051f17dce239
0000051f18e2b659
0000051f18e30f39
0000051f1bf09bd9
0000051f1bf0ba59
0000051f1cf49a39
00000a3e712d4b61
000000000267bc71
0000000000000181
0000051f475db1d9
0000051fb224e4b9
0000051fda3b1719
0000051fe92ffcb9
0000051ff01f0599
000005200d95dbd9
0000052088f5ac79
00000520ba5939d9
00000520c17082b9
00000520ccc64d59
00000520cfefc5d9
00000520d7976379
00000520f6e9d039
00000520f9199159
00000520f9387df9
00000520ff4a61f9
000005210e92abf9
00000521144df139
000005212ebfeff9
000005213c3d9259
000005214127ddd9
0000052175501059
0000052175581cf9
000005218111a359
00000521bd08bcd9
00000521c803ca79
00000521c8e65759
00000521ef8cb4f9
00000521f3d99779
00000521f6ace419
0000052216788439
0000052247727e99
0000052289579bb9
00000522ce462cf9
00000522d4e46919
00000522e0dcfeb9
00000522ee03a3b9
00000522f51d59d9
00000522f799ecd9
0000052314238e19
000005233d5fa8d9
000005233e3490b9
0000052345975c99
00000523510b62b9
000005239a40bc39
00000523a249dd99
00000523c3bf4339
00000523c9470099
00000523d8e33eb9
00000523f4d21139
00000523fd9265f9
0000052430118479
000005245809ca99
000005245e4a3859
00000524646ed239
00000524646ed3d9
00000524646eddf9
00000524689ac5f9
000005247b8d5f39
000005248bb43d99
00000524a46aa1d9
00000524bcb94359
00000524bcb9b439
00000524bd0c8019
00000524c4678919
00000524e50fe119
0000052502312619
0000052517f52a59
000005251efd6339
000005252af6d419
00000525383d8b59
000005255fc82299
000005258d945c39
00000525a1b79d19
00000525a8a53219
00000525b9c27d19
00000525c076e159
00000525f79270d9
0000052614a07a79
00000526183b7919
000005266a870019
00000526a55390f9
00000526a68fa419
00000526cc0a5ab9
000005270106f0d9
00000527022ada19
00000527194bc2d9
000005271b70f079
0000052744475839
000005274511df79
0000052759d5bc59
000005278c767759
000005278c767979
000005278c767d99
00000527ba2c8199
00000527d9041fd9
00000527ee34c199
00000527f86357b9
00000528190f77d9
0000052834692919
000005283976eb99
000005283c893c59
0000052845cea779
000005284d528ff9
000005284d8fd459
0000052858014219
0000052863d5a039
0000052864a873b9
0000052864a88499
000005287a834659
000005287cad1859
00000a511197e461
000000000267bc71
0000000000000181
00000528af2ecf39
00000528c1e7e6f9
00000528cb53ddf9
00000528cb53e439
00000528d9fdce19
00000528e3aec679
00000528fa067559
0000052903760ab9
000005290dababf9
000005292bfda3f9
000005294a7d2a39
00000529834013b9
000005299a7766d9
000005299ce719d9
0000052a067f9999
0000052a43f00ff9
0000052a5abab6d9
0000052aa4ffaed9
0000052abd146fd9
0000052b2e141a39
0000052b4a951239
0000052b4cf8d279
0000052b7652f619
0000052ba87169f9
0000052bb08c8cf9
0000052bc2a0ac79
0000052bdbbd0899
0000052be953e539
0000052c46574df9
0000052c7655fc79
0000052ca1172899
0000052cbca9c919
0000052cdc572ad9
0000052cdf5fbd19
0000052cf8771299
0000052cfe0a3e79
0000052cfe89f499
0000052d4a4c8ef9
0000052d506512b9
0000052d776c0b59
0000052dcdb1a6f9
0000052dcf5c3979
0000052dd883ae19
0000052dddc96539
0000052e14a0aed9
0000052e222127d9
0000052e2c87de59
0000052e2d55b519
0000052e4717d7d9
0000052e6c5fd959
0000052e7785ff39
0000052e7e650319
0000052e88ddd339
0000052ea1c78719
0000052ea1c7d3d9
0000052eb0f59b79
0000052ec187ac39
0000052efde93139
0000052f2b106ff9
0000052f3c88e6b9
0000052f44963c99
0000052f47c0f4d9
0000052f53c4fef9
0000052f55bba139
0000052f60f40359
0000052f8c2122f9
0000052f9b4ce6f9
0000052fa89ced39
0000052ffcc83099
0000053014f11e19
000005302057e419
00000530393848d9
0000053041256b39
000005304db3d4b9
0000053066687239
00000530a1dca659
00000530be322279
000005310c23c259
000005311dda9639
00000531511e91b9
0000053185572619
0000053192e40819
0000053193be1679
00000531a29e1259
00000531c9494ad9
00000a63b2027e61
000000000267bc71
0000000000000181
00000532298dbf59
0000053259673b19
000005326220fe99
000005329277bbf9
000005329277c239
000005329b7ef459
00000532c4851919
00000532fcb6a2d9
00000533069713b9
000005330a8ccc39
0000053313cc4019
0000053329b29579
000005333efdef39
00000533690668d9
00000533854fa1b9
00000533947fd319
000005339aebcd79
00000533ac2d1879
000005343a4b5999
000005345717bb99
000005346cd048d9
00000534761a9af9
000005347dc5d7f9
00000534820dc119
000005349d650059
00000534f53d9cf9
000005354578b579
000005356e829899
0000053570c4da99
00000535847c2ad9
00000535897dcdd9
00000535a7833719
00000535ab3ba6b9
00000535ac058d59
00000535ac059e39
00000535b6743659
00000535b6744899
00000535c3a73659
00000535cf5a3699
00000535dd16da59
00000535f11e0959
0000053615060499
000005362b60ec59
0000053638c85f59
000005365b05f679
000005365f570b19
00000536dc8e54d9
00000536f5f40cd9
00000536f5f41219
00000536f9c15c19
000005372c116ad9
0000053753cf1219
0000053786393959
0000053786988959
0000053796697819
00000537978d9859
00000537acb2fbd9
00000537c18bad19
00000537c5d74ef9
00000537c811dc39
00000537d3988659
0000053802723019
000005381b5242b9
000005381b526339
000005383c771ef9
000005384ed7a839
00000538953a2019
00000538afef3ab9
000005390b4a6159
000005392c62ba39
000005396436d579
0000053965700b99
000005397d351659
00000539b675fdb9
00000539c182c679
00000539d8d7ce79
00000539e3205eb9
00000539e41560d9
00000539e41562d9
00000539f69d3f99
0000053a16b9d7b9
0000053a6fd49d99
0000053a6fd4ad99
0000053a6fd4d119
0000053a7be49e59
0000053aa38af0b9
0000053acc129ab9
0000053ad27dddb9
0000053af35f6af9
0000053aff5cae99
00000a76526d1861
000000000267bc71
0000000000000181
0000053b28ff00d9
0000053b68a68859
0000053b761e2899
0000053b96b0b1b9
0000053ba194f879
0000053bbf0c6cf9
0000053bbf0c7d39
0000053bc793a219
0000053be40eef59
0000053be7b92739
0000053be7b93419
0000053be91cff39
0000053c237bdf59
0000053c57ed86f9
0000053c77de0719
0000053c96ee1219
0000053c9a3812f9
0000053ca3928699
0000053cd7d68019
0000053cfa0e5739
0000053d1a36d479
0000053d684ae2b9
0000053d9725b899
0000053dc9817c59
0000053ddcc3c4d9
0000053deb40cd99
0000053df88bd139
0000053e17a47919
0000053e1d92cc19
0000053e41007ad9
0000053e593729f9
0000053e5e5ec959
0000053e5e5ed939
0000053e6235aa59
0000053ea362f559
0000053ebb7afe59
0000053ee4668df9
0000053ee852e759
0000053ef165ed19
0000053ef1661e59
0000053efa55ff79
0000053f0a053499
0000053f1aa2a6b9
0000053f294d31f9
0000053f7adf6839
0000053f7d85f5d9
0000053fcedbe3d9
0000053fdc412a79
0000053fe40e6879
00000540229bbad9
0000054041f5af79
000005406e5b1c99
00000540706aa0b9
000005409cac02d9
000005409cac23b9
00000540b646af59
00000540b924cab9
00000540e3d4f219
00000540f45b1779
000005413eec0c19
0000054157dd7739
0000054161565059
00000541756ed9d9
000005417d5eb679
00000541dd731cb9
00000541f31ddef9
00000541fd90ce39
00000541fd90def9
0000054214936c79
000005422e6bb1d9
00000542470de9f9
000005427584f339
0000054276ac1099
000005427bbc44d9
00000542b71236b9
00000542bd1ee039
00000542cbd55d59
00000542dd679ef9
00000542f1c0a619
0000054335119b99
0000054337fd47b9
000005434e8a8239
000005434ec83b99
0000054350787959
000005435395cc19
0000054355a6b619
0000054357f0bd19
000005435b033df9
00000543937d5639
00000543a8e945b9
00000543c8939339
00000543d728f919
00000543f310d519
00000544190945f9
0000054439a6ccb9
0000054439a6d659
0000054443799ff9
0000054453748f59
000005445c61c1d9
000005446e7c4d99
00000a88f2d7b261
000000000267bc71
0000000000000181
000005447a2436f9
000005449eac8399
000005449f3ae299
000005449f3afa99
000005449f3b0499
00000544ba7418f9
00000544ce8aec19
00000544cf059359
00000544e0f5f399
0000054501bebe79
0000054504d7c319
000005452747f179
000005452747fcf9
0000054536bd2559
0000054539d72ef9
00000545513a59d9
000005455684a059
000005456a4ae819
00000545a39dcfb9
00000545b4373db9
00000545c17685d9
00000545c84ab3b9
00000545ca1191d9
00000545d039e5d9
00000545f214d7f9
00000545fc2446f9
000005460f494779
00000546109d6439
0000054618791a59
0000054664a3cd39
0000054684c75eb9
00000546a5f4a519
00000546e7ca5e39
00000546f445ba79
00000547105553f9
000005474d4a7d59
000005476c4a0a99
0000054772342139
00000547777c6479
000005478959fdb9
000005479fb29b39
00000547c1a16d39
00000547d4af86f9
000005480ac06ed9
000005480ac08b99
0000054813fb6959
000005486024f979
00000548712c6139
000005487c74e739
000005487e52af79
000005488b5cd5d9
000005488f2fd859
00000548a295f459
00000548acc76299
00000548c9a31119
0000054912d7c979
000005492b16adb9
0000054934af2a79
0000054948587b39
000005494e195d59
00000549945f8659
00000549b87d6999
00000549c62c7b39
00000549d1b98af9
00000549d471d399
00000549fb6858f9
0000054a11d07679
0000054a1a6d5ff9
0000054a78c62c19
0000054a79649659
0000054a807f34b9
0000054a8c737259
0000054a98cb5b59
0000054aa008aa39
0000054ad9ce1079
0000054addf92979
0000054ae2e3f0d9
0000054b07a061f9
0000054b1bc86999
0000054b35a15a19
0000054b691f36b9
0000054b6b777519
0000054b8413caf9
0000054b866905d9
0000054b9ac06e39
0000054b9b0481f9
0000054bb0f28859
0000054bf5daa879
0000054c0ca512f9
0000054c3520aa79
0000054c3d627179
0000054c6e5dbbd9
0000054c969a85f9
0000054c969a95f9
0000054ce3ebc539
0000054d01986679
0000054d15eec699
0000054d2ee11f79
0000054d3ff47999
0000054d3ff48a39
0000054d80dfb799
0000054d8c8dd259
00000a9b93424b61
000000000267bc71
0000000000000181
0000054de6b90879
0000054e05acc7f9
0000054e1b8cedd9
0000054e1fccf599
0000054e3654cd99
0000054e43bae699
0000054e4e8e68b9
0000054e5ec98bd9
0000054e72abc719
0000054eb1160819
0000054efbe7c3b9
0000054f2e29cb39
0000054f33f06619
0000054f5714bd19
0000054f6c6d6179
0000054f6ea3e599
0000054f9049c299
0000054fa6a0a359
0000054fb76a68d9
0000054fe5b84719
0000054ff93747f9
000005502ed6d919
000005503717a3b9
000005505c9ab7d9
0000055067b86279
000005509fc38659
00000550a2cdc1f9
0000055105d5fb39
0000055114d97799
000005511e717fb9
000005512441eef9
00000551337689d9
00000551337693d9
0000055171e0e399
000005517a527d59
00000551a0a42eb9
00000551cdd90d59
00000551f6c8c119
00000552054616d9
0000055207b61639
000005520bb84f39
0000055218082139
000005526de0e379
000005527fb04a99
00000552a7867ef9
00000552ac043df9
00000552d60ab339
00000552ebd2d879
00000552fe8b4019
000005530345dd19
00000553135e6d39
000005531382e459
000005531ed42219
000005532de01999
00000553380af879
000005533ee2a6f9
000005534ec87cf9
0000055353b79af9
0000055363c9baf9
000005539400e619
000005539400f659
00000553a529f359
00000553e5f13779
00000553e64d4e99
00000553ee7c2359
00000554213b4d39
00000554416e9b99
000005547b6ade59
00000554a18d4319
00000554a9b4acd9
00000554cc295159
00000554e83b61b9
000005551eae44f9
000005552660af59
000005553200fb39
000005554ebb7ef9
00000555592fa1d9
000005557ce157b9
000005558c91d1f9
000005559ac388d9
00000555a1524919
00000555a1527039
00000555c96ac0f9
00000555ee755139
00000555f07a6bb9
000005562535d719
000005562bbd4079
000005562eae1ff9
0000055638d99899
000005565d9d81d9
0000055675c85839
0000055676dfb899
0000055677cba839
000005567a429ef9
0000055698dfbe59
000005569a160b99
00000556cb575a19
00000556e3a2fa39
00000556e89203b9
00000556eb87d3f9
00000556f440ef19
000005570687a799
00000aae33ace561
000000000267bc71
0000000000000181
0000055746403499
000005576682ec99
000005577c921299
0000055784e00439
00000557866e32f9
00000557909f6899
000005579934a779
00000557bab77b39
00000557baff7bf9
00000557bbfc0cb9
00000557edf2b1f9
00000557f55a5eb9
00000557fd1d4499
000005581846cc99
000005581e81d779
0000055838168cf9
000005583df55299
0000055842a9ca79
0000055849b5b979
00000558743091d9
00000558861fc1d9
0000055887fe6119
000005588c5e1f79
00000558bb4dc019
00000558c1c28d59
00000558c33c2259
00000558d965ce19
00000558f4a7d959
000005590454e9d9
000005591cf1a319
0000055945ea52f9
000005596f1b3c59
00000559afbc3859
00000559bb60cdf9
00000559dc10e059
00000559dc10ffd9
00000559eef4c5d9
0000055a1ecb7819
0000055a416ddf79
0000055a469263d9
0000055a48310d99
0000055a55d08dd9
0000055a5c5e8299
0000055a5f52a739
0000055a6417ab79
0000055a90914319
0000055a909162d9
0000055a946b8ff9
0000055aacc0bdb9
0000055ad9776059
0000055ae0867d79
0000055af0a82639
0000055af151fe19
0000055b052ab199
0000055b347861d9
0000055b34d221d9
0000055b4bc2f3b9
0000055b7ee85859
0000055b7f627b59
0000055b983c32d9
0000055bd60a8d39
0000055bde1f8a59
0000055bec4b8dd9
0000055c189ce5f9
0000055c1e9f3299
0000055c2990fa39
0000055c29910219
0000055c7889bd39
0000055c8abaaf79
0000055c9035b719
0000055cab330799
0000055cc641d679
0000055cec14f119
0000055cf2195b99
0000055cf515eb19
0000055d15f2b139
0000055d226cda19
0000055d284f2f39
0000055d3ee21659
0000055d668335f9
0000055de08d0379
0000055de4926e79
0000055debeae6d9
0000055dfb3906d9
0000055e0db18459
0000055e0db1a9b9
0000055e1cd7ba79
0000055e25afc719
0000055e4cf76d99
0000055e8cade3d9
0000055e9ed38b59
0000055ea536eed9
0000055ed34aea99
0000055efd21aa59
0000055f3f52c8d9
0000055f6d030739
0000055faa670a99
0000055fd2455d99
0000055fd54e3f79
0000056003e72d39
000005602ee92e39
0000056034251619
0000056046d63379
0000056053ad35b9
0000056055fcb879
00000ac0d4177f61
000000000267bc71
0000000000000181
000005606aca0e19
000005609dde7fd9
00000560b70326f9
00000560eff32699
0000056137695259
0000056141522d79
000005617e0cfc19
000005617e0cfdf9
00000561a4feaa19
00000561ab4dc179
000005621b247d99
000005621fddcb79
0000056222a36b79
0000056234f9d759
00000562439b6d79
0000056268b64299
000005626f585f39
00000562925c5df9
00000562acd5a699
00000562dc11cf19
00000563188accb9
000005636fdaf959
000005637d7674f9
00000563cdd87a79
00000563ded78c19
00000563ec760bf9
00000563f63469d9
0000056413c580d9
0000056414867fb9
000005643f640539
00000564ecf25899
0000056503607459
000005650dc13279
000005651ab46ed9
000005652a02a3b9
000005653a7c8839
000005654ea45479
0000056550a27499
00000565654f2279
000005658e1aaeb9
0000056597bc0bb9
00000565c3aff7d9
00000565c7c96af9
00000565d579a639
00000565dedf0f79
00000565f6ad8939
000005660801a699
00000566134e4af9
00000566286b66f9
0000056640c32919
000005665a424219
00000566757e6479
000005668c7a4959
00000566b2352939
00000566d3174b39
00000566f2c5b699
00000566f2c5b819
00000566fe850e79
0000056706fdffd9
0000056721eba7d9
0000056722994a79
0000056724e1cdb9
000005672d0b9c19
0000056739883af9
000005678130bf59
000005678130c179
000005678ba482d9
00000567aff06459
00000567d9307b79
00000567f86cf859
00000568019ecf79
00000568219e55d9
000005682dc117d9
0000056855480019
000005685a9f9bb9
000005685b64c4b9
00000568773fd479
00000568773fe0d9
00000568b9023bd9
00000568d5d1b599
00000568d81c14f9
00000568f16e9739
000005691f7e0939
0000056946192459
0000056946f28799
00000569541912d9
000005696ae1bbb9
00000569a76b1319
00000ad374821961
000000000267bc71
0000000000000181
00000569bdb79879
00000569c06ffd79
00000569c690fc99
00000569cf9f7259
00000569db63a0b9
00000569f9a3c419
00000569fa7fc6f9
0000056a31e15e19
0000056a3a690ed9
0000056a589c0059
0000056a70eedc59
0000056a8b9f8d59
0000056ac35a3079
0000056ac60362f9
0000056acfb70859
0000056adb40fef9
0000056b189565d9
0000056b35a50e39
0000056b62a71659
0000056b7329a959
0000056b933185b9
0000056b9331a7b9
0000056bb36e9579
0000056bb78f9819
0000056bc7e418f9
0000056bce60cb59
0000056bd6161f39
0000056bda305f59
0000056bdadb2519
0000056bef99af19
0000056bef99ee99
0000056bf5af3ed9
0000056bf5afe679
0000056c345e87f9
0000056c47de1379
0000056c4845c7f9
0000056c49ecbdd9
0000056c610f3f99
0000056c66f86fd9
0000056c7d0ad479
0000056ca02932b9
0000056ca889a219
0000056cef95c239
0000056d06948f59
0000056d1fba8299
0000056d3cc8bb19
0000056d59365259
0000056dae9918b9
0000056dbd01aa39
0000056e17240439
0000056e24e7b379
0000056e419c6bb9
0000056e464a03d9
0000056e52b6b8d9
0000056e74df8c79
0000056e8bd90539
0000056e942306d9
0000056ec70d4859
0000056edf840219
0000056efe785719
0000056f05ae6379
0000056f1bcbf979
0000056f374ceef9
0000056f49252719
0000056f903fb4d9
0000056fa3727239
0000056fa8fe0ed9
0000056fbe7c7799
0000056fe878f0d9
0000056ff514cd39
0000056ff9ff58b9
000005706b435a19
00000570740a1ff9
00000570835f6a59
000005708d477fd9
00000570adbce7d9
00000570c10cbb59
00000570d50b7af9
000005712e27cd99
000005714368f939
0000057172bf8119
00000571b87c11b9
00000571bb9647d9
00000571c69784d9
00000571cc33c519
00000571cd744d19
00000571ff4e52b9
000005721c962239
000005721c9634d9
000005727518d639
000005727f651599
000005729546c5f9
00000572a07be479
00000573012314f9
00000ae614ecb361
000000000267bc71
0000000000000181
000005732922f399
0000057341e71179
00000573a617dcf9
00000573c6f229d9
00000573cefd5ef9
00000573de3fa059
000005742a217199
000005742d47fa59
000005745cf68c19
000005747ad319d9
00000574abfd1539
00000574f69d14d9
00000575314e7599
000005753388e7d9
000005753a05b979
000005753e589839
00000575504b8779
000005759925f7b9
00000575a15622f9
00000575ae2d19d9
00000575c8adcf59
00000575ec1d46f9
0000057612029ff9
0000057614825ff9
00000576217f9bd9
0000057646926739
00000576924b1419
000005769dec3699
000005769e3b0019
00000576a631ae99
00000576d9cc9f39
00000576de182919
00000577037359f9
000005771717a119
000005771839fed9
0000057735430b19
000005773f5e9a39
000005774e144c39
0000057778964bf9
0000057778964e59
00000aeefa80fa61
000000000267bc71
0000000000000181
