[MCS8 A] 97 FW 3.104 SV 1.257 
range=1024
periods=2
sweepmode=27e20d0
fstchan=0
holdafter=0
streamstatus=3
calreg0=0
calreg1=0
calreg2=0
calreg3=0
swpreset=8000        
prena=0
syncout=0
cycles=18
sequences=1
tagbits=16
vdac0=92c
vdac1=807
vdac2=8c8
vdac3=8c8
vdac4=8c8
vdac5=8c8
vdac6=8c8
vdac7=8c8
timepreset=20.000      
digio=0
digval=0
autoinc=0 
savedata=2 
mpafmt=asc
sephead=0 
fmt=asc
smoothpts=5 
[CHN1]
REPORT-FILE from 06/19/2026 14:19:31.005  written 06/19/2026 14:19:31
cmline0=06/19/2026 14:19:31.005 
cmline1=A1
range=1024
active=1
bitshift=4
cftfak=2580100
evpreset=10          
roimin=0
roimax=1000
caloff=0.800000
calfact=12.800000
calfact2=0
calfact3=0
calunit=nsec
caluse=1 
[CHN2]
REPORT-FILE from  written 06/19/2026 14:19:31
cmline1=A2
range=1024
active=0
bitshift=4
cftfak=2580100
evpreset=10          
roimin=0
roimax=1000
caloff=0.800000
calfact=12.800000
calfact2=0
calfact3=0
calunit=nsec
caluse=1 
[CHN3]
REPORT-FILE from  written 06/19/2026 14:19:31
cmline1=A3
range=1024
active=0
bitshift=4
cftfak=2580100
evpreset=10          
roimin=0
roimax=1000
caloff=0.800000
calfact=12.800000
calfact2=0
calfact3=0
calunit=nsec
caluse=1 
[CHN4]
REPORT-FILE from  written 06/19/2026 14:19:31
cmline1=A4
range=1024
active=0
bitshift=4
cftfak=2580100
evpreset=10          
roimin=0
roimax=1000
caloff=0.800000
calfact=12.800000
calfact2=0
calfact3=0
calunit=nsec
caluse=1 
[CHN5]
REPORT-FILE from  written 06/19/2026 14:19:31
cmline1=A5
range=1024
active=0
bitshift=4
cftfak=2580100
evpreset=10          
roimin=0
roimax=1000
caloff=0.800000
calfact=12.800000
calfact2=0
calfact3=0
calunit=nsec
caluse=1 
[CHN6]
REPORT-FILE from  written 06/19/2026 14:19:31
cmline1=A6
range=1024
active=0
bitshift=4
cftfak=2580100
evpreset=10          
roimin=0
roimax=1000
caloff=0.800000
calfact=12.800000
calfact2=0
calfact3=0
calunit=nsec
caluse=1 
[CHN7]
REPORT-FILE from  written 06/19/2026 14:19:31
cmline1=A7
range=1024
active=0
bitshift=4
cftfak=2580100
evpreset=0           
roimin=0
roimax=1000
caloff=0.800000
calfact=12.800000
calfact2=0
calfact3=0
calunit=nsec
caluse=1 
[CHN8]
REPORT-FILE from 06/19/2026 11:29:06.915  written 06/19/2026 14:19:31
cmline0=06/19/2026 11:29:06.915 
cmline1=A8
range=1024
active=0
bitshift=4
cftfak=2580100
evpreset=0           
roimin=0
roimax=1000
caloff=0.800000
calfact=12.800000
calfact2=0
calfact3=0
calunit=nsec
caluse=1 
;MCS8 #97 Sversion=1.257 Fversion=3.68
time_patch=1
;datalength=8 bytes
;bit0..3: channel# 1..8 ( 4 bit)
;bit4: edge 0=up / 1=dn ( 1 bit)
;bit5 ..57: timedata    (53 bit), max sweep length 2001.6 h
;bit58..62: tag0..tag4  ( 5 bit)
;bit63:     data_lost   ( 1 bit)
[DATA]
0000000000000016
0000000050939739
0000000081e28f59
0000000081e28fd9
0000000081e29019
0000000081e296b9
00000000a86a2b59
00000000e38e36d9
00000000e38e3759
00000000e38e5e19
00000001a6849fb9
00000001a684a719
00000001a684b299
00000001ade67b59
00000001ade68c79
00000001ade68d79
00000001ade69bb9
00000001ade6ec99
00000001ade6fd79
00000001ade745f9
00000001b5f85c39
00000001e21a7bf9
00000001e21a9159
00000001e21afa19
00000001e2e56579
00000001f833ac59
00000001f833c039
00000001f833f459
00000001f833f619
00000001f8342159
00000001f83466b9
000000029121ad59
000000029121aed9
00000002ca5bea99
00000002ca5bfdf9
0000000301732039
0000000301733ad9
00000003017384d9
000000030a888c39
000000035df0a319
00000003669455b9
000000039d5fa539
00000003adb7fbf9
00000004126c7779
00000004408e2ff9
0000000461fad599
0000000498e474f9
0000000498e47599
0000000498e47c59
0000000498e48599
0000000498e4d439
0000000498e4ed59
00000004d99f6519
00000004d99f6599
00000004d99f6c79
00000004d99f76b9
00000004d99f77b9
00000004f99c7cb9
000000050c4cf939
000000050c4cf9b9
000000050c4d0c19
000000050c4d0cf9
000000050c4d1db9
000000056a61fc39
000000056a620399
000000056a621019
0000000581f39b59
00000005a4d7e7f9
00000005acb13999
00000005acb13b59
00000005acb15059
00000005afcc6879
00000005d1609b39
00000005d284b219
00000005d284c6b9
00000005d2850cd9
00000006083777f9
00000006489d5119
00000006489d64d9
000000070ae241f9
000000070ae26f79
000000072c7d7439
000000075c0c40d9
0000000760bc35d9
0000000760bc3779
0000000760bc3819
0000000760bc3ef9
0000000760bc4679
0000000760bc4db9
00000007c23da2d9
00000007c23db279
00000007eb6ded59
00000007eb6dedd9
00000007eb6deed9
00000007eb6df4b9
000000082d3737b9
000000083983a619
00000008592d3659
00000008a9af8a19
00000008a9b000d9
00000008abfd6899
00000008b9b932d9
00000008ea2e3b79
00000008f82af159
0000000938747e39
0000000938748599
00000009387494b9
000000096cc5ec99
000000096cc5ecf9
000000096cc60259
0000000977ded059
0000000987868f99
00000009d0520e99
00000009d0524c79
00000009f321f439
0000000a45cadd79
0000000a45cae179
0000000b01f9ec19
0000000b059130b9
0000000b05914e99
0000000baee4da79
0000000baee4efb9
0000000c13864599
0000000c5998c3b9
0000000c5998cb19
0000000c59990199
0000000c6f79d4d9
0000000c71366e59
0000000c7136a119
0000000c71388859
0000000c71389a39
0000000cbac5d0d9
0000000d2581d379
0000000d345fca39
0000000d67c40f79
0000000d75211739
0000000d914d2559
0000000d94bb90d9
0000000de27ca2b9
0000000de53b2a99
0000000de53b4579
0000000de53b82b9
0000000df8574f39
0000000df8576779
0000000e1d7b76d9
0000000e4f067af9
0000000e52d9d299
0000000e52da3d19
0000000ea27e1e99
0000000ebbb52d79
0000000ec701ae19
0000000ec701bfb9
0000000ecb618459
0000000ef0875919
0000000fa5f99779
0000000fa5f9a439
0000000fa5f9a7b9
0000000fa5fa0299
0000000fa9196339
0000000face05fb9
0000000fb4ceab79
0000000fd1466719
0000001001f5b3d9
0000001001f5c6d9
0000001052424c79
0000001053daf639
0000002156228261
0000000000f47b71
0000000000000181
00000011353f7799
00000011353f7859
000000115478df79
000000115478e5d9
000000115478ed39
000000115478fbf9
0000001165370b59
0000001186257b59
0000001186257bf9
00000011abb38fd9
00000011b54a38d9
00000011b54a4579
00000011b54a4e99
00000011b54a7019
00000011b810f479
00000011b81108b9
00000011c09fda59
00000011c09ff319
00000011c0a006d9
00000011c0a03af9
00000011c0a03b99
00000011c0a04b79
00000011c0a052d9
00000011c0a05a19
00000011c0a06cd9
00000011c0a08539
00000011c0a09939
00000011c0a0a359
00000011c0a0ac19
00000011c0a0c119
00000011dbf006b9
00000011dbf00e19
00000011dbf01a19
00000011dbf01a99
00000011dbf02179
00000011dbf030f9
00000011dbf03239
00000011dbf089b9
000000120edafb59
000000120edb7719
000000120edb8d99
0000001224e7d1f9
0000001224e7d339
0000001224e7e979
000000122edd5a19
0000001247aa3719
0000001247aa37b9
0000001247aa3e79
000000125f7e53b9
000000125f7e7339
000000125f7ed799
00000012a95ae899
0000001301795179
0000001301796239
0000001301796f59
000000131a2a6159
000000131a2aee39
000000132cfbd7b9
000000133773ec19
00000013466a9f39
00000013466ab319
000000134cc556d9
000000134cc55879
000000134cc55a19
0000001387d6a259
00000013887623d9
0000001396eb5fb9
0000001396eb7279
00000013cbe73e99
00000013d04bf319
00000013d04c0959
00000013f3d05b39
0000001443744d39
0000001443746679
000000145640bdd9
000000146136c5b9
000000146dc8bd39
00000014b8998b79
00000014b899cf59
0000001505e9efb9
00000015269b7a59
000000153030e499
000000153824de79
000000159d006dd9
00000015b9c5f699
00000015b9c65419
00000015b9c66299
00000015d15de9d9
00000015dd3a6139
0000001631327b79
000000166c6a9ff9
0000001682532199
00000016a61815b9
00000016a6182b79
00000016a6182c19
00000016a6182c59
00000016a61832d9
00000016c6673cf9
00000016c6678c59
000000172d64aa79
0000001753a0fa19
0000001757a375d9
0000001757a3a939
0000001757a3b059
0000001770853c59
00000017708543b9
000000179d24e179
000000179d24efd9
000000179d24f299
00000017b87fecd9
00000017cbba36d9
00000017cbba4a39
00000017f58c3299
00000017f5d5d879
00000017f5d5dfd9
0000001808f03239
0000001808f041b9
0000001808f042b9
00000018152c44b9
000000183902a019
000000183902a779
000000183902b159
0000001857239f39
000000185723a699
0000001857241039
00000018a29c4f39
00000018b2a3f499
00000018d66040b9
00000018d6604279
00000018d6604a79
00000018d6604bb9
00000019142fd659
00000019142fe939
0000001934a1e999
000000199604bbb9
000000199604c339
000000199604d019
0000001996052d99
00000019960537f9
00000019dd9d11d9
00000019dd9d1959
00000019dd9d21f9
00000019dd9d22b9
00000019dd9d2799
00000019dd9d2979
00000019dd9d31b9
00000019dd9d3259
00000019dd9d3af9
00000019dd9d4059
00000019dd9d40d9
00000019dd9d6a59
00000019dd9d8019
00000019dd9d8419
00000019dd9d9919
00000019dd9da2f9
00000019dd9dee59
00000019dd9e1b39
00000019e965ad19
00000019f0f231f9
00000019f5048519
00000033f68d7761
0000000000f47b71
0000000000000181
0000001a0590b939
0000001a85c8cb99
0000001a8c1ed399
0000001a8c1ed6d9
0000001a93d2c199
0000001a93d2d579
0000001a998c61d9
0000001ab91296d9
0000001b0c29c199
0000001b3d4a5d59
0000001b663062b9
0000001b7b78a499
0000001bbceb3179
0000001bbceb3419
0000001bd9d87059
0000001c307dbe79
0000001c332fb9d9
0000001c332fcc99
0000001c332fcd19
0000001c5e919b99
0000001c5e91af19
0000001c6d9f22d9
0000001c76e3b359
0000001ca7e6aa79
0000001ca7e6dc39
0000001cb9fe8899
0000001cb9fe98f9
0000001cb9ff1599
0000001cb9ff1d19
0000001cb9ff2a19
0000001cb9ff2ab9
0000001cb9ff31b9
0000001cc03c5d99
0000001cc03c6519
0000001cc03c6d19
0000001cc03c6e59
0000001cc03c6f39
0000001cc03c70d9
0000001cc03c98d9
0000001cc03cc239
0000001cc03cc979
0000001cc03cd179
0000001cc03d0b99
0000001cc03d6cd9
0000001cd0930199
0000001cde0368f9
0000001cde03abf9
0000001d334ef539
0000001d36eb19d9
0000001d3734d879
0000001d85ecd1b9
0000001d85ece459
0000001d85ece6b9
0000001def944c39
0000001def945b59
0000001def945c59
0000001def945e59
0000001def9463d9
0000001def94a139
0000001dfba21b99
0000001dfe74e379
0000001dfe74e3f9
0000001dfe74f319
0000001e9bef62f9
0000001e9bef6a79
0000001e9bef7379
0000001e9bef7439
0000001e9bef7599
0000001e9bef7739
0000001e9befba59
0000001e9befbad9
0000001e9befbb19
0000001e9bf02a79
0000001ec5ae3c39
0000001ecde6ecd9
0000001ecde6f459
0000001ecde6ff79
0000001ecde70e99
0000001ecde74739
0000001ecde74af9
0000001ecde77019
0000001ecde78079
0000001efd1a0fb9
0000001f296cd8d9
0000001f296cea79
0000001f2ea13c19
0000001f5d5e4279
0000001f5d5e4f39
0000001f68258ef9
0000001f6825b9b9
0000001f94016f79
0000001f940176f9
0000001f94018219
0000001f94018499
0000001f94018539
0000001f94019f39
0000001f94020839
0000001fa1ca13b9
0000001fb6412f79
0000001fb6413d19
0000001fb6414479
0000001fb6414b59
0000001fb6414c79
0000001fb6417a79
0000001fb64183d9
0000001fbdcdd4b9
0000001fce2ca899
0000001fce2ca919
0000001fce2cc2d9
0000001fce2ce419
0000001fce2d26d9
00000020c04f68d9
00000020c04f7a39
00000020c04f7cb9
00000021476c0419
0000002154c0d319
000000217825f559
00000021b4c2eed9
00000021d44db9f9
00000021f14df3b9
000000220d7eb439
000000221e265119
0000002221927c79
0000002221928b19
0000002221928b99
0000002221928cd9
0000002221928e19
000000224ff4b5f9
0000002284f3b0f9
0000002284f3b179
0000002284f3b999
0000002284f3c9f9
0000002284f3d9b9
000000229c46f539
00000022ad7cd5b9
00000022ae31f0b9
00000022ae31f819
00000022ae320019
00000022c053ec99
00000022c8b1b119
00000022f63553b9
00000023213e0c99
00000023213e1bf9
000000232cff1ef9
0000002340b0a359
0000004696f86d61
0000000000f47b71
0000000000000181
00000023bc29b859
00000023bc29bfb9
00000023bce5fe79
00000023cc8e00b9
00000023cc8e0819
00000023cc8e1179
00000023cc8e1259
00000023d9ad4579
00000024301a3f79
0000002434ac9c19
0000002434accbf9
00000024480bc3d9
00000024480bc499
00000024480bcb59
00000024480bd3d9
00000024480bd579
00000024480c1db9
00000024480c72f9
0000002456e451d9
0000002487e40579
0000002487e41579
0000002487e41799
0000002487e46c59
00000024e908dab9
00000025032cdcd9
00000025032cdd59
00000025032ce439
000000250945f299
000000252084fbd9
000000252a111ef9
000000252a118939
000000252a11c559
00000025bc17f4d9
00000025c0f4a5d9
00000025c9594879
0000002617e03bb9
0000002617e04d19
0000002617e087f9
0000002617e08b59
00000026cce8b7f9
00000026db10a079
00000026fd1a9d99
0000002702e6ed59
0000002702e74ed9
00000027161e0e59
000000271c82de39
0000002732c0d859
0000002732c0e839
0000002732c0ebb9
00000027370413d9
00000027949d5cb9
00000027949d6df9
00000027b1a40679
00000027b1a41419
00000027b1a42ad9
00000027b1a43239
00000028396c78f9
000000283a2502d9
0000002856b5a779
0000002856b61b19
0000002856b62f19
000000289e6ed199
00000028e490db59
00000029077079b9
000000290edb7179
000000290edb7379
000000290edb9139
000000290edc14b9
00000029338e8e39
00000029338e9ff9
0000002992d0fe99
00000029a49f4ff9
00000029d3b26959
00000029d3b270d9
00000029d3b28319
00000029d3b2c619
00000029d3b2d9f9
00000029d3b2e159
00000029d3b2ed59
00000029d3b2ef99
00000029d3b2f879
00000029d3b32539
00000029d3b32bb9
00000029d3b32dd9
00000029d3b33799
00000029d3b33839
00000029d3b33ef9
00000029d3b376d9
00000029d3b39cf9
00000029d3b3a939
00000029d3b3a9d9
00000029d3b3b0b9
00000029d3b3c099
00000029d3b3c819
00000029d3b3e1b9
00000029d3b3fe19
00000029d3b400b9
00000029d3b42db9
00000029e210ef79
0000002aa3e3fd59
0000002aa47b07d9
0000002aa7e0d1f9
0000002aa7e0d959
0000002aa7e0e379
0000002ab5c7e3f9
0000002afcbd0ef9
0000002b321534b9
0000002b413b0179
0000002b475d2af9
0000002b475da499
0000002b65987f79
0000002b659886d9
0000002b65989539
0000002b6598d5f9
0000002b6598db39
0000002b7a9dffd9
0000002b811bef39
0000002ba8f8f899
0000002be640c599
0000002be640d759
0000002be640d7f9
0000002be640ded9
0000002be640e219
0000002be640f1f9
0000002c35487159
0000002c8a456e39
0000002c924320d9
0000005937636261
0000000000f47b71
0000000000000181
0000002cc9e9c719
0000002cc9e9c7b9
0000002cc9e9ce79
0000002cc9e9da39
0000002cc9e9dd59
0000002cc9e9f619
0000002cc9e9f8b9
0000002cc9e9fb59
0000002cc9ea0039
0000002cc9ea25b9
0000002cc9ea36d9
0000002cc9ea40f9
0000002cc9ea4eb9
0000002cd7f95f39
0000002cdef2f5f9
0000002ce5a15ff9
0000002d1a4f8599
0000002d1a4f9539
0000002d1be333b9
0000002d1be33659
0000002d1be33b39
0000002d1be34a99
0000002d1be3aa19
0000002d716a7fd9
0000002d716a9339
0000002dc7c2d4d9
0000002dc7c2d679
0000002dc7c2dc59
0000002dc7c2e5d9
0000002de0ee8439
0000002de6040879
0000002e14480439
0000002e327d16b9
0000002e52173259
0000002e55f1a6f9
0000002e55f1b699
0000002e55f20c19
0000002e75692cf9
0000002e80b8ce99
0000002e80b91ef9
0000002e8fbb23b9
0000002e8fbb2479
0000002e8fbb2b39
0000002e8fbb3099
0000002e8fbb3139
0000002e8fbb5ad9
0000002e8fbb8979
0000002e8fbb8d99
0000002e8fbb9959
0000002e8fbba2b9
0000002e8fbc1e79
0000002ec718cdf9
0000002ed21b32b9
0000002eee87e7d9
0000002f0b46deb9
0000002f34d9acb9
0000002f34d9beb9
0000002f34d9d259
0000002f34da2899
0000002f34da6899
0000002f41d417f9
0000002f43f9d839
0000002fb3e2f099
0000002fb3e303b9
0000002fbbb528d9
0000002fe4f4f179
0000003023190499
0000003044845e39
000000304f8ba139
00000030a2a23639
00000030a2a245f9
00000030a2a249d9
00000030b3198799
00000030de58e2d9
00000030ed523ed9
00000030ed5290d9
00000031340642d9
0000003134068819
000000313920ecf9
000000313920fed9
0000003139210179
0000003139211059
0000003139212339
0000003139212499
0000003139213859
0000003139213d39
0000003139214a39
0000003139216cb9
0000003139217d19
0000003156ff0ed9
0000003182594799
0000003182596819
000000319d062039
000000323347ff99
000000325f433cf9
0000003260f3bcf9
0000003262fb5319
0000003262fb5a79
0000003262fb6899
00000032a789d219
00000032c8ef0db9
00000032ebc66879
0000003356a7a7b9
00000033ace44ef9
00000033ace44fb9
00000033b7e1ff39
00000033b7e1ffb9
00000033b7e21bb9
00000033b7e21c59
00000033b7e21d59
00000033b7e21fd9
00000033b7e22819
00000033b7e23479
00000033d4886d19
00000033d4886db9
00000033d4886dd9
00000033d4887479
00000033d488d959
00000033d62da2d9
0000003408f040f9
0000003408f04299
0000003408f04859
0000003408f05299
0000003408f06019
0000003408f08d19
0000003408f0c179
0000003434cb15d9
0000003478dbaaf9
0000003478dbb259
0000003478dc0079
0000003478dc3c99
0000003478dc3d19
0000003484dbf9b9
000000348902fe79
0000003499feaab9
00000034c9c471d9
00000034e37669f9
00000034f761b1f9
000000352c1096d9
00000035534fd9b9
0000003597f7c2f9
00000035b8f2cf99
00000035b8f2e339
0000006bd7ce5761
0000000000f47b71
0000000000000181
0000003673b8ae39
000000367442bc99
000000367ac582b9
000000368d13e299
0000003776f00379
0000003776f004d9
0000003776f016f9
0000003776f019f9
0000003776f01e79
0000003776f06e59
0000003776f08e59
00000037bb95a519
00000037ea8b0759
00000037ee4404d9
00000038181591b9
000000382ff28379
0000003879b53599
0000003887549cd9
00000038a360fe99
00000038a3610779
00000038a3610ed9
00000038a36110d9
00000038a36116f9
00000038a3611799
00000038a3616459
00000038fa372cb9
00000038fa373f19
00000038fa37aa59
0000003923bf9579
000000392771a699
000000399cc57059
00000039bc4c5839
00000039ef996cb9
0000003a23ec6f19
0000003a23ec70d9
0000003a23ec7679
0000003a23ec7e19
0000003a23ec8599
0000003a23ec8f19
0000003a23ec8f99
0000003a23ecf119
0000003a25bb47f9
0000003a25bb49b9
0000003a25bb4f59
0000003a25bb57b9
0000003aa64883f9
0000003ab833d399
0000003ac3860a59
0000003ac3861f59
0000003afb1f49b9
0000003afb1f5d79
0000003afb1fba99
0000003afe027839
0000003afe02e339
0000003b42cc30d9
0000003b42cc3859
0000003b42cc4239
0000003b5492f2f9
0000003b54935d19
0000003b61fdaa59
0000003b6c9153f9
0000003b6ff92b79
0000003b98a01a79
0000003b991c3fb9
0000003b991c50d9
0000003b991c6539
0000003bb6b9a959
0000003bb6b9ba59
0000003c04858399
0000003c0485f719
0000003c05fa5559
0000003c097bd579
0000003c3e39e5d9
0000003cb1c92a39
0000003cb1c93199
0000003d14100079
0000003d141010d9
0000003d5f2a5f19
0000003d6034dd19
0000003d6034ed79
0000003d98ec7779
0000003d98ec8479
0000003d98ec8899
0000003d98ecdc59
0000003d98eceb79
0000003d98eda839
0000003d98edb199
0000003d98edc2b9
0000003db4522dd9
0000003db4522e39
0000003db4f39119
0000003de5608539
0000003de560f159
0000003df79e23b9
0000003df79e25d9
0000003df79e2b19
0000003df79e94d9
0000003e04b61cb9
0000003e04b62419
0000003e0e0477b9
0000003e17941ad9
0000003eaf17fe19
0000003eaf181159
0000003eaf181379
0000003eaf1861d9
0000003eaf186599
0000003eaf187659
0000003ee273a079
0000003ee6ac1619
0000003ee6ac1699
0000003ee6ac1d79
0000003ee6ac24f9
0000003ee6ac3379
0000003ee6ac3b99
0000003ee6ac5a79
0000003ee6ac5c79
0000003ee6ac7099
0000003ee6ac74f9
0000003ee6ac7859
0000003ee6ac8499
0000003ee6ac8f79
0000003ee6acab39
0000003ee6ad2399
0000003f252cad79
0000003f252cb4d9
0000003f252cbcd9
0000007e78394c61
0000000000f47b71
0000000000000181
0000003f7c6e2239
0000003f7c6e2719
0000003f7c6e3979
0000003f7c6e9259
0000003f7c6e92f9
0000003f952049b9
0000003f95210539
0000003fa0647799
0000003fb7fc4ef9
0000003fbb9b8b19
0000003fc390af79
0000003fc390c479
0000003fc3912df9
0000003fd2b91dd9
00000040414b6b99
000000409be6d819
00000040d47b2999
00000040d6f462d9
00000040eca8f639
00000040f2719ef9
00000041a0c6d9d9
00000041d5b7d319
00000041d5b7d579
00000041d5b7da79
00000041e803d619
00000041f41c33d9
000000420b995899
00000042ca3cc079
00000042db0f18f9
0000004303426fb9
000000430b3d9d19
00000043487cf879
00000043487d4019
000000434b4c1b39
000000434b4c1bd9
000000434b4c2299
000000434b4c2eb9
000000434b4c6a19
000000434b4c6bf9
000000434b4cac79
0000004356188279
00000043c939c9f9
00000043e3826739
00000043e38267b9
00000043e40f12d9
00000043e40f1379
00000043e40f1a39
00000043e40f1ab9
00000043e40f2379
00000043e40f24f9
00000043e40f29b9
00000043e40f9979
00000043e40fb099
00000043ecb3b3b9
0000004402e1ecd9
0000004402e1f439
0000004402e20779
00000044133d5b39
00000044133d8999
00000044133d8a19
00000044133d90f9
00000044133d9b19
00000044133d9dd9
00000044133d9e99
00000044133da559
00000044133dac39
00000044133de5b9
00000044133de659
00000044133debd9
00000044133e49b9
000000441f9bd0b9
00000044258a7cf9
00000044258a8459
0000004432d9b119
0000004432d9c219
0000004438bdcdb9
0000004438bdda39
00000044a2fdaa99
00000044bc61d459
00000044bc61d639
00000044bc61ea99
00000044d50ad659
00000044da423ad9
000000450c1504d9
00000045179ca1d9
0000004518ffcb99
0000004522d78b99
0000004522d79f59
0000004522d7a6d9
0000004522d7b339
0000004522d7b4d9
00000045427ff5f9
00000045427ff699
00000045427ff959
00000045427ffd59
0000004542800699
0000004542800739
0000004542803f39
0000004542804699
0000004542804819
00000045428053d9
00000045428054f9
0000004542806af9
000000454280a6d9
000000454625baf9
000000454e0e5959
0000004564d01c19
0000004565e33719
0000004565e33f59
0000004565e34759
0000004565e34ab9
000000458fd917d9
00000045af826599
00000045c3719c39
000000460f4e00b9
000000460f4e15b9
000000460f4e29d9
000000460f4e4339
000000460f4e7659
000000460f4e7f59
0000004635631039
0000004635632259
0000004635632419
000000464150ce59
00000046415113f9
0000004641511b79
0000004641512879
00000046440ddd79
00000046440e38d9
00000046440e4119
00000046440e5259
000000466cf8f179
00000046a7126c59
00000046a7126cf9
00000046a71273d9
00000046a7127dd9
00000046a712edb9
00000046ac9d8e39
00000046ac9e0579
0000004702756b79
000000470275d559
0000004711768ef9
00000047290d6af9
0000004740bb2539
0000004740bb3659
00000047ac7b7359
00000047ac7bbf39
00000047ac7c4219
00000047e0bedf39
0000004844614cf9
000000484461a699
0000004844621039
000000485a1a9299
000000485a1a9a19
000000485a1aa899
000000485a1abc99
000000485a1ac799
000000485a1acb39
000000485a1acf59
000000485a1ad399
000000485a1ad4d9
000000485a1adeb9
000000485a1ae659
000000485a1b0e19
000000486df85699
000000486df85739
000000486df867b9
000000486df88039
000000486df8a3f9
00000048786d2d59
0000009118a44261
0000000000f47b71
0000000000000181
00000048cafd9139
00000048cafd91d9
00000048cafd9219
00000048cafd98b9
00000048cafda3b9
00000049284db039
000000494c752bf9
000000494c752dd9
000000494c753359
0000004953472439
0000004953472619
0000004953472b99
0000004953473459
0000004953473659
00000049534743d9
0000004953474479
00000049534774d9
0000004959bd0959
0000004959bd10b9
000000496ad1c3d9
00000049c651ae39
00000049caefb4f9
00000049dd9cecb9
0000004a02658319
0000004a58093959
0000004a71d87679
0000004a81bd10b9
0000004aa1a54619
0000004ad95fd979
0000004ad95fdb39
0000004ad95fe0d9
0000004ad9600e79
0000004ad9604439
0000004aecda8c39
0000004aecda99d9
0000004aecdac899
0000004aecdadf79
0000004aecdafad9
0000004b271fb2b9
0000004b271fba39
0000004b271fc3d9
0000004b27202fb9
0000004b3227ecf9
0000004b36e6afd9
0000004b6e4e0ef9
0000004b6e4e1659
0000004b6e4e23f9
0000004b6e4e2499
0000004b6e4e2b59
0000004b6e4e3c39
0000004b6e4e4f99
0000004b6e4e5019
0000004b6e4e65f9
0000004b6e4e9d39
0000004b739c5599
0000004b739c65b9
0000004ba20d1319
0000004ba20d13b9
0000004ba20d1a99
0000004ba20d2159
0000004ba20d22b9
0000004bb4822979
0000004be4eea019
0000004c2c17b2f9
0000004c2c76b179
0000004c2c76b359
0000004c2c76c399
0000004c393cbad9
0000004c58e40359
0000004cc3176519
0000004cc67a31b9
0000004ccdc85a99
0000004cde7dec79
0000004ce8d5a679
0000004ce8d5b679
0000004ce8d621d9
0000004d46833bb9
0000004d5e0a3539
0000004d9fae3239
0000004d9fae36f9
0000004d9fae39b9
0000004d9fae3e59
0000004d9fae4c79
0000004d9fae5239
0000004d9fae59b9
0000004d9fae62d9
0000004d9fae8099
0000004d9fae8e99
0000004d9fae8f39
0000004d9faea0b9
0000004d9faeded9
0000004d9faee8d9
0000004d9faef5f9
0000004db65230d9
0000004db6523179
0000004db6523859
0000004db6524459
0000004db6526019
0000004db6529119
0000004dc9003799
0000004ddf6fb4f9
0000004ddf6fc379
0000004e4ae6ce19
0000004e4ae6f799
0000004e4ae6f819
0000004e4ae751b9
0000004e4ae76d79
0000004ea20e1c39
0000004ea20e1cf9
0000004ea451edf9
0000004eb3e68379
0000004eb4291259
0000004eb4299519
0000004ebc2d9fd9
0000004ebc2da759
0000004ebc2db159
0000004ebc2db619
0000004ebc2dc999
0000004ebc2e3139
0000004ed026a4b9
0000004edf8b7d79
0000004edfd6c7d9
0000004edfd6d9b9
0000004edfd724d9
0000004edfd73999
0000004efaa8abb9
0000004efaa8ad79
0000004efaa8bf39
0000004efaa8c179
0000004efaa92d19
0000004f11137c39
0000004f2756a059
0000004f4a8f5a39
0000004f4a8f5ab9
0000004f51158d39
0000004f511594b9
0000004f511601b9
0000004fba4fa179
0000004fba4fa8f9
0000004fbabb6e59
0000004fd83dd1b9
0000004fded6e859
0000004fded6e8d9
0000004fded6e9f9
0000004fded6f919
0000004fded70c39
0000004fded72f99
0000004fe55b3d39
0000004fe55b4499
0000004fe55b5279
0000004fe55b9679
0000004ff3a2b359
0000004ff3a2bad9
0000005006ade739
0000005018065e59
0000005018066239
0000005018066d39
0000005018066df9
0000005049bb0b99
0000005049bb1f59
00000050592a9f39
00000050592aae99
000000507668c919
00000050766923b9
000000507d804639
000000509c170199
00000050b4db4399
00000050b4dba4b9
00000050eb63a0b9
00000050fab0c1f9
00000050fab0c979
00000050fab0d1f9
00000050fab0d2d9
00000050fab0e719
00000050fab12af9
0000005103844ff9
000000511162b779
0000005111631e39
0000005111633059
000000511ec738f9
000000511ec791b9
0000005145ec2bd9
0000005145ec3339
0000005145ec3e39
0000005145ec3ff9
0000005145ec8719
000000515d30ec19
000000515d30fe59
0000005194bba579
00000051a34a2239
000000a3b90f3761
0000000000f47b71
0000000000000181
00000051fe636e99
00000051fe63de79
0000005208fac1d9
0000005229994d39
000000523019d899
000000523ddad539
00000052553cc2f9
00000052553d31b9
00000052553d4259
00000052553d6a19
0000005262162299
00000052c8823639
00000052cfe1ee59
00000052d0331cf9
00000052dc1eacd9
000000532a3fa0f9
000000535631cbd9
000000537c010b19
00000053884da819
00000053884dba99
00000053884dfc19
00000053884e3ff9
00000053884e5ad9
00000053884ec419
00000053bd821c79
00000053bd8256f9
00000053bd826299
0000005494c40539
0000005494c41579
0000005494c42999
0000005494c43c19
0000005510872399
000000558465d599
000000558465d639
000000558465e839
00000055927f04f9
00000055ae245659
00000055b31f2e79
00000055b31f4279
00000055cc95ad19
00000055cc95f779
00000055f92f7dd9
00000055f92fcb59
00000055fe6788f9
0000005630334f59
0000005648ae3f39
0000005648ae4699
0000005648ae6f39
0000005648ae70b9
0000005648aebe39
000000565764e479
000000565e365939
0000005686c519b9
00000056da637199
00000056da638a19
0000005703d21019
00000057285b78b9
00000057285b87f9
0000005797184059
000000579718e979
00000057b142be79
00000057b142ccd9
00000057b142ce19
00000057b142d1f9
00000057b142d299
00000057b142e0f9
00000057b89d8759
00000057d51b96d9
0000005840795ab9
0000005840796979
00000058407969f9
0000005840797579
00000058407975f9
0000005840797cd9
00000058407987d9
0000005840798f59
00000058407998b9
000000584079af39
000000584079df39
0000005852521419
0000005852521499
0000005855c413d9
0000005858ba3319
0000005895a198d9
00000059093aa639
000000591e1589b9
0000005920210299
000000594e230239
000000596f681df9
000000596f682559
000000596f686919
0000005974f07ff9
000000597cd678b9
000000597cd68bf9
000000597cd6a019
000000599e732579
000000599e732cd9
000000599e733779
000000599e735699
000000599e738ff9
000000599e73a579
00000059abe13fd9
00000059c7c259f9
00000059c7c26979
00000059c7c28a39
00000059ffb18919
0000005a0662eb99
0000005a4431af59
0000005a4431c079
0000005a44e84a59
0000005a44e851b9
0000005a44e85e39
0000005a44e88f59
0000005a44e8b8f9
0000005a44e8cf99
0000005a44e8d6f9
0000005a44e8e039
0000005a44e8e0d9
0000005a44e8ef19
0000005a44e90b59
0000005a44e97c79
0000005a44e9db39
0000005a53d0b079
0000005a53d0c119
0000005a63e972d9
0000005a63e98599
0000005a975ff3d9
0000005a975ff579
0000005a97607139
0000005ad12dfe99
0000005ad12e0619
0000005ad12e14d9
0000005ad1eae3b9
0000005add7199d9
0000005add719b39
0000005ae0d55199
0000005af5163eb9
0000005af5163f19
0000005afb5490f9
0000005afb549199
0000005afb549879
0000005afb54bff9
0000005b1a7822d9
0000005b1c736419
000000b6597a2c61
0000000000f47b71
0000000000000181
0000005b38e89cb9
0000005b38e8a419
0000005b38e8adb9
0000005b38e91ab9
0000005b3bc52319
0000005b3fa0f459
0000005b3fa0fbb9
0000005b538f81f9
0000005b538f8399
0000005b5ee46e99
0000005b6f35a5d9
0000005b6f35bb39
0000005bcf529139
0000005c295bf1b9
0000005c6abf6619
0000005c8697f799
0000005c869810d9
0000005c869812b9
0000005c869876b9
0000005c8698aaf9
0000005c89a15f99
0000005c89a16159
0000005c9920a219
0000005c9b2ed8b9
0000005c9b2ee019
0000005cbb841499
0000005ceb48d899
0000005ceb48dff9
0000005ceb48e899
0000005ceb491539
0000005d505b2bf9
0000005d693044b9
0000005d7806b8f9
0000005d8fd98379
0000005d8fd9c5b9
0000005dd4c32939
0000005ddf502899
0000005e49561f19
0000005e49562679
0000005e495631d9
0000005e78d802b9
0000005e78d85eb9
0000005e78d88299
0000005e8c809fd9
0000005e8c80a059
0000005e8c80a099
0000005e8c80e879
0000005ea7f2ac39
0000005eac9a8439
0000005eac9a9639
0000005eba75db59
0000005ee7f4e4b9
0000005ee7f4e559
0000005ee7f4e5b9
0000005eebcf7299
0000005eebcfab99
0000005eedb1b0d9
0000005f058a0df9
0000005f290a7eb9
0000005f713a3d99
0000005f8a7bb539
0000005f8a7c3b19
0000005f938ce5d9
0000005f9bb048f9
0000005fec64bdf9
0000005fec64beb9
0000005fec64c579
0000005fec64e2b9
0000005fec6529d9
0000005fec656d19
0000005ff0c67579
0000005ff50f1679
0000006030128e79
00000060301295f9
000000603012a159
0000006034f854f9
0000006034f85c59
0000006034f8e579
0000006034f8eb79
0000006034f8ecd9
0000006034f91f79
000000603845d6d9
0000006038463839
000000605813aa19
000000605813b179
000000605813b979
000000605813bb19
000000605813bd99
000000607e001519
00000060a81d0459
00000060a81d1539
00000060b8cb6cf9
00000060c312d9d9
00000060c6683259
00000060dc8e69b9
00000060dc8e7119
00000061061f5799
00000061061f5939
00000061061f5959
00000061061f5ff9
000000611c42de19
0000006150ef2d99
0000006174b050f9
0000006197cf6399
00000061c88402b9
00000061c8840a19
00000061c93c4959
00000061ce5ed319
00000061d1153279
00000061d78f8d79
00000061d78f9bf9
00000061d78fa199
00000061d78fd299
00000061d9393339
00000061d9393ab9
00000061d9394179
00000061d9399039
00000061d939a859
00000061d939a8f9
00000061d939ae19
00000061d939fdd9
00000061fa84cfd9
00000062203f0839
0000006264174bb9
0000006280bea559
000000628154e499
0000006281553c79
0000006281553d19
0000006281553e79
00000062815543d9
0000006281554cd9
0000006281555199
0000006281555219
0000006281556299
0000006281556459
00000062815565f9
0000006281556759
00000062815569f9
0000006281557499
0000006281559b39
000000628155b079
000000628155bad9
000000628155c499
00000062ab769cf9
00000062ab76a479
00000062ab76abd9
00000062ab76ae39
00000062ab76c919
00000062c8fdc7b9
00000062d61c86b9
00000062ee6662f9
00000062ee667999
0000006304dbdcb9
000000634bfb70b9
000000634bfb8199
0000006353798899
0000006353799619
000000635bf9c299
000000635e390a19
00000063869ee719
00000063869f6b19
00000063c667d259
00000063c667e359
00000063c667ec59
00000063d50dbf39
0000006406f7b199
00000064216c42d9
00000064216c4a39
0000006452836d79
000000c8f9e52161
0000000000f47b71
0000000000000181
000000647d255539
000000647d255cb9
000000647d255df9
000000647d256659
000000647d25ba19
0000006487fabc19
0000006487facd99
0000006487fad6b9
0000006487fb1859
00000064a73a0779
000000653318c459
000000653318c4d9
0000006535581e79
000000655bbf9c59
000000655bbfa3d9
000000655bbfed39
000000655bc05e39
00000065932de059
00000065932de0f9
00000065932de7b9
00000065a52aa819
00000065b825c119
00000065b825c879
00000065b825d479
00000065f62c0f59
00000065f62c2159
000000662f100f39
0000006650360279
00000066503609f9
00000066503617d9
0000006650364bd9
00000066503661b9
0000006650367ed9
0000006653d422d9
00000066666cedd9
00000066867b4a39
00000066867b5399
00000066867b5a99
00000066867b5c19
00000066867ba799
000000668749fd59
000000668749fdd9
00000066874a13f9
00000066874a2039
00000066987f0f99
00000066eb5f8fb9
00000066ebd9d2f9
00000066ebd9da59
00000066ebd9e579
00000066ebd9e5f9
00000066ecba5459
000000671cf9f4f9
00000067385671b9
00000067592a3059
000000675be263f9
00000067afaa4419
00000067cfb1ecf9
00000068abcb3059
00000068abcb3459
00000068ad246939
00000068ad2469b9
00000068ad247099
00000068ba4cbdb9
000000692352e659
000000692c6cad39
00000069350d6a59
000000694952e139
000000694a3ca019
000000695e989439
0000006980da5cf9
00000069a6a2e7f9
00000069a6a2e899
00000069a6a2ef59
00000069a6a2fd79
00000069a6a2fe19
00000069a6a350d9
00000069bfe92a79
00000069caa8ad19
00000069caa92ef9
00000069e01f4d79
00000069e01f4e39
00000069e01f54f9
00000069e01f5cb9
00000069e01f5fd9
00000069e01f6579
00000069e01f7319
00000069e01f74d9
00000069e01f7679
00000069e01f77f9
00000069e01f8af9
00000069e01f9b19
00000069e01fa6b9
00000069e01fb859
00000069e01fcc99
00000069e84a2ef9
00000069fa7d8c99
0000006a39968939
0000006a4b46d2b9
0000006a4db79259
0000006a59d0d9b9
0000006a59d0e119
0000006a59d0ec59
0000006a59d121f9
0000006a59d12579
0000006a59d13239
0000006a59d14439
0000006a62c85d79
0000006a62c8c339
0000006a62c8c4b9
0000006a62c8c539
0000006ab420aa79
0000006ade0f21f9
0000006ade0f6e99
0000006af7c68ab9
0000006af7c6a7d9
0000006ba6eb91b9
0000006bcbce1439
0000006bcf1f5079
0000006bcf1f57d9
0000006bddefda39
0000006be4a0e179
0000006be4a0f279
0000006be4a13a59
0000006be4bae919
0000006c503f6419
0000006cd9b23639
0000006cf3aab3d9
0000006d37424119
0000006d37424879
0000006d37426af9
0000006d44c44399
0000006d53d50019
0000006d53d500b9
0000006d53d50779
0000006d53d510d9
0000006d53d53dd9
0000006d53d56019
0000006d53d57199
0000006d7fea66b9
0000006d7feac2f9
0000006da516fcf9
0000006da51737d9
0000006dacb460d9
0000006dacb46839
000000db9a501761
0000000000f47b71
0000000000000181
0000006e399451d9
0000006e3abe5499
0000006e3abe5519
0000006e3abe5bf9
0000006e68845859
0000006e68846639
0000006e6b1a15b9
0000006eaa8d3b39
0000006ef9792f19
0000006ef97950b9
0000006ef97960f9
0000006f0b441679
0000006f0ff3ecf9
0000006f0ff3fdd9
0000006f0ff40819
0000006f0ff437f9
0000006f17d69eb9
0000006f37bef939
0000006f74d37ab9
0000006f74d37b39
0000006f80c737b9
0000006f853df6b9
0000006f853e08d9
0000006f853e2d19
0000006f9d5906f9
0000006fe2ae63f9
0000006fe2fe04b9
0000006fe2fe2579
0000006fe4ea4f59
000000702a3a6cf9
0000007041db4879
0000007041db4959
0000007041db4ff9
0000007041db59b9
0000007041db5df9
000000705e6bf6d9
00000070648fc139
00000070648fcf99
000000706da72199
000000706da728d9
000000707c84a519
00000070903e6df9
00000070b4ec3f39
00000070ca20b259
00000070f3787919
00000071003cd019
00000071043cf119
00000071114f8b79
000000718038d599
0000007180391f99
000000718d413139
000000718d413899
000000718d414419
000000718d4145d9
000000718d417399
000000718d4184d9
000000718d419399
000000719d17bb99
000000719d17bc19
000000719d17c2f9
000000719d17cdf9
000000719d17e599
000000719d182479
00000071aef05279
00000071aef05319
000000727365d859
000000729cba79d9
000000729cba7a59
000000729cba8139
000000729cba8999
000000729cba8a99
000000729cba90b9
000000729cbaa0d9
000000729cbaa239
00000072bf301999
00000072f4a58bf9
000000735415b079
0000007396487799
00000073b3a86599
00000073e1f8bf59
00000073e8a7c0f9
000000743afd4079
000000745879e259
0000007468565899
000000748b32c099
000000748b32c119
00000074d2671bf9
00000074d3fbbd39
00000074d3fbc499
00000074d3fbccd9
00000074d3fbd559
0000007505bfae59
000000750b5e0d19
0000007514383179
000000751709cf39
000000753f2ad5f9
000000753f2ad699
000000753f2add79
000000753f2af2b9
00000075461b2af9
00000075461b3259
00000075461b41d9
000000757835a4f9
000000757835b639
00000075a9e5dff9
00000075a9e5fa19
00000075ac7f25b9
00000075ae132359
00000075ae1333f9
00000075af1127f9
00000075af112f79
00000075af1137b9
00000075af1139d9
00000075af114a19
00000075af11a8b9
00000075c7831719
000000765b33af39
000000765e7723d9
000000765e773499
000000765e773799
000000768c4abdb9
00000076914f03b9
00000076914f25f9
00000076a8f0c3f9
00000076a8f0d779
00000076b521c259
00000076c1630a79
00000076c3a18659
00000076d62ae919
00000076d9e18f39
00000076d9e1a239
00000076fcb9d419
000000770d9d43b9
000000ee3abb0c61
0000000000f47b71
0000000000000181
0000007721c792d9
000000774eafd7b9
000000774eafd859
000000774eafdf39
000000774eafe819
000000774eafed99
000000774eb01b99
000000774eb01d59
000000774eb022f9
000000774eb02459
000000774eb02e79
000000774eb033f9
000000774eb03579
000000774eb04079
000000774eb04939
000000776f95fff9
00000077ef688b59
00000077ef6909f9
00000077f862aeb9
000000780e3f7179
000000780e3f82b9
000000787a837bb9
000000787a838fb9
0000007899fabad9
0000007899fb1df9
0000007899fb4e39
0000007899fbc159
0000007899fbc279
000000789e9e6459
000000789e9eabd9
000000789e9ec2d9
00000078d9e57339
00000078d9e573b9
00000078d9e573f9
00000078d9e57a99
0000007900348719
00000079003487b9
0000007900348e99
000000790dcf8c39
000000790dcfd839
0000007911844139
0000007920a90579
000000795a9391b9
00000079c182b8d9
0000007a04241f79
0000007a04245a39
0000007a116ffe39
0000007a17613cb9
0000007a1bc6ab79
0000007a1f61b5d9
0000007a1f61d139
0000007a1f61d5f9
0000007a82bcf739
0000007a84afd019
0000007aa75c3719
0000007ab23b5c19
0000007ab23b6399
0000007ab23b7279
0000007abffee4f9
0000007abfff2bd9
0000007abfff4b19
0000007abfff4cf9
0000007ae73cdcf9
0000007af8dfd299
0000007af8dfe7b9
0000007af8e07959
0000007b243a2ef9
0000007b243a3659
0000007b243a40d9
0000007b243a46d9
0000007b243abff9
0000007b27a082b9
0000007b66295499
0000007b662962b9
0000007b6629b4d9
0000007b8c98a339
0000007b8c98a3b9
0000007b8c98e0f9
0000007ba42df679
0000007ba42e0899
0000007bbfc4e3d9
0000007bbfc4eb39
0000007bbfc4f679
0000007bbfc4f8b9
0000007bfebefe59
0000007c0276e059
0000007c42b645b9
0000007c97134ef9
0000007c9ad711f9
0000007c9e5ba259
0000007ca0f63339
0000007ca0f64399
0000007cb3897db9
0000007cb3898519
0000007cb3898b39
0000007cb3898bd9
0000007cb3899299
0000007cb3899a99
0000007cb3899b99
0000007cb3899d19
0000007ce7fb9ff9
0000007cf3aa7bd9
0000007d32647ab9
0000007d32648239
0000007d32648319
0000007d32648a19
0000007d32648a99
0000007d326492b9
0000007d326495d9
0000007d32649b19
0000007d3264a8b9
0000007d3264abb9
0000007d3264ad59
0000007d3264ba99
0000007d3264e859
0000007d3264f019
0000007d3264f799
0000007d3264fa79
0000007d3264fbd9
0000007d3264fed9
0000007d32650919
0000007d326509b9
0000007d32651799
0000007d32652a39
0000007d32652ff9
0000007d326533f9
0000007d326539d9
0000007d32655919
0000007d32657319
0000007d3265a4d9
0000007d3265a6d9
0000007d3265b6f9
0000007d3265ccb9
0000007d3265d439
0000007d3265dcf9
0000007d3265e0f9
0000007d32665639
0000007d4f069699
0000007d4f069739
0000007d4f06a9f9
0000007d5021fc39
0000007d69f4b4d9
0000007d6f8d9499
0000007d817c84f9
0000007d817c9739
0000007d95fec2f9
0000007da43cbcb9
0000007de1d3d579
0000007de1d3eaf9
0000007df57510b9
0000007df5751159
0000007dfbfc4f39
0000007e0efe6519
0000007e3b0b16b9
0000007e3b0b2a19
0000007ea97890d9
0000007edcbf9e59
0000007edcbfbc19
0000007f51c2c619
0000007f51c2dbb9
0000007f6ffb68b9
0000007f9a749e79
0000007fb66534d9
0000007fb6654879
0000007feb3ac679
0000008003effbb9
0000008008e4f0b9
0000008008e50079
0000008008e50179
0000008008e56839
0000008008e57719
00000080263c2cd9
0000008032e09e79
0000008032e09f39
0000008032e0a5f9
000000804e648659
000000804e648db9
000000804e6495d9
000000804e64f4b9
0000008055bd13d9
0000008055bd23d9
00000080673c5f99
00000080673c6039
00000100db260261
0000000000f47b71
0000000000000181
000000809ae04cb9
000000809ae0dcd9
000000809ae0f779
000000809ae0fed9
000000809ae10879
000000809ae12279
000000809ae13579
00000080b2071299
00000080b20712f9
00000080b2072859
00000080b207a7b9
00000080c1483bb9
00000080ecfc7d59
000000811bd973f9
000000812e6def39
000000812e6df6b9
000000812e6df7f9
000000812e6df899
000000812e6df8d9
000000812e6dff79
000000812e6e0179
000000812e6e0319
000000812e6e0939
000000812e6e09f9
000000812e6e0ad9
000000812e6e10b9
000000812e6e1899
000000812e6e1db9
000000812e6e4db9
000000812e6e6b39
000000815a6265f9
0000008185605f19
00000081975e87d9
00000081a7bda499
00000081ab0f0fb9
00000081ab0f20b9
00000081ab0f21b9
00000081d4394519
00000081f941e819
0000008227b2b999
000000822d9b1879
000000822d9b1fd9
000000822d9b2899
000000822d9b29b9
0000008230de5e19
0000008235fd7e99
000000823772d739
000000823772d8f9
000000823772deb9
00000082544270f9
00000082544271b9
0000008254427879
0000008254427939
0000008254428099
0000008254428d19
000000825442a319
000000825fcfad59
000000825fcfaf39
000000825fcfb4b9
000000825fcfc199
000000825fcfd379
000000825fd00279
000000825fd01659
00000082bb619399
00000082bb619559
00000082bb61a759
00000082bb61ba39
00000082cfbe2939
00000082f5226299
000000836e6d4ad9
000000839b54dc19
00000083a8441279
00000083b1b2c099
00000083ce221ed9
00000083e2f2dc19
00000083f99fb919
000000841b56ce19
000000843a717199
000000843da37e19
0000008450bb4e19
0000008450bb5f79
00000084bef1aaf9
00000084c5aa31f9
00000084c5aabb99
00000084d3ddb219
00000084e253a379
0000008501d11579
0000008501d13af9
00000085312505f9
00000085dd696cb9
00000085dd697439
00000085dd697a19
00000085dd697ed9
00000085dd698b99
00000085e833e139
00000085fbf12d59
000000869a111db9
000000869a113099
00000086a9ae45b9
00000086a9ae4d19
0000008718fffb59
0000008760a6add9
0000008760a6ae59
0000008760a6b539
0000008760a6bfb9
0000008760a6c359
0000008760a73b79
0000008760a73bf9
000000877c74daf9
000000878980dcb9
000000878980efb9
0000008789814a59
0000008823d27d99
0000008823d284f9
000000883af1f319
000000883af1f399
000000883af20379
000000883af20ff9
000000884e33b419
0000008852b65459
0000008852b654f9
0000008852b65bb9
0000008852b66499
0000008852b67179
0000008852b673d9
0000008852b67499
0000008852b68899
0000008852b69399
0000008852b69839
0000008852b6b659
0000008852b6bdb9
0000008852b6ca79
0000008852b6cf99
0000008852b6d1f9
0000008852b6d279
0000008852b6d8b9
0000008852b6d959
0000008852b6e079
0000008852b6e139
0000008852b6e5f9
0000008852b6e8b9
0000008852b6ef99
0000008852b6f499
0000008852b6fe59
0000008852b71019
0000008852b748f9
0000008852b75a79
0000008852b75b19
0000008852b75c39
0000008852b75e39
0000008852b761f9
0000008852b76bf9
0000008852b7f5b9
0000008852b7f799
0000008852b8d319
0000008870d52a39
0000008870d53199
000000888cf6cab9
000000888cf6d219
00000088947c5a59
000000889c09d139
000000889c09d2b9
00000088c5a25999
00000088c5a26b99
00000088c5a29a79
00000088dc7cceb9
00000088dcc3acb9
00000088ee316999
00000088ee31b859
00000088eea9a0d9
00000088eea9a179
00000088eea9a839
00000088eea9b059
00000088eea9ed19
00000088eeaa4cd9
0000008939feb9b9
000000898ced1f19
00000089b14b9979
00000089b5dcf3b9
00000089b5dd04d9
00000089b5dd2c79
00000089b5dd3a59
00000089b5dd9999
00000089b5ddb079
000001137b90f761
0000000000f47b71
0000000000000181
00000089d3be9099
00000089d3be9dd9
00000089e10048b9
00000089e26bd8f9
00000089e26becf9
00000089e26bed99
00000089e26bf1f9
00000089e26bf479
00000089e26c50d9
00000089e26c56b9
00000089e26c5839
00000089f1dc10d9
00000089f1dc1ef9
00000089f1dc2659
0000008a3d2c19f9
0000008a3d2c1a99
0000008a3d2c2159
0000008a3d2c2279
0000008a3d2c42b9
0000008a3d2ce1b9
0000008a3d2ce939
0000008a3d2d4d39
0000008a3d2db7f9
0000008a68a438b9
0000008a68a47e19
0000008a68a48039
0000008a7679ddd9
0000008a8acdd4f9
0000008a8acdd579
0000008a8acddc59
0000008a8e42a639
0000008a9aaf7319
0000008aba511839
0000008ad49186b9
0000008ade32a959
0000008ade32b0d9
0000008ade32bcb9
0000008af1301ab9
0000008b2e4bbe99
0000008b3d024799
0000008b3d024839
0000008b3d024879
0000008b3d024ef9
0000008b3d025a39
0000008b3d02bbd9
0000008b40056bb9
0000008b66c0d319
0000008be203d5f9
0000008be203dd59
0000008bf7fbb099
0000008bf7fbb219
0000008bf7fbc179
0000008c1b099039
0000008c1b09a519
0000008c1b09b859
0000008c4bbc8d19
0000008c4bbc9e99
0000008ca36e8d19
0000008cc89e05b9
0000008ce317fff9
0000008ce31801b9
0000008ce3180759
0000008ce3181839
0000008d2ab18039
0000008d4fb72939
0000008d8534c9d9
0000008d9f8ce879
0000008d9f8ce8f9
0000008d9f8cefd9
0000008d9f8cf739
0000008d9f8d45d9
0000008da7ad73d9
0000008da7ad7479
0000008da7ad7b59
0000008da7ad8b79
0000008da7ad8e59
0000008da7ad8ed9
0000008dbfe72859
0000008dcee68f99
0000008e816752f9
0000008e897dbb39
0000008e96e06999
0000008ea9f62719
0000008ea9f62e79
0000008ea9f63859
0000008ec44be319
0000008ec44bea79
0000008ec44bf7b9
0000008ec44c35f9
0000008ec44c4599
0000008f04816659
0000008f0481ac39
0000008f17cfa779
0000008f17cfa819
0000008f17cfaed9
0000008f17cfb519
0000008f17cfba79
0000008f17cfcbd9
0000008f17cfcf39
0000008f17cfdf59
0000008f17d002f9
0000008f17d00719
0000008f17d05fb9
0000008f2a3cdd59
0000008f2a3cddd9
0000008f2a3ce4b9
0000008f2a3cf839
0000008f2a3d3259
0000008f5754a8f9
0000008f5ddd3c99
0000008f5ddd4cb9
0000008f5f672239
0000008f5fb011b9
0000008f5fb01919
0000008f5fb02059
0000008f68d7a6d9
0000008f9aabe819
0000008fb037de19
00000090049067f9
000000901000e9b9
00000090103b0f59
0000009043f076f9
000000906bac1379
000000906bac1419
000000906bac1ad9
000000908f0855d9
000000908f085679
000000908f085699
000000908f085d39
000000908f0865f9
000000908f086759
000000908f08c099
000000908f2a3c79
0000009093d85559
0000009093d86ed9
0000009093d87e79
000000909b5d17f9
00000090aa470219
00000090abc81c79
00000090abc81e39
00000090abc82fb9
00000090b1d88179
00000090b1d8e739
00000090be49dc19
00000090f3658639
0000009104e55539
0000009114fd2a19
000000911d552cb9
000000911d553f99
000000912a9e5799
000000912a9e65b9
000000912a9e6879
000000914aea56f9
000000915eb8d6b9
0000009174d13d99
0000009174d14a79
0000009174d15eb9
0000009174d16e19
0000009174d16eb9
0000009174d16ef9
0000009174d17599
0000009174d17c19
0000009174d17e39
0000009174d17fb9
00000091a6fde019
00000091a6fde0b9
00000091a6fde0f9
00000091a6fde799
00000091a6fe36d9
00000091a6fe40b9
00000091a6fe53d9
0000009212406a39
0000009212406ad9
0000009212407199
0000009212407b59
000000925181cfd9
000000925e222fb9
000000925e223059
000000925e223099
000000925e223739
000000925e228079
000000928f387f19
000000928f388cd9
000000928f38d259
000000928f38dbd9
000000928f391299
00000092e554d2b9
000001261bfbec61
0000000000f47b71
0000000000000181
0000009325c84459
0000009325c87c79
0000009325c89b59
0000009325c89bf9
0000009325c8a2d9
0000009325c8ce99
0000009332f150d9
0000009332f16539
00000093862ef559
00000093862ef5d9
00000093862efcb9
00000093862f08b9
00000093862f0a59
00000093862f0c19
00000093862f11b9
00000093862f1cf9
00000093862f4bf9
00000093862f62d9
00000093a9e03879
00000093db188159
00000093ddb9e119
00000093ddb9e199
00000093ddb9e879
00000093f3baf559
00000093f3bb05b9
000000944752a279
000000946c69a3b9
000000946c69b599
0000009477105c39
00000094c2a971d9
00000094fc35ef39
000000951b8a5619
0000009547fedc39
000000957a4f59f9
000000957a4f5bb9
000000957a4f8a59
000000957a4fad99
000000957a4fbfd9
00000095b2bab319
00000095d8d40519
00000095d8d405b9
00000095d8d405f9
00000095d8d40c99
00000095d8d412b9
00000095d8d414b9
00000095d8d431b9
00000095d8d45ad9
00000095d8d4c2d9
00000095dce0f599
00000095e1cd3b39
000000960e3737f9
00000096194248d9
00000096194284b9
000000961c4b4679
000000961c4b5699
000000961c4b5739
0000009686f368b9
0000009686f37019
0000009686f375d9
0000009686f37ad9
0000009686f3b0b9
0000009686f3be19
0000009686f3e6b9
0000009686f3e939
0000009686f3f019
00000096ad1b5439
00000096ad1b5b99
00000096ad1b78f9
00000096ad1b8079
00000096ad1b8299
00000096ad1b87d9
00000096ad1b9539
00000096ad1b9a59
00000096ad1bcf59
00000096ad1beb39
00000096ad1bef79
00000096bbbe45d9
00000096bfbab439
00000096bfbab4b9
00000096bfbabb99
000000970346e439
000000973674fb39
00000097367502b9
00000097367507b9
0000009736750f99
0000009750fb8eb9
0000009750fb9ff9
0000009757e3d079
0000009757e3d7d9
0000009757e43139
0000009766efa879
0000009766efa8f9
0000009766efa939
0000009766efafd9
0000009766efb819
0000009766efca19
0000009766f00f39
0000009766f03d19
00000097773ec579
00000097773eccd9
00000097c1dd7299
00000097db456a19
00000097db457cb9
00000097e43d4bb9
00000097e43d5bf9
00000097e43d5f99
00000097eb1bad39
00000097eb1bfa79
00000098235f7e79
0000009888055ff9
00000098bcf45199
00000098cf2576f9
00000098cf2578f9
00000098cf2581d9
00000098cf258ab9
00000098cf258ef9
00000098d5a52919
00000098d5a5a359
00000098d5a5aa99
00000098d5a5ab19
00000098d5a5c1d9
00000098d5a60e19
00000098daf07739
00000098dbcc6af9
00000098e1ae9cd9
00000098f62ecd99
00000098f80e2bd9
0000009913ea59b9
0000009913ea6139
0000009913ea6279
0000009913ea6959
0000009913ea6ab9
0000009913ea7979
0000009913ea7a99
00000099174c2a99
000000992b6abaf9
000000996c2db979
000000997b1f0519
000000997d0826f9
000000998d1354f9
000000998d135579
000000998d1363b9
000000998d136a59
000000999f566ed9
000000999f56bd79
00000099a3520799
00000099b31bee19
00000099e55343b9
0000009a1d312ff9
0000009a2641f2f9
0000009a462b1339
0000009a462b1519
0000009a462b2799
0000009a462b2ef9
0000009a462b39d9
0000009a462b3bf9
0000009a462b4af9
0000009a462b53f9
0000009a462b5e19
0000009a462b8419
0000009a7f0ead59
0000009a7f0eb619
0000009a9cc18f59
0000009a9cc196d9
0000009a9cc1a199
0000009a9cc1c739
0000009ab7f8c1f9
0000009b0b586179
0000009b23271c19
0000009b23271cb9
0000009b23272db9
0000009b418b59b9
0000009b55b8e499
0000009b55b8f3b9
0000009b55b921f9
0000009b55b96cd9
0000009b55b98b99
0000009b8c779039
0000009b8c7797b9
0000009b8c77d659
0000009b8c77e519
0000009b8c784739
0000009bd3d503b9
0000009be1eecd39
0000009beeda0639
0000009c2e5c7079
0000009c2e5c7239
0000009c4f20ce19
0000009c4f20ce99
0000009c4f20d1d9
0000009c56fd70f9
00000138bc66e261
0000000000f47b71
0000000000000181
0000009c5dd8d7d9
0000009c6c3bd7b9
0000009c6c3bea59
0000009c6f9f5a79
0000009c71d71db9
0000009c71d73c79
0000009c71d77e19
0000009c71d77eb9
0000009c71d79fb9
0000009c71d7bfd9
0000009cb960d4b9
0000009d3859d139
0000009d4cc519d9
0000009d4cc52759
0000009db93dcef9
0000009db93e37d9
0000009dc1a75bf9
0000009dd6433459
0000009e001e8759
0000009e1bdf8a99
0000009e1f30bf59
0000009e9909f319
0000009e990a0859
0000009eb2e2e199
0000009ec82473b9
0000009f41c6e7f9
0000009f41c6e879
0000009f41c6fcb9
0000009f51fca4b9
0000009f51fca559
0000009f51fcac39
0000009f51fcfb19
0000009f51fd1d59
0000009f51fdc639
0000009fc8e9a479
0000009fce133eb9
0000009fce1340b9
0000009fce134cf9
0000009fce134f79
0000009fce135019
0000009fce135d19
0000009fce13a919
0000009fce13b7f9
0000009fce13b879
0000009ffc643b39
0000009ffc644c39
0000009ffc645ab9
000000a00be98b79
000000a00be992d9
000000a00be99c59
000000a03f2ed299
000000a042472ed9
000000a05f533939
000000a0680d8a79
000000a07e386319
000000a07e386399
000000a07e3864d9
000000a07e386a79
000000a07e3876b9
000000a07e387819
000000a07e38d0f9
000000a091398e79
000000a09139a179
000000a093e0a519
000000a093e0ac79
000000a093e0b619
000000a093e0bd59
000000a093e0bdd9
000000a093e0bf39
000000a093e0c499
000000a093e0c779
000000a093e0c859
000000a093e0c8f9
000000a093e0ca39
000000a093e0cd79
000000a093e14339
000000a0d2042959
000000a0d2043d99
000000a0d2044039
000000a0d2045019
000000a0d20451d9
000000a0d2045659
000000a0e7b6fa99
000000a1600b1719
000000a16df4aad9
000000a174f4e179
000000a1904e01f9
000000a1904e0419
000000a1904e1379
000000a1904e1499
000000a1904e2519
000000a195844979
000000a1b7e9e099
000000a1b7e9e159
000000a1bc98eb39
000000a1f89da7f9
000000a1f89dbdf9
000000a248a30839
000000a248a31b79
000000a248a31d59
000000a248a358f9
000000a2491befb9
000000a26e91a719
000000a287077499
000000a287077bf9
000000a28707a259
000000a2972ea239
000000a2c25c9dd9
000000a2cc5524d9
000000a2ce750d99
000000a2d0c9b219
000000a2e470fbd9
000000a3021cf8f9
000000a3021d0079
000000a3021d09d9
000000a3021d4839
000000a3021d6579
000000a3021d71d9
000000a303146dd9
000000a334fab619
000000a33dd00739
000000a34d8d9db9
000000a34d8d9e79
000000a34d8da539
000000a34d8dad59
000000a3599ed6d9
000000a3599ee4d9
000000a3599eea79
000000a385dc93d9
000000a409fb97d9
000000a409fba839
000000a40ea3e779
000000a40ea3e919
000000a40ea3ead9
000000a40ea3f919
000000a442ea05f9
000000a45a3d8619
000000a46480ddb9
000000a4d9ca0e19
000000a520176bb9
000000a567f98739
000000a5a71cf799
000000a5a71d0bb9
0000014b5cd1d761
0000000000f47b71
0000000000000181
000000a5ae5407d9
000000a5d1392a59
000000a5d4b58b79
000000a5d4b59439
000000a5fc29fd39
000000a6116a0339
000000a628d871d9
000000a6336c6319
000000a639f57919
000000a676b2d359
000000a67d127cb9
000000a67d127e79
000000a68bf3ddd9
000000a6af643e99
000000a6b2e71039
000000a6b2e71239
000000a6b2e720f9
000000a6b2e72179
000000a6b2e72859
000000a6b2e754d9
000000a6b2e75579
000000a6b2e76a19
000000a6b2e785d9
000000a6b2e787b9
000000a6b2e78839
000000a6b2e78879
000000a6b2e78f39
000000a6b2e79359
000000a6b2e79439
000000a6b2e7ea39
000000a6b2e82a19
000000a6b4d318b9
000000a6b4d33019
000000a6c4ee95d9
000000a6e7664979
000000a6e76650d9
000000a6e76662f9
000000a6f0834dd9
000000a70bb22cb9
000000a75a3a5019
000000a75a3a50b9
000000a75a3a50f9
000000a75a3a5799
000000a75a3a9fb9
000000a7700db179
000000a7700dc079
000000a774088479
000000a7871782f9
000000a787ce3b39
000000a787ce4b59
000000a787ce4c79
000000a787ce74f9
000000a787cec9b9
000000a7a576f7b9
000000a7ad7549d9
000000a7cfba8ed9
000000a7d3040b39
000000a7d3044b99
000000a7f07e1ab9
000000a7f07e30b9
000000a7f3799879
000000a8000b4159
000000a8000b48b9
000000a8000b5259
000000a832ad3cb9
000000a864b06d39
000000a864b074b9
000000a864b0f8f9
000000a864b10ff9
000000a880ed2f99
000000a8b6c64319
000000a8b6c64399
000000a8b6c65999
000000a8c6ee50d9
000000a8c6ee5179
000000a8c6ee5839
000000a8c6ee8939
000000a908a59a59
000000a95697d5b9
000000a95697e8b9
000000a9740f2bd9
000000a990346499
000000a991e1fab9
000000a991e23c39
000000a991e295b9
000000a9936dee79
000000a9b4fd12d9
000000aa036b99d9
000000aa1614cef9
000000aa2fb469d9
000000aa2fb479f9
000000aa2fb490f9
000000aa4f68ebb9
000000aa4f68edd9
000000aa4f68f319
000000aa4f6924d9
000000aa4f693e79
000000aa4f6953b9
000000aa4f695719
000000aa55b22799
000000aa55b23cd9
000000aa5b8d3619
000000aa5b8d7299
000000aa966dbbb9
000000aad77e4759
000000ab10a532f9
000000ab10a547b9
000000ab10a54f39
000000ab10a55ad9
000000ab10a56399
000000ab2cc358f9
000000ab4cd7b9f9
000000ab547a5f19
000000ab547a6f99
000000ab5d7b3279
000000ab984a10f9
000000aba93b6259
000000abd54fb919
000000ac06ad11d9
000000ac06ad1279
000000ac06ad1659
000000ac06ad1939
000000ac06ad51b9
000000ac13242e19
000000ac59858379
000000ac9f57db39
000000aca56f5239
000000aca97864d9
000000acc4c92d19
000000acc4c92db9
000000acc4c92ed9
000000acc4c93499
000000acc4c93f39
000000acc4c948d9
000000acc4c94959
000000acc4c98519
000000ad25a560d9
000000ad26a34359
000000ad27b534b9
000000ad78df7019
000000ad78df70b9
000000ad78df8059
000000ad7eb6b139
000000ad7eb6c0f9
000000ad96d596d9
000000ad96d60259
000000ad9bfb9cf9
000000ada319b8d9
000000ada31a2cd9
000000ada31a9fd9
000000ae0c573099
000000ae38a4ccb9
000000ae3fcfff19
000000ae4b769bb9
000000ae8ee7b6b9
000000ae8ee81719
000000ae8ee817d9
000000ae8ee82af9
000000aeab77d899
000000aeab7800b9
000000aed373b9f9
000000aed417aa59
000000aefdc7fdb9
0000015dfd3ccd61
0000000000f47b71
0000000000000181
000000af97e592b9
000000afbb9e3079
000000aff7e1ef79
000000aff7e1eff9
000000b0045cb079
000000b011ef1199
000000b01a39da39
000000b06a7bed19
000000b15251bd39
000000b15251c499
000000b15251cf39
000000b1525214f9
000000b17300cf79
000000b1742a9519
000000b175dc2e39
000000b175dc2ff9
000000b175dc31d9
000000b175dc88f9
000000b17d84a219
000000b17fc75819
000000b187d15a59
000000b1a7d8f2d9
000000b1bc3f3f59
000000b1d585a119
000000b202262699
000000b20df22999
000000b242e89d19
000000b25761f779
000000b257620df9
000000b257621579
000000b257621f99
000000b257625cf9
000000b269a265b9
000000b28cd6a1f9
000000b2988fed59
000000b2a186f0b9
000000b2fabb7e59
000000b2fabc10d9
000000b2fabc6939
000000b2fabca159
000000b3183d2c39
000000b31f63ded9
000000b31f63f2f9
000000b31f640319
000000b324fbb039
000000b324fc07b9
000000b324fc1b59
000000b40a5fa039
000000b40cc68519
000000b40cc697b9
000000b40cc69b79
000000b40cc69d39
000000b40cc6adf9
000000b40cc6b919
000000b40cc703f9
000000b40cc72839
000000b41cbc6e59
000000b44008e7b9
000000b448dedbd9
000000b4642b6579
000000b46e9726d9
000000b46e972779
000000b46e972e39
000000b46e9737b9
000000b46e975d79
000000b46e975f39
000000b46e977899
000000b46e977c59
000000b47d98f839
000000b47d990ab9
000000b480d4a8f9
000000b49e6fbb39
000000b49e7023f9
000000b4b36f2359
000000b4cf7b7559
000000b4e343ee19
000000b4e4087fd9
000000b4fc0f6db9
000000b4fc0f6e59
000000b4fc0f7539
000000b4fc0f7e79
000000b4fc0f7f39
000000b4fc0f8299
000000b4fc0f8919
000000b4fc0fdc39
000000b4fc0fde99
000000b4fc0feab9
000000b4fc0ff439
000000b5096a3eb9
000000b5096a51b9
000000b51153d239
000000b52822ec59
000000b52822ecd9
000000b5282303f9
000000b528235df9
000000b5283591d9
000000b56f31a8b9
000000b56f31a939
000000b5d12daeb9
000000b5d12df159
000000b5d12e08b9
000000b5d12e1ad9
000000b5d12e2d99
000000b5e3e38799
000000b5e7447e59
000000b633e956b9
000000b670245a19
000000b6b5405c39
000000b6be3238d9
000000b6be323c19
000000b6be324039
000000b6be3246d9
000000b6be3251d9
000000b6dca1c679
000000b6dca1fa39
000000b6dca23919
000000b6dca24979
000000b6dca250d9
000000b6dca255f9
000000b6dca25a99
000000b6dca25b59
000000b6dca25e59
000000b6dca2a099
000000b6dd031599
000000b6dd031639
000000b6dd031cf9
000000b6dd032519
000000b6dd033819
000000b6dd033939
000000b6dd0362d9
000000b6f4463d19
000000b6f4463d99
000000b6f6bc7119
000000b6f6bc9b59
000000b6fa5c0859
000000b6fa5c0fb9
000000b6fa5c1959
000000b6fa5c1af9
000000b6fa5c1df9
000000b6fa5c7c99
000000b721f76619
000000b721f777d9
000000b721f7d3b9
000000b74c7accf9
000000b74c7b3339
000000b764501cf9
000000b77c05d799
000000b77d837f99
000000b77d839499
000000b7ac051159
000000b7fe5c3c79
000000b7fe5c4d59
000000b7fe5c4e79
000000b7fe5cd039
000000b7fe5ce819
000001709da7c361
0000000000f47b71
0000000000000181
000000b85d8279f9
000000b888239df9
000000b88823a579
000000b89553f379
000000b895542979
000000b89f9697d9
000000b89f969859
000000b89f969979
000000b89f96aa79
000000b89f96d059
000000b8b7c53879
000000b8b7c5c1f9
000000b8b7c5d879
000000b8b83f1339
000000b8be6d00b9
000000b8ece02db9
000000b8ffc6eed9
000000b9a4ad8759
000000b9c00b6599
000000b9c00bb559
000000b9c00bc839
000000b9c00bf199
000000ba06fb6839
000000ba06fb69b9
000000ba06fb7ed9
000000ba294df939
000000ba294e1ad9
000000ba35de77d9
000000ba43c6d139
000000ba469d0119
000000ba469d01b9
000000ba469d02f9
000000ba469d0499
000000ba469d0899
000000ba469d10d9
000000ba469d1699
000000ba469d2199
000000ba469db719
000000ba4bfa1959
000000ba603bae59
000000ba603bc159
000000ba603be059
000000ba603bfb59
000000ba86358b59
000000ba863598d9
000000ba8635ca79
000000ba8a6d7c79
000000ba9cdf2019
000000ba9cdf20b9
000000ba9cdf2239
000000ba9cdf2799
000000ba9cdf2f99
000000ba9cdf3939
000000ba9cdf7419
000000baa14840f9
000000baa1489e59
000000baa1496539
000000bb0c2084d9
000000bb0c208c39
000000bb0c209699
000000bb0c209e79
000000bb65e6e3f9
000000bb70bb0bf9
000000bb72dda679
000000bb8246fe19
000000bbc50badb9
000000bbc50bbd59
000000bbd1801dd9
000000bbd1801f99
000000bbdf7942b9
000000bbdf794359
000000bbdf794499
000000bbdf795199
000000bc24994cb9
000000bc324794b9
000000bc3247abf9
000000bc3247ac79
000000bc3247b0b9
000000bc3247b359
000000bc3247be79
000000bc3247bf19
000000bc3247c3b9
000000bc3247f4b9
000000bc3247f559
000000bc3247f6b9
000000bc3247f579
000000bc3247ff79
000000bc32484b39
000000bc32487cd9
000000bc3248a839
000000bc3248b9d9
000000bc5ccbbd59
000000bc7ddf6c99
000000bca3a3b2b9
000000bca3a3c559
000000bca3a3d6d9
000000bca3a3d7f9
000000bcad797339
000000bcad797ab9
000000bcc54300b9
000000bcce0e4499
000000bce0944459
000000bcfae42459
000000bd2a877a59
000000bd647a0319
000000bd647a0a79
000000bd85551879
000000bd9c81ded9
000000bdae103dd9
000000bdae103e59
000000bdae10ce19
000000bde5a94ed9
000000be2ab88bb9
000000be36332159
000000be40c55fd9
000000be45ddbe79
000000be669c6079
000000be669c6eb9
000000be669c6f39
000000be669c7e99
000000be80cfc9f9
000000be9625e219
000000be9acf0999
000000bed86d6b19
000000bed86dce79
000000bf18f889d9
000000bf18f89af9
000000bf3074f7d9
000000bf3074ff39
000000bf43364619
000000bf71dea619
000000bf71dea699
000000bf71deb8b9
000000bfa4da9319
000000bfa4da9a79
000000bfae52b4b9
000000bfe7acc5d9
000000c00c579579
000000c01039ecb9
000000c01039ed39
000000c01039ee79
000000c01039f419
000000c0103a0e59
000000c0103a2259
000000c0103a5059
000000c0103a61d9
000000c0591d01f9
000000c070d0e3b9
000000c070d11939
000000c0904625f9
000000c0904643b9
000000c0b7bfcd19
000000c0b7bfda99
000000c0d36e9a19
000000c0d36e9ab9
000000c0d36ea179
000000c0d36ed839
000000c0f7a9e2f9
000000c0f7a9e379
000000c0f7a9f339
000000c0f7aa3b59
000000c0f7aa3c99
000000c0f7aa4419
000000c0f7aaa9b9
000000c0f7ab0619
000000c0f7ab0699
000000c162f3ce99
000000c162f3ecd9
000001833e12b861
0000000000f47b71
0000000000000181
000000c1e964f819
000000c1e9650959
000000c1e96509d9
000000c1e9651eb9
000000c1e9652639
000000c1e9653039
000000c1e9653419
000000c1e9654a19
000000c1e965b839
000000c1ed2f0bb9
000000c1ed2f1ed9
000000c1f7fabb99
000000c1f7fac319
000000c1f7facd59
000000c2165124f9
000000c24e3db019
000000c29f943599
000000c2c1217119
000000c2c1217879
000000c2c12184b9
000000c2c1218b19
000000c2f114ac39
000000c2f24c3799
000000c2f24c4fb9
000000c2f24c5f19
000000c2f24c75b9
000000c2f2f661f9
000000c2f54c7039
000000c2f54c84d9
000000c2fcb3d879
000000c30bc5e2f9
000000c30d444f39
000000c32ad147d9
000000c32ad17e99
000000c32ad19199
000000c34f63f699
000000c34f6407b9
000000c34f640939
000000c34f644679
000000c358d12799
000000c358d12ef9
000000c358d136b9
000000c358d17d39
000000c358d1a3f9
000000c358d1b4f9
000000c384a2a579
000000c38c9e94d9
000000c38c9e9c59
000000c38c9ea5b9
000000c3989e0e39
000000c3989e0ed9
000000c3989e1599
000000c3989e6679
000000c3d79e3659
000000c3dc27ea79
000000c3dc27fcb9
000000c3dc2919f9
000000c3e26df019
000000c3f8b55dd9
000000c43ab69a39
000000c43ab6b099
000000c43ab70c39
000000c43ab70c99
000000c43ab76459
000000c440d19799
000000c4829cf119
000000c483152f19
000000c483158db9
000000c4924c2a79
000000c4924c31f9
000000c4af303139
000000c4b446c159
000000c4c751fab9
000000c4c75212d9
000000c4c7521359
000000c4c75221f9
000000c4c7522319
000000c4c7526e19
000000c4eb3756d9
000000c4eb377cf9
000000c4eb3792f9
000000c4f07df0b9
000000c524f080b9
000000c524f09139
000000c524f098b9
000000c524f0ec99
000000c524f104d9
000000c524f10699
000000c524f14a99
000000c55b128419
000000c55b1314d9
000000c55b1366f9
000000c55b136779
000000c5e20fe399
000000c5e20fe539
000000c660a537b9
000000c660a5de79
000000c660bb0259
000000c676487319
000000c676487a79
000000c6764884d9
000000c6f33ab479
000000c70e1dd639
000000c71995bb59
000000c741657679
000000c763e09399
000000c763e09419
000000c763e0ac59
000000c78a623a99
000000c7a11aa359
000000c7a11ab5b9
000000c7a11ab699
000000c7a11ac619
000000c7aeab2339
000000c7aeab3c19
000000c81bdd53d9
000000c81bdd5579
000000c81bdd69f9
000000c81bdd6a79
000000c81bdd7159
000000c81bddc6d9
000000c82b493f19
000000c82ee30519
000000c87ffa20b9
000000c87ffa2819
000000c8880d2719
000000c8880d6d39
000000c898083759
000000c89808aeb9
000000c8bd46fdb9
000000c8bd871159
000000c8bd8718b9
000000c8bd8721b9
000000c8ccc47879
000000c9012e9219
000000c9012e9979
000000c9023ec739
000000c9023ed939
000000c9023f3e79
000000c9023f8d79
000000c9023f9f99
000000c9023fa139
000000c9056f9879
000000c924c06a59
000000c924c07bf9
000000c96650f039
000000c985de82f9
000000c985de9399
000000c9c4cdc1b9
000000c9c4cdc939
000000c9c4cdd119
000000c9c4cdd519
000000c9c4cdde59
000000c9c4ce2559
000000c9c4ce25d9
000000ca0ed14359
000000ca0ed153d9
000000ca81440a79
000000ca814411f9
000000ca81444919
000000cac1d636d9
00000195de7dae61
0000000000f47b71
0000000000000181
000000caf2622859
000000cafd9c3a59
000000cb36411d39
000000cb56417599
000000cb579c9079
000000cb5b6bd219
000000cb654a1539
000000cb6e308bf9
000000cb6e309c39
000000cb6e30b019
000000cb8c128979
000000cb8c12dad9
000000cb9f69e379
000000cbd88f9a99
000000cbe4926ab9
000000cbe4927c39
000000cbf1364fb9
000000cbf1365739
000000cbf1365f19
000000cbf136f8d9
000000cc01938f19
000000cc01939699
000000cc16395f19
000000cc1d9d85f9
000000cc1d9dbdf9
000000cc21f03959
000000cc21f09639
000000cc21f0e4d9
000000cc229343f9
000000cc239d9139
000000cc2f43c899
000000cc2f43c939
000000cc2f43ca59
000000cc2f43d019
000000cc2f440619
000000cc2f440f19
000000cc36ec72d9
000000cc723a1ab9
000000cc723a2919
000000cc9b060a39
000000cc9b066919
000000ccc86389d9
000000cd15730899
000000cd5d656a39
000000cddaa7c599
000000cdeb089c99
000000cdeb08a3f9
000000cdeb08abf9
000000cdeb08fd39
000000cdeb090099
000000cdeb0919f9
000000cdeb093259
000000cdeb0946f9
000000ce6397a9d9
000000ce9ee29999
000000ce9ee2b5b9
000000ce9ee30a99
000000ced1d86b59
000000cf491e65d9
000000cf491e7619
000000cf491e7739
000000cf491ead79
000000cf491ed339
000000cf6a0ca0b9
000000cf767a7d59
000000cf781f2e39
000000cf781f7219
000000cfba6462d9
000000cfba6464b9
000000cfba64bf99
000000d02922f519
000000d02922f599
000000d03ccf0df9
000000d03cf3cff9
000000d03cf3e739
000000d05af2e7f9
000000d06d7bc159
000000d06d7bd259
000000d06d7be3d9
000000d06d7bf139
000000d06d7bf1b9
000000d06d7bf399
000000d06d7bf899
000000d06d7c0239
000000d06d7c3bf9
000000d0ca1c12d9
000000d0d98ea119
000000d0e3910059
000000d0e3914899
000000d12df47e99
000000d142370dd9
000000d1e17b3cf9
000000d1e17b5119
000000d1e17b60f9
000000d1e17b71b9
000000d1e17b7579
000000d1e17b7939
000000d1e17b8359
000000d1e17b9239
000000d1e17baf99
000000d1e17bc3b9
000000d1e17bd459
000000d1e17bebd9
000000d1ebf2ee79
000000d226362059
000000d255300059
000000d2553000d9
000000d2553011d9
000000d2c2cfc819
000000d2faad4279
000000d326550439
000000d326553e99
000000d34e7d12d9
000000d34e7d1379
000000d34e7d14b9
000000d34e7d1a39
000000d34e7d2379
000000d34e7d5539
000000d34e7d5ad9
000000d3b71f3319
000000d3eefdc699
000000d3ef353519
000000d41e2fb9f9
000000d41e2fc159
000000d41e2fcb79
000000d41e2fe139
000000d41e3005f9
000000d41e302559
000000d4229f0bd9
000000d42c672b59
000000d42c673e39
000000d42c673f59
000001a87ee8a361
0000000000f47b71
0000000000000181
000000d478f9ba19
000000d47ed26679
000000d47ed26dd9
000000d47ed27759
000000d47ed28739
000000d47ed29a19
000000d47ed29ab9
000000d47ed2a199
000000d47ed2abb9
000000d49cb534d9
000000d4bcdee999
000000d4f128b259
000000d4f128c599
000000d4f128c839
000000d4f1291c79
000000d4fd575e99
000000d53b7c26d9
000000d53b7c2779
000000d53b7c2e39
000000d53b7c3679
000000d53b7c3dd9
000000d53b7c7579
000000d53b7c7999
000000d53b7c9919
000000d551772419
000000d5668e3599
000000d567802fd9
000000d5717b0079
000000d5717b11f9
000000d5717b1299
000000d5717b13f9
000000d5717b1979
000000d5717b20d9
000000d5717b22d9
000000d5717b3f59
000000d5717b48d9
000000d5717b5879
000000d5717b79f9
000000d5717b9379
000000d58b302e79
000000d61c5cd519
000000d6244bf079
000000d643bee119
000000d643bf4d59
000000d643bff639
000000d65fc22b59
000000d6637c6379
000000d6637c7339
000000d6637c7459
000000d6637cde79
000000d66eeac659
000000d68856d019
000000d695f59859
000000d6d06bdcf9
000000d6ee232ed9
000000d753de10f9
000000d76fc7ad59
000000d78bb00479
000000d7a5a08f39
000000d7d5db3d79
000000d7d5db5059
000000d7d91ea739
000000d7d91eb599
000000d7d91eb7b9
000000d7d91eb9b9
000000d7d91ec4b9
000000d7d91ef5b9
000000d7d91efe39
000000d7e94c15d9
000000d7f5890af9
000000d7fd0a4a59
000000d88ce78dd9
000000d893623739
000000d8a8c29a19
000000d8bbd5e139
000000d8bbd5f1b9
000000d8d636b799
000000d9232329b9
000000d923233119
000000d923234119
000000d923239ab9
000000d92512e799
000000d92512eef9
000000d92512f879
000000d92512fd19
000000d925131379
000000d949eeb219
000000d971b09699
000000d980561bb9
000000d984d51439
000000d9bc0522d9
000000d9bc052399
000000d9bc052a59
000000d9bc053419
000000d9bc05aab9
000000d9ce448039
000000d9f986be19
000000da0d8a3359
000000da58345539
000000da5e397ef9
000000da5e399d19
000000da61d0db59
000000da61d0e2b9
000000da61d0eaf9
000000da61d0f6d9
000000da61d0fc79
000000da75b16559
000000da7b890e99
000000da7b891c99
000000da7b8936b9
000000da7b89adf9
000000da7b89b0b9
000000da7b89c0f9
000000da7b89c359
000000da7b89d459
000000da8a2abd99
000000da8a2ad039
000000da98b0d139
000000da98b0d899
000000da98b0df19
000000da98b0e519
000000da98b0e8d9
000000da9bf5a879
000000daa5ff0d19
000000daa5ff1c59
000000daa5ff1e19
000000daa5ff23b9
000000daa5ff2e79
000000daa5ff3c39
000000daa5ff50f9
000000daa5ff9bf9
000000dafebac559
000000db04985939
000000db0f0b5999
000000db19831999
000000db19831a19
000000db19831b79
000000db198396d9
000000db32ab2b79
000000db5c093f19
000000dba7baf279
000000dbe8293059
000000dbee05ad79
000000dbee05c519
000000dc08a68eb9
000000dc0bee4439
000000dc16d03339
000000dc16d04539
000000dc1eb72119
000000dc1eb721b9
000000dc1eb732f9
000000dc1eb75c19
000000dc1eb78a39
000000dc21415719
000000dc21417979
000000dc52f22699
000000dc52f22739
000000dc52f29c19
000000dc6cb06719
000000dc7d9f2ef9
000000dcc35f2299
000000dcc35fabf9
000000dcd1e4b4b9
000000dce3e23039
000000dce3e24299
000000dce3e24439
000000dce3e251d9
000000dce3e258d9
000000dce3e25cf9
000000dce3e25d79
000000dce3e25db9
000000dce3e27039
000000dce3e270f9
000000dd460176b9
000000dd46018d79
000000dd4601f499
000000dd65049a99
000000dd65049b39
000000dd6504a1f9
000000dd6504ab79
000001bb1f539961
0000000000f47b71
0000000000000181
000000dd8f611d79
000000dd8f6131f9
000000dddee90479
000000dddee904f9
000000dddee95cd9
000000ddfee768d9
000000de037001d9
000000de03700939
000000de03701559
000000de037052b9
000000de03705e79
000000de2922afb9
000000de29231079
000000de29231259
000000de3e6e3619
000000de550b5a59
000000de622bc179
000000de92cda6b9
000000de9a74ad99
000000dee1b30079
000000df001f7d39
000000df0af13599
000000df0af182d9
000000df210678f9
000000df248a9af9
000000df2e99ddf9
000000df2e99ff19
000000dfec65f9b9
000000e0566db5b9
000000e0566e26d9
000000e06466d059
000000e06466d7b9
000000e06466e619
000000e06466e999
000000e064672e39
000000e064673099
000000e069d4aa79
000000e138f09c79
000000e138f09d19
000000e138f09e19
000000e138f0a3f9
000000e138f0af39
000000e138f0b0b9
000000e138f0c819
000000e138f0d099
000000e138f0f699
000000e180d33c99
000000e180d34b39
000000e180d35019
000000e180d35159
000000e180d36159
000000e1a4572b19
000000e1a9504119
000000e1b0fdcb19
000000e1bc6f6279
000000e1bc6f69d9
000000e1bc6f7199
000000e1bc6f7279
000000e1bc6fdc39
000000e1bc6fdcb9
000000e1bc6fddd9
000000e1bc6feb59
000000e1bc6fedf9
000000e1bc6ff059
000000e1bc700279
000000e1bc7039d9
000000e1bc703a79
000000e1bc703bd9
000000e1bc704159
000000e1bc705f79
000000e1bc706619
000000e1bc707499
000000e1bc708bd9
000000e1bc708c79
000000e1bc709e79
000000e1bc70c779
000000e1bc70f9d9
000000e1bc710099
000000e1bc710af9
000000e20cdf3719
000000e231c19dd9
000000e231c19e79
000000e231c1a539
000000e231c1aed9
000000e231c1d1b9
000000e231c1d259
000000e231c1e359
000000e231c1f239
000000e231c20759
000000e23b704519
000000e2713c5039
000000e2750fb899
000000e2750fbff9
000000e2750fc7b9
000000e2750fc859
000000e2750fcc39
000000e2750fcf19
000000e2750fd719
000000e2750fd9f9
000000e2750fdcb9
000000e2750ffcd9
000000e275101699
000000e275101739
000000e275101779
000000e275101bf9
000000e275101e19
000000e2751025f9
000000e275102699
000000e275102a79
000000e275102df9
000000e275103879
000000e275107a99
000000e275108879
000000e27510b9f9
000000e27510ba79
000000e27510c879
000000e27510cb59
000000e275112fd9
000000e27a5b4c39
000000e287c219b9
000000e287c29a79
000000e287c29b19
000000e287c29c79
000000e287c2a1f9
000000e287c2afd9
000000e287c2b079
000000e287c2b759
000000e287c30bd9
000000e289d61359
000000e289d67779
000000e294aea979
000000e294aeb919
000000e2a513a9b9
000000e2a75bf779
000000e2b61555b9
000000e2d0393bf9
000000e2d039d739
000000e316f61dd9
000000e316f62e79
000000e31e620419
000000e31e6204b9
000000e31e620b79
000000e31e623f59
000000e329b10499
000000e329b114f9
000000e35a7aa159
000000e35ace1f19
000000e35ace3179
000000e37b8aafd9
000000e37b8ac1d9
000000e37b8b3439
000000e37b8b45d9
000000e37b8b4759
000000e37b8b49b9
000000e37b8bb0b9
000000e3b2f6e339
000000e3c9fb6119
000000e3c9fb6199
000000e3c9fb6879
000000e3c9fb7219
000000e3f963a779
000000e3fea9e699
000000e4485d4cd9
000000e47bac1d59
000000e4c8576599
000000e4c8576699
000000e4c8577d59
000000e51f097fb9
000000e52d8d4039
000000e54d6a2299
000000e54d6a3259
000000e54d6a3a19
000000e54d6a4979
000000e55dcd4159
000000e55dcdad99
000000e5bbb46479
000000e5daf630b9
000000e5daf65eb9
000000e5f7b41939
000000e5fb898899
000000e5fb899019
000000e63602e1d9
000000e63602e259
000000e63602e939
000000e63602f419
000000e63602f539
000000e68b46d739
000000e6cd3b2919
000000e6cd3b3679
000000e6cd3b45f9
000000e6d9c0af59
000000e6d9c0bef9
000001cdbfbe8f61
0000000000f47b71
0000000000000181
000000e6eceb3fb9
000000e6eceb46f9
000000e6f9fcadb9
000000e6f9fceb19
000000e7147c1659
000000e730752159
000000e7367bd179
000000e7367bd8d9
000000e7367bdf19
000000e7367be059
000000e7367be139
000000e7367bf059
000000e7367c0e19
000000e7367c4b19
000000e763740679
000000e763740dd9
000000e763741a99
000000e763742a39
000000e77ba4faf9
000000e79c82e4d9
000000e7b5985639
000000e7b5dc2979
000000e7d31aa939
000000e7f1158779
000000e7fefae419
000000e7fefb16d9
000000e827666539
000000e8276675d9
000000e827667ab9
000000e827669ad9
000000e84136ba59
000000e84136baf9
000000e84136c1b9
000000e894343bd9
000000e894343df9
000000e8d605e319
000000e8ebf6b1d9
000000e8ebf6b259
000000e8ebf6b939
000000e9223b46d9
000000e9223b4e39
000000e9223b58f9
000000e9223b6619
000000e9223b6699
000000e9223b6d79
000000e986076a19
000000e986077239
000000e9860778f9
000000e986077979
000000e986078059
000000e986081599
000000e9b63c5919
000000e9b63c7d99
000000e9d3bfdad9
000000e9e2df62f9
000000e9ef867159
000000e9f40e4859
000000e9f40e48d9
000000e9fbb90399
000000e9fbb90419
000000e9fbb9aed9
000000e9fbb9bed9
000000e9feb875d9
000000e9feb88519
000000e9feb89779
000000e9feb89b99
000000e9ff3ca399
000000ea1c408dd9
000000ea1e10abd9
000000ea2627a0b9
000000ea33d13319
000000ea33d143d9
000000ea41540979
000000ea4fbb69f9
000000ea57738e39
000000ea5773d979
000000ea681f0219
000000eb070150f9
000000eb07015199
000000eb07015219
000000eb070158f9
000000eb07018f99
000000eb5a562df9
000000eb5d14a059
000000eb6a600bf9
000000eb6a6022b9
000000eb6ef688b9
000000eb6ef68a79
000000eb720ae779
000000eb7b1a4e79
000000eb7b1abd99
000000ebb9cc18d9
000000ebb9cc2039
000000ebb9cc2919
000000ebb9cc4ef9
000000ebb9cc6e19
000000ebf7af0f19
000000ec02ab6d59
000000ec02ac03b9
000000ec03fdcc99
000000ec03fdd419
000000ec03fddd39
000000ec349bf899
000000ec349c0df9
000000ec349c5259
000000ec47e17ad9
000000ec47e18239
000000ec47e1c2f9
000000ec4a9f1bd9
000000ec74cbbc59
000000ec864663d9
000000ec86466479
000000ec864664b9
000000ec86466b39
000000ec8ad6f139
000000ec8ad727b9
000000ec8ad72f39
000000ec8ad74f19
000000ec8c0ba5f9
000000ecbd778af9
000000ecdb2af5f9
000000ed3bbb1e79
000000ed3bbb1f19
000000ed3bbb3d59
000000ed3bbb90b9
000000ed5dc9f4d9
000000ed899fa099
000000eda77c4299
000000edc54a39f9
000000edc54a4ab9
000000eddc74ed99
000000eddc756119
000000edf4678db9
000000edf467e439
000000edf467fc19
000000edf4680a59
000000edf4686799
000000edff9bdd79
000000ee0ad2fa79
000000ee4218f639
000000ee4c1368b9
000000ee4ec38199
000000ee6791ca39
000000ee6791cc39
000000ee6791de79
000000ee67922919
000000ee89b27359
000000eea2029119
000000eea4b74259
000000eec42233d9
000000eed6e58599
000000ef25f62fb9
000000efa71bab79
000000efc3a8d379
000000efc3a8e139
000000efc3a94bf9
000000eff870ecf9
000001e060298461
0000000000f47b71
0000000000000181
000000f063ae44b9
000000f063ae4c19
000000f06b754e19
000000f06b755159
000000f06b755579
000000f06b755f79
000000f06b756159
000000f08c5e1139
000000f097a1e9b9
000000f097a1f9b9
000000f0b29b1599
000000f0d7135259
000000f0d735dd19
000000f0d735e599
000000f132068f19
000000f1527e39d9
000000f1a3622b79
000000f1a3623e59
000000f1a3627259
000000f1a3627639
000000f1d61a2b59
000000f1d61a2dd9
000000f1d61a79b9
000000f1edb6fa59
000000f1edb6fad9
000000f1edb6fc19
000000f20ee11ef9
000000f214c916d9
000000f214c922f9
000000f214c92799
000000f23ee78f99
000000f2914507f9
000000f291450879
000000f29cf8a0f9
000000f29cf8a199
000000f29cf8a879
000000f29cf93ff9
000000f2eb36e139
000000f2eb36e1b9
000000f34c947b59
000000f394b64759
000000f3a56c19d9
000000f3c1f418f9
000000f3c1f41979
000000f3c1f419b9
000000f3c1f42059
000000f3c1f482f9
000000f3f10a1eb9
000000f4011157d9
000000f45c6decb9
000000f46d67b619
000000f46d67c519
000000f4969c7199
000000f4b651a759
000000f4dd6a36f9
000000f4dd6a3e79
000000f4dd6ab499
000000f4f160add9
000000f52df82d99
000000f52df83e39
000000f52df84019
000000f52df84139
000000f52df84279
000000f55117f2b9
000000f551182db9
000000f5511859d9
000000f568525bb9
000000f56a82d9b9
000000f56a82edd9
000000f57667e639
000000f5ba2e8419
000000f603e74839
000000f61084ed59
000000f6a90052d9
000000f6e0a629f9
000000f6e0a63159
000000f6e0a63279
000000f6eddafab9
000000f6eddb0a59
000000f6eddb0d79
000000f6eddb0e19
000000f6eddb14f9
000000f6eddb7659
000000f6ee87ac99
000000f6ee87c9d9
000000f6ee8832d9
000000f72a1c0519
000000f7465a2559
000000f75a26f599
000000f75a2727f9
000000f78119f6f9
000000f79718f459
000000f79718f4d9
000000f7971950b9
000000f7971952d9
000000f7de561bd9
000000f7f30307f9
000000f7f3031ab9
000000f8248b0a19
000000f8248b0a99
000000f882e24bb9
000000f882e25339
000000f882e26199
000000f890b61a59
000000f890b62199
000000f890b62319
000000f890b67b19
000000f890b67bb9
000000f890b68339
000000f890b683b9
000000f890b683f9
000000f890b68a99
000000f8bb908739
000000f8cb60efd9
000000f8cb613359
000000f8d4609179
000000f8dc375fb9
000000f8dc3772d9
000000f8dc3785b9
000000f8de298e99
000000f9100d3ed9
000000f96814aa39
000000f96814b199
000000f96814b9b9
000000f96814bfb9
000001f300947a61
0000000000f47b71
0000000000000181
000000f985cab319
000000f991c6e3b9
000000f9aef64eb9
000000f9e21f6259
000000f9e21f75f9
000000f9fbb07a79
000000fa258810b9
000000fa791c1f39
000000fa791c7d39
000000fa791c8499
000000fa791c90b9
000000fa7c7b4bb9
000000fad65dc439
000000fad65dc4b9
000000fae417c119
000000faf588c079
000000faf588d139
000000faf588e459
000000faf5892959
000000faf589afd9
000000faf6cf3239
000000fafdd4a379
000000fb5d7b6819
000000fb5d7b6899
000000fb7e150439
000000fb89f02919
000000fbc4e72a59
000000fbc98cf559
000000fbddb98ab9
000000fbfabf9159
000000fbfabfa319
000000fcaf2bf219
000000fcb99f0e59
000000fcd0a2c4b9
000000fcd0a2d5b9
000000fcf38418f9
000000fcfc0cd7b9
000000fd1832f2b9
000000fd3a0b4f19
000000fd3a0b5e59
000000fd3a0b72f9
000000fd63b0d3d9
000000fd74520419
000000fd74525779
000000fd8e53fd99
000000fd9cd59099
000000fdd3d26c39
000000fde280e059
000000fe32dd0939
000000fe8a77d519
000000fe8a783ad9
000000febbf434b9
000000febbf48d79
000000ff022e6d39
000000ff2dd478f9
000000ff42c0f6d9
000000ff50d2e139
000000ff50d2e1b9
000000ff562cb5b9
000000ff562cc959
000000ff562d2419
000000ffabc69579
000000ffe0bcf519
000000ffe0bcf7f9
000000ffe0bcfc79
000000ffe0bd0379
000000ffe0bd0779
000000ffe0bd7679
000000ffe0bd84b9
00000100186c9799
0000010036544e19
0000010036546339
000001003654ef39
0000010062293c39
0000010062294399
0000010062294db9
00000100622984d9
00000100622986d9
0000010062299bd9
0000010069e91419
00000100c9da47f9
00000101219e8039
00000101219ee519
00000101429b02f9
00000101429b04f9
000001015b4dd719
000001019cd63239
000001019cd63999
000001019cd64439
0000010206ffdf99
0000010206fff2b9
000001020e82b579
00000102124d77b9
000001021af65c99
000001021fc69419
0000010245377239
000001024df38939
000001027586f8f9
0000010275870059
0000010275870a99
000001027d6e9b79
00000205a0ff7061
0000000000f47b71
0000000000000181
00000102d1200f39
00000102fdf3e1d9
000001031314a0d9
00000103228a4639
00000103228aaa99
00000103228aab19
00000103228ab1f9
000001032d1808b9
000001032d180959
000001032d180a79
000001032d181039
000001032d1818f9
000001033efcf1b9
000001035e49d1b9
0000010364733bf9
0000010364734ef9
0000010364735039
0000010364738199
00000103915a4a19
0000010417d98839
0000010417d98fb9
0000010417d99a19
0000010417d99bf9
0000010417d9a259
0000010417d9a9f9
0000010417d9ac19
0000010417d9bd99
00000104221603b9
000001043a2e9799
000001043e7009d9
000001043e701bb9
00000104421b4599
0000010452b18359
00000104bd2a5af9
00000104bd2a6959
00000104bd2a70d9
00000104bd2abc99
00000104bd2ad159
00000104bdda6059
00000104bddab419
00000104fd0a5df9
00000104fd0a5e79
00000104fd0a6559
000001050ad04179
000001050ad0b879
000001052e30b4f9
00000105a2627d39
00000105b1d2da59
00000105c208e2d9
00000105c208e3f9
00000105c25ffc19
000001060fc94d99
00000106138101b9
0000010613815ed9
000001063aa8cef9
0000010668a0ae99
0000010668a0af19
0000010668a0af59
0000010668a0b5f9
00000106734747d9
000001067f91bf59
000001067f91d0d9
00000106812086d9
00000106cacc11b9
00000106cacc1259
00000106cacc1299
00000106cacc1919
00000106cacc2c19
00000106f0e3a319
00000106f0e3a3b9
00000106f0e3aa79
00000106f0e3b6f9
00000106f0e3f199
000001078abab859
00000107bc9b3619
00000107f063ef79
000001082ef742d9
000001085b3ac8f9
000001085b3ad059
00000108745830f9
00000108b1682bb9
00000108bc918679
00000108e896c419
00000108e896c4b9
00000108e896c4f9
00000108e896cb99
00000108e8972c39
00000108e8972e19
00000108e8973e19
000001090e5f01f9
000001090e5f0d59
000001090e5f1239
000001090e5f5179
0000010927c1cd19
0000010927c21e39
0000010978a042d9
000001098148c7b9
000001098148c939
00000109bdb71c39
00000109cd0d80d9
00000109cd0d9e39
0000010a0a2d7819
0000010a5f87b279
0000010a71045979
0000010a8406e5b9
0000010ae1b31f59
0000010ae1b34499
0000010b18155319
0000010b22c7d499
0000010b22c7dc19
0000010b22c7e979
0000010b22c80719
0000010b22c82b39
0000010b22c855d9
0000010b331e7259
0000010b331e8159
0000010b331f0d59
0000010b4869ea39
0000010b4869eab9
0000010b4869f1b9
0000010b4d26fb59
0000010b4ff32cd9
0000010b58c96db9
0000010b796dbb39
0000010ba0f68df9
0000010bd34d3cf9
0000010be36e3959
0000010bec755b39
0000010bedd2e319
0000010c129cf459
0000010c19125d59
00000218416a6561
0000000000f47b71
0000000000000181
0000010c317c1759
0000010c8d29eff9
0000010c9fc22639
0000010cc758dcd9
0000010cc758def9
0000010cc758eab9
0000010cc758f5b9
0000010cc758faf9
0000010cc7590279
0000010cc7590ab9
0000010cc7591099
0000010cc75923d9
0000010cc7596359
0000010cd406a6f9
0000010cd406ae59
0000010cd406bbd9
0000010cd406be59
0000010cd406ce99
0000010cd406da39
0000010d1fc92b39
0000010d1fc932b9
0000010d1fc93c59
0000010d1fc98c59
0000010d6a3aac99
0000010d6a3abd19
0000010d6a3af959
0000010d8044cc19
0000010da6369259
0000010da636a2d9
0000010db404b619
0000010db44be3f9
0000010db44c3d39
0000010db44c4ff9
0000010dd82cc739
0000010e1356bb59
0000010e1356ccb9
0000010e1991e4f9
0000010e31808cf9
0000010e57380ed9
0000010e6f425799
0000010e8bd8e6d9
0000010e9d58cc79
0000010eea98e839
0000010eead42219
0000010f0d9fab39
0000010f0d9fabd9
0000010f0d9facf9
0000010f0d9fb2b9
0000010f0d9fbed9
0000010f0d9fe6d9
0000010f0da00699
0000010f4028d499
0000010f4028d539
0000010f402927d9
0000010f53528cf9
0000010f66ed5cf9
0000010f66ed6e99
0000010f8676eb39
0000010faf16b299
0000010fafc54979
0000010fafc55619
0000010fafc556f9
0000010fd202e399
0000010fd202f499
0000010fd5e75959
0000010fdcd3c419
0000010fdcd3ff79
0000010fdcd451b9
0000010fde63a879
00000110219b6a99
00000110219bd5b9
000001103701e8d9
000001103701f059
000001103701f3b9
000001106b84f2b9
000001106b8502d9
000001107e247cb9
00000110ceffc7b9
00000110dc698299
00000110e0a897b9
00000110e0a89f19
00000110e0a8e699
00000110e0a906d9
0000011121bbfdb9
0000011121bc11d9
000001112f94e999
000001112f94f0f9
000001112f953c99
000001112f9547b9
000001112f957659
000001112f958599
0000011155eab239
0000011170938799
00000112008f7679
00000112332e1d39
0000011243074799
000001124bbd3d39
000001124bbd3dd9
000001124bbd3e19
000001124bbd4499
000001124bbd4e19
000001124bbd4eb9
000001124bbd5579
000001124bbd5c19
000001124bbd6b19
000001124bbd77b9
000001124bbd7959
000001124bbd79f9
000001124bbd8819
000001124bbd8c79
000001124bbdad39
000001124bbdb519
000001124bbdc679
000001124bbdd739
000001124bbde079
000001124bbe0919
00000112679ba839
00000112679ba8d9
00000112679baf99
000001128abd5879
0000011298816dd9
00000112ae69a6f9
00000112e1ec05d9
00000112f7a08df9
0000011311e69cf9
0000011311e6a459
0000011311e6b079
0000011311e6e879
0000011311e6fd39
0000011311e76019
0000011318ed9739
000001133fde5359
000001133fde5ad9
00000113472d3819
00000113472d40b9
0000011353200419
0000011353200b99
00000113532014b9
0000011353204d99
00000113734b6fd9
00000113d5ac7fb9
0000011401e4f459
0000011405a4ead9
000001140dcd9c59
000001141d89df99
0000011421eb2ab9
000001144ad5fff9
0000011489dce679
00000114e175f419
00000114fbb78af9
00000114fbb7a579
00000115198a5319
00000115198a53b9
00000115198a5a79
00000115198a6479
00000115198a6899
000001154aabf1b9
0000011554143d59
0000011554143eb9
0000011559dd5c39
0000022ae1d55b61
0000000000f47b71
0000000000000181
0000011587d41f59
0000011587d43559
000001158ad462b9
00000115b1610f39
00000115f2116bf9
0000011608d913f9
000001161b3b9639
00000116243d38f9
000001162ed22e19
000001162ed23599
000001162ed23d79
000001162ed267d9
000001162ed26879
000001162ed268b9
000001162ed26f59
000001162ed295f9
000001162ed2b279
00000116366c8079
00000116366c8d79
00000116366c9639
00000116366c96d9
00000116366c96f9
00000116366c9db9
00000116366ca3d9
00000116366ca8f9
00000116366ca9f9
0000011659ad0579
000001165f79b039
000001165f79c599
00000116625fa3f9
0000011666f19779
0000011666f197f9
0000011666f19ed9
0000011666f1fcf9
0000011666f20bf9
000001167162cef9
0000011671633059
000001177d01d919
000001177d01ea39
000001177d01f599
000001177d01f8b9
000001177d023239
00000117926aa7d9
00000117a5c90cb9
00000117ae0d73b9
00000117ae0d8499
00000117f2306999
00000118919f7579
00000118919f7619
00000118919f82f9
00000118919f8899
00000118c1797319
00000118c1797399
00000118c1797819
00000118c1797a79
00000118c17981d9
00000118c1798619
00000118d2b6a039
00000118dc60df59
00000118dc60dff9
00000118dc60e6b9
00000118dc7ee439
00000118dc7ee639
00000118dc7eeb99
00000118dc7ef3f9
00000118dc7ef579
0000011943e45719
0000011943e47dd9
000001196e3bf119
0000011973e86df9
000001197e4679f9
00000119800902f9
00000119b56509d9
00000119d76d6839
0000011a0ec36cf9
0000011a0ec38179
0000011a213d6699
0000011a213d7879
0000011a213d78f9
0000011a213dd139
0000011a213dd1b9
0000011a213de039
0000011a213e0739
0000011a213e07d9
0000011a24e53e39
0000011a24e57b19
0000011a4770a939
0000011ac4eb8479
0000011ac523f6f9
0000011ad5b56e79
0000011ad5b57b99
0000011ad5b58179
0000011ad5b58219
0000011ad5b588f9
0000011ad5b58959
0000011ad5b59a59
0000011ad5b5b0b9
0000011ad5b5ccf9
0000011ad5b5dc59
0000011ad5b5e9b9
0000011ad5b5ef59
0000011ad5b5f1b9
0000011ad5b61159
0000011ad5b61f19
0000011ad5b625b9
0000011ad5b62679
0000011ad5b63359
0000011ad5b63a79
0000011b0898ecd9
0000011b0898fe79
0000011b08990039
0000011b08997479
0000011b09797519
0000011b2c163799
0000011b2c169d59
0000011b57acdc39
0000011bd0e0edd9
0000011bd0e0fdf9
0000011c3dbc8659
0000011c3f413799
0000011c3f413819
0000011c3f4147f9
0000011c3f414b19
0000011c5f1ce339
0000011c5f1cea99
0000011c5f1cf919
0000011cbdc51cb9
0000011cbdc52c99
0000011d03f063f9
0000011d03f06b59
0000011d03f07319
0000011d03f09e79
0000011d03f0be19
0000011d13c0ee59
0000011d60ce9b39
0000011d81707c39
0000011dbfbfd139
0000011dbfbfd8b9
0000011dbfbff359
0000011dbfbffab9
0000011dbfc00fd9
0000011dbfc08879
0000011dd6cd5039
0000011ddde47159
0000011dec777419
0000011dec7775f9
0000011dec7783d9
0000011dec7799b9
0000011dec779b39
0000011dec77bb59
0000011e174dbdf9
0000011e1d103c39
0000011e260c9659
0000011e3242d039
0000011e393be7f9
0000011e578cfe39
0000011e578d5459
0000011e83b9b239
0000011e919f2b79
0000011e919f2bf9
0000011e919f3c39
0000011e919f61d9
0000011ea3059dd9
0000011ea305a559
0000011ea305ab99
0000011ea305e719
0000011eaed3c3d9
0000023d82405161
0000000000f47b71
0000000000000181
0000011ec4471079
0000011f1ebdb919
0000011f1ebdc859
0000011f273cdfd9
0000011f74d4ee19
0000011f74d4eed9
0000011f87f794f9
0000011fa656d5b9
0000011fb095db39
0000011fb095e299
0000011fb095e939
0000011fd23d5cb9
0000011fd23dc779
0000011fd33f8e99
0000011fda7ab6b9
0000011fe3121bf9
000001200e69f5d9
0000012075778b59
0000012075779f59
0000012077262e19
0000012077263bb9
000001207726c3d9
00000120e4ff9f19
00000120e8cb3ad9
00000121094c3999
000001210eaa1839
0000012114975db9
000001211687a479
0000012120f3a519
0000012120f3ac79
0000012161acae19
0000012161acae99
00000121ba1b68d9
00000121ba1b6959
00000121ba1b7c39
00000121e417a7d9
00000121e417af39
00000121e417e559
00000121e41814d9
00000121f27415d9
00000121f2741d59
0000012200c47a79
000001224828ff59
00000122482990f9
0000012248299859
000001224829a319
000001224829ef59
00000122496d5319
00000122496d6739
00000122717dbf59
0000012278ae0559
000001229d33ae59
000001229d33c139
000001229d36ba59
00000122edecc299
00000122f5a26b59
00000122ffa8cff9
000001231be3fa59
000001231be3fad9
000001231be406d9
000001232cf8c719
00000123371f1379
00000123371f1ad9
00000123371f2499
00000123627fb1d9
00000123627fc679
00000123627fcdf9
0000012362804cf9
0000012387543839
0000012387543a79
0000012387544959
0000012395c2f319
0000012395c30639
00000123a1938579
00000123cccbdc79
00000123ce3673f9
00000123ce3675d9
00000123ce368a19
00000123ce36dad9
00000123e35f6c39
00000123e8b5c839
00000123f6337019
00000123f6339fd9
00000123f633a059
00000123f633b139
00000123f633b7f9
0000012402e03079
0000012432f61ab9
0000012432f646f9
0000012432f65df9
00000124375738f9
00000124c4f114b9
0000012509af6839
0000012533273559
0000012533274a19
00000125483b6db9
00000125483b7b99
00000125483b7cf9
00000125483b7e39
00000125483b8919
00000125483b9619
00000125483b96b9
00000125483b9819
00000125483ba859
00000125483ba979
00000125483bb2b9
00000125483bb899
00000125483bb939
000001256efcf719
000001256efd09d9
00000125a0f97e19
00000125a0f98c79
00000125a75da399
00000125a75dfa99
00000125d2e00c19
00000125d2e03159
0000012621e8e3b9
000001263a47ae79
000001264b414439
00000126cc405519
00000126cc405779
00000126cc406639
00000126cc4071b9
00000126e2e4f0d9
00000126e8da7379
00000126e8da7ad9
00000126e8daa019
000001271ec26239
000001271ec26959
00000127a1bfd839
00000127ae8e4799
00000127ae8e5759
00000127b29169f9
00000127b9bf67b9
00000127c9f9e3b9
00000127c9f9eb19
00000127c9f9f479
00000127c9fa0ef9
00000127c9fa25d9
00000127c9fa27d9
00000127c9fa2859
00000127c9fa2d39
00000127c9fa32f9
00000127c9fa36f9
00000127c9fa44d9
00000127c9fa58d9
00000127da3d0b79
00000127da3d7719
00000127da3d7ad9
00000127eb995239
00000127eb9952d9
00000127eb9953b9
00000127eb9959b9
00000127eb996039
00000127eb996dd9
00000127eb99c6f9
0000025022ab4761
0000000000f47b71
0000000000000181
000001281873e5d9
000001284d04d8d9
0000012862c505d9
0000012862c50d39
0000012862c51959
0000012862c51d39
0000012862c56979
00000128671b7d59
00000128671b7f39
00000128671b84b9
00000128671b8df9
00000128671b8ef9
00000128671ba139
00000128671bba19
00000128671bba99
00000128671be999
00000128671bedf9
0000012869666a79
0000012884508b79
000001289b0ace19
00000128c291ef59
0000012937ebcd19
0000012937ebcd99
0000012937ebd479
0000012937ebde19
0000012937ebdf99
0000012937ebf219
0000012937ebf419
0000012937ec1bf9
0000012937ec1e99
0000012937ec54d9
0000012940f1aa79
0000012940f1b1f9
0000012940f1ba19
0000012940f1bd39
0000012940f1f1f9
0000012940f1f439
0000012948ac5ed9
000001295bb7c6f9
0000012980911a19
00000129d9aec1f9
00000129d9aec279
00000129d9aec3b9
00000129d9af2d39
00000129f42fbff9
0000012a0e752799
0000012a4ad25e79
0000012a4c650a79
0000012aa3c15879
0000012aa3c15ff9
0000012aa3c16bb9
0000012aa3c17ad9
0000012aa3c18ed9
0000012aa3c1f139
0000012ad34da939
0000012b05b7a9d9
0000012b62897db9
0000012b62897e39
0000012b62898519
0000012b62898db9
0000012b62898e79
0000012b842ae019
0000012b93cb1239
0000012b93cb12d9
0000012b93cb1999
0000012b93cb2dd9
0000012b93cb40b9
0000012b93cb5c79
0000012b9a9dbed9
0000012bcaaee619
0000012c0be4bb19
0000012c0df806b9
0000012c0df80e39
0000012c0df81b39
0000012c47be00d9
0000012c47be73d9
0000012c52d162d9
0000012c6e15bdb9
0000012c905abab9
0000012cb17105d9
0000012cb17118f9
0000012cb17144b9
0000012cba906119
0000012cc076dfd9
0000012d2dca2f59
0000012d2dca98f9
0000012d5619f199
0000012d588d3c19
0000012d86e95b19
0000012d916cff19
0000012dbca49bf9
0000012dc12e5cf9
0000012dd992e719
0000012dde41c819
0000012dde41c8b9
0000012dde41cf99
0000012dde41db19
0000012dde422319
0000012de43c7019
0000012e082aad39
0000012e320199f9
0000012e41c390f9
0000012e41c3a2f9
0000012e41c3e3f9
0000012e41c3f279
0000012e41c414b9
0000012e41c43359
0000012e42c858d9
0000012e490d8d99
0000012e52175479
0000012e6fa15799
0000012e6fa17dd9
0000012e6fa1dcb9
0000012eb4ddcdd9
0000012eb4ddce79
0000012eb4dde0b9
0000012eb4dde159
0000012eb4ddf639
0000012eb4de57b9
0000012eb4de69b9
0000012eb4deaaf9
0000012ec038a7b9
0000012ed72883b9
0000012ed7288439
0000012ed7288479
0000012ed7288b19
0000012ed7289439
0000012eec713ff9
0000012eec718379
0000012eec7193d9
0000012f07d0b759
0000012f07d0c7f9
0000012f07d0c919
0000012f07d0c9b9
0000012f07d0d079
0000012f07d0d5d9
0000012f07d0d979
0000012f07d0da19
0000012f07d0dad9
0000012f07d0e179
0000012f07d0e239
0000012f07d0eb99
0000012f07d0ee79
0000012f07d0f999
0000012f7d4c1379
0000012f806f0499
0000012f806f0bf9
0000012f806f2399
0000012f806f3c99
0000012f806f5ab9
0000012f8aced3f9
0000012f91c27e59
0000012f91c285d9
0000012f91c2deb9
0000012fa942d539
0000012fa942d5d9
0000012fa942d759
0000012fa942dcb9
0000012fa942e2f9
0000012fa942e679
0000012fa94333f9
0000012fc0e4e259
0000012fce1717d9
0000012fce171859
0000012fce172b39
0000012fce1751b9
0000012fce178019
0000012fce1780b9
0000012fce1780d9
0000012fce178779
0000012fd79ac399
00000130050c2339
000001301ae63299
000001302ea6ac39
000001303757c2f9
000001303757ff19
0000013037582299
0000013037583519
0000013038489bd9
000001303848af39
000001306f952099
0000013095710899
0000013095710919
0000013095711d59
0000013095716eb9
0000013105433999
000001312d029639
0000013133486039
00000262c3163d61
0000000000f47b71
0000000000000181
00000131be408959
00000131be4090d9
00000131be409919
00000131d2c0d879
00000131d2c0e8b9
00000131ede6c279
000001322615ad79
000001322615adf9
0000013248fbea79
0000013248fbfad9
0000013259e3ecf9
0000013259e3fc79
0000013259e43599
0000013266397cd9
0000013266397e79
0000013266398ff9
000001326a86f699
000001326a8730f9
000001326a875839
0000013294ae68d9
0000013294ae6979
0000013294ae7039
00000132d0f44679
00000132d14fd259
00000133090773f9
00000133236a56b9
00000133236a85f9
0000013333301cd9
0000013348eb9a39
000001335be27999
000001337fc99399
00000133bf4ac0f9
00000133c5202819
00000133c52028b9
00000133c5202f99
00000133c5207839
00000133c5208419
000001340926a699
000001340926df99
000001340926ee99
000001340926ef39
000001340926fdd9
000001340926fe99
000001340926ff19
0000013409270439
0000013409270559
0000013409270ef9
0000013409271299
0000013409271c99
0000013409271f39
0000013409272b99
0000013409273bf9
0000013409273cb9
0000013409277659
00000134092776f9
00000134092788b9
000001340927cb59
000001342407a599
000001342407a619
000001342407a659
000001342407acf9
0000013498fa2eb9
00000134c53ba4f9
00000134e15d56d9
00000134e15d5759
00000134e15da6d9
00000134ed5736b9
00000134ed57ad19
00000134ed57bdb9
00000134ed57ca39
00000134ed581879
000001352c161839
000001352c163999
000001352c163b39
000001352c164ab9
000001352c168dd9
000001358022d299
000001359e85a1b9
000001359e85a259
000001359e85a939
000001359e85afb9
00000135beae6bd9
00000135ce808939
00000136072f0b19
0000013612eb0039
0000013612eb0799
0000013612eb1299
0000013612eb1a79
0000013612eb2a79
0000013612eb9199
0000013621ccd919
000001364dcb55f9
000001365ab777d9
000001365c7ee859
000001365c7f6039
00000136876c87d9
000001368ed512b9
000001369e09e259
00000136a71573d9
00000136a7158579
00000136fe952d79
00000136fe95a139
00000136fe95af79
00000136fe95b019
00000136fe95b179
00000136fe95b6d9
00000136fe95bef9
00000136fe95c099
00000136fe95d0d9
00000137110f2199
000001371984b259
000001371984b9b9
000001371984c839
0000013719851579
000001375d3ba759
000001377220fd39
00000137a925d9d9
00000137a925e159
00000137a925e8b9
00000137a925e979
00000137a925ee19
00000137a9260799
00000137b62522f9
00000137b6255eb9
00000137b6258859
00000137b6259b59
00000137ed35c999
0000013834cffa79
0000013834d055f9
0000013834d06539
0000013834d065d9
0000013834d069f9
0000013834d06c99
0000013834d0a8d9
0000013834d0b999
00000138e7cb0539
0000013945a0c5f9
0000013945a0c699
0000013945a0cd59
0000013945a0dbf9
0000013984133d39
0000013984920319
000001398b6d0d99
000001398b6d0e39
000001398b6d1519
000001398b6d1ef9
00000139909479b9
00000139b72f32d9
00000139b87579b9
00000139dc38c5b9
00000139dc395e99
00000139ec052c99
00000139ec053cd9
00000139ec059a39
00000139ec05ac79
00000139f97f1939
0000013a050073f9
0000013a0f749b19
0000013a6742f5d9
0000013a7455ddb9
0000013aaa0962b9
0000013aaa09f3d9
0000027563813361
0000000000f47b71
0000000000000181
0000013b2549d459
0000013b2549d799
0000013b2549ecd9
0000013b2549f7b9
0000013b254a1579
0000013b517d5579
0000013b517d5cd9
0000013b517d6639
0000013b517d6799
0000013b517da819
0000013b517dbd19
0000013b517dc779
0000013b999d6a99
0000013b999dbc99
0000013b9f2971d9
0000013b9f298bd9
0000013bb8feaf39
0000013bb8feafb9
0000013bbdf6f179
0000013bc3974a99
0000013bc397ca99
0000013bc397e999
0000013bc8287799
0000013c0c4cd9b9
0000013c0c4ce119
0000013c0c4ce5f9
0000013c0c4cf059
0000013c1009bc99
0000013c8b1b7799
0000013c91e2a999
0000013c91e2bb59
0000013c91e2bd19
0000013c99f0c279
0000013c9e2fd119
0000013cc46fcb99
0000013cca42d3b9
0000013d0ead46d9
0000013d215084b9
0000013d24885a79
0000013d30ca4119
0000013d77030f99
0000013d77031719
0000013d7703b199
0000013d7703c6f9
0000013dabfa48f9
0000013dbdc5d499
0000013dc8baded9
0000013df1860139
0000013dfa69add9
0000013dfac44719
0000013dfac44799
0000013dfac49a59
0000013dff9cd599
0000013e0d73f459
0000013e0d740a39
0000013e37ebe839
0000013e37ebf9f9
0000013e7a82c539
0000013eedf7a479
0000013eedf7a4f9
0000013f04aa20b9
0000013f45cb4859
0000013f48b51139
0000013f48b541d9
0000013f8d41d699
000001401a7e7239
000001401a7e8639
000001401a7e9259
0000014039914f59
0000014067f3a499
00000140703fda19
00000140703fdab9
00000140703fef79
00000140703ff2d9
000001407bbdb0d9
000001407c4f16b9
000001407c4f2519
00000140880765d9
0000014088076d39
0000014088077999
00000140c80782d9
00000140db572239
00000140fb533ad9
00000141023f74d9
0000014123d9a6f9
0000014147d088f9
00000141491366b9
0000014149137559
000001414c50ef39
000001414c513d59
000001417be4b599
00000141a7ea7219
00000141ac177b99
00000141b1434d99
00000141e1504bb9
000001424b51e3b9
0000014260774359
00000142607757d9
000001426b8fcc39
000001426b8fdc39
000001426b901d59
000001426cccdcb9
00000142bf014899
00000142c3f32039
00000142c3f32799
00000142c3f32df9
00000142c3f32f99
00000142c3f330f9
00000142c3f33199
00000142c3f3ac79
00000142ce3d6e19
00000143379df4b9
000001437121ff79
0000028803ec2861
0000000000f47b71
0000000000000181
000001440a8b8a39
000001440c94dbd9
0000014438367ed9
0000014438368db9
0000014438368f39
00000144383696d9
000001443836a539
000001443836b319
000001443836b859
000001443836c4b9
000001443836f119
00000144383724d9
0000014438376c59
0000014438377ef9
00000144564a08d9
00000144564a19b9
00000144564a6339
00000144564a72d9
00000144564a7379
00000144564a73f9
00000144564a8559
0000014463aa1db9
000001449d1fd739
000001449d1ff099
000001449d204fd9
00000144aef265f9
00000144c1b6e0f9
00000144f9fe15b9
0000014574e90a59
000001457a318bd9
00000145a17de579
00000145a17de619
00000145a17decf9
00000145a17df4d9
00000145a17e4619
00000145a8c6e8d9
00000145c9b23139
00000145c9b23319
0000014643f808b9
0000014643f80959
0000014643f81019
0000014643f818d9
0000014643f81a99
0000014643f82a39
0000014643f87699
0000014643f87b99
0000014643f87c39
0000014643f8ae59
0000014643f952b9
00000146610735b9
0000014681295bd9
00000146dda06839
00000146dda0c9f9
00000146e20bc6f9
00000146e20c1bd9
00000146eaf2be19
00000146fadefff9
000001471707e159
000001471707f279
000001471707f319
000001471707f339
000001471707f9f9
0000014717080379
0000014717081259
0000014717088699
000001471ab72099
000001472142e6f9
000001473017a779
000001476df1ef59
000001478f8bfb79
000001478f8bfbf9
000001478f8c12b9
000001478f8c6339
000001478f8c7a79
000001478f8c7af9
000001478f8c8999
000001478f8ccf39
00000147affb6259
00000147cc6b9fd9
00000147e78c3819
00000148343d3179
00000148343d4279
000001484d97f559
000001484f7b0cf9
000001484f7b6a19
0000014878119c99
00000148825cbef9
0000014883839779
0000014883839ed9
000001488383b839
00000148bb62bc99
00000148cef75039
00000148ffa190b9
00000148ffa1a019
00000148ffa1a099
00000148ffa1e839
00000148ffa21ed9
000001491d179919
000001493eca4339
000001493eca43d9
000001493eca4a99
000001493eca5bf9
00000149531eb759
00000149717859b9
0000014971786119
0000014971787039
0000014971787219
0000014971788019
0000014971d137b9
00000149725f5d59
00000149725f7f99
00000149725fce59
00000149725fdf19
0000014981566419
0000014989e96759
0000014989e9c239
00000149ad1fdab9
00000149d0e97679
00000149d39f8f79
00000149dfc3a2b9
0000014a17fe7f39
0000014a17fe90d9
0000014a17fee9f9
0000014a2049a8b9
0000014a745c5cb9
0000014ab9e05c19
0000014abdce96d9
0000014ae06a7f39
0000014b07475919
0000014b7fc87699
0000014b91293879
0000014b912948b9
0000014bad7d41b9
0000014bad7d8439
0000014bad7d84b9
0000014c23d791d9
0000014c58c487f9
0000014c60047db9
0000014c8f3d3e39
0000014d0d566b99
0000029aa4571e61
0000000000f47b71
0000000000000181
0000014d60da8439
0000014d6255aa59
0000014d62561319
0000014d9dca0b39
0000014d9dca8299
0000014daec4d1d9
0000014dc38eb219
0000014dfe09b979
0000014dfe09c0f9
0000014dfe09d5b9
0000014dfe09d799
0000014e0ccfdeb9
0000014e0ccfe559
0000014e0ccfefb9
0000014e0ccffc99
0000014e1af496b9
0000014e4d45df59
0000014e4d45f2b9
0000014edd19f439
0000014ee0761039
0000014efe02bf39
0000014efe030a99
0000014f69ed89d9
0000014f69ed9119
0000014f69ed9c39
0000014f69eda0d9
0000014f69eddc99
0000014f69edec19
0000014f69edecb9
0000014f69ededf9
0000014f79112b59
0000014f87258759
0000014f9010fa19
0000014fabbd5859
0000014fd9545ab9
0000015004925559
000001500ad8c6b9
000001500ad8d659
000001500ad8d6d9
000001500ad8d859
000001502b9d1ed9
000001502e6697f9
000001502e669f59
000001502e66a7b9
000001502e66a8d9
000001502e66a9b9
000001502e66aa59
000001502e66b139
000001502e66b8f9
000001502e66d7f9
000001502e66fed9
000001502e66ff79
0000015046a94519
00000150619f6fd9
00000150619f7739
00000150619f8159
00000150619f8379
00000150619f93f9
00000150619ff939
0000015061a018b9
0000015061a027f9
0000015061a0d6d9
0000015061a0d779
0000015061a0d899
0000015061a0de59
0000015078e39739
0000015078e458f9
000001507d7a43d9
0000015091c61d79
0000015091c61dd9
0000015091c664f9
000001509d859779
000001509d859ef9
000001509d85ed79
00000151002f4e59
00000151002f55b9
00000151002f5eb9
000001511d846cb9
000001511d847cf9
000001511d847d79
000001511d848f19
000001511d849ff9
0000015149474879
0000015152dbd3b9
00000151586a27b9
000001515bb08519
000001515bb08c79
000001515bb09459
000001519abc9699
000001521b845b99
000001521b845c39
000001521b846319
000001521b84d059
000001521b84d439
000001521b84e099
000001521b84e819
0000015259881c39
00000152761f0eb9
000001528f6115f9
000001528f6129f9
000001528f6134b9
000001528f616419
00000152c81d2bf9
00000152c81d2c99
00000152c81d3359
00000152c81d3f19
00000152c81d3fb9
00000152d7afc359
0000015332d35bd9
0000015345faf1b9
000001534ca31719
00000153504fb0f9
00000153504fb199
00000153504fb859
00000153504fcaf9
00000153504ffeb9
00000153505002f9
0000015350501a99
0000015350503459
000001535cfa02d9
000001535cfa1199
000001535cfa1219
000001537420da39
000001537c6153b9
000001538b757a99
0000015398c21a39
00000153e81490b9
000001545d650299
000001547dd9fb59
000001547dda1059
000001547dda1899
000001547dda1939
000001547dda28b9
000001547dda2e39
000001547dda3379
000001547dda4939
000001547dda5f39
000001547dda76f9
000001547dda7799
000001547dda7e59
000001547ddab499
000001547ddaef59
000001548c696699
0000015495091d19
00000154a4169999
00000154a416a0f9
00000154a7927af9
00000154a7928279
00000154a7929ab9
00000154ac6b7039
00000154ac6b82b9
00000154c9415c59
00000154c9415cd9
00000154c94163b9
00000154c9417a79
00000154c9418359
00000154cbbb2159
00000154cbbb3579
000001554dc9fbb9
000001554dca4459
000001557cd16e79
00000155a42a9559
00000155b7db3ad9
00000155bf4bee99
00000155bf4c03b9
00000155bf4c82f9
00000155c1696319
00000155d9713519
00000155d9714b59
000001560a533e19
0000015657b3eaf9
0000015657b3fc59
0000015657b3fd59
000001567960f499
0000015692e36f39
000002ad44c21461
0000000000f47b71
0000000000000181
00000156c8f9d2b9
00000156c99313f9
00000156ee584319
0000015761618b39
00000157a07b4b39
00000157cd037319
00000157f92fea79
00000157f9300719
0000015807099079
00000158070997f9
000001580709a719
000001580709a799
000001580709bc59
000001580709dcf9
0000015816272fd9
0000015816273059
0000015816274279
0000015816275399
00000158162758d9
0000015816275a99
000001583bca86d9
000001583da72e39
000001583da77bb9
000001586f822c79
000001586f823af9
000001586f823b99
000001586f823bb9
000001586f824259
000001586f825a59
000001586f82d8d9
000001587fca3dd9
00000158a592df39
00000158a80bcdf9
00000158b2a0c099
00000158bae0be19
00000158d3fe9759
00000158e6445599
0000015903b22899
0000015903b2aa59
0000015932723719
000001594716a2d9
0000015a123f7939
0000015a4d382279
0000015a53a58299
0000015a62ddbe39
0000015a62de0079
0000015a662e3319
0000015a93124ad9
0000015a9e233e59
0000015a9e234019
0000015a9e2340d9
0000015a9e2341d9
0000015a9e2345b9
0000015a9e234799
0000015a9e234cd9
0000015a9e234f39
0000015a9e236199
0000015a9e238919
0000015a9e238d79
0000015a9e239f79
0000015a9e23adf9
0000015ab4c02299
0000015b02e25239
0000015b1217de39
0000015b1b960e79
0000015b29ac5bb9
0000015b2c178939
0000015b2c179a39
0000015b35e6e319
0000015b60e05899
0000015b60e05939
0000015b60e068d9
0000015b60e06999
0000015b60e06c59
0000015b60e0da59
0000015b60e0dc39
0000015b96d2cf59
0000015bab74c3b9
0000015bab74c439
0000015bab74cb19
0000015bb0101159
0000015bb01011d9
0000015bb01018b9
0000015bfbc435b9
0000015c008ac4f9
0000015c4b2a1c39
0000015c5b20b9f9
0000015c5b20c179
0000015c5b20ccd9
0000015c9b408179
0000015c9b8d14f9
0000015d0f217319
0000015d0f21b0b9
0000015d0f21d139
0000015d1dafe519
0000015d1dafec99
0000015d1daff479
0000015d1db06639
0000015d68c59f39
0000015d6aa1a5d9
0000015d7db5e2b9
0000015d7db5e799
0000015ddb8812f9
0000015ddb881499
0000015ddb8815d9
0000015ddb881a59
0000015ddb882959
0000015ddb886a79
0000015ddb891699
0000015e17ca84f9
0000015e2351bdf9
0000015e450c5899
0000015e5c6f8299
0000015eaa2eed79
0000015eaa2eedf9
0000015eaa2effd9
0000015eaa2f0079
0000015eaa2f0739
0000015eaa2f1039
0000015eaa2f1cf9
0000015eaa2f4ff9
0000015eaa2f64f9
0000015ee69153d9
0000015eea2b8559
0000015eea2beed9
0000015eea2bfd99
0000015eea2c3f39
0000015f0b0585d9
0000015f0b0594b9
0000015f0b059639
0000015f0b05ad39
0000015f28f83559
0000015f4801c459
0000015f67126739
0000015f721393d9
0000015f919e10d9
0000015f919e1839
0000015fa62a63f9
0000015fa62a7599
0000015fad0be239
0000015fda46c2b9
0000015fda46d5f9
0000015fda46e459
0000015fda46e559
000002bfe52d0a61
0000000000f47b71
0000000000000181
000001601723c3f9
0000016040cf6b39
0000016040cf7a59
0000016040cf7b99
0000016040cf7d39
0000016040cf8199
0000016040cfbb39
00000160510d44b9
0000016069b0fdd9
000001609d4e7ed9
00000160a614cab9
00000160c8d32219
00000160d790b779
00000160db5a22b9
00000160f75ab559
00000160f75b10d9
000001611d7e0779
000001611d7e0a99
000001615ef8e579
000001620cfde659
00000162257e4719
0000016234966359
0000016234966a99
00000162349674b9
000001623496cbf9
0000016267331d19
0000016291e7a0f9
00000162a66555d9
00000162b3c72979
00000162b3c74059
00000162cb5a0999
00000162cb5a1ff9
00000162cb5a3259
00000162e766d4f9
00000162e7671659
00000162f68be139
0000016306392e19
0000016306398899
0000016329ac47b9
0000016329ac4839
0000016329ac4999
0000016329ac4ef9
000001633ee68279
0000016359a42379
0000016359a49c59
000001636bd83b39
000001637f82c039
000001637f82d119
000001637f832f59
0000016380296999
0000016380297679
00000163961ebb39
00000163961ecc79
00000163961ecd79
00000163961edd39
00000163961f2db9
00000163961f3179
00000163961f36b9
00000163c025f5b9
00000163c02603f9
00000163c0268779
00000163c0269bf9
00000163c026ab59
00000163ccb88679
00000163f216f3b9
00000163f3b415b9
0000016435e0f5f9
0000016435e0f799
0000016435e0fd79
000001647e0e5c19
000001647e0e5f99
000001647e0e95d9
000001647e0ea5b9
000001648747a159
000001649a65d399
00000164a3dd0259
00000164ab095d39
00000164cafa7e99
00000164cafad479
00000164eaf87479
00000164f0878139
00000164f199ab59
00000164f7494c39
0000016518b2f979
0000016534000699
00000165389145d9
0000016538914659
0000016538915799
00000165389167b9
0000016538916839
0000016538916f19
00000165389179d9
000001654231f8b9
000001654231f959
0000016542320019
000001654232cef9
00000165afc37019
00000165afc38459
00000165ea5afb39
00000165ea5afbb9
00000165ea5afcf9
00000165ea5b6a79
00000166217c2a99
00000166217c39d9
00000166217c7739
00000166217c9399
0000016635b9c1f9
0000016635b9d2b9
000001666760e159
000001667a7efe19
00000166b2087b39
00000166cdd192f9
00000166cdd1a3b9
000001675790d379
0000016758e2fb79
00000167daf7fe19
00000167e81d9499
00000167e81d9519
00000167e81d9559
00000167e81d9bf9
00000167e81da919
00000167e81daa99
00000167e81dab19
00000167e81df4b9
00000167e81df7f9
00000167e81e0639
00000167e81e5459
000001680a482619
000001683d7f4f99
000001684b974df9
000001684b975559
000001684b975b59
00000168af45e259
00000168b08f50b9
00000168b08f5139
00000168b08f5819
00000168b08f6359
00000168d5864939
00000168d5867559
00000168d942b599
00000168e680b599
00000168e89911b9
00000168e8991239
00000169266c5ad9
000002d285980061
0000000000f47b71
0000000000000181
000001697dbd1619
000001697dbd1d79
000001699737d019
00000169ca3f2199
00000169e37e86f9
00000169e37e8899
00000169e37e9ab9
00000169e37ea119
00000169e4936619
0000016a2c4b68b9
0000016a54748d19
0000016a68cb9099
0000016a68cb97f9
0000016a68cba4d9
0000016a883a6239
0000016a891f7e59
0000016a891fc9b9
0000016a956b42b9
0000016a95a43e99
0000016af774e179
0000016afc42e9d9
0000016b3d6497f9
0000016b3d650cd9
0000016b3d651cd9
0000016b3d651df9
0000016b3d652e19
0000016b3d658fb9
0000016b53f921f9
0000016b53f97cd9
0000016b53f97d79
0000016b62dc2cf9
0000016bc1f38999
0000016bdeb42359
0000016bf1cf0b59
0000016c02ae97f9
0000016c02ae9899
0000016c02ae9f59
0000016c02aeb4d9
0000016c0efc5a39
0000016c1f009b99
0000016c3a093ef9
0000016c3a094659
0000016c3a097259
0000016c4e804399
0000016c6b995699
0000016c6b996a19
0000016c7b1358b9
0000016c7b135959
0000016c7b136039
0000016c7b136b79
0000016c7b136c99
0000016c7b13b5d9
0000016c7e316df9
0000016c7e316e79
0000016c7e317559
0000016ca1334519
0000016ca13346f9
0000016ca1335739
0000016ca6171799
0000016ca8d9e6b9
0000016ca8d9e739
0000016ca8d9ee19
0000016ca8d9f6b9
0000016ca8d9fb39
0000016cd6a51039
0000016cedcd1d99
0000016d174691d9
0000016d17469959
0000016d17469bf9
0000016d1746a1f9
0000016d1746a299
0000016d1746b479
0000016d1746bbf9
0000016d4a312019
0000016d51cc3919
0000016d51cc55b9
0000016d51cc6739
0000016d51e184f9
0000016d6229f7f9
0000016d94c5a7f9
0000016d94c5a899
0000016d94c5a8d9
0000016d94c5af59
0000016d97ccc319
0000016d97ccd359
0000016d97ccd3f9
0000016d97ccdab9
0000016d9ae7c9f9
0000016d9ae826f9
0000016dbcd325f9
0000016dbe8e06b9
0000016de08243f9
0000016de0826039
0000016df7d9d959
0000016e36aaa7d9
0000016e36aaa859
0000016e36aaaf39
0000016e3b181639
0000016e3b182b59
0000016e3b184a19
0000016e4b38e2f9
0000016e4b38fcf9
0000016e535f6879
0000016e535f7bf9
0000016e56e68b39
0000016e67458959
0000016e95587fd9
0000016e960d8179
0000016e960dae39
0000016e9b908d79
0000016ee5544c39
0000016f2182e839
0000016f99415c19
0000016f99415cb9
0000016f99416399
0000016fa5087319
0000016fcb256299
0000017007b487f9
0000017007b4d819
0000017007b4e8b9
0000017007b4eb59
000001705234a899
0000017071301ad9
0000017071301b79
0000017071302259
0000017074623f79
0000017074624019
00000170746246d9
00000170b5e25979
000001710135c699
000001710135d7f9
000001710135dcf9
000001710135fbd9
000001710bcbfb19
000001710bcbfb99
000001710bcc0279
000001710bcc0cd9
000001712ce989d9
000001712f125f39
000001712f125fd9
000001712f126fd9
000001712f127879
0000017153441e79
0000017153441f39
00000171534425f9
0000017153442cf9
0000017153442df9
0000017153442ef9
0000017153443159
0000017153444859
0000017153445259
00000171534464d9
00000171734f3f99
000001718bdc77d9
00000171a2fec7f9
00000171a2ff1459
00000171a2ff16b9
00000171ae56ead9
00000171ae77c879
00000171cb8f8299
00000171cb8f8479
00000171cb8f94f9
00000171f1fc5c79
00000171f1fc6e99
00000171f5151f39
00000171f51520f9
00000171f5153139
000001722048e439
000001727601a119
000001727601b319
000001727601eb39
000002e52602f661
0000000000f47b71
0000000000000181
00000172940a0299
00000172940a0479
00000172940a09f9
00000172940a1339
000001729627a919
000001729bca6ed9
000001729bca6f79
000001729bca7659
00000172a707b9d9
00000172a707c159
00000172b60461b9
00000172f7aee099
00000172fed01459
00000172fed072d9
00000173345d3e19
00000173345db319
0000017352c76259
0000017352c762f9
0000017352c76459
0000017352c769b9
0000017352c77579
0000017352c775f9
0000017352c787b9
0000017352c798d9
0000017352c79a99
0000017352c79b99
0000017352c7cbd9
00000173737f31f9
00000173737f3899
00000173753fbc19
0000017457bf8139
00000174628702f9
00000174751ae079
00000174751ae7d9
00000174751af0f9
00000174751b73b9
00000174fdd0b9f9
00000174fdd11cd9
000001750c4ea519
0000017522cca2b9
000001755b4b3579
000001755b4bc5b9
0000017576adedd9
00000175a9293579
00000176177bf3f9
00000176177c0539
0000017627b13939
0000017627b1ab59
0000017652b55019
0000017696434cb9
00000176cfc83a39
00000176cfc84899
00000176d4d602d9
00000176d4d67b59
00000176d4d67bf9
00000176d4d682b9
00000176d4d689b9
00000176d4d68b59
00000176d4d68bf9
00000176d4d692d9
00000176d4d69359
00000176fe2f0619
0000017770eb5b79
0000017770ebcad9
00000177a358b879
00000177a65f35b9
00000177ea0c6919
00000177ea0c7e39
00000177f1538579
00000177f5baaad9
00000178050232f9
00000178050296b9
000001780502b7d9
000001780502d339
00000178050339b9
000001780868d6f9
000001780868ec19
000001780868edf9
00000178086944d9
000001780a648599
00000178128449d9
0000017812845139
00000178128463b9
000001781284e439
0000017817381ff9
000001781f7b6e99
000001781f7b6f39
000001781f7b7359
000001781f7b75f9
000001781f7bd099
00000178722ddad9
0000017875f1b879
00000178963b01f9
00000178b4d9da59
00000178ed2d3cb9
0000017920524ef9
0000017937ebab19
000001793b6dc8b9
000001793b6dc959
000001793b6dd019
000001793b6dd819
000001793b6ddbd9
000001793b6de5d9
0000017956466919
0000017956467c19
000001795646a279
000001795fbaef99
00000179940248f9
0000017994024999
0000017994024ab9
0000017994025059
00000179a0958cf9
00000179a9071dd9
00000179a9072619
00000179cf9def99
00000179cf9e6439
00000179e584daf9
00000179e7a47f59
00000179e7a4db79
00000179f459e4b9
00000179f459f819
0000017a18abb979
0000017a442fc659
0000017a52cb6799
0000017a52cbdab9
0000017a71b92699
0000017a9d5488d9
0000017ac42fb139
0000017ac42fb8b9
0000017ac42fef99
0000017ac7dc3859
0000017b43411d19
0000017b43412eb9
0000017b60841479
0000017b7402d199
0000017b7402d8f9
0000017b7402e199
0000017b7402e939
0000017b7402ee79
0000017b7402f2b9
0000017b7402f779
0000017b7402ff39
0000017b74030d19
0000017b74030ff9
0000017b74033fb9
0000017b740348b9
0000017b9da9e739
0000017bcf92bdb9
0000017bd12fba39
000002f7c66dec61
0000000000f47b71
0000000000000181
0000017be63dbe79
0000017c068964f9
0000017c5e23af19
0000017c65310079
0000017c65311239
0000017c65312219
0000017c65313239
0000017c6531b759
0000017c88c7a619
0000017ca67c2539
0000017ca67c3679
0000017ca67c48d9
0000017cfb4433d9
0000017cfb443b39
0000017cfb447579
0000017cfb448ab9
0000017cfb448c79
0000017cfb449d19
0000017cfb449e59
0000017cfb44ac19
0000017d1234a8f9
0000017d12354639
0000017d19b98399
0000017d19b98439
0000017d19b98af9
0000017d19b9a339
0000017d3e3f2759
0000017d5305d2b9
0000017d5305da19
0000017d5305e5d9
0000017d53061df9
0000017d9097d059
0000017da7cda0b9
0000017da7cda819
0000017dbdca6919
0000017e1eb9ca99
0000017e61852e39
0000017e61853fb9
0000017e64b71c39
0000017e821118b9
0000017e84960759
0000017e84960819
0000017e84960ed9
0000017e84961579
0000017e84961ad9
0000017e84968959
0000017e8496a719
0000017e8496a919
0000017e8496a999
0000017e8496a9d9
0000017e8496b079
0000017e8496c619
0000017e995a2d19
0000017e995a3f39
0000017eaca1d179
0000017f13884359
0000017f138843f9
0000017f13884ab9
0000017f4a69c019
0000017f6c0576b9
0000017f6c057e19
0000017f6c058df9
0000017f6c059859
0000017f6c05d219
0000017f6c05dbb9
0000017f6c05e379
0000017f89016f19
0000017fae4c3439
0000017fdd69cc99
000001800c5ccbb9
000001800c5d3c19
00000180495a88d9
00000180495a9cd9
00000180495ac599
00000180b58de959
00000180b72fdf99
000001812bc521b9
000001816f7b83f9
0000018175deb919
0000018181818059
00000181a5815cf9
00000181bfae3979
00000181bfae4bf9
00000181bfae4c99
00000181bfae5e19
00000181bfae8699
00000181d8a67f39
00000181fc000b39
00000182cbf22d19
00000182cbf22eb9
00000182d8488fb9
00000182e6a2e219
00000182e6a2f2f9
0000018383d5ff79
000001839b931d99
000001839b932e59
00000183cfcc0039
00000183cfcc0219
00000183cfcc07b9
00000183cfcc1279
00000183cfcc1379
00000183cfcc1e99
00000183cfcc7879
00000183f0afbbb9
000001842960a8f9
000001842960b199
000001844aae3ef9
0000018478a5d499
0000018488c21019
0000018491e08039
00000184ca5f42b9
0000030a66d8e261
0000000000f47b71
0000000000000181
0000018574d249f9
000001858e18d539
0000018590d035f9
00000185caca30f9
00000185d03ebe59
00000185d03ebef9
00000185d03ec5b9
00000185de29dfd9
00000185e6ad03b9
0000018609248919
000001860924bfb9
000001860924d279
000001862b5717d9
0000018653a4ba19
0000018658b10499
0000018658b16bb9
0000018665f42d59
0000018665f42df9
0000018665f434b9
0000018665f43b59
0000018665f43bd9
0000018665f43c79
0000018665f43e59
0000018665f44339
0000018665f44bb9
000001868d0316f9
00000186956f9959
00000186a0fed859
00000186ed921439
00000186ed9228b9
00000187070fb2d9
000001872fbb2679
00000187364ba759
00000187364baeb9
00000187364bb759
00000187364bda99
00000187369681b9
0000018736968339
000001873696b099
000001873696c219
000001877b940af9
000001877dbfe6d9
000001877dbff919
00000187a1ad0939
00000187b81b1459
00000187b81b14f9
00000187b81b1519
00000187b81b1bd9
00000187b81b6f19
00000187c2af58b9
00000187c2af5a59
00000187c2af5cf9
00000187c2af5d79
00000187c2af6a19
00000187c2afc519
00000187e27bded9
0000018801394339
000001880c1d06f9
00000188243384f9
0000018824338599
0000018824338c59
000001882433da39
000001882433fb59
000001882433ff59
00000188379380d9
000001883c6d5919
000001883c6e2439
000001883dd16119
000001883dd16c39
0000018850993c99
00000188509943f9
000001889267f259
00000188ad2555d9
00000188b05ef8f9
00000188b05f0bd9
00000188cef02659
00000188d23e3ef9
00000188ee5cea39
0000018943b37ad9
0000018979604799
000001897bdb7979
000001897bdb8c19
000001897e8ab399
000001898a1ae039
000001898a1af199
00000189aa032619
00000189aa038979
00000189b5b23399
00000189b5b23af9
00000189b5b27339
00000189b5b28a39
00000189b5b29df9
00000189b5b2b219
00000189b5b2fe79
00000189b5b36bf9
0000018a022fae99
0000018a1660a339
0000018a1660a3b9
0000018a65719819
0000018a7d6eaad9
0000018a95fbf6f9
0000018a95fc0c79
0000018ab6f4c5d9
0000018ac7595099
0000018ac7596459
0000018adc3e7359
0000018adcdf6879
0000018adcdfe219
0000018ae3e53dd9
0000018ae873bd19
0000018ae873d019
0000018b237667b9
0000018b2ddacbd9
0000018b2ddadc79
0000018b303ac759
0000018b38582519
0000018b8fa20b19
0000018bb4fcc9d9
0000018bc6315899
0000018bc6315919
0000018bc6315959
0000018bc6315ff9
0000018bc63167d9
0000018bc6316a19
0000018bc6316cf9
0000018bd1628f79
0000018c268e8019
0000018c4977d339
0000018c4977d3b9
0000018c4977e419
0000018c734876f9
0000018c7897a0d9
0000018c7897a2b9
0000018c78980579
0000018ca7b9aeb9
0000018ca7b9bfb9
0000018ca7ba1939
0000018ca7ba19b9
0000018cd368f019
0000018cd368f779
0000018cd80ab7b9
0000018cd80abf39
0000018cd80b26f9
0000018cf39109d9
0000018d0b545a79
0000018d53144af9
0000018d53145259
0000018d5314c679
0000018d5314c879
0000018d814c9559
0000018dbbca69f9
0000018dbbca7cf9
0000018dbbca8b19
0000018dcfb73619
0000018dcfb79239
0000018dcfb79419
0000018dcfb79b79
0000018dcfb7dc59
0000018dcfb7e719
0000018dcfb81759
0000018dff6f38f9
0000018dff6f4099
0000018dff6f4799
0000018dff6f50f9
0000018dff6fa419
0000018dff6fb059
0000018dff6fe699
0000018e29599759
0000018e6a06e099
0000018e6b3d5819
0000018e7b7147b9
0000018e7b714859
0000018e7b714f39
0000018e7b715a99
0000018e7b715b59
0000018e7b715c19
0000018e7b7162d9
0000018e7b716499
0000018e7b7175f9
0000031d0743d861
0000000000f47b71
0000000000000181
0000018e894d4c59
0000018e894d53b9
0000018e894d5539
0000018ec4f8bbf9
0000018ede769f59
0000018ede76c0d9
0000018f1b678df9
0000018f1b678fd9
0000018f1b67f219
0000018f6d61cfd9
0000018ff4f4e439
000001900ba0abb9
00000190386769d9
0000019038677b99
000001903867daf9
0000019076c7c799
0000019076c7cf19
0000019076c7ddf9
0000019076c7de99
0000019076c7ded9
0000019076c7e799
0000019076c7e839
0000019076c7eb59
0000019076c7ef19
0000019076c7f359
0000019076c81479
0000019076c81a99
0000019076c838b9
0000019076c84859
0000019076c85259
0000019076c852f9
0000019076c86339
0000019076c864d9
0000019076c86639
0000019076c86e19
0000019076c87279
0000019076c8a319
0000019076c8a759
0000019076c8bc19
0000019076c8e079
0000019087fb9f19
00000190c433ab99
00000190c433c139
00000190c81d7119
00000190cae2c959
00000190cae32899
00000190dac73f59
00000190f65f76d9
00000190f65f9119
0000019172067719
0000019180408119
0000019180409079
00000191804090f9
000001918040b359
000001918040c299
000001918040c379
000001918040ccb9
000001918040de99
00000191887a1c59
00000191887a3159
00000191887a7659
00000191b0f78539
00000191c4e2d499
00000191cb651b59
00000191cb6522d9
00000191cb652dd9
00000191d15edef9
00000191d15edf99
00000191d15ee679
00000191d15f2559
00000191eda5fcd9
00000191eda660d9
00000191f20b8599
0000019209854399
00000192098550f9
0000019209855839
00000192098579f9
0000019210111639
00000192101128f9
00000192101129f9
0000019210113579
00000192473af919
000001926168f1f9
000001926168f959
0000019261690a99
0000019261691c79
0000019261693619
000001926169b899
0000019273da3779
0000019273da4b19
0000019273da5299
0000019273da6479
0000019273db06b9
000001929207ea19
00000192a107fb19
00000192b76b81d9
00000192c2d8d5d9
00000192cfb32299
00000192d1608e59
00000192f86a0879
0000019303d601d9
0000019304afdc59
0000019319aff559
000001939239fcb9
000001939239fd59
00000193923a0439
00000194052f6699
0000019420796ad9
0000019420796b79
0000019420797099
0000019420797259
0000019420797a79
0000019420798139
0000019420799459
000001942079a4d9
000001942079a879
000001942079c179
000001942079d699
000001942079d739
00000194207a1659
0000019425c46bd9
000001942dc4b799
00000194752762b9
000001949d19bef9
00000194ad7fb979
00000194e7572d79
00000194e7572f19
00000194e75734f9
00000194e7573d39
00000194e75777f9
00000194e7579d39
00000194e757a599
00000194f90a2839
000001950d3d2c59
000001951d343819
000001951d344af9
00000195358a3479
00000195358a4959
00000195358a5899
00000195358a6db9
000001954c7592d9
000001954c75a9b9
00000195c2fbe2b9
00000195dc133e79
00000195dc133f19
00000195dc133fd9
00000195dc1345d9
00000195dc1362d9
00000195e6df9cf9
00000195e6dfab59
00000195ed3a18d9
0000019616954539
00000196169545d9
0000019616954cb9
0000019616955359
0000019616955759
00000196169558f9
0000019616956619
00000196169566d9
0000019616956d99
00000196169576b9
0000019616957779
0000019616957859
0000019616957e39
00000196169580b9
0000019616958579
0000019616958659
0000019616958779
0000019616959e79
0000019616959f39
000001961695a7b9
000001961695afd9
000001961695bab9
000001961695bbb9
000001961695bfd9
000001961695c739
000001961695cb19
0000019616960399
0000019616960639
0000019616961f99
0000019616962939
000001967d39d1d9
000001968649bcd9
0000019687d3cf39
00000196afa46b19
00000196c403ebd9
00000196c403f399
00000196c4042d59
00000196c40450f9
00000196edabc9f9
00000196fd486db9
00000197303817b9
0000019730381879
0000019730381f39
0000019730382a19
00000197303887b9
000001973ad4ce99
000001974d0ec099
000001976244dc39
000001976b374279
000001979036da99
0000019790370d19
00000197903723f9
00000197903736d9
00000197ac4bc819
00000197bcf765b9
00000197d10e2279
00000197d15cb739
00000197d15ccb99
0000032fa7aece61
0000000000f47b71
0000000000000181
000001984cd5ecf9
00000198584dff19
0000019861311ff9
0000019861312759
0000019861313299
0000019861317499
0000019861318139
00000198613181b9
00000198613185f9
0000019861319a59
000001986131ad19
0000019867a9ce19
0000019867a9e639
0000019882cff9f9
00000198bff042b9
00000198bff05559
00000198bff055d9
00000198bff06519
00000198bff0c1b9
00000198bff0d139
00000198d6362d59
00000198d6362df9
00000198d6362ed9
00000198d63634b9
00000198d6366e79
00000198d6369db9
00000198eaffefb9
000001992e9a81f9
000001992fdb9f39
000001992fdb9fd9
00000199c7159b19
00000199c715ad39
0000019a2453fd79
0000019a245404d9
0000019a4a9dff79
0000019a5db62399
0000019a5db65099
0000019a5db66379
0000019a8d57d259
0000019a8d581539
0000019acd112759
0000019aef490e59
0000019aef4b5499
0000019b4080b3d9
0000019b54d36f79
0000019b54d37019
0000019b54d37139
0000019b54d376f9
0000019b54d38239
0000019b54d389b9
0000019b54d38e79
0000019b54d39539
0000019b54d39d19
0000019b79ad4af9
0000019bf1c715f9
0000019bfa385379
0000019c57cfaf99
0000019c76f9f879
0000019ce85c0ad9
0000019ceaf8a799
0000019ceaf8a819
0000019cfe983839
0000019cfe983fb9
0000019cfe984ab9
0000019cfe984d79
0000019cfe984df9
0000019cfe985c59
0000019cfe985e59
0000019cfe98b399
0000019d2eeab0b9
0000019d6385dd19
0000019d6385df19
0000019d6385f199
0000019dbaf4fc39
0000019dcc0ccd99
0000019dcc0cea59
0000019dd88cdbf9
0000019de3a26519
0000019e1c686439
0000019e30d1b999
0000019e30d1ccb9
0000019e82288479
0000019e82289b19
0000019e82289cd9
0000019e8228af39
0000019e8228b279
0000019ef69a4b59
0000019ef69a5379
0000019ef69a6559
0000019ef9a2f1f9
0000019f13469a19
0000019f226ff4d9
0000019f53c586f9
0000019f67ecf179
0000019f67ed0fd9
0000019f67ed11d9
0000019f67ed2999
0000019f67ed36f9
0000019f67ed38d9
0000019f67ed4759
0000019f67ed4eb9
0000019ff8b42bd9
000001a0071f00f9
000001a023107819
000001a0231087b9
000001a023108859
000001a023108f19
000001a048efaaf9
000001a07d119759
000001a07d11f759
000001a082416d19
000001a099c453b9
000001a0c3754e79
000001a0c3e69cb9
000001a0c3e6a659
000001a0c3e6b959
000001a0ff34fc39
000001a0ff34fcb9
000001a1016a9439
000001a1016aa299
000001a1016aa739
000001a1016ac099
000003424819c461
0000000000f47b71
0000000000000181
000001a12c32fc59
000001a12d046319
000001a12f7115b9
000001a134283279
000001a134284379
000001a134284539
000001a1342847f9
000001a134284899
000001a134284f79
000001a134285739
000001a134289c99
000001a13428a0f9
000001a13428b139
000001a16d73e439
000001a16d73f7d9
000001a1c0e1b8d9
000001a1c5403759
000001a1f155ad99
000001a211c95099
000001a232cba9f9
000001a232cbb7b9
000001a232cbc899
000001a232cc27d9
000001a26bf870d9
000001a286740699
000001a286741fb9
000001a2ee031299
000001a2f943afb9
000001a2f943dff9
000001a2f943e099
000001a2f943e179
000001a2f943e219
000001a2f943e0b9
000001a2f943e759
000001a2f943e8f9
000001a2f943f359
000001a2f943f5b9
000001a2f943f659
000001a2f943fd19
000001a2f94403b9
000001a2f94405d9
000001a2f9440cb9
000001a2f9443f39
000001a2f9444519
000001a3104ad499
000001a340c4fa79
000001a340c51039
000001a340c510d9
000001a340c521b9
000001a340c53cf9
000001a34a4ba759
000001a34a4c1159
000001a353ac1eb9
000001a353ac22d9
000001a353acabd9
000001a376ad3ed9
000001a3b869a6d9
000001a3ee5d1239
000001a404c22cb9
000001a407f5f339
000001a43127a6f9
000001a43127ae79
000001a43127b839
000001a43127bcf9
000001a43127bd99
000001a43127bef9
000001a43127c0f9
000001a43127c199
000001a43127c479
000001a43127cef9
000001a43127cf99
000001a43127d259
000001a43127d2f9
000001a43127d7f9
000001a43127de39
000001a43127df79
000001a43127ec79
000001a43127eef9
000001a43127f559
000001a431280979
000001a431280c39
000001a431281299
000001a431281a99
000001a431281b39
000001a4312824b9
000001a4312829f9
000001a431282c39
000001a431282cd9
000001a4312832d9
000001a431283599
000001a431289539
000001a43128a6b9
000001a43128a819
000001a47c10c179
000001a47c10d979
000001a47c10db59
000001a47c10e959
000001a47c10edb9
000001a47c115cf9
000001a4c9d657d9
000001a4c9d65f39
000001a4c9d66739
000001a4e15c0179
000001a4e15c08d9
000001a4e15c57f9
000001a4ed28cdf9
000001a4ed28df99
000001a4f0b602b9
000001a54b25e719
000001a54bdb7899
000001a5665ea6f9
000001a5665f1099
000001a5a00979f9
000001a5a0098e59
000001a5a00995b9
000001a5a0099fb9
000001a5a009a679
000001a5bf3b0359
000001a5c8e1b1d9
000001a5c8e1b959
000001a5f6de67b9
000001a5f6de6f19
000001a5f6de7919
000001a5f6ded299
000001a60997ebd9
000001a60997f339
000001a60997fc39
000001a60997fcb9
000001a6099864b9
000001a609987339
000001a609987c19
000001a609987e79
000001a631c529b9
000001a6699c5bd9
000001a6699c6339
000001a6b21f2339
000001a73b487bb9
000001a7464f5479
000001a7464f6399
000001a74c2a4579
000001a74c2a5cf9
000001a788e77359
000001a7b6918139
000001a7ee3f6e19
000001a7ee3f8239
000001a7ee3fb7f9
000001a84299d399
000001a8539fe1d9
000001a853a004b9
000001a853a01d99
000001a853a047d9
000001a89798e8f9
000001a8c0a243d9
000001a8ce2a1459
000001a8d1bfd479
000001a8dc2c3639
000001a8e1f02a79
000001a9318f9b99
000001a95500a8d9
000001a9c5656119
000001a9e15dc2f9
000001a9e15dc479
000001a9e15dda99
000001a9e15dea19
000001aa27a06579
000001aa2a4a7559
000001aa2a4a84d9
000001aa2baad5f9
000001aa2baad699
000001aa2baadd79
000001aa65ff7659
000001aa65ff76d9
000001aa65ff8739
000001aa65ff8b19
000001aa65ff9b99
000001aa65ffadf9
000001aa65ffc879
000001aa65ffca99
000001aa65ffcd39
00000354e884ba61
0000000000f47b71
0000000000000181
000001aa771cd979
000001aa7e28d299
000001aa95fcdb19
000001aaa9410839
000001aacc86a6f9
000001aae0923459
000001aae0929439
000001ab646bc979
000001ab646bd0f9
000001ab646c1ff9
000001ab646c30f9
000001ab72e016f9
000001ab72e01779
000001ab72e017b9
000001ab72e01e59
000001aba4c4fe39
000001aba6a9b799
000001abef9c9259
000001abef9ca359
000001abef9cdcf9
000001abef9d2159
000001abef9d21f9
000001abef9d3299
000001abef9d8a39
000001ac018bfa79
000001ac350fe8d9
000001ac3aee64f9
000001ac3aee6699
000001ac3cd37899
000001ac4b4e6659
000001ac715580d9
000001ac87c43e59
000001ac87c43ef9
000001ac87c445d9
000001ac87c44f19
000001ac87c452b9
000001ac9ae24599
000001ac9ae267f9
000001ac9ae26979
000001ace176fa39
000001ad06884d79
000001ad6ae32ef9
000001ad98a30f99
000001ae30435639
000001ae3f972c39
000001ae3f9742d9
000001ae3f9744b9
000001ae43d9e839
000001ae43da4fd9
000001ae7104cc59
000001aeb530a139
000001aeb7c3c819
000001af086b9479
000001af0bf7f199
000001af0bf81479
000001af108ed3d9
000001af25aeebd9
000001af2788e2b9
000001af2788f359
000001af2788f759
000001af304e1e59
000001af6cc431f9
000001af6cc43299
000001af6cc43959
000001af6cc46699
000001af6cc4a159
000001af6cc4cef9
000001af8d9b06d9
000001af8d9b8759
000001af9184c0b9
000001af9184c819
000001af9184d699
000001afc9c935f9
000001aff1cc5739
000001aff1cccf59
000001aff1ccd099
000001aff1ccec79
000001aff1ccfe99
000001aff1cd0f39
000001aff1cd63b9
000001aff4163839
000001b0123e2079
000001b0123e3119
000001b03d667479
000001b03d667bd9
000001b03d668bf9
000001b03d670859
000001b09a7a2f79
000001b0a1316519
000001b0b7c3b7f9
000001b0b7c3c859
000001b0b7c3cff9
000001b0b7c3da19
000001b0b7c3df99
000001b0b7c3ef99
000001b0b7c40ff9
000001b0b7c41f99
000001b0b7c42c59
000001b0b7c44c59
000001b0b7c4c8b9
000001b0b7c55f19
000001b0c4f029b9
000001b0c4f09819
000001b0f30b1419
000001b0f30b2679
000001b1a6ba01d9
000001b1a88910d9
000001b202dc1eb9
000001b22e594699
000001b246245859
000001b246246c79
000001b24a7ee1b9
000001b24a7ef559
000001b2e07c3ad9
000001b3087c4fd9
000001b31a6c6339
000001b32f3134b9
000001b32f315e19
000001b32f315ef9
000001b36d285399
000001b36d285b19
000001b36d28b3f9
000001b3a4287f19
000001b3a4289939
000001b3a428b2d9
000001b3b1b328f9
0000036788efb061
0000000000f47b71
0000000000000181
000001b3c78a9959
000001b3c78afdf9
000001b3cd484539
000001b3cd484bd9
000001b4003a07f9
000001b4003a1699
000001b445fa9ed9
000001b4a3528259
000001b4a90ff3f9
000001b4ab4137f9
000001b4ab413f79
000001b4ab414859
000001b4ab41e3d9
000001b513cc4319
000001b513cc51d9
000001b51b42cff9
000001b51b431e79
000001b51b435db9
000001b524ec0279
000001b53dd62099
000001b53dd63459
000001b568ad1059
000001b5760185f9
000001b577c507f9
000001b59d4cd619
000001b59d4d4879
000001b59d4d4fd9
000001b5bd16eb19
000001b5bd16f299
000001b5bd16fc59
000001b5bd170059
000001b5bd172199
000001b5bd1730d9
000001b5bd173179
000001b5bd173199
000001b5bd1732d9
000001b5bd174799
000001b5bd174ef9
000001b5bd17aef9
000001b5bd17e619
000001b5d2476cd9
000001b5d2476d59
000001b5fbee9f19
000001b5fbeea679
000001b60a117dd9
000001b60a117e59
000001b60a118539
000001b60a11dcf9
000001b632b574d9
000001b632b58559
000001b63eb38b19
000001b63eb39659
000001b641814179
000001b66cfe90d9
000001b66cff2039
000001b66e85a579
000001b6778054b9
000001b701bc2a19
000001b701bc7c79
000001b7398abb79
000001b7398abc19
000001b7398abd39
000001b7398ac2d9
000001b7398aca59
000001b7398acab9
000001b7398acbd9
000001b7398ad5d9
000001b7398b0999
000001b7398b0a39
000001b7398b10f9
000001b7398b2979
000001b7398b3e19
000001b765a0c119
000001b7a0f75339
000001b7a0f75a99
000001b7a0f7a919
000001b7a0f7bf79
000001b7a0f80e59
000001b7c034e839
000001b7c03542f9
000001b7d6a6c1f9
000001b7f7b58099
000001b7f7b599b9
000001b8477f29f9
000001b852176e99
000001b87edfcf79
000001b87edfd119
000001b87edfd1b9
000001b89bc07499
000001b89bc07539
000001b8b97b59f9
000001b8b9845659
000001b8d127f419
000001b8d5c405b9
000001b937452899
000001b93a521199
000001b93a5218f9
000001b93a52bc59
000001b95a8247b9
000001b9662a13f9
000001b99bac1599
000001b9baa0e139
000001b9baa0e899
000001b9baa0f539
000001b9baa144f9
000001b9cdd2efd9
000001b9dd986fd9
000001b9dd9882b9
000001b9e3c68b39
000001b9e3c69299
000001b9e3c69ad9
000001b9e3c69c19
000001b9e3c6aa19
000001b9e3c6ad39
000001b9e3c6e839
000001b9f0e36d39
000001b9f0e3e779
000001b9fa8acc19
000001b9fa8adcb9
000001b9fa8adf19
000001ba1137e9f9
000001ba18acd3d9
000001ba5901be39
000001baa6ab19f9
000001bad1e7fdb9
000001bad1e839f9
000001bad1e85e59
000001bad1e86599
000001baf0efd9d9
000001bb6bc0fa99
000001bb6d8fc4b9
000001bb8d2546d9
000001bbf7c067d9
000001bc3234df19
000001bc737a4639
000001bc737a46d9
000001bc737a4819
000001bc737a4d99
000001bc88974099
000001bc8897a679
000001bc8897ae19
000001bc8897b859
000001bc8897bb79
000001bc8897f919
000001bc88981039
000001bc89690ab9
000001bc89690b59
000001bc96a76f39
000001bc99b6a019
000001bc9ebd79d9
000001bce930e3f9
000001bce9316fb9
000001bcecc55ed9
000001bcecc57019
000001bcee41e5f9
000001bcf3910b39
000001bcf9b43659
000001bcf9b45839
000001bcf9b4a359
0000037a295aa761
0000000000f47b71
0000000000000181
000001bde1ced359
000001be3980ea79
000001be3980f1d9
000001be3d5482f9
000001be7cec45d9
000001bebd689f19
000001bebd68aef9
000001bec4bd4079
000001bed93bdc99
000001bef2603419
000001bef9754db9
000001bef9754e39
000001bef97563b9
000001bf2566ad39
000001bf28083c99
000001bf315f3f39
000001bf3283b959
000001bf3283bb39
000001bf3283d439
000001bf3283e4b9
000001bf5e2d4939
000001bf65c38d79
000001bf67b5e939
000001bf6a64de19
000001bf77e5c2f9
000001bfcc9f91d9
000001bfcc9f9279
000001bfcc9f9939
000001bfcc9fa079
000001bfcc9fa699
000001bfcc9fb4b9
000001c00c691cb9
000001c02a15c1d9
000001c06d3612d9
000001c0a1e5e519
000001c0c49774d9
000001c0cf8fd8f9
000001c0e3e2e639
000001c0e3e2f619
000001c0e3e306d9
000001c0e3e37899
000001c0ef100ed9
000001c10d0f3479
000001c1729b6f99
000001c1b4757c19
000001c1b4757c99
000001c1e9d8d9f9
000001c20644c799
000001c20644c859
000001c20644cf19
000001c20644dab9
000001c20644db79
000001c2064507d9
000001c206454519
000001c23b4c9599
000001c28e8e9759
000001c2966b0e19
000001c2e5f36159
000001c2e5f361d9
000001c2e5f368b9
000001c2e5f3c119
000001c2e5f3d8b9
000001c2e5f42339
000001c2eb8efe39
000001c30f765019
000001c30f766059
000001c36e147f79
000001c472f6cfb9
000001c472f731f9
000001c4866d4619
000001c48f4c3799
000001c514471019
000001c514471ff9
000001c52d1c5539
000001c52d1cf419
000001c52ec04ab9
000001c53e009499
000001c53e009519
000001c58af342f9
000001c58af35699
000001c58af3b499
000001c58af3bfd9
000001c5a7f54fd9
000001c5a8413759
000001c5aeda9bb9
000001c5aedafc79
000001c5aedb1df9
000001c5b4806b19
000001c5b4806db9
000001c5e30d17b9
000001c6008f1539
000001c63184fcf9
000001c631850479
000001c631855759
000001c64a8ed0b9
000001c64a8ed819
0000038cc9c59d61
0000000000f47b71
0000000000000181
000001c66632ed59
000001c678912c59
000001c6789133b9
000001c6789188b9
000001c6c391cf99
000001c6c3920ed9
000001c6c3921ff9
000001c6c5222779
000001c70a1c7059
000001c70a1c77b9
000001c70a1c81d9
000001c70a1cd359
000001c7491399b9
000001c7493d4799
000001c75456f8b9
000001c7ae1f9419
000001c7f59d1bb9
000001c7f59d3019
000001c8027f6c79
000001c8317caff9
000001c8317cbe19
000001c847212739
000001c851c73ed9
000001c85758f2b9
000001c8c0ef7d39
000001c8d725d679
000001c8d7264ad9
000001c8d7264cb9
000001c8d7264eb9
000001c8d7265239
000001c8d7265779
000001c8d7265cb9
000001c8d7265d99
000001c8d7267939
000001c8d7268099
000001c8d7268439
000001c8d72693f9
000001c8d72699f9
000001c8d726c3b9
000001c8d726cbb9
000001c8d7272839
000001c8d7273bd9
000001c8d72782d9
000001c923016b19
000001c923016bb9
000001c923016cd9
000001c923016bf9
000001c923017299
000001c923017c39
000001c923017cd9
000001c9230183b9
000001c923018ab9
000001c923018d19
000001c9230196b9
000001c92301cdd9
000001c928a87479
000001c951ddecd9
000001c98bec4019
000001c98bec5139
000001c9a392ab39
000001c9a3933c39
000001ca829a4159
000001ca8a331839
000001ca8a331a79
000001ca8a332d79
000001cac75ae559
000001cac833df59
000001cb0ee716b9
000001cb0ee73fb9
000001cb0ee76bf9
000001cb0ee79419
000001cb29274d99
000001cbc06e2cb9
000001cbc06e2d39
000001cbc06e2d79
000001cbc06e3419
000001cbc06eb639
000001cbf06ef939
000001cbf4b0a939
000001cc588c1039
000001cc588c4379
000001cc87b09e39
000001cc87b0a5b9
000001cc87b0ac99
000001cc87b10519
000001cc9ab426b9
000001cc9ab4a6d9
000001ccfe473419
000001cd2b10b579
000001cd49137159
000001cd71d8e5d9
000001cd8b8f1479
000001cd8b8f1bd9
000001cd8b8f25f9
000001cd8b8f2db9
000001cd8b8f36f9
000001cd8b8f3d99
000001cd8b8f4839
000001cd8b8f8e99
000001cd8eb871b9
000001cd99546ff9
000001cd99547759
000001cdcf2f22d9
000001cdcf2f96d9
000001cdf4d59bf9
000001cdf4d5ad59
000001cdf4d5b399
000001ce0a5c6d19
000001ce50f0dbd9
000001ce902d2239
000001ce902d37d9
000001ceb8015cf9
000001ceb8015e19
000001cec26fcef9
000001cf27893719
000001cf4688cdb9
000001cf4688e2f9
000001cf46890979
000001cf90010d19
000001cf90010eb9
0000039f6a309361
0000000000f47b71
0000000000000181
000001cffa23b4f9
000001cffa23b579
000001cffa23b5f9
000001d05f7f1379
000001d05f7f1ad9
000001d05f7f2c59
000001d08b797a19
000001d08b797b99
000001d08b798199
000001d08b798939
000001d08b798a59
000001d08b799839
000001d08b799919
000001d08b79a199
000001d08b79b359
000001d08b79ed99
000001d08b7a1439
000001d0c7907899
000001d0e3e816d9
000001d0e3e81779
000001d1016d91f9
000001d13a915ab9
000001d13a916799
000001d14ce7d5b9
000001d16514eb59
000001d16514fab9
000001d1d0c5ffd9
000001d1f635dff9
000001d1f6360ad9
000001d202362399
000001d202362439
000001d202362af9
000001d202363599
000001d20a98d2b9
000001d2296cd239
000001d2296d12d9
000001d2296d4d39
000001d2296d60b9
000001d2ddaaa8b9
000001d2de836839
000001d321646d19
000001d40129a259
000001d40129b6f9
000001d40ca34bf9
000001d40ca35379
000001d40ca35df9
000001d40ca36199
000001d40ca39a99
000001d40ca3a699
000001d40ca3bf99
000001d40ef70a19
000001d40ef71a39
000001d40ef71c19
000001d40ef71c99
000001d40ef75c39
000001d40ef75d99
000001d40ef76519
000001d40ef77239
000001d40ef779b9
000001d40ef77ed9
000001d40ef79f79
000001d40ef7aa99
000001d42a942c79
000001d42a946a39
000001d47e8fcbb9
000001d47e8fcc79
000001d492b96af9
000001d4b7c618b9
000001d4b7c62019
000001d4bec4e6f9
000001d4c06630d9
000001d4c06632d9
000001d4c06640f9
000001d4e4da2219
000001d50b2a2219
000001d50b2a32b9
000001d50b2a3439
000001d50f2e1319
000001d51f098159
000001d51f09e499
000001d51f09f8d9
000001d52c094599
000001d54a2e1ad9
000001d54a2e2dd9
000001d5572b8399
000001d5893291f9
000001d58932a1b9
000001d58932a319
000001d58932a8b9
000001d58932ded9
000001d58932ecd9
000001d589330919
000001d589332d59
000001d59122d519
000001d591235519
000001d5b22d82b9
000001d5d80ec6f9
000001d5d80ed8f9
000001d5f90e3a99
000001d625b25299
000001d635c84659
000001d635c85b99
000001d635c8a1d9
000001d65b39f8f9
000001d65b3a5259
000001d67b217d99
000001d67c60d119
000001d67c60e399
000001d682428199
000001d683af97d9
000001d6969c6dd9
000001d6969c7539
000001d6969c7d59
000001d6969c8219
000001d6a2019ad9
000001d6dda3c419
000001d70f9bcef9
000001d70f9bdeb9
000001d70f9be639
000001d70f9bfb59
000001d70f9c03f9
000001d70f9c5239
000001d7147f5cb9
000001d7147f7499
000001d7147f7859
000001d7147f8f39
000001d7147f93b9
000001d72ed61ef9
000001d7adbcfbd9
000001d7adbcfc59
000001d7bbd6edd9
000001d7bbd6f559
000001d7bbd73159
000001d7bbd742d9
000001d7bbd745b9
000001d7c07776f9
000001d7c0779079
000001d7e4b23df9
000001d809d95ed9
000001d809d972b9
000001d83b47c639
000001d83b9415b9
000001d83bf26619
000001d8c09dc179
000001d8c09dd719
000001d8c09e3df9
000001d8ca570579
000001d8ca578499
000001d8ca579739
000003b20a9b8961
0000000000f47b71
0000000000000181
000001d9071d35f9
000001d9071d82d9
000001d92d840119
000001d92d840e99
000001d92d8421d9
000001d92d842959
000001d92d843619
000001d92d8436f9
000001d92d846e59
000001d95395aff9
000001d981ce1fd9
000001d981ce3119
000001d98306bff9
000001d98306c759
000001d98555cd39
000001d9b0cee9f9
000001d9b0cef159
000001d9b0cef739
000001d9b0cf08b9
000001d9b0cf0e19
000001d9b0cf1859
000001d9b0cf4ff9
000001d9bcc6c6f9
000001d9c286e0d9
000001d9c286e179
000001d9c286e839
000001d9c286f339
000001d9c2875079
000001d9dba25959
000001d9f3892099
000001da0e15fe79
000001da0e160f19
000001da1a03e939
000001da40fe1cb9
000001da5daffc39
000001da5db00c59
000001da5db00ef9
000001da5db020d9
000001dad03eda79
000001dad03edb79
000001daf3aaa119
000001db24bbf739
000001db25eda3b9
000001db5a7355b9
000001db60695bd9
000001db60695c99
000001db60696359
000001db60697039
000001db60697f19
000001db60698dd9
000001db6069b359
000001db6069c979
000001db6069dd99
000001db6069ef59
000001db7c8625b9
000001db861f6eb9
000001db861fed59
000001db86200959
000001db86201979
000001db8d1574f9
000001db8d157699
000001dba2618af9
000001dba2619279
000001dba2619d39
000001dba2619df9
000001dba261b3b9
000001dba2af5dd9
000001dba2af5e99
000001dba2af6579
000001dba2af7319
000001dba4888759
000001dbb3c01c99
000001dbc007a8f9
000001dbc007b939
000001dbd186f739
000001dbd1874c39
000001dc13bd0d19
000001dc36985af9
000001dc5d4e1099
000001dc5d4e2239
000001dc8c8fee19
000001dca9008819
000001dccacaaaf9
000001dcd4937499
000001dcd526c159
000001dcdd379d19
000001dcdd37b499
000001dcfbde1a99
000001dd42590e19
000001dd42590eb9
000001dd4ed7ab19
000001dd80b91459
000001ddb4309ab9
000001ddf5e09b99
000001ddf5e0d2b9
000001de05fe7ef9
000001de05fe8e19
000001de05fe8f79
000001de05fe9139
000001de05fedc79
000001de310a8739
000001de9227f979
000001de922800f9
000001de922809f9
000001de92281139
000001de92284199
000001dea11875f9
000001deb6ee9f79
000001deb6eeb199
000001dec49dd099
000001dec49dd159
000001dec49dd819
000001dec49ddcf9
000001dec49dddf9
000001dec49ddeb9
000001dec49de1b9
000001dec49e1719
000001dec49e1c99
000001dec49e6819
000001dec49e75f9
000001df00fda039
000001df1aa3e9f9
000001df271308d9
000001df27131ad9
000001df27131c39
000001df3afe0db9
000001df3d219c19
000001df3d21a399
000001df3d21a479
000001df3d21ab59
000001df3d21acf9
000001df3d21b079
000001df3d220fd9
000001df9407fd59
000001df9407fed9
000001df94081119
000001dfa9401439
000001dfc0e857b9
000001e012f28199
000001e012f28f39
000001e012f29299
000001e045c5e9d9
000001e045c5fbb9
000001e045c5fef9
000001e045c60e99
000001e045c61359
000001e045c61f19
000001e045c685f9
000001e0586aca59
000001e07746c359
000001e07746d439
000001e091a15539
000001e09d20b719
000001e0d26545b9
000001e0e7132c99
000001e0ec462cd9
000001e0eec93739
000001e0eec938d9
000001e0eec94ad9
000001e0eec94c59
000001e0eec957d9
000001e0eec95d39
000001e0eec96db9
000001e0f3360879
000001e0f33611b9
000001e0f33616b9
000001e0f3362219
000001e0f33625d9
000001e0f3362679
000001e0f33627b9
000001e0f3363b39
000001e0f3364299
000001e0f3368fd9
000001e0ffab3a79
000001e0ffab5019
000001e0ffab5479
000001e0ffab5779
000001e0ffab5bf9
000001e11618fbf9
000001e136974c79
000001e1401e2359
000001e1401e2419
000001e1401e2499
000001e1401e2ad9
000001e1401e2f39
000001e1401e3439
000001e1401e34b9
000001e1401e3d99
000001e1401e7ab9
000001e1401e90d9
000001e1534a2eb9
000001e1534a2f59
000001e1534a3639
000001e1534a3cf9
000001e1534a46b9
000001e1534aa1b9
000001e154a48bf9
000001e167d35519
000001e1ae00cef9
000001e1ae00cf99
000001e1ae00d659
000001e1ae00e079
000001e1ae00e199
000001e1fceee359
000001e1fceee3f9
000001e1fceeeab9
000001e1fceeef79
000001e1fcef3e79
000001e200c5dc99
000001e205728dd9
000001e21f8a4df9
000001e21f8a5019
000001e21f8a50f9
000001e22a07abf9
000003c4ab067f61
0000000000f47b71
0000000000000181
000001e25ab06a99
000001e276027699
000001e2a62d3ef9
000001e2a62d40b9
000001e2a62d5319
000001e2e50f0499
000001e2ec9a4d59
000001e2ec9a54d9
000001e2effb97b9
000001e327634a19
000001e327634ab9
000001e327635199
000001e34799dc19
000001e3611db3b9
000001e3611db559
000001e3611dbb39
000001e395081739
000001e40f5d47d9
000001e40fb0fcd9
000001e40fb16119
000001e41a205099
000001e421092b39
000001e4ecaf2d59
000001e4fee808d9
000001e4fee839b9
000001e4fee85f19
000001e533391a79
000001e533392df9
000001e5333948f9
000001e5370a8279
000001e5370a8319
000001e5370a89f9
000001e5370ab619
000001e5370aefd9
000001e55ffd24b9
000001e5bb8cbb59
000001e5be6f0059
000001e5be6f2bb9
000001e5be6f2c39
000001e5be6f7499
000001e61542d559
000001e615433179
000001e61b356b79
000001e61b357c99
000001e61b3582d9
000001e61b359599
000001e61b3633f9
000001e65cba9539
000001e65cbad4d9
000001e675b350f9
000001e69c7fa2d9
000001e6b8aff879
000001e6b8b00b19
000001e7031aeff9
000001e70c79f139
000001e70c79f8b9
000001e70c7a0199
000001e70c7a0359
000001e70c7a06b9
000001e70c7a13b9
000001e70c7a24f9
000001e70c7a4db9
000001e70c7a6a19
000001e710cca599
000001e75430bbd9
000001e795d2a0b9
000001e7f80afed9
000001e859c64919
000001e87cda93f9
000001e87cdaaf19
000001e87cdad199
000001e87f796419
000001e87f797019
000001e8ced68739
000001e8ebdfe499
000001e90a655bb9
000001e90a655c59
000001e90a656319
000001e90a657059
000001e90a657659
000001e90a65d699
000001e91438c619
000001e92fe72b59
000001e92fe732d9
000001e93c73beb9
000001e93c73d239
000001e93c7403f9
000001e93dabe6b9
000001e93dabee19
000001e93dabf739
000001e93dabf7d9
000001e93dabfeb9
000001e93dac11d9
000001e93dac8cb9
000001e93dac9ef9
000001e93daca6f9
000001e93dacbb59
000001e93dacbcf9
000001e93dacc739
000001e93daccbb9
000001e93daccf19
000001e93f8af4d9
000001e9732e38f9
000001e981b81559
000001e981b82ad9
000001e981b870d9
000001e98c5f4c19
000001e99ea1be59
000001e9fea59c39
000001e9fea5ae19
000001e9fea5c379
000001e9fea5cad9
000001e9fea5d0b9
000001e9fea5d479
000001e9fea5da19
000001e9fea5e0d9
000001e9fea5f459
000001e9fea5f639
000001e9fea5fa79
000001e9fea60439
000001e9fea60679
000001e9fea610f9
000001e9fea62f59
000001ea5f305399
000001ea81ad1039
000001ea81ad6f99
000001ea81ad7019
000001ea81ad70f9
000001ea81ad76f9
000001ea83667c39
000001eaefde4259
000001eaefdeb659
000001eb133fd939
000001eb133ff7f9
000001eb1ef58899
000001eb327c11b9
000001eb87c3cb79
000001eb9bf45a79
000001eb9bf461d9
000001eb9bf46fd9
000001eb9bf47059
000001eb9bf49039
000003d74b717661
0000000000f47b71
0000000000000181
000001ebb2bd6b19
000001ebb2bd7d79
000001ebf40c7a99
000001ec06608a59
000001ec434a1a39
000001ec434a7819
000001ec571b1c79
000001ec783034d9
000001ec860ea4d9
000001ecad34ba59
000001ecad34ce99
000001ecad34ee59
000001ecad34feb9
000001ecad350199
000001ecad3546d9
000001ecad3555b9
000001ecb2940499
000001ecb2940519
000001ecd39c3139
000001ecd39c3cf9
000001ece48205f9
000001ece48218d9
000001ecef858f99
000001ed22c6bbd9
000001ed22c6cbd9
000001ed68ce8e39
000001ed68ce8eb9
000001ed68ce9599
000001ed68ced939
000001ed68cee959
000001ed68cf1f99
000001ed68cf2119
000001edb4335ab9
000001edc0f6cdb9
000001edc4045f39
000001edd7f102d9
000001edda6d0e59
000001ee04c29199
000001ee172c2519
000001ee17b5d359
000001ee36e48b19
000001ee5d44b0f9
000001ee763fd7d9
000001ee780e1c39
000001ee88286fd9
000001eea1e3cfd9
000001eeb750ce19
000001eeb750d579
000001eeb750f2f9
000001eed0a871d9
000001eef9adbf19
000001ef3dd6e3d9
000001ef3dd6f719
000001ef8c3df779
000001efa7ec33d9
000001efbd181479
000001efccfbac59
000001efccfbc5b9
000001efdaddc459
000001effbc2f8b9
000001effbc2fa99
000001effbc30e39
000001f005389719
000001f00538d3d9
000001f069503219
000001f06fc0ff39
000001f0a604aa59
000001f0a604e0f9
000001f0a604e639
000001f149b22059
000001f167341a99
000001f18d98ff39
000001f18d990699
000001f18d990cd9
000001f18d994579
000001f18d995699
000001f1d10c1b79
000001f2030ff0d9
000001f2147555b9
000001f214755659
000001f214755679
000001f214755d19
000001f214756559
000001f2147568f9
000001f223571f39
000001f2312b0139
000001f24e3f37f9
000001f24e3f3f79
000001f24e3f4639
000001f24e3f4b59
000001f2602a5679
000001f2c9b7e8b9
000001f2c9b84119
000001f2fd292739
000001f327dd8379
000001f375dbae19
000001f375dbbf79
000001f3a9120379
000001f44aec7f79
000001f44aece519
000001f45915edf9
000001f4591657d9
000001f4613d5039
000001f48015fa19
000001f4a4c04a19
000001f4d47aa199
000001f4d47aa219
000001f4db13b6b9
000003e9ebdc6c61
0000000000f47b71
0000000000000181
000001f4fd972e39
000001f4fd9743b9
000001f51eae4a39
000001f51eae5199
000001f51eae5c79
000001f51eae6679
000001f51eae7939
000001f535ce89b9
000001f535ce8b99
000001f535ce9bf9
000001f5478ea5b9
000001f5478eb7d9
000001f5580c5db9
000001f5580c5e39
000001f5580c6519
000001f5580c6ef9
000001f5807455b9
000001f580746519
000001f580747bb9
000001f5ae2d1a79
000001f5cd5a0399
000001f5ce5af1b9
000001f5d0f1edf9
000001f5d0f211b9
000001f5d0f22379
000001f5d115fdb9
000001f5d1160919
000001f5d1164db9
000001f6124f7419
000001f6124f8199
000001f6124f9519
000001f6124fc0b9
000001f678c90c79
000001f678c913d9
000001f6a8427159
000001f6a8428319
000001f6ae7e2499
000001f6e3cf4259
000001f6e932f499
000001f6e9330499
000001f71dd15a59
000001f71dd16919
000001f71dd16af9
000001f71dd16bf9
000001f71dd17379
000001f71dd175b9
000001f71dd17a39
000001f71dd18699
000001f71dd1a219
000001f71dd1a6d9
000001f71dd1c399
000001f71dd1cdf9
000001f71dd1e5b9
000001f71dd1f3b9
000001f74c59a2b9
000001f74c59a359
000001f74c59aa19
000001f74c59b0d9
000001f74c59bcd9
000001f74c5a14f9
000001f74c5a23d9
000001f74c5a2e79
000001f74c5a2ef9
000001f74c5a3cf9
000001f74c5a88d9
000001f776751df9
000001f776ded7d9
000001f776deebd9
000001f776def079
000001f789e12039
000001f7972dc8b9
000001f7972dcad9
000001f7972dd019
000001f7972dd979
000001f7972ddbf9
000001f7972e15f9
000001f7a26fb279
000001f7acc6faf9
000001f7d9211d19
000001f7d9213579
000001f7e693e119
000001f7e693f399
000001f7e6941a39
000001f7fb19f5d9
000001f7fb1a0279
000001f805cc8c59
000001f805cc95f9
000001f82bbe7939
000001f842daae99
000001f842dab0b9
000001f842dac279
000001f842db3579
000001f842db3cf9
000001f842db7739
000001f842dba079
000001f842dbb739
000001f842dc25f9
000001f842dc2d59
000001f842dc33f9
000001f842dc39f9
000001f842dc4af9
000001f842dc4c39
000001f842dceb59
000001f847ee1859
000001f85a224959
000001f85a2262d9
000001f8ad873d19
000001f8ae7ec059
000001f8ae7f2159
000001f8e91cf1f9
000001f8f5da9fd9
000001f8f5daa739
000001f9108cc119
000001f9108cd699
000001f9108cf819
000001f9108d4eb9
000001f9324dd3f9
000001f9324df3b9
000001f940816b99
000001f9504d8e39
000001f977b457b9
000001f977b45959
000001f977b460b9
000001f977b466d9
000001f977b46919
000001f977b46b99
000001f9b4eb2bb9
000001f9ec819a59
000001f9ec81ac19
000001f9f9777a99
000001fa04467c79
000001fa044683d9
000001fa044697b9
000001fa2406f7f9
000001fa24070519
000001fa3f5e99d9
000001fa7d49e159
000001fa7d49f1f9
000001fa8ed76df9
000001fa9bf02d99
000001faf109a179
000001faf66809b9
000001fb242cf239
000001fb242d04f9
000001fb242d0899
000001fb242d9419
000001fb27110399
000001fb4dd087f9
000001fba97def19
000001fbb88e8599
000001fbe56e8599
000001fbf3fec219
000001fbff4bedf9
000001fbff4c0479
000001fbff4c1799
000001fbff4c22b9
000001fbff4c5079
000001fc212f70f9
000001fc212f8419
000001fc41a9d139
000001fc6f49e2f9
000001fc971fa6f9
000001fc972003f9
000001fcd3b50fd9
000001fcea12e139
000001fd10c6fdb9
000001fd18e3d759
000001fd18e41f59
000001fd18e41fb9
000001fd30999e59
000001fd8210aa99
000001fda3830499
000001fdd82912b9
000001fded814c99
000001fded8153f9
000003fc8c476261
0000000000f47b71
0000000000000181
000001fe63c3d5b9
000001fe6f22ab39
000001fe6f22e5f9
000001fe6f230399
000001fe8ec58639
000001fe8ec59679
000001fe8ec5d519
000001fe96440e59
000001fe96440ff9
000001fe96441e99
000001fe96441f39
000001fe96442159
000001fe96442619
000001fe96443979
000001fe96443bb9
000001fe96443d99
000001fe964445d9
000001fe9644e479
000001fe96453e59
000001febe86a679
000001feee0b5659
000001feee0b56f9
000001feee0b5db9
000001feee0b6539
000001feee0bd4d9
000001ff27218fd9
000001ff27219739
000001ff2721e0d9
000001ff332f4139
000001ff4924cef9
000001ff4924e239
000001ff4924e9d9
000001ff4924f2d9
000001ff4924f439
000001ff4924fb19
000001ff49255279
000001ff49256899
000001ff49257459
000001ff492579b9
000001ff49260699
000001ff576b28f9
000001ff576b3059
000001ff576b3919
000001ff576b3ab9
000001ff576b6bd9
000001ff576b75d9
000001ff576b9179
000001ff576babd9
000001ff9ac27639
000001ffad650df9
000001ffad651559
000001ffad6521b9
0000020044eb2e39
000002004afddc39
0000020057399839
0000020066d36e79
0000020066d37db9
00000200a74252f9
00000200f8d4deb9
00000200f8d4f079
000002012f219c79
000002012f21cb39
000002019eed2219
000002019eed3599
000002019f225959
000002019f227719
00000201b663b359
00000201c033b9b9
00000201d4841bf9
00000201d4842b99
0000020208ae9d99
0000020208aedfb9
000002022b92fbb9
0000020232df26d9
00000202416ad9d9
00000202b4e02ad9
00000202b4e03d19
00000202d7657419
00000202db6b5e39
000002032d47c199
000002032d47c8f9
000002032d47d059
000002032d47d319
000002032d47d3b9
000002032d47db39
000002032d47e2f9
000002032d4827f9
000002032d483539
000002034db0b3d9
000002034db0b459
000002034db0bb39
000002034db0ec99
000002034db10859
0000020405278699
000002041cc50139
000002043aa7d159
000002049b0d3d79
0000020516ef25b9
00000205591fa0f9
00000205b01e2e99
00000205b01e35f9
00000205b01e3ff9
00000205b01e8759
00000205e73afd19
00000205e73afd79
00000205e73b53d9
00000206123ffb79
0000020670484db9
0000020684fc2059
000002069e4e96f9
000002069e4e9799
000002069e4e9e79
000002069e4efe59
00000206b4116779
00000206b4116ed9
00000206b41179d9
00000206baac16d9
00000206bdcef899
0000020744436699
0000020744fabab9
0000020753eda8f9
00000207798e6699
00000207798e6739
00000207798e6e19
00000207798e7959
00000207881f6219
0000040f2cb25861
0000000000f47b71
0000000000000181
00000207b8c57099
00000207b8c57119
00000207b8c58539
000002082bbd5f59
00000208361f1a19
00000208361f58f9
0000020839963c99
0000020839963d39
00000208616dfc59
0000020887594bb9
0000020887595279
0000020887595fb9
000002089803ba79
000002089803c1f9
000002089803c9d9
000002089803ce19
0000020898040ad9
00000208980413b9
00000208ba2bce59
00000208c29cc079
00000208c29cc7f9
00000208f6f0dc59
00000208f6f0dcf9
00000208f6f0e3b9
00000208f6f0ee99
00000208f6f0f359
00000208f6f114d9
00000208f6f125b9
000002090b69efd9
000002090b6a0559
000002091495d1b9
000002097c974439
0000020997f41379
0000020997f41559
00000209a2f670f9
0000020a03c68f99
0000020a0adfa159
0000020a0adfe9d9
0000020a37514a59
0000020a60e01e99
0000020af1ce00b9
0000020b0849d439
0000020b0849e399
0000020b0849ed99
0000020b084a27d9
0000020b1d54fe19
0000020b49213e99
0000020b6dc91519
0000020b6dc91c79
0000020bb2b99a79
0000020bb2b9a1f9
0000020bb2b9dcd9
0000020bb2ba02d9
0000020bb2bad339
0000020bb70f7c39
0000020bdd4bf179
0000020c0604c959
0000020c0604dc79
0000020c0a9c94d9
0000020c1ef60659
0000020c72e41e39
0000020cc3090af9
0000020d14018199
0000020d14018379
0000020d1401e6d9
0000020d1401f699
0000020d314b7a39
0000020d314b9219
0000020d5574fb79
0000020d597e81f9
0000020d597ec2d9
0000020d925f63b9
0000020d925f6459
0000020d925f6b19
0000020d925f7139
0000020d925fa9d9
0000020d925fd599
0000020dad475019
0000020dad475799
0000020de3dcb939
0000020de3dcc099
0000020de50214b9
0000020de50221f9
0000020e45a410d9
0000020e45a41159
0000020e45a41199
0000020e45a41839
0000020e45a41c19
0000020e45a47339
0000020e45a48879
0000020e4b79c059
0000020e5321b239
0000020e5d85fa79
0000020ee376ec99
0000020ee376fc19
0000020f36674779
0000020f690e84f9
0000020f7c496499
0000020f7c4971b9
0000020f9ac08519
0000020fa2f03459
0000020fa2f04479
0000020fa2f05279
0000020fa2f08ff9
0000020fba8d66b9
0000020fba8d75f9
0000020fba8d76d9
0000020fcad872b9
0000020fcad87a39
0000020fcad888f9
0000020fcad895f9
0000020fefaa2d39
000002109c04a339
000002109c04aa99
000002109c04ac19
000002109c04ae99
000002109c04bfb9
000002109c04c059
000002109c04c739
000002109c04cf99
000002109c04e439
000002109c050f19
000002109c052bf9
00000421cd1d4f61
0000000000f47b71
0000000000000181
000002115e3c8439
0000021163b85c39
000002118dfc1919
00000211a1c7d639
00000211eb2e21b9
000002121c3c3399
000002121c3c53b9
000002123b200ef9
000002123fe01d39
000002124e9883f9
000002124e989419
000002124e989b79
000002124e98a419
000002124e98a639
000002124e98a7f9
000002124e98af39
000002124e98b4d9
000002124e98b5f9
000002124e98b7b9
000002124e98bfd9
000002124e98f279
000002124e98fb79
000002124e9901b9
000002124e9907f9
000002124e9909b9
000002124e992219
000002124e992b19
000002124e993419
000002124e994759
000002124e995ef9
000002124e995f99
000002124e996439
000002124e9980d9
000002124e998e19
000002124e99a899
000002124e99bbb9
0000021261fe6839
000002126d50ddf9
000002127a8603d9
000002127a861619
00000212ffc93899
00000212ffc95979
00000212ffc99879
00000212ffc9ebb9
00000212ffc9f339
000002130d2c52f9
000002133b073799
0000021352e5aed9
0000021352e5c459
00000213531661d9
000002135f37e459
000002135f37ebb9
000002135f37fb39
000002135f380939
000002135f383659
0000021369e45479
00000213a5016979
00000213a9123ed9
00000213ae1f3bd9
00000213ae1f6af9
00000213f703b1d9
00000214110c5e99
00000214110c5f19
00000214110c5f59
00000214110c65f9
00000214110c6ef9
00000214110c7159
00000214110c7219
00000214110c7779
00000214110c78d9
00000214110c8379
00000214110c8519
00000214110cb359
00000214110cbb79
00000214110cc3b9
00000214110ce419
00000214110cf959
00000214110cfcd9
000002141c989f79
000002142bb28d39
0000021430d66f19
00000214333112b9
0000021433311a19
0000021433316839
0000021433316ad9
0000021433318e59
000002143a62d119
000002145ae13b19
000002145ae19639
000002149f8cbd39
000002149f8d2059
00000214a612e219
00000214d52a0bd9
00000214d52a0d99
0000021531a9b119
0000021531a9b899
0000021531a9be19
0000021531a9beb9
0000021531a9cd59
0000021531a9ce19
0000021531a9ce99
0000021531a9d4d9
0000021531a9d8f9
0000021531a9e519
0000021531aa2459
0000021531aa3339
0000021531aa35d9
0000021531aa3679
0000021531aa44b9
0000021531aa9859
0000021531aaae99
000002157432a139
000002157a7bfdd9
000002157a7c0f99
0000021582c7ee19
00000215dedb6999
00000216078c5f19
00000216078c5fb9
00000216078c6679
00000216078c7079
00000216078c7179
00000216078c7279
00000216078cb499
00000216078d1599
000002166b17d119
00000216b21b26f9
00000216b21b56b9
00000216bbf6da79
00000216bbf6ec39
00000216c55284b9
00000216c552edd9
00000216fae54bd9
000002170def3bf9
00000217357138d9
000002173571ac39
000002174c1b4999
0000021776332d99
0000021776333519
0000021776333c79
0000021776334039
0000021776338939
000002178e4dfa99
000002178e4e07d9
000002178e4e0a99
00000217af704a19
00000217f1c25ef9
00000217f1c27059
00000217f4bb0519
000002181fe18079
000002185092a8f9
000002185092a979
000002185092a9b9
000002185092aaf9
0000021878695c99
0000021878696419
0000021878696cb9
00000218786985f9
00000218786a0719
00000218a70472b9
00000218e950de19
00000219279faaf9
00000219285ba9b9
0000021968ec9e79
0000021983eeca19
00000219a68c7b39
00000219b91c81b9
00000219b91c8919
00000219b91c92b9
00000219b91c95d9
00000219b91ca4d9
00000219b91ca5b9
00000219b91cadd9
00000219c534c539
00000219cc3c9119
00000219cc3c91b9
00000219cc3c9879
00000219cc3d4c19
00000219cc3d4c99
00000219cc3da359
00000219e72c1e79
00000219e72c32b9
000004346d884561
0000000000f47b71
0000000000000181
0000021a3f8b3799
0000021a5f4523d9
0000021a5f4533f9
0000021a672a7119
0000021a672a82d9
0000021a672a8839
0000021a672a8a59
0000021a672abff9
0000021a672aecb9
0000021a79a9f679
0000021ad2c45559
0000021b21c83a19
0000021b21c84b99
0000021b21c8a359
0000021b2b8d8299
0000021b2b8de299
0000021b2f1805b9
0000021b6f18ae79
0000021b6f18c079
0000021b72cda759
0000021b72cdf999
0000021b873b6839
0000021b8c223e99
0000021b8c224039
0000021b95450b79
0000021b95453d19
0000021b9f361179
0000021ba0d3be59
0000021bb2392dd9
0000021bb417d5f9
0000021bb417fb59
0000021bb4180a39
0000021bb4180d59
0000021bc2464719
0000021bc24656d9
0000021bc2465839
0000021bfeda5e59
0000021c04a05919
0000021c0c8c1df9
0000021c1978fc19
0000021c1fe70339
0000021c6b7f7d39
0000021c794e09b9
0000021cef7eab79
0000021cef7eabf9
0000021cef7ec259
0000021d2567c519
0000021d2f357cf9
0000021d9c942c59
0000021da0e8b459
0000021db8b52579
0000021dcabb6099
0000021e555616d9
0000021e55562b19
0000021e57eafad9
0000021e57eafb79
0000021e57eafcd9
0000021e57eb0239
0000021e57eb03b9
0000021e57eb0879
0000021e57eb0959
0000021e57eb0c59
0000021e57eb7959
0000021e90b76499
0000021e90b7e939
0000021ea357d259
0000021ea357e2f9
0000021ea357e6f9
0000021ea357f559
0000021eb793a719
0000021ee2d210b9
0000021ee577fbd9
0000021eea5a3479
0000021eea5a5f19
0000021f23e046f9
0000021f268fdc59
0000021f45019699
0000021f5e739939
0000021f5eb52e79
0000021f5f463219
0000021f5f463419
0000021f5f463999
0000021f5f464139
0000021f5f4642b9
0000021f5f465259
0000021f5f46a099
0000021f5f46a139
0000021f5f46a819
0000021f62396179
0000021f81e077d9
0000021fab57b119
0000021fba096379
0000021fbc89ee79
0000021fcd47b779
0000021fd9d9be79
0000021fd9d9bef9
0000021fe8114b39
0000021ff6fbb7b9
0000021ff6fbbf39
0000022015bac2d9
0000022015bad0f9
0000022032958879
000002203ee6dc39
0000022054ea7019
000002206d2111b9
00000220877eab99
000002208c4b3679
00000220a144cbb9
00000220a144fe39
00000220aae37e39
00000220ce3d4719
0000022152d44b19
0000022152d44fd9
0000022152d45ad9
0000022152d46359
00000221629083f9
0000022162909459
00000221a5bad359
00000221bffdff19
00000221cf519619
00000221cf519679
0000022221280579
000002222cd82a79
0000022243137c19
0000022248cf3439
0000022248cf34b9
000002225d0b87d9
000002226638ad39
0000022299bd0f79
00000222a814c3b9
00000222a8152e99
00000222d7560159
00000222f5ea66b9
00000222f5ea6b79
00000222f5ea7599
00000222f5ea7759
00000222fc9ed3b9
000002235488aaf9
00000223716fc5b9
00000223716fc7d9
00000223716fddd9
00000223716fee99
00000223801403b9
00000223801414f9
0000022381036b39
000004470df33b61
0000000000f47b71
0000000000000181
00000223bba952b9
00000223bc7c5359
00000223bc7c5ab9
00000223bc7c6739
00000223bc7c6d59
00000223bc7c7d59
00000223dc6aacf9
00000223dc6ab9f9
00000223dc6abab9
00000223dc6ac179
00000223dc6acdf9
00000223dc6b1a19
00000223dc6b3799
00000223e32d7819
000002240a3540b9
000002243bda5a99
000002243bda5c59
000002243bda5cf9
000002243bda63d9
000002243bda6959
000002245d29b799
000002245d29c759
0000022468981939
0000022471583579
0000022471584939
0000022471584a19
0000022471584ab9
0000022479ef7079
0000022479ef83d9
00000224807e34f9
000002248ad82fb9
000002248ad84039
000002248ad84159
000002248ad84539
000002248ad891b9
00000224ea4553f9
00000225171fc1b9
00000225171fc919
0000022517201799
00000225172022d9
0000022517203ef9
000002253d039fd9
000002253d03a099
000002253d03f779
000002253d03f7f9
000002255293ad59
0000022557c65159
0000022557c66179
000002258e843f79
00000225985f1e59
00000225c6c2a259
00000225c6c2b8b9
000002268e60a399
000002270ccf56d9
000002270ccf7519
000002272ae479b9
000002272ae48d39
00000227377b3159
000002274fb31f79
00000227544317f9
000002275baea259
000002275baea9d9
000002275baec239
000002275baf0d39
0000022768f6c5b9
000002277abf2dd9
000002277e8223b9
00000227d5ff0119
00000227e8156d39
00000227e8156df9
00000227e8156eb9
00000227e81574b9
00000227e8157ff9
00000227e8158cb9
00000227e815f4b9
00000227f9a3a479
00000227f9a3a4f9
000002287d6fe299
000002287d7022d9
0000022888bfddb9
0000022888bfde59
0000022888bfde79
0000022888bfe539
0000022888bff019
000002288e2d2659
00000228929346d9
00000228929356d9
000002289293b499
000002289293b519
000002289293bbf9
000002289293cf79
00000228a9403899
00000228a9404979
00000228d5605d39
00000228da9bac59
00000228e2332f19
00000228e9672179
00000228f7f44e19
00000228f7f46139
00000228f7f47459
00000228f7f47519
00000228f7f47659
00000228f7f47bf9
00000228f7f4c339
00000228f7f4f099
0000022937db55b9
0000022937db69b9
0000022937db7119
0000022937db7a19
0000022937db7df9
0000022937db81f9
0000022937dbc2b9
000002293c3a5359
000002293ce48159
0000022982fe7f19
0000022982fe8699
0000022982feee19
0000022982ff02d9
0000022996666619
00000229b9372dd9
00000229bbf05639
00000229bbf056b9
00000229bbf05d99
00000229bbf068f9
00000229bbf06b19
00000229bbf0bd99
00000229f3dbfd59
0000022a2cc64659
0000022a5079ca19
0000022a5079cab9
0000022a5079cc19
0000022a5079d199
0000022a5079dd19
0000022a507a4039
0000022a507a5079
0000022a507a57f9
0000022a5e1c5b79
0000022a6c6cb9f9
0000022a92867ff9
0000022a92868099
0000022a92868e79
0000022a928696f9
0000022a92869799
0000022a92869e59
0000022a92870b79
0000022a92874f19
0000022a928876d9
0000022a9288c559
0000022a93692059
0000022a936927b9
0000022a936930d9
0000022a93695fb9
0000022aa9cc0799
0000022ab0c49ef9
0000022ac9edffb9
0000022ac9ee4c39
0000022ac9ee67b9
0000022ac9ee7499
0000022b79cb21b9
0000022b79cb2239
0000022b79cb2919
0000022b9e2b7af9
0000022bb8a05319
0000022bb8a06619
0000022bb8a075b9
0000022bd105bad9
0000022bd1060539
0000022bf334c8b9
0000022bf3353419
0000022c1d2d5d59
0000022c5d93f1b9
0000022c69bf7ab9
0000022c7159b359
0000022c715a11f9
0000022c715a1399
0000022c715a2639
0000022c715a3399
0000022c95f7a979
0000022c95f7c5d9
0000022c95f7c659
0000022c95f7c739
0000022c95f7cd39
0000022c95f82459
0000022c95f84559
0000022c9f12ef99
00000459ae5e3261
0000000000f47b71
0000000000000181
0000022cf0981d59
0000022cf7677779
0000022cf7677819
0000022cf7677859
0000022cf7677ed9
0000022cf7678859
0000022d0a8a1d19
0000022d69f03c99
0000022d6b7d3959
0000022d6f4c8b39
0000022d72d185b9
0000022d74983659
0000022d749847f9
0000022d7498b239
0000022dd17cead9
0000022dd84fd559
0000022de42c0d39
0000022de42c1499
0000022de42c1c39
0000022de42c1e79
0000022de4d4c6b9
0000022deb581b19
0000022e13b41c79
0000022e13b43fb9
0000022e13b45f39
0000022e2d5cdef9
0000022e2d5cedf9
0000022e2d5cfeb9
0000022e2d5cffb9
0000022e419758b9
0000022e58380c39
0000022e624c6a59
0000022ee347fa59
0000022f69cc3539
0000022f7bc528f9
0000022f820c42d9
0000022f8f5c6059
0000022f8f5c6fd9
0000022f8f5c71b9
0000022f9ef78099
0000022f9ef80bb9
0000022f9ef80c39
0000022fba0090d9
0000022fba00a6b9
0000022fd2a88899
0000022ffe8b0999
0000022ffe8b1119
0000022ffe8b2179
0000022ffe8b3919
0000022ffe8b7879
0000022ffe8ba839
0000022ffe8bbf99
000002307a79ae99
00000230807ae019
00000230807af4b9
00000230807b1539
000002308ace1859
000002308ace29f9
000002308ace3719
0000023096af91b9
0000023096afaa99
0000023096afb059
000002309ce763f9
00000230a5571ef9
00000230cdcbaa99
00000230f9de65b9
000002312ba6a539
000002312ba6bb59
0000023161cc32f9
00000231bb22f219
00000231d00150d9
00000231d0016559
00000231d0017b59
00000231d001d0b9
00000231d0021579
00000231d00215f9
00000231d0022d59
00000231d0025039
00000231d8381d79
00000231e6e94039
00000231e6e956b9
00000231e6e95739
000002324b852ad9
0000023261bc3739
0000023261bc38f9
0000023272b70019
00000232c193e139
000002330fd99939
000002330fd9a9f9
000002336b78c4f9
000002336b78e4b9
000002336b78f719
00000233ce0a50f9
00000233dd563019
00000233f3dc8fd9
00000233f3dc9079
00000233f3dc9759
00000233f3dc9bf9
00000233f3dc9e59
00000233f3dca4f9
00000233f3dcae39
00000233fe0bc4d9
0000023425d40099
000002343809fa99
00000234380a0c79
00000234380a1ef9
000002349c18b979
000002349c18b9f9
000002349c18bcd9
00000234bf92f379
00000234bf930bd9
00000234cfcd1919
00000234e29de459
00000234e29de4d9
00000234f1a826d9
0000023519f827f9
000002352a62ccd9
00000235ca3a4d99
00000235cdda2359
00000235f3b93299
00000235f3b93379
00000235f3b94759
00000235f6c85119
00000236120b6979
0000046c4ec92861
0000000000f47b71
0000000000000181
000002363f397c79
0000023641774699
000002366b083359
00000236c55430b9
00000236ca40bf19
0000023715285479
0000023715286419
000002371528de59
000002371a97d539
000002371a97dc99
000002371a97e7b9
000002371a97ecf9
000002371a983859
0000023724b818d9
00000237412575f9
0000023775fc6399
0000023775fc6439
0000023775fc6479
000002378c597f19
000002378c599b99
00000237adac55d9
00000237be799179
00000237be7991f9
00000237fa34d399
00000237fa34daf9
00000237fa3531b9
00000237fa3552b9
000002380cb98019
00000238213f0cf9
000002383a15c179
000002383a15c1f9
000002383a15c8d9
000002383a1636d9
000002384d431539
000002384d438119
00000238b25be079
00000238b25be7f9
00000238dc551239
00000239012e1499
00000239012e25f9
00000239012e9659
00000239012ea719
0000023907ff8079
0000023918817779
0000023918817ef9
000002391881fe19
000002391ab1f999
000002391ab21039
000002391ab22119
000002391ab28959
000002392fc29719
000002392fc2fa99
000002393d8c5359
000002393d8c6999
00000239a4f63eb9
00000239bc1b8519
00000239bc1b9499
00000239bc1b97d9
00000239bc1bc959
0000023a70734639
0000023ac21d9b19
0000023ac21dec99
0000023ae565c279
0000023ae565c9f9
0000023ae8f8d7b9
0000023af5461739
0000023af5462b79
0000023b139018b9
0000023b2a39a3d9
0000023b38bb6f79
0000023b3a86b499
0000023b3a86b539
0000023b3a86bbf9
0000023b3a86c1f9
0000023b3a874899
0000023b7206c439
0000023b760637f9
0000023b760647b9
0000023b76069e99
0000023bb3adb4b9
0000023bbd75a7f9
0000023bd99df359
0000023bd99df619
0000023bd99dfad9
0000023bd99e0a59
0000023bd99e4c59
0000023becdd3dd9
0000023c051097b9
0000023cad27c8f9
0000023cc5fa5359
0000023cc5fa53d9
0000023cc5fa5ab9
0000023cc5faa419
0000023cd122cb79
0000023d1851bf39
0000023d1851c119
0000023d1851c6b9
0000023d1851d079
0000023d1851d2d9
0000023d1851dff9
0000023d185210f9
0000023d18521319
0000023d185217b9
0000023d18521f99
0000023d18522c19
0000023d18524379
0000023d18528339
0000023d255d9f59
0000023d255d9fd9
0000023d36057159
0000023d555aab99
0000023d555ae9b9
0000023d555b1859
0000023d555b6af9
0000023d6d3907f9
0000023dd06aebf9
0000023dd06b4899
0000023deb22c659
0000023deb231579
0000023df3c70419
0000023e550253b9
0000023e843e5659
0000023e889dab59
0000023e889db2b9
0000023e889dbab9
0000023e889dc219
0000023e8fb42679
0000023e906b39d9
0000023e906baf39
0000023f512e3d39
0000023f66e94a99
0000047eef341e61
0000000000f47b71
0000000000000181
0000023fc321a8f9
0000023fcf387659
0000023fee1e0cd9
0000023fff932799
000002404d1a64f9
000002407d40c4d9
000002409cdfff19
00000240afc3e359
00000240afc3f499
00000240afdb2b19
00000240ccad0599
00000240ccad0759
00000240ccad1799
00000240ccad1959
00000240ccad20b9
000002410d7121f9
000002411951f859
000002412ea9a5f9
000002412eaa10b9
00000241561bc6b9
0000024165831b39
0000024165831cd9
0000024165831d59
0000024165832439
0000024165833059
0000024165837739
0000024175e3c219
0000024175e3d3f9
0000024175e3d499
0000024175e421b9
000002417919a259
000002417919a419
00000241904144b9
0000024190415779
00000241904191d9
0000024190419259
0000024190619859
000002419061a519
00000241e5872039
00000241fd237d79
00000241fd237df9
00000241fd23df19
00000241fd23fa79
0000024234364b19
00000242343661d9
0000024234368039
0000024234369479
0000024246b8b6b9
0000024246b8be19
0000024246b928b9
0000024246b97e39
00000242564ab2f9
00000242aa4cec19
00000242ca458379
00000243103af599
000002432817c779
000002433b556af9
00000243445d13d9
00000243445d1479
00000243445d1559
00000243445d1b39
00000243445d7e19
00000243445d7e99
00000243445d9139
0000024384a7f4f9
00000243a11791b9
00000243a1179939
00000243a117f139
00000243a117f1d9
00000243a117f899
00000243a117fed9
00000243a11806b9
00000243a1180e39
00000243a1181379
00000243a11817f9
00000243a1187ff9
00000243afece1d9
00000243c2912bf9
00000243c6783fd9
00000243e76f79d9
0000024442020c79
00000244482f94d9
0000024448301ef9
00000244b8cbd1f9
00000244d1f4c859
00000244d1f51719
00000244d1f529d9
00000244d1f52b59
00000244d1f53139
00000244d1f53379
00000244d1f53f39
00000244d1f56d39
00000244d1f58bd9
00000244d1f5adb9
00000244d1f5ffb9
00000245100d1cf9
00000245100d7cb9
0000024510cd26b9
0000024534699c39
0000024539b029b9
0000024539b03119
0000024539b06079
0000024544718ed9
00000245a6dd7999
00000245acbe2a19
00000245acbe3d39
00000246168d32d9
000002461f59b899
000002461f59c639
00000246468e7819
00000246468e89f9
0000024681040eb9
0000024681048cd9
00000246a0724879
00000246c9687199
00000246c96878f9
00000246c9689419
000002470f6d2ad9
000002470f6d2b79
000002470f6d3239
000002470f6da2d9
0000024778a23459
000002479d123ff9
00000247a821e939
00000247bb644339
00000247bd54eed9
00000247bd54fff9
00000247bdc52d59
00000247d7d08b39
00000247d7d08cd9
00000247d7d0a079
0000024819b3ccb9
000002481d055b59
000002481d05c319
000002482140ec19
000002482140f379
0000024821413959
0000024826e72c19
000002483d6ed999
00000248b20111f9
00000248b2012219
00000248b2018019
000004918f9f1561
0000000000f47b71
0000000000000181
00000248fc988ab9
0000024906d30bf9
0000024910932999
000002493ab2a219
0000024942114a19
0000024984978419
00000249cc038439
00000249cc038bb9
00000249cc039539
00000249dda2c9f9
00000249f07e7a19
0000024a15304559
0000024a153090b9
0000024a1530a2d9
0000024a4c99ac79
0000024a6c0171d9
0000024a9a6f7359
0000024ad2dfa479
0000024ad2dfabd9
0000024ad2dfb539
0000024ad2dfb7b9
0000024b1bbf2b99
0000024b1bbf2c59
0000024b1bbf3319
0000024b1bbf3b19
0000024b1bbf3c99
0000024b1bbf3db9
0000024b1bbf3e59
0000024b3877cf19
0000024b552470b9
0000024b5c8e09f9
0000024b5c8e25b9
0000024b5c8e5879
0000024b5c8e6139
0000024b5c8e7ab9
0000024b5c8eb919
0000024b624e5079
0000024b99304f59
0000024baf7cd2f9
0000024bb1440e79
0000024bba2067d9
0000024bdacbf459
0000024bed27f279
0000024bed27f9f9
0000024bed2866d9
0000024c3ff6c899
0000024c3ff6ea99
0000024c409ad0f9
0000024c58ed8db9
0000024c58ed8fb9
0000024c58ed9519
0000024c58ed9739
0000024c58ed9e39
0000024c58ee4379
0000024c8ed2f579
0000024c943e5b59
0000024ce2ca09d9
0000024ce2cabd79
0000024cf46b3739
0000024cf46b3eb9
0000024cf46b4b79
0000024cf46b4e79
0000024cf46b93f9
0000024cf46ba119
0000024d386d6199
0000024d4b54adf9
0000024d76f9cdb9
0000024d7ec8dcb9
0000024d7ec97bd9
0000024dd9b4f959
0000024e1cbf2f39
0000024e1cbf2fd9
0000024e1cbf80f9
0000024e1cbf96b9
0000024e1fea90f9
0000024e25a5cc19
0000024e3918fd39
0000024e56c2b879
0000024e642d5bf9
0000024eb08a1519
0000024eb08a15b9
0000024eb08a1c79
0000024eb08a70b9
0000024ec99f8539
0000024ef7d85899
0000024ef7d87759
0000024ef7d889d9
0000024ef7d88a59
0000024ef7d8a439
0000024f8e74cd39
0000024f8e74e079
0000024fd34b4fb9
0000024fd34b5039
0000025009cc1af9
0000025009cc2279
0000025009cc2d59
0000025111092fb9
0000025148a923f9
0000025148a92499
0000025148a92b59
0000025148a93899
0000025152b346d9
0000025184a250d9
0000025184a2a119
0000025195d07119
00000251a1d070b9
00000251a1d08399
00000251aa9bb059
00000251da232bd9
00000251ed09e039
00000251ed09f259
00000251f20f4c99
00000251f20f5e79
00000251f20f71d9
00000251f20f7359
00000251f20fa5d9
00000251f20fa7b9
00000251f20fad59
00000251f20fc9f9
000004a4300a0b61
0000000000f47b71
0000000000000181
0000025222523999
0000025222524119
0000025222524c39
0000025222526399
0000025222528ef9
000002527c61ca79
000002527c61d1d9
000002527c61ebf9
000002527c61f359
000002527c61feb9
000002527c620819
000002527c622f99
000002527c624179
000002527c625cd9
000002527c625d59
00000252aa111939
00000252aa112d19
00000252b85ea279
00000252b85ea2f9
00000253276693f9
0000025356d621d9
0000025375403859
00000253a57b2f79
00000253c61de939
00000253d2d09db9
0000025454390039
0000025472ceca59
0000025472cf3419
00000254808e07f9
0000025481141c39
0000025481147579
0000025497aee239
00000254a06790f9
00000254e199c199
00000254ec547739
00000254f774f1b9
00000254f774f259
00000254f774f939
00000254ffacbb79
00000254ffacc2d9
00000254ffad0a39
00000254ffad1c79
0000025511d69d59
0000025548015039
0000025548015559
000002557e00ceb9
000002557f139ed9
00000255a9060ad9
00000255bd1036b9
00000255bd104919
00000255bd104af9
00000255fb72f959
00000255fb7300d9
00000255fb730739
00000255fb730899
00000255fb7375f9
0000025608421b59
0000025608422bd9
0000025608424159
000002562f84d579
000002562f84e3f9
000002562f84e939
000002562f84f9b9
000002564c2f3ed9
000002566f188ab9
000002569e066cd9
000002569e066d59
000002569e067439
000002569e067eb9
000002569e068239
000002569e0683f9
00000256aba884f9
00000256c4b6c739
00000256c4b6d4b9
00000256d62670d9
00000256d6268199
00000256e635ac99
00000256ec0ac7b9
00000257060d27d9
000002575690fb59
000002575f4138d9
000002575f413979
000002575f414059
000002575f414e19
000002575f4151d9
0000025776dc9799
0000025776dcaa59
000002578fe8b8b9
00000257b486adf9
00000257b91396f9
00000257b913a899
00000257ba1b2399
00000257df737099
00000257df742f39
00000257fb3177d9
0000025811ee5899
0000025836a67439
0000025836a682f9
000002584b4f9919
000002584e2cce99
000002584e2ccf39
000002584e2cd5f9
000002584e2cddb9
000002584e2d2999
000002584edd1539
000002586b6d2f59
000002589ab8aa39
000002589ab8bed9
000002589c7a02d9
00000258cf5d3ff9
00000258cf5d4199
00000258ed374079
00000258f52facd9
0000025913a642b9
0000025913a65759
000002593fea45b9
0000025968aef479
000002598c0b10f9
000002598c0b2379
000002598c0b8059
00000259a53c4e19
00000259a53ca8f9
00000259dc7f3379
00000259fbbb9ff9
00000259fbbba759
00000259fbbbb3d9
00000259fbbbb479
00000259fbbbbb39
00000259fbbbc799
00000259fbbc0099
00000259fbbc0559
00000259fbbc1799
00000259fbbc4b19
0000025a19e01c39
0000025a1de21439
0000025a2667abf9
0000025a56f29159
0000025a56f2a639
0000025a56f2dab9
0000025a6c11e4f9
0000025a6c11f999
0000025a6c126e39
0000025a8712de99
0000025a87136419
0000025ab07b75d9
0000025ab07b7d39
0000025ab07beed9
0000025ab35d8059
0000025ad32e1719
0000025ad32e1e79
0000025ae9eca1d9
0000025aef889ef9
0000025b366b6c79
0000025b366b6e39
0000025b366b73f9
0000025b366b7c19
0000025b366b7e39
0000025b366b80f9
0000025b366b8759
0000025b366bc239
0000025b366bf559
0000025b366c65b9
000004b6d0750261
0000000000f47b71
0000000000000181
0000025b7b3c36b9
0000025b7b3c3739
0000025b7b3c3779
0000025b7b3c5d99
0000025ba12f37d9
0000025bb4b88f39
0000025bea169139
0000025c2e0dc179
0000025c2e0dd2b9
0000025c2e0dff79
0000025c2ee1dcd9
0000025c341e62b9
0000025c3511ee79
0000025c65833079
0000025c76c95759
0000025c76c96bf9
0000025c76c9e0d9
0000025ca9d6b419
0000025cb04146f9
0000025cb0415a79
0000025cca427f59
0000025cfebaa9d9
0000025cfebb2519
0000025d03c14899
0000025d03c1c839
0000025d03c1de19
0000025d35c4a339
0000025d375d8af9
0000025d583c5c39
0000025d86cb4e39
0000025d879602b9
0000025d87960a39
0000025d87961279
0000025d87966af9
0000025d8a781b19
0000025da26f8b59
0000025da26f92b9
0000025da26f9b99
0000025dd3464819
0000025e21324899
0000025eec093359
0000025eec0943d9
0000025eec095599
0000025f24ba9319
0000025f2b9a98b9
0000025f36c951d9
0000025f4bdfd7b9
0000025f651822d9
0000025face3c1b9
0000025fbbf862f9
0000025fbbf868b9
0000025fbbf86a59
0000025fbbf878d9
0000025fbbf87ff9
0000025fbbf8a439
0000025fbc24c399
0000025fd7619159
0000025fd76191d9
0000025fd761ee39
0000025fd761fd19
0000025fd7620659
0000026009882139
00000260098832b9
000002603ecb7a39
00000260700aa5f9
00000260938a58d9
00000260a9f27c59
00000260d5256b99
00000260dba13f19
00000260dba14f99
000002614560fad9
0000026149f08119
0000026149f08199
0000026149f09079
0000026166c94cb9
0000026174ee0d79
0000026180fc56f9
0000026180fc6719
0000026180fc68b9
000002618f0bbff9
00000261b46e5a59
00000261ca509ad9
00000261e8167cb9
00000261e8167d59
00000261e8168439
00000261e8168bf9
00000261e8169139
00000261e81691d9
00000261e8169c19
00000261e816a479
00000261e816a7b9
00000261e816a9d9
00000261e816dbd9
00000261e816dc79
00000261e816f639
00000261e816fb19
00000261e8170579
00000261e8170699
0000026201149779
000002622da1e8b9
0000026232cf46b9
0000026232cf4759
0000026232cf4e39
0000026232cf5a59
0000026232cf6019
0000026232cf6379
0000026232cf7e79
0000026232cf8499
0000026232cf98f9
0000026232cfae99
0000026232cfb3d9
00000262e0d69939
00000262e0d6d639
00000262e74bd399
00000263014f1c59
00000263139929d9
000002631e0e2c19
0000026343c9cd59
0000026343c9cf39
0000026383393819
0000026386b2b739
00000263d32e8d59
000002644240db59
000002644240dbf9
000002644240e2b9
000002644240eb79
000002645eff7059
000002645eff9f99
000002645effdcb9
000002645f000c59
000004c970dff861
0000000000f47b71
0000000000000181
00000264f40a0cf9
00000264f40a7e99
0000026522b2ccb9
0000026525652a59
0000026525653939
0000026525653a39
0000026525653cd9
00000265266c0199
00000265266c0219
00000265266c08f9
00000265266c14d9
000002653eac0939
000002653eac10b9
00000265521f0819
00000265521f08b9
00000265521f0f79
00000265521f18b9
00000265521f28d9
00000265521f2a79
00000265521f2b19
00000265521f31f9
00000265521f3ad9
00000265521f43d9
00000265521f8699
00000265521fa119
00000265a2f731d9
00000265baa85f99
00000265f7311c39
0000026622217ff9
000002664464cb19
0000026649831239
00000266498312b9
00000266498313d9
0000026649831999
0000026649837a19
000002664983af19
0000026664547239
00000266645488d9
0000026664548bd9
0000026664548c79
0000026664548cb9
0000026664549359
0000026664549c39
000002666454cfb9
00000266791da159
000002667ac7ea19
0000026683238bb9
0000026683239e79
000002668323a1b9
000002668323b0f9
000002668323cc99
00000266b06f0099
00000266d13651b9
000002670f50d7f9
000002670f50ed59
000002670f514279
000002673c332f79
000002673c3336d9
0000026748f1e1d9
0000026748f22b99
000002674bbf2719
000002674bbf2e79
000002674bbf37f9
000002674bbf4c19
000002674fa660b9
000002679c13fa79
00000267beb729f9
00000267d624c759
00000267e3d727d9
00000267e3d72979
00000267e3d72b59
00000267e3d72f59
00000267e3d739d9
00000267e3d73bb9
00000267e3d749f9
0000026816559af9
000002681655a4f9
000002681655a719
0000026850c2a7b9
0000026850c2a859
0000026850c2af19
0000026850c2d519
000002685122f579
0000026869630fd9
0000026869631099
00000268aad76e39
00000268dcca1f19
0000026904231699
00000269223d0419
000002693e5fce59
000002693e5fe1d9
000002696a0248d9
000002696a026379
000002696a732099
000002696a732139
000002696a7322d9
000002696a7327f9
000002696a733119
000002696a733399
000002696a734819
000002696a7348b9
000002696a734939
000002696a735099
000002696a735139
000002696a735759
000002696a735a19
000002696a735c39
000002696a736c59
000002696a738759
000002696a739199
000002696a73aa59
000002696a73b119
000002696a73c339
000002696a73de19
000002697cbca819
000002697cbcaf79
000002697cbcff99
00000269867da479
000002699054beb9
00000269a7921499
00000269bad1abb9
00000269bad1b8f9
00000269ce5a0bf9
00000269d52d0439
00000269d52d04b9
00000269d52d0a39
00000269d52d67b9
00000269db2d9f19
00000269db2da679
00000269db2e1299
00000269edc67ab9
00000269edc67b59
00000269edc67b99
00000269edc68239
0000026a09fef8d9
0000026a5175cd39
0000026a5175d4b9
0000026a51761659
0000026a51762d59
0000026a5af68479
0000026a6e3a2639
0000026a6e3a2d99
0000026a6e3a7619
0000026a6e3a7af9
0000026a6e3adef9
0000026aa7a311f9
0000026b0d312319
0000026b0d313579
0000026b0d313cd9
0000026b0d316f39
0000026b2de6b2f9
0000026b2de6bb79
0000026b41e6ac39
0000026b65c57339
0000026b718058d9
0000026b71805959
0000026b7b429d19
0000026b7b429d99
0000026b7b42a479
0000026b9ef3eeb9
0000026b9ef3ef59
0000026b9ef3f639
0000026b9ef3fef9
0000026b9ef479b9
0000026b9ef47a39
0000026b9ef47bb9
0000026b9ef49599
0000026bbed2deb9
0000026bbed33f79
0000026bc6b36b39
0000026c01e3e279
0000026c4b908339
0000026c5f045bb9
0000026ca47a90d9
0000026ca47b0df9
0000026ca82cf419
0000026ca82cf5d9
0000026ca82cfb79
0000026ca82d6c39
0000026d3455c959
0000026d3f6cb099
0000026dbfc8be99
0000026dbfc8d2d9
0000026dbfc8d359
0000026dbfc8da39
0000026dbfc93239
0000026dbfc935f9
0000026dbfc94759
0000026dd29d6679
0000026dd29d6719
0000026dd29d67f9
0000026dd29d6dd9
0000026dd29d7659
0000026dd29d9899
0000026df6a79d19
000004dc114aee61
0000000000f47b71
0000000000000181
0000026e22788d39
0000026e22789fd9
0000026e2278e7d9
0000026e22790359
0000026e5b5af8f9
0000026e6c502a39
0000026e6c503c79
0000026e6c5043d9
0000026e6c505659
0000026e6c508b99
0000026ed51ffb99
0000026efc67bef9
0000026f4b54fbd9
0000026f89d89fb9
0000026f9b5431d9
0000026fab7f4479
0000026fc36ff839
0000026ff14e55b9
0000026ff14e6519
000002703b702ef9
00000270553f0859
00000270553f1479
00000270553f22f9
00000270553f2479
00000270553f61f9
0000027058a132f9
0000027058a13399
0000027058a13a59
0000027072f7f9b9
0000027072f85839
000002707aacc619
000002708055ad39
000002708055c0d9
000002708055d979
000002708055fe79
00000270805626b9
00000270cf0f1679
00000270d93becb9
00000270ecf382b9
00000270ecf391b9
00000270ecf39379
00000270ecf39419
00000270ecf39539
00000270ecf397d9
00000270ecf39af9
00000270ecf3c699
00000270ecf3ee99
00000270ecf41f59
0000027106759239
0000027107e0b419
0000027107e0b499
0000027107e0c9f9
00000271b2223159
00000271bb67f899
00000271bb682319
00000271e3f28179
000002726900b379
00000272cc8ffd99
00000273250f12b9
000002732c99ae79
000002732fc7c8b9
000002734b268539
000002734b268c99
000002734b269659
000002734b2696f9
000002734b269dd9
000002734b26a779
000002734b26ae39
000002734b26aed9
000002734b270379
0000027352540b19
0000027359b08df9
0000027359b09f99
0000027388d004f9
0000027388d00c79
0000027388d011b9
000002738e895279
00000273d497dc39
00000273d497ea39
00000273e29e6db9
00000273e46041b9
0000027434b03ad9
0000027434b05039
000002745d451439
000002745d452559
000002745efbce99
0000027481900c19
00000274b909fb79
00000274b909fcd9
00000274b90a0b19
00000274b90a0cd9
00000274b90a11b9
00000274b90ab479
00000274b90ab4f9
00000274cdfe5bd9
00000274cdfe6339
00000274cdfe6a19
00000274cdfe6b99
00000274cdfe6f39
00000274cdfe80b9
00000274cdfe8939
00000274efdf35d9
00000274fa986299
000002750ff66c99
000002754f616379
000002754f616559
000002754f617ad9
000002754f61add9
00000275713e8eb9
00000275719f5499
000002757bb268d9
000002758ce7e3b9
000002758ce7e479
000002758ce7eb39
000002758ce7f8f9
000002758dda1359
000002758dda2559
00000276220f7eb9
000002762596c759
000002762596ceb9
000002762596cf39
000002762596cfb9
000002762596d719
000002762596d899
000002762596dcd9
0000027625973059
0000027625974e59
0000027625976119
0000027686934c19
000002769faad299
00000276b7169db9
00000276b716f7b9
00000276dd356059
000002770859da19
0000027726121e79
00000277261225d9
0000027726122ff9
0000027726123579
0000027726123b59
00000277261250b9
000002772612b319
0000027732a392f9
0000027732a39a59
0000027732a3a2f9
000004eeb1b5e561
0000000000f47b71
0000000000000181
000002776d79e2f9
0000027785abaaf9
000002778cd20e39
000002778cff2d79
0000027791c7d359
0000027791c7dab9
0000027791c7e4f9
0000027791c82df9
0000027791c84359
0000027791c843f9
00000277a0a8ec59
00000277b89fd459
00000277b89fd739
00000277de5f8119
00000277de5f8899
00000277de5f9e99
00000278276cb699
00000278276cbdf9
00000278276ccaf9
00000278367ea3f9
000002783abe5039
000002783abe6cf9
000002783cc46e59
000002783cc483f9
0000027861cbf5b9
0000027872a32bb9
0000027872a33e79
0000027872a34b59
0000027872a39979
00000278adfcc319
00000278fb36c3d9
00000279091191f9
000002795a3788b9
000002795a379039
000002795a3799f9
000002795a379f39
0000027984d59b19
0000027984d59bb9
0000027984d5a299
0000027984d5aaf9
0000027984d5abb9
0000027984d603f9
00000279964fc559
00000279a07ae0b9
00000279a07af719
00000279d289f0f9
00000279f6d55f39
00000279f6d568f9
0000027a074c79f9
0000027a074d0179
0000027a08d44759
0000027a1abc8399
0000027a1abc8559
0000027a1abc8af9
0000027a6eb07999
0000027a74c1bc99
0000027a74c21059
0000027a99dbbc99
0000027aacd488f9
0000027ab6445f39
0000027abcd34059
0000027ac7e6e2f9
0000027af0d6f1b9
0000027af43ec4b9
0000027af7fdaf59
0000027b18bd04b9
0000027b37d8d939
0000027b37d8e099
0000027b37d8e959
0000027b37d8f779
0000027b37d90b99
0000027b37d926f9
0000027b37d94679
0000027b37d94879
0000027b37da4059
0000027b8fabe359
0000027bc09e0b79
0000027bd89386f9
0000027bdf55a179
0000027bdf55a219
0000027bdf55a8d9
0000027c1d699519
0000027c7c44f199
0000027c7c44f919
0000027c7c453f79
0000027cb7381099
0000027ce37787f9
0000027d030f1e59
0000027d64e3fb79
0000027d64e3fbf9
0000027d64e402d9
0000027d64e47179
0000027d79dc5a59
0000027da6c54639
0000027dfee797b9
0000027e15d1c499
0000027e5d578719
0000027e65029bf9
0000027e8143a799
0000027e8ccc5479
0000027e8ccc59f9
0000027e9bad9b19
0000027e9bada279
0000027e9badabd9
0000027eaa3b39d9
0000027eaa3b3a59
0000027eaa3b46b9
0000027eaa3b4a99
0000027eaa3b55d9
0000027eaa3b56b9
0000027eaa3b57d9
0000027eaa3b58d9
0000027eaa3b6079
0000027eaa3b6379
0000027eaa3b7f39
0000027eaa3b86b9
0000027eaa3b8919
0000027eaa3b89d9
0000027eaa3b9079
0000027eaa3b97b9
0000027eaa3b9959
0000027eaa3ba5b9
0000027eaa3bd319
0000027eaa3bd5b9
0000027eaa3bf0d9
0000027eaa3c0f59
0000027eaa3c21d9
0000027eb56f5fb9
0000027eb967dbd9
0000027eb967ddf9
0000027eb967eb59
0000027eb96836d9
0000027eb9684cd9
0000027eba3fca59
0000027eba3fcc39
0000027eba3fd1d9
0000027ed967dbd9
0000027ee413bbb9
0000027f2262fd39
0000027f27906b59
0000027f27906bd9
0000027f279072b9
0000027f446490d9
0000027f4464a159
0000027f4e4a90b9
0000027f4e4a9d59
0000027f4e4b1d79
0000027f6826b2f9
0000027f6826c1b9
0000027f6826d219
0000027f682740d9
0000027f6dad0a39
0000027f6dad1719
0000027f6dad1b19
0000027f81578d99
0000027fde2b1bf9
0000027fde2b1c99
0000027fde2b2359
0000027fde2b2cf9
0000027fde2b2e79
0000027fde2b5b19
00000280677ece99
000005015220db61
0000000000f47b71
0000000000000181
00000280b76ec8f9
00000280d03a5b59
00000280e3684bf9
0000028106f87b39
0000028106f88299
0000028106f88c79
0000028127dbb8f9
000002812a56ca39
000002815e4a7739
0000028196f5c479
0000028196f5c519
0000028196f5c559
0000028196f5cbd9
0000028196f5fc19
00000281f5e82319
000002826749fc79
00000282ad485c39
00000282ad486c99
00000282bf7a7139
000002831088e079
0000028328d4d899
0000028328d4e939
000002833a8af5b9
000002837037ef79
00000283754ecf19
00000283754ee0f9
00000283754ee459
000002837df8b8f9
00000283a4a21179
00000283c8e2da19
00000283c8e2e199
00000283e1235719
00000283e1236b19
00000283e1238dd9
00000283f87cb1d9
0000028424579f39
0000028437517559
0000028437517cd9
0000028454f9e199
000002846b979dd9
00000284704ce959
00000284dbe5d079
00000284dbe62899
00000284dbe65b39
00000285334c43f9
00000285334c5359
00000285334c5779
00000285334cc5b9
000002855cb19bb9
00000285c7b1d079
00000285d1fc6779
00000286292e3bf9
00000286607c7539
00000286607ce939
00000286607ce9d9
00000286607ceab9
00000286607cfe19
00000286607d0599
00000286607d0b99
00000286607d1db9
00000286607dc719
000002867f20be19
000002869573f999
00000286bd19a9b9
0000028759807f79
0000028759808ed9
0000028759808f99
000002877aadc559
0000028796362939
00000287c9a4ac79
00000287c9a4bfd9
000002880a28fa79
00000288153403f9
00000288209385b9
00000288255a4b19
0000028839404599
000002883940ba59
000002885930f819
000002887b92c439
000002887b92d779
000002887ff73b79
000002887ff742d9
000002887ff7a939
0000028884602479
0000028884602519
0000028884602559
0000028884602bf9
00000288846034b9
00000288a8018579
00000288bf8965f9
00000288bf897679
00000288e24a6359
00000288fd7b3d79
00000289019aaab9
000002894eaea559
000002898d6b4b59
000002898d6b5999
000002898d6bda79
00000289a14db099
00000289a15a2599
00000289ac3ba619
00000289ac3bb539
00000289ac3bc3f9
00000289ac3bcd59
00000289ac3bd4d9
00000289ac3c2299
00000289ac3c5919
00000289acde1999
00000289adab1099
00000513f28bd261
0000000000f47b71
0000000000000181
0000028a140db1f9
0000028a140dc359
0000028a140dc3f9
0000028a140dcb19
0000028a140dce59
0000028a27fc61f9
0000028add6271b9
0000028ae7a6ff59
0000028b42063f79
0000028b5bbdd8d9
0000028b69c7f599
0000028b69c83219
0000028b75810cb9
0000028bd104f1b9
0000028c3dc78c79
0000028c3dc79c99
0000028c4fa961d9
0000028c92ebc979
0000028cd5b69579
0000028ce9584d39
0000028cea081959
0000028cef8ba539
0000028d0327a919
0000028d0eeac979
0000028d19f8f6b9
0000028d3265aa19
0000028d3265c2b9
0000028d3265c3d9
0000028d32662999
0000028d32662a59
0000028d32663119
0000028d32667559
0000028d3266c039
0000028d7b922079
0000028d7b9227d9
0000028de8401fb9
0000028e0dc9e4f9
0000028e0dc9ec59
0000028e0dca1e99
0000028e0dca5619
0000028e0dca57b9
0000028e164b3fb9
0000028e164b4719
0000028e164b9419
0000028e164b94d9
0000028e164b9b99
0000028e164ba2f9
0000028e164ba479
0000028e164ba519
0000028e164baa59
0000028e164bb1f9
0000028e164bb539
0000028e164c01d9
0000028e164c14d9
0000028e164c1839
0000028e164c1bd9
0000028e164c2079
0000028e164c21f9
0000028e164c22b9
0000028e164c2ad9
0000028e164c34f9
0000028e164c3739
0000028e164c3959
0000028e164c9959
0000028e3b81f539
0000028e3b81f5b9
0000028e3b81fc99
0000028e3b822099
0000028e3b8233d9
0000028e47bc1b79
0000028e47bc2f39
0000028e7bfb6879
0000028e7bfb7d59
0000028e7bfba999
0000028e85541859
0000028e942e69d9
0000028eab478d99
0000028efa3e4899
0000028efa3e5c99
0000028f07c2e1b9
0000028f0bb8a2f9
0000028f0bb8b519
0000028f44b96219
0000028f44b971f9
0000028f49aa5259
0000028f49aa59d9
0000028f49ab16f9
0000028f7ef8c499
0000028f8450ebb9
0000028f8450f319
0000028f845128d9
0000028f84512cd9
0000028f845146f9
0000028f9a23b1d9
0000028f9a23c279
000002900c6e3819
000002900c6e3899
000002900c6e3f79
000002900c6e4b19
000002900c6ea379
000002902b369c19
000002902b36f439
000002902b370639
000002903f6ddaf9
000002903f6ddb79
000002903f6ddbb9
000002903f6ddcf9
000002903f6de259
000002903f6dead9
000002903f6deb59
000002903f6df239
000002907bd05ff9
00000290cedcbd19
00000290cedd0f79
00000290cedd4939
00000290e19eb719
00000290ee8567d9
0000029101abe439
0000029101abe4d9
0000029101abeb99
0000029101ac6319
0000029102cc6e79
0000029102cc8299
0000029102cc9319
0000029102cc9399
0000029102cc9b99
0000029102cca539
00000291176ed139
0000029132a585d9
000002916df4aa99
00000291815fec99
00000291815fed39
00000291afc749f9
00000291afc74a79
00000292038b19f9
00000292038b7f99
00000292289eba39
0000029232c98019
0000029232c9bcd9
000002924bca5c79
000002924bca97b9
000002925a4a8e39
00000292795f7cd9
000002927e7b6799
000002927e7bf0f9
0000029295ee47b9
00000292a1741599
00000292a1741cf9
00000292a1744c19
00000292a1745739
00000292aa280af9
00000292c1aa9c99
00000292cb793239
00000292cb79b9b9
00000292e8869219
00000292fe461759
00000293032706f9
000002931f3d68f9
0000052692f6c861
0000000000f47b71
0000000000000181
00000293726931d9
0000029372693959
0000029372694419
00000293aa27f299
00000293aa27fff9
00000293aa285d79
00000293aa286b59
00000293aa288659
00000293f762b859
0000029413d337b9
0000029413d38139
0000029413d43bf9
000002946f99ed59
00000294741dfa99
00000294741e01f9
00000294741e0bf9
00000294741e0cd9
00000294741e1a79
0000029475a2cef9
0000029488a6ac99
00000294a88d6cb9
0000029534c1fc59
0000029534c203b9
0000029534c219b9
0000029534c28d99
00000295bf0dfc79
00000295bf0e03d9
0000029641912db9
0000029641912e59
0000029641912f59
0000029641913539
0000029641913ff9
0000029641914159
00000296419141f9
00000296419151d9
00000296419158f9
0000029641915d79
0000029641916579
00000296419167f9
0000029641916ad9
0000029641917859
000002964191a2b9
000002964191cdf9
000002964b19a719
000002964b19b779
0000029666a86079
0000029666a876b9
0000029666a87719
0000029666a8c2d9
0000029686d9c359
000002968f7f84b9
000002968f7f8c19
000002968f7f8d59
000002968f7f9499
000002968f7fa3f9
000002968f7fdcd9
000002969c30fe99
000002969c310039
000002969c311179
000002969eb21019
00000296bf801dd9
00000296d08a2f39
00000296d9145cb9
00000296d9146cd9
00000296e77d8879
000002970a930899
000002971b47b739
000002972b4a8f19
000002972b4a8fb9
000002972b4a9119
000002972b4a9679
000002972b4a9c39
000002972b4aa2b9
000002972b4ad599
000002972b4b0a19
000002972f00f5f9
000002972f018479
000002972f018619
000002972f019df9
000002972f01db99
000002972f01e2f9
000002972f01e699
000002972f01eb39
000002972f022639
000002975b5cde99
0000029788248a59
00000297883a4ff9
00000297883a5ff9
00000297a6b1e399
00000297ad168c79
00000297ae5c1479
00000297cf71eb59
00000297d50da499
00000297d50e6fd9
00000297e35e5279
00000297e35e52f9
00000297f7274499
00000297fa8730d9
00000298184852b9
00000298184862d9
000002983a11a059
000002984503c179
00000298919c3c39
00000298c7719099
00000298cde9e7b9
0000029946321e59
0000029977522f39
0000029984ea48d9
0000029a24d0f2f9
0000029a3141a0b9
0000029a3141a839
0000029a46caa4b9
0000029a58305ad9
0000029a583070d9
0000029a583077b9
0000029a583080f9
0000029a58308819
0000029a58308e99
0000029a5830ac59
0000029a5830e739
0000029a65e588d9
0000029b2de966d9
0000029b33aa1739
0000029b349467b9
0000029b4a8dfc39
0000029bbad55819
0000029bbad569d9
0000029bda795919
0000029bda796ad9
0000029bdce88259
0000029be83ae239
0000029be83ae2d9
0000029be83af779
0000029be83b5619
0000029c53916619
0000029c5bedca19
000005393361bf61
0000000000f47b71
0000000000000181
0000029cb5a44eb9
0000029cb5a44f39
0000029ce9d4c639
0000029ce9d4cd99
0000029cf31b8299
0000029cf31b9bd9
0000029cf31bde19
0000029cfa2e2259
0000029d12d6b3b9
0000029d202c55d9
0000029d936c7919
0000029d9b756459
0000029d9b7574b9
0000029d9b75e1f9
0000029de59ad539
0000029df60b3d79
0000029e2162d139
0000029e96be32f9
0000029e96be3379
0000029e96be3a59
0000029e96be4219
0000029e97e549f9
0000029eabdfc779
0000029eb0b7a939
0000029ebe388579
0000029ee1b384f9
0000029eea1d98b9
0000029eea1d9959
0000029eea1da019
0000029eea1df719
0000029eea1e0019
0000029eea1e0b19
0000029eea1e0b99
0000029eea1e0cb9
0000029eea1e1279
0000029eea1e2139
0000029eea1eb2f9
0000029f797f4b59
0000029f7a2b6739
0000029fa6804a19
0000029fa6805dd9
0000029fa6809b19
0000029fba72f459
0000029fd4458559
0000029fd4458759
0000029fd4459459
000002a00f3fbdf9
000002a01e81f279
000002a029ec18b9
000002a029ec1959
000002a029ec2019
000002a029ec5479
000002a029ec7539
000002a06591d3b9
000002a06591d459
000002a06591db39
000002a079f5ebb9
000002a079f5f319
000002a079f64e39
000002a079f651f9
000002a079f691f9
000002a079f6a779
000002a0876f63b9
000002a0876f7879
000002a08d3d2eb9
000002a08d3dc119
000002a09689e939
000002a0ac684cb9
000002a0d343cd59
000002a0fc08cdb9
000002a0fde43759
000002a0fde44739
000002a0fde46439
000002a0ff465b99
000002a0ff466319
000002a0ff46c099
000002a121a1f0d9
000002a121a1f839
000002a121a22779
000002a121a2ba19
000002a14e134db9
000002a1547c3a59
000002a1547c7279
000002a15877b519
000002a1e644eef9
000002a1e644ef79
000002a21eb20d19
000002a21eb21039
000002a2416f0dd9
000002a28da53d19
000002a2946bf779
000002a2b15f9ad9
000002a2b16005b9
000002a2cb7c5bb9
000002a2cb7c5c39
000002a2cb7c6319
000002a2cb7ca4d9
000002a2cb7ca999
000002a2cb7cb839
000002a2cb7cba39
000002a2cb7cc479
000002a2cb7d15b9
000002a2cb7d6599
000002a2cb7d6d19
000002a2cb7d8259
000002a2f4656999
000002a301f0c999
000002a301f0ca39
000002a301f0d119
000002a301f0e479
000002a301f12719
000002a301f13879
000002a301f13c99
000002a301f144d9
000002a301f14559
000002a301f14e19
000002a301f15fb9
000002a301f181f9
000002a301f1a0f9
000002a301f1a579
000002a3061ae979
000002a3061aea19
000002a3061b85b9
000002a31f0b2899
000002a321a75af9
000002a32b5338f9
000002a32b534919
000002a34235bbf9
000002a364e46a19
000002a381306759
000002a381307699
000002a381307719
000002a381308819
000002a38130b999
000002a3887a7c19
000002a3887a8399
000002a3887a8fd9
000002a39783c639
000002a3dbd7e499
000002a42b09e1d9
000002a458c8ff39
000002a464c58619
000002a46851a699
000002a47cabf9f9
000002a49457ded9
000002a49457df79
000002a49457e659
000002a49650a699
000002a49650b5d9
000002a49650c0b9
000002a49650c159
000002a49650c839
000002a49650c959
000002a49650ec59
000002a49650f379
000002a49650fd59
000002a496510039
000002a496510199
000002a4965114d9
000002a496511859
000002a496514399
000002a496514619
000002a496514d39
000002a496515079
000002a496515a19
000002a496516239
000002a496517679
000002a496518099
000002a49651ae99
000002a4c257db59
000002a4cf07e3d9
000002a50fce1039
000002a50fce1799
000002a51a4e2699
000002a53a2211b9
000002a53a2228f9
000002a53a2239b9
000002a56b4266f9
000002a56ff2f919
000002a56ff31219
000002a591bfbf79
000002a5a7b41119
000002a5a7b41f59
000002a5a7b432f9
000002a5a7b4a119
0000054bd3ccb661
0000000000f47b71
0000000000000181
000002a5f36db199
000002a5f86ecd39
000002a629989bf9
000002a62998b6b9
000002a62998c939
000002a62998cad9
000002a630cf1a99
000002a6b23595d9
000002a6b2359d59
000002a6b235aab9
000002a6b235e319
000002a6c9120159
000002a6eaeb9299
000002a6eaeba319
000002a6eaebd279
000002a70ba85199
000002a70ba85239
000002a70ba85359
000002a72a6e6739
000002a72a6e79b9
000002a72a6eb3d9
000002a731665519
000002a7316663d9
000002a77bbd3199
000002a77bbd3239
000002a77bbd3919
000002a77bbd4a19
000002a77bbd4ab9
000002a77bbd5179
000002a77bbd6d19
000002a77bbd7db9
000002a799e55f99
000002a799e56039
000002a799e56199
000002a799e566f9
000002a799e56fd9
000002a799e57179
000002a799e58619
000002a799e59f79
000002a799e5bdb9
000002a799e5e179
000002a799e5f2f9
000002a799e60399
000002a7e8aeaf79
000002a7f6dd18d9
000002a8564517b9
000002a856456fd9
000002a856c03ed9
000002a856c09af9
000002a856c09cf9
000002a86782c6d9
000002a8cfef9eb9
000002a8cfefadd9
000002a8f5611559
000002a905f57459
000002a92fad4539
000002a92fd8d3d9
000002a92fd8e899
000002a9398ef219
000002a945b793f9
000002a945b79639
000002a9581b33d9
000002a9581b3ab9
000002a9933fe2f9
000002a993699219
000002a99369a179
000002a99369ba59
000002a9965264b9
000002a9dc1b7db9
000002a9fe559959
000002aa29370d39
000002aa5b09ffb9
000002aa5b0a1d99
000002aa838cca19
000002aa838cca99
000002aa9a45bb19
000002aa9a462539
000002aab2ca8fd9
000002aab2ca9359
000002aac87368d9
000002aac8736959
000002ab07816119
000002ab07817219
000002ab07817659
000002ab07818a19
000002ab4bc08619
000002ab4bc097b9
000002ab92c23a39
000002abbccc83b9
000002abf85d3f39
000002ac2f0ba679
000002ac2f0bbd19
000002ac465d9cd9
000002acae353b79
000002acae35b839
000002ad12912479
000002ad12918b99
000002ad12919f59
000002ad1291a279
000002ad137d5979
000002ad137dbeb9
000002ad137dcd99
000002ad137dce19
000002ad137dd4f9
000002ad137ddd99
000002ad4abdf479
000002ad4abdfbd9
000002ad4abe07f9
000002ad4abe2b39
000002ad4abe2bd9
000002ad4abe4559
000002ad4abe5679
000002ad4abe5859
000002ad4abe71f9
000002ad4abe9919
000002ad65da3e99
000002ad9516aa99
000002ae06b97939
000002ae06b97ad9
000002ae2c0fef39
000002ae2c104b19
000002ae78ef8a19
000002ae78ef99b9
000002aeae009559
000002aee3c92119
000002aee3c92879
000002aee3c96f99
000002aefa0a1bd9
000002af0485e059
000002af118d2bf9
0000055e7437ac61
0000000000f47b71
0000000000000181
000002af3c2fe8b9
000002af3f70f5f9
000002af60b670d9
000002af60b68219
000002af63348919
000002af9d94aff9
000002aff6c12479
000002aff6c124f9
000002aff6c12bd9
000002b0182ab499
000002b019d08ad9
000002b062c01c59
000002b062c02959
000002b062c05b99
000002b062c0abd9
000002b062c0b879
000002b062c0bfd9
000002b062c0d6b9
000002b062c107b9
000002b062c130b9
000002b0791baf99
000002b0791bb039
000002b0791bb719
000002b0791bbdd9
000002b0791bc0d9
000002b0a24068d9
000002b0cbe60579
000002b0f972cab9
000002b117ebd9f9
000002b15f9cf779
000002b1c116d3b9
000002b21db28199
000002b21db293b9
000002b21f2d3259
000002b2316dacd9
000002b2316dad79
000002b2316dadb9
000002b2316db459
000002b2316dbc39
000002b2316dbe59
000002b2316dc9f9
000002b2316e04b9
000002b2316e15b9
000002b24fa0f6f9
000002b2633c4179
000002b278ccea99
000002b2fb68ad99
000002b30af88c99
000002b30af88d39
000002b30af893f9
000002b30af8ee99
000002b30af8ef19
000002b30af8f5f9
000002b30ded35d9
000002b3259543f9
000002b325955559
000002b39aa3dd59
000002b3bca6a6b9
000002b3c62beb79
000002b45d890819
000002b45d891919
000002b45d896939
000002b4764193b9
000002b476420c59
000002b49d0277b9
000002b49d027839
000002b49d028eb9
000002b49d030019
000002b4c8410479
000002b4c8411999
000002b4effa6179
000002b527fcd979
000002b527fd3ff9
000002b536d6e1b9
000002b536d6e239
000002b538c1dd59
000002b5561337f9
000002b556133879
000002b556133979
000002b556135399
000002b556135559
000002b5561355f9
000002b556135cd9
000002b556136259
000002b556136719
000002b556137379
000002b55613b0f9
000002b605b1ddb9
000002b605b1f579
000002b605b214f9
000002b6111eb559
000002b6111eb5f9
000002b6111eb6f9
000002b6111ebcb9
000002b624c5a799
000002b624c5ba59
000002b625323899
000002b6318c5279
000002b6318c6559
000002b6318ca899
000002b63ee53fb9
000002b63ee54f19
000002b63ee55599
000002b63ee57379
000002b65d028839
000002b6802a2959
000002b683934ed9
000002b68bde8759
000002b68bde87d9
000002b68bde9959
000002b68bdef2b9
000002b68bdefff9
000002b68bdf0079
000002b68bdf10f9
000002b6e50e3779
000002b6e50e4759
000002b6e50e4859
000002b6e50e4ad9
000002b6e50ebf19
000002b6f6052bb9
000002b75c1d7db9
000002b75c1d8f99
000002b75c1de7d9
000002b7df2c6559
000002b7f0e53079
000002b7f0e53e39
000002b7f0e542b9
000002b80470f3d9
000002b807b2b419
000002b81f6de679
000002b81f6de819
000002b81f6dfad9
000002b81f6e0539
000002b81f6e1639
000002b81f6e2339
000002b83692e499
000002b8379e4df9
000002b8379e4e99
000002b8379e5559
000002b8379ea5b9
000002b88394f739
000002b883950539
000002b883d245f9
0000057114a2a361
0000000000f47b71
0000000000000181
000002b8c27683b9
000002b8e540bb99
000002b92ebd5dd9
000002b93cf5e739
000002b96a9654f9
000002b975948799
000002b97d5bc439
000002b97d5bcd99
000002b97d5bda99
000002b97d5be399
000002b9c3ac8df9
000002b9c3ac9019
000002b9c8df3159
000002b9c8df3fb9
000002b9fda035f9
000002b9fda054f9
000002ba90ebd2f9
000002ba90ebe2f9
000002ba9ef71819
000002baaabe3299
000002bab648b879
000002bab6492779
000002bab8100759
000002bac5613979
000002badc91fc19
000002bb13f15e59
000002bb13f16e19
000002bb13f16e99
000002bb13f17579
000002bb13f17e99
000002bb13f18db9
000002bb13f1ccf9
000002bb13f1cd79
000002bb13f1d4f9
000002bb13f1de59
000002bb18e692d9
000002bb18e69379
000002bb18e69a39
000002bb18e6d3d9
000002bb18e6ead9
000002bb18e700b9
000002bb18e712f9
000002bb18e71559
000002bb18e71cb9
000002bb366acc19
000002bb425d1f19
000002bb5bf28739
000002bb6b561f39
000002bb72df5339
000002bb72df53f9
000002bb72df5559
000002bb72df5ad9
000002bb72df6799
000002bb72df6999
000002bb72df6b79
000002bb72dfc3d9
000002bb72dfd759
000002bb72dfec79
000002bb72dff3d9
000002bb72dff499
000002bb72dffdd9
000002bba94e5b99
000002bbbb7218d9
000002bbbe5fc219
000002bbbe5fdf99
000002bbc36bf7f9
000002bbf3dd5cf9
000002bbf618f119
000002bbf618f199
000002bc26b6d379
000002bc4aa5f279
000002bc5ac1a5b9
000002bc5ac1b879
000002bc5ac1c819
000002bc5ac1cb59
000002bcc825d119
000002bcce880a19
000002bd3fa7f139
000002bd3fa7f899
000002bd3fa7fff9
000002bd3fa80099
000002bd3fa80779
000002bd3fa81279
000002bd3fa87459
000002bd3fa8a679
000002bd3fa8a6f9
000002bd3fa8e959
000002bd5563ab19
000002bd5563abb9
000002bd5563b299
000002bd5563bc79
000002bd55641359
000002bd55642439
000002bd8a90bb99
000002bd8a90ca39
000002bdafa6f6b9
000002bdd0f31739
000002bdd0f31eb9
000002bdd0f3eb99
000002bdd0f3ecf9
000002bde0a99c19
000002bde0a99c99
000002bde0a9b039
000002bdf194a8d9
000002be1a243259
000002be23c3eb19
000002be23c40399
000002be23c444b9
000002be3948feb9
000002be39493499
000002be97deb1d9
000002bebbf0edf9
000002bee29564f9
000002bee2957439
000002bee29580b9
000002bee2959439
000002bee295e139
000002befaebe819
000002befaebef99
000002befaebf899
000002befaec0319
000002befaec0579
000002bf1c3fdad9
000002bf2386c859
000002bf2386cfb9
000002bf2c975d99
000002bf36cff719
000002bf36cffe79
000002bf468b8f59
000002bf64faebd9
000002bf88e26a79
000002bffb26b3b9
000002bffb26b539
000002bffb271e39
000002c01e1ab619
000002c0298b2cb9
000002c02d2ea819
000002c03179b559
000002c03179b5f9
000002c03179b639
000002c03179b759
000002c03179bcd9
000002c03179c859
000002c03179e599
000002c03179ecf9
000002c042434519
000002c042434599
000002c052d303d9
000002c0ad344dd9
000002c0ad344e59
000002c0ad345539
000002c0ad34a399
000002c0b96a6659
000002c0c73f1559
000002c0d895db59
000002c0d895dbf9
000002c0d895dc39
000002c0d895e2b9
000002c0d895eeb9
000002c0d89616d9
000002c0d8961819
000002c0d8966119
000002c0d896b8f9
000002c0d896cc19
000002c0ee2bdcb9
000002c0f8f6d2f9
000002c0f8f6d399
000002c0f8f6da59
000002c0f8f6e499
000002c132acde19
000002c141e0f619
000002c141e106b9
000002c142a5d759
000002c175659979
000002c1892e25d9
000002c1892e2799
000002c1892e3999
000002c1924c9eb9
00000583b50d9a61
0000000000f47b71
0000000000000181
000002c1f215a159
000002c1f215b179
000002c1f3ddb979
000002c20534c139
000002c215f72459
000002c215f735f9
000002c215f73e19
000002c215f74ef9
000002c215f74f99
000002c215f78799
000002c215f788f9
000002c215f7a2d9
000002c215f7a4b9
000002c215f7ae59
000002c23a367619
000002c23a367799
000002c23a368859
000002c23a36bf59
000002c265e6d239
000002c26f7df4f9
000002c28cce2259
000002c28cce29b9
000002c28cce3319
000002c28cce3739
000002c28cce56d9
000002c28cce66f9
000002c28cce8739
000002c28cce8839
000002c28cce9f59
000002c297a86799
000002c2e3b9c0d9
000002c30e425859
000002c30e42a299
000002c30e42a339
000002c30e42aa19
000002c30e42b559
000002c30e42d719
000002c30e42f279
000002c34480cf59
000002c34480e199
000002c3a98c5379
000002c3a98c5419
000002c3a98cc779
000002c3aaab7bb9
000002c3aaab8319
000002c3aaabd4f9
000002c3aaabda19
000002c3ac609919
000002c3bb9bd079
000002c3bc18a6b9
000002c3f52bb079
000002c3f69a7f79
000002c400dab419
000002c430284ad9
000002c436d742b9
000002c46d4b5499
000002c47e6de1f9
000002c482990b19
000002c482994a79
000002c51b4ca499
000002c51b4cac19
000002c51b4cb279
000002c51b4cefb9
000002c51b4d4b19
000002c52a8317d9
000002c5841954b9
000002c5aa055279
000002c5aa055459
000002c5b9b64499
000002c5b9b64639
000002c5bd055d79
000002c5e9d0de99
000002c5f2f782d9
000002c60e0c4d19
000002c60e0c50d9
000002c60e0c5479
000002c622a6b0b9
000002c622cdff39
000002c63683fbd9
000002c63683fc59
000002c66d4ba6d9
000002c66d4ba779
000002c66d4baa99
000002c66d4bae59
000002c66d4bb899
000002c66ee8d7d9
000002c677450c79
000002c677450d19
000002c6774513f9
000002c67ea99139
000002c67ea9d9d9
000002c67ea9f239
000002c69652c5d9
000002c7435551f9
000002c74a0c37d9
000002c7651f8ef9
000002c77a7b89b9
000002c77a7b8b19
000002c77a7c79b9
000002c7a08074f9
000002c7a0807c59
000002c7a08083d9
000002c7a0808719
000002c7a08087f9
000002c7a08093b9
000002c7a080c739
000002c7fc82d139
000002c8510cc719
000002c86cd0e039
000002c86cd165d9
000002c86cd1d919
000002c887fb84b9
000002c8d171c7f9
000002c90238ebd9
000002c904214259
000002c90421ad39
000002c925145b19
000002c92d8efa19
000002c98eed6f79
000002c98eed76f9
000002c98eed7f79
000002c98eed8039
000002c98eed86d9
000002c98eed9239
000002c98eed9dd9
000002c98eeda979
000002c98eedb2b9
000002c98eedd139
000002c9a4d2b459
000002c9a78f98b9
000002c9b7b4c3d9
000002c9b7b4cb39
000002c9e4edc1b9
000002c9ff4ecbf9
000002c9ff4eee19
000002c9ff4ef279
000002ca0c092519
000002ca2d5b33b9
000002ca2d5b3579
000002ca4e6148f9
000002ca5ce3a539
000002ca5ce3a759
000002ca92ca05d9
000002cabe99f879
000002cacb176e19
000002cad43b4f19
0000059655789061
0000000000f47b71
0000000000000181
000002cb746b7c59
000002cb746b83b9
000002cb8694f079
000002cb8694f7f9
000002cb86953e59
000002cb9532d019
000002cb9543af79
000002cbaba3aa99
000002cbdb19a079
000002cbdb19a7d9
000002cbdb19aef9
000002cbdb19b079
000002cbdb19b559
000002ccc8adc1f9
000002cd96a43a79
000002cda5401a59
000002cdab801bf9
000002cdae71b919
000002cdae71ca99
000002cdae71cc39
000002cdbf776759
000002cdbf776eb9
000002cdbf7776b9
000002cdbf77c139
000002cddde52d59
000002cde20dba19
000002cdebca7739
000002ce261cfcf9
000002ce28914ff9
000002ce289151d9
000002ce28915779
000002ce28916219
000002ce28916cb9
000002ce28917479
000002ce48ff3b79
000002ce4ec3a339
000002ce613f8059
000002ce95cb49b9
000002cec39c0119
000002cefeb2f179
000002cefeb2f8d9
000002cf369815f9
000002cf36982959
000002cf3f7e7eb9
000002cf3f7ec7f9
000002cf6205e9b9
000002cf89ea01f9
000002cf89ea0959
000002cfc5b60719
000002cfc5b66eb9
000002cfcf2dd799
000002cfcf99f799
000002cfd9a1acf9
000002cfe26de779
000002cfe26de939
000002cfe588d279
000002d0103d5399
000002d0103d55d9
000002d0103d64f9
000002d017c6b279
000002d024e168b9
000002d03f688319
000002d03f688399
000002d03f688a79
000002d03f689579
000002d03f68da59
000002d08eabf119
000002d08eabf899
000002d08eac1239
000002d08eac4b39
000002d08eac52f9
000002d0bcf92759
000002d0c080a059
000002d0f47748b9
000002d0f4775259
000002d0f4779579
000002d103c111f9
000002d103c113f9
000002d103c18cd9
000002d13fe4bab9
000002d13fe4bcf9
000002d13fe4c239
000002d161f07819
000002d17a3a80f9
000002d1b2aaa699
000002d1b79f7699
000002d1b8c66d99
000002d1e98e45f9
000002d1e98e4f19
000002d2babfac99
000002d2c4ed25b9
000002d2c4ed5599
000002d2d75cff19
000002d2dbf2e859
000002d2fe166819
000002d365330b19
000002d365332119
000002d365333239
000002d3747904f9
000002d38724e199
000002d3a623b5b9
000002d3a6244939
000002d3a9a7d919
000002d3ac502eb9
000002d404391c19
000002d404392399
000002d4559aa999
000005a8f5e38761
0000000000f47b71
0000000000000181
000002d4cdb1e299
000002d51443f359
000002d5144404d9
000002d515035b79
000002d54e191759
000002d555eee519
000002d555eef8b9
000002d573470fd9
000002d573471d99
000002d573473119
000002d573473639
000002d57347b0b9
000002d57347b159
000002d57347b819
000002d57347b8b9
000002d57347c4d9
000002d57347c599
000002d57347d479
000002d573486e99
000002d5873fb239
000002d5873fb3f9
000002d5873fb9d9
000002d587401ff9
000002d59b6735f9
000002d59bb99699
000002d5d0d9a539
000002d5d0d9b859
000002d5dcaf5fd9
000002d5ec61c339
000002d5f83c7839
000002d5f83c7f99
000002d647ee4ed9
000002d649734db9
000002d6600287d9
000002d6748b50d9
000002d683cfea59
000002d683d06379
000002d698f7e619
000002d6b2887199
000002d6dfe56b59
000002d702023519
000002d7020235b9
000002d705e8f059
000002d705e8f7b9
000002d705e90299
000002d705e93e79
000002d70b266239
000002d725c4b719
000002d72c330379
000002d75cd6e799
000002d75fafbdb9
000002d776db2579
000002d776db2739
000002d7b76f6b79
000002d7f589d539
000002d81ea42779
000002d829e2b559
000002d833d66459
000002d834dc0ab9
000002d854d6d079
000002d866b44ad9
000002d875f8bb39
000002d87af7f959
000002d87af84f79
000002d8afc9c5d9
000002d8b6174b19
000002d8b6175d59
000002d8b6175e39
000002d8e5e58799
000002d8e796ba79
000002d8e796ce79
000002d8ea19d9f9
000002d8ea19f0d9
000002d8ea1a2559
000002d8ea1a28b9
000002d9133a3159
000002d915665419
000002d991346559
000002d991346899
000002d99d0aba59
000002d99d0ac919
000002d99d0af619
000002d9c8483ab9
000002d9c8483b59
000002d9c8484219
000002d9c8484f19
000002d9c8484fb9
000002d9c8485199
000002d9cc6ef3b9
000002da24589d99
000002da781f2ad9
000002da9c13ea19
000002da9c13ea99
000002da9c13f179
000002da9c13fab9
000002da9c13fc39
000002da9c140219
000002da9c1409b9
000002da9c143879
000002da9c144b79
000002da9c1450b9
000002da9c1461d9
000002dacadbead9
000002dadb4dd6f9
000002daed845af9
000002daed845b79
000002daed846259
000002db88d6ee79
000002dbaa6fd839
000002dbaa6fe8f9
000002dbaa6ff059
000002dbabd5ccf9
000002dbb68f2d39
000002dbb68fc2b9
000002dbb9dba479
000002dbc0ab8539
000002dbfa50d119
000002dbfa50e439
000002dc24ac86d9
000002dc268f6139
000002dc2ac00859
000002dc2ac008f9
000002dc2ac00fb9
000002dc2ac02339
000002dc2ac07c19
000002dc2ef4d799
000002dc7ee9b359
000002dc7ee9b419
000002dc7ee9b499
000002dc7ee9bad9
000002dc7ee9c2b9
000002dc7ee9ceb9
000002dc7eea14f9
000002dc7eea2ed9
000002dc7eea6679
000002dc842ad739
000002dc842b2b99
000002dc9ce6c259
000002dc9ce6c9b9
000002dc9ce6d799
000002dc9ce6d819
000002dc9ce6ee79
000002dcc2dd2359
000002dcc2dd2ad9
000002dcc2dd31f9
000002dcc2dd46b9
000002dcc2dd4bf9
000002dcc2dd5779
000002dcc2dd5d39
000002dcc2dd66d9
000002dcc2dd8019
000002dcc2dd80b9
000002dcc2dd8319
000002dcc2dd8799
000002dcc2dda9b9
000002dcc2ddd559
000002dcc2ddd9b9
000002dcd21ddcf9
000002dcf17d8079
000002dd4b310099
000002dd4b3112b9
000002dd4b311a39
000002dd4b312419
000002dd4b312579
000002dd4b318259
000002dd53ac6219
000002dd6c9a3d99
000002dd765181f9
000005bb964e7e61
0000000000f47b71
0000000000000181
000002ddcd958779
000002ddcd959c79
000002ddcd95abd9
000002ddd205da99
000002de20f39cd9
000002de2cb71b39
000002dee82c76d9
000002dee82c7759
000002defa507059
000002defa5070d9
000002defa5080f9
000002df1d16bc79
000002df1d16fa99
000002df1d170d59
000002df231dce19
000002df231dd599
000002df231de7d9
000002df51bbe339
000002df51bbea99
000002df51bc0c99
000002df51bc49d9
000002df73ad3239
000002df7856ffd9
000002df78570739
000002df78575959
000002df78578d59
000002df99eb8499
000002dfc84decf9
000002dfcaaac599
000002dfcaaad759
000002dfe7a691b9
000002e045aa6ab9
000002e0500b8539
000002e05e036379
000002e05efe9259
000002e05efe99d9
000002e05efea0f9
000002e05efea339
000002e05efea439
000002e05efea639
000002e08fa603d9
000002e08fa61919
000002e08fa672b9
000002e09f693939
000002e0b10f6fd9
000002e0b10f7739
000002e0b10f8199
000002e0b10f8d79
000002e0b10fdad9
000002e0e0c62b99
000002e0e0c65dd9
000002e0e6f51599
000002e0ff06f099
000002e0ff06f7f9
000002e0ff070059
000002e0ff070379
000002e0ff076719
000002e195480079
000002e1d0e056b9
000002e26c0e04d9
000002e27f627c79
000002e281293619
000002e2972a5299
000002e2bcc16ab9
000002e2c4821cb9
000002e2edf640f9
000002e30b4928f9
000002e30b492999
000002e30b493059
000002e30b4939f9
000002e30b4940d9
000002e30b494839
000002e3107a0cd9
000002e3434aaa99
000002e390616039
000002e3bc2b7c19
000002e40bc010d9
000002e4183fbbb9
000002e4183fbc59
000002e4183fcdf9
000002e4183fd399
000002e418401399
000002e418404019
000002e45667e419
000002e45b2c3ff9
000002e48b9d9bb9
000002e49d1c13f9
000002e4c2eca9d9
000002e4db5a2df9
000002e4db5a2e79
000002e4db5a3579
000002e4db5a7959
000002e4db5a7d99
000002e4db5a9fd9
000002e4f46a5e79
000002e51cdfcc99
000002e53eeb7c59
000002e54f5c2299
000002e57d507bf9
000002e57d508b99
000002e592ec1a99
000002e592ec2219
000002e5a8d106b9
000002e5f96e8c79
000002e5f96ea699
000002e6568057f9
000002e65680e419
000002e68f07bc39
000002e68f07c3b9
000002e68f07e6b9
000002e693fe23b9
000002e693fe2fb9
000002e6955084f9
000002e6d18c6339
000002e707898cd9
000002e70789c939
000002e70789d7f9
000002e7090539f9
000005ce36b97461
0000000000f47b71
0000000000000181
000002e751447299
000002e751448ff9
000002e770bfbad9
000002e77c8b58f9
000002e77c8b68d9
000002e7989b15b9
000002e7989bb0d9
000002e7989bb7d9
000002e7989becf9
000002e7989c4d39
000002e798e1f2d9
000002e798e1f379
000002e798e1f539
000002e798e1fa59
000002e798e203f9
000002e798e215f9
000002e798e21f59
000002e798e26a39
000002e798e27659
000002e80be2cb39
000002e828c43b99
000002e86ba7e439
000002e8724b08b9
000002e8fea065d9
000002e8fea06659
000002e8fea07a39
000002e8fea0ca99
000002e97c507d79
000002e97c507e19
000002e97c5084d9
000002e97c508b99
000002e97c509139
000002e97c509379
000002e97c517239
000002e985ef6a59
000002e985ef6c39
000002e985ef71b9
000002e985ef7a19
000002e985ef7c79
000002e9a678d5b9
000002e9a678e119
000002e9b5baaed9
000002e9b5bac039
000002e9b5bac7f9
000002e9b5bb0739
000002ea0885e099
000002ea0885f459
000002ea36d75cd9
000002ea3700dfb9
000002ea3700ec59
000002ea48d56399
000002ea4b4eb499
000002ea4b4ebf79
000002ea67c7ddd9
000002ea77beead9
000002ea77bf26f9
000002eab911d8f9
000002eacb76c519
000002eacb76c5d9
000002eacb76cc99
000002eacb76d2f9
000002eacb76d539
000002eacb7720b9
000002eacec8dfb9
000002eae6f0be39
000002eae6f0ceb9
000002eae6f0d159
000002eaf10885d9
000002eaf1a2c919
000002eaf1a2cad9
000002eaf1a2d099
000002eaf1a2e6d9
000002eaf1a30779
000002eaf1a30819
000002eaf1a30e79
000002eaf1a318b9
000002eaf1a33539
000002eaf1a35f99
000002eaf1a37419
000002eb0a79a579
000002eb10a99b39
000002eb10a99bd9
000002eb10a99c19
000002eb10a9a2b9
000002eb10a9ab39
000002eb10a9abb9
000002eb10a9abf9
000002eb10a9f379
000002eb10aa07f9
000002eb2cb06339
000002eb2cb0a4b9
000002eb2cb0a5b9
000002ebddeed159
000002ec20f05039
000002ec20f06179
000002ec37731bf9
000002ec37733839
000002ec3bc88ad9
000002ec3bc89b39
000002ec3bc8ab39
000002ec3bc8ff99
000002ec3bc91c99
000002ec5a8f0239
000002ec5a8f02b9
000002ec7ca4b079
000002ece9b75439
000002ed0ab4b4f9
000002ed2291ba59
000002ed31171959
000002ed3eea14b9
000002ed3eea1c39
000002ed3eea3f39
000002ed3eea5f79
000002ed3eea7079
000002ed3eea8af9
000002ed3eeaa659
000002ed915a1bb9
000002edab572979
000002edb5bd25b9
000002edcee49e59
000002edf227f0b9
000002ee2656b9d9
000002eebb1fd7b9
000002eec8699839
000002eeff8ab939
000002eeff8abaf9
000002eeff8acf79
000002ef8ee93bf9
000002ef8ee94c39
000002efde7dc919
000002efde7dd079
000002efed31d699
000002eff0c492f9
000002eff0c4a699
000002eff0c4b799
000002f001628439
000002f00bee6fb9
000002f013267eb9
000005e0d7246b61
0000000000f47b71
0000000000000181
000002f0eedfd639
000002f1277bfbb9
000002f1277c1c39
000002f1bc8d8619
000002f1e9bc7bb9
000002f1f4f23a79
000002f20b729eb9
000002f20b72a259
000002f20b730f19
000002f22e8f3519
000002f3068c92b9
000002f316073599
000002f3514b4bf9
000002f3633e8619
000002f3633e9759
000002f3633ed919
000002f376d869f9
000002f376d86bf9
000002f376d87d99
000002f3798dcdb9
000002f3879e4419
000002f3879e5619
000002f3879e59b9
000002f3879e6899
000002f3879e69d9
000002f3879e9f59
000002f3879ec659
000002f3944618f9
000002f394467cd9
000002f3ccde3d19
000002f3ccde4499
000002f3ccde7939
000002f3d2197d19
000002f3d2197d79
000002f3dd94af59
000002f3e797d9b9
000002f3e797ef99
000002f3e797fe39
000002f3ee6ecc59
000002f3ee6edd39
000002f40376dd19
000002f4430f9919
000002f4430f9999
000002f45e8c8b39
000002f460a56019
000002f469c8e239
000002f469c8f299
000002f46e1ca239
000002f4a6c2b579
000002f4a6c31939
000002f4a6c32bb9
000002f4a6c32cd9
000002f4dd398c39
000002f4dd39d619
000002f4f4bcce19
000002f5287ecdb9
000002f5556fcdb9
000002f555701b99
000002f57b796399
000002f584116379
000002f584118bd9
000002f5a74ba0f9
000002f5a74bd319
000002f5acac2539
000002f5eaa4a759
000002f5eaa4b979
000002f5eaa4bb19
000002f5eaa4c959
000002f5eaa4ce99
000002f5eaa4f579
000002f5eaa59519
000002f5eaa59c99
000002f5eaa5a3f9
000002f5eaa5a4b9
000002f5eaa5f239
000002f5eaa64f59
000002f5eced8bd9
000002f5f02f8819
000002f5f02f88b9
000002f5f02f88f9
000002f5f02f8f79
000002f5f02fa179
000002f5f02fa2d9
000002f5f02faed9
000002f5f02fb1f9
000002f5f02fb659
000002f5f02fc399
000002f5f02fd319
000002f5f02fd639
000002f5f02fe599
000002f5f02fe759
000002f5f0301179
000002f5f5b30659
000002f5f5b30819
000002f60ed44a99
000002f657acd539
000002f657ace5d9
000002f66119a779
000002f66119bb19
000002f66119d7b9
000002f66119d879
000002f66119df39
000002f6611a52f9
000002f6611a5659
000002f6cd2e5419
000002f709b155f9
000002f709b1a679
000002f709b1a6f9
000002f709b1f199
000002f709b1f419
000002f709b20fb9
000002f709b25b19
000002f728343cb9
000002f7300d9c39
000002f747e6aab9
000002f74e275039
000002f76ffda539
000002f76ffda6f9
000002f76ffda7b9
000002f76ffdacb9
000002f76ffdae99
000002f76ffdc199
000002f76ffde239
000002f76ffe0759
000002f7a10df099
000002f7a8f0e1f9
000002f7a8f0f759
000002f7b02ff5f9
000002f7b03005f9
000002f7b0305b59
000002f80b5c1759
000002f81cd39339
000002f83b3c02b9
000002f84acb5c79
000002f8a6df8259
000002f8a808ffd9
000002f8d0c25d79
000002f8f0482a79
000002f8f0483cb9
000002f915c7cf99
000002f93a67a579
000002f972ac7879
000002f98d590cb9
000002f98d595679
000002f9a29c88d9
000002f9aa6f87d9
000002f9b8f732b9
000002f9b8f73359
000002f9b8f73a19
000002f9b8f749b9
000002f9b8f74d79
000005f3778f6261
0000000000f47b71
0000000000000181
000002f9c8f13719
000002f9ef5b5bf9
000002f9ef5b5c79
000002f9ef5b6359
000002f9ef5bb399
000002f9ef5bc899
000002f9ef5bc919
000002f9ef5bcff9
000002f9ef5bd839
000002f9ef5bdb59
000002f9f1ad0719
000002fa1917a679
000002fa32238439
000002fa322386f9
000002faaf488cb9
000002faaf489d39
000002faaf48c879
000002fab9b1ab99
000002fab9b1ad59
000002fab9b1b2f9
000002fab9b1b4b9
000002fab9b1bd99
000002fab9b1c399
000002fab9b4c199
000002fadfba7099
000002fb01cd8839
000002fb01cde479
000002fb0ff60479
000002fb0ff617d9
000002fb27077ff9
000002fb270781f9
000002fb636fa5d9
000002fb636fd039
000002fb7b21ecd9
000002fb7b21ed79
000002fb7b21edb9
000002fb7b21f439
000002fb7b220d79
000002fb7b221df9
000002fb7b221f19
000002fb7b221f99
000002fb7b229039
000002fbaa60e319
000002fbaa60e399
000002fbdbd441b9
000002fbe82e0d39
000002fbef21abd9
000002fbef21bc39
000002fbef21bcb9
000002fbef21bfd9
000002fbef21c399
000002fbef21d019
000002fbef21d099
000002fbef21d659
000002fbef220519
000002fbef222a59
000002fbef223a79
000002fbef223f99
000002fc7e133319
000002fc91afc4d9
000002fc91b02859
000002fcb4a299d9
000002fcd990e7d9
000002fcdccef839
000002fcdccf0899
000002fcdccf0959
000002fcdccf0a79
000002fce91091b9
000002fce9109399
000002fce9109919
000002fce910a479
000002fcfa65e799
000002fd2ab36219
000002fd2ab365f9
000002fd2c49d839
000002fd43043699
000002fd43043df9
000002fd43044799
000002fd43048d19
000002fd4304ec59
000002fd43053e39
000002fd443c5059
000002fd443c64b9
000002fd443c9d19
000002fd443cb199
000002fd46cae1b9
000002fd46cae939
000002fd46caf459
000002fd46caf7d9
000002fd6c3dc819
000002fd757e41b9
000002fd757e4939
000002fd94c504f9
000002fd94c51519
000002fd94c515b9
000002fd94c51c79
000002fd94c52699
000002fd94c52859
000002fd94c528f9
000002fdbf7e34f9
000002fdea1bfd19
000002fdea1c0d59
000002fdea1c2599
000002fe17d73279
000002fe36fc0659
000002fe865ea0b9
000002fe865ea159
000002fe865ea839
000002fe865ebe59
000002fe8dec2d39
000002feaa50f599
000002fec74f8a59
000002fef4838759
000002fef4838ed9
000002fef48398f9
000002fef4841ed9
000002ff2065c479
000002ff46221cd9
000002ff641680b9
000002ff74bcc659
000002ff74bcd7d9
000002ffecea0399
000002ffecea0af9
000002ffecea1779
000002ffecea18b9
000002ffecea2a59
000002ffecea6bd9
0000030011998d79
0000030011999fd9
000003004b8e4ef9
000003008668fe79
0000030086690e99
0000030097e87bb9
000003009a513479
000003009a518919
000003009a51d5b9
00000300b74687b9
00000300b7468979
000003012bef7d59
000003012beffa99
000003012befff59
00000301cc140439
00000302206b3c39
00000302ff635039
00000302ff635799
00000302ff63c279
00000303064f73f9
000003030a72c259
0000060617fa5961
0000000000f47b71
0000000000000181
00000303307077d9
0000030330708d39
000003033508b739
0000030362eb2a39
000003037cf846b9
00000303aa93ae79
00000303fec6bfb9
00000303fec6c039
000003040f5d0419
000003040f5d0499
000003040f5d12d9
000003040f5d6c79
0000030441189959
00000304411899f9
0000030441189a39
000003044118a0b9
000003046d9d36d9
00000304b04755f9
00000304b047abd9
00000305314d78b9
000003057a867699
000003057d6b3379
00000305802ae219
00000305802b0e39
00000305802b1e59
000003061fe219b9
0000030621cc14b9
0000030625708eb9
000003063ca80f79
000003063ca816d9
000003063ca82459
000003063ca835b9
000003063ca83639
000003063ca83d19
000003063ca84b19
000003063ca867b9
000003063ca877d9
000003063ca89319
000003065bb365b9
000003065bb3e859
0000030665ddc879
0000030665ddc8f9
0000030665ddd599
0000030665ddd6b9
0000030665ddd9b9
0000030665dddcd9
0000030665ddf059
0000030665de04d9
0000030665de17b9
0000030665de1c79
0000030688c746b9
00000306a2cd6ef9
00000306a2cddeb9
00000306a2ce0539
00000306ba885c99
000003071a570559
0000030742ab2719
0000030742ab27b9
0000030742ab28b9
0000030742ab2e79
0000030742ab8399
0000030742abcdd9
0000030742abce79
0000030742abceb9
0000030742abcf99
0000030742abd539
0000030742abe5b9
0000030742ac0819
0000030742ac5119
00000307e76c5239
0000030870f0e9d9
00000308c4333f19
00000308c4335199
00000308e5dcd919
00000308e5dce879
00000308effbdd59
00000308effbee19
00000308effbffd9
00000308effc00f9
00000308effc50d9
0000030912035259
000003091f41b1b9
000003091f4209f9
000003091f42a8b9
00000309410b2159
00000309491f22b9
000003095e3e8259
000003096a6239d9
000003096a624139
000003096a624939
000003096a624ab9
000003096a629b39
00000309b4ee1b19
00000309b4ee3039
00000309bfc240f9
00000309c4632e59
00000309f9d1ed59
0000030a0572a0f9
0000030a7ee8d9d9
0000030a7ee8e9f9
0000030a8fe056d9
0000030ac96bc7f9
0000030ac96bd8d9
0000030ac96bec59
0000030ad220b519
0000030ada535b39
0000030ae3de6119
0000030afb2b94b9
0000030b5f395ab9
0000030b734a7d79
0000030b734a9759
0000030b734a9bf9
0000030babcc5719
0000030c1d0a5a59
0000030c2adb4579
0000030c41de90d9
0000030c41de9159
0000030c41df0c79
0000030c43f1fe99
0000030c5b0cea59
0000030c5b0d3519
00000618b8655061
0000000000f47b71
0000000000000181
0000030c5fb4bf59
0000030c5fb4df99
0000030c77cbf779
0000030c9454a859
0000030c9bdcacb9
0000030cdf6eaa79
0000030cdf6ec719
0000030cdf6ed7b9
0000030cdf6eee79
0000030cdf6ef599
0000030d16761ef9
0000030d16762659
0000030d16763059
0000030d3b517999
0000030d584b4f39
0000030d584b56b9
0000030d584b6039
0000030d584b6299
0000030d584b65d9
0000030d584b8f39
0000030d58b8a119
0000030d82ec9c79
0000030d82ed3219
0000030d82ed3299
0000030d82ed3979
0000030d82ed4799
0000030d82ed6779
0000030e399fb879
0000030e399fb8f9
0000030e399fbfd9
0000030e81461ff9
0000030e81462259
0000030e81462759
0000030e81462e39
0000030e814630f9
0000030f0c470459
0000030f0c471679
0000030f2f355ff9
0000030fde21a179
0000030ffdbec559
0000030ffdbf2639
0000030ffdbf2879
0000030fff0e3259
0000030fff0eac39
00000310737e4199
00000310a2057539
00000310c140e5f9
00000310e1a0ee59
00000310e1a0f5b9
00000310e1a0f7b9
00000310e1a0ff19
00000310e1a10199
00000310e1a10799
00000311211fd079
000003113232c379
000003113232c3f9
000003113232cad9
000003113232d019
00000311a6faa119
00000311fb4ed1d9
00000311fff7a1d9
00000311fff7b299
0000031204203eb9
000003121a212659
00000312364ad5f9
00000312969a9a19
00000312c2f702f9
00000312c2f70399
00000312c2f70a59
00000312c2f71f99
00000312c2f77c19
00000312c2f787f9
00000312c2f789b9
00000312c2f7ed59
00000312dc3b18d9
00000312de7dbd39
00000313445c3179
00000313445c45f9
00000313723f02f9
00000313723f1339
00000313723f24b9
000003137ae3fe99
00000313885cafb9
00000313885cb059
00000313885cb739
00000313885cc0f9
00000313885d0859
00000313a3192319
00000313a3194a79
00000313a319b8b9
00000313beb00eb9
00000313beb02179
00000313d83bc019
00000313eced6c39
00000313eced7399
00000313eced80b9
00000313ecedac59
00000313eeff6b99
00000313eeff77f9
00000313eeff7b99
00000313eeffd399
00000313f545a159
000003140c202b99
000003140fe19719
0000031412dcfb19
000003141db62119
000003143f975e39
000003147231e919
000003148b370799
00000314cb6faa19
00000314ea972d59
00000314ea972df9
00000314ea9734b9
00000314ea975db9
00000314ea978139
0000031505571f19
00000315420322f9
0000031542032a79
00000315420335b9
0000031555c19279
0000031572cb5f19
0000031572cb6679
0000031572cb6e79
0000031572cb7159
0000031572cb71d9
0000031572cb7399
0000031572cbc219
000003158f7048b9
00000315948e59b9
0000062b58d04761
0000000000f47b71
0000000000000181
00000315b1f821f9
00000315f61099d9
00000315fefce119
00000315fefcf219
0000031610b55939
0000031610b559b9
0000031610b56a79
000003163019de19
00000316434270b9
00000316562e4419
00000316562e5879
00000316562eba39
000003165ecae8b9
0000031670608bf9
0000031670618cf9
0000031679733a59
0000031679733af9
0000031679733d19
00000316797341b9
0000031679734df9
0000031679735019
00000316797353b9
0000031679736359
0000031679737559
0000031679737af9
00000316a3653599
00000316aa046919
00000316aa049259
00000316aa04a7f9
00000316aa04b2f9
00000316aa04b9b9
00000316aa050899
00000316aa050919
00000316aa050fd9
00000316d2c3e719
00000316d2c45919
00000316dde70e19
0000031722641e39
0000031722647339
00000317226475f9
000003172c2f14d9
000003178c62e3d9
000003178c62f3d9
000003178d6366b9
00000317a25b12f9
00000317af3465b9
00000317d7400d99
00000317d7401e39
00000317d74095d9
00000317dc9c9819
00000317f61e86f9
0000031806347499
0000031806347519
0000031860b4d939
0000031898b55379
0000031898b55439
0000031898b554b9
0000031898b55af9
0000031898b56399
0000031898b567f9
0000031898b56899
0000031898b56f59
0000031898b57859
0000031898b57919
0000031898b57cb9
0000031898b58c39
0000031898b5a099
0000031898b5b039
0000031898b5bdb9
0000031898b627f9
0000031898b62ab9
0000031898b636b9
0000031898b637b9
0000031898b64639
00000318bea166f9
000003190abb5459
000003190abb5bb9
000003190cd74299
000003190cd749f9
000003190cd76859
0000031936136a19
000003199fd03b39
00000319ca6f9099
00000319ca6f9d39
00000319e171e999
00000319e94c9719
0000031a23ded239
0000031a33304539
0000031a48832579
0000031a9cf235f9
0000031a9e0a3019
0000031add68a119
0000031aef006179
0000031b3aaac0f9
0000031b666799f9
0000031b66679b99
0000031b6667a159
0000031b7d424fb9
0000031baadd9df9
0000031baaddaef9
0000031bf793daf9
0000031bfc1de8f9
0000031bff620399
0000031c15aa4b39
0000031c15aa5199
0000031c764dbed9
0000031c764dd0f9
0000031c764dd1f9
0000031c764de659
0000031c7afcbe19
0000031c9d860639
0000031c9d861339
0000031cbfd01479
0000031cbfd02939
0000031cd636f4d9
0000031cd6a35019
0000031d04453899
0000031d04454999
0000031d04455179
0000031d04455839
0000031d04455899
0000031d044559f9
0000031d04458059
0000031d0445b499
0000031d21bb1b39
0000031d6bb1ba59
0000031d6bb1ccb9
0000031d7a5992b9
0000031d7a5a0659
0000031d7c58ee19
0000031d9fab8619
0000031d9fab8699
0000031d9fab87d9
0000031d9fabf819
0000031d9fabf8b9
0000031d9fabf8f9
0000031d9fac0899
0000031d9fac0bb9
0000031d9fac1019
0000031d9fac1a99
0000031d9fac4639
0000031d9fac9359
0000031d9facbbb9
0000031dbc5f35d9
0000031dbc5f3659
0000031dbc5f3f59
0000031dbc5f4519
0000031dbc5f5399
0000031dbc5f9eb9
0000031dbc5fc059
0000031dbc603f19
0000031dec27d599
0000031e15fbdd59
0000031e2381f7b9
0000031e38f2c719
0000031e408e58f9
0000031e408e6bf9
0000031e510799d9
0000031e5e267a39
0000031e5e267ad9
0000031e5e268199
0000031e6e1d7279
0000031e6e1de499
0000031ea5120c19
0000031ea5120dd9
0000031ea5121c99
0000031ecc754999
0000031ecc75a339
0000031ecc75e159
0000031ecc75f8d9
0000031ee0b82f19
0000031ee0b87e99
0000031ee0b87f19
0000031ee0b88059
0000031ee0b89af9
0000063df93b3d61
0000000000f47b71
0000000000000181
0000031f1f67a759
0000031f760c3739
0000031f775c4299
0000031fa2b57fb9
0000031fa2b59119
0000031fa2b59df9
0000031fa2b59f99
0000031fb298ea19
0000031fb298f179
0000031fb822a5b9
0000031fb822e759
0000031fce142b59
0000031fce142d39
0000031fce14b059
0000032011cc7539
0000032011ccf279
0000032011cd38f9
000003201bb0eb99
000003201bb0fa59
000003201bb0fb79
000003201bb0fd59
000003201bb130b9
000003201bb14599
000003204503d499
000003204503d539
000003204503dc19
0000032045043d19
000003206fedabf9
000003207ff896d9
00000320a4719b99
00000320ae14bc99
00000320ae14ca19
00000320ae14d199
00000320ae14da79
00000320ae1506f9
00000320ae153bf9
00000320d2f83079
00000320d2f837d9
00000320d2f841d9
00000320d2f842b9
00000320d2f84999
00000320d2f85759
00000320d2f866d9
00000320d2f8a1d9
00000320d2f8a719
00000320e369ccd9
00000321091aacb9
00000321091b2e79
000003210bdb53b9
000003210bdb5579
0000032140380a39
00000321434a1499
000003218dc5e7f9
00000321a3637279
00000321a3637dd9
00000321a3637fd9
00000321a3638339
00000321a36399d9
00000321a363dd59
00000321b223d039
00000321b223e0b9
00000321b223eff9
00000321b2246f99
00000321b2248619
00000321c75494f9
00000321e074c859
00000321eb30d0f9
00000321eb30d1b9
00000321eb30d879
00000321eb30df79
00000321eb30e019
00000321eb30e479
00000321eb30ecf9
00000321eb312ed9
00000321eb3148b9
00000321ecfcf639
00000321f4548659
00000321f45486d9
00000321f4549519
00000321f454a119
00000321f454a839
00000321f454ecf9
00000321f7b4b7b9
0000032219df2bb9
0000032219df2c59
0000032219df3b79
0000032219df4c19
00000322459e6679
00000322459e7d39
00000322459e8f59
000003224f6208f9
000003227f7905f9
000003228e567f79
000003228e569319
00000322c2f13d19
00000322d594f619
00000322d594fd79
00000322deee65b9
000003231da41559
000003235b06d939
000003242cd74ef9
000003242cd74f99
000003242cd74fd9
000003242cd75679
000003242cd76039
000003242cd76379
000003242cd77399
000003242cd77419
000003242cd777b9
000003242cd77d59
000003242cd78579
00000324387656f9
000003245ba53b39
0000032490c1b419
00000324a0c0cd39
00000324ba3e6a59
00000324fb1b5b79
00000324fd80b459
00000324fd80e499
00000324fd80f759
000003259b92f119
00000325a7e1cab9
00000325a862aad9
00000325af7bf239
00000325bd1da799
00000325bd1daf19
00000325bd1dd8d9
00000325bd1dfe59
00000325be646179
00000325be647159
00000325ffa5cfb9
000003269b463719
000003269b4648d9
000003269b464959
000003269b465039
000003269b465d79
000003269b4662f9
000003269b467b39
000003269b46a479
00000326abca7db9
00000326abca7e39
00000326abca8519
00000326abca9099
00000326abcaa859
00000326abcabb39
00000326abcabef9
00000326abcac099
00000326abcad7b9
00000326abcae539
00000326abcaebb9
00000326abcafbb9
00000326abcb10d9
00000326b368db59
000003271b758eb9
0000032723165a19
000003272bfce899
00000327876255d9
0000032787625779
0000032787626819
0000032787626a59
000003278762e879
000003278762e8f9
0000032787634c19
0000032787636199
0000032787636379
0000032787637e59
00000327876390f9
000003279e49b1d9
000003281d882519
0000032826e976d9
00000328395287d9
0000065099a63461
0000000000f47b71
0000000000000181
0000032870d02299
00000328852fe659
00000328852ffcd9
00000328852ffdb9
00000328853000f9
0000032885301c59
0000032885305ff9
0000032885306f79
0000032885307879
000003288530a779
000003288530ce19
00000328bde60a59
00000328bde64039
00000328bde65059
00000328bde650f9
00000328bde657b9
00000328bde65ff9
000003292660ec39
0000032941f7a7f9
000003294c669359
000003294c669ab9
000003294c66a339
000003294c66b1d9
000003294c66ff19
000003294c6704b9
0000032962053279
000003297d29e039
000003297d2a4479
000003299a6afdf9
00000329a34c8ad9
0000032a109b0359
0000032a109b1559
0000032a27bac819
0000032a27badb19
0000032a760c3d19
0000032a8312e7b9
0000032a9f1f5b99
0000032a9f1f7179
0000032a9f1f78d9
0000032ac0cf1d39
0000032ac0cf1db9
0000032ac0cf2499
0000032ac0cf2b19
0000032b0dff7e79
0000032b0dff8bb9
0000032b0dffcf39
0000032b0edf60f9
0000032b2cd57c19
0000032b341b5919
0000032b341badf9
0000032b34a4d699
0000032b34a4de19
0000032b34a578d9
0000032b85784f39
0000032b8e54c4b9
0000032b8e54d459
0000032b8e551f39
0000032ba62bf4b9
0000032bb916fc39
0000032bcf745199
0000032bcf746779
0000032bcf747519
0000032bcf74d859
0000032bcf74e459
0000032bcf74e9d9
0000032bcf750799
0000032bf4471979
0000032bf44720f9
0000032bf4472919
0000032bf4476d19
0000032c44363c59
0000032c580d0ef9
0000032c580d9479
0000032c580d9bf9
0000032c580da9b9
0000032c7aea10f9
0000032c9c568fb9
0000032c9c5692b9
0000032c9c569719
0000032c9c569e19
0000032ce91fadf9
0000032cee6e3a79
0000032d15bd6739
0000032d49405459
0000032d5314c339
0000032d9a10ebf9
0000032da6f862d9
0000032de86e2c59
0000032de86e33b9
0000032de86e3db9
0000032de86e4339
0000032de86e4a99
0000032de86e4b59
0000032de86eb559
0000032de86eb779
0000032de86eceb9
0000032e0d9040b9
0000032e0d905419
0000032e1b7d74d9
0000032e1b7d8859
0000032e26ed2159
0000032e37d3f079
0000032e39b75799
0000032e39b7bbf9
0000032e5ad809b9
0000032e663057b9
0000032e73f24399
0000032ee85af539
0000032f36350a19
0000032f36350c59
0000032f36351bb9
0000032f47556599
0000032f582a08b9
0000032f645ef299
0000032fa92c1159
0000032fabdb60d9
0000032fabdb6279
0000032fbf5d3979
0000032fbf5d4299
0000032fbf5da8f9
0000032fd34bd4d9
0000032fe23c93f9
0000032fe23ca819
0000032fe6d05d59
0000032ff76c04b9
0000032ff76c4279
0000032ff76c5299
000003301b6f7b99
000003301b6f8f19
000003301b6f9f19
000003302a9e5059
0000033037679439
00000330655c3f39
00000330655c3fd9
00000330655c40b9
00000330655c4699
00000330655c5079
00000330655c51d9
00000330655c5399
00000330655c54d9
00000330655c64d9
000003306995fdb9
000003306e275ed9
000003308769e399
00000330c5d7ae99
00000330c5d7c0d9
00000330c5d81459
00000330cc21a839
000003312178b199
000003312178c579
0000033158e421f9
0000033158e435f9
000003315e3d5d79
000003317dd29659
000003317dd2a9b9
000003317dd2ac39
000003317dd2adf9
000003317dd32c19
00000331869feff9
00000331869ff099
00000331869ff759
00000331869fff39
00000331869fffd9
000006633a112b61
0000000000f47b71
0000000000000181
000003322a137679
00000332385e8d79
00000332385f2039
00000332385f20d9
00000332385f27b9
0000033256ef6979
0000033256efc659
0000033256efc719
0000033275a09e99
000003329fe758d9
000003329fe77a79
00000332a07ce239
00000332bec11699
00000332e14334b9
00000332e3a21479
00000332e3a22759
00000332f1a09639
000003334cc7ad59
00000333599711d9
000003337f7fa0f9
000003337f7fb499
000003337f7fb519
0000033382cddf19
0000033384dbd139
00000333aec2a919
00000333aec2b079
00000333aec2b5f9
00000333aec2bc59
00000333aec31419
00000333f8a1b879
00000334dedc9ad9
00000334fd531759
0000033506e66539
000003351336f679
00000335171f65f9
0000033519d96e19
000003353b470b79
000003353b470bf9
000003355f4ba1d9
000003356c687459
00000335741e5b59
000003359403d139
000003359403e159
00000335940480b9
00000335a2024639
00000335a5e9a519
00000335dc5faed9
00000335e196ce19
00000335e196ced9
00000335e196d039
00000335e196d599
00000335e19746f9
00000335f194c239
00000335f194d919
000003368e1082d9
00000336e9da4179
00000336f3e4a099
00000336f3e4ae99
00000336f3e4c859
00000336f3e4c8d9
00000336f3e4c919
00000336f3e4cfb9
00000336f3e4d5d9
00000336f3e4dc39
00000336f3e4ecd9
00000336f3e53999
000003374e84a979
000003374e850cd9
000003375e259499
000003375e25a499
000003375e25b679
00000337649fd2d9
00000337649fe959
00000337649ff119
000003376a590cf9
000003376a591ef9
000003376a592679
000003376a592719
000003376a592bf9
000003376a593099
000003376a593899
000003376a5956b9
000003376a596f19
000003376a598af9
000003376a599c99
000003379283e299
00000337c4aab4b9
00000337c4aab539
00000337c4aac599
00000337c4aac739
00000337dbd379f9
00000337dbd38159
00000337dbd38a99
00000337dbd38db9
00000337e56a9a59
00000337fdbfc819
00000337fdbfcf79
000003380aff3a19
000003380aff3bb9
000003380aff4b19
000003380aff51d9
000003380affa6b9
000003380affb7f9
000003380affb899
000003380affbf79
000003380afff479
000003382ee14f79
0000033848f7eff9
00000338a65a1679
00000338cdf35539
00000338de63ffd9
00000338de640079
00000338de640759
00000338de640ed9
00000338de6422b9
00000338de643619
00000338de643879
00000338de646779
000003390d1a7b79
000003390d1ad979
000003390d1ae9b9
000003391b353d39
000003391b353dd9
000003391b3542b9
000003391b359dd9
000003391b35b1b9
000003391b3618f9
000003391b362979
0000033992bd5cd9
0000033992bd7359
0000033992bd8479
00000339ab96b479
00000339ab970a99
00000339db708739
00000339e3e2a6f9
00000339e3e2ae79
00000339e3e2b6b9
00000339e3e2b759
00000339e3e2be39
00000339e3e2f5b9
00000339e3e30539
00000339e3e305d9
00000339e3e33079
00000339e3e395f9
0000033a107efb99
0000033a107f75b9
0000033a107f8599
0000033a107f86d9
0000033a1ad43199
0000033a44251639
0000033a44251dd9
0000033a44252719
0000033a44252f19
0000033a44253439
0000033a44254039
0000033a44257899
0000033a442589f9
0000033a44258b79
0000033a44259f59
0000033a4425c659
0000033a4425cad9
0000033a4425cdb9
0000033a44261399
0000033a71ee7d39
0000033acfb09a79
0000033acfb09af9
0000033acfb0a1d9
0000033acfb12239
0000033acfb122b9
0000033acfb12979
0000033acfb12a19
0000033acfb12e39
00000675da7c2261
0000000000f47b71
0000000000000181
0000033b5c3aca59
0000033b70cbfad9
0000033b70cc0c59
0000033b778f3399
0000033ba78bfd59
0000033ba78c04b9
0000033bd1ef2539
0000033bf1422839
0000033bf1422d99
0000033bf14293d9
0000033c1003fc39
0000033c10040f39
0000033c2af26199
0000033c5d809c79
0000033c5d80ad99
0000033c5d816219
0000033ccc06d339
0000033ccc076239
0000033ccf2b7f79
0000033cdf0b99d9
0000033cdf0bb839
0000033cdf0bd0f9
0000033d02e50dd9
0000033d141e9479
0000033d141ea579
0000033d28c40379
0000033d3fc2cf19
0000033d3fc2cf79
0000033d740bcbf9
0000033d7a9522d9
0000033d7a952a39
0000033d7a956119
0000033d7a9561b9
0000033d7a956879
0000033d7a957339
0000033d7a957d39
0000033d7a95ab79
0000033d7a95c819
0000033de6e8db59
0000033de6e8eb99
0000033de6e95b59
0000033defd2e8f9
0000033e13139cf9
0000033e1313a479
0000033e1313fad9
0000033e13140d79
0000033e13140e19
0000033e131414f9
0000033e13141af9
0000033e13141f99
0000033e13147659
0000033e1c3a6e19
0000033e1c3add39
0000033e21637179
0000033e21637359
0000033e216374f9
0000033e216378d9
0000033e21638059
0000033e216383f9
0000033e21638579
0000033e21638759
0000033e21638cd9
0000033e2163cb19
0000033e2163cb99
0000033e2163cfb9
0000033e2163d339
0000033e54baac59
0000033e54bab3b9
0000033e54babc79
0000033e6247e7f9
0000033e6247fb39
0000033e7e771219
0000033e7e771299
0000033e7e772819
0000033eb757f179
0000033ebd09deb9
0000033f08e5c0b9
0000033f08e5cc59
0000033f0aaad499
0000033f11da65f9
0000033f810229b9
0000033f9e95d099
0000033faa4f3079
0000033faa4f89b9
0000033fcbb9a339
0000034001fdddf9
0000034026bccb99
0000034026bd39f9
0000034026bd9399
000003404992f499
000003404992f619
0000034049935d79
00000340603988d9
000003407ecedd39
000003408a7e81b9
0000034099190a59
0000034099192219
0000034099199b79
00000340a7f89019
00000340a7f89779
00000340a7f8c459
00000340bbc6ab19
00000341117d8a19
00000341117d9f59
00000341117dafb9
00000341117de7f9
00000341117dfb99
000003411ddb2079
000003411f2cdf99
00000341221d1579
00000341223f75d9
00000341223f8b79
00000341223fa0d9
00000341223faed9
00000341223faf59
00000341223fb779
000003416667c7d9
000003416667cf39
00000341666800d9
00000341691c57f9
00000341691c6779
00000341691c6e59
00000341691c75b9
00000341860152b9
0000034186015359
00000341a6d65699
00000341a6d65df9
00000341a6d66339
00000341a6d66779
00000341a6d66959
00000341ae61a5d9
00000341b6363459
00000341b63634f9
00000341b6363bb9
00000341b6364279
00000341b6367c79
00000341b636a1b9
00000341de749019
000003422ca8d659
000003423c4fca19
000003424ff4b7f9
0000034271398839
0000034271398f99
0000034271399a99
00000342ba0329d9
00000342e8e41e59
00000342e8e41ff9
00000342e8e444b9
00000342fe58b399
00000342fe58c579
000003430ca4af79
000003431b2bc7f9
0000034329200b99
000003437d3d2159
000003439c9cd2d9
000003441fdc7299
000003441fdc79f9
000003441fdc82b9
000003441fdcae19
000003442eb8d519
000006887ae71961
0000000000f47b71
0000000000000181
0000034452db78f9
00000344553e05f9
00000344ae9143d9
00000344b85bb5b9
00000344b85bb659
00000344b85bc699
00000344b85bd2f9
00000344b85c2419
00000344bb5347f9
00000344d40aa4f9
000003452bbe9219
000003455ca60c59
000003455ca62359
000003458a270a59
000003458a270af9
000003458a2711b9
000003458a271eb9
00000345bac64ef9
00000345c7fe59d9
00000345c7fe5b99
00000345c7fe6139
00000345c7fe6699
00000345c8b3ce59
00000345c8b3d5b9
00000345c8b44219
00000345da6b0079
00000345da6b0219
00000345da6b7299
000003462e0dd159
00000346409bea99
00000346409beb19
00000346409bf1f9
00000346409c4299
00000346409c43d9
0000034654388c79
00000346579fd1d9
00000346977880d9
00000346977890b9
000003469778a0b9
000003469778a2d9
00000346a3c60bd9
00000346fcf750f9
000003471b3e5d59
000003471b3fb559
0000034764fdf759
0000034764fe0c79
0000034764fe10d9
0000034766d03c39
0000034766d03cd9
0000034766d04399
0000034766d088f9
0000034766d09e19
00000347854837d9
000003479609b099
00000347fb5b5ad9
00000347fb5b6d99
00000347fbb2a9f9
000003481388c039
00000348164eab99
00000348347dd6f9
00000348347df919
00000348347e34f9
00000348347e7559
00000348383b3979
00000348383b4bd9
000003484df76039
000003484df77599
00000348910947b9
00000348c5a340f9
00000348d9660df9
00000348ed485079
0000034918f1b479
0000034928802ed9
0000034928808a79
0000034928809e79
00000349722a1bf9
0000034979e33e99
0000034986b40f39
00000349ad5e6d59
00000349ad5e85f9
00000349c1229879
00000349c1229fd9
00000349c122a0f9
00000349c122a679
00000349c122add9
00000349c122f3f9
00000349c122ffd9
00000349c12374b9
00000349c9c70199
00000349c9c70e39
00000349c9c714b9
00000349c9c756f9
00000349f1e47b19
0000034a256dbc19
0000034a68c3cd59
0000034a68c3ceb9
0000034a68c3d4b9
0000034a68c3e2f9
0000034a68c40019
0000034a68c40099
0000034a68c400d9
0000034af0582539
0000034b19aa1719
0000034b808879b9
0000034b86c13979
0000034bcca3f639
0000034bcca3fef9
0000034bcca41159
0000034beb86e079
0000034beb86e119
0000034beb86e7f9
0000034beb86f0f9
0000034beb870839
0000034beb8708b9
0000034beb874099
0000034beb8745f9
0000034beb878279
0000034beb878cd9
0000034beb87ba39
0000034beb87d8d9
0000034beb87df59
0000034beb87f819
0000034beb882c59
0000034c0c408b39
0000034c0c4092b9
0000034c0c40cab9
0000034c29ee1ad9
0000034c29ee1b59
0000034c29ee2239
0000034c2e1dc059
0000034c2e1dc7b9
0000034c2e1dd039
0000034c2e1dd3f9
0000034c2e1e0879
0000034c5848a339
0000034cba5fb339
0000034cba601279
0000034d069e92b9
0000034d069ea9f9
0000034d1fd458d9
0000034d4ffd9ef9
0000034d7f05ef19
0000034d7f060299
0000034d7f0664d9
0000069b1b521061
0000000000f47b71
0000000000000181
0000034dd03b0179
0000034e03b74639
0000034e03b757b9
0000034e03b76679
0000034e03b77799
0000034e03b77899
0000034e03b77a59
0000034e03b77c39
0000034e03b783b9
0000034e03b78d59
0000034e03b795f9
0000034e03b79699
0000034e03b7cf39
0000034e03b7dd59
0000034e03b7e559
0000034e03b7ed99
0000034e260b3fb9
0000034e366a6b99
0000034e366a6c39
0000034e366a72f9
0000034e5afb4579
0000034ee5d965d9
0000034ef07dedd9
0000034ef07e58f9
0000034f54ba1699
0000034f5cfd28f9
0000034f5cfd3019
0000034f5cfd41d9
0000034fa112e1b9
0000034fa11304d9
0000034fdc54f239
00000350125dcef9
0000035024f46159
0000035050bb8519
0000035070c17139
00000350aa3ea579
00000350aa3f1679
00000350b50bdb59
00000350c9fb5199
00000350caada8b9
00000350d1463359
00000350e5741939
00000350eb5f5c19
00000350f75010b9
00000350f7501259
00000350f75019d9
00000350f7502359
00000350f75023f9
00000350f7508519
00000350f75096f9
0000035102ac5139
0000035102ac6419
0000035102ac9eb9
0000035102acaf59
0000035102acb159
0000035102acb6f9
0000035102acc899
0000035102acd3d9
0000035102acd899
0000035102ace619
0000035102aced19
000003517be68399
00000351d3d28e39
00000351e1b89879
00000351e1b89ff9
00000351e1b8a859
00000351e1b8ab39
00000351e1b8b059
00000351e1b8be79
000003527b279519
000003527fa00759
00000352b1115719
00000352b1a12b59
00000352b90e5af9
00000352cfda1959
00000352cfda20b9
00000352cfda2d79
00000352d9801299
0000035307001439
00000353865a9a19
00000353865b1ab9
00000353e5deb8d9
00000353e5ded599
00000353e5def879
00000353e5df09b9
00000353e8a726d9
00000353e8a73bb9
00000353f741d1b9
00000353f741e5d9
000003541393b7f9
00000354533079f9
0000035453308e39
0000035453309dd9
000003548bfdfff9
00000354964b4c59
00000354dbfbd519
0000035517cd2df9
0000035517cd3579
0000035517cd3b19
0000035517cd3bb9
0000035517cd4299
0000035517cd4d59
0000035517cd7e59
000003554701a319
000003557f09c9d9
000003559a189fd9
00000355a715b7b9
00000355a7701bd9
00000355b9aed079
00000355bb2451f9
0000035656798c79
00000356567993d9
000003565679a4f9
000003565679a959
000003565679b659
000003565679b939
000003565679e699
000003565679f719
0000035661803579
000003566480db59
000003566480e499
000003566480ec79
000003566480fa19
00000356648101d9
0000035664813a79
0000035664816639
000003566730f699
000003566730fe19
00000356673103b9
0000035667310599
0000035667315ab9
000003566a4dca59
00000356d47d3459
000006adbbbd0761
0000000000f47b71
0000000000000181
000003570b1f7c19
000003570b1f8399
0000035733eea2f9
00000357592ea559
0000035789aa5279
0000035789aa62f9
00000357d5b8e119
00000358264f8fd9
000003583517e819
000003584c7514f9
000003585485d899
00000358548633d9
0000035857d819f9
0000035857d82c19
0000035857d83399
0000035857d83b99
0000035857d83c99
0000035857d83dd9
0000035857d83f39
0000035857d84119
0000035857d845d9
0000035857d8c019
000003588f3e6cd9
00000358907ff7b9
00000358907ff979
000003589c774b59
00000358bfa3bd19
00000358cb3d0c99
00000358d8c26839
00000359120cdbb9
000003591270b739
000003591754fa19
0000035921c81159
0000035921c87c99
0000035921c88659
0000035923dcdcf9
0000035923dcee99
0000035928eaff39
0000035937b3ec19
0000035937b3f8b9
00000359bc2800d9
0000035a22233a39
0000035a457c8c59
0000035a457c9019
0000035a4fe28eb9
0000035a60156db9
0000035a60156f79
0000035a8d003c19
0000035a8d008a59
0000035a8d0096d9
0000035a8d009779
0000035a8d009e39
0000035a8d00e639
0000035a8d00ff99
0000035a8d0136d9
0000035a8d017f99
0000035a9998d839
0000035a9998df99
0000035a9998e1d9
0000035a9998eb39
0000035a9998fe59
0000035a9998fed9
0000035a999905b9
0000035a99991a39
0000035a99992d79
0000035a99994479
0000035a99995719
0000035a9999d279
0000035aaa933719
0000035abde94259
0000035abde954d9
0000035ac7edabd9
0000035ac7edac79
0000035ac7edb359
0000035ac7edeb39
0000035afd787e79
0000035afd78fa79
0000035afd790c59
0000035b02543559
0000035b084efd99
0000035b1fa17fb9
0000035b2a4f0c59
0000035b3e5f8359
0000035b3e5fcaf9
0000035b5e7a6fb9
0000035b5e7a81d9
0000035b645c2f19
0000035b720dd759
0000035b720deef9
0000035b720df279
0000035b720e0e59
0000035b720e15d9
0000035b720e1af9
0000035b720e2179
0000035b720e47f9
0000035b720e59b9
0000035baa58f4b9
0000035bbac2e159
0000035bcc5e3259
0000035bcc5f1779
0000035bcc5fa399
0000035c0a38ad19
0000035c2c0d17d9
0000035c478dc379
0000035c7972a5f9
0000035c79730559
0000035cc720f579
0000035cc7215719
0000035cc7216a79
0000035cd2ac7dd9
0000035ceb9b4a59
0000035d137a80f9
0000035d137a91f9
0000035d137ad6f9
0000035d137adc79
0000035d2640c7f9
0000035d2640c899
0000035d2640cf59
0000035d2640d939
0000035d26411b59
0000035d66d954d9
0000035d66d967f9
0000035d69f9fcb9
0000035d6f95bbf9
0000035d9fa09499
0000035d9fa0a979
0000035da7cd6ff9
0000035da7cd70b9
0000035da7cd7339
0000035da7cd7779
0000035da7cd7e79
0000035da7cd7fd9
0000035da7cd87b9
0000035da81d19f9
0000035ddb96c519
0000035ddb96cc79
0000035ddb96ce99
0000035ddb96d979
0000035ddb96ea99
0000035ddb9737d9
0000035ddb973879
0000035ddb973f39
0000035ddb974ef9
0000035ddb975ad9
0000035ddcf1fe59
0000035e2cfd0f99
0000035e2cfd1f79
0000035e2cfd1ff9
0000035e2cfd2039
0000035e2cfd26d9
0000035e2cfd31b9
0000035e2cfd33b9
0000035e2cfd60f9
0000035e2cfd9199
0000035e6b626239
0000035eaed68eb9
0000035eaed76c39
0000035eb2085ff9
0000035f3bcd1479
0000035f67a7a239
0000035f72540139
0000035f7cbaaf39
0000035fa29f1b79
0000035fa3e10319
0000035fa3e10399
0000035fa3e104d9
0000035fa3e11339
0000035fbccb5cf9
0000035fbccb8c39
0000035ff7ae63d9
0000035ffa1b8eb9
0000035ffa1b92b9
0000035ffa1bab19
0000035ffa1bf4d9
0000036007c43fd9
0000036007c4c7b9
000006c05c27fe61
0000000000f47b71
0000000000000181
00000360370fba39
000003605580f239
000003609f8f3c59
000003609f8fabb9
000003609f8fc059
000003609f8fc0f9
000003609f8fc7b9
00000360bf8462d9
00000360dd544139
00000360ee74ed39
00000360ee74fa39
00000360ee7502d9
00000360ee753db9
0000036112656ff9
0000036116806219
000003611e9ba4f9
0000036129f771d9
0000036141c11459
00000361cb993f59
00000361cb993ff9
00000361cb9946d9
00000361cb99abf9
00000361ccf411f9
00000361ccf48359
0000036224df7819
00000362379cc0d9
000003625b8079f9
00000362cc24c779
00000362cc24c819
00000362cc24c979
00000362cc24cef9
00000362cc252ff9
00000362d188cfd9
00000362d188d079
00000362d188d759
00000362d188e2b9
00000362d188f3d9
00000362d1890b39
000003633c547019
000003634973ef59
00000363d666bd79
00000363d666d3b9
0000036475c5b339
0000036475c5b3d9
0000036475c5ba99
0000036475c5c239
0000036475c62039
0000036475c620d9
0000036475c627b9
000003647f7eab39
0000036494ae3079
00000364bf562c19
000003650d25b7b9
0000036516967419
0000036530fe3919
000003653acbcdf9
0000036575d5af59
00000365773b3d99
00000365773b3e59
0000036592767cb9
0000036592768439
0000036592768f59
0000036618ea3079
000003662ca7a519
000003662ca7e6f9
000003662ca85259
0000036638ed5b39
000003664a180b79
000003664a180c19
000003664a1812f9
000003664a186bd9
0000036653720c19
00000366a4816859
00000366a7e0ee19
00000366a7e0ee99
00000366a7e10179
00000367039a1e99
00000367039a94f9
0000036720aa5f59
000003676e915159
000003676e9151d9
000003676e91a5b9
000003676e91b699
000003676e91ec59
000003677ce29c19
00000367898d8019
00000367898d80b9
00000367898d81d9
00000367898d8799
00000367898d8d99
00000367898d8e19
00000367898d90d9
00000367898d94f9
00000367898d9979
00000367898da599
00000367bd8b6a59
00000367bdb38a19
00000367e38e0319
00000367e91b5b59
000003685e2ad879
000003685e2adff9
000003685e2b5099
0000036865b6fc19
0000036865b70c39
000003686fd1add9
000003686fd1bfd9
000003686fd1ce99
00000368c22fecf9
00000368ce8d19b9
00000368d9a21c19
00000368f75eb6b9
00000369676cb199
0000036975895df9
000006d2fc92f661
0000000000f47b71
0000000000000181
000003699d447319
00000369c61f3e19
00000369c61f4599
00000369c61f4db9
00000369c61f5099
00000369c61f7e19
00000369cc5c0079
0000036a8a1d23b9
0000036aa6543e99
0000036ac6a1cb99
0000036ac6a1ebf9
0000036acc441279
0000036b11a57099
0000036b20497499
0000036b20497519
0000036b6653e099
0000036b9f65eef9
0000036b9f65fcf9
0000036bb4086699
0000036bb4087699
0000036c1bcbc0f9
0000036c42b43139
0000036ca8e32b39
0000036ca8e34359
0000036ca8e35359
0000036ca8e353d9
0000036cf740c379
0000036d4a6bf7f9
0000036d8d3a7739
0000036d9a4044d9
0000036d9a404539
0000036d9a409e59
0000036d9bbfc5d9
0000036d9bbfce79
0000036d9bbfd4b9
0000036d9c1bc339
0000036e06615df9
0000036e0d915819
0000036e5438c039
0000036e7d5dfdb9
0000036ec1211cd9
0000036ecacb2019
0000036ecacb3399
0000036f0819bc79
0000036f0819cbf9
0000036f0819d059
0000036f081a2a79
0000036f1a423ff9
0000036f1a424779
0000036f1a42c0d9
0000036f1a42d039
0000036f44e5ef59
0000036f720a7df9
0000036fa7437f99
0000036fb1c08ff9
00000370051e54f9
000003700dc1ed99
000003700dc20379
000003700dc23cd9
000003705277a7b9
000003705d409ad9
000003705d40f6b9
000003707f969c59
0000037080cb6879
0000037080cb7bb9
000003709d8864d9
00000370da27e4f9
0000037154c1d5f9
000003719cb0d759
00000371cd8fb379
00000371cd8fb3f9
00000371da05a9d9
0000037231825019
0000037231826bb9
000003723182bad9
000003723182bd19
000003723b1ba419
00000372b9562f99
00000372b9563019
00000372b95636f9
00000372b9564259
00000372b95642f9
00000372b9564959
00000372b95691d9
00000372b9569a59
00000372b956b259
00000372b9571059
00000372b95766f9
00000372c76d0079
000006e59cfded61
0000000000f47b71
0000000000000181
00000372d991e059
000003730fb2f1d9
000003730fb301b9
000003732aa46fd9
000003732e513359
000003732e5146f9
0000037337b31499
0000037337b36499
000003736c7ac8f9
000003742a84c899
00000374655999f9
000003746559ee99
00000374a8fbf519
00000374a8fbf5b9
00000374a8fbfc79
00000374a8fc06d9
00000374a8fc09f9
00000374a8fc0eb9
00000374a8fc4259
00000374a8fc5a59
00000374a9572599
00000374d67e6a39
00000374d67e7199
00000374d67e78d9
00000374ed1249d9
00000374f4252f19
00000374f8d94199
00000374f8d94359
00000374f8d95679
000003750d2679f9
000003751733a159
000003751733a1d9
0000037547322cb9
00000375791a91f9
00000375791a92d9
00000375923d93b9
00000375923e36f9
00000375923e3df9
000003759fccfb59
00000375b5aa0c99
00000375e7247139
00000375fb4078f9
0000037681d98bb9
00000376873b5879
00000376873b61d9
00000376873b72f9
00000376873b8799
00000376bd7fd759
00000377045350d9
0000037706edaaf9
000003770f100919
000003770f101ed9
000003770f101f79
000003770f102639
000003770f103e39
000003770f103ed9
000003770f104599
000003770f104859
000003770f105039
000003770f1054f9
000003770f10cd19
000003770f10cdb9
000003770f10d499
00000377260ad979
0000037733e0e259
00000377340e0e59
00000377340e1e19
00000377340e2079
00000377340e2179
00000377340e39b9
00000377340e7499
00000377340eb7f9
00000377340ef339
000003775de1d979
000003775de1ee59
0000037768ed4db9
0000037768edb5b9
00000377739383b9
000003777393d559
0000037773946af9
0000037773946b79
00000377813f56d9
00000377d30da199
00000377e6bbead9
000003780094f119
00000378259fd299
000003782ab5ed39
000003782ab5fe99
000003782ab5ff19
000003782ab5ff59
000003782ab605f9
000003782ab60db9
000003782ab60e39
000003782ab61079
000003782ab61519
000003782ab61639
000003782ab61cd9
000003782ab62619
000003783ea621d9
000003784b0e5bb9
000003787aa7bdb9
000003787aa7be59
000003787aa7c519
000003787aa7ce59
000003787aa7d119
000003787aa82379
000003788d64f719
00000378dca71759
00000378dca72959
0000037919e59059
000003791a5b7339
000003791a5b73b9
000003791a5bbeb9
00000379391c3759
000003794b5b2b39
000003794b5b68f9
0000037951ae7259
0000037982684f59
00000379b8ffbb59
00000379b8ffbbf9
00000379b8ffc2b9
00000379b8fff979
00000379d8ef84f9
00000379e88a0b99
0000037a215fd639
0000037a4b35f259
0000037a4b35ff59
0000037a4b361299
0000037a4b363e99
0000037a5ee07cd9
0000037a5ee08459
0000037a5ee09179
0000037a5ee09659
0000037a5ee0c8d9
0000037a73094bd9
0000037a7477d859
0000037a7477d8d9
0000037a7477d919
0000037a7477dd39
0000037a7477dfb9
0000037a7477ea39
0000037a8db98d19
0000037a92376819
0000037aa9cb64f9
0000037aa9cb6c59
0000037ab7698539
0000037ab7699519
0000037ab76996d9
0000037ac5e73e99
0000037ac5e745f9
0000037adedf5a19
0000037adedf5ad9
0000037adedf5b59
0000037adedf5c19
0000037adedf6199
0000037adedf62d9
0000037adedf7a59
0000037adedf8db9
0000037adedf9499
0000037adedf9519
0000037adedfce79
0000037adee016d9
0000037b30cfdcd9
0000037b30d064f9
0000037b8fed2559
0000037babe23819
0000037bbb77c939
0000037bf28a9eb9
0000037c02511679
0000037c0434f8f9
0000037c04350f19
0000037c04351119
0000037c04356d19
0000037c0d0f4699
0000037c0d0f4739
000006f83d68e461
0000000000f47b71
0000000000000181
0000037c2bcac699
0000037c2bcb1359
0000037c2bcb24d9
0000037c667cb7f9
0000037c723f4199
0000037c75fdea39
0000037c75fdfa39
0000037cae55b4d9
0000037cb2b9c079
0000037cb2b9d1b9
0000037cc50decb9
0000037cc50ded59
0000037cc50df419
0000037cc50dfd19
0000037cc50e2699
0000037cc50e3d59
0000037d02e401b9
0000037d262c9b59
0000037d528da599
0000037d5d2a0cb9
0000037d5d2a1f79
0000037d5d2a2219
0000037d5f68c8d9
0000037d5f68cab9
0000037d5f68d059
0000037d5f68dbb9
0000037d5f68dc79
0000037d5f68eb79
0000037dbc101479
0000037e16e058f9
0000037e16e06059
0000037e16e06299
0000037e16e06d59
0000037e16e07e79
0000037e16e082b9
0000037e16e08359
0000037e16e09d19
0000037e16e0c519
0000037e16e0f839
0000037e16e10ef9
0000037e30fc6a19
0000037e4fd75d59
0000037e4fd76539
0000037e58ecb8f9
0000037e62161079
0000037e7bcbe4f9
0000037e90d2d8f9
0000037e90d2e059
0000037e90d2ecf9
0000037ed6504b59
0000037f16808ab9
0000037f7f3d1c59
0000037f8b742f99
0000037f8b743019
0000037f8b7436f9
0000037f8b747939
0000037f8b748c19
0000037f8b748d39
0000037f9e9078f9
0000037f9e9087b9
0000037f9e908cb9
0000037f9e908d59
0000037f9e908e79
0000037f9e909439
0000037f9e909739
0000037f9e909bf9
0000037f9e90a119
0000037f9e90ec39
0000037f9e90ecd9
0000037f9e90f399
0000037f9e910bb9
0000037f9e916999
0000037f9e9171f9
0000037fca8a5f79
0000037fd8a131d9
0000037fd8a141b9
0000037fe5bc86d9
000003801bf42979
000003801bf43cd9
0000038044040559
000003804bd76bf9
000003804bd77cf9
000003804bd7b639
000003805ec22a59
000003805ec23ab9
000003805ec23b59
000003805ec23c19
000003805ec27c79
000003805ec27d19
000003805ec28a59
000003805ec28e19
000003805ec2c839
000003807f12bf39
000003809f626ab9
000003812d7e2cd9
000003812d7e3e39
000003812d7e3f59
000003812d7e8a39
000003812d7e9999
0000038138524bf9
0000038138525e19
0000038138526719
000003813852a8b9
0000038139d601b9
000003814c5c5f79
000003814c5c9999
000003814c5ca2b9
000003814c5ca619
000003814c5ce2b9
000003814c5ce359
000003814c5ce399
000003814c5cea39
000003814c5d16f9
000003817095c5f9
00000381878dc399
0000038206471119
00000382064719d9
0000038235402cf9
00000382637df859
00000382637e0c19
00000382ccc16159
000003830751c159
0000038354466e59
0000038355d300b9
000003835a0f04b9
000003835b381a39
000003835b382199
00000383631cb719
00000383631cc6f9
000003836994edb9
00000383af1c2e39
00000383c30a44b9
00000383c30aa519
00000383d3980939
00000383d39809b9
00000383d3985b79
00000383e8e296f9
00000383e8e29e79
0000038440d69379
0000038456c6a679
000003847124bef9
0000038481c6fb79
0000038481c770b9
00000384b6155ad9
00000384b6155b79
00000384b6156239
00000384b6156939
00000384b6157f99
00000384e5bd7db9
00000384e5bd7e59
00000384e5bd8519
00000384e5bd8c99
00000384fcbf21d9
0000038520587f19
000003852a2f2e19
000003853542a939
000003853542b9f9
000003853542ba99
0000038561336ed9
0000038566ce6519
0000070addd3db61
0000000000f47b71
0000000000000181
00000385aaa84cd9
00000385aaa89379
00000385b3f960f9
00000385b3fa0899
00000385b3fa0919
00000385b3fa1779
00000385b3fa1859
00000385b3fa1ab9
00000385b3fa1b59
00000385b3fa5419
00000385b3fa6999
00000385ce8ddd39
00000385ce8e1a19
000003861b168699
00000386cf072b19
00000386cf072bb9
00000386cf073279
00000386cf073cd9
00000386cf073ff9
00000386cf0767f9
00000386eccd5259
00000386f2f36319
00000386f2f37299
000003878a9dcd79
000003878a9dd4d9
000003878a9de3b9
000003878a9e32b9
00000387ad851219
00000387ad851979
00000387f6528c99
00000387f6528d39
00000387f6529419
00000387f6529f59
00000387f652a039
00000387f652dc19
000003883b5a4f79
000003883b5a4ff9
000003883b5a56d9
000003885f16fe19
00000388a1af89d9
00000388e0ff2ff9
00000388e0ff3759
00000388e0ff40f9
00000388e0ff5459
0000038934578519
000003897fc6b2b9
000003898365bc59
000003898365cd99
0000038987cceff9
0000038987ccfe99
0000038987cd6759
00000389cb849959
00000389cb84a0b9
00000389cb84abd9
00000389fb102a19
00000389fb103dd9
00000389fb5e1999
00000389fb5e20f9
00000389fb5e2af9
00000389fb5e3279
0000038a3f072459
0000038a4ed9b319
0000038a73dc4d39
0000038a86117f99
0000038b2fab1e59
0000038b2fab32d9
0000038b2fab4cd9
0000038b3635d759
0000038b363635d9
0000038b9f9d5439
0000038bc5ab1679
0000038bc5ab1859
0000038becc3a879
0000038becc3afd9
0000038becc3cd59
0000038becc3f959
0000038becc41c39
0000038c2fecacf9
0000038c309ee1f9
0000038c336a3af9
0000038c7710cb79
0000038c7710d2f9
0000038c7710d4b9
0000038c7710dd39
0000038c7710ddd9
0000038c7710ef99
0000038c77110b79
0000038c97090ed9
0000038d1d5ed359
0000038d5125d1f9
0000038d5125d299
0000038d5125d979
0000038d5125e339
0000038d51262c19
0000038d51263f39
0000038d5126a199
0000038d760c78d9
0000038d760c8c39
0000038d7727d5d9
0000038d8b6534d9
0000038d8f046f59
0000038d8f0485b9
0000038d8f048639
0000038d8f048679
0000038d8f04f639
0000038d8f051259
0000038d8f052019
0000038d8f056a79
0000038df2ef55d9
0000038df2ef5799
0000038df2ef6979
0000038df8ffbe39
0000038e0d7da579
0000038e0d7da5f9
0000038e0d7dacd9
0000038e0d7dadd9
0000038e0d7e2b79
0000038e2735dad9
0000038e37ed3e39
0000038e37ed45b9
0000038e805be119
0000038e805be2d9
0000038e805beff9
0000038e819be299
0000038e883a2559
0000038ebb13b5d9
0000038ebb13c919
0000071d7e3ed261
0000000000f47b71
0000000000000181
0000038edd57b459
0000038f0a052ab9
0000038f0a058079
0000038f0eef87b9
0000038f0eef8f39
0000038f0eef98d9
0000038f0eefe139
0000038f1443df79
0000038f52fd6a99
0000038f7726a579
0000038f7726acf9
0000038f7726b639
0000038f7726b919
0000038ffc1e5c39
0000039031ecf5f9
000003906bd9b599
000003906bd9c979
000003906bd9ced9
000003906bd9cf59
000003906bd9ea59
000003906bda1879
0000039088e41ff9
0000039088e43259
000003908fad8219
00000390bb5bf0b9
00000390ffbe2119
000003912bad0159
000003914a809639
0000039155feb6d9
0000039167c18ef9
0000039167c1a2b9
000003917fe03099
00000391bbfc4b99
00000391bca2b879
00000391daccc6f9
000003921e504ef9
0000039225c4d559
000003925e544099
000003925e544119
000003925e544159
000003925e5447f9
000003925e547b39
000003926b4cd4f9
00000392a05811f9
00000392a05822b9
00000392b6ebf4d9
00000392d3ebd3d9
00000392d3ebe959
00000392e3ce2a19
000003930e9fe939
000003930e9fe9d9
000003930e9ff099
000003930e9ffa59
000003931321de39
000003931321deb9
0000039364bd5bd9
00000393a71e9519
00000393a71e95b9
00000393a71e9c79
00000393a71f3639
00000393a71f9259
00000393bd998c19
00000393bfd649f9
00000393bfd6dab9
00000393ff670239
00000393ff670439
00000393ff670bb9
00000393ff671179
00000393ff671719
00000393ff6770b9
0000039417018d59
0000039417018dd9
00000394447b2999
00000394447b92f9
0000039451e56dd9
0000039451e57ff9
0000039451e5c819
00000394751b0839
00000394eb409c79
00000394eb409d19
00000394eb40a3f9
00000394eb40dbb9
00000394eb40eb39
00000394eb40f299
00000394eb40fa99
00000394eb410c99
00000394f23dd079
0000039525017959
0000039525018ef9
00000395250193f9
000003952501a219
000003952501a3b9
000003952501a639
00000395628cca19
000003956db412b9
000003957e8b6919
0000039585465db9
0000039592953bf9
00000395c063ee99
00000395c06404b9
00000395c7c5a439
00000395cad88199
00000395cad91b79
000003962c5b17b9
000003966d37c959
000003966d37c9f9
000003966d37cb19
000003966d37d0d9
000003968745b519
00000396a4e82299
00000396a4e83499
00000396a4e8a379
000003970230b019
0000039703bd2c19
00000397101890f9
000003971a051eb9
000003971a051f39
000003971a052059
000003971a052299
000003971a052619
0000039729046ab9
0000039729046b59
0000039729047219
0000039729047b19
0000039729047bf9
0000039729047cb9
00000397290490f9
000003972904eb59
000003972a7fc8d9
000003972a7fd039
000003972a7fd0d9
000003972a7fd279
000003972a7fd7b9
000003972a7ffc19
000003972a806b79
00000397377e91b9
0000039749833859
000003976ed84a99
0000039772294bd9
0000039798f37239
0000039798f379b9
0000039798f38e39
00000397aa5b6239
00000397aa5bb4d9
00000397bb568f79
00000397bb569019
00000397bb569f19
00000397bb56a4f9
00000397cf414b59
00000397cf415d39
00000397cf416f79
00000397cf418d99
00000397cf41ba59
00000397dcc977f9
00000397e0692379
00000397eb8806d9
00000397eb880899
000007301ea9c961
0000000000f47b71
0000000000000181
000003981f7b71f9
000003981f7b7439
000003981f7b78d9
000003981f7b7959
000003981f7b9259
000003981f7ba619
000003981f7bd839
000003985afcc539
000003986524b299
000003986524b9f9
000003986ff2a799
000003986ff2b979
000003986ff32719
000003986ff32eb9
000003986ff33759
0000039891d1a8d9
0000039891d1ac59
0000039891d1c859
0000039891d213f9
0000039897bf4bb9
0000039897bf5ff9
0000039897bf6099
0000039897bf64d9
0000039897bf6759
0000039897bf7159
0000039897bfe059
00000398981ca579
00000398b7b838b9
00000398b7b84c19
00000398dcedaf59
00000398dcedcb99
00000398dceddc59
00000398ef6ef739
00000399835d92b9
000003998727d519
00000399a4d0d579
00000399a4d0d5f9
00000399a4d0dcd9
00000399a4d0f099
00000399a4d11bd9
00000399a4d14079
00000399b211dfb9
00000399b21230b9
00000399cfb52d19
00000399df69b319
0000039a4cf3d959
0000039a4cf3e0d9
0000039a4cf3edd9
0000039a4cf3f199
0000039a98838019
0000039aa1ec5b59
0000039aa1ec6eb9
0000039aaf52fed9
0000039adba23379
0000039adba24659
0000039b6ab97439
0000039b6ab97bb9
0000039b6ab985b9
0000039bb6073359
0000039bb6074819
0000039bda33c059
0000039c048103d9
0000039c04810b59
0000039c04811fb9
0000039c048181f9
0000039c0cb97599
0000039c15fdca79
0000039c33fe0559
0000039c33fe0cd9
0000039c8000a519
0000039c8000feb9
0000039c8000ff59
0000039c80010639
0000039c80018939
0000039c814ab319
0000039c814ab4f9
0000039ca633bd59
0000039d16574d19
0000039d1e99fdf9
0000039d20b69659
0000039d8e767bd9
0000039db285bb19
0000039db2861719
0000039db28617b9
0000039db2861e79
0000039db59cbaf9
0000039db930dfd9
0000039dd9ebc739
0000039dd9ec0c19
0000039de8f33ff9
0000039e4b04bb19
0000039e4b04dd19
0000039e4b0505f9
0000039e69716c99
0000039e70b6d019
0000039e83c5f039
0000039e9eb3c999
0000039ed31ba979
0000039ed31bca19
0000039ed31bda79
0000039ed31bde39
0000039f6723c7d9
0000039f6723e379
0000039f90585319
0000039f9058bd59
0000039f90739d59
0000039fb6c6f319
0000039fca7c3d39
000003a001b0d3b9
000003a001b0e5d9
000003a001b0ea59
000003a001b12ad9
000003a0037f12d9
000003a06ddfb239
000003a06de02ef9
000003a081f3cb59
000003a0919d6099
000003a0919d6139
000003a0919d6819
000003a0919d7239
000003a09a9aa779
000003a09a9ab7f9
000003a0b0dc33d9
000003a0b0dc3479
000003a0b0dc3b59
000003a0b0dc4319
000003a0b0dc6319
000003a0b0dca039
000003a125b694d9
000003a125b69c39
000003a125b6a699
000003a125b6be59
000003a125b723b9
00000742bf14c161
0000000000f47b71
0000000000000181
000003a184520dd9
000003a18f8db4d9
000003a18f8db559
000003a18f8dfe19
000003a18f8e5279
000003a1f872c6d9
000003a1f872c779
000003a1f872ce39
000003a208e7d439
000003a20f0c7f19
000003a2120ad479
000003a271e2c5b9
000003a271e32ad9
000003a274da54b9
000003a274da6799
000003a29ddf3c99
000003a2cb8ab319
000003a2f5e10299
000003a378aff939
000003a378b000b9
000003a378b003f9
000003a378b013d9
000003a378b01b59
000003a378b034d9
000003a378b03579
000003a378b03c59
000003a378b04459
000003a378b04b19
000003a378b090f9
000003a37d687799
000003a3a42b6e79
000003a3c8fb5dd9
000003a3d4119739
000003a3f568e439
000003a3f5692099
000003a408d5ceb9
000003a408d5d639
000003a408d62239
000003a40a8e7d99
000003a45ff96879
000003a45ff97ab9
000003a45ff97c79
000003a45ff98a59
000003a45ff9eb99
000003a466ceab39
000003a483827979
000003a4a4df72b9
000003a4a4df7a19
000003a4f8b42d19
000003a4fba27799
000003a589b4f679
000003a5b8851ad9
000003a5b8f32959
000003a5b8f339b9
000003a5b8f33bb9
000003a5b8f33cf9
000003a5b8f35639
000003a5b8f3a139
000003a5b8f3b379
000003a5b8f3c1f9
000003a5b9d59059
000003a5e36e7799
000003a64a683499
000003a674c6c539
000003a674c76839
000003a6817af9b9
000003a6baa0cc99
000003a6baa0d3f9
000003a6baa132d9
000003a6ce6e3a79
000003a6eb949639
000003a6eb949db9
000003a6ffa16019
000003a711127db9
000003a711127e79
000003a711127f79
000003a711128539
000003a711129059
000003a7701c8519
000003a77da5d659
000003a77da5ee19
000003a77da5ef79
000003a77da60ed9
000003a77da674d9
000003a77da67679
000003a7b3fa1719
000003a7b3fa26b9
000003a7b3fa4d79
000003a7c85d3cf9
000003a7dec12499
000003a800ed18b9
000003a802f81379
000003a802f82eb9
000003a80a3c7d19
000003a84a8cdf39
000003a8a6764219
000003a8b0fe5939
000003a8b0fe59d9
000003a8b0fe60b9
000003a8b0fe6959
000003a8b0fe7219
000003a8b0feb859
000003a8fc35b5d9
000003a92b0c3639
000003a93dde0ff9
000003a93dde2259
000003a94cf5f839
000003a94cf608b9
000003a990dc7f39
000003aa0b97cbb9
000003aa412c1ff9
000003aa412c2779
000003aa73312899
000003aaa167a059
000007555f7fb861
0000000000f47b71
0000000000000181
000003aabfe7c0d9
000003aabfe7d079
000003aabfe7d2f9
000003aabfe7d4b9
000003aabfe7fcd9
000003aabfe870f9
000003aabfe880b9
000003aad2fd1339
000003aad2fd25d9
000003aae050fd99
000003aafbfac379
000003ab2b279959
000003ab50768139
000003ab507681d9
000003ab507682f9
000003ab507688b9
000003ab50769919
000003ab5076a2b9
000003ab652fd4f9
000003ab9d648539
000003aba46f90b9
000003abae8c7ed9
000003abae8cc1b9
000003abb053b399
000003abb0541019
000003abe15e2499
000003abea9a2859
000003abf05d5bb9
000003abf05d67b9
000003abf05dbd19
000003abf05dee59
000003ac1e9d29d9
000003ac448f9ff9
000003ac448fb399
000003ac448fbaf9
000003ac57111439
000003ac57119d79
000003ac5baf77d9
000003ac60d877f9
000003ac60d887d9
000003acb6174059
000003acb61753b9
000003acbbfd5f59
000003acbbfd66b9
000003acbbfd7299
000003acd379fdd9
000003acdf93d039
000003acdf93e0b9
000003ace6a810b9
000003ace6a820d9
000003ace6a82259
000003acf6beb679
000003acf6ff4c39
000003acf6ff4cd9
000003acf6ff4d19
000003acf6ff4df9
000003acf6ff4e99
000003acf6ff53b9
000003acf6ff5cb9
000003acf6ff6379
000003acf6ff71f9
000003acf6ff9619
000003acf6fff0f9
000003ad0b48f759
000003ad0b491219
000003ad23908a79
000003ad513425f9
000003ad51342699
000003ad513426d9
000003ad51342d59
000003ad6ce2e619
000003ad6ce349d9
000003ad74e6ef19
000003ad74e6fff9
000003ad74e715d9
000003ad74e74679
000003ad74e75779
000003adb6843c19
000003adb68458f9
000003adb6846e19
000003adf3041f79
000003adf30426d9
000003adf3043339
000003adf3044479
000003adf30486f9
000003adf304a199
000003adf304a4b9
000003adf304b699
000003adf304b819
000003ae1bd5ad19
000003ae3b86d2d9
000003ae3b86d379
000003ae3b86da39
000003ae3b86e119
000003ae3b86e359
000003ae6086ced9
000003ae664146b9
000003ae85cbc879
000003ae85cbd6f9
000003ae90f45799
000003ae92de1239
000003ae92de12f9
000003ae92de19b9
000003ae92de6a59
000003ae92dea9d9
000003aeb4d821b9
000003aeb4d82259
000003aeb4d82919
000003aeb4d831d9
000003aeb4d834f9
000003aeb4d83759
000003aeb4d83ed9
000003aeb4d84679
000003aeb4d84839
000003aeb4d87bd9
000003aeb641a859
000003aebafc9e19
000003aebafc9eb9
000003aebafca599
000003aebafcad19
000003aebafcbcb9
000003aebafcbd59
000003aebafcbe59
000003aebafcc439
000003aebafccd19
000003aebafccfb9
000003aebafcd2d9
000003aebafcd7d9
000003aebafcdf39
000003aebafce3f9
000003aebafceb19
000003aebafcf0d9
000003aebafcf639
000003aebafcf8f9
000003aebafd0ed9
000003aebafd13b9
000003aebafd1f19
000003aebafd2f39
000003aebafd5c39
000003aebafd94d9
000003aebafdb359
000003aedb79a3d9
000003aedb79dcd9
000003af5db70139
000003af863e8859
000003af863e9599
000003af9c5f9419
000003af9c5fa2d9
000003afac7d8599
000003afac7d8cf9
000003afac7d9d19
000003afac7d9ef9
000003afac7dce19
000003afdea5b919
000003afeaee72f9
000003afeb8c9fd9
000003b03b820df9
000003b0588c3199
000003b069d06079
000003b069d06239
000003b069d067d9
000003b069d07679
000003b069d093d9
000003b069d10219
000003b0baf7c479
000003b0baf7c4d9
000003b0d330e019
000003b0db549919
000003b0db54a099
000003b0db54ab59
000003b10a7131f9
000003b10a713ef9
000003b10a718979
000003b10a719fd9
000003b10a71b379
000003b10a71bb19
000003b11dc1c059
000003b1233460b9
000003b123347199
000003b1233477f9
000003b123347919
000003b123347b39
000003b123347f59
000003b1233488f9
000003b12334cab9
000003b12461d8d9
000003b12461e759
000003b15a082d19
000003b15a086ff9
000003b17be3b4d9
000003b1860d3079
000003b19525f739
000003b196fa80b9
000003b196fae419
000003b1aa912f79
000003b1adce97d9
000003b1bc245279
000003b1bc246759
000003b1bc247599
000003b1ee533bf9
000003b1fe2f6db9
000003b1ff45c499
000003b23b806319
000003b23b807659
000003b23b808159
000003b24813e099
000003b2bcaf6979
000003b2e651ac39
000003b2f27f2fb9
000003b31194e9d9
000003b36f79c479
000003b37b88bed9
000003b37b88bf59
000003b37b88c099
000003b37b88d079
000003b37b88ee39
000003b3f43d8c39
000003b3f43d8cd9
000003b3f43d9399
000003b3f43d9cd9
000003b3f43de7b9
000003b3f5492359
00000767ffeaaf61
0000000000f47b71
0000000000000181
000003b42c9dfcd9
000003b42fc60b79
000003b42fc60c99
000003b42fc61af9
000003b4329ff999
000003b46adb8d79
000003b4c81feb39
000003b4c81ffa59
000003b4c8206579
000003b4c8207bd9
000003b4c8207c79
000003b4c8209099
000003b4c8209119
000003b4c82096d9
000003b4c82097f9
000003b4c82098b9
000003b4c8209d79
000003b4c820f0d9
000003b4d6989e59
000003b4eb300599
000003b4f74efbf9
000003b545959499
000003b56f8a4b19
000003b56f8a5b59
000003b56f8a5bf9
000003b56f8a5c39
000003b56f8a5d79
000003b56f8a62d9
000003b56f8a7219
000003b56f8a95f9
000003b56f8a9f19
000003b56f8abb79
000003b56f8ac299
000003b56f8ac5f9
000003b56f8ad7d9
000003b58a9d6839
000003b58a9d7e19
000003b58a9d7ff9
000003b5cc5815b9
000003b5cca863d9
000003b5cca86459
000003b5cca86b39
000003b5cca87579
000003b5ce3ae999
000003b5ce3af0f9
000003b5ce3afdf9
000003b5d1975ff9
000003b5d19771f9
000003b5ec449419
000003b61dc686b9
000003b61dc69479
000003b629627a79
000003b634b58279
000003b634b589d9
000003b634b59439
000003b634b59ff9
000003b634b5f119
000003b634b60259
000003b66517e1d9
000003b68b0ee399
000003b6aaefc1b9
000003b6bf214699
000003b6e19b47d9
000003b6ef2c0959
000003b6ef2c5d39
000003b6ef2c6bb9
000003b6ff81f0d9
000003b6ff820ab9
000003b70c7f4099
000003b70c7f4139
000003b70c7f4279
000003b70c7f47f9
000003b70c7f50b9
000003b70c7f5139
000003b70c7f5279
000003b70c7f5cb9
000003b70c7f68f9
000003b70c7f6999
000003b70c7f7059
000003b70c7fa1b9
000003b70c7fd4f9
000003b71bd67a59
000003b72156fd99
000003b72c9fef19
000003b7313b47d9
000003b7313b4879
000003b7313b4f59
000003b747ab7db9
000003b747ab8539
000003b747ab8e59
000003b747ab8f39
000003b747ab92b9
000003b747abf819
000003b747ac0979
000003b747ac0a19
000003b747ac0a39
000003b747ac1179
000003b747ac1fd9
000003b747ac3399
000003b747ac3419
000003b747ac4e19
000003b747ac5d39
000003b747ac5dd9
000003b747ac79d9
000003b747ac7a79
000003b747ac8dd9
000003b747ace9f9
000003b79d77ce59
000003b7a32d3759
000003b7a32d47f9
000003b7a32d56f9
000003b7a32d7e59
000003b7a4d66fb9
000003b7a4d67c39
000003b7a74ad779
000003b7b5b1c239
000003b7bc278319
000003b7bc279499
000003b7c86805f9
000003b7dd193659
000003b824a7b859
000003b8350f8b39
000003b8350f9979
000003b85b79e479
000003b86387f319
000003b87d11b339
000003b89333cf19
000003b89333cfb9
000003b89333d679
000003b89333df99
000003b89333edd9
000003b89333f119
000003b89333fdf9
000003b893341b59
000003b8933437f9
000003b893345c39
000003b8933469d9
000003b893349b39
000003b9345a1cb9
000003b978a839b9
000003b978a84a99
000003b997df14b9
000003b997df1c39
000003b997df2219
000003b997df26b9
000003b997df3219
000003b997dfb7d9
000003b99e130a39
000003b9db753819
000003ba63121c59
000003bac344a3f9
000003badd161459
000003badd1614f9
000003badd161619
000003badd161bd9
000003badd1623d9
000003badd162f19
000003badd164819
000003bb0e60f559
000003bb8f42ff59
000003bb8f431a19
000003bb9e2eeb19
000003bbc1478339
000003bbcdb5e199
000003bbe8c9aeb9
000003bc8d5237d9
000003bc91f37159
000003bc91f372f9
000003bcd9e12439
000003bcd9e12bb9
000003bcd9e13759
000003bcd9e137d9
000003bcd9e13899
000003bcd9e14659
000003bcd9e14bf9
000003bcd9e1b8b9
000003bcda917219
000003bcdf43d719
000003bcec463599
000003bd011ef459
000003bd0f78d6f9
000003bd0f78d959
000003bd0f78fd19
0000077aa055a661
0000000000f47b71
0000000000000181
000003bdb2c61f59
000003bddfb44cb9
000003be25b85939
000003be25b86c19
000003be2a8664d9
000003be2a866c59
000003be2a867879
000003be2a86e879
000003be2d066719
000003be40521539
000003be4c9f8cf9
000003be4c9fa079
000003be4c9fa7f9
000003be4c9fe919
000003be4c9ff6d9
000003be6d5009b9
000003be6d501119
000003be6d5040d9
000003be7b057ed9
000003be7b058dd9
000003be7b05ee39
000003be9347bd99
000003be9347c619
000003be934806f9
000003bea91c4c99
000003bea91c53f9
000003bea91c5e39
000003bea91c60b9
000003bea91c71d9
000003bea91c8b99
000003bed5073dd9
000003bf06478a99
000003bf2d415759
000003bf370cf2b9
000003bf3f97b899
000003bf3f97cb99
000003bf44f52339
000003bf44f53479
000003bf44f54819
000003bf5fb41bb9
000003bf5fb41c59
000003bf5fb42319
000003bf5fb48359
000003c03f8b1a19
000003c06ae717b9
000003c07241b5d9
000003c07241d739
000003c072424699
000003c0726dec39
000003c0821fe719
000003c0821fe799
000003c0821fee79
000003c0cc10ff59
000003c0d0bac779
000003c1009e3399
000003c1009e3439
000003c1009e3af9
000003c10ac72699
000003c10ac735b9
000003c10bdac7d9
000003c13d421d59
000003c143f51af9
000003c1b9b35c99
000003c1eb1d1959
000003c1eb1d20b9
000003c1fc0ce099
000003c23c7671b9
000003c2522c3919
000003c2522c3999
000003c2568210f9
000003c25fcbc219
000003c27aeff159
000003c27af053f9
000003c29bf02819
000003c29bf08179
000003c2c4171779
000003c2e6df79b9
000003c2e7c2f719
000003c2e7c30759
000003c2f52887b9
000003c2f5289479
000003c2f5289919
000003c2f528d3f9
000003c31c48a519
000003c3255f16f9
000003c3255f1e79
000003c3317e48d9
000003c33cdd5719
000003c33cdd5e79
000003c33cdd8759
000003c33cddd879
000003c3625da259
000003c387294359
000003c3b0f8deb9
000003c3bc960cf9
000003c3d63a2259
000003c3edb094f9
000003c3fe53c339
000003c41e358499
000003c41e3597b9
000003c46cd59179
000003c46cd591f9
000003c46cd598b9
000003c496b4c879
000003c4b9eb2c99
000003c4b9eb4ef9
000003c4f4224099
000003c4fcf30719
000003c4fcf37fd9
000003c503fa5259
000003c5120bf759
000003c53735c779
000003c53735d899
000003c53735e859
000003c537360a79
000003c58a8b8ad9
000003c58a8b9759
000003c5d6c99a39
000003c5d6c99ad9
000003c5d6c9a199
000003c5d6c9ae19
000003c5d6c9b3d9
000003c5d6c9d579
000003c62adf8639
000003c654cb2479
000003c69a2a0a39
0000078d40c09e61
0000000000f47b71
0000000000000181
000003c6aeecb7f9
000003c6aeecbf59
000003c6aeecc599
000003c6aeeccb39
000003c6aeecd019
000003c6aeed17b9
000003c6b23d1d99
000003c6de179179
000003c6de17f839
000003c6fa7843f9
000003c6fa786099
000003c6fa786139
000003c6fa786179
000003c6fa7867f9
000003c6fa787d19
000003c6fa78a439
000003c70a37c7b9
000003c70a37c999
000003c70a37cf19
000003c71d326d79
000003c7b4ae6319
000003c7e65f7679
000003c7f473af79
000003c7fad623d9
000003c8016270b9
000003c802ead3f9
000003c802eadd59
000003c802eae5f9
000003c802eaf679
000003c802eb04f9
000003c80ccca4b9
000003c812c0d539
000003c827ea41d9
000003c827ea4279
000003c827ea4939
000003c827ea4ed9
000003c827ea5119
000003c827ea5639
000003c827eab0b9
000003c83ddf28f9
000003c83ddf2999
000003c83ddf29b9
000003c83ddf3059
000003c83ddf3b79
000003c83ddf3cd9
000003c83ddf6939
000003c83ddf8d99
000003c84227ca59
000003c84227dc39
000003c8df1240b9
000003c8df124139
000003c8df124819
000003c8df125499
000003c8df12c279
000003c8e3c8b219
000003c8e3c8c0f9
000003c8e3c8c179
000003c8e3c8c2b9
000003c8e3c925f9
000003c8ef6c0bd9
000003c94372e559
000003c943730159
000003c95cd27df9
000003c96d084019
000003c974970159
000003c98ca425f9
000003c98ca42679
000003c9bd3d6cf9
000003c9bd3d6d79
000003c9c3676099
000003c9ca6be0f9
000003c9ca6c3af9
000003c9d1f7a019
000003c9dd076cf9
000003c9dd078839
000003c9eee6c139
000003ca03894b19
000003ca03895299
000003ca03899499
000003ca0d1ff859
000003ca0d1fffd9
000003ca0d2011d9
000003ca0d20af79
000003ca258f9619
000003ca2e792239
000003ca2e7922d9
000003ca2e7922f9
000003ca2e792999
000003ca587f0519
000003ca98ecac99
000003ca98ecae99
000003ca98ecb3f9
000003ca98ecbf99
000003ca98ecce39
000003ca98ecf5b9
000003ca98ed12f9
000003caa432b539
000003caa432bcb9
000003caa432c619
000003caccf72a59
000003caccf75f19
000003cae0233279
000003cae02380b9
000003cb137e9019
000003cb2c14f5d9
000003cb3f95ad39
000003cb5495ce99
000003cb5495cf19
000003cb5495d059
000003cb5495d5f9
000003cb5495ddd9
000003cb5495df79
000003cb54964119
000003cbb3cc3f59
000003cbb3cc4ab9
000003cbbfcfa879
000003cbbfcffb79
000003cbd60f8939
000003cc22141599
000003cc224cb939
000003cc792f8319
000003cc792f9399
000003cd00df5659
000003cd2dc4add9
000003cd644f4079
000003cd713a16d9
000003cd713a2319
000003cd7beb61f9
000003cdeaa192f9
000003cdeaa1a5b9
000003ce202846d9
000003ce20284e59
000003ce202858f9
000003ce20286f79
000003ce202898f9
000003ce27cd0599
000003ce89c5e1f9
000003ceb9bd3af9
000003cebc7675f9
000003cebc767d99
000003cebc768c59
000003cebc768e59
000003cebc769a19
000003cebc76b559
000003cebc76f619
000003cebc7708d9
000003cef8646439
000003cf1c0366f9
000003cf50010bd9
000003cf6a593c19
000003cf796dd159
000003cf796dd359
000003cf796dd8d9
000003cf796ddd59
000003cf796de419
000003cf796de839
000003cf796e58f9
000003cf796e5b39
000003cf796ea9f9
000003cf796eb859
000003cfa64f6bd9
0000079fe12b9561
0000000000f47b71
0000000000000181
000003cffd958db9
000003cffd959f19
000003cffd95f379
000003d034416b39
000003d03b9fe039
000003d03cab6cf9
000003d03cab7db9
000003d0508e3e79
000003d0508e3f19
000003d0508e45d9
000003d0508e53b9
000003d078c57799
000003d092400e99
000003d0924015f9
000003d092401ed9
000003d092407379
000003d0935098d9
000003d0d7687cf9
000003d125badc79
000003d125baeb39
000003d125bb0719
000003d125bb1319
000003d125bb4599
000003d14565ce19
000003d1a7d51859
000003d1a7d51a19
000003d1a7d52a99
000003d1a7d57f79
000003d20c2a90d9
000003d20c2af039
000003d261fbb1d9
000003d261fbb259
000003d261fbcf39
000003d2b623c759
000003d2b623c7d9
000003d2b63a2f19
000003d2d8effc39
000003d2d8effcb9
000003d2d9409b39
000003d2f4063039
000003d30853f5b9
000003d3085469d9
000003d31cc247d9
000003d351666f99
000003d351667039
000003d3516676f9
000003d351668599
000003d3b2b0a079
000003d3b2b0b2f9
000003d3dc0ef0b9
000003d3dfffc619
000003d449df0579
000003d49e0f1699
000003d49e0f18d9
000003d49f91dd39
000003d49f91ddd9
000003d49f91e4b9
000003d49f91f039
000003d4c874c9d9
000003d4dd013a79
000003d4dfe1f379
000003d4ff1dee39
000003d504c0e4b9
000003d504c0f379
000003d504c0f799
000003d50b93e799
000003d50b93e839
000003d50b93e879
000003d50b93eef9
000003d50b93fb59
000003d50b93fd19
000003d50b945f99
000003d50b94ca39
000003d54a8ab639
000003d54a8abd99
000003d54a8ac379
000003d54a8ac939
000003d55270b079
000003d55270c359
000003d55270c659
000003d553afd4d9
000003d568427159
000003d56b2c6c39
000003d582dc2b39
000003d582dc3299
000003d5869a59b9
000003d5960b6359
000003d5960ba779
000003d599187319
000003d5b8c04b19
000003d5b8c08fd9
000003d5e52617b9
000003d5e5263519
000003d6486ecf99
000003d6486ed0f9
000003d6486ee379
000003d6486f5b19
000003d64b2b3299
000003d64b2b3ef9
000003d64b2b70b9
000003d64e1fa5f9
000003d66ef533d9
000003d67f94fb39
000003d68e6b2bb9
000003d68e6b6ff9
000003d68e6b7099
000003d68e6b7779
000003d68e6b8299
000003d68e6c1a99
000003d6ebe46ef9
000003d6ebe47659
000003d6ebe482b9
000003d6ede3d879
000003d6f7a76139
000003d6f7a77499
000003d6f7a7e9f9
000003d6f7a7eb39
000003d6f7a7ebb9
000003d6f7a7fc99
000003d6f7a7fdf9
000003d6f7a854f9
000003d725910279
000003d725910fb9
000003d7259145f9
000003d725918859
000003d7661f1879
000003d7815b2d39
000003d7815b2dd9
000003d7815b2e19
000003d7815b34b9
000003d8059f82f9
000003d8062a8899
000003d85c632ef9
000003d860496bf9
000003d860497379
000003d86baea559
000003d8d225bff9
000003d8ee8604b9
000007b281968c61
0000000000f47b71
0000000000000181
000003d943dd4e39
000003d964a9e619
000003d964aa5f19
000003d9760792f9
000003da7baff359
000003dac626ec59
000003dac626fe19
000003dac6270ef9
000003dad0df75b9
000003dadaccb6f9
000003dadacd0c39
000003daf11da319
000003daf11dac19
000003daf11e0f79
000003daffad0d19
000003db63a1e5b9
000003db63a1f8d9
000003db63a20959
000003db860ddd39
000003dba90697f9
000003dba906a6f9
000003dbbe402b19
000003dbcdaca4f9
000003dbd4993679
000003dc22bd9df9
000003dd2ffc89b9
000003ddbaf5adb9
000003de1f7a7ed9
000003de27e02d59
000003de324bbe99
000003de5c0c0159
000003de5c0c1319
000003de81433bb9
000003de874f5c99
000003dea353b399
000003dea353bb19
000003dea353c7b9
000003dea353fc19
000003ded7b33659
000003df077c66b9
000003df077c6739
000003df09e96599
000003df3c07ee99
000003df3c07f5f9
000003df3c080059
000003df3c084819
000003df490f3af9
000003df491efc39
000003dfb35596f9
000003dfc8242999
000003dfc8242a39
000003dfc8243119
000003dfc8243df9
000003dfc8244059
000003dfc8246899
000003dfc8249e99
000003dfc824aed9
000003dfdc77aed9
000003dfe7e50399
000003e009280799
000003e011ed23f9
000003e011ed48f9
000003e01a601739
000003e028dba579
000003e028dbb5f9
000003e028dc1859
000003e08380c7b9
000003e083bee8b9
000003e08e2f3ed9
000003e08e2f6ed9
000003e08e2f7f19
000003e099daccb9
000003e0c3522859
000003e0cffa3379
000003e0fc4fbdb9
000003e12221cb79
000003e1408331f9
000003e1ad5841d9
000003e1d825d519
000003e1d82643b9
000003e1d8265039
000003e1d8266cb9
000003e1d826e419
000003e1e7de04d9
000003e1e7de0659
000003e1ea8c5bf9
000003e1f0de15d9
000003e1f0de1699
000003e1f0de1d59
000003e1f0de2b99
000003e1f0de32d9
000003e1f0de3b59
000003e1f0de3c59
000003e1f0de4b19
000003e1f0de55b9
000003e1f0de5cb9
000003e1f0de5df9
000003e1f0de6ed9
000003e1f0de7d39
000003e1f0de8519
000003e1f0de86b9
000003e1f0de8959
000003e1f0de98f9
000003e1f0df00d9
000003e1f0df28b9
000003e1f0df9459
000003e21543cfb9
000003e21543e6b9
000003e21543f5b9
000003e21543f659
000003e21543f679
000003e21543fd19
000003e215441079
000003e240ae9339
000003e25701ca39
000003e2852ccd19
000003e2852cde79
000007c522018461
0000000000f47b71
0000000000000181
000003e2ad283e79
000003e2ad284339
000003e2ad2851f9
000003e2ad2855d9
000003e2ad28b1b9
000003e2ad28c299
000003e2b6038df9
000003e3062929f9
000003e31603b519
000003e319623df9
000003e319624e39
000003e329d8b539
000003e329d8bf19
000003e332f2f3f9
000003e332f2fb79
000003e332f3aeb9
000003e332f3d1d9
000003e33427f2d9
000003e33427f379
000003e33427fa59
000003e3342812b9
000003e334289119
000003e336141119
000003e360a9e4d9
000003e3645f7ed9
000003e3645fb259
000003e394e7e559
000003e394e7ea19
000003e3d4572359
000003e3ee3e96d9
000003e3ee3e9739
000003e3ee3ea6f9
000003e418099d79
000003e43d505139
000003e4728c14f9
000003e48f20f379
000003e48f210179
000003e4fcd6d1d9
000003e50a468419
000003e54a7af1d9
000003e54a7af3b9
000003e54a7af959
000003e54a7b4239
000003e5523126d9
000003e552312819
000003e552316059
000003e5523167b9
000003e55231ce59
000003e5954610b9
000003e5954620f9
000003e5af2dbbd9
000003e61a7ada79
000003e61a7ae1d9
000003e61a7aeab9
000003e61a7b50b9
000003e620804fd9
000003e624ea3359
000003e62fca3c59
000003e6356bf839
000003e6356c0bf9
000003e643994d39
000003e66ad0e019
000003e6703847b9
000003e68735fd59
000003e69423abf9
000003e694ff7b39
000003e694ff82b9
000003e694ffd9d9
000003e694ffecd9
000003e694ffee19
000003e694fff059
000003e6a9387979
000003e6a938dd39
000003e6bec9d379
000003e6bec9d599
000003e6bec9d619
000003e6bec9e3f9
000003e6bec9e5d9
000003e6beca1039
000003e6beca2cb9
000003e73af2fc79
000003e740f86c39
000003e75dbe8e99
000003e75dbe9619
000003e75dbe9f19
000003e75dbeb3d9
000003e7ae5bad59
000003e7ae5baf59
000003e7c251d299
000003e7c38a02b9
000003e7ec437099
000003e7ec438579
000003e7ec438cd9
000003e7ec4394b9
000003e810a1d559
000003e817585b59
000003e82fc146b9
000003e8489792f9
000003e8abb96419
000003e8abb96b79
000003e8abb971f9
000003e8b316baf9
000003e8b316cbb9
000003e8b8b90db9
000003e8b8b91d99
000003e8b8b920b9
000003e8b8b9aa19
000003e8ce719459
000003e8d05009d9
000003e8fb8b1659
000003e8fb8b16f9
000003e8fb8b1db9
000003e8fb8b2439
000003e8fb8b25d9
000003e8fb8b80d9
000003e941f39999
000003e941f3a0f9
000003e992702ab9
000003e992703bb9
000003e992b71419
000003e99394a899
000003e99394bed9
000003e9c852cf59
000003ea6751da19
000003ea675247f9
000003ea67527b19
000003ea67527b99
000003ea6752d2b9
000003ea67533279
000003ea811ac739
000003ea8ce561b9
000003ea8ce56259
000003ea8ce56919
000003ea8ce571b9
000003ea903e5ad9
000003ea903e5b79
000003ea903e6b59
000003ea903e7499
000003ea903e8e19
000003eb3b351b39
000003eb3b352a99
000003eb3df63239
000003ebd9b7c3d9
000003ebdd2b97b9
000003ebdd2ba839
000003ebdd2c1099
000007d7c26c7b61
0000000000f47b71
0000000000000181
000003ec4906d399
000003ec7eb30e99
000003ec88156cb9
000003ecd2bcfd39
000003ecf3ec1579
000003ed19346999
000003ed19346a39
000003ed193470f9
000003ed19347c79
000003ed1934db99
000003ed2d448579
000003ed2d448619
000003ed2d448cd9
000003ed400acaf9
000003ed706215b9
000003ed771b8839
000003edd44da7b9
000003ee9b5eadb9
000003ee9b5eafb9
000003ee9b5eb519
000003ee9b5ebc79
000003eeb5213c39
000003eeb5215279
000003ef1a12a659
000003ef395e1a39
000003ef3ebed899
000003ef3ebed939
000003ef3ebed959
000003ef3ebedff9
000003ef3ebefbd9
000003ef3ebefc79
000003ef3ebf0359
000003ef3ebf1f19
000003ef3ebf3139
000003ef3ebf40d9
000003ef3ebf4419
000003ef3ebf52d9
000003ef3ebf5879
000003ef3ebf76b9
000003ef6145a5b9
000003ef6145a659
000003ef6145ad19
000003ef6145b279
000003ef6145bc99
000003ef657dc119
000003ef657dc899
000003ef657dd059
000003ef95d04b19
000003efed6c58b9
000003f012608a39
000003f01260a1b9
000003f02377c899
000003f02377ca59
000003f02377d019
000003f0237829b9
000003f023785119
000003f02378aab9
000003f038879cf9
000003f03887a459
000003f03887ad99
000003f03887af59
000003f03887b0b9
000003f06a8c1a39
000003f06a8c2b39
000003f06a8c3b59
000003f08cf56339
000003f08cf563d9
000003f08cf56a99
000003f08cf572b9
000003f08cf57379
000003f08cf57a79
000003f08cf57eb9
000003f08cf585b9
000003f08cf586d9
000003f08cf58db9
000003f08cf59279
000003f08cf5a779
000003f08cf5aad9
000003f08cf5bb19
000003f08cf5c099
000003f08cf5f6d9
000003f08e8da099
000003f0a21fc2d9
000003f0a21fd339
000003f0ac47a4b9
000003f0ac47b779
000003f0ac47b7f9
000003f0ac47c479
000003f0b5b95779
000003f0b5b95919
000003f0c634a9b9
000003f0c634ce79
000003f0c6354019
000003f10cbfae99
000003f10cbfc1d9
000003f10cbfd8f9
000003f10cbfe1d9
000003f10cbff399
000003f123841599
000003f128dbd199
000003f128dbd8f9
000003f128dbe139
000003f128dbe4f9
000003f12f9d0df9
000003f17aad7419
000003f1c2cc91f9
000003f1e41d5b39
000003f1e41d62b9
000003f1e41d7f99
000003f1e41d8a99
000003f1e41d93f9
000003f206452a79
000003f210a73bf9
000003f213821d39
000003f2202b3079
000003f2202b47d9
000003f2202b4f39
000003f22253a599
000003f22253a799
000003f22253ad19
000003f222542a79
000003f22f0e6059
000003f22f0e7219
000003f22f0e73b9
000003f22f0e7819
000003f2ac717ab9
000003f33790dd59
000003f341f1fd99
000003f341f1fe19
000003f341f204f9
000003f341f20f99
000003f341f21279
000003f341f263f9
000003f341f28079
000003f341f29899
000003f34a467719
000003f403740299
000003f41aad89d9
000003f41bbc0d79
000003f42e4fde79
000003f4782d6859
000003f49a809b99
000003f49a809c39
000003f49a809cb9
000003f49a80a319
000003f4ade5dc19
000003f4d4a72b59
000003f4d9510839
000003f4de864799
000003f4f1b495b9
000003f4f1b4a979
000003f4f1b4b0d9
000003f4f1b4b6d9
000003f4f1b4b9b9
000003f4f1b4ba79
000003f4f1b4fb39
000003f4f1b4fcb9
000003f4f1b4ff39
000003f4f1b55799
000003f4f7e1a299
000003f51df24359
000003f51df27739
000003f51df28619
000003f51df289f9
000003f51df28b99
000003f51df28c19
000003f52a37fa59
000007ea62d77361
0000000000f47b71
0000000000000181
000003f54fb4df99
000003f54fb4e039
000003f54fb4e159
000003f54fb4e719
000003f56b40ba99
000003f56b40bcb9
000003f56b40c219
000003f56b40c759
000003f5d3198c99
000003f5d3199419
000003f5d3199e59
000003f5d319e179
000003f5d31a5139
000003f62de75339
000003f62de7bc39
000003f62de7e359
000003f633f9ddd9
000003f64cb85a39
000003f64cb87219
000003f663af1f59
000003f67b9a3379
000003f67b9a33f9
000003f68ce08d79
000003f6dc40ea39
000003f6dc40f199
000003f7089a4099
000003f7332edc19
000003f7332ee379
000003f7332eec79
000003f7332ef359
000003f7332ef5d9
000003f7332ef759
000003f7332f0719
000003f7332f82b9
000003f77a4deeb9
000003f77a4e0db9
000003f77a4e0e59
000003f77a4e1519
000003f77a4e1ad9
000003f7a8d59019
000003f7b49083f9
000003f863db3dd9
000003f863dbb959
000003f863dbd179
000003f869051039
000003f8703f1419
000003f8cce61059
000003f8dc801f19
000003f8f6c0a4b9
000003f950514719
000003f95fb781f9
000003f96df52479
000003f96df52bf9
000003f96df57139
000003f9901a3af9
000003f9cb9c21f9
000003f9dbf2ccd9
000003f9e3ab2a79
000003f9ecc220b9
000003f9ecc22139
000003f9ecc2a3d9
000003f9ecc2b599
000003fa1bf6fbd9
000003fa1bf73359
000003fa29a40879
000003fa29a48e19
000003fa29a49599
000003fa29a49df9
000003fa29a49f79
000003fa29a4a019
000003fa29a4a399
000003fa29a4a6d9
000003fa29a4a919
000003fa29a4bab9
000003fa29a4de99
000003fa63735579
000003fa7d776ab9
000003fa7d777219
000003fa7d777ef9
000003fa7d77e3b9
000003fa82de19d9
000003fa9643e139
000003fabbe36739
000003fabbe36899
000003fb80de3399
000003fb80de4479
000003fb80de48f9
000003fbb8e13419
000003fbb8e13b79
000003fbb8e14419
000003fbc9856d39
000003fbc9857479
000003fbc9857599
000003fbc98580b9
000003fbc9ed3d79
000003fbdd502219
000003fbdd508c39
000003fbdd509d99
000003fc07153a79
000003fc071541d9
000003fc07154bb9
000003fc5a00ebf9
000003fc5a0100f9
000003fcf2ee8f19
000003fcf527ced9
000003fcf5704e39
000003fd108db9f9
000003fd10d6c9f9
000003fd3cd4ee79
000003fd90df48b9
000003fd90df5b79
000003fd90df62f9
000003fd90df6bd9
000003fd90df6c99
000003fd90df7759
000003fdbfa348f9
000003fdbfa34af9
000003fdbfa3d999
000003fdef90a419
000003fdf82b56f9
000003fe0fad3ad9
000003fe18a35e39
000003fe248c8e39
000003fe248c9df9
000003fe3c8bc799
000003fe3c8bd659
000003fe4874f0f9
000003fe48750699
000003fe54fb59d9
000003fe54fb6a59
000003fe54fb7619
000007fd03426a61
0000000000f47b71
0000000000000181
000003fe8edcf7b9
000003fe8edd1019
000003fe99fc7839
000003fee40c6919
000003ff067fc539
000003ff067fcc99
000003ff067fd619
000003ff067fdd79
000003ff37b8a1d9
000003ff37b8a279
000003ff37b8a939
000003ff37b8aa19
000003ff37b8b339
000003ff5a5302f9
000003ff5a530a59
000003ff5a5364f9
000003ff670dedd9
000003ff670dfe59
000003ff6c419479
000003ff6c41cd99
000003ff6c41d519
000003ff6c41ec99
000003ff79503f59
000003ff93cb3479
000003ffa21b63d9
000003ffda3339d9
000004001bfec3f9
000004001bfec499
000004001bfecb79
000004001bfee579
000004004be061d9
000004004be06959
000004004be07f79
000004004be0be79
000004008f356e59
00000400bf17c179
00000400c940ce99
00000400c940e199
000004014c8c45d9
00000401579c2299
00000401a20b51f9
00000401a20b6339
00000401b97171d9
00000401b9717279
00000401b9717299
00000401b9717939
00000401b97180f9
00000401b9718199
00000401b9718879
00000401b971fc99
0000040286592379
000004028c6fdd99
000004029395c8d9
00000402a0e0ab39
00000402a0e0bdf9
00000402b7f1ac19
00000402ebf7ae39
00000402ebf7cab9
00000402ebf84199
00000402ebf846d9
00000402f3c8bb59
000004030a8091f9
000004030a809279
000004030a80eb19
000004033ccfcdd9
000004033ccfe9b9
000004033ccff939
000004033cd04bb9
000004033cd04c39
000004033cd05099
000004033cd09239
000004035b89be59
000004035b89c5b9
0000040362561e99
000004037be60d79
00000403b5c10559
00000403cbdc1499
00000403da508539
00000403f4506799
000004040a28d599
0000040452823df9
0000040478c1dcb9
000004047c5696f9
000004047c569799
000004047c569e79
000004047c56a7d9
000004047c56d879
00000404956ea319
000004049fbe3a59
00000404a2f7b979
00000404d1985d79
000004050e8527b9
00000405229b7b99
00000405229b8019
00000405477cb059
0000040555e11b59
0000040555e14c39
00000405677f16b9
0000040576820779
0000040576821ad9
0000040576821b79
0000040576822d79
0000040576829b39
000004057ea3b659
000004057ea3b6f9
000004057ea3bdb9
000004057ea3d4b9
000004057ea40fb9
000004057ea42019
000004057ea420f9
000004057ea43bf9
000004057ea4a399
00000405ebc99699
000004063bde8739
000004065d243939
000004065d247c39
000004067ab9edd9
000004067aba79f9
000004069e44a659
000004069e44fe79
000004069e44fef9
000004069e4505d9
000004069e450cb9
000004069e451619
000004069e454079
00000406c9893799
00000406d3ee39d9
00000406e6453359
00000406e6454c39
00000406f826e959
0000040721f637f9
0000040721f63f79
0000040721f64519
0000040721f64759
0000040721f65039
000004073c35aa99
000004073c35ab59
000004073c35ac39
000004073c35b6d9
000004073c362819
00000407483ed9b9
000004077e44bff9
000004077e44c099
000004077e44c759
000004077e44d079
000004077e44d339
000004077e44d3d9
000004077e44dab9
000004079f717879
00000407a79003d9
00000407a7901639
00000407ad3210d9
00000407c10bf839
0000080fa3ad6261
0000000000f47b71
0000000000000181
00000407d6fe56b9
000004082df8b619
000004085c361db9
0000040864fae239
000004089858d6d9
00000408cdb34af9
00000409257b91f9
000004093dfa1a19
000004094309ac79
0000040981122c59
0000040988c7a8d9
0000040988c7b039
0000040988c7bbf9
00000409a78021b9
0000040a0f8b6cb9
0000040a0f8b6d39
0000040a0f8b7e19
0000040a0f8b82d9
0000040a0f8b8379
0000040a0f8b9a59
0000040a0f8b9b19
0000040a0f8b9f39
0000040a0f8baa99
0000040a0f8bab59
0000040a0f8bb9f9
0000040a0f8bbb59
0000040a0f8bc8d9
0000040a0f8bcd99
0000040a0f8be2d9
0000040a708efa19
0000040a708efa99
0000040a708efad9
0000040a708f0179
0000040ac6741019
0000040ad7de98f9
0000040b028e34b9
0000040b04b11879
0000040b04b134f9
0000040b04b147f9
0000040b04b15a59
0000040b04b1ccd9
0000040b04b289b9
0000040b1ca7e039
0000040b1ca7e299
0000040b72a43779
0000040b773f4db9
0000040b773f5519
0000040b773f5f19
0000040b873405b9
0000040b873413b9
0000040b873421d9
0000040b87342cb9
0000040b9a6a2ab9
0000040bbd774d59
0000040bbd774ef9
0000040bbfe51fb9
0000040bbfe52ff9
0000040c076d90b9
0000040c076d9139
0000040c076d9179
0000040c076d9819
0000040c4cb7baf9
0000040c9a5f7f79
0000040ca1488919
0000040ca1488999
0000040ca1489079
0000040ca70d7bd9
0000040cbd42d779
0000040cd87dfd19
0000040cd87dfed9
0000040cd87e0479
0000040d7cbcf599
0000040d7cbcf639
0000040d7cbcfcf9
0000040d7cbd2899
0000040d7cbd5339
0000040d7cbd5999
0000040d9367acb9
0000040d9367c379
0000040d9367fd99
0000040d9367ff59
0000040d93680919
0000040daf5fb7f9
0000040daf5fc799
0000040dde6ab8d9
0000040df1460ab9
0000040df1466839
0000040e0f23bb99
0000040e119a9d39
0000040e119ae919
0000040e119b4099
0000040e2abc2679
0000040e2abc2dd9
0000040e2abc5259
0000040e2abc61d9
0000040e2abc7719
0000040e2abc8719
0000040e2abc9e79
0000040e2abcb259
0000040e31254df9
0000040e48080719
0000040e625598b9
0000040eb77ac399
0000040eb77b05d9
0000040ecb893e19
0000040f28e5b759
0000040f2e6f68d9
0000040f2e6f6a59
0000040f2e6fa059
0000040f2e6fc3f9
0000040f2e6fdbd9
0000040f5c129059
0000040f5c1290f9
0000040f5c1297d9
0000040f5c12ad19
0000040f5c12deb9
0000040f5c133819
0000040f5c133f59
0000040f72967af9
0000040fcde8d979
0000040fcde8e939
0000040ff1116439
0000041023cbce99
0000041023cc1c39
000004103f4fc2f9
000004104a4e9bf9
000004104a4e9c99
000004104a4e9cb9
000004104a4ea359
000004104a4eedb9
000004107d85de39
00000410850933f9
00000410ae905ad9
00000410ec7815f9
0000041112ab2af9
0000041112ab3259
0000041112ab3c19
0000041112ab3f19
0000041112ab52f9
0000041112ab69b9
0000041112ab7e59
000004111c6493b9
0000082244185961
0000000000f47b71
0000000000000181
000004112c406ad9
00000411432aa639
00000411432abb19
0000041146a3f5f9
0000041146a435f9
0000041184ad3c79
00000411872601d9
0000041187266419
00000411d19985f9
00000411f9140e79
00000411fc69bd39
00000411fc69cf99
00000411fc7b4df9
00000411fc7b4e99
00000411fc7b5579
000004120796f759
000004120e9a9dd9
000004120e9a9f59
000004120e9aaf59
0000041222f2f699
0000041224030a59
00000412240382b9
0000041230bd0c19
0000041239b2ae99
0000041239b2af19
0000041239b2b5f9
0000041239b2c159
0000041239b2c1f9
0000041239b2c8d9
0000041239b2d759
0000041239b33d39
0000041239b34559
0000041248a46559
0000041248a4ceb9
00000412a3783eb9
00000412a51b79f9
00000412f9d62a39
000004130f2c7e39
0000041325af29f9
0000041327663979
00000413321a0f59
00000413321a0ff9
00000413321a16b9
000004136e66e439
000004136e6705d9
000004137c17d3f9
00000413cc514099
00000413d180af59
00000413ddc609d9
0000041400326d79
0000041400326e19
00000414003274d9
0000041400327d19
000004142db3e6b9
00000414d0414339
00000414d041beb9
0000041503461059
00000415034610f9
0000041503461219
00000415034617b9
0000041507f9c559
0000041507f9d279
000004151f4356b9
0000041520d092b9
0000041520d10059
000004154564a719
000004154564b7d9
000004154564b879
000004154564bf39
000004154564cc39
000004154564dc19
000004154564f959
00000415456514d9
000004156c09bc99
000004159aea0c99
0000041618425c39
0000041631b1b719
000004163b7b32b9
000004163b7b3339
000004163b7b6d19
000004163b7b6eb9
000004163b7b8119
000004163b7b9239
000004163b7ba2d9
000004163b7ba379
000004163b7ba719
000004163b7baa59
000004163b7bb1b9
000004163b7bb299
000004165e48ccd9
000004165e48ee99
0000041667ca7339
000004168f403d79
000004168f40a299
00000416aef81519
00000416d4032539
00000416ddc08db9
0000041706cb3fb9
0000041706cb41b9
00000417523b3619
000004179d3c6279
000004179d3c69d9
000004179d3c6ad9
000004179d3c7199
000004179d3c7299
000004179d3c7419
000004179d3c77f9
000004179d3cc1b9
000004179d3cca19
000004179d3cd119
00000417af0113d9
000004182d79a4d9
000004182d79a559
000004182d79a6d9
000004182d79ac39
000004182d7a32d9
0000041849d16179
000004184b32a059
000004184b32f999
0000041875e716f9
0000041876882c59
00000418880a4459
00000418aa576119
00000418aa57ecd9
00000418aa5804b9
00000418aa580759
00000418c1a20519
00000418c1a21419
00000418f1b32679
00000418f1b33e99
0000041924f3ead9
0000041924f3fcd9
0000041924f3fe99
0000041924f40019
0000041924f400b9
0000041924f40439
0000041924f41a19
0000041924f41ab9
0000041924f42979
0000041924f48679
00000419364eba79
000004193b190899
0000041940361959
0000041940361a19
00000419403620d9
0000041940362819
00000419403628b9
0000041940362af9
00000419441e3e39
0000041978981bb9
0000041978982cd9
00000419a2924a79
00000419c068cd79
00000419cd865a79
0000041a6671e079
0000041a6deadcd9
0000041a6deaec79
0000041a6deaf099
0000041a6deb2819
0000041a6deb36d9
00000834e4835161
0000000000f47b71
0000000000000181
0000041aa5029ef9
0000041ab44b9559
0000041ab44ba4d9
0000041ab44baa99
0000041ae3e3ba39
0000041af0d2ced9
0000041af0d356d9
0000041af0d38119
0000041af0d3d219
0000041af87a9039
0000041af87a91d9
0000041b0f55a8f9
0000041b14f9cf79
0000041b14f9dfb9
0000041b14f9e059
0000041b14f9e719
0000041b14f9eef9
0000041b14f9f039
0000041b14fa3239
0000041b15b11339
0000041b1a88ac99
0000041b316cc619
0000041b316cc7d9
0000041b316cce19
0000041b316cceb9
0000041b316cd379
0000041b316d1379
0000041b316d4639
0000041b7d540239
0000041b8a85ba79
0000041ba5469919
0000041ba546a099
0000041ba546a919
0000041ba546ad59
0000041bbb28cad9
0000041bf9597ad9
0000041bfe950099
0000041c1069a4d9
0000041c11349bd9
0000041c1bab3039
0000041c28d0a0b9
0000041c28d0a839
0000041c28d0af39
0000041c28d129f9
0000041c343683b9
0000041c57baf039
0000041c57bb00b9
0000041c7e6f7219
0000041c879452f9
0000041c8bdf5c39
0000041c8bdf6b19
0000041c8bdf6f99
0000041c8bdfa939
0000041cba2edff9
0000041ccd143e79
0000041cdbabfd39
0000041cdbac11f9
0000041cdbac1299
0000041cdbac1959
0000041cdbac2559
0000041cdbac7599
0000041cdbac9579
0000041cdbaca3f9
0000041cfb06ba79
0000041d32fd4a39
0000041d32fd82d9
0000041d3dec18d9
0000041e4e4f4239
0000041e53f05d79
0000041e5ed44399
0000041ed4182839
0000041ed85e0819
0000041ef92fcf19
0000041f03434e39
0000041f03435599
0000041f03435eb9
0000041f03436079
0000041f03436159
0000041f0343f939
0000041f0343f9b9
0000041f1b640479
0000041f1b6416b9
0000041f294e8999
0000041f37630799
0000041f37630f19
0000041f37631839
0000041f376322f9
0000041f376331f9
0000041f37637d79
0000041f568bda59
0000041f59399199
0000041f5939c6f9
0000041f607ba5b9
0000041f8448bc19
0000041f8448f1b9
0000041f84490d19
0000041fc474b599
0000041fc55d0c99
0000041fea04b7b9
0000041fea04c7f9
0000041fea04c939
0000041fef00cb99
0000041fef00dc39
000004200b34ef79
000004200b350019
000004200fe16fd9
00000420300be099
00000420592ff079
00000420592ff279
0000042059304b99
00000420a41f1839
00000420a69012d9
00000420a72288f9
00000420dfcd5c99
00000420f792de39
00000420f792e559
00000421513c3539
00000421513c4379
000004217581b239
0000042189d38b99
00000421903adf19
00000421b0bffe79
00000421ba8ba4b9
00000421ba8bb599
00000421e184efb9
00000421e1850419
00000421e1851399
00000421e1852559
00000421e1857619
00000421fb6d5c99
00000421fb6d6db9
000004220f86bef9
000004220f86c659
000004220f86cc39
000004220f872c39
00000422375131b9
0000042237513919
00000422375142f9
00000422599173f9
0000042259918419
00000422599184b9
0000042259918b79
000004225991ba39
0000042286ae4359
0000042286ae43f9
0000042286ae4ab9
0000042286ae5519
0000042286ae57b9
0000042286ae59b9
0000042286aeaf99
0000042286aebdf9
00000422ac8d1779
000004233e520ff9
000004233e521779
000004233e526cf9
00000423a41daf59
00000423a41dc579
0000084784ee4861
0000000000f47b71
0000000000000181
00000423d6093a59
00000423f41a1c39
0000042411543579
00000424283341b9
000004243c31db99
000004243c31e319
000004243c31ef39
000004243c3234f9
000004243c3236d9
00000424753b18d9
000004247ac9f919
00000424a886cfd9
00000424a886deb9
00000424a886ef99
00000424bba134d9
00000424bba15239
00000424c95be319
00000424da6d86b9
00000424da6dafb9
00000424e5614d59
00000424feeba659
00000424feebadb9
00000424feebb4b9
00000424feebd9f9
00000424feec0719
00000424feec0e99
00000424feec1ef9
00000424feec2f39
00000424feec3939
00000424feec40f9
00000424feec5dd9
00000424feec78d9
00000424feec9b39
00000424feecffb9
00000425285b5579
00000425285b8939
00000425285bb239
00000425285bc639
00000425285c52b9
000004252eb0e479
000004254d90c699
000004256205d099
000004256205d119
000004256205d7f9
00000425654ad339
0000042566a758b9
000004256a3a9079
00000425833adbb9
000004258804ccf9
0000042588052ab9
0000042588052b59
000004259862e3f9
00000425a4934079
00000425a49355f9
00000425ca062819
000004262439ba99
00000426529126f9
0000042652912e79
0000042680f9fa19
0000042680fa06f9
0000042680fa0f99
0000042680fa36b9
0000042680fa4619
0000042680fa5c59
0000042680fa7eb9
0000042680fa9039
000004268601b859
000004268601b8f9
0000042693236a99
00000426d1955179
00000426e2880d39
00000426e2881cf9
00000426e28857b9
00000426e5307ff9
00000426e53090b9
0000042700100b19
0000042708894559
0000042708894cb9
000004270889a519
0000042743b85c59
0000042743b87179
0000042743b878f9
0000042743b8de99
0000042743b8e5f9
0000042743b952d9
0000042747698cb9
000004274769a259
000004274769b3b9
00000427476a2ab9
0000042753ccb639
00000427c198f1d9
00000427c1995ed9
00000427f428d099
00000428024b0d59
000004282d89dbf9
0000042842b139d9
0000042842b149b9
00000428576507f9
0000042874bdb459
000004288d87e499
0000042890be6799
0000042890be7559
0000042893672b19
0000042893672bb9
0000042893673299
000004289367e459
00000428b2575df9
00000428d30369b9
00000428d3038099
00000428d30381f9
00000428d3038699
00000428d3039379
00000428d303a319
00000428d303aa99
00000428d303b419
00000428d303b7d9
00000428d303ff19
00000428e33d87b9
0000042912886739
000004291de8d079
0000042922ade479
0000042922adfe19
0000042922ae0599
0000042922ae1979
0000042922ae3239
0000042922ae3479
0000042922ae3e79
0000042922ae8b39
00000429244b70f9
00000429244b8799
000004292e2ccb59
000004292e2cd8d9
0000042937827579
00000429378286d9
0000042937829679
000004294b2eadf9
0000042969be76f9
000004297f4f2e19
00000429872ae859
00000429af8e6b39
00000429af8e7a99
00000429af8eabd9
00000429fc3247d9
00000429fc325b79
00000429fc3272b9
00000429fc3283b9
00000429fc328839
00000429fc32a219
00000429fc32b7b9
00000429fc32d7d9
0000042a13431bd9
0000042a13437839
0000042a2cb65e59
0000042a37c2e6d9
0000042a3c58a279
0000042a4a03dbb9
0000042a8b296079
0000042a97fdb079
0000042aa9066c79
0000042aa9067d39
0000042aa906c2f9
0000042aa906d439
0000042ab6fefe99
0000042ace042dd9
0000042ae33e9bb9
0000042b103d55d9
0000042b103d71d9
0000042b103d9319
0000042b103df679
0000042b3bdc19b9
0000042b556a2a39
0000042b556a3b39
0000042b7fbc1bd9
0000042bb8786479
0000042bb8786519
0000042bb8786bd9
0000042bb8787479
0000042bb8788339
0000042bb8788919
0000042bb8788a79
0000042bc6758e59
0000042bcfdb46d9
0000042bdaf7b979
0000042bdaf7ba19
0000042bdaf7baf9
0000042bdaf7c0f9
0000042bdaf7eff9
0000042bdaf84b79
0000042c085f60b9
0000042c172ea339
0000042c172eb139
0000042c172ebc39
0000042c172ec3b9
0000042c172eed19
0000042c172eedb9
0000042c172efb59
0000042c172f01f9
0000042c714b1eb9
0000042c7bcaa579
0000042c8f2e79b9
0000042c8f2e7a79
0000042c8f2e8139
0000042c8f2e8d39
0000042c8f2ec4d9
0000042cac668bb9
0000042cb8da80b9
0000042ce1b8cd19
0000042ce1b8ddf9
0000042d11961ad9
0000085a25594061
0000000000f47b71
0000000000000181
0000042d1557d359
0000042d368b4239
0000042d368b54b9
0000042d368b5859
0000042d368b70d9
0000042d368b7179
0000042d368b72b9
0000042d368b7859
0000042d368b7ff9
0000042d368b8079
0000042d368b8759
0000042d368b8dd9
0000042d368b9359
0000042d368b93f9
0000042d368b9ad9
0000042d368ba719
0000042d368be479
0000042d3ba1f639
0000042db7813919
0000042dbfe1c499
0000042dbfe235f9
0000042dbfe23699
0000042e7889fcf9
0000042e788a0459
0000042e788a0b99
0000042e788a0c99
0000042e788a1c79
0000042e788a20f9
0000042e788a29d9
0000042e8d9563d9
0000042ebf890fb9
0000042edfa9c9b9
0000042edfa9dbf9
0000042edfaa2b99
0000042f0f059df9
0000042f2997d699
0000042f3f0a44b9
0000042f4edc7799
0000042f5b3b6b99
0000042f5b3b6c39
0000042f5b3b6c79
0000042f5b3b72f9
0000042f5b3b7ed9
0000042fa4de56f9
0000042fa4de5e79
0000042fae015df9
0000042fb2b46ff9
0000042fb2b48039
0000042fccf5d279
0000042fccf64839
0000042fccf69699
0000042fccf69a99
0000042fccf69b19
0000042fccf6b739
0000042ffdab8d59
0000043023c7c5b9
000004307f115579
000004307f1167f9
000004307f11bbb9
00000430ae2e4179
00000430b6bf9e99
00000430b6bfa619
00000430b6bfadf9
00000430b6bfb439
00000430c8022579
0000043107d89d19
000004314ae7b619
000004316f254e79
00000431739f25b9
00000431739f38b9
00000431739f4a39
00000431739fac99
00000431ad5ed1b9
00000431c7393d99
0000043230d1d139
0000043235cdbb39
0000043235cdcbb9
0000043235cdcd79
000004325f4eb4b9
000004325f4ebc19
000004327b885d19
00000432a4e890f9
00000432a8dfe6b9
00000432d74098b9
00000432d740ac19
000004335238ef19
000004335ea843d9
000004335ea8c919
000004337eeb89d9
00000433ba5b1779
00000433be45bdb9
0000043459abb479
0000043459abb519
0000043459abbbf9
0000043459abc4d9
0000043459abd019
000004346ea030b9
00000434d9e59539
00000434d9e63499
00000434ea23b0b9
0000043543d6dad9
00000435aa8813d9
00000435d0d36fd9
00000435d1caf0b9
00000435d2d122f9
00000435f0bddf59
0000043660ede599
0000086cc5c43761
0000000000f47b71
0000000000000181
00000436d2bcc6b9
00000436e63e4919
00000436e63e5079
00000436e63e9539
00000436ff9157b9
00000436ff915f19
0000043726ec9839
0000043726ecabb9
0000043726ecbd39
0000043726ece639
0000043726ed1499
000004373d4cf919
000004373d4cfab9
000004373d4d0099
000004373d4d0db9
000004373d4d6f79
000004375243e799
000004375243f919
000004375db9b759
000004375db9ca99
000004375db9d179
000004377c2dc2b9
00000437a1e2d2f9
00000437f5160179
00000437f51608d9
0000043804c3a379
00000438592ee839
00000438592eef99
00000438592f0379
00000438592f0419
00000438592f0459
00000438592f0af9
00000438592f13b9
00000438592f2079
00000438592f5fb9
000004388dc29619
00000438916db9d9
00000438916dc159
00000438a38e9379
00000438b3b37359
00000438eb3f93f9
00000438f6589099
00000439042e8d39
00000439042e9499
00000439042ea379
00000439042ee079
00000439042f5879
0000043920551939
00000439205519d9
0000043920552099
0000043920552c79
0000043920554219
0000043920559179
00000439210164f9
000004396bf0fad9
000004397d326559
0000043998ef36f9
000004399be0b679
000004399be0cc39
00000439ae7a9cb9
00000439ae7aae79
00000439ae7aaf59
00000439cf38ed19
00000439d7493a59
00000439d74941b9
00000439d749a099
00000439f932c4d9
00000439f932cc59
00000439f932d3b9
00000439f932d9b9
00000439f932ea79
00000439f932eb19
00000439f932eb39
00000439f932f159
00000439f93302d9
00000439f9330cf9
00000439f9331bd9
00000439f9331c79
00000439f9331ef9
00000439f9332dd9
00000439f9333399
00000439f9335f39
00000439f9336939
00000439f9336b39
00000439f9337459
00000439f933d559
00000439f933e5f9
0000043a5d59a619
0000043a605d5c39
0000043a605d6fd9
0000043a605d7d59
0000043a73266f59
0000043a73267e39
0000043ab064dc39
0000043ab064dcb9
0000043ab064ee39
0000043ad20fa059
0000043ae2df56f9
0000043ae8f96859
0000043ae8f96fb9
0000043ae8f97bf9
0000043ae8f98059
0000043ae8f9a399
0000043ae8f9a419
0000043b1c4292f9
0000043b1c429a59
0000043b3c442ab9
0000043b55eba5f9
0000043b55eba699
0000043b55eba7b9
0000043b55eba6d9
0000043b55ebad79
0000043b55ebb619
0000043ba79a0779
0000043bb5adf5b9
0000043bbd628339
0000043bbd6294d9
0000043bcf3f08b9
0000043bed2487b9
0000043c5c3392b9
0000043c5c339339
0000043c8e78d919
0000043c9d938cf9
0000043cd4031eb9
0000043cd40330f9
0000043cd40343b9
0000043cd4036ad9
0000043cd4036b59
0000043cd4036c79
0000043cd4036d39
0000043cd4037239
0000043cd4037419
0000043cd4037a79
0000043cd4037bb9
0000043cd4037ff9
0000043cd40397f9
0000043cd403aa59
0000043cd4040959
0000043cd67a4499
0000043cd67a46d9
0000043cd67a4bf9
0000043cd67a8d79
0000043cd67a8df9
0000043cdd388c79
0000043cf3604499
0000043cf3604bf9
0000043cf3605859
0000043d026290b9
0000043d751d48f9
0000043d77ef7d79
0000043d7d5233f9
0000043d7d524959
0000043d7d5249f9
0000043d7d524b19
0000043d7d5250d9
0000043d7d52a2d9
0000043d7d52aa59
0000043d7d52aad9
0000043d7d52bff9
0000043d7d52eab9
0000043d949a4419
0000043de2a18659
0000043def6a99d9
0000043e586c5bb9
0000043e7d842379
0000043e7d842559
0000043e7d842ad9
0000043e9bb78d99
0000043e9bb7ad59
0000043e9bb815b9
0000043e9bb82279
0000043f11a87f59
0000043f198eceb9
0000043f572d77d9
0000043f572d7999
0000043f572d8919
0000043f572d9199
0000043f9fce22d9
0000043fa720b5f9
0000087f662f2f61
0000000000f47b71
0000000000000181
0000043ff5aff2d9
0000043ff5affa39
0000043ff5b00379
0000043ff5b00559
0000043ff5b04fd9
0000044033cf56d9
000004409b01bcb9
000004409b01cc79
000004409b01cd39
00000440ac7f02f9
00000440ac7f0a59
00000440ac7f1499
00000440ac7f1559
00000440ac7f1c39
00000440c25135f9
00000440c6488899
00000440c6489b99
00000440c648f479
00000440f429d639
00000440f5aff839
00000441160364f9
000004414f6cf699
000004414f6cf719
000004414f6cfdf9
000004414f6d08d9
000004414f6d0a99
000004414f6d1c99
000004414f6d1f79
000004414f6da519
000004414f6dc199
000004416248b619
00000441839e4cb9
00000441839e5a19
00000441839e5d59
000004419b3d07f9
000004419b3d0899
000004419b3d09b9
000004419b3d0f59
000004419b3d1439
000004419b3d15d9
000004419b3d1679
000004419b3d3099
000004419b3d6979
000004419b3da1f9
00000441c6171839
00000441c8d774b9
00000441f1590f19
00000442004ea3f9
0000044217f30ef9
000004423c045bd9
000004424b38db99
000004424b393999
00000442628dba39
00000442628dc7b9
000004428d398f39
00000442c6cb3e39
00000442c7d11899
00000442e991afb9
00000442e991c0d9
00000442e991c179
00000442e991c319
00000442e991c839
00000442ea1668b9
00000442ea167a39
00000442ea167ad9
00000442ea168199
00000442f79237b9
00000442f7924d79
000004430b455599
000004431e3d4759
0000044332987ff9
0000044354b35259
000004438aadd9f9
000004438d2a1cb9
0000044394aa47b9
00000443b2a3be39
00000443b2a3da19
00000443b2a472f9
00000443dbf0e379
00000444150236b9
0000044415026f59
0000044419b1e599
000004443ad76c99
000004443de8ff79
000004443de901f9
000004444468fa99
000004444662e039
00000444531af139
00000444a9149a79
00000444a91501b9
00000444c89c60d9
00000445051d22d9
00000445051d2a59
00000445051d5ff9
00000445051d6f99
0000044530ea6519
0000044530ea7579
0000044530ea75f9
000004456393d779
0000044573e07559
000004459897c6b9
000004459897c739
000004459897ce19
000004459897d5f9
000004459897dc19
00000445bd868119
00000445bd8682d9
00000445bd868879
00000445bd868eb9
00000445bd868f59
00000445bd869619
00000445bd8699d9
00000445bd869a79
00000445bd869c19
00000445bd86d799
00000445bd86f059
00000445c4c23539
00000445eb317079
00000445eb318119
000004461fca0859
000004469c7bc5f9
00000446b6a7c279
00000446b6a7d959
00000446cc1d07f9
000004472f510399
000004472f510b19
000004472f511579
000004472f5117f9
000004472f512af9
000004472f515d79
0000044748747df9
0000044751cc4719
0000044784280859
00000447912b8af9
000004479c85d299
000004479c85da19
000004479c8651f9
000004479c865299
000004479c865979
000004479c866079
000004479c866a59
00000447a9805b99
00000447bb37e2f9
00000447fdc26579
0000044810067a59
00000448162b6999
00000448162b7119
00000448162b7b39
00000448162b7c99
00000448162b7e99
00000448162b81b9
00000448162b91f9
00000448162ba999
00000448162baa39
00000448162bebf9
00000448162bec99
00000448162bf379
00000448162bfc79
0000044822427259
000004482332dd99
000004482332efb9
0000044823333ad9
0000044823334c99
000004485d4ca179
000004485d4ca1f9
000004485d4ca2d9
0000044875d2c899
00000448b0819d19
00000448ca3feaf9
00000448e496f039
00000448e4972c19
00000892069a2761
0000000000f47b71
0000000000000181
000004493f3829b9
00000449647fb099
0000044964802119
0000044988c2c619
0000044988c2cd99
0000044990de4179
0000044990de4219
0000044990de4379
0000044990de48f9
0000044990de4a19
0000044990de57d9
0000044990de5bf9
0000044990de63d9
0000044990de6b99
0000044990de8b19
0000044990de9cf9
0000044990dea059
0000044990dea2f9
0000044990dec259
0000044990dec2f9
0000044990dec9d9
0000044990ded3b9
0000044990ded5b9
0000044990df18f9
0000044999eef579
000004499ce377d9
000004499ce38899
00000449ab50c7f9
00000449bf260419
00000449bf2661b9
00000449c63d05f9
00000449ca2d2959
00000449d476af79
00000449d6bf2b19
00000449df536b39
00000449df536bd9
00000449df5372b9
00000449df53a0b9
00000449df53cc59
00000449fdc7a259
00000449fdc7a9d9
00000449fdc7b239
00000449fdc7b439
0000044a00e0a0d9
0000044a00e0be39
0000044a1b0baf59
0000044a68721119
0000044a68724699
0000044a687263b9
0000044a73bb4299
0000044a863f3f39
0000044a9fad1679
0000044aae4c4ed9
0000044af66ee859
0000044b54d41859
0000044b7fb5afb9
0000044b7fb5b739
0000044b7fb5c0d9
0000044b9b40e8d9
0000044b9b40fed9
0000044b9b410039
0000044bebec7619
0000044bebec8fd9
0000044bfdea7839
0000044c79341899
0000044c80c8efd9
0000044caae0e719
0000044caae132f9
0000044caae15cb9
0000044caae17379
0000044caae196b9
0000044caae1ccd9
0000044cb9fb72f9
0000044d24d33299
0000044d2b16c499
0000044db8228579
0000044db8229a79
0000044dc16ee359
0000044e4b260319
0000044e5f38abd9
0000044e67b2de79
0000044e876422f9
0000044e92c666b9
0000044e92c66759
0000044e92c66e19
0000044e92c67b79
0000044e92c6b4b9
0000044e92c6e659
0000044e92c72d59
0000044e92c73f99
0000044eabb4dab9
0000044ee97ddc19
0000044f134e1a39
0000044f456f1259
0000044f7fe1fc79
0000044f828b64f9
0000044f828bc859
0000044f828c3bb9
0000044f828c4e79
0000044f94b430d9
0000044fb648f159
000004500f4625f9
000004509fc0adb9
000004509fc0b519
00000450b6480d39
00000450f07318d9
00000451051959b9
0000045105195a39
0000045105196bb9
000004510519be19
0000045106fa8639
0000045160cf6a59
0000045160cf7779
000004517d9c3299
000004517d9c49d9
000004519a939319
00000451b994d159
00000451b994d1f9
00000451b994d8b9
00000451b994e199
0000045250851dd9
000008a4a7051e61
0000000000f47b71
0000000000000181
0000045276685259
0000045277dcdad9
0000045277dce5b9
0000045277dce759
000004527d3d2f39
0000045286562499
00000452865636d9
0000045286564679
0000045286564839
00000452865648d9
0000045286565879
0000045286569bf9
00000452ff89d979
00000452ff89f5f9
00000452ff8a1599
000004531d6f79f9
000004531d6f96b9
000004531d6fe9f9
000004532b4f5e39
000004532b4fd5d9
0000045369240999
000004536d681499
000004536d682899
0000045382371879
0000045385588139
0000045390677279
000004539067e2b9
0000045395e27399
0000045395e2b919
00000453abcf90d9
00000453cda67779
000004542ed4d119
000004542ed4d879
000004542ed515b9
000004542ed51639
000004542ed51779
000004542ed51eb9
000004542ed52219
000004542ed52e79
000004542ed54599
000004542ed554d9
000004542ed56a19
000004542ed56f79
00000454a5664539
00000454b69d8859
00000454c9d9ecf9
00000454c9d9fd79
00000454f625c319
000004553308c099
00000455492f5239
00000455492f6239
000004558b1f32b9
000004558b1f44f9
000004559812db19
000004559812e279
000004559812e7f9
0000045598134e99
0000045624413c39
000004563a247899
000004564c380e59
000004567dcdf8f9
0000045689b17eb9
00000456b1b40b39
00000456d0442279
00000456d0443439
00000456d04434f9
00000456e22ee5d9
00000456e22f1a79
00000456e4a33ff9
00000456e4a399f9
00000456e4a3adb9
00000456e4a3d499
00000456f05ffa39
000004572cda6639
0000045742f52779
000004574b204139
000004575fb38299
000004575fb38a19
000004575fb44bb9
000004579cb8fb19
000004579cb90299
000004579cb94119
00000457bc1a5eb9
00000457bc1a5f19
00000457bc1a6019
00000457bfb69919
0000045825f9c1b9
0000045825fa34b9
0000045828e5c8f9
000004583e46ead9
000004583e4754d9
00000458680660b9
0000045875bf7e39
0000045875bf8d59
00000458aabbd579
00000458aabbdcd9
00000458b11dd099
00000458bdaa7bf9
00000458bffffbf9
00000458c0000379
00000458c0000b79
00000458c0000c99
00000458c0001219
00000458c00077d9
00000458c0009359
00000458c30cd7d9
00000458c30cecf9
00000458d3cd8d59
00000458f8c5f999
000004592e555259
00000459a9957559
00000459a9958579
00000459bb4d00b9
00000459e04a3939
0000045a13aa5b19
0000045a44886459
0000045a4fd4ce39
0000045a4fd4ced9
0000045a4fd4d599
0000045a4fd4ddf9
0000045a4fd4deb9
0000045a4fd4f039
0000045a4fd587b9
0000045a4fd5eef9
0000045a4fd652d9
0000045a5f7d2f79
0000045a5f7d8a99
0000045a9b529a19
0000045a9b529a99
0000045a9c90b219
0000045a9c90b979
0000045aa5f85a59
0000045af5290979
000008b747701661
0000000000f47b71
0000000000000181
0000045bab7f6299
0000045bab7f7299
0000045bab801299
0000045bab8025f9
0000045bc7cd9059
0000045bcb6a06d9
0000045bcb6a0859
0000045bcb6a1e99
0000045bd3da81b9
0000045be0f00df9
0000045be9ad7299
0000045be9ad8399
0000045be9ad9619
0000045bf26f3319
0000045bff565679
0000045c08dcfb39
0000045c28e2f439
0000045c306347b9
0000045c306365f9
0000045c48f5c7b9
0000045c48f5c999
0000045c48f5cf39
0000045c48f5e059
0000045c48f621f9
0000045c5ab84b19
0000045c5ab85ad9
0000045ca20579d9
0000045ca6b59499
0000045ca6b59bf9
0000045ca6b5baf9
0000045cbf807af9
0000045ccaa98b19
0000045cd12cab39
0000045cd12cabf9
0000045cd12cb2b9
0000045cd12cb8b9
0000045d123f16d9
0000045d46f665b9
0000045d46f66639
0000045d68482479
0000045d690412f9
0000045da1a4d3d9
0000045df87221f9
0000045df8722959
0000045e1373a399
0000045e4273aeb9
0000045e5db248b9
0000045e66f90cb9
0000045e79003419
0000045e833215d9
0000045ea751ab59
0000045edaf38219
0000045edaf382b9
0000045edaf39459
0000045edaf3fff9
0000045ef34f10f9
0000045f35c842f9
0000045f4722a939
0000045f4722a9b9
0000045f55813639
0000045f558147d9
0000045f88376999
0000045f8ab06fb9
0000045f8ab08619
0000045fd8f3d4d9
0000045fdba72879
0000045fdba73a79
00000460131286f9
000004606bddba99
000004606bddc219
000004606bdde559
000004606bde2919
0000046082e952d9
000004608592de99
0000046085933339
00000460b2c81679
00000460b862e419
00000460bad767d9
00000460bad7d759
00000460c14b3f39
00000460e76a4619
00000460e76a46b9
00000460e76a4d79
00000460e76ad879
0000046106d5f259
0000046106d65379
000004612e452a79
0000046145573119
00000461455779d9
0000046154de3f79
0000046154de4019
0000046154de46d9
0000046154de65b9
0000046154de7679
0000046154de83f9
0000046154de9699
0000046154ded6b9
0000046154ded7d9
00000461621c3999
00000461621c4939
00000461621c5539
00000461621c66f9
00000461621c7ab9
00000461621cae59
00000461621cb139
000004616b224c99
000004616b22a3d9
00000461a75c5799
00000461a75c5839
00000461a75cbdf9
00000461dfad4a59
00000461dfad60b9
00000461dfad6239
00000461dfad63d9
000004621a7999d9
000004621a79add9
0000046256f62db9
0000046264480f59
0000046270ee9299
0000046283f11fd9
0000046283f12739
0000046283f131b9
0000046299bb5f59
00000462ef3fb4d9
000004630a88a359
000004635b2d03d9
000004635b2d54b9
0000046366e83fd9
0000046366e84759
0000046366e85179
0000046366e852b9
0000046377cbca99
0000046377cbcb19
000004638ea9f9b9
00000463c7697559
00000463e5b412b9
00000463ec74ab19
00000463ec74bc59
00000463ec74bdd9
0000046412a39919
0000046417b1c8f9
0000046417b1d6b9
00000464351e8b79
00000464351e8c19
00000464351e8d39
00000464351e8c59
00000464351e92d9
00000464351eb3f9
00000464351eb499
00000464351eb4d9
00000464351ebaf9
0000046442ef7e39
00000464433b27f9
00000464433b2879
00000464433b28b9
00000464433b2f59
00000464433b3f59
0000046469181cf9
000004649f237c39
000004649f237dd9
000004649f238399
00000464a911dd79
00000464a911e4f9
00000464a911f8d9
00000464b6fdb319
00000464e0509d39
000008c9e7db0e61
0000000000f47b71
0000000000000181
0000046553c75e39
000004656a2b3139
00000465902882b9
00000465a088ac99
00000465a088ad19
00000465a088b3f9
00000465a088bc79
00000465a088d3d9
00000465ab0c47b9
00000465ab0c4859
00000465ab0c4999
00000465ab0c4f19
00000465ab0c5c19
00000465ab0c70b9
00000465ab0c7139
00000465ab0c84d9
00000465ab0ca759
00000465ab0cc0f9
00000465ab0cea59
00000465c14975f9
00000465c5091959
00000465d9abbcf9
00000465dd05d7b9
00000466062e9eb9
00000466062e9f39
00000466062ea619
00000466062f0539
0000046618b3b059
000004662ae9e099
0000046632274919
0000046638d9d979
000004669045f619
0000046698f70319
00000466bae64a59
00000466bae65c39
00000466bae65fd9
00000466bae67479
00000466ea529ff9
00000466ea52a759
000004670039e499
000004674ab26779
000004674ab26ed9
000004675af7bf59
000004677bd20df9
000004677bd22219
00000467bce1f499
00000467bce20799
00000467c4d4c859
00000467c4d4c8f9
00000467c4d4c939
00000467c4d4cfd9
00000467c4d4d9f9
00000467c4d4ecb9
00000467c4d4ff59
00000467c4d508b9
00000467c63c3159
000004681c325e39
000004681c32b459
000004681c331819
000004681c3358b9
000004681c335959
000004681c336019
000004681c33e3f9
00000468272c08d9
00000468272c1df9
00000468272c1fb9
00000468272c2e99
00000468272c4f39
00000468272c64b9
00000468272c7119
00000468272ca719
000004683174b899
000004683174c019
0000046842b54699
000004685b273019
000004685b273879
000004685b2748f9
000004685b274bb9
00000468662542d9
000004688342b699
000004688342bdf9
000004688342c579
000004688342c699
000004688342c7b9
000004688342f1b9
0000046883430799
0000046883431839
0000046883433e79
0000046883439eb9
000004690c1d5719
00000469641c5e39
0000046982da52b9
0000046982da9cd9
00000469bcddbe19
00000469fe9056d9
0000046a0fd9b019
0000046a0fd9b0b9
0000046a0fd9b799
0000046a0fd9c159
0000046a23129499
0000046a2312f419
0000046a3d6a09b9
0000046a5a2f2f59
0000046a5f1577d9
0000046a821c08d9
0000046aa08da6b9
0000046aa19e1ff9
0000046ac393c9d9
0000046b0d3d5c79
0000046b36436059
0000046b3bed58b9
0000046bbfc622f9
0000046be5f7ef59
0000046c5a9fdbb9
0000046c73c3b999
0000046c73c40d79
0000046c7d9f71f9
0000046c87a571f9
0000046c8a012e39
0000046c9bb3a4b9
0000046ca5077f39
0000046cb07db299
0000046cb07dc139
0000046cb07dc6b9
0000046cfa13af59
0000046d04763df9
0000046d3c530b39
0000046d45aaed79
0000046d45b61099
0000046d4aeb9779
0000046d61709719
0000046d617097b9
0000046d7a412359
0000046d7a416319
0000046d87787d59
0000046daa402dd9
0000046ddc89fb39
0000046e43a72079
000008dc88460561
0000000000f47b71
0000000000000181
0000046e97f4e879
0000046ea36ef739
0000046ea36ef7d9
0000046ea36efe99
0000046ea36f0999
0000046ea456e819
0000046ea4575459
0000046ecd0e7899
0000046edbbb56d9
0000046eedfbd899
0000046f16a1d2f9
0000046f2d216379
0000046f2d216af9
0000046f2d2180f9
0000046f35cdbe79
0000046f45a20239
0000046f45a23639
0000046f45a2c8b9
0000046f66b21879
0000046f6c161cb9
0000046f70417119
0000046f704171b9
0000046f70417879
0000046f7041ebb9
0000046f8d0e3f39
0000046f934f59f9
0000046fbf473139
0000046fbf473899
0000046fbf474519
0000046fbf47a479
0000046fc10eb499
00000470a9e01b59
00000470a9e01bf9
00000470a9e022b9
00000470a9e04419
00000470d1ecb2b9
00000470ff336859
00000470ff3376b9
0000047112553559
000004711863d9f9
0000047118646739
000004712ac31959
000004712ac32a19
000004712ac356f9
0000047137ac5559
0000047158066719
0000047158068959
0000047181ab4899
0000047181ab5b59
0000047181ab5cd9
0000047196eb6b99
00000471be4676f9
00000471ff0f6a79
00000471ff0fdd19
0000047207c6fa39
0000047207c6fad9
0000047207c70199
0000047207c747b9
0000047244f975f9
0000047284fc3799
00000472cf7d96d9
00000472eae83f99
00000472eae84019
00000472eae846f9
00000472eae84fd9
00000472eae88699
000004732a5419d9
0000047336c60179
0000047338df48f9
0000047338df4999
0000047338df5079
0000047338df5859
0000047338df59b9
000004738126db39
000004738126ee99
000004738126f139
000004738d07e2d9
000004739943b559
00000473fd8e4d39
00000473fe44d799
0000047417f1c0d9
0000047425ad8999
0000047425ad9ab9
0000047425ad9b59
0000047425ad9d99
0000047425ada239
0000047425adaa39
0000047425adac19
0000047425adb1b9
0000047425adbdf9
0000047425adc6d9
0000047425addef9
0000047425adf0b9
0000047425adf299
0000047429992ff9
0000047429993079
000004744b8ecc59
000004744b8ecdf9
000004744b8ed179
0000047451737b59
000004746195d6f9
0000047478b3cb59
000004749304c739
00000474afbd4eb9
00000474afbd6299
00000474c3a36e19
00000474c3a37d39
000004751b3b8339
000004751feb1559
000004751feb7b19
0000047547c195d9
00000475727039d9
0000047581bf06d9
0000047596b0a139
00000475e320e839
00000475e320ed19
00000475e320f999
0000047656ffb619
0000047656ffc6b9
0000047656ffc7f9
0000047656ffd6b9
0000047656ffd739
0000047656ffd799
0000047656ffd919
0000047656ffe0f9
00000476830efe79
000004768ca3dbf9
00000476b82e0f99
00000476e62e6a59
000004775b067d59
0000047778ba9ed9
000008ef28b0fd61
0000000000f47b71
0000000000000181
00000477a6b24519
00000477a6b25d79
00000477a6b25f19
00000477a6b26d19
00000477a6b26db9
00000477a6b2ca99
00000477aea13499
00000477aec8c999
00000477f0d33319
000004780c5ddb19
000004780c5de279
000004780c5e05d9
000004780c5e3579
000004780c5e4e59
000004780c5e58d9
000004780c5e5df9
000004781807a7b9
00000478916b7159
00000478997fbdd9
00000478accaaa79
00000478e0b1afd9
00000478f8a36cd9
0000047912a35ab9
0000047912a38039
000004793e6b51f9
000004793e6b5979
000004793e6b60f9
000004793e6b6a79
000004793e6b6db9
000004793e6b6f59
000004793e6b6ff9
000004793e6b76b9
000004793e6b7f19
000004793e6b8319
000004793e6b8399
000004793e6b9899
000004793e6bc959
000004793e6be6d9
000004793e6bf1b9
000004793e6bf259
000004793e6c0339
000004793e6c4e99
000004793e6c8b19
0000047987bb6279
00000479e1f1c859
00000479e1f1c8f9
00000479e1f1cfb9
00000479e1f1d939
00000479f8628359
0000047a3cafa699
0000047a4f972f79
0000047a4f973039
0000047a4f9736f9
0000047a5cc18c39
0000047a5cc19ed9
0000047a799652d9
0000047a8601d479
0000047ad31e4cd9
0000047ad31e6179
0000047ae46730b9
0000047ae4674199
0000047ae4674279
0000047ae4674319
0000047ae4675739
0000047b0a5e8d99
0000047b1521ff99
0000047b15220039
0000047b152206f9
0000047b15221239
0000047b15223ef9
0000047b15224d99
0000047b15226159
0000047b1f412e79
0000047b828bd0b9
0000047b828bd819
0000047badb7f0b9
0000047badb7f819
0000047badb85259
0000047bb6b7ddb9
0000047bb6b7de59
0000047bb6b7e539
0000047bb6b811b9
0000047bd24a4119
0000047bd24a4199
0000047bd24a4ef9
0000047bd24a63d9
0000047bf526f219
0000047bf526fef9
0000047bfeb5de19
0000047c1f056fb9
0000047c1f05a559
0000047c29b270d9
0000047c29b27179
0000047c29b27839
0000047c29b28379
0000047c32e71359
0000047c32e72019
0000047c45a8fa39
0000047c45a911d9
0000047c629f7739
0000047c8566bdf9
0000047c85bf3af9
0000047cea99e359
0000047cea99f399
0000047cea9a0a19
0000047d66cbdf59
0000047d6d559c19
0000047d7a77b2f9
0000047dcec5fff9
0000047de1ab0579
0000047e3dc23c99
0000047e3dc243f9
0000047ea23dbdd9
0000047ece2a97b9
0000047ece2aa679
0000047ece2aaa39
0000047edc44e019
0000047edc44e1d9
0000047edc450cd9
0000047edc4548f9
0000047ee4d42c39
0000047ee837a399
0000047ee837b299
0000047ee837bed9
0000047f00109479
0000047f0010f4d9
0000047f0010f559
0000047f0010f699
0000047f0010f7b9
0000047f0010fc39
0000047f00110599
0000047f00110899
0000047f001157d9
0000047f00115f99
0000047f00116579
0000047f0b7b2239
0000047f0b7b3299
0000047f6a6b8cf9
000004801a3f68d9
000004801a3f75d9
000004801a3f7c99
000004801a3f8e19
000004805d4b0679
0000048070b98359
0000048070b9a2b9
0000048070b9ba59
0000048070b9c1b9
0000048070b9c999
0000048070b9f819
0000048070ba1239
0000048070ba2239
00000480a4783af9
00000480a4784fb9
00000480a4786059
00000480b168ac39
00000480ccb03c39
00000901c91bf561
0000000000f47b71
0000000000000181
00000480fa67c739
000004812679e939
00000481267a4e99
00000481267a6539
00000481267a7779
0000048158bf9519
00000481a2e5b919
00000481e23e1839
000004825a915699
000004826363d539
000004826363ecd9
0000048292b7cf19
000004829d025379
000004829d0267f9
000004829d026899
000004829d026f79
000004829d027ff9
000004829d0301f9
00000482a77bf139
00000482e1e54d19
00000482e1e55499
00000482ebdd9679
00000482ebddb519
00000482ebde6939
0000048308577499
0000048308577519
0000048308577bf9
0000048317a15479
0000048317a16559
0000048317a16d19
000004834dd9cdb9
000004834dd9d539
000004834dd9db79
000004834dda22f9
000004834dda4fd9
000004834dda6879
00000483724721d9
0000048390ec2199
00000483a2001bd9
00000483a2002ad9
00000483c3263279
00000483c3264199
00000483c32688f9
00000483da408f79
00000483da40d899
00000483e34f3cf9
00000483e34f3d99
00000483e34f3eb9
00000483e34f3dd9
00000483e34f4479
00000483e34f4bb9
00000483e34f4c59
00000483e34f5339
00000483e34f5cf9
00000483e34f6099
00000483e34f6219
00000483e34f62d9
00000483ec22ca99
00000483ec2339b9
00000484148ed439
0000048415f80e79
0000048415f823f9
0000048445e2c319
0000048445e2d539
000004845a220739
000004845a222519
000004845a2294d9
0000048471853359
0000048471853ab9
0000048471858799
00000484908a9e59
00000484908ab0d9
000004849f056e39
000004849f05fad9
00000484ad6e7879
00000484b2c0bad9
00000484badad639
0000048530a10699
0000048542c816d9
0000048567489d79
000004856748aeb9
000004856748aff9
000004856748d3d9
000004856748d479
000004856748d499
000004856d21ee39
0000048590966fd9
000004859bbeaef9
00000485bf473b59
00000485df8b96b9
00000485df8b9e39
000004861d7880f9
000004861d788199
000004861d788859
000004861d7898d9
000004863778bf39
0000048637791379
0000048637793e19
000004865a977219
000004865a9816b9
000004866f87c039
0000048679647af9
0000048682bb7b59
0000048682bbd019
0000048682bbd2f9
0000048682bbd679
0000048682bbe6d9
00000486b1bada19
00000486b6d36099
00000486bee137d9
00000486bee13839
00000486c7e55c19
00000486dc3dc959
00000486dc931819
0000048705ad01f9
0000048705ad0259
0000048705ad1259
00000487196d4c99
00000487323b4ad9
000004874c7ee399
0000048750b6b659
0000048750b6c659
0000048750b6d879
0000048750b6d919
0000048750b6dff9
0000048750b705b9
0000048750b72c79
000004878c37fb59
000004878c3802b9
000004878c380eb9
000004878c3822d9
000004878cd88bd9
000004878cd89339
000004878cd89ab9
000004878cd89cd9
000004878cd8e179
000004878cd8eb99
000004878fdc2819
000004878fdc3999
00000487eef710b9
00000487ff0af5f9
00000487ff0b50f9
00000488119b4cb9
000004881789d1f9
000004881789d299
000004881789d959
000004881d26abf9
000004881d26add9
000004881d26bc59
0000048836613159
0000048836618e59
0000048863b55899
00000488835b6bb9
00000488835b6c39
00000488835b7319
00000488835bb7b9
00000488835bb9f9
00000488835be479
00000488835bf639
00000488835c2ab9
000004888d7978f9
00000488b36888b9
00000488f0d62419
00000488f6144ff9
00000488ffae9d79
00000488ffaebdb9
00000488ffaf1bf9
00000488ffaf3579
00000488ffaf7519
0000048938fb9639
0000048938fb96d9
0000048938fb9719
0000048938fbb459
000004893c1aa6b9
0000048944c7d2d9
0000048944c7e739
0000048944c7fb79
0000048944c80219
0000048944c85399
0000048944c8a299
0000048944dd1bb9
000004894c291a19
0000048958563599
000004899eed4ed9
00000489c3b901d9
000009146986ed61
0000000000f47b71
0000000000000181
0000048a4468e3b9
0000048aa757a239
0000048aa757a2d9
0000048abd28fbb9
0000048b01dfa279
0000048b01dfa9d9
0000048b01dfb119
0000048b3410c339
0000048b8e20d819
0000048bc480b6d9
0000048c45ac3f39
0000048c873be219
0000048ca87180b9
0000048ca8718299
0000048ca8718839
0000048ca8719039
0000048ca8719199
0000048ca871e539
0000048ca871e939
0000048cb8899299
0000048cd59e5ef9
0000048cd59e7099
0000048d05942e19
0000048d05942eb9
0000048d05943579
0000048d489f0cf9
0000048d74f6fa99
0000048d74f75ff9
0000048d9f55da39
0000048da1701939
0000048da54dc3d9
0000048da54dd3f9
0000048da54de299
0000048da54df8f9
0000048da54df999
0000048dc2c85879
0000048df092c659
0000048e57ab80d9
0000048e57abfcf9
0000048e8cdfaa79
0000048f9b73a979
0000048fb0c041b9
0000048fb0c04939
0000048fbe779959
000004902d9f7e79
0000049031acd4f9
0000049031ace1d9
00000490365da1d9
0000049038ede9d9
0000049038edea79
0000049038edf139
0000049038edfa19
000004904d50c579
00000490852411b9
000004909e405939
000004909e4064d9
000004909e406f99
000004909e408099
000004909e40e419
000004909e40f479
000004909e40f539
000004909e40fbf9
000004909e410739
000004909e410799
000004909e410919
00000490f0254a39
00000490f02551b9
00000490f0257359
00000490f02573d9
00000490f0257ab9
00000490f0258f59
00000490ffe03299
00000490ffe04439
00000491a15966f9
00000491a1597859
00000491a1597979
00000491a772ca59
00000491a772d7d9
00000491a772d919
00000491a772d9f9
00000491a772db59
00000491a772ec99
00000491a772ee19
00000491a77321f9
00000491a7735b59
00000491a7735c59
00000491a77362f9
00000491a7736b19
00000491a7736d39
00000491a7736ef9
00000491a77387b9
00000491a7738ed9
00000491a7739699
00000491a7739ab9
00000491a773ab39
00000491a773ae79
00000491a773b3b9
00000491a773d019
00000491a773d699
00000491a773fa19
00000491a7740199
00000491a77443f9
00000491beec8299
00000491beec8339
00000491beec8359
00000491beec89f9
00000491beec9379
00000491beed1819
00000491beed6759
000004922bcb4a99
000004922bcb5a19
000004922bcb7e19
000004922bcb9179
000004922bcbc0f9
0000049233cafc99
0000049233cb69f9
000004923f58c839
000004925dbfa199
000004927bb76639
00000492aef39c19
00000492aef3aa19
00000492d1852579
00000492fb1dbc79
00000492fb1dbd19
00000492fb1dc3d9
00000492fb1e1e39
00000493345d6d99
0000049346bfcef9
0000049346c01379
000004936f4c1d99
000004936f4c2519
000004936f4c3979
000004936f4c86d9
000004936f4c8779
000004936f4c9659
000004936f4cba99
0000092709f1e461
0000000000f47b71
0000000000000181
00000493ae6e1d79
00000493b4c32259
00000493b4c34019
00000493c04dd879
00000493c0cbbcb9
00000494100d7f79
000004944a4e5819
0000049456b8cb79
0000049457ee6979
00000494743d6599
000004949500c099
000004949500c359
000004949500c719
000004949500d2f9
00000494a0ef3df9
0000049513b71059
0000049513b711d9
0000049545448059
000004955f8a31d9
000004955f8a3259
000004955f8a3379
000004955f8a4899
000004956a2acc59
000004956a2accd9
000004956a2ad3b9
000004956eb76899
00000495a69ec359
00000495a69ecad9
00000495a69ed499
00000495d78b8079
00000495f25af4f9
00000496188fce79
00000496244155d9
0000049624415d39
0000049624416299
00000496244167b9
0000049624417439
000004962441d139
0000049647eceef9
0000049647ed06d9
00000496739ee779
000004969303e059
000004969303f199
00000496a632d439
00000496d8ed82b9
00000496ec65f399
000004972340ac79
000004972340c0b9
000004972340cd19
000004972340d039
000004972340d319
000004973771ad79
000004973771ae19
000004973771ae39
000004973771b4d9
000004973771b9f9
000004973771e6b9
0000049760db1859
0000049760db1fb9
0000049760db3659
0000049760db3fb9
0000049760dba1d9
000004976ab21199
000004976ab28ab9
00000497810d9f79
00000497810da6d9
00000497bd0a02f9
00000497fdf716d9
00000498159d8e39
00000498159dd459
000004981958ac19
000004981958c299
000004981958c6d9
0000049835a104d9
00000498929f8559
00000498a7ecd9b9
00000498dcd35219
00000498ecbacd99
000004990b87b1d9
000004992c7ca939
000004992ca760b9
000004992ca77b79
000004992ca77c19
000004992ca782d9
00000499681e6679
00000499823dbdf9
00000499823dbe79
00000499823dc559
00000499823e1bd9
00000499b4c94299
0000049a0a42b059
0000049a0a42e6d9
0000049a21a7ffd9
0000049a3b554eb9
0000049a3b559ed9
0000049a57e18639
0000049a9eb6c679
0000049abfbf1999
0000049b70c978d9
0000049b8e4b1a19
0000049b9e7cb7d9
0000049b9e7cc819
0000049b9e7ccc79
0000049b9e7d1499
0000049b9e7d24d9
0000049babb06019
0000049bb3fdbff9
0000049bb3fdc779
0000049bb3fde559
0000049bb3fe4399
0000049be0646df9
0000049c279e1999
0000049c32812f59
0000049c5a09f439
0000049cb8705619
0000049ccd89d999
0000049ccd89e0f9
00000939aa5cdc61
0000000000f47b71
0000000000000181
0000049cd8cda699
0000049cf85908b9
0000049d15596619
0000049d155977b9
0000049d2267d759
0000049d2267d7f9
0000049d2267d8f9
0000049d2267deb9
0000049d2267e7f9
0000049d2267e939
0000049d66fffb39
0000049d6c6ba179
0000049daa635cd9
0000049dde46c3d9
0000049de24d79f9
0000049de24d7a79
0000049de73008f9
0000049de7305d19
0000049df48583f9
0000049e19053c19
0000049e66abca79
0000049e66ac3d99
0000049e6aecbb99
0000049e7f955e39
0000049e7f95ccf9
0000049ec4373959
0000049ec4374b39
0000049ec437a179
0000049f3381c3d9
0000049f3381d3b9
0000049f3381e719
0000049f3381fcb9
0000049f3867f3b9
0000049f3867fb19
0000049f43ef2f39
0000049f43ef2fd9
0000049f43ef36b9
0000049f43ef3ed9
0000049f43ef4279
0000049f43ef4319
0000049f43ef4359
0000049f43ef4bd9
0000049f43efb419
0000049f4ee368d9
0000049f4ee37d99
0000049f74d05f79
0000049f74d05ff9
0000049f958be2b9
0000049fb3612dd9
0000049fc92e37d9
0000049fc92e4699
000004a018dbb599
000004a018dbc599
000004a0190e2dd9
000004a08d650e39
000004a11e86c4d9
000004a11e86c559
000004a11e86c739
000004a11e86cc39
000004a146338e39
000004a151a98839
000004a15a502c39
000004a15a503c39
000004a15a503f39
000004a15a506a79
000004a1c915b2f9
000004a21ddafab9
000004a21ddafb39
000004a21ddb07d9
000004a21ddb2e99
000004a21ddb4f99
000004a25a249939
000004a2a2622c19
000004a2a2622e59
000004a2a2624079
000004a2a2627459
000004a2f4406f79
000004a2f9474f59
000004a375a95479
000004a375a96ad9
000004a375a96b59
000004a375a979d9
000004a37be159d9
000004a37be16139
000004a37be169f9
000004a37be18d99
000004a37be1d759
000004a3c5d30cf9
000004a3dc27b8b9
000004a3ecee1cd9
000004a3ecee22f9
000004a3f0e8df59
000004a3f0e8eeb9
000004a404a54eb9
000004a40c6dbfb9
000004a48872be39
000004a48872cdf9
000004a48872cf59
000004a488730699
000004a488730819
000004a4887341d9
000004a4f08d7fb9
000004a52ca41339
000004a5f5d0bfd9
0000094c4ac7d461
0000000000f47b71
0000000000000181
000004a66952cdd9
000004a66952d539
000004a66952eb79
000004a6a6395e79
000004a6bfa060b9
000004a6c1c74f39
000004a6e13a28f9
000004a6e13a2ad9
000004a6e13a4179
000004a6ed0b2739
000004a6ef2bea79
000004a6f07f1979
000004a6fc1ed839
000004a70e1b3299
000004a720f29519
000004a771804a59
000004a7718060f9
000004a77180bb39
000004a780bc7799
000004a785098879
000004a78509f2b9
000004a7c7c8d479
000004a7c7c8d4f9
000004a7eb151359
000004a7f7e19b79
000004a7f7e1a5b9
000004a7f7e1a639
000004a7f7e1a759
000004a7f7e1d719
000004a7f7e20b19
000004a81aeebc59
000004a81aeec3d9
000004a81aeee4f9
000004a81fca9ab9
000004a81fca9c99
000004a81fcaad99
000004a81fcacd99
000004a81fcad839
000004a81fcade79
000004a826bc1ef9
000004a826bc3059
000004a826bc9eb9
000004a836965d59
000004a845215559
000004a84fc8e0b9
000004a861de6759
000004a861debbb9
000004a8632d6099
000004a8632d6299
000004a8632d6319
000004a8632d67f9
000004a8632d69f9
000004a8632d73b9
000004a8632d74f9
000004a8632d7c99
000004a8632d7e39
000004a8632d8499
000004a897f40519
000004a897f41599
000004a897f41719
000004a8c8906d99
000004a8c890ab59
000004a8c890b039
000004a8ce0691b9
000004a924e1aa59
000004a924e1e839
000004a94a8896f9
000004a94a88a6f9
000004a94a8927d9
000004a94f8e5cb9
000004a9775957d9
000004a9775966d9
000004a9775969f9
000004a9775978d9
000004a97759aef9
000004a97759d5f9
000004a978857e79
000004a993c94599
000004a993c94d19
000004a993c954b9
000004a993c959d9
000004a993c9a9d9
000004a993c9b119
000004a993c9b439
000004a993c9d499
000004a9b10c4199
000004a9b10c7fd9
000004a9bd331039
000004a9ef0c9739
000004a9ef0c9b39
000004a9f9f82d99
000004aa0bb9f119
000004aa29895999
000004aa298960f9
000004aa2989c399
000004aa370e25d9
000004aa4b249699
000004aa4b24a7d9
000004aa4b24a879
000004aa4b24ad59
000004aa4b24af39
000004aa4b24b759
000004aa4b24bc99
000004aa4b24bfb9
000004aa4b24c579
000004aa4b24c959
000004aa4b24cf59
000004aa4b24ea39
000004aa4b24ead9
000004aa4b24f1d9
000004aa4b24ffb9
000004aa4b255df9
000004aa4b255f59
000004aa4b256cb9
000004aa4b257119
000004aa4b2577d9
000004aa4b257ff9
000004aa6fff6339
000004aa6fff6a99
000004aa6fff75b9
000004aa6fff7ad9
000004aa6fff7d39
000004aa6fff8879
000004aa6fff8cf9
000004aa6fff91b9
000004aa847e9519
000004aad66ab759
000004aad66b1b39
000004aaeb711619
000004aba74ec6d9
000004abcf0db099
000004abcf0e0c99
000004ac234f61b9
000004ac234f6939
000004ac234f6ef9
000004ac234f8179
000004ac234f9999
000004ac23508f39
000004ac2dc29519
000004ac38851ad9
000004ac5b724239
000004ac7ed17099
000004ac9539c499
000004aca657c679
000004acaa349319
000004acac0e4359
000004acc6e5c2d9
000004ad3d94a439
000004ad3d94c1f9
000004ad706890d9
000004ad874c7079
000004adf792caf9
000004ae01c58399
000004ae44eca8f9
000004ae44ed0fb9
000004ae6dfa9359
000004ae6dfad719
000004ae6dfaeb79
000004ae93fc9859
000004ae9c11f3d9
000004ae9c120239
000004ae9c120d59
000004ae9c122379
000004ae9c122759
000004aea6d8cb19
000004aeab8d9b19
000004aeb09882f9
000004af0b263a19
000004af0b264199
000004af0b264cf9
000004af0b264d79
000004af0b265999
000004af0b269bf9
000004af0b26fbd9
000004af39075b59
0000095eeb32cc61
0000000000f47b71
0000000000000181
000004af7e4d9a79
000004aff253cc19
000004aff253eab9
000004aff431d319
000004aff431e3d9
000004b024feb879
000004b024feb919
000004b024feba99
000004b024febfd9
000004b024fec719
000004b024fecb59
000004b024fecdb9
000004b024fedcb9
000004b024feddf9
000004b024feed19
000004b024feedb9
000004b024fef479
000004b024feff19
000004b024ff0679
000004b024ff1379
000004b024ff3319
000004b024ff3799
000004b024ff3979
000004b024ff42d9
000004b024ff5a59
000004b024ff6fd9
000004b024ff7979
000004b024ff8119
000004b024ff85f9
000004b024ff8ad9
000004b024ff8d19
000004b0348a5e99
000004b0348a6f19
000004b0348a8179
000004b04ccf7299
000004b04ccf7339
000004b04ccf79f9
000004b04ccf8239
000004b04ccf89b9
000004b04ccf9ab9
000004b04ccf9e39
000004b069ce8879
000004b07bd8c099
000004b07bd8d479
000004b07fbda639
000004b08bd81299
000004b08bd88419
000004b0a77519d9
000004b0a7752139
000004b0a7752c79
000004b0a7754259
000004b0e93f3039
000004b0f7b427b9
000004b0fbfb0c39
000004b12465e999
000004b12465f939
000004b12465fa79
000004b147007479
000004b14fcbdcb9
000004b14fcbdd79
000004b19fed3df9
000004b1c1f22059
000004b1c1f220f9
000004b1c1f28ed9
000004b1d20db219
000004b1f4afccb9
000004b216285479
000004b22141c299
000004b231acc159
000004b2338defb9
000004b238d72059
000004b238d76f39
000004b23a59c859
000004b267557b39
000004b268652f19
000004b268653799
000004b268654019
000004b268654819
000004b2686548b9
000004b268654f79
000004b268655779
000004b268655ad9
000004b268655bf9
000004b268655ef9
000004b268656759
000004b26865b6d9
000004b2cae0f0f9
000004b2dc981019
000004b2e9b169b9
000004b2e9b18539
000004b2e9b19079
000004b2e9b1a839
000004b2e9b1bb19
000004b2e9b1bdd9
000004b311f70719
000004b3492750d9
000004b34927a759
000004b356139b19
000004b356141859
000004b3561429d9
000004b37871d819
000004b37871d899
000004b37871e699
000004b37871f7b9
000004b37871f839
000004b378723319
000004b378723399
000004b3787243f9
000004b3938e7e59
000004b3938e85d9
000004b3938e8839
000004b39aabf2d9
000004b39aabfab9
000004b39aabfd19
000004b3b844d1d9
000004b3b844d279
000004b3b844d939
000004b3b8452a19
000004b3b84539b9
000004b3b8455339
000004b3b84556b9
000004b3b8458499
000004b3b8459f59
000004b3c5e01d59
000004b3c5e02e59
000004b3c5e04339
000004b3c5e0dcf9
000004b3c5e0dd79
000004b3c5e0e459
000004b4307549d9
000004b4364eab59
000004b45f485a79
000004b4be816079
000004b4be8161f9
000004b4d3021d59
000004b4d3025999
000004b509744279
000004b509745479
000004b5480ccdf9
000004b5584ac679
000004b5584ac719
000004b5584acdd9
000004b5584ae519
000004b5584ae719
000004b5584af619
000004b5584b08f9
000004b5af3513b9
000004b5af352119
000004b5af3521b9
000004b5af3521d9
000004b5af352879
000004b5d2075df9
000004b5ec779259
000004b5ec7792f9
000004b5ec7799d9
000004b5ec779ed9
000004b5ec77ebb9
000004b5ec77f399
000004b5ec784bf9
000004b5ec786f39
000004b5ec788239
000004b5ec789239
000004b5f06afdb9
000004b5f06b6879
000004b5fcfb27b9
000004b5fcfb2859
000004b5fcfb2999
000004b5fcfb2f39
000004b5fcfb3b99
000004b627489f39
000004b62748b039
000004b68abf5ff9
000004b68abf61b9
000004b68abf72f9
000004b69a69a039
000004b69a69a1d9
000004b69a69a299
000004b69a69b5d9
000004b69a69c059
000004b69a69c5d9
000004b69a69c799
000004b69a69cd39
000004b69a69d3d9
000004b69a69d599
000004b69a69db39
000004b69a69ebb9
000004b69a69ff19
000004b69a6a32d9
000004b6c1c5e759
000004b6c1c5eeb9
000004b6c1c653d9
000004b6db66ee99
000004b6deed2c99
000004b6ecec2f59
000004b75e85c599
000004b75e85d5d9
000004b75e85d659
000004b75e85dd39
000004b75e85ec99
000004b75e8627f9
000004b75e8628b9
000004b75e862f59
000004b75e862fd9
000004b75e8636b9
000004b75e863999
000004b75e8641f9
000004b75e864299
000004b75e8648b9
000004b75e864959
000004b75e866ab9
000004b75e8697f9
000004b85948e6f9
000004b898831919
000009718b9dc461
0000000000f47b71
0000000000000181
000004b8d04c4f39
000004b8e0a51919
000004b8e0a51999
000004b8e0a555b9
000004b8fd47c019
000004b90b175d79
000004b91cc2b4b9
000004b967e702d9
000004b967e71319
000004b967e71519
000004b967e71779
000004b967e71879
000004b967e71a79
000004b967e721f9
000004b967e723d9
000004b967e725f9
000004b967e75419
000004b978aeb3d9
000004b9b1f7f439
000004b9d9c253d9
000004b9d9c25b59
000004b9d9c26599
000004b9d9c26639
000004b9d9c26cf9
000004b9d9c277f9
000004b9d9c29af9
000004ba01a7fd39
000004ba08fc2659
000004ba70210e59
000004ba7ef72159
000004ba95a86b19
000004babf772fd9
000004bad6c2a899
000004badbe705d9
000004badbe72459
000004bb297f9159
000004bb297f95d9
000004bb5a213059
000004bbc53a43f9
000004bbd7242659
000004bbd7243d59
000004bbe7be92f9
000004bbe7be9a79
000004bbe7bea599
000004bbe7bea9d9
000004bc24527879
000004bc2f80e339
000004bc44897e39
000004bc458f2959
000004bc83473c59
000004bcb7498a39
000004bcb74991b9
000004bcb7499899
000004bcc18c23b9
000004bcc4af3999
000004bcc4af40f9
000004bd0934c7b9
000004bd0934cf19
000004bd0934daf9
000004bd0934dc99
000004bd0934fdf9
000004bd09351e59
000004bd3758bad9
000004bd3758cb99
000004bddd53c879
000004bddd53d759
000004bddecd3dd9
000004be08c18499
000004be5db3d979
000004be5db3e0d9
000004be6b3cfe59
000004be986199f9
000004be98658cd9
000004be98659459
000004be9865a1f9
000004be9865cb79
000004bee69b0379
000004bee69b1d39
000004bf10ed9ab9
000004bf1ce88519
000004bf45211579
000004bf452115f9
000004bf45211759
000004bf870e9719
000004bf9cd97319
000004bfb49dc2f9
000004bfbaafc939
000004bfc9b3f979
000004bfddd81419
000004bfddd81639
000004bfddd81b99
000004bfddd85819
000004bfddd86f39
000004bfddd87ed9
000004bfde8ef559
000004bfde8ef779
000004bfde8efed9
000004bfde8f0199
000004bfde8f0799
000004bfde8f0919
000004bfde8f1779
000004bfde8f17f9
000004bfde8f4a99
000004bfde8f4b19
000004bfde8f4b59
000004bfde8f5259
000004bfde8f6099
000004bfde8f6279
000004bfde8f76b9
000004bfde8f7d59
000004bfde8f8e59
000004bfde907059
000004bfde908319
000004c024437c59
000004c024437e59
000004c024439239
000004c024442ad9
000004c0486f01b9
000004c04bd577f9
000004c04bd5ac79
000004c0619629d9
000004c0755d0f19
000004c0a626d259
000004c0a8189699
000004c0a8189e19
000004c0a818a7b9
000004c0a818c8d9
000004c0ca747ed9
000004c0ca748f59
000004c0ca761c19
000004c0ec3169b9
000004c10116b179
000004c101172079
000004c176e5a899
000004c193297ef9
000004c193298ed9
000004c1932a0159
000004c1c402cad9
000004c1c402d259
000004c1c402e259
000004c1c4030379
000004c1c40306b9
000004c1d5a99299
000004c1d5a999f9
000004c1d5a9a2b9
000004c1d5a9a3d9
000004c1d5aa4999
000004c1f7af9bd9
000004c206b5e259
000009842c08bc61
0000000000f47b71
0000000000000181
000004c2278a0f79
000004c24b242c39
000004c279204d19
000004c279206039
000004c27da435d9
000004c2806e9ef9
000004c2a0a3e619
000004c2cc2aaa39
000004c2cc2af2f9
000004c351f7dad9
000004c351f7e9f9
000004c351f82e19
000004c3660ba639
000004c37ad16e39
000004c37ad16eb9
000004c37ad1d6f9
000004c397ca64d9
000004c3dbf4ead9
000004c40bb53fd9
000004c40bb58a79
000004c40bb5d5f9
000004c41c3cde59
000004c4238e50d9
000004c4238e5219
000004c4623bd4f9
000004c4623be339
000004c4623bea39
000004c4624b1e99
000004c487c640b9
000004c487c654d9
000004c487c67199
000004c4aba72879
000004c4e6e854f9
000004c4e6e8b6d9
000004c4e6e8b779
000004c4e6e8b7b9
000004c4e6e8be39
000004c4fd231b59
000004c4fd232c79
000004c592f3d399
000004c592f3db19
000004c5ecfea759
000004c64c4d2119
000004c64ceecbd9
000004c67eb82ab9
000004c67eb8eeb9
000004c6c1c1d179
000004c6c1c1e8f9
000004c6e7e5bed9
000004c7e9854099
000004c7fcbea2d9
000004c80d92cab9
000004c839982959
000004c8399830b9
000004c843d14599
000004c844d8d159
000004c844d8e3b9
000004c884104639
000004c925316339
000004c925316a99
000004c925317639
000004c9253195d9
000004c92531b759
000004c92531c1b9
000004c92816de59
000004c92816e0d9
000004c928172799
000004c962d5beb9
000004c9910eca39
000004c9910f53b9
000004c9910f61d9
000004c9910f6679
000004c9910f7b99
000004c9954f4a79
000004c9954f6739
000004c9954f77b9
000004c9954f7d79
000004c9954f8879
000004c99ff1acb9
000004c99ff1beb9
000004c99ff1ce79
000004c99ff1cef9
000004c9b89b89b9
000004c9e0d70039
000004c9fd233139
000004c9fd2332f9
000004c9fd2348b9
000004c9fd235019
000004c9fd235839
000004c9fd235c79
000004c9fd235d19
000004c9fd2363d9
000004c9fd236f79
000004c9fd238159
000004c9fd2384b9
000004c9fd2397b9
000004c9fd23ab19
000004c9fd23ba39
000004c9fd23cc79
000004c9fd2467b9
000004c9fd2477d9
000004c9fd248559
000004c9fd248a19
000004c9fd248c59
000004c9fd2494b9
000004c9fd249a99
000004c9fd249b39
000004c9fd24ac19
000004c9fd24e779
000004c9fd24fa79
000004c9fd24fb19
000004c9fd251439
000004ca16101cb9
000004ca1c6b3559
000004ca1c6b48b9
000004ca1c6b5159
000004ca1c6b7679
000004ca1c6b93d9
000004ca1c6ba459
000004ca1c6ba4f9
000004ca1c6ba819
000004ca1c6babb9
000004ca1c6bbc19
000004ca23cc5579
000004ca23cc69b9
000004ca23cc7119
000004ca23cc7a39
000004ca23cc7ad9
000004ca23cc7bb9
000004ca23cc83f9
000004ca23cc8479
000004ca23cc8599
000004ca23cc8779
000004ca23cc8cf9
000004ca23cc9899
000004ca23cc9bb9
000004ca23cc9d39
000004ca23ccae19
000004ca23ccc959
000004ca23cccad9
000004ca23ccfa59
000004ca23faed79
000004ca37434959
000004ca95106599
000004caad034ef9
000004caad035d79
000004cab16b4b79
000004cab16b8139
000004cab16b9bb9
000004cab2a55af9
000004cab2a5bf79
000004cac9260f59
000004cb16ae8899
000004cb5821b459
00000996cc73b461
0000000000f47b71
0000000000000181
000004cb85086519
000004cba0f47f19
000004cba956d399
000004cbd63af9b9
000004cbd8f82bd9
000004cbd8f86979
000004cbd8f86d19
000004cbe3059039
000004cbe3059d59
000004cbe305c819
000004cbe4316bd9
000004cbeeefed39
000004cbeeeffb19
000004cc2e705199
000004cc4fd05259
000004cc5352b0b9
000004cc53530219
000004cc75a761b9
000004cc8bd678d9
000004ccabecd419
000004ccb8e90359
000004ccba5af599
000004cd0736e999
000004cd22c6e5b9
000004cd2ba4f0b9
000004cd59b189d9
000004cd59b18a59
000004cd59b19299
000004cd59b19319
000004cd59b199f9
000004cd59b1da19
000004cd59b1eb59
000004cd6974b659
000004cdcc65c359
000004ce2fbdc4f9
000004ce2fbdcc59
000004ce391ece79
000004ce391f0d59
000004ce93535dd9
000004ced9e504d9
000004ced9e50559
000004ced9e511f9
000004ced9e51679
000004ced9e52819
000004cef4e63479
000004cef4e6a439
000004cf06c20279
000004cf06c209d9
000004cf06c21a59
000004cf06c22279
000004cf06c22f99
000004cf06c25b19
000004cf06c266d9
000004cf06c2cb39
000004cf06c2e0d9
000004cf46e04fb9
000004cf5a0737b9
000004cf5a073f19
000004cf5a079d59
000004cf5a079df9
000004cf5a079e19
000004cf5a07a4b9
000004cf5a07ac99
000004cf6a645cb9
000004cf6a64c999
000004cf8108a039
000004cf8108e2f9
000004cfa314af99
000004cfabe0dc19
000004cfd547dd79
000004cfe7328fb9
000004cfee2b1219
000004d0043f0df9
000004d01acf36b9
000004d03d06e199
000004d03d06f3f9
000004d0509189f9
000004d091eb1bd9
000004d095b3dab9
000004d1233b21f9
000004d142cd3b59
000004d15ab33ff9
000004d187dce359
000004d187dcf699
000004d1918f61f9
000004d1cabefc59
000004d1cabf1459
000004d1f44b3a79
000004d1fcf9ee39
000004d20428b5d9
000004d25129ed99
000004d2b3514479
000004d2b61edef9
000004d2eeb941f9
000004d2eeb975f9
000004d2eeb98959
000004d2f43bb1b9
000004d3024c4479
000004d312ece259
000004d312ecf219
000004d312ecfaf9
000004d312ecfb99
000004d312ecfbb9
000004d312ed0259
000004d35f4f19d9
000004d35f4f1a79
000004d362f05f39
000004d3a9b3dad9
000004d3a9b3dc79
000004d3a9b3ec59
000004d3a9b44ff9
000004d3aa8ef8d9
000004d3c5845f19
000004d3e4de5bd9
000004d3e4de73b9
000004d3ed87ac39
000004d3ed883519
000004d3ed883af9
000004d4415e3359
000004d44f13fd19
000004d44f140499
000004d4b387e519
000004d4b387ec99
000004d4b387f779
000004d4b387f7f9
000004d4b387fc39
000004d4b387fed9
000004d4b38828b9
000004d4b3882b59
000004d4b38836d9
000004d4b3883859
000004d4b3885e19
000009a96cdeac61
0000000000f47b71
0000000000000181
000004d4cfdefd39
000004d4d8627199
000004d54f365499
000004d57606aff9
000004d57606c119
000004d57606c239
000004d58d2863b9
000004d58d286b19
000004d58d287d19
000004d58d289cd9
000004d58d2945b9
000004d59dd93299
000004d59dd939f9
000004d5a61497b9
000004d5a614abf9
000004d5a6152199
000004d5ce82d599
000004d5ce831dd9
000004d5ce832f99
000004d620d4e0b9
000004d6215deaf9
000004d633b042f9
000004d633b05459
000004d633b05639
000004d633b05bb9
000004d633b06679
000004d63471d899
000004d64fc7b8f9
000004d64fc7ce39
000004d666125f99
000004d6738bbdf9
000004d677ce3a59
000004d677ce41b9
000004d677ce49d9
000004d6f5555219
000004d6f55561b9
000004d7120891d9
000004d713d95e39
000004d713d99819
000004d71d3fe9d9
000004d71d3ffc59
000004d71d3ffe39
000004d7260c5959
000004d7260c60d9
000004d7260c75f9
000004d7260c95b9
000004d731607679
000004d731607719
000004d731608559
000004d731609c39
000004d731613779
000004d752c5d2f9
000004d776bdd939
000004d79c3fd419
000004d79c3fd4d9
000004d7bf42ce79
000004d7bf42d5d9
000004d7bf4329f9
000004d7da593b19
000004d80df13899
000004d8270701d9
000004d856b356f9
000004d86c304739
000004d86c3047b9
000004d86c305779
000004d887231719
000004d88acff979
000004d88ad000d9
000004d93498d1d9
000004d96f0a02f9
000004d9b108a459
000004d9b7327d79
000004d9dc0f3d99
000004da019b1fb9
000004da2c998739
000004da80fef919
000004da838ecbb9
000004da838ecdb9
000004da838edb99
000004daa2523999
000004dab49b98d9
000004dac186f5d9
000004dac186f779
000004dac186fb19
000004dac186fd59
000004dac186fe19
000004dac186ff19
000004dac1870459
000004dac18704f9
000004dac1870739
000004dac1873ff9
000004dac18749d9
000004dac18759f9
000004dac1876719
000004dac1878bd9
000004dac188d979
000004daccfceb39
000004dad6d6aab9
000004daf8be6bb9
000004db0bb6a019
000004db1e8db299
000004db28006a19
000004db427a5819
000004db4e208179
000004db6fb74399
000004db6fb75779
000004db70bec279
000004db70bec379
000004db77c58139
000004db77c59399
000004db77c5e959
000004db80d96739
000004db80d96eb9
000004db80d975b9
000004db80d976d9
000004db80d9cd39
000004db8a62ec59
000004db935aec79
000004db935af3d9
000004db935af539
000004db935b0179
000004db935b0899
000004db935b0919
000004db935b5dd9
000004db9ce60739
000004dbc56392d9
000004dc2a12d639
000004dc3bc3d959
000004dc3bc3e0b9
000004dc3bc42b79
000004dc3bc43a39
000004dc9c2e7199
000004dcb5f7ac39
000004dcb5f823b9
000004dcc14eb459
000004dcc14f02d9
000004dcc14f1379
000004dcc6c7adb9
000004dce4ca2839
000004dce4ca28d9
000004dce4ca2fb9
000004dd02351e39
000004dd15537079
000004dd327133d9
000004dd7c166bd9
000004dd7c167339
000004dd803d0b59
000004dda130ac99
000004ddadc60739
000004ddb8e73039
000004dde61c3cf9
000004dde61c5499
000004dde61c5f19
000009bc0d49a461
0000000000f47b71
0000000000000181
000004de98923e39
000004de98923eb9
000004de98929079
000004df0021e699
000004df10b3a2b9
000004df1144e539
000004df1144fe59
000004df123f6279
000004df39284f19
000004df39286c99
000004df3928d0d9
000004df4605e039
000004df5d400b19
000004df5d4019d9
000004df5d401a99
000004df5d401d19
000004df76720519
000004df76720599
000004df76720c79
000004df8df5ac59
000004e0482a0979
000004e05ab3d879
000004e065c76e39
000004e0edcd85b9
000004e0edcdf639
000004e0f95ac0f9
000004e14c0453d9
000004e14c045b59
000004e14c046319
000004e14c0468d9
000004e14c047319
000004e14c047519
000004e151bde119
000004e16bebf1d9
000004e16bebf3d9
000004e190650479
000004e1944dc599
000004e1edefc259
000004e1f2f45219
000004e1f4c9f179
000004e1f4ca0079
000004e1f4ca07f9
000004e1f4ca1399
000004e1f4ca1b19
000004e1f4ca2d99
000004e1f4ca5299
000004e1f5052cb9
000004e1f5052d59
000004e1f5053419
000004e1f5053f19
000004e1f5058939
000004e1f505bcb9
000004e20891ab39
000004e20891bcb9
000004e2093466b9
000004e209346739
000004e20934cc79
000004e209b4fff9
000004e209b50ff9
000004e225742179
000004e2257421d9
000004e2b7a7fb39
000004e2bd1e5419
000004e2def77379
000004e2def78299
000004e32ffcd9d9
000004e36657b399
000004e395128eb9
000004e3b0d40239
000004e3c37e6219
000004e3ce41aad9
000004e3ce420e19
000004e49b9e6dd9
000004e4b51d76b9
000004e4d8950ab9
000004e4d8957999
000004e4fd7b2fd9
000004e51649a1f9
000004e51649a979
000004e51649f519
000004e5164a54f9
000004e5164a5579
000004e5164a5739
000004e5164a57b9
000004e5164a5c59
000004e5390c61b9
000004e53fecf2d9
000004e5747c6f99
000004e5747c7d19
000004e5747c8099
000004e6236bac59
000004e63481a939
000004e6493b80f9
000004e6bb562b19
000004e6c2a73919
000004e6db4c3c39
000004e70cc43d99
000009ceadb49c61
0000000000f47b71
0000000000000181
000004e777c2fa99
000004e79c220439
000004e79c221579
000004e79c2222b9
000004e79c222a59
000004e79c225e79
000004e80104a1b9
000004e84ec505f9
000004e85b289e99
000004e8ee09ec79
000004e8ee09f3d9
000004e8ee09fd39
000004e8ee0a04d9
000004e8ee0a2d79
000004e8ee0a7eb9
000004e8ee0ab8f9
000004e96a53c039
000004e96a53c0d9
000004e96a53ecb9
000004e96a53ed39
000004e96a53f419
000004e96a53fad9
000004e96a541659
000004e96a541db9
000004e96a542719
000004e96a5430b9
000004e96a5438f9
000004e96a544939
000004e96a544cb9
000004e96a546e79
000004e993861e79
000004e9a4675d79
000004e9bb872159
000004e9d3a4d8f9
000004e9d3a4e059
000004e9d3a4eaf9
000004e9d66cd019
000004e9fd080059
000004e9fd0836d9
000004ea024872f9
000004ea02487479
000004ea02487a79
000004ea0248bfd9
000004ea1e1610d9
000004ea1e162b39
000004ea1ee7e599
000004ea1ee7f519
000004ea51ad91d9
000004ea56ba62b9
000004ea6cc88639
000004eab8aa2ed9
000004eab8aa3659
000004eabf004879
000004eabf00b699
000004eb4d715f59
000004eb4d715ff9
000004eb4d7166b9
000004eb4d71aff9
000004eb7c313359
000004ebfe1819f9
000004ec1dbcef19
000004ec5616b3f9
000004ec5616c159
000004ec56171179
000004ec561778b9
000004ec76379279
000004ec84975219
000004ec9e538599
000004ecce0e0019
000004ecddb730d9
000004ecdf2b6119
000004ece5ea3d19
000004ed29e33979
000004ed56ceb639
000004ed56ceb6b9
000004ed7a95e3f9
000004ed7dbed2f9
000004ed7dbee4b9
000004ed7dbee619
000004ed7dbeef39
000004ee034c2119
000004ee034c2879
000004ee1b5f9fb9
000004ee1b5fa039
000004ee1b5fa719
000004ee1b5ffe39
000004ee1e08ed99
000004ee1e0915b9
000004ee1e093579
000004ee1e0954d9
000004ee1e0983f9
000004ee1e099679
000004ee1e0a1a19
000004ee2040a3f9
000004ee2e653459
000004ee5a344439
000004ee8e819bd9
000004ee8e819db9
000004ee8e81a359
000004ee8e81acd9
000004ee8e81c8d9
000004ee8e81ddb9
000004ee8e81f719
000004ee8e8256f9
000004eeda502a99
000004eeda503219
000004eeda507ad9
000004eee260d5b9
000004ef06e13df9
000004ef36e0eeb9
000004ef434dbed9
000004ef434dd399
000004ef434df259
000004ef62b211d9
000004efeaa4e419
000004efeaa54959
000009e14e1f9461
0000000000f47b71
0000000000000181
000004f0b3dd0459
000004f0d827ccd9
000004f131be52b9
000004f1649d6ef9
000004f174401519
000004f17828d239
000004f1980ba839
000004f1d800d499
000004f1d800d539
000004f1d800e3f9
000004f1d800f719
000004f1ef052319
000004f2a86830b9
000004f2aeea6cf9
000004f2aeea6fb9
000004f2aeeaac99
000004f2afc93ff9
000004f2db8ac699
000004f2db8b5679
000004f319825979
000004f319826b79
000004f31982b1b9
000004f31d37b3d9
000004f34950e079
000004f34d45f619
000004f36f22d619
000004f36f22dd79
000004f36f233759
000004f3d4dbf539
000004f3d4dc0559
000004f3d8a0ce99
000004f3d8a0cf19
000004f3f3b55219
000004f426b4e9b9
000004f4b506bcf9
000004f4cb390519
000004f4cb8d4479
000004f4cb8d4bd9
000004f4cb8d5559
000004f56c33b499
000004f56c33c559
000004f56c342bb9
000004f5860d9d19
000004f5860dbe19
000004f59a367639
000004f5b31ed659
000004f5f3ae9ad9
000004f62d391419
000004f62d3936d9
000004f62d395639
000004f62d3957d9
000004f62d396939
000004f62d396d99
000004f62d397a99
000004f62d39b639
000004f6484cf899
000004f6484cf919
000004f6484cf959
000004f64aef7299
000004f64aef79f9
000004f654310b79
000004f654311eb9
000004f6563dbfb9
000004f66ea1d2b9
000004f69c52cbd9
000004f724ba0319
000004f763708999
000004f763709179
000004f78d9b3099
000004f78d9b3119
000004f78d9b8db9
000004f78d9b9e39
000004f78d9bac99
000004f78d9bc399
000004f7a4e40db9
000004f7d7d73f39
000004f80aae9d79
000004f80aaeacb9
000004f80aaead39
000004f80aaec1b9
000004f80aaec679
000004f80ada1e39
000004f82cba90f9
000004f82d528af9
000004f86c09ed99
000004f8c78b10d9
000004f8f6b84d99
000004f8f9c00439
000004f93a6178b9
000004f9661ae379
000004f9661ae539
000004f9661aeaf9
000004f9661aed39
000004f9661af659
000004f9661af839
000004f9661b0439
000004f9661b1419
000004f9661b2e79
000004f9661b7b39
000004f9661b95d9
000004f9661ba5f9
000004f967a2c699
000004f9b650a719
000004f9b650bbb9
000004f9b6bd4099
000004f9c3a6b019
000004f9e2a2d019
000004f9e748c3b9
000009f3ee8a8c61
0000000000f47b71
0000000000000181
000004fa03623299
000004fa4f6d4bb9
000004fa4f6dbe79
000004fa547ad179
000004fa547ad8d9
000004fa547add59
000004fa547ade99
000004fa547b3f19
000004fa77628db9
000004fac10947d9
000004fac1095d39
000004fac1fe6ff9
000004fac1fe71b9
000004fac1fe7779
000004fac1fe7f99
000004fac1fe8239
000004fac1fe85b9
000004fac1fef199
000004fac1fef359
000004fac1ff1619
000004fae8330339
000004fb082b2379
000004fb082b2ad9
000004fb082b4239
000004fb082b5699
000004fb3cb86bb9
000004fb4d9bea79
000004fb6d8dfd19
000004fbd9872639
000004fbef47bcb9
000004fbf00930d9
000004fbf0093539
000004fbf0093859
000004fbf00947d9
000004fbf0098e99
000004fbf00a29d9
000004fc3001deb9
000004fc48931d99
000004fc489324f9
000004fc48932d19
000004fc48932fb9
000004fc48934399
000004fc5d82aa19
000004fc609fc8b9
000004fc7c39b879
000004fcbb907f39
000004fcbc072659
000004fd08b4d199
000004fd158a75b9
000004fd158af899
000004fd2e40bc99
000004fd2e411599
000004fda30b2ff9
000004fda8b21099
000004fda8b21139
000004fda8b21239
000004fda8b21819
000004fda8b22939
000004fda8b238d9
000004fda9178279
000004fda91789d9
000004fda9179399
000004fdc3db7e79
000004fdc3db8f79
000004fdc3dbeb59
000004fe228541d9
000004fe33fcc0b9
000004fe33fcc139
000004fe92bf8a39
000004fe92bf8ad9
000004fe92bf8af9
000004fe92bf9199
000004fe92bf9eb9
000004fe92c008f9
000004fe96a121b9
000004fea49ac119
000004feb4d34e99
000004fed1492539
000004ff1fc021b9
000004ff730ece19
000004ffb5708d79
000004ffb5708f39
000004ffb5708fd9
000004ffb5709699
000004ffb570b759
000004ffb570cb59
000004ffb570e4d9
000004ffbc59fbd9
000004ffebe73679
00000500024eb5f9
00000500024ec4d9
00000500024ecad9
00000500024f2759
00000500293ee2d9
00000500293eff39
000005004963cf99
00000500be6fbad9
00000500be6fc239
00000500be6ff8d9
00000500be7000f9
00000500be7043d9
00000500be704579
00000500be70a239
00000500be71a599
00000500d3d89939
00000500d3d89ad9
00000500d3d8a8d9
00000500d3d8abb9
00000500d3d8ad99
00000500d3d8bf79
00000500ea690219
00000500f1d0a0f9
00000500fa5e5c79
00000500fc791e39
000005012b239f19
000005012b23b1d9
0000050145aea1f9
00000501521499d9
0000050154c91239
000005015e3694d9
000005015e36a3b9
000005015e36a459
000005015e36a519
000005015e36ab39
00000501710695f9
000005017106ac99
00000501734a58d9
00000501734a6039
00000501734a6b39
00000501734ae9f9
00000501820e7419
00000501e067dd59
00000501fb3523d9
000005022776f899
000005024fc05259
000005024fc0cd59
0000050267c427f9
0000050267c42899
0000050267c428b9
0000050267c42b79
0000050267c42f59
0000050267c44759
0000050267c45799
00000502687d7b19
000005028ea4beb9
00000502bc9e62f9
00000502c2a5def9
00000502c2a62b19
00000503239a4419
00000503239a4b99
000005032bc8dbb9
000005033dea9539
00000a068ef58461
0000000000f47b71
0000000000000181
00000503a042a639
00000503a4a5aa79
00000503d1522f39
00000503d8ce7a99
00000503d8ce9699
0000050427815659
0000050470960119
0000050470960899
0000050470961319
0000050470961739
00000504784b43d9
00000504a66f25b9
00000504a66f2d19
00000504a66f3719
00000504a66f6719
00000504a66f8c39
00000504a67005b9
00000504ab4a2d19
00000504fdf76959
000005052f665ad9
0000050554b6c5f9
00000505826bfc99
00000505c54bd179
00000505ed123799
00000505f9334659
00000505f9335019
0000050612b537d9
000005062287e199
000005062287e379
00000506694440d9
0000050669b9bdf9
0000050669b9be99
0000050669b9c559
00000506738cba79
0000050686d659b9
000005069ae43279
0000050720875ab9
000005072c894bb9
000005072dc9c899
000005072dc9c959
000005072dc9d019
000005072dc9da39
000005072dc9f019
000005078b677599
00000507966a2799
000005079f9d1e59
00000507a686a759
00000507a686a7f9
00000507a686aeb9
00000507b0760739
00000507d1724899
00000507d1725c19
00000507d1727cb9
00000507d172bf79
00000507f9b294b9
00000507f9b29559
00000507f9b29c19
00000507f9b2b4d9
00000507f9b2c5b9
00000507f9b2d979
00000507f9b2e539
00000507f9b2edd9
00000507f9b33f19
00000507f9b344b9
00000507facc72d9
00000508117a56b9
000005082554ef39
000005083cc273f9
000005083cc27b79
000005083cc2ded9
00000508722b6199
00000508722b7499
00000508722b75d9
00000508722ba319
000005091b261619
000005091b261d79
000005091b262739
000005091b266b39
000005091b2677b9
0000050938f9a1d9
0000050938f9b179
0000050938f9b659
0000050938f9d599
0000050961c64ef9
00000509776f23f9
00000509776f3919
00000509776f86b9
000005099beaff39
000005099beb00d9
00000509bb4bc259
00000509fb5d25d9
0000050a1180dbf9
0000050a4a355439
0000050a58c77879
0000050a6f161a99
0000050a7efb7019
0000050a7efb8679
0000050a7efbc0b9
0000050aae398439
0000050aae3993d9
0000050aaf0f2f99
0000050ab1ece319
0000050ab1ece379
0000050acc2eafd9
0000050adbf44f59
0000050adbf46d79
0000050af5bb3619
0000050b2cb1d179
0000050b2cb1de99
0000050b4ef3f279
0000050ba0a88e59
0000050be15dbc19
0000050be15dcfd9
0000050c25974359
0000050c30c27359
0000050c67cfe2d9
0000050c7a1c9ff9
0000050c7ca84bd9
00000a192f607c61
0000000000f47b71
0000000000000181
0000050cbc507f59
0000050cbc509699
0000050cbc509719
0000050cbc50e8b9
0000050cc23e8719
0000050d39e7c759
0000050d39e82919
0000050d446d1739
0000050d5f139139
0000050d5f13a219
0000050d5fade339
0000050d88c5a7f9
0000050da15d2cb9
0000050dc32c3999
0000050df65b46d9
0000050dfc9e8c79
0000050e11d84ff9
0000050e2a39c1f9
0000050e4acf5b39
0000050e7bc3f7d9
0000050e7bc410d9
0000050e83c01379
0000050e83c060b9
0000050e851cca79
0000050ed6199a39
0000050ee888cbb9
0000050f2f22c539
0000050f31837eb9
0000050fc5e86f79
0000050fc83dcb79
0000050fed062fd9
000005101c13b5b9
00000510280d25b9
00000510280db2f9
00000510344e3139
000005104ac9b5b9
000005106c4dd1d9
000005108dc296d9
0000051099dc1119
0000051099dc2839
00000510a431f039
00000510a4320219
00000510a43203b9
00000510a725b779
00000510a725d1d9
00000510a725d479
00000510a725d939
00000510a725e399
00000510a725ebb9
00000510a7261259
00000510a7263759
00000510da9647d9
00000510da964879
00000510da964db9
00000510da964f39
00000510da9656f9
00000510da9658d9
00000510da965ad9
00000510da965b79
00000510da966259
00000510da966399
00000510da96a7d9
00000510da96a859
00000510da96af39
00000510da96b499
00000510da96b799
00000510da96e279
000005110708f939
000005116a178279
000005116a179699
000005119c09a0d9
00000511bdd5bb59
00000511cef590d9
000005126dc8f079
0000051272293c19
00000512837150b9
00000512973f6c99
00000512a95aa479
00000512ba345c79
00000512d83959b9
00000512daa658f9
00000512daa65a99
00000512daa670b9
00000512f9486959
00000512f94870d9
00000512f94879d9
00000512ff0d30f9
00000512ff0d87b9
0000051301101819
0000051305e58e39
0000051305e63e39
0000051322614339
000005139a7cf3f9
000005139a7cfb59
000005139a7d07f9
000005139a7d09b9
000005139a7d1a39
00000513b1eda519
00000513d44fd079
00000513e538af99
00000513e538b039
00000513e538b6f9
00000513e538be79
00000513e538c999
00000513e538d559
00000513e538da59
00000513e538eaf9
00000513e538ec19
00000513e538ed39
00000513e538f039
00000513e538f4f9
00000513e53923b9
00000513e53944b9
00000513e5395539
00000513e53964b9
00000513e539b4f9
0000051412f88bb9
0000051412f89339
0000051412f89a79
0000051412f8a839
000005141cdc9df9
000005141cdd1fb9
000005142994a139
000005142be0c5f9
000005146e2527d9
000005148a978159
0000051492b62ad9
0000051492b64259
0000051492b67bf9
0000051492b69339
00000514a4aa5279
00000514c71c6459
00000514d30d01b9
00000514d771f619
00000514d771f6d9
00000514d771fd99
00000514d7723a99
00000514e9f831f9
00000514f9701b39
00000514febb1e79
000005150dee6e39
000005150dee7599
000005150dee8199
000005150dee8479
000005150dee84f9
000005150dee8ab9
000005150dee9859
000005150deea979
000005150deee5b9
00000515230075f9
0000051523008599
0000051523008a19
0000051533807699
0000051534516f79
0000051541d9bdb9
0000051541d9be59
000005157c1a0999
00000515c1f796d9
00000a2bcfcb7461
0000000000f47b71
0000000000000181
0000051667e897d9
00000516f7c47799
00000516f874f039
00000517259eb8d9
0000051726a731b9
00000517591d19f9
00000517591d1a99
00000517591d3c79
00000517591d4919
00000517703149d9
00000517959917d9
00000517a4eadc39
00000517b23ca8f9
00000517b23cb9f9
0000051800636199
0000051833237739
0000051869111199
00000518835fad59
000005189268b1d9
000005189268b259
000005189268b939
000005189268bb39
0000051894cc28f9
0000051894cc2a79
00000518ba0961f9
00000518c1013839
00000518c1014879
00000518e76152b9
00000519086f6999
0000051944fe87b9
0000051951985d59
0000051960a6fbd9
0000051983e58c79
0000051993c54f99
000005199ffd9259
00000519aa3e91f9
00000519aa3eea99
00000519aa3f69b9
00000519b4fe4619
00000519b4fea659
00000519e87f78d9
0000051a5e07ec39
0000051a5e07ed39
0000051a81de2fb9
0000051a8deef559
0000051abb81a719
0000051ae03d1cb9
0000051aefecb0b9
0000051aefecb839
0000051aefecc1d9
0000051aefecc939
0000051aefece019
0000051aefed0bb9
0000051af68b9099
0000051b02718ad9
0000051b0271a7b9
0000051b27d09819
0000051b27d0ad79
0000051b499f6b39
0000051b91fbc299
0000051b93fdd719
0000051ba37e4399
0000051bea57cc19
0000051bea57dd59
0000051c063f3399
0000051c13b9dc79
0000051c3ffb43d9
0000051c91e9a0d9
0000051d2cddca59
0000051d2f46f279
0000051d464f29b9
0000051d464f3ad9
0000051d4926ec39
0000051d4926ecd9
0000051d4926f399
0000051d4926fd39
0000051d7a5dbe79
0000051d7a5e2b19
0000051da2c89139
0000051ddfc95459
0000051def2f1919
0000051df9603059
0000051e04edfb39
0000051e61c4abd9
0000051e8a800959
0000051e8a8059d9
0000051ea6842799
0000051eb1aec319
0000051edac0f9b9
0000051ee073cc59
0000051ee073e179
00000a3e70366c61
0000000000f47b71
0000000000000181
0000051f5f3236b9
0000051f64063d79
0000051f644a0279
0000051f688886d9
0000051f6e2381d9
0000051f6e238939
0000051f6e239439
0000051f6e23eb59
0000051fb787cd19
0000051ffeeaa2b9
000005204d2205d9
000005204d220659
000005204d220d39
000005204d221e19
0000052071bb1359
0000052071bb21d9
0000052071bb8739
00000520b83a5cf9
00000520b83a6459
00000520b83a7339
00000520d0542399
00000520fcc91599
000005211449a399
000005211449a419
000005211449aaf9
000005211449b039
000005211449b959
000005211449c0d9
000005214adaead9
000005214c8269d9
000005214c826d79
000005214c82a9b9
00000521750d7639
0000052194e20d99
00000521a2e407b9
00000521b4015359
00000521db9fd4f9
00000521db9fd599
00000521fff1f399
000005220d811599
000005221a60d9f9
000005222943d5b9
00000522294452f9
0000052229446e19
0000052252ec74b9
0000052252ec7c19
000005227882e5b9
00000522e3476119
00000522e3479f79
00000522e347add9
00000522e347ae79
00000522e347b559
00000522f4eef4b9
000005231c2b52b9
000005236ba26cb9
00000523708f58f9
00000523708f6179
00000523708f6a19
00000523a5f99719
00000523dd128ed9
00000523ddc666d9
00000523ddc66759
00000523ddc67bd9
00000523ddc67f39
000005242e826d19
000005242e826db9
000005242e827499
000005242e827e79
000005242e82e6d9
000005242e82f3b9
000005242e82ff59
000005242e8342f9
000005242e835f19
0000052436048dd9
000005243604e3d9
00000524f8488d19
00000524f8489cb9
000005250e7b6019
000005253723e2b9
000005253723f859
00000525593027f9
0000052559302979
0000052559302f59
00000525593038d9
0000052559303959
0000052559303df9
0000052559304039
0000052559305019
0000052559306d59
00000525593076b9
00000525593083b9
000005255930a479
000005255a06cfb9
000005255e3af199
00000525a4bdeb19
00000525a4be4459
00000525b7f998d9
00000525e15a29d9
00000525ef2c51d9
00000525ef2c5e99
0000052622e93a19
0000052622e95539
00000526462ca139
0000052663e14f79
00000526cd8d7e59
00000527018a69b9
00000527018a6ad9
0000052727b4d9f9
0000052727b4e179
0000052727b4ecb9
0000052727b4fcd9
0000052727b51099
0000052727b55bb9
000005275cc04f19
000005275cc08f19
000005275cc08f99
000005275cc08fd9
000005275cc09679
000005275cc0aa59
00000528048ed019
00000528048ed779
00000528048ed8f9
00000528445a1b99
00000528460f1e19
00000528460f1ff9
000005285c060779
00000528673de0f9
0000052878000b59
00000a5110a16561
0000000000f47b71
0000000000000181
0000052890137379
00000528901373f9
000005289013e499
000005289013e899
000005289013f619
0000052890918999
00000528a4da1b39
00000528a4da23d9
00000528db0caa79
00000528ddc4f599
00000528ebea4d79
00000528ec993bd9
00000528ec993dd9
00000528ec994a99
00000528ec994ef9
00000528ec9954f9
0000052904af0619
0000052921f4ee39
0000052921f4eed9
0000052921f4fe19
0000052921f4fed9
0000052921f505b9
0000052921f50dd9
0000052921f51859
0000052921f52d99
0000052921f53099
0000052921f55bf9
0000052921f57c59
0000052921f5aff9
000005294d9325d9
000005294d933899
000005294d939ad9
000005294d93af99
000005294d93fe79
000005294ec14479
000005295e80cc99
00000529b9af50b9
00000529b9afae39
00000529c44294d9
0000052a3a7eb699
0000052a82edd459
0000052a82ede599
0000052a883c6359
0000052acee8dfb9
0000052acf8d44f9
0000052acf8d4579
0000052af9d84a19
0000052af9d87fd9
0000052b0d282419
0000052b0d2824b9
0000052b0d2824d9
0000052b0d282b79
0000052b51636819
0000052b62d7af99
0000052b62d7bcb9
0000052b62d7c419
0000052b62d819f9
0000052b8e2e3919
0000052b8e2e4819
0000052b8e2e4b19
0000052b9f7efdf9
0000052bddefc679
0000052bddefd5d9
0000052be3291579
0000052bfb026c19
0000052bfb02aa59
0000052bfb02ea39
0000052c6176aa99
0000052c6176c0d9
0000052c63a9fc19
0000052c63aac039
0000052c63ab1ed9
0000052c63ab92b9
0000052c63ab9479
0000052c87f6f299
0000052c87f71cd9
0000052cb75fd3d9
0000052cb75fe759
0000052cdbf297f9
0000052d038ff219
0000052d039011d9
0000052d03904059
0000052d03909679
0000052d8139ac79
0000052dca6cefb9
0000052dca6cf0b9
0000052dd4a82b39
0000052e52efc699
0000052e588b7f19
0000052e74634d19
0000052e7b177659
0000052eb45e4379
0000052ef3659c99
0000052f11550939
0000052f5fd80359
0000052f5fd81e59
0000052f729ac7b9
0000052faced1539
0000052fadab9119
0000052fe323f159
0000053003c0ad59
0000053056834b39
00000530ca8cf819
00000530e99e3f59
00000530e99ebef9
000005310bd7c859
000005311d60e639
000005312d25d5b9
000005312db05a39
000005312db06cb9
000005314b4def99
000005314b4df719
000005314b4e0559
000005317e08e859
000005318e4e1a99
00000531c8fe5839
00000531c8fe6e19
00000531c9d1bc79
00000531c9d1d399
00000531c9d1d419
00000531cf88cdb9
00000a63b10c5d61
0000000000f47b71
0000000000000181
00000531faed33b9
00000531faed3439
00000531faed9b39
00000532465b2399
000005325948d2f9
000005325e3ddbd9
0000053262881899
00000532ab309819
00000532b8aa8c99
0000053309180299
0000053309180339
00000533091809f9
0000053309181cd9
00000533091834f9
0000053309185259
00000533091889b9
0000053309189939
000005330d0f18d9
000005330d0f1ad9
000005330d0f2039
000005330d0f2a79
000005331df10ef9
0000053341e32719
0000053341e35d79
00000533a04ea919
0000053413bb28d9
0000053497862c39
00000534a23a8999
0000053507457859
0000053521907219
00000535404d5259
0000053580b035d9
0000053580b037b9
00000535965be839
00000535f4191df9
00000535f4191e79
0000053676a6bfd9
00000536a7f27739
00000536c85326b9
000005373bcbeef9
000005374ba1f6f9
000005374ba1f859
000005374ba209b9
000005374ba25dd9
000005374ba2a219
000005374ba2a999
000005374ba39479
000005375f1c02d9
000005375f1c5319
000005375f1c53b9
000005375f1c5a99
000005375f1c65b9
000005375f1c6739
000005375f1c7959
000005375f1c8839
00000537c886ceb9
00000537e7490ef9
00000538002751b9
0000053810a1d299
000005386085f799
0000053898693ef9
00000538b52e0639
00000538cca60499
00000538cca615b9
00000538d559aef9
00000539082161f9
000005391b085459
000005391b085bb9
000005391b086419
000005391b087c99
000005391b08db79
000005392728d7d9
000005394f42ff99
00000539aa20f3b9
00000539aea906f9
00000539b5f80779
00000539d22a5899
0000053a2b954699
0000053a3b72cf99
0000053a3b72d219
0000053a3b72d6f9
0000053a3b72e039
0000053a3b731ed9
0000053a3b731f79
0000053a3b7321f9
0000053a3b732659
0000053a3b7331f9
0000053a3b733b99
0000053a3b734c59
0000053a3b734d59
0000053a3b734df9
0000053a3b73ebf9
0000053a62cf5519
0000053a665bff79
0000053a665c0119
0000053a665c06d9
0000053a77b18139
0000053ac484a1d9
0000053ad488a299
0000053ad488b119
0000053ad488b279
0000053afbc4cd39
00000a7651775561
0000000000f47b71
0000000000000181
0000053b39b1b0d9
0000053b39b1c659
0000053b39b1e2d9
0000053bc1d78039
0000053bc1d78799
0000053bc2b4b999
0000053c0c59b5b9
0000053c0feec0f9
0000053c14680239
0000053c590dd299
0000053c69e8e159
0000053c69e8e1f9
0000053c69e8e8b9
0000053c69e8fed9
0000053c69e912b9
0000053c69e97039
0000053c69e98039
0000053cdd188759
0000053cdd1887f9
0000053cdd188ed9
0000053cdd18f159
0000053cf2367cf9
0000053d4d49c7f9
0000053d4f843599
0000053d4f8455d9
0000053d8feaf4d9
0000053d94094ed9
0000053d94095099
0000053dacdb26d9
0000053dacdb2759
0000053dacdbb739
0000053de4600a39
0000053e04018059
0000053e4bb862b9
0000053e4ef464b9
0000053e4ef46539
0000053e4ef46c19
0000053e4ef488b9
0000053e50883039
0000053e508830d9
0000053e50883799
0000053e5088cb19
0000053e6af7c7b9
0000053e990af239
0000053e9a27dc59
0000053e9a27dcd9
0000053e9a2812f9
0000053ef4304419
0000053f4c0140f9
0000053f5a4b4939
0000053fa074bd19
0000053fb1eb70b9
0000054011373479
0000054011374379
0000054013ad79d9
0000054023f67ed9
0000054023f68e39
0000054023f69039
0000054023f695b9
0000054023f69d99
0000054023f6dfb9
0000054058365d19
000005405fdcfbd9
0000054072367759
000005407edf94b9
00000540b4578cb9
0000054152c494d9
000005415f489c59
000005415f48a3d9
000005415f48ad39
000005416aa9f2d9
00000541d1bfd019
00000541dde0ad99
00000541e1ed87f9
00000541e9677e39
00000541f28e14d9
00000542377d2cb9
0000054247810939
00000542478118d9
00000542591af779
0000054299b13859
0000054299b14e39
000005429a677439
00000542c79d0cd9
00000542f5efcb99
000005433966df79
000005437e029859
000005437e02abb9
000005439816d9b9
0000054398173899
00000543981765b9
0000054398dd7f59
00000543a2a8e439
00000543a2a8e4b9
00000543a2a8f9b9
00000543cb4904f9
00000543cb4933f9
00000543f11e1b19
00000543f11e8af9
00000543f11e9f59
00000543f11ea6d9
00000543f11ebcd9
00000543f11ecbd9
00000543f11f1c19
00000543f11f2499
00000543f11f41f9
000005442266ca39
000005442266caf9
000005442266d1b9
000005442266dd39
000005442266fb19
0000054422677e99
000005442267ca39
000005442267d439
0000054424897ad9
00000544508ffe99
000005445fe89879
00000a88f1e24e61
0000000000f47b71
0000000000000181
0000054479702e19
0000054479703599
0000054479709ef9
00000544b9246159
00000544d9c441f9
00000544f5169e79
0000054541f180f9
0000054541f18199
0000054541f18879
0000054591486419
0000054591487859
00000545914879b9
000005459148d179
000005459474ae79
00000545e4547039
00000545e9330479
00000545f40431f9
00000545f5851299
0000054614aba019
0000054614aba779
0000054614abb019
0000054614abb0f9
0000054614abb199
0000054614abb299
0000054614abb339
0000054614abb7f9
0000054614abb9f9
0000054614abbe59
0000054614abfb39
0000054614ac0159
0000054614ac05f9
0000054614ac08d9
0000054614ac2339
0000054614ac28f9
00000546235f51d9
000005468bc84679
000005468cb37d59
000005468cb37dd9
000005468cb3ea99
00000546df5b89b9
00000546e939d9d9
00000546f05421d9
00000546f0544499
000005474369f6d9
00000547820cbe59
00000547820cbef9
00000547820cbf39
00000547820cc5d9
00000547820cfdd9
000005478a1f3519
000005478a1f3599
000005478a1f4ad9
000005478a1f6a39
000005478a1f9539
000005478a1f9c99
000005478a1fe5b9
00000547edb991d9
00000547edb9f799
0000054817edd479
00000548362b7499
00000548362b8dd9
000005483ce49279
00000548574addd9
00000548574ae539
00000548574af279
00000548574b4fb9
0000054857fee4d9
00000548949e4299
00000548949e4319
00000548949e55d9
000005489cc9bb79
000005489cc9ccd9
000005489cc9ef59
000005489cca0359
000005489cca1659
000005490a069359
000005492908f5f9
000005492908f699
000005492908fd79
00000549290907f9
0000054929090939
0000054929091c99
0000054929093899
0000054929094a59
0000054929094af9
00000549290951d9
0000054929096199
0000054929097519
000005493c34f0d9
000005493c34f179
000005493c34f859
000005493c34ff39
000005493c350459
000005493c350699
000005493c354f79
0000054946d84fb9
0000054964687899
0000054964687ff9
000005496468cd79
000005496a689ab9
000005497f0bc099
000005499640eb59
00000549964102f9
0000054996410479
0000054996411479
000005499641a379
000005499641b579
00000549c6d0a4b9
00000549c6d0ac39
00000549cb63bcb9
0000054a27a51919
0000054a32fcd999
0000054a32fcda39
0000054a32fcda79
0000054a32fce0f9
0000054a32fce899
0000054a32fce999
0000054a32fd0b39
0000054a32fd2a99
0000054aaaa949b9
0000054aaaa95139
0000054aaaa95af9
0000054aaaa95c99
0000054aaaa98dd9
0000054aaaa9edd9
0000054ad01e1e79
0000054ad3253df9
0000054ad32550b9
0000054aea61c539
0000054af7b8a979
0000054b53fdc139
0000054b53fdc2d9
0000054b53fe2279
0000054b5e57cc19
0000054b5e57e119
0000054c231f71d9
0000054c4d3b5ed9
0000054c64df1619
0000054c64df2c19
0000054c64df3899
0000054c64df4899
0000054c64df5959
0000054c64df74f9
0000054c64df93f9
0000054c64dfa519
0000054c71444999
0000054c8be20ed9
0000054c93113ed9
0000054ca61074f9
0000054ccf6c1a19
0000054ccf6c1a99
0000054ccf6c2e39
0000054cd94a8439
0000054ce3143a59
0000054ce314af99
0000054d187145f9
0000054d3adaaa59
0000054da12a5359
00000a9b924d4661
0000000000f47b71
0000000000000181
0000054e1c9591b9
0000054e29577d59
0000054e3d9f1a19
0000054e3d9f3579
0000054e3d9f46f9
0000054e3d9fa959
0000054e6a875339
0000054ea1764119
0000054ebc946219
0000054eedb29e59
0000054ef11a4459
0000054f02b83139
0000054f3a5e3359
0000054fad585539
0000054fad5856d9
0000054fad586839
0000054fb4df3339
0000054fb4df3a79
0000054fe2687e99
0000054fe3379b99
000005502231c5d9
0000055025be0eb9
0000055025be0f59
0000055038880819
0000055094744999
000005509a9ccef9
00000550a5a18879
00000550a5a19bd9
00000550a5a1a2b9
00000550a5a1b4f9
00000550a5a1fa59
00000550a5a209b9
00000550c699f419
00000550db64dc79
00000550fec8a919
0000055115f4def9
0000055115f4ed99
0000055123340c39
0000055123345cb9
000005513cb572d9
000005513d5e9339
000005513d5e9ab9
000005513d5f01d9
000005513d5f15b9
0000055145a3aab9
000005516c497579
000005520c486819
000005520c486899
000005520c486f79
000005520c487699
000005520c487739
000005520c488439
000005520c48c9f9
000005521081b259
0000055219b41e79
0000055219b41ef9
0000055219b43019
0000055219b433b9
0000055219b45a39
0000055219b469b9
0000055219b48ef9
0000055224104119
00000552243ee539
00000552243efa59
000005526d52ff59
00000552bc0e12d9
00000552d1ae6199
0000055317703939
00000553177059b9
0000055326b16e19
000005533c7fcd79
000005533d450439
000005533d4517b9
000005533d45b3f9
0000055382dcbb19
0000055382dcbcd9
0000055382dcc999
0000055382dcd0f9
0000055382dcd199
0000055382dcdff9
00000553b776e4d9
00000553bb80e2d9
00000553bb80ea59
00000553bc46a039
00000553bc46a0d9
00000553bc46a799
00000553c78065d9
00000553e014a499
00000553e7f9e019
0000055407b14c19
0000055407b14c99
0000055410611b79
0000055410612d39
00000554106132d9
0000055410618c19
00000554106194d9
000005546ebf0b39
00000554709a8c79
00000554eaa61f99
00000554fc8a6159
000005550e77a1b9
0000055550891cf9
0000055550891e99
000005556754fbb9
000005556ee75d19
00000555d777d179
00000555dbcc4799
00000555dbcc6439
00000555dd12b6d9
00000556361187b9
00000556361198f9
000005563611a059
000005563611a699
000005563611a8d9
000005564ef4ce99
000005564ef4cf39
000005564ef4d619
000005569405f059
0000055694064fb9
00000556aacf84d9
00000556d7e517f9
00000556d7e526d9
00000556e7e470b9
00000556e7e47679
00000556e8bde0d9
0000055710c0e899
0000055710c0e919
0000055710c16af9
00000aae32b83e61
0000000000f47b71
0000000000000181
000005573a42b459
000005573b36e399
0000055761de0099
0000055761de1139
000005577b321519
000005577b321c99
000005577b322f19
000005577b326bd9
000005577b326f39
00000557a2c473b9
00000557c4c9a839
00000557c4c9acd9
00000557c4c9afb9
00000557c4c9bd99
00000557c4c9ca59
00000557c4c9cfd9
00000557c4ca1679
00000557c704aeb9
00000557c7058279
00000557c70589f9
00000557db2b0419
0000055852b5f3d9
00000558894a5ed9
000005588acddfb9
0000055891d8f4b9
0000055891d8f559
0000055891d8f679
0000055891d8fc39
0000055891d90a99
0000055891d937f9
0000055893f57619
0000055893f586b9
0000055893f58759
0000055893f58799
0000055893f588b9
0000055893f58e39
000005589c373399
000005589c3812f9
00000558c5c60839
00000558c5c65579
00000558d28cadd9
00000558d28cb559
00000558d28d0239
00000558d97c4779
00000558d97c4ef9
00000558d97c5499
00000558d97c5559
00000558f7ed0b59
00000558f7ed0cf9
00000558f7ed9979
000005590eba6c59
000005590ebad5f9
00000559172b9a19
00000559172ba179
00000559172bb079
00000559172bb439
00000559215154b9
00000559254bafd9
000005593ae22979
000005593e88f899
000005594446bd39
000005598bbd0279
000005598d385699
000005598d3858b9
000005598d385e39
000005598d385ef9
000005598d3865d9
000005598d386a79
000005598d386df9
000005598d387319
000005598d389cd9
000005598d38d259
000005599f993139
00000559db176b79
00000559f843e119
0000055a41c68b39
0000055a41c692b9
0000055a41c69fb9
0000055a41c6c739
0000055a41c6d3b9
0000055a41c6ea39
0000055a41c702d9
0000055a41c72099
0000055a41c725b9
0000055a41c77159
0000055a4fac0859
0000055a5a70cc19
0000055ad1ccb539
0000055ad1ccc719
0000055ae7855f79
0000055af4640839
0000055af46418f9
0000055af4641979
0000055af4647f79
0000055b09d12199
0000055b09d16259
0000055bb3565159
0000055bc7dffb39
0000055bc7e03fb9
0000055c0b1d82f9
0000055c0b1d8a59
0000055c0b1da739
0000055c0b1db7d9
0000055c0b1dc7d9
0000055c0b1dc879
0000055c0b1df219
0000055c0b1df4d9
0000055c0b1df559
0000055c0b1dfa79
0000055c0b1e4539
0000055c0b1e5379
0000055c37909179
0000055c3ba626b9
0000055c5c3415f9
0000055c678ad759
0000055c678b46b9
0000055c7d6f3999
0000055ca7279ff9
0000055cab061879
0000055cab062b59
0000055cab064799
0000055cdd8551f9
0000055cdd855299
0000055cdd855959
0000055cdd856339
0000055cdd856f79
0000055cdd85a9b9
0000055d1fac6939
0000055d248e8919
0000055d248e96d9
0000055d248e9d19
0000055d4349be79
0000055d4349bf19
0000055d4349c5d9
0000055d4349d019
0000055d4349e079
0000055d4349e2b9
0000055d4349fe39
0000055d434a2ab9
0000055d494afcb9
0000055d494afeb9
0000055d64417c19
0000055dc862ad79
0000055e7de93d19
0000055e80e029b9
0000055e88951a39
0000055ea6f93c19
0000055ed03e7919
0000055eff0dadd9
0000055f095c1839
0000055f31785b19
0000055f65300839
0000055f653008d9
0000055f65300f99
0000055fd47a5499
0000055fd47a5db9
0000055fd47a67d9
0000055fd47a6879
0000055fd47a68b9
0000055fd47a6f39
0000055fd47aa0b9
0000055fd47aa159
0000055fd47aa839
0000055fd47aed59
0000055fd47af539
0000055fd47b0db9
0000055fec1c0879
0000056064f73579
0000056064f74fd9
0000056066dc5c19
0000056066dc8ff9
00000ac0d3233761
0000000000f47b71
0000000000000181
00000560c05d3959
00000560f26ddfb9
00000560f26dedd9
000005612c4f9059
000005613df00979
000005615c45a799
000005615c45a939
000005615c45a9d9
000005615c45aa19
000005615c45b0b9
000005615c45ba39
000005615c45bf79
000005615c45d599
000005615c45ef99
000005615c45f019
000005615c45f6f9
000005615c460739
000005615c461119
000005615c4616b9
000005615c4642f9
000005615c464579
000005615c465679
000005615c465719
000005615c468ab9
000005615c46a079
000005615c46ae79
000005615c46be79
00000561a35c17b9
00000561a35c5299
00000561a35c7139
00000561a35c7899
00000561a35c7ef9
00000561a35c8019
00000561a35c8119
00000561a35c8519
00000561a35d0079
00000561a35d1739
00000561b7d9fe19
00000561b7da0f19
00000561b7da0f99
00000561b7da1679
00000561c40bbbf9
00000561cae24519
00000561cae25479
00000561cae25719
00000561cae25819
00000561cae29db9
00000561cae2add9
00000561ee98fb39
0000056216f43a19
0000056283adc9d9
00000562921e9339
000005629d9eb699
000005629d9eb859
000005629d9f3379
000005629fb98399
00000562c8a4b639
00000563515a18d9
00000563842cebf9
00000563842cedb9
00000563842cf359
00000563842d30f9
00000563842d6899
00000563c1b2d359
00000563cd39eb59
00000563cd39fc79
0000056429efcbf9
00000564471032f9
0000056461875159
000005649164a379
000005649164bc59
000005649164d8b9
00000564a9448c19
00000564bdbd8e59
00000564c4a91799
00000564f28ace19
000005651a11b3d9
000005651a11c4d9
000005651a11c8f9
000005651a120af9
00000565340795b9
000005653c594fb9
000005657420a299
00000565aba13d79
00000565c5d98db9
00000565c64e52b9
00000565c7c48a59
00000565d3fc9119
00000565d3fd1fb9
00000565fea75c79
00000565fea763d9
00000565fea76c39
00000566107af0b9
00000566107b0239
00000566107b0579
00000566107b5959
00000566212e8f79
000005662b47dc59
000005662b47efb9
000005662dd67eb9
000005662dd6c6f9
00000566511af119
00000566645956f9
00000566f92140d9
000005672ca23659
000005676676e499
0000056766774f99
0000056790d1a6f9
00000567955b5659
00000567955b68d9
00000567972a4299
00000567a9074599
00000567a9074619
00000567a9074cf9
00000567a907a599
00000567d4ebe939
00000567d4ec4e39
00000567e9f50979
00000567f4d387d9
00000567f4d39e39
00000567f4d3c3b9
0000056808939379
000005680893a639
000005680dfdb7f9
000005682b9298d9
000005682b92a859
000005682b92aff9
000005682bf60cd9
000005686bc1a5b9
000005686bc1a659
000005686bc1b419
000005686bc1b739
00000568b01dbb39
00000568b32af899
000005698462b859
00000569a42156f9
00000569a421a979
00000569a421b9d9
00000ad3738e2f61
0000000000f47b71
0000000000000181
00000569f5f314d9
00000569f5f323b9
00000569fe881959
00000569fe882cd9
00000569fe882df9
00000569fe883e59
0000056a288aed19
0000056a3613dbd9
0000056a389962f9
0000056a594a8899
0000056ac28df7d9
0000056acbc0fa59
0000056acbc10c79
0000056b4501c3d9
0000056b45020e39
0000056b7aa170d9
0000056badcf4f59
0000056badcf8b39
0000056bb212f719
0000056bb5c18499
0000056bb5c191f9
0000056bb5c19979
0000056bb5c19a39
0000056bb5c1a219
0000056bb5c1a459
0000056bb5c1a7b9
0000056bb5c1a8d9
0000056bb5c1b139
0000056bb5c1ca79
0000056bb5c1df79
0000056bb5c20399
0000056bb5c21639
0000056bd6590759
0000056bfaaecff9
0000056c0b8906f9
0000056c1554ef39
0000056c1554f6b9
0000056c155509d9
0000056c15557ed9
0000056c1d2710f9
0000056c3a61e4f9
0000056c3a61f6f9
0000056c4242ca79
0000056c55d87e59
0000056c55d8b239
0000056cb2155e99
0000056cea035c79
0000056d0699bf39
0000056d13dbb899
0000056d27b74639
0000056d280e2159
0000056d280e28d9
0000056d280e34f9
0000056d280e3599
0000056d280e67d9
0000056d68988439
0000056d68988bb9
0000056d68989279
0000056d68989a19
0000056d845c9ef9
0000056d845cb1b9
0000056da1e1a2f9
0000056da1e1bed9
0000056dee3ce599
0000056e7e18d339
0000056e7e192c59
0000056eb48b6fb9
0000056eb48b7039
0000056eb48b7f99
0000056eb48b9099
0000056eb48beb59
0000056ef0481399
0000056f38b22699
0000056f38b23739
0000056f3c012bf9
0000056f50c10ad9
0000056f5c2d4f39
0000056f5c2d6a39
0000056f5c2dd819
0000056f63ad9299
0000056f722615f9
0000056f852b1d59
0000056f852b1df9
0000056f852b24b9
0000056f852b8759
0000056f9021db99
000005700fe9d379
00000570155ef219
00000570292e9b79
000005707c070859
0000057082b46a79
000005709bc68f99
00000570c9345919
00000570d40699f9
00000570d4069b79
000005713d44cf59
000005714bef7b79
000005714bef7db9
000005714bef82d9
000005714bef8af9
0000057163fd45b9
00000571699ba219
00000571c849bd79
00000571c84a07d9
0000057258978bd9
000005725897f659
00000572612db219
000005727f750b59
000005727f751d39
0000057281208cf9
00000572cb8b3cd9
00000572db7075f9
00000572db707779
00000572dbca07b9
00000572ff290a99
00000ae613f92761
0000000000f47b71
0000000000000181
00000573364d3c79
00000573364d43f9
00000573364d4b39
00000573364d4df9
00000573364d7119
00000573364d8fd9
000005734abbde59
000005734abc4db9
00000573613c9db9
00000573613caf79
00000573d24d5179
00000573d24d58d9
00000573d24dc4d9
00000574207b7759
00000574207b7eb9
000005748dc73779
000005748dc74cb9
000005748dc7b519
00000574a6e0bc39
00000574b83118d9
00000574c1ed5799
00000574c1ed5ef9
00000574c1ed6859
00000574c1ed6e79
00000574c1ed79d9
00000574c1ed7eb9
00000574c1ed8859
00000574c1ed8e99
00000574c1eded99
00000574d2240a79
000005752df7b6b9
00000575a2ef8159
00000575c7cf8259
00000575fa6a86d9
0000057694b75e39
00000576a3804af9
00000576c3e2bd99
0000057796538e99
000005785b3b5c99
0000057865d1e139
00000578665c87f9
00000578665cd8d9
000005787d0e5a99
000005787d0ebaf9
000005787d0f0f59
000005787d0f3659
000005787d0fc819
000005789de2b859
00000578af21add9
00000578da381eb9
00000578da383279
00000578da3839f9
00000578da384379
00000578da384459
00000578da3848b9
00000578da385ed9
00000578da387e19
00000578da389b99
00000578dd7c7d39
00000578f2bfa079
00000578fe759859
00000578fe7598f9
00000578fe759919
00000578fe759fb9
00000578fe75a619
00000578fe75ab19
00000578fe7624b9
000005791c594cf9
0000057923795579
000005793a844859
000005793a845939
000005793a849dd9
0000057971676899
000005797167aa59
000005797167e039
000005798c0920b9
000005799b266439
000005799b266bb9
000005799b267339
000005799b267959
000005799b26d319
00000579f74c8c59
00000579f74c93b9
00000579f74d2679
00000579f74d36d9
00000579fddbb2d9
0000057ab4290c19
0000057ab4292399
0000057ab42965f9
0000057aca72ad19
0000057acabaa659
0000057b0464f9f9
0000057b08dc6f99
0000057b08dca6d9
0000057b2cdda879
0000057b60aa9179
0000057b69867079
0000057b9f832f19
0000057ba4448259
0000057ba44482d9
0000057ba4448319
0000057ba44489b9
0000057ba44494b9
0000057ba44496b9
0000057ba444a5b9
0000057bc40d9eb9
0000057bdbbb59b9
0000057bdbbb6119
0000057bdbbb6c79
0000057bdbbba999
0000057bdbbbb159
0000057be6093239
0000057be6093999
0000057be6094319
0000057bfc725919
0000057c368758b9
0000057c52a5e879
00000af8b4642061
0000000000f47b71
0000000000000181
0000057c6918b399
0000057c751115f9
0000057c81853179
0000057c84744ef9
0000057c9b638859
0000057c9b638fd9
0000057c9b639759
0000057c9b639999
0000057c9b941419
0000057cc7af88f9
0000057d7517c3d9
0000057d7517df99
0000057d7517fef9
0000057db6d0f139
00000afb8387ec61
0000000000f47b71
0000000000000181
