[MCS8 A] 97 FW 3.104 SV 1.257 
range=1024
periods=2
sweepmode=27e20d0
fstchan=0
holdafter=0
streamstatus=3
calreg0=0
calreg1=0
calreg2=0
calreg3=0
swpreset=8000        
prena=1
syncout=0
cycles=18
sequences=1
tagbits=16
vdac0=92c
vdac1=807
vdac2=8c8
vdac3=8c8
vdac4=8c8
vdac5=8c8
vdac6=8c8
vdac7=8c8
timepreset=150.000     
digio=0
digval=0
autoinc=0 
savedata=2 
mpafmt=asc
sephead=0 
fmt=asc
smoothpts=5 
[CHN1]
REPORT-FILE from 06/24/2026 14:37:38.234  written 06/24/2026 14:37:38
cmline0=06/24/2026 14:37:38.234 
cmline1=A1
range=1024
active=1
bitshift=4
cftfak=2580100
evpreset=10          
roimin=0
roimax=1000
caloff=0.800000
calfact=12.800000
calfact2=0
calfact3=0
calunit=nsec
caluse=1 
[CHN2]
REPORT-FILE from  written 06/24/2026 14:37:38
cmline1=A2
range=1024
active=0
bitshift=4
cftfak=2580100
evpreset=10          
roimin=0
roimax=1000
caloff=0.800000
calfact=12.800000
calfact2=0
calfact3=0
calunit=nsec
caluse=1 
[CHN3]
REPORT-FILE from  written 06/24/2026 14:37:38
cmline1=A3
range=1024
active=0
bitshift=4
cftfak=2580100
evpreset=10          
roimin=0
roimax=1000
caloff=0.800000
calfact=12.800000
calfact2=0
calfact3=0
calunit=nsec
caluse=1 
[CHN4]
REPORT-FILE from  written 06/24/2026 14:37:38
cmline1=A4
range=1024
active=0
bitshift=4
cftfak=2580100
evpreset=10          
roimin=0
roimax=1000
caloff=0.800000
calfact=12.800000
calfact2=0
calfact3=0
calunit=nsec
caluse=1 
[CHN5]
REPORT-FILE from  written 06/24/2026 14:37:38
cmline1=A5
range=1024
active=0
bitshift=4
cftfak=2580100
evpreset=10          
roimin=0
roimax=1000
caloff=0.800000
calfact=12.800000
calfact2=0
calfact3=0
calunit=nsec
caluse=1 
[CHN6]
REPORT-FILE from  written 06/24/2026 14:37:38
cmline1=A6
range=1024
active=0
bitshift=4
cftfak=2580100
evpreset=10          
roimin=0
roimax=1000
caloff=0.800000
calfact=12.800000
calfact2=0
calfact3=0
calunit=nsec
caluse=1 
[CHN7]
REPORT-FILE from  written 06/24/2026 14:37:38
cmline1=A7
range=1024
active=0
bitshift=4
cftfak=2580100
evpreset=0           
roimin=0
roimax=1000
caloff=0.800000
calfact=12.800000
calfact2=0
calfact3=0
calunit=nsec
caluse=1 
[CHN8]
REPORT-FILE from  written 06/24/2026 14:37:38
cmline1=A8
range=1024
active=0
bitshift=4
cftfak=2580100
evpreset=0           
roimin=0
roimax=1000
caloff=0.800000
calfact=12.800000
calfact2=0
calfact3=0
calunit=nsec
caluse=1 
;MCS8 #97 Sversion=1.257 Fversion=3.68
time_patch=1
;datalength=8 bytes
;bit0..3: channel# 1..8 ( 4 bit)
;bit4: edge 0=up / 1=dn ( 1 bit)
;bit5 ..57: timedata    (53 bit), max sweep length 2001.6 h
;bit58..62: tag0..tag4  ( 5 bit)
;bit63:     data_lost   ( 1 bit)
[DATA]
0000000000000016
000000001af049d9
0000000028673219
0000000029faf759
0000000046746bf9
00000000474d4239
000000004c334119
00000000580161f9
0000000058017139
0000000071cc5319
000000008fb982f9
000000009ef16e39
00000000a5397619
00000000bef00d39
00000000c615da79
00000000cee565f9
00000000d1d69179
00000000d1d6aa59
00000000e4a688f9
00000000e6b08d59
00000000e85706b9
00000001332d8939
0000000135890819
0000000163b20c19
000000016c4e1f79
000000017d37aef9
000000019d3d8c19
00000001d2309339
00000001fa5689b9
00000001fa569319
000000021a57af99
000000024146ca19
000000024146cbd9
00000002501b4479
00000002711b8e79
000000028e119379
000000028ec929f9
0000000290ee6b59
00000002a2eb8719
00000002a5981b19
00000002c0dbf879
00000002f0f15a39
0000000306156279
0000000319a7b4b9
00000003377adb59
000000036e65fef9
0000000386367019
00000003a297a0b9
00000003a9413919
00000003ab438c79
00000003f8fe4239
00000003fb75e2f9
00000004131844d9
0000000413acc359
0000000416254e99
00000004333963f9
0000000448788879
000000045b1309b9
0000000470067b19
000000047bc45199
000000049925fa59
0000000499b51239
00000004a11110d9
00000004a1586099
00000004d52d8219
0000000501c826b9
0000000517726f99
000000051f989299
000000052ddca7d9
000000053ad9ac99
000000053ef034b9
000000054a0fe659
00000005640293d9
000000057d8d7479
00000005818f6d59
0000000598ecb2d9
00000005a1780e19
00000005aa708359
00000005b8bb74f9
00000005cb95fc99
00000005f799e459
00000005fd30d0b9
00000006001299d9
000000065b4eb9f9
000000065cef9e59
0000000665b51339
000000066b0b5239
000000066db34af9
00000006849a5999
0000000690151bf9
00000006acf69d99
00000006b8fa1ff9
00000006eedc5c39
00000006eedc6659
00000006fd472bf9
000000073c13a899
000000075c4fdad9
0000000762f362f9
0000000763f98619
000000076ff51839
0000000786410df9
0000000794541f99
00000007caf46a19
00000007d3d05399
000000080a426b99
000000080f363059
000000080f363899
0000000810e24179
0000000819c96b99
0000000842c70ef9
0000000845eac739
0000000864774bd9
00000008687645b9
00000008716f9019
00000008a7212b79
00000008a72164f9
00000008b63087b9
00000008c9a00879
00000008d8dd2d99
00000008f1ba5eb9
00000009194ec979
0000000943a51979
0000000949c13a19
0000000956d9d819
0000000970c054d9
000000099e30a659
00000009b0feb819
00000009b8f848b9
00000009c2c50179
00000009cd7d0c59
00000009f7b61139
0000000a08fe97d9
0000000a09692d79
0000000a09695499
0000000a35c59439
0000000a6c68b9b9
0000000a6ca96dd9
0000000a6ca980f9
0000000a7ad5ec59
0000000ab8139cf9
0000000ae0327e59
0000000aedd7e399
0000000b00c7ad99
0000000b4f730eb9
0000000b5f5faa99
0000000b8b322659
0000000b91b2d979
0000000baff491d9
0000000bc5bb8a39
0000000bcdc17079
0000000be5376f59
0000000c0cb8e099
0000000c24c24c99
0000000c356be879
0000000c53f4d799
0000000c6b4a7579
0000000c6b4a9079
0000000ca327cb39
0000000cb63e1639
0000000ccb1b0699
0000000cccae5239
0000000ce60587d9
0000000cf4ab2df9
0000000d174746f9
0000000d18536659
0000000d370af019
0000000d5cf98b99
0000000d5ef94019
0000000d767a7e39
0000000da2f60bb9
0000000db8b76999
0000000dbc606f99
0000000dbd2b1119
0000000dc94a5559
0000000dfb380979
0000000e0f3eacd9
0000000e3b5b6a99
0000000e424c8519
0000000e482b9219
0000000e69615359
0000000e6b03af99
0000000eca0fe919
0000000f0b392819
0000000f2aeb1a39
0000000f80bc9fd9
0000000f99d8cab9
0000000f9b41a639
0000000f9d624679
0000000fd1c18ab9
0000000fe109a2d9
0000000ffc780139
000000101ccee1f9
000000103700acd9
000000103b1b5b79
00000010410e9479
0000001058d3e399
0000001081d57299
000000108490d539
0000001084912119
000000109aa3e559
0000002156ed1961
0000000002232571
0000000000000181
00000010b55d4fb9
00000010d139a8f9
00000010ea02d4d9
0000001106879c19
0000001124e81179
0000001132e8eb19
00000011352e6119
00000011352ed599
000000113ea8ea19
0000001144bf9739
000000114c5d2779
0000001160028979
000000116d24b099
0000001170fda7f9
0000001171605079
00000011b24a5379
00000011bbfbe0d9
00000011c4939bf9
00000011fe834a19
00000011feb2f559
0000001209a04539
000000120fa19f79
000000122b060379
0000001230effb79
000000123e6c8179
000000123f4dcfd9
000000126a984f19
000000126c2ee8f9
000000126fb63a79
00000012b4e5d519
00000012f173be19
00000013128f30b9
000000131d95e979
0000001321017879
000000134e294a39
00000013597f8e59
0000001369cb62f9
000000136de38159
000000137ba1e419
0000001395af2419
000000139cb87239
00000013b88e2039
00000013ce1f31b9
00000013eef2aeb9
00000013f5915c99
0000001401a476d9
0000001411393619
0000001411393799
000000141ad36079
000000141f024f39
0000001420d72039
00000014210982b9
000000142e14d899
000000145cb056f9
000000147f84fa59
000000148f532459
0000001499d9e0b9
00000014ac5ca539
00000014b89eb7b9
00000014dffeee59
00000014dffef039
00000014f8d90599
0000001525c569d9
0000001548472999
0000001549784d79
000000155e536eb9
000000155e53d019
000000156b323239
0000001572c53319
0000001581d2f019
000000159785a699
000000159785b7f9
000000159d7dc599
00000015cbee6059
00000015f262a079
000000163675ee39
000000163e949ed9
000000164193e519
000000165fbf57f9
0000001661d5c159
00000016695c85b9
0000001675472319
000000167944b079
000000169a55fa99
00000016db4db959
00000016e1d83959
00000017085d5959
00000017111379b9
0000001715e754b9
0000001715e769d9
0000001715e76c59
0000001770f32c79
000000179ec256b9
000000179f1945d9
000000179f1956b9
00000017d0d19a79
00000017d0d1ad59
00000017d59176b9
00000017f9f3b379
00000017fcea8099
0000001808dd9459
0000001817367b39
000000182cf27739
000000183c4c53f9
000000183d4ca299
0000001840658139
000000185cc42239
000000186f8e36d9
00000018a9750db9
00000018b1bd5a39
00000018b8d9e1b9
0000001925aa53f9
000000194181a559
0000001946dcdb59
0000001947637879
00000019674f75d9
000000197b25c199
0000001987c694d9
0000001987c69e59
00000019c737fa99
00000019d2a3b799
00000033f757b661
0000000002232571
0000000000000181
00000019fc11f339
0000001a04effb79
0000001a4d73de79
0000001a5e205dd9
0000001a6962cb59
0000001a7acb2459
0000001a8516f0d9
0000001a8deb73b9
0000001a92649339
0000001aa85860d9
0000001ac7e107d9
0000001ad1f324d9
0000001b0827d5d9
0000001b124c4979
0000001b79e32e99
0000001b913696d9
0000001b9be80df9
0000001b9ebefcf9
0000001baa380bb9
0000001baffbd6d9
0000001bc45b84d9
0000001bcfca5619
0000001bd27ed179
0000001bd27ee3f9
0000001bf7eb4ad9
0000001c03990ab9
0000001c13f88ed9
0000001c1de93719
0000001c277aceb9
0000001c301f5dd9
0000001c3676da79
0000001c71e5c339
0000001cb85c2019
0000001cb8da0f79
0000001cc818ec19
0000001cdbb031f9
0000001ce01adcd9
0000001ced77b3d9
0000001d04aa1fb9
0000001d3ad78dd9
0000001d418af5f9
0000001d591ee0b9
0000001d5f8f9af9
0000001d7226d6d9
0000001d87badf39
0000001d8a2a6039
0000001de3f51239
0000001de86c6ff9
0000001df3b153d9
0000001df616b5b9
0000001df7cc2d79
0000001e0b413059
0000001e1847e319
0000001e2ae31c79
0000001e4bd42df9
0000001e4ca66199
0000001e6b9d16d9
0000001e74072239
0000001e7fb455b9
0000001e83ed4bf9
0000001e8bcc22d9
0000001ea5aa2719
0000001eaaacf7d9
0000001ec83d3f59
0000001edc24e139
0000001eec5b6399
0000001efd7e6919
0000001f1382d019
0000001f20b14c39
0000001f41e4ca59
0000001f4456ce39
0000001f44745bf9
0000001f4e04cf99
0000001f540b9039
0000001f93578399
0000001f9bf8f479
0000001fc0354ef9
0000001fcbc12d79
0000001fe4cdbf39
0000001ff7446539
0000002017181539
000000202edc3639
0000002030fd03b9
00000020809d4d19
000000208824b159
000000209fb79af9
00000020aea716f9
00000020f60b5419
0000002124dcda39
000000212be5d099
000000212be5d239
000000212be5dc59
0000002130b1b479
0000002147183239
000000217c58dc59
00000021aa3fb599
000000221935fa79
00000022260c7fb9
000000223d3202d9
00000022aa951a59
00000022b7dda259
00000022bbd36b99
00000022c5bcc359
00000022cf20d559
00000022e245aab9
00000022e827e919
0000002303bdd119
0000004697c25261
0000000002232571
0000000000000181
00000023892aa159
00000023909a7d99
000000239b979559
00000023a466e8f9
00000023b37f2439
00000023b7f54ff9
00000023b824eb39
00000023b94092d9
00000023ef7aa839
0000002444916a39
000000245a3052d9
00000024630c5939
00000024829b5d19
0000002492371df9
0000002495db91b9
0000002499f62559
00000024a40ab339
00000024b4331579
00000024c0b4ce39
00000024fb670759
00000024febc27f9
000000250d90fcd9
000000250dee7dd9
000000251b9dbaf9
0000002528f54459
0000002542c910b9
0000002543d1e679
0000002585f6c759
00000025863eb799
0000002588f94519
00000025a20c74d9
00000025a45ce259
00000025a5cc0959
00000025ac7bd239
00000025ac7bd3d9
00000025bd5c5219
00000025c0ef4059
00000025c0ef4879
00000025c49ef8f9
00000025c5390999
00000025c5a93e79
00000025cf46ce19
00000025e29da039
0000002607b38d99
000000261d2a5579
0000002623f07599
000000262905d2b9
0000002647c56db9
000000266a80a379
000000267be42e79
0000002684985739
00000026c25bcb99
00000026c3944ed9
00000026dca9f659
000000273b9cfbb9
00000027b949b999
00000027ba0a3d99
00000027c713a719
00000027fa86af79
00000027fdb11d79
00000027ff9732b9
0000002812a6c419
000000282aaaf1d9
000000285e5da339
000000285eb4ec59
0000002880ff2ef9
0000002884de4099
0000002885cd44f9
000000289bb20a99
00000028aa544979
00000028d15461d9
00000028d6796199
00000028e6973b79
000000290b86b799
000000298095e079
0000002985515219
0000002999e37e59
00000029ac893859
00000029c1d45bb9
00000029d2f2d0b9
00000029f33d6c79
0000002a129a0ad9
0000002a23a9d439
0000002a26845459
0000002a27875d19
0000002a2c59d0f9
0000002a3d738679
0000002a6b666779
0000002a73e60559
0000002a749b6079
0000002a7abf3179
0000002aa8a9c139
0000002ac0e7a939
0000002ac167d799
0000002ac794dcf9
0000002ad3bfb799
0000002b205f4519
0000002b458370b9
0000002b49104eb9
0000002b4910afd9
0000002b4910ce99
0000002b534949f9
0000002b71621039
0000002b7aa854d9
0000002b7c867f79
0000002b99afec79
0000002ba82670b9
0000002bb7b576f9
0000002bc93f8699
0000002bdadbdc59
0000002bf7a91af9
0000002bfd411479
0000002c02b7f9f9
0000002c0613ac59
0000002c519ac2b9
0000002c775370d9
0000002c79ee2359
0000002c8732c3d9
0000002c8a529699
0000002c95d153d9
0000002c95feb219
00000059382cee61
0000000002232571
0000000000000181
0000002ca8baacf9
0000002cdb306019
0000002cdc5cce99
0000002d00239e79
0000002d01ac20b9
0000002d16804c59
0000002d16fd7459
0000002d1e765919
0000002d28678399
0000002d84669cb9
0000002dc099bff9
0000002e020abdf9
0000002e1549a7d9
0000002e3c1051f9
0000002e3d620319
0000002e422309f9
0000002e49519c99
0000002e6791a499
0000002e84b99c79
0000002e867d97d9
0000002e9d6fb8b9
0000002ea7e738d9
0000002ebcfff1f9
0000002ec7b49bf9
0000002ec9a21179
0000002edd159fb9
0000002eec4b3c79
0000002ef7adb439
0000002efd30ad99
0000002f177e0fb9
0000002f50ed0839
0000002f82c79139
0000002fac64f559
0000002fb2a8b759
0000002fc83ea879
0000002fdbb1ab19
0000002fe4dc6d39
000000302293f759
000000302affd459
0000003039afdcd9
000000304e22dbd9
000000306b173ff9
0000003086a22059
000000308c271fd9
000000309d9975d9
000000309f780399
00000030bd1b78d9
00000030c6b2ae59
00000030f0641819
00000030fbe6ec99
00000030fd29d2b9
00000030fd3d3199
00000031020ee0d9
000000310eeeee99
00000031422a98b9
00000031466c6d19
000000316430fc59
000000317b685019
0000003181937f99
00000031952a38f9
00000031a3699db9
00000031b3931979
00000031b3932b39
00000031ca887499
00000031f41af219
00000031f41aff99
00000032196896d9
000000323b972299
0000003240d46459
0000003240d47459
000000326b2d7399
00000032b5d0a1f9
00000032c0c583d9
00000032cdeec999
00000032eba228b9
00000032f11e5f79
00000033450e3e79
000000335ef2fd19
000000335ef2fe99
000000336756a219
000000337831a779
000000338e124679
00000033a9a577b9
00000033cd61f9b9
00000033ce2df159
00000033d279ead9
0000003414e6f199
0000003432567839
000000343d5ef2d9
000000345c329839
000000346fab8b99
0000003486cb1559
00000034890e9a39
000000348b1de1f9
00000034a9931ff9
00000034b9abdcd9
00000034c2992619
00000034d38aa879
00000034e4d83ad9
00000035141076b9
000000355b46aad9
0000006bd8978a61
0000000002232571
0000000000000181
000000361d406579
000000366b80f419
0000003695851539
00000036a3846f19
00000036acc5e539
00000036c1405cf9
00000036c1406f59
00000036c23b7a99
00000036c2a22ed9
00000036d2c44779
00000036fc9c7439
000000370ee0ffd9
000000372c3dd979
00000037636af959
0000003777a82719
0000003794ec27f9
00000037c36ead59
00000037c91f3b79
00000037e29d9b19
00000037ff818d39
00000038002df959
00000038263ce219
00000038312744d9
000000383c779a59
0000003843972dd9
00000038ccf2e299
00000038df8b3e19
00000038f4ee32d9
0000003910c07799
00000039165d8b99
000000392c16e139
0000003954767459
00000039697db8f9
000000396fc2c199
0000003982569199
0000003984d31379
000000398bd41679
0000003995bca959
0000003995f3afd9
00000039cd609ad9
00000039d41494b9
00000039de610479
00000039e7cd5959
00000039fa29ffb9
0000003a22eccc99
0000003a4dcd2cb9
0000003a5279ec59
0000003a5f862ff9
0000003a6e9ad219
0000003a71a6dbb9
0000003abd88bef9
0000003ad88cd819
0000003ae4281c19
0000003b0f368b99
0000003b668dc179
0000003b80359319
0000003b8f859a39
0000003b9598d1d9
0000003b9b12c279
0000003bff566ef9
0000003c002e76d9
0000003c043f6d59
0000003c703c0219
0000003c78b0d399
0000003c828f6379
0000003c8b0dc699
0000003c92f3b519
0000003cf06653d9
0000003cf3e51ed9
0000003cf682a379
0000003cf7e77d59
0000003cfa18eb99
0000003cfa18ed59
0000003d23765a99
0000003d2f077239
0000003d5f6c8a19
0000003d86afa4f9
0000003d8cdc2cd9
0000003db661b239
0000003de0531fb9
0000003de99b53d9
0000003dffc02679
0000003e266b9c59
0000003e43bf2739
0000003e7115f879
0000003eb6ecb939
0000003ed6208719
0000003ee6a83239
0000003f148be699
0000003f34737619
0000007e79022661
0000000002232571
0000000000000181
0000003f5351b839
0000003f6a4f3a19
0000003f905f54b9
0000003fa1270519
0000003fa90609b9
000000401246a279
000000404d8b1959
000000405fdb9bf9
00000040609faaf9
000000406839a4b9
000000407a52ae59
000000407a52c479
000000408acc9c19
000000409ac77bb9
00000040a528dcb9
00000040f26270b9
00000040fad29a79
000000411cd90339
0000004123fcb119
0000004145410639
00000041454107f9
0000004188ca1119
00000041b4bffdb9
00000041baafaff9
00000041c98d5139
00000041e4208119
00000041fd4e1919
0000004212efbe99
00000042271de099
00000042513d5d79
00000042757bc039
0000004289fb8a39
00000042c81cdb19
00000042d440e519
00000042db424d99
000000430d47f679
000000432869a979
000000434736b2f9
00000043ba227539
00000043f925c579
00000043fb3bd439
00000043fb3be4d9
00000043fb3be6f9
000000440d687959
000000442c322ab9
000000445c443e79
00000044d0341319
00000044d7ff4279
00000044fc2c0d79
00000044ff69f859
00000044ff6a0c79
0000004513024df9
000000452946da79
000000452e440ed9
0000004535b17439
000000459e2a5439
000000459e2a7799
00000045a352d559
00000045b78b18b9
00000045b790f859
00000045ce6b7f59
00000045e5dfa439
00000045ef5270d9
000000460d6320d9
000000461a4a6b19
000000463aef52d9
000000463c317299
000000464be0f019
00000046512cf0d9
000000465a05a399
00000046812baf39
00000046baeaa6b9
0000004701129d39
000000472434e319
000000472e35a3b9
00000047539da479
000000475df28919
000000476b8e72d9
000000477243c219
00000047844b0879
00000047be468299
00000048259f46d9
000000482e890fb9
000000483f75c499
0000004844d2a9d9
00000091196cc261
0000000002232571
0000000000000181
00000048915ce999
0000004894e29a59
00000048cab4c139
00000048d93e91d9
00000048e94b0e19
00000048ef4aaab9
00000048fcfb0bd9
00000049336dd379
00000049372d71b9
00000049372d74f9
00000049513fee39
000000496b2f8199
000000497fe0cfd9
0000004980738539
0000004997e1d3b9
00000049afc41279
00000049e6c42299
00000049e7dd22d9
00000049e7dd2499
00000049ecb61039
00000049ecb611b9
0000004a15059839
0000004a21da8d59
0000004a34a4bcf9
0000004a3b9a38f9
0000004a3c7252d9
0000004a899037d9
0000004a89904d59
0000004a89a67919
0000004af437aff9
0000004af8b942f9
0000004b089f9e39
0000004b0db00499
0000004b1a119c59
0000004b20d6cdd9
0000004b3f582119
0000004b47db8d19
0000004b4b08d979
0000004b5f0dcd59
0000004b62e59659
0000004b70dd3139
0000004b8b5ef7f9
0000004b9272a799
0000004b936bdd39
0000004ba4682dd9
0000004bb44e0499
0000004bc7c50b39
0000004c08738119
0000004c342f3a99
0000004c4d732ed9
0000004c88f29a79
0000004c9b3bec59
0000004cb3feb979
0000004cd04b0679
0000004cdc78e0b9
0000004cddb121b9
0000004cebb624b9
0000004cf25c5a39
0000004cfba82119
0000004cfba839f9
0000004cfc0a2ad9
0000004d0d67c2f9
0000004d54d194d9
0000004d639d9b79
0000004d6e82cc59
0000004d7aecb479
0000004d8776efd9
0000004d88a3d959
0000004d8a58b859
0000004d8a58cc19
0000004db02eba99
0000004dc18563f9
0000004de2ae6239
0000004e292c0b39
0000004e2b8658d9
0000004e35bff919
0000004e3bfff679
0000004e4aeb3839
0000004e4aeb69b9
0000004e6f839b39
0000004e71430659
0000004e765aad59
0000004eac5d43d9
0000004ee3b39959
0000004eefdfed39
0000004ef5511179
0000004f18bf58f9
0000004f1d586839
0000004f1d587b19
0000004f2ef25d19
0000004f514da539
0000004f52cbd779
0000004f7629b379
0000004f8620c0f9
0000004f8ad92ef9
0000004f93d9eeb9
0000004f93db33f9
0000004f9705f119
0000004fa2caf679
0000004fb97959f9
0000004fe939d359
0000004feb8ed1b9
000000501938e219
0000005039ab6c59
0000005048292999
000000504cfea779
000000505858e3d9
000000507f042a59
000000509bf25039
00000050ac75f339
00000050b0f412b9
0000005107db17d9
000000510d2996d9
00000051179699d9
000000513436ddd9
000000513cd64b99
000000513cd65539
00000051549d2259
000000515829ea99
000000515829fb79
00000051582a0579
0000005180756579
0000005181d6ee59
0000005181d705f9
00000051aa0b4959
00000051ace97b79
00000051b5ebba99
000000a3b9d75f61
0000000002232571
0000000000000181
00000051e324f899
00000051f9f30439
0000005206b62599
000000521bb7d519
000000523defaf39
000000524b1de419
000000525d22b299
000000526bde4919
000000529741eeb9
000000529aa347f9
00000052aca8bbb9
00000052e1747079
00000052ecae1c19
000000530714f559
000000530b4f0999
000000530e41d859
000000532aaf9819
000000533c6f7e99
000000533e68d5d9
0000005356aa13b9
0000005361993c79
00000053638f5179
000000536e6ce299
000000536e6cebb9
000000537aad89b9
0000005382d34979
000000539cf66cf9
000000539f8b05b9
00000053f1e1ccd9
000000540f98c799
000000541bf97579
000000545d2e9b19
00000054adca6a19
00000054df6920f9
00000054e60d43d9
00000054e66421f9
00000054f5f64f59
00000055164cd539
000000552ba757b9
000000553ac6f699
000000553fb4f399
0000005545b1db39
000000554f75fef9
000000559c0d0d19
00000055a26eae79
00000055b5b3d079
00000055c3fa1779
00000056078bb119
000000562b987459
00000056317331f9
0000005635fd0eb9
000000563730d499
00000056413b81d9
00000056425d0f99
00000056444af6d9
00000056742ddb79
00000056a21623f9
00000056c951f8b9
00000056dae75e39
00000057002d8279
0000005728165159
000000576848fa99
00000057716fd799
0000005771750819
000000577c969c19
000000577fe60e79
00000057c214f819
00000057d2efbcd9
00000057e2fc9499
00000057e4966059
00000057e9aa7d79
000000581dca6a59
00000058326be339
00000058423e7b19
00000058423e8f19
000000584eb15ff9
0000005853393379
000000587c88e139
0000005887a78059
0000005893ed6479
000000589aaf8f99
00000058ae2f14b9
00000058bb882a39
00000058c0da5db9
00000058c625d399
00000058c625da19
00000058c9465c39
00000058ed6cf959
0000005919d57ef9
0000005972aff6b9
00000059af7fb5f9
00000059c6974f79
00000059ec7ae9f9
00000059ee032179
00000059f6a51599
0000005a0bcfe159
0000005a0ff1f519
0000005a5b8789d9
0000005a5dc18eb9
0000005a8fc4f459
0000005a94d4e839
0000005aa46ae1f9
0000005ab1d477b9
0000005ae892fc59
0000005af217c999
000000b65a41fb61
0000000002232571
0000000000000181
0000005b35185a99
0000005b6411c019
0000005bbb7c7019
0000005bd86566d9
0000005bf8500979
0000005c27468ab9
0000005c2913b339
0000005c46e4e3d9
0000005c6e2f04d9
0000005c89716fb9
0000005ca83da499
0000005cab146119
0000005cc043c319
0000005cee17d999
0000005d23f91b79
0000005d28489d79
0000005d54731599
0000005d5554b559
0000005d5ea5f659
0000005d676aa019
0000005d6cc10839
0000005d7bf6b7b9
0000005d967c6839
0000005dbb19dab9
0000005dd3726ed9
0000005dd8082e59
0000005de626fa79
0000005df86d82d9
0000005e0aefe0f9
0000005e134e1379
0000005e1c9f25b9
0000005e32716999
0000005e49b3d519
0000005e4c720ad9
0000005e4e77ea19
0000005e7c411df9
0000005e84cae019
0000005ee0b51279
0000005eef3bcdd9
0000005ef7247819
0000005f0802c6d9
0000005f2cca8c39
0000005f6c962819
0000005f6d87cef9
0000005f927a5cf9
0000005f9297c259
0000005fa7377db9
0000005faa04ae99
0000005fdaa88b39
00000060166ab5b9
000000601e047539
0000006033724839
000000605609e5f9
0000006088c75e59
000000609f6d9bb9
00000060d9b19019
00000060f57e43d9
0000006105963159
0000006115581419
000000612bb3d9d9
0000006130e8a899
0000006148069df9
000000616324da79
00000061849ec6d9
000000618e8b8019
0000006194ae95d9
000000619d91c699
00000061b04a41d9
00000061b0c6f259
00000061f36bbc19
00000061f495a2f9
0000006208b31ed9
000000620c871919
00000062152ff279
000000622e6367d9
00000062420231f9
0000006248153ad9
000000624e2882d9
0000006259bbe3d9
0000006270d46619
0000006272d0fb59
0000006272d11419
000000628191e019
000000629fcbca79
00000062b58f5bd9
00000062b58f7259
00000062c4250619
00000062d1e53739
000000630e41ded9
000000630f519e19
000000632170a219
0000006326117239
000000632c4610f9
000000635c4488d9
0000006370b320d9
0000006373d064f9
00000063790dfb19
0000006389b7fcd9
0000006395ce1d99
000000639714cf79
00000063c317f8d9
00000063e9f62099
000000640558b519
00000064433d6979
000000646114cc19
000000c8faac9761
0000000002232571
0000000000000181
000000648881fc79
000000648901d7f9
0000006489e7dd39
0000006498f25479
00000064a7b29fb9
00000064a7b2a9b9
00000064ce0d9839
00000064dab628d9
00000064de06be99
00000064e4950d99
000000651313bc59
00000065280443d9
000000652ef2aaf9
0000006536810919
00000065401c46f9
0000006540f7b659
00000065463e4a39
0000006551fef199
000000657a3c6919
000000657a3c6ad9
00000065bb91b259
00000065cc26ec19
00000065e1110459
00000065f6637eb9
00000065f6e11d59
00000066052acf79
000000661724c759
0000006629bcfbd9
000000669cc999f9
00000066b8e1efd9
00000066c18aeed9
00000066ce4f6d19
00000066db4e27f9
00000066e1a226d9
000000670af34519
0000006725092239
000000673d4424b9
000000676543b839
0000006769ccc359
00000067733f8f19
00000067733fa1f9
000000677ba1f1d9
000000678929c899
000000678fa488d9
00000067b52951f9
00000067d3b5ec79
00000067d3b94699
00000067ff599519
00000068069b2219
0000006810f2a619
0000006842f9a339
0000006851c1e699
00000068927f7d79
000000689b34dfb9
00000068a0d11879
00000068b54475d9
00000068e4ec47b9
000000690ffe4839
000000691584fa19
000000692af0f139
0000006930532139
00000069f7553899
00000069fdc4a299
0000006a0d464a99
0000006a46681c19
0000006a626ed999
0000006a63fe4239
0000006a72fbdd59
0000006a72fbf299
0000006a7ed02739
0000006a86b9e0d9
0000006a953b11d9
0000006ada4a29b9
0000006ae7df34f9
0000006b045187b9
0000006b0a274979
0000006b327790d9
0000006b346a96b9
0000006b68fa91f9
0000006b75342eb9
0000006b82530c99
0000006b8da89839
0000006bb742ea79
0000006bc43631b9
0000006bdbcbd139
0000006be075a9d9
0000006be075ed19
0000006be075fe19
0000006be0769259
0000006bf9b37999
0000006c0afd3959
0000006c2030d0d9
0000006c33af9b39
0000006c34e441f9
0000006c36d5b9b9
0000006c3cce5379
0000006c556e0ff9
0000006c713964f9
0000006c79915979
0000006c9a2ffcf9
0000006cb4fd6ab9
0000006ccc5b7ff9
0000006d7469f619
0000006db18523f9
0000006dc8a08d99
000000db9b173361
0000000002232571
0000000000000181
0000006dd2b20539
0000006de705c9d9
0000006e09c216b9
0000006e2dcf9619
0000006e4179ca59
0000006e4ae1c879
0000006e5fd2f5f9
0000006e607dc199
0000006e7bdce879
0000006ea6e1d719
0000006eb07284d9
0000006ecabdef99
0000006ef5def7b9
0000006ef98417b9
0000006f06747599
0000006f107527b9
0000006f26d8afd9
0000006f6f939719
0000006f6f93a8d9
0000006f700d13d9
0000006f777b8cb9
0000006fcaccacb9
0000006fd9a1ffb9
0000006fe62cec39
0000006feb3533d9
0000007001930139
0000007006123859
000000704b069939
000000705d745e99
0000007068175a79
000000706c75a239
000000707a117a59
0000007112ab1a79
0000007112ab2a59
0000007115a496b9
0000007129aa1c39
000000712e173579
000000717d69e2d9
00000071aef05cd9
00000071b5be0519
00000071fcb7ce99
00000071fd7abf59
0000007202817939
0000007218723979
000000721ea17959
000000722e7b8259
000000723cb4b359
00000072590857d9
0000007269b61979
00000072813864b9
0000007287b65419
00000072b8b29eb9
00000072bc577959
00000072dff38279
0000007309918099
000000735c96f399
000000735d633cb9
00000073703318b9
000000739632f419
00000073b8940e79
00000073c1b4fc59
00000073e2a38a99
00000073e716ebf9
00000074115cf459
0000007412156cf9
000000741c200d59
000000741c209699
000000743f680b19
000000744d979399
000000745fbcc919
000000747644f9f9
00000074ee1aebb9
0000007528e8ca59
000000752c44a619
0000007576378359
00000075783e8459
000000757af68cb9
000000759fb0cc39
00000075ab553a59
00000075b7778af9
00000075f5429c99
000000761711c9b9
00000076186f4599
000000761ada9779
00000076231d6d99
00000076449004d9
000000764a7f1159
000000764e8ad399
000000764f6c0ad9
00000076929bbfd9
0000007692c02bf9
00000076c0683c99
00000076cac7ec19
00000076cc069c99
00000076e53288f9
00000076e7711959
00000076fd5bf7d9
0000007701d559f9
000000770377efd9
00000077120b7779
000000ee3b81d061
0000000002232571
0000000000000181
00000077210b4199
000000777d616f79
000000777e850fd9
0000007791073c59
000000779c002d19
00000077c7a90af9
00000077d25413d9
00000077ea1d0b19
000000781c022d19
00000078855fa3f9
0000007897414b79
00000078a73795d9
00000078a737b139
00000078c15bccf9
00000078d30a3299
000000790b193cd9
0000007912c5a759
000000791873d299
00000079265595d9
0000007932abffb9
00000079447d2639
0000007974e0f0b9
000000799c740259
000000799c7418b9
00000079a9f11959
00000079d211ffb9
00000079e98b8b79
00000079ee48d5d9
0000007a03ca9359
0000007a0ccd56b9
0000007a10450cb9
0000007a38390139
0000007a5449f9d9
0000007a627a7fb9
0000007a65a30cb9
0000007a79cbb959
0000007a8129aa79
0000007a8e8e2619
0000007aaa77abd9
0000007abbea9ab9
0000007ac3c3da99
0000007ac52453b9
0000007ad40fa1d9
0000007b277fc439
0000007b2c574259
0000007b30760919
0000007b39429539
0000007b5839c179
0000007b71271b39
0000007b87395279
0000007ba9261099
0000007bb2ecb1f9
0000007bc2aa2bb9
0000007bd9e665b9
0000007beab55f99
0000007bec8f79f9
0000007bf07fc2b9
0000007bf07fd2f9
0000007c161f02d9
0000007c19c07979
0000007c228fd899
0000007c4b0a7739
0000007c62d911b9
0000007cc12d7099
0000007ce301eab9
0000007ce7742f99
0000007ce83212b9
0000007d0f11aed9
0000007d218cf859
0000007d73ef7f99
0000007d9e0020f9
0000007da6783819
0000007de2380379
0000007de600e5d9
0000007df016ebf9
0000007e2f4df299
0000007e4b1971f9
0000007e5db79b19
0000007e67d6f459
0000007e67eaba39
0000007e75c39739
0000007e85d74ef9
0000007e979afe99
0000007eacadc039
0000007ec2d38fd9
0000007f008b6f39
0000007f38b6c119
0000007f3e581899
0000007f3fe38959
0000007f52f6b339
0000007f76e581d9
0000007f85a5b959
0000007fa0f9de39
0000007fa27e5d19
0000007fd644c2d9
0000007fdfe904b9
0000007fe787b7d9
0000007ff6cf7139
00000080060b9979
000000804cb4c779
00000100dbec6c61
0000000002232571
0000000000000181
0000008087962619
00000080a144ebb9
00000080aac06939
00000080b7ebd5b9
00000080bb7af819
00000080c9d14619
00000080c9d184b9
000000811046f179
0000008110470ef9
0000008122f84419
000000813b8e5f79
000000814dc8cb39
000000817f1ebc99
00000081ac383ff9
00000081f3a27c39
00000081f4492af9
000000821e659a99
00000082328bde59
0000008234b9d359
000000823582c239
00000082384183f9
000000823b7c88d9
000000824474d499
000000824793c959
000000827a723419
00000082dd6502d9
00000082ed80e659
0000008301838679
00000083296bfdd9
00000083300c3e59
00000083375a6b79
000000833944ad59
0000008397f433f9
00000083e5941e19
00000083f2689fd9
00000083ff4383d9
00000084295c6ab9
0000008466aa51d9
0000008466aa79f9
000000846dff8c99
000000847226aff9
00000084a859a759
00000084d9a1a619
00000085172b6719
00000085239a2ed9
0000008530a73839
0000008550a81719
00000085639786d9
0000008584bb6459
00000085aeba1e99
00000085cbdacad9
00000085dbf586d9
00000085e5208e39
00000085eb5db759
00000085ecab1579
00000085f1fe9739
0000008619d19bb9
00000086451de3d9
000000865e98ce79
000000867b6b78b9
00000086ac552499
00000086bb6dba99
00000086e17e1679
0000008704e868d9
000000873760ecf9
0000008737bd6019
0000008737bd7259
0000008742857079
000000874d35c8d9
000000877eb602b9
000000878678d559
000000878768f839
000000878ec4fe19
0000008798106399
00000087d1e4e999
00000087d99a5779
00000087e7845559
00000087e9c24919
00000087f75dc5b9
00000087f90aa299
00000087fa1d22d9
0000008813c770f9
000000881ead19f9
0000008821942899
000000885c0fd679
000000887d006c59
0000008882c9f319
00000088d8d6d099
00000088dfb03d79
000000891452a799
0000008916ff44d9
0000008920909a39
000000892dba6299
000000893f47e1b9
000000894ac62bf9
000000894e952c59
000000895dbc9c99
00000089612eb399
0000008966958d19
0000008985320b19
000000898637cd59
000000898d7700d9
00000089a2461df9
00000089a4935719
00000089b3ee8179
00000089b99b9559
000001137c570861
0000000002232571
0000000000000181
00000089ef20fb39
00000089ef2103f9
0000008a0488cab9
0000008a119cb779
0000008a119cb8f9
0000008a173d5039
0000008a2bd6a399
0000008a3e5eb279
0000008a4784e7d9
0000008a81202a99
0000008a8d2d57f9
0000008aab2dcb39
0000008ab4cc1039
0000008ac3da3299
0000008ac7f55379
0000008aca14d5b9
0000008ae1d93459
0000008aefb5d3b9
0000008afbc969f9
0000008b02ff5d59
0000008b274822b9
0000008b2f355f79
0000008b3713c859
0000008b56186359
0000008b5d776f79
0000008b5d777db9
0000008b724ad399
0000008b8e707c19
0000008ba57c76d9
0000008ba7ebf6f9
0000008bdf4e8f99
0000008bdfcb5139
0000008c16d32259
0000008c283184d9
0000008c38dbe879
0000008c4240d739
0000008c49560a59
0000008c54e24c19
0000008c6d03af39
0000008c71f50bb9
0000008c87b7c7d9
0000008cab9bdaf9
0000008cd6b63e19
0000008cd8590519
0000008ce2063079
0000008ce67027f9
0000008cee4680d9
0000008cef116bb9
0000008d180e57f9
0000008d42a4b419
0000008d53486e99
0000008d53487f39
0000008d5d2782b9
0000008d60a5e059
0000008d60a5e1d9
0000008d8b991c99
0000008da0927739
0000008de295c2f9
0000008debceed39
0000008df763e579
0000008e1a22b579
0000008e282a0139
0000008e30a15cd9
0000008e6d379d99
0000008ed103b8d9
0000008ed460d7f9
0000008edaf22119
0000008ee9bd0599
0000008eede12c19
0000008f153725b9
0000008f16df71b9
0000008f1ff2d579
0000008f7a143399
0000008f8bbd9eb9
0000008facaa7cb9
0000008fc1dd5d59
0000008fc1dd5f19
0000008fc6cc5e19
0000008fd3d012f9
000000904495a919
000000905c2a2519
0000009060b22cd9
00000090be774979
00000090c87fb739
00000090cbdd92f9
00000090d0b5e8b9
00000090d84b6f59
00000090e5a53ab9
00000090f65598b9
00000091032f0ff9
000000910a1a9fd9
000000910a1ad759
0000009116a403f9
0000009129a7c919
000000912f9e3919
00000091332fcff9
0000009137dbecb9
000000916e873939
00000091704d6499
0000009183d64779
00000091a2d9bf79
00000091aa17ced9
00000091c1cc1f19
00000091c1cc3399
00000091c4553cf9
00000091c9aa28b9
00000091dc386459
00000091f197db99
00000092099a1419
000000923357ec19
000000925d048399
000000927bfaf519
0000009294c16dd9
00000092d7a93179
00000092e7221979
00000092f318c679
00000092f534c379
00000092f8707ad9
000001261cc1a461
0000000002232571
0000000000000181
0000009313b49139
000000933b4466f9
0000009343e39419
00000093581a6579
00000093603a4299
00000093619a5019
00000093689a0ab9
000000937ea85ed9
00000093831ca4f9
000000938d371f99
00000093a6d4cc99
00000093b382b9f9
00000093e77d5bb9
0000009406e2d839
000000943c3eed39
00000094449df4b9
000000949bac4419
00000094b69c6879
00000094b928fe19
00000094c1a76ad9
00000095062ee359
000000952a1c4bb9
00000095410cec99
0000009563ab4219
00000095888691f9
0000009603de5e79
000000961f6c13b9
000000961f6c31d9
0000009621f6b5b9
000000964f5b1b79
000000966e17d1f9
0000009673d46b39
000000967441bc99
00000096934e8a59
00000096e851ed99
00000096e97e5f59
00000096f84e4d59
000000971f5720d9
000000973202bd39
00000097713cca99
0000009776c50559
0000009776c51699
000000979789b919
000000979789c759
00000097b013b0f9
00000097b013b9d9
00000097f8ed8779
000000984c40f119
000000984f02cb19
000000985a5eed79
0000009863c42719
000000988073e119
0000009899c4b299
0000009899c4b419
00000098e4defb99
00000098ec8f7c79
00000098f4032a79
000000993cd4f0b9
00000099602e5e19
000000996647be59
000000998590c959
00000099b9096c39
00000099d48da2f9
00000099e510a319
00000099fd389399
0000009a0738ab79
0000009a07c5e3d9
0000009a3dad0399
0000009a5142c9b9
0000009a70b74979
0000009a90a80339
0000009a90a804d9
0000009ab83ca3b9
0000009b169434d9
0000009b2c3a3d79
0000009b46073159
0000009b4c5cc759
0000009b4d8b7159
0000009b6725edf9
0000009b6fd68079
0000009ba53e6779
0000009ba9046d59
0000009bc8206839
0000009bd9eda039
0000009c20aa5d79
0000009c34385a59
0000009c4491cd79
0000009c44b0bad9
0000009c4510a0d9
00000138bd2c4161
0000000002232571
0000000000000181
0000009c627cb6d9
0000009c76e7c239
0000009cb3a1a379
0000009cc5dff759
0000009cd34a5b99
0000009cda972f39
0000009cda973119
0000009d3d95c099
0000009d3dc66c99
0000009d46d42239
0000009d5bdf80b9
0000009d7ab253f9
0000009d94cc85b9
0000009d9ff037b9
0000009db2690f59
0000009db5e80239
0000009db5e81619
0000009dcb098cb9
0000009dcfd1d639
0000009dcfd1def9
0000009dcfd20ed9
0000009ddc80c219
0000009df63614d9
0000009df887de99
0000009df89c8d59
0000009dfcd016b9
0000009e148868b9
0000009e1ab00879
0000009e27cef4d9
0000009e67050f79
0000009e6ebfcc59
0000009e74449af9
0000009e76e19839
0000009e8bc2b679
0000009e8ce7c9f9
0000009e90566cb9
0000009e90567e79
0000009ebec77779
0000009f0e722e79
0000009f1db30759
0000009f23ce1d59
0000009f2a2d6cd9
0000009f494d3ad9
0000009f7a23c279
0000009f7dc3d1f9
0000009f840495b9
0000009f96f2ac59
0000009fd28f9c79
0000009fd40439b9
0000009fd6f565b9
0000009fe4fda099
000000a00861cf59
000000a00e8c7099
000000a01570ff19
000000a032dcc099
000000a034042659
000000a0378b5df9
000000a03b5a25d9
000000a03b853639
000000a059228559
000000a062558cb9
000000a06589c899
000000a072019179
000000a077c82139
000000a095771c79
000000a09e111799
000000a0bd105bf9
000000a0be224679
000000a0bf613999
000000a0d0bcd039
000000a0fe0cc839
000000a14a29dd19
000000a167895f79
000000a168062019
000000a1788edf79
000000a1883503d9
000000a19fc4e779
000000a1a6535499
000000a1bde11119
000000a1d4937999
000000a1e8bc9d79
000000a2005a7679
000000a21a178e19
000000a21e23e9d9
000000a23555f259
000000a24daeabd9
000000a25be38539
000000a2a8277979
000000a2ca4b30b9
000000a2d7233959
000000a2e34a51d9
000000a309f05a39
000000a3535692f9
000000a359169259
000000a37190bcd9
000000a37e895c99
000000a380256c79
000000a380257499
000000a380257e59
000000a398235f79
000000a3af54bf19
000000a3d72fae19
000000a3d72fbb99
000000a3e5cb95f9
000000a40f269ff9
000000a4127a6b39
000000a414770279
000000a418c31f99
000000a46192c5b9
000000a4a00f1399
000000a4cf580d59
000000a50f217739
000000a5286c7c79
000000a53ab34c59
000000a56d139e39
000000a573a1a779
000000a581716d59
000000a588765c59
0000014b5d96dd61
0000000002232571
0000000000000181
000000a5dac12ab9
000000a5e8dd8079
000000a5f32d6b79
000000a5f8108b59
000000a60cd9eb39
000000a611e24679
000000a6150e4f59
000000a61f1d1399
000000a6212b47f9
000000a634843f39
000000a6700b3959
000000a697c76cd9
000000a698ac2b59
000000a6a8217819
000000a6a8219e99
000000a6a821c5f9
000000a6b24e6999
000000a6babb8ff9
000000a6bfeec239
000000a6c917efb9
000000a71a647879
000000a751905979
000000a757140759
000000a7627047b9
000000a77765cd79
000000a78c64e239
000000a7a0613d79
000000a7a711e999
000000a7b66392d9
000000a7c2cf4bd9
000000a7f50ea0f9
000000a8046e6179
000000a81113b959
000000a865a6a599
000000a87a38bcd9
000000a8972d55d9
000000a8b09e2a79
000000a8b5b91b79
000000a8c1583779
000000a8ed59f339
000000a90be19099
000000a93db348b9
000000a93f2e8559
000000a93f2e9e59
000000a93f8d4519
000000a986c308f9
000000a9bb9a12f9
000000a9bb9a3459
000000a9e06fabf9
000000a9e669f9d9
000000aa235f1179
000000aa3693c399
000000aa51957839
000000aa568b9a59
000000aa5e5091d9
000000aa6466ee39
000000aa65dba479
000000aa86edf4f9
000000aa86edfdd9
000000aa947358f9
000000aaa477c5f9
000000ab3f3be479
000000ab41591439
000000ab92e21179
000000ab92e229b9
000000abdc424659
000000ac0e906cf9
000000ac0f0ba6b9
000000ac18aabed9
000000ac18aac019
000000ac1d6f5779
000000ac23da2859
000000ac33b423f9
000000ac3b0d6bb9
000000ac3b0d7c79
000000ac3b0d8679
000000ac3b0db1b9
000000ac3dfcdfd9
000000ac3e53e8b9
000000ac63aedff9
000000ac749b2279
000000ac76dc8859
000000ac835fba19
000000ac874bd4f9
000000ac964d0ef9
000000acb442e639
000000acd6d33fd9
000000aceba7c1f9
000000ad3c0e87f9
000000ad3df54c59
000000ad637ad299
000000ad6b083dd9
000000ad74adf779
000000ad7c516d99
000000ad7ce37dd9
000000ad84bb9759
000000ad86fe6819
000000ad98ed3859
000000adb7c39eb9
000000adc2787ef9
000000adc80c5079
000000addd98edf9
000000ae00995019
000000ae248099f9
000000ae2cf954f9
000000ae32bfa939
000000ae32bfab19
000000ae3bfebcf9
000000ae4debf259
000000ae57386ad9
000000ae5e5b6b59
000000aea19e6219
000000aea98dd5d9
000000aec6b54bd9
000000aeef6e85d9
000000aef62b0fb9
0000015dfe017a61
0000000002232571
0000000000000181
000000af0274f859
000000af0ce97ad9
000000af2beeb9b9
000000af4d5fb979
000000af53c73559
000000af59135b19
000000af5be5bf99
000000af7a108b79
000000af7adb8d59
000000af7cd62419
000000af7dfef699
000000af8b4288f9
000000af9ed9e279
000000afb01f6339
000000afb8d59279
000000affaf770b9
000000affe219879
000000b001ac52b9
000000b008402d99
000000b03ccd6259
000000b03cfdb579
000000b04246a9f9
000000b05bed9399
000000b05bed9d99
000000b091638419
000000b0a0cd1339
000000b0be244f19
000000b0c746d559
000000b1355329f9
000000b146772839
000000b1584c5f19
000000b1749e6739
000000b17a193f99
000000b1ceb21979
000000b1e505af79
000000b252bca099
000000b255b59079
000000b2940a8c99
000000b2e24a6cb9
000000b30434dff9
000000b333d07f19
000000b333d09cd9
000000b33d640b99
000000b36033c3f9
000000b378bd50d9
000000b3aef8c979
000000b3b512aab9
000000b3f5021d99
000000b3fa988b39
000000b4067a0a19
000000b41d7deb79
000000b4252b95d9
000000b4600d5119
000000b47bd577d9
000000b48d598c19
000000b49faa56b9
000000b4cde16039
000000b4ce5b19f9
000000b505c61119
000000b525452fd9
000000b53f416519
000000b540fc6c19
000000b54b2357d9
000000b5647eed99
000000b5660ec999
000000b56de0ec99
000000b5773dc099
000000b57cbe5bd9
000000b5b09e0559
000000b5cd64b079
000000b5ce4057d9
000000b5d0671019
000000b5ed0adbb9
000000b5fa1345d9
000000b5fa134e39
000000b5fa136759
000000b5fd9b2a99
000000b61fdacb39
000000b622ab1739
000000b63b4352b9
000000b651c0de59
000000b66c7e2519
000000b672d10dd9
000000b6cb50b2b9
000000b6ec88bf59
000000b6f550e019
000000b7079d8039
000000b715ce3119
000000b734349c39
000000b74511b039
000000b7676f4eb9
000000b76e78f3b9
000000b76e7909d9
000000b77ab66779
000000b7877f93b9
000000b7a7503dd9
000000b7b46f7639
000000b7d05b18d9
000000b7d0fdb4b9
000000b7f0b56339
000000b7fed99ff9
000000b80ba4f799
000000b83c622939
000000b83c623719
000001709e6c1661
0000000002232571
0000000000000181
000000b855236d19
000000b85b6ae279
000000b882bcafb9
000000b8a44badb9
000000b908aa9bb9
000000b9095e9f99
000000b90c625119
000000b9448a3a19
000000b946ffe5d9
000000b949c85c79
000000b9648c79f9
000000b97057c4d9
000000b996cbfdf9
000000b9b3a26a79
000000b9b9db7499
000000b9bf6c6b99
000000b9ea4bb659
000000b9f82a3339
000000ba008bc119
000000ba33853579
000000ba35928af9
000000ba3707d4f9
000000ba37445cf9
000000ba7003a139
000000ba7681c4f9
000000ba7755d7d9
000000ba88aa85f9
000000ba932c5ad9
000000babbfe6079
000000bb1f02b7f9
000000bb3748e6b9
000000bb4b311a99
000000bb70608ff9
000000bba83c56d9
000000bbd8383579
000000bc1ab484d9
000000bc35323eb9
000000bc473ef6f9
000000bca66994f9
000000bcac2666d9
000000bcaeee9a19
000000bcb0dd1119
000000bcc55fa219
000000bcdda878d9
000000bcfbebf3b9
000000bd04443499
000000bd09647a39
000000bd19a80d59
000000bd21077c79
000000bd36c8de59
000000bd42f3d6f9
000000bd4307b4b9
000000bd4e4674f9
000000bd60c0f379
000000bd71d5a2f9
000000bd79f34919
000000bd8f6a1db9
000000bd9f9b9b19
000000bdca2ee6b9
000000bdda8a94f9
000000bde8bb1a19
000000bdf3f97b19
000000be49ceb179
000000be77055379
000000be83dba779
000000be98dd5f59
000000bea6a24959
000000bec2f920d9
000000bedc1e88b9
000000beea1866f9
000000befd0e2b99
000000befdd6e059
000000befecf0dd9
000000bf5bd33359
000000bf79c32979
000000bfa1d227f9
000000bfa52fba19
000000bfcef467d9
000000bfd108f879
000000bfe2ead199
000000c01dd95cb9
000000c0412cf019
000000c043ef1a19
000000c04e7f66f9
000000c058fbe119
000000c058fbfe79
000000c0889c74f9
000000c09661cbf9
000000c0e9e26799
000000c130513659
000000c15a06c6d9
000000c163c58eb9
000000c167b6e759
000000c186e51439
000000c19d40cbf9
000001833ed6b261
0000000002232571
0000000000000181
000000c19fbb1fb9
000000c1d3cc7db9
000000c1db6af2f9
000000c1fa0d02f9
000000c1fa54fab9
000000c1fbbc69b9
000000c2433e3319
000000c24fe56b79
000000c260ddea19
000000c2684a4d79
000000c26b7008f9
000000c27b3a8cf9
000000c2838ce419
000000c29d625339
000000c2b0457599
000000c2ddee1419
000000c2f3ed0a39
000000c30ac1c1b9
000000c3277c3459
000000c33ecf0c19
000000c345572079
000000c3472c9659
000000c368994659
000000c3732afa19
000000c3752cc4b9
000000c3a607e259
000000c3a67ed539
000000c3e2bbeef9
000000c3e2bbfef9
000000c3ee325e99
000000c4068c8019
000000c416d96119
000000c4240aa3b9
000000c4248edfb9
000000c442945619
000000c45396a2f9
000000c458fb7379
000000c461f296b9
000000c46843fb39
000000c479c7f439
000000c479fa4ed9
000000c47da7cf99
000000c482084979
000000c4954a5359
000000c4a02e6939
000000c4a5302c79
000000c4d66555f9
000000c4e1d4b6f9
000000c4e20f5219
000000c4e20f8c99
000000c4e4b55699
000000c4e4c2f539
000000c4ebb6c4f9
000000c4ebe63cb9
000000c4f059e0b9
000000c52b6e2a59
000000c5896d45b9
000000c5c852c599
000000c5edab1dd9
000000c6038f24f9
000000c61e481479
000000c61e4830f9
000000c61e489899
000000c620204299
000000c64674a199
000000c649b2e5b9
000000c65b299539
000000c666544539
000000c67836cf59
000000c687228e99
000000c6a57dd959
000000c6c5308d59
000000c6e322db19
000000c6ff113259
000000c71282af39
000000c712fce5f9
000000c71df3b9f9
000000c725fa1659
000000c7319e8d39
000000c738e4dfb9
000000c74b9c4479
000000c7776a6a19
000000c77bc96a99
000000c78aa90259
000000c79d0615f9
000000c7a2d26d99
000000c7e00189d9
000000c7e2572159
000000c7e3e971d9
000000c80ac636b9
000000c81c5cf359
000000c825e1a2f9
000000c8379d3199
000000c83bff6299
000000c83c58b859
000000c83d494299
000000c84e1c0939
000000c86318c3d9
000000c867e5b499
000000c86c044379
000000c86e3c4259
000000c88668aff9
000000c890f96f79
000000c893b7f219
000000c8b0d7b559
000000c8be2c9d39
000000c94bd1bc79
000000c94bd1d259
000000c95bde2819
000000c95f131359
000000c97d7d6cb9
000000c981af3099
000000c981af5d39
000000c986189879
000000c9afaea0b9
000000c9c12a80f9
000000c9c3e9f7b9
000000c9c8459e39
000000c9de7c4d59
000000c9f21c29f9
000000c9fd698a19
000000ca13d43239
000000ca184f6bd9
000000ca5dab8ad9
000000ca6da3c0d9
000000ca85f0f759
000000caa50b9919
000000caa50ba979
000000caa50bb399
000000cacc0ed519
000000cade91cad9
000000cae3550059
00000195df414f61
0000000002232571
0000000000000181
000000cb2a6cdc39
000000cb2b3a1cf9
000000cb7f8ec239
000000cb8ee64ad9
000000cb9090ba79
000000cba184b3d9
000000cbb73618f9
000000cbd2eb97d9
000000cbd2ebadd9
000000cbd414b099
000000cbe338cc39
000000cbf5c57019
000000cc3ffecd59
000000cc53d78859
000000cc6a81adb9
000000cca0c4da19
000000cca7a7cc39
000000cce0047ef9
000000cd1ca890b9
000000cd21b09319
000000cd21b0c439
000000cd35f05e99
000000cd54bc79f9
000000cd5520ba59
000000cd6b364a19
000000cd9e1bfdd9
000000cdb1c1e199
000000cdc44bacd9
000000cddb204299
000000cde0119b99
000000cdeedb3a59
000000cdf09dbc39
000000ce3e06c1b9
000000ce41d5f4d9
000000ce508d59b9
000000ce51304899
000000cea5f8d3d9
000000ceb18ed239
000000cebb3f2259
000000cec931b1b9
000000cef3a55c59
000000cefeba1119
000000ceffd7e119
000000cf2054f539
000000cf4a7363d9
000000cf547e8539
000000cf547e9cf9
000000cf7af8dc79
000000cf7b7712d9
000000cf7b774599
000000cf8ef2a1d9
000000cf90730999
000000cf90731a99
000000cf907324b9
000000cfabd5fb19
000000cfb231df79
000000cfb231f199
000000cfb2320519
000000cfb2320f39
000000cfb2d9db59
000000cfb3610499
000000cfb6b1c3b9
000000cfcca78db9
000000cffc3f9399
000000d02f8082f9
000000d06e632a99
000000d075798fb9
000000d083641339
000000d089cba2b9
000000d0a730bd99
000000d0b2d30059
000000d0c8249e19
000000d0fbe73bf9
000000d0fbe74619
000000d115c99839
000000d130ffbb79
000000d1349d6c79
000000d17547b0b9
000000d192ef9e79
000000d193165cb9
000000d193166b59
000000d1da0c8139
000000d1da0c8fb9
000000d1e01d13b9
000000d1e8214f19
000000d1e8215f19
000000d1fd1f8979
000000d203b24d19
000000d21c172a59
000000d233f6ddb9
000000d254c30af9
000000d280aa6859
000000d2a6a5e539
000000d2c878e1f9
000000d2eb7f7419
000000d2ed254f79
000000d2f9248399
000000d2f924a039
000000d2ffc73799
000000d30d863b39
000000d317a5f859
000000d3182529f9
000000d340a4c879
000000d398d65959
000000d3c3e6e119
000000d3cb9d38b9
000000d3cb9d3af9
000000d40bddafd9
000001a87fabeb61
0000000002232571
0000000000000181
000000d453b0d119
000000d49c0d5dd9
000000d4ca685cf9
000000d4e8c40c99
000000d5399d3b99
000000d560964199
000000d56e151b59
000000d56f9da059
000000d5ad5cf8b9
000000d5c647bc39
000000d5d09655f9
000000d6108be919
000000d64b2018b9
000000d6c6b621b9
000000d6ceb1e139
000000d70af405b9
000000d70dea03d9
000000d70f111bf9
000000d73e0ba0d9
000000d7a18ae299
000000d7c10e17d9
000000d7c90922d9
000000d7dc8e54d9
000000d7ef537939
000000d81e0f0cb9
000000d843403959
000000d845189e79
000000d84ce8a599
000000d883890f19
000000d899034eb9
000000d8ba9c4b19
000000d8cdc67879
000000d8d6b38c59
000000d8d6b3a3f9
000000d8d6b3ac19
000000d8eb868459
000000d902b38a79
000000d914e80a59
000000d91534da39
000000d91f57af19
000000d9531c3399
000000d985fc45f9
000000d98f4634f9
000000d9a9948279
000000d9b994fbd9
000000d9c3217c39
000000d9c3218279
000000d9c7910f59
000000d9d0f495f9
000000d9f90179d9
000000da022be919
000000da0c21edd9
000000da0c21f019
000000da0c224559
000000da0c224f79
000000da0f0fe999
000000da22a48779
000000da22a4a3d9
000000da2c695859
000000da43c3aad9
000000da53807b79
000000da5eb8b679
000000da9c587a99
000000daa8358039
000000daaf6521d9
000000daec58cdf9
000000daeda8c5b9
000000daf0510f79
000000db17bda8b9
000000db3e4c4c99
000000db6d9aec19
000000db80aa1f59
000000dbeb116859
000000dbf5c100f9
000000dc22e5d479
000000dc24c86ff9
000000dc25e0a9d9
000000dc37f1c7f9
000000dc38c57bb9
000000dc3ffcd3b9
000000dc40a800b9
000000dc68803c99
000000dc70d964d9
000000dc77e5d279
000000dc8606c419
000000dc8ff347b9
000000dc97b4f059
000000dce05c0c19
000000dce5ef9f59
000000dcee90cbb9
000000dcff3a1a99
000000dd08355ad9
000000dd0ed84e99
000000dd55fabcf9
000000dd55fac6f9
000000dd55fad019
000000dd588c0df9
000000dd72c01a19
000001bb20168861
0000000002232571
0000000000000181
000000ddd9b41959
000000ddf62ed6f9
000000de0c6c3799
000000de3743db59
000000de8cf85879
000000de97aa4fb9
000000de9d451ed9
000000dedbaee059
000000df00e90359
000000df14df6679
000000df18faf3f9
000000df221e8b59
000000df225cd4b9
000000df3a722199
000000df6ab92ad9
000000df8fc30319
000000df939ee379
000000dfdd32cc39
000000dfec38d419
000000e025c70179
000000e029d81979
000000e0340358b9
000000e039799b99
000000e057014999
000000e060570079
000000e09d9f4619
000000e0a356f499
000000e0a5c31c59
000000e0ad29aa19
000000e0dbacd3b9
000000e0f5057c59
000000e0fc274959
000000e1010f72b9
000000e12f4d0c99
000000e138e07319
000000e140dc2a59
000000e14c441d99
000000e14ef87ed9
000000e1714331f9
000000e19a0dcd99
000000e1d8430fb9
000000e1d8d7b139
000000e1f223bd59
000000e1f280aef9
000000e1f68f4bd9
000000e25d9c8699
000000e261a1ab99
000000e271549159
000000e2736d8b39
000000e276e356f9
000000e279f16519
000000e27eb9e759
000000e2cc4bf699
000000e3229963d9
000000e337c0a2f9
000000e34ba8a799
000000e380db39b9
000000e386a19f39
000000e3b06668b9
000000e41f5dbc39
000000e42f48a359
000000e452b01db9
000000e49efcd099
000000e4a0cd2259
000000e4d1dae3f9
000000e510cc1259
000000e510cc2a19
000000e5287de999
000000e52b1a8539
000000e52c45d8f9
000000e5472cf259
000000e5475f4879
000000e547f15479
000000e550c72f39
000000e57abd69f9
000000e59ac53119
000000e5ba5d3579
000000e5cb696759
000000e5e02b7cf9
000000e5eb667739
000000e61451fbd9
000000e62e833b59
000000e6652f8db9
000000e68d4fbc99
000000e6aa4d3279
000000e6b8dfe4f9
000000e6d18bf9d9
000001cdc0812461
0000000002232571
0000000000000181
000000e73e852a39
000000e7502313b9
000000e757a6d439
000000e79e61c899
000000e7b32bda59
000000e7d3604b59
000000e7e9c4eeb9
000000e7ea86b059
000000e8276a1219
000000e829f54fd9
000000e83a672cf9
000000e88e33fcf9
000000e89acfec79
000000e8a424e099
000000e8c4b043b9
000000e8d39b1e59
000000e913d51bf9
000000e922c859f9
000000e9396c51f9
000000e9444b8b79
000000e980d139b9
000000e9819458d9
000000e9828efbb9
000000e982bc5579
000000e988d97619
000000e988d985b9
000000e988d9c199
000000e9b05d4059
000000ea055810f9
000000ea1921a299
000000ea232ffcb9
000000ea23c52579
000000ea2e7c45b9
000000ea479f04d9
000000ea53ceb379
000000ea53cec199
000000ea5914b479
000000ea5b6a0779
000000ea967b98b9
000000eac237d559
000000eac9bd7e39
000000eac9f50af9
000000eaea021f99
000000eaf9503699
000000eb5ca67979
000000eb5ca68239
000000eb74ff37d9
000000eb8ee9e6b9
000000eb8eea0379
000000eb91e8e5b9
000000eb91e8fa59
000000eb9b35e8b9
000000ebb56fce59
000000ec1412f6b9
000000ec1d9b0f19
000000ec36aa3cd9
000000ec36aa4619
000000ec435f17d9
000000ec5ebff119
000000eca42986b9
000000eca58a53f9
000000ecc1089c19
000000eccbb742b9
000000ece59fb559
000000ed08525f99
000000ed2a582fb9
000000ed51eda399
000000ed64d27bd9
000000ed76dd83f9
000000ed7adf1f19
000000ed7c6d0f59
000000ed9c0ccab9
000000eda7a83ff9
000000edd7729099
000000ee1475c359
000000ee54a25f19
000000ee588ac3f9
000000ee62a63ad9
000000ee6e5b6139
000000ee78e47399
000000ee79c83679
000000ee915d4999
000000ee99fe9b79
000000eea64bee99
000000eec9c3ceb9
000000eedf5cc259
000000eeee3dc539
000000ef03416c99
000000ef12b23459
000000ef15b9ead9
000000ef289373d9
000000ef4c537579
000000ef8680ad99
000000ef87b7a019
000000ef90adb959
000000efb4589c99
000000efc15355d9
000000efc2554a39
000000efff45cc99
000000f02d9366f9
000001e060ebc061
0000000002232571
0000000000000181
000000f04c083519
000000f05315a719
000000f054129479
000000f0651cda39
000000f07548ff59
000000f088a65a59
000000f08cbe1e99
000000f0a767e539
000000f0a767e6d9
000000f0ac1d5459
000000f0b61569f9
000000f0ba800379
000000f0dcee6f59
000000f0e26b52f9
000000f0f57d5a39
000000f146478e19
000000f153dd6e19
000000f195e18719
000000f1a759bbf9
000000f1c6809b79
000000f1d619c299
000000f1dc4f8419
000000f1df1fc0b9
000000f20ae48b39
000000f21982e7d9
000000f2203936f9
000000f2276e80b9
000000f2276e9339
000000f22fe917f9
000000f270113159
000000f29eaa4219
000000f2a587c3b9
000000f319b3bd39
000000f349f4ad19
000000f349f4c979
000000f36376bab9
000000f393431df9
000000f3b78e3d59
000000f3c3ed2339
000000f3e3327f79
000000f3eb67b339
000000f3f1989139
000000f404c85799
000000f4142d79b9
000000f41dc3c5d9
000000f42ad226b9
000000f4352c84b9
000000f4403f8959
000000f452d3ad19
000000f4787cc259
000000f479ea4919
000000f4d69b3959
000000f4f8249659
000000f501b9fd39
000000f506d6a0d9
000000f5097907f9
000000f509792b39
000000f520835819
000000f53de41fb9
000000f58ca08719
000000f590cb1ed9
000000f5b6dab179
000000f5d1e04e99
000000f5fc54a5b9
000000f624169919
000000f6253d7099
000000f62f9b0fb9
000000f62f9b11d9
000000f634035359
000000f6488e5f79
000000f670d64df9
000000f675d8cab9
000000f675d8dad9
000000f675d8f279
000000f6817a6a19
000000f681b3ba59
000000f68a4e0fb9
000000f68f0c0859
000000f6908de9f9
000000f698c40d19
000000f69b4d5499
000000f69f98c839
000000f6ba41b479
000000f6c0a2e819
000000f6eaae8d19
000000f726362519
000000f73eda70b9
000000f74534c419
000000f74534fd19
000000f76fee4199
000000f784cd89b9
000000f7d034da59
000000f7fb0de799
000000f7fded2a39
000000f818a21139
000000f81c6094b9
000000f842494f99
000000f87059e7f9
000000f8891b2a39
000000f88a6cfa99
000000f8bc2756f9
000000f8cd551fb9
000000f8e0422299
000000f90916a7b9
000000f917c07ad9
000000f92308c839
000000f933713059
000000f935072ff9
000000f935074959
000000f9488925f9
000000f94e930cf9
000000f9754e1499
000001f301565d61
0000000002232571
0000000000000181
000000f9a906a1d9
000000fa0df455f9
000000fa11b32cd9
000000fa2fd4b8b9
000000fa360f7d19
000000fa6a30a699
000000fa726e9d39
000000fa726eb079
000000fa845264f9
000000faa43baa59
000000fab637a5b9
000000fab8e30cf9
000000facb3c0539
000000fb05f2c939
000000fb236c7f59
000000fb3240cfd9
000000fb407fc519
000000fb44617e39
000000fb47ea1c59
000000fb59317c19
000000fb8ed061f9
000000fbc7157339
000000fbdc23d0b9
000000fbf264fe79
000000fc01399fb9
000000fc10c10b79
000000fc13567959
000000fc18ee8299
000000fc45733499
000000fc4b6ffb39
000000fc5408b3d9
000000fc6399e879
000000fc7ebc7bb9
000000fc84882159
000000fc8a6e1b19
000000fca6127af9
000000fcb8e9bd59
000000fcc7923119
000000fcd6422079
000000fcfb9c0879
000000fd0116a799
000000fd42fbecb9
000000fd45726599
000000fd47e02a59
000000fd5145dd39
000000fd51fa69b9
000000fd64496919
000000fd658f4799
000000fd68ad6819
000000fd6d4cd639
000000fd8129b7b9
000000fd8cd81b19
000000fdb6714979
000000fdbe39ab39
000000fdd3174f99
000000fdd351df79
000000fdd351f519
000000fddb139999
000000fde2d11559
000000fdfb19ae79
000000fe24d31bf9
000000fe3b503939
000000fe3cadaaf9
000000fe65636399
000000fe6583e119
000000fe707ae399
000000fe890f6439
000000fe92aa2d19
000000fed29b7019
000000fed2f0fad9
000000fef3c46079
000000ff091dedd9
000000ff1061ccb9
000000ff20be6039
000000ff624c7659
000000ff7c122999
000000ff7dc5db79
000000ff81f47ad9
000000ffb93fdfb9
000000ffda1cf139
000000ffde65ca19
000000ffe22380d9
000000fff47cfc19
000000fff9867199
00000100025fc6d9
00000100049f36b9
0000010009603259
000001002ce6c6d9
0000010057baba99
00000100771dac99
000001008c268e99
00000100adf418d9
00000100b2d64979
00000100b9e5b259
00000100e8a70a99
0000010102604d59
000001012642aed9
000001014a4be239
0000010161686739
000001016ce5c919
000001017b169639
00000101b7aebb99
00000101bef82639
00000101bef84ff9
00000101ece73779
0000010224a4bf39
000001022b11c379
0000010237a4b999
000001023ad28ef9
0000010240051199
00000102411ff1d9
00000102467a41f9
0000010266c30099
0000010270e35639
00000102735a7079
000001027ae7f779
000001028a8e0eb9
000001029a032af9
00000102ab4e3b79
00000205a1c0f961
0000000002232571
0000000000000181
00000102e5b92dd9
00000102f5993019
00000102f5994339
0000010318805cd9
000001031afedc39
0000010320660759
0000010323fa0819
00000103279e4899
0000010339d96819
0000010344c48219
000001037f2984f9
00000103a8ac1659
00000103af49abf9
00000103c3cd2699
00000103eeacd3d9
00000103fb529cb9
000001041533dc79
0000010426bdfef9
000001044d30b999
00000104790dd179
0000010479ebcd99
0000010483b89939
00000104ab1ed339
00000104bd192ff9
00000104cb9869d9
00000104dcf84919
00000104f47578d9
00000105161906b9
00000105259785f9
0000010540510a19
000001054f427ed9
00000105637c0fd9
000001056552ffb9
0000010565530df9
0000010568a72119
00000105aaf3b979
00000105b0fc57d9
00000105b6785cb9
00000105b93b3359
00000105e664bc19
00000105ee099479
00000105f6b51cf9
00000105f6b52979
00000105f8c58f39
000001060eed0479
0000010617bd90d9
000001061ef177d9
0000010675aec6b9
0000010675d3dcd9
0000010675d3e5b9
0000010681eb2079
00000106aa2c2919
00000106bcba2af9
00000106c654e759
00000106c830a339
00000106d661d559
00000106e9596eb9
00000106eab29479
000001070801d999
0000010756869e39
00000107572706d9
000001075ecce4d9
000001077d5bb239
000001078d502ef9
00000107c6e974b9
00000107d19db919
00000107da9f6059
00000107fcf47579
000001080e9267b9
000001084965e519
000001084e353e19
000001085270b639
00000108539d9219
0000010863d94959
000001088f3cb519
000001089fc86fd9
00000108a0ac63d9
00000108da9741b9
0000010902a068f9
0000010932c3d159
00000109360fbaf9
000001093a018739
000001097cfcd639
000001099ee93299
00000109c06db0f9
00000109c3073c39
00000109c5cdefd9
0000010a069b43f9
0000010a170baa19
0000010a1b251fd9
0000010aa5de4239
0000010abd127d59
0000010ad4440d59
0000010af72599f9
0000010b1962a599
0000010b2bfbaa99
0000010b30c12f39
0000010b32064ad9
0000010b361304f9
0000010b46125e19
0000010b54a746f9
0000010b5a0f9c59
0000010b876edcf9
0000010b91e2c599
0000010baf489899
0000010bbfe3bed9
0000010bd7635c59
0000010c06b15f99
0000010c11acc019
0000010c147b4019
00000218422b9661
0000000002232571
0000000000000181
0000010c4bbdd7d9
0000010c565e1b99
0000010c61a98e19
0000010c66b05b19
0000010ca05542b9
0000010ca53f7d39
0000010d043dce19
0000010d30190479
0000010d38aa59f9
0000010d44c329f9
0000010d6be20019
0000010d779c0bb9
0000010da2328959
0000010da369c099
0000010dac132ff9
0000010db7788619
0000010dc1284239
0000010dd0162ff9
0000010de06136b9
0000010de45f6c79
0000010de84d3799
0000010de8be29b9
0000010e1a6d4a79
0000010e21834c79
0000010e46b84eb9
0000010e63be5dd9
0000010eb1554159
0000010ebe674799
0000010ec0f24a39
0000010ec27c2f59
0000010ecc5f7319
0000010ee117ebf9
0000010eefc5e759
0000010ef47821b9
0000010f038991f9
0000010f06ea19f9
0000010f2beb5239
0000010f56717699
0000010f588224b9
0000010fb2fd4439
000001105e928e79
00000110690ceef9
00000110de703c39
00000110ed362f39
000001113cdfc999
0000011142771119
0000011144f4e679
0000011150d0f9f9
00000111518a89b9
000001115363c119
0000011154a7e399
000001116ce35139
00000111803a8659
0000011190a79259
00000111c537e819
00000111d2734d79
00000111e0feac59
00000111f9c57e39
0000011223766f39
000001122d870e59
0000011234919759
0000011234b41c19
000001123dffdff9
0000011266450339
00000112eb0e8df9
00000112fd98a499
00000113576963f9
000001136fc4e8b9
000001136fc50439
00000113747f3959
0000011383557e39
0000011385f1ceb9
00000113ebcfb959
0000011472b78b39
000001148b402e99
000001149337fbd9
000001149a099339
00000114a1ec4bb9
00000114a56da279
00000114aa0f0439
00000114edce7479
0000011520c1b7b9
000001152b562779
000001152f02a379
0000011533592f19
000001153c2306b9
000001153c2310f9
0000011547ef73b9
000001154fb5e839
0000022ae2963261
0000000002232571
0000000000000181
0000011578d99fd9
00000115d0cc4139
00000115d0cc47b9
00000116240fe3b9
000001163a9a4099
000001163d28cd39
000001164588b699
000001166b434b19
000001168e5ea859
00000116c39593f9
00000116da0e1ad9
00000116e1a29f19
00000116f141f099
00000116f46588d9
0000011706f71579
000001174707b419
000001174df5adf9
00000117588d6bd9
000001176cd4f9f9
000001176cd50e99
000001177614f5d9
0000011797753259
00000117c0f06559
00000117de8cc019
000001181949e4f9
000001181e3c0c59
000001183a4b1d59
000001183c4db1f9
000001183d0b5d99
0000011848ea5c99
0000011858ba2f19
000001185d4643f9
000001186c14d699
000001186cea76b9
000001186e18e339
00000118ce42da99
00000118d41cc019
000001193d05d0f9
000001196ab70239
0000011974ecaaf9
00000119899379d9
000001198aaa0319
00000119c30b2bb9
00000119c4fcd2d9
00000119c4fcf2b9
00000119cdd8d6b9
00000119f5f0ae39
0000011a344f8919
0000011a34c28099
0000011a48b4a619
0000011a4c71e039
0000011a716a8399
0000011a7cfb1299
0000011a8aa10999
0000011aab823bb9
0000011ab7ea2859
0000011af3417479
0000011af61baeb9
0000011b08b1b799
0000011b092c8a99
0000011b1e779999
0000011b299ff919
0000011b2eddaa59
0000011b34439319
0000011b583afb99
0000011b76c24799
0000011b8559b339
0000011b8935de79
0000011ba7a326b9
0000011bdc42e339
0000011be5209079
0000011bea417a19
0000011bf2b81a99
0000011c17b05799
0000011c230ea519
0000011c2bf46c99
0000011c2dcdbed9
0000011c49813039
0000011c4d71bed9
0000011c4fd20c19
0000011c85604d39
0000011c8c09d039
0000011ca2b8c0d9
0000011ca7428f39
0000011cb4ec22f9
0000011d0ebd0cf9
0000011d1def1879
0000011d20409679
0000011d40888039
0000011d56fe4599
0000011d59767db9
0000011d5b3a37b9
0000011d677c19f9
0000011d6db185b9
0000011d6fc7ea79
0000011d7fa71cf9
0000011d9050a979
0000011dd351e639
0000011dd6fe80f9
0000011dfe886ff9
0000011e00fcaaf9
0000011e22065cd9
0000011e253d1d39
0000011e33f9a699
0000011e773e8ad9
0000011e7c0e61d9
0000011e7dcc0639
0000011e8f65bef9
0000011e8fb6ff59
0000011e937c2219
0000011e9c6a55f9
0000011ea0b8ce39
0000023d8300cf61
0000000002232571
0000000000000181
0000011ef50f2dd9
0000011f2fdc8a79
0000011f4c313af9
0000011f55f84239
0000011f75cb1b59
0000011fc555c179
0000011fd41462d9
0000011ff0579a59
0000011ff510d4d9
0000012002dbe7b9
000001201c25bef9
00000120284be359
0000012033f2d2d9
0000012053b68479
000001206e15bbb9
000001208ac2e519
00000120b5b264b9
00000120ee174019
00000121012b2199
0000012101550879
000001211450da19
0000012118b4ee59
0000012125408539
000001217046c4f9
000001217494b939
00000121a54d6139
00000121d6120319
00000121ec34c8f9
00000121fd73d0b9
000001220b7506d9
000001222eaf1319
000001223b1b9959
0000012269729b39
000001226df3ddf9
00000122a80d5419
00000122b0f634b9
00000122b4956bd9
00000122b97cc7f9
00000122bfeb3bb9
00000122dc7cf9f9
00000122e644b8d9
00000122f224c9f9
00000122f6a6b019
00000123105de719
0000012312d6fcf9
000001235b59a159
0000012361f406f9
0000012367af61f9
0000012368686219
00000123768a80f9
000001238d476539
0000012392a9e379
00000123a7530039
00000123d1605419
00000123d1bdf819
00000124017ed459
00000124017ed5d9
000001240edff919
00000124396e87b9
0000012456226d99
0000012463fe1b99
00000124a2494df9
00000124b839fb79
00000124b8b3e499
00000124bcfac059
00000124c597f0b9
00000124c8989999
00000124cd2edbf9
000001250785ac99
000001253945cdf9
000001256fef5f39
000001258776c019
00000125feecdd59
0000012605ea3f59
0000012616b3bd99
0000012663c8b179
000001267d3a3279
000001268d425a59
00000126a02707d9
00000126a3c5c019
00000126a4457499
00000126afb536b9
00000126b4da3339
00000126bc53ba99
00000126bd7b9ab9
00000126d46c6ef9
00000126ed2fea59
00000127127c5b79
0000012730cac819
0000012733aeaff9
0000012745daa999
0000012764969fb9
00000127667c60f9
0000012779b85799
0000012779b85959
00000127b8a2b1f9
00000127d46f53b9
00000250236b6b61
0000000002232571
0000000000000181
0000012825a194b9
0000012837ec0e59
0000012847891199
00000128587dfc19
0000012868ed4439
0000012886e9dc19
000001288f3a5359
00000128acc6f1d9
00000128b11fa399
00000128b595b259
00000128cb457dd9
00000128cca71899
00000128cff9d339
00000128d2508b59
00000128e0ae69d9
00000128fcff3739
00000129535453f9
000001295d0ae2d9
000001295d0af4d9
0000012976188419
00000129773da6d9
00000129803e3bd9
000001299768c159
00000129a0dbc4d9
00000129bd950bf9
00000129ccea4959
00000129d1a21fd9
00000129d63a79b9
00000129d703b039
00000129e9debf59
00000129ecf413f9
00000129fee23dd9
0000012a0048b519
0000012a0df4faf9
0000012a208600d9
0000012a4868f619
0000012a54b99f19
0000012a617cb939
0000012aac1761b9
0000012ab36b4879
0000012ac9906199
0000012ad3389639
0000012adf45a519
0000012afa5bda19
0000012aff461059
0000012b2bebd239
0000012b3321eed9
0000012b33d38259
0000012b39a343d9
0000012b474c1859
0000012b5a26abb9
0000012b74c798f9
0000012b87ca45f9
0000012b94b24d59
0000012bc0caf579
0000012be863db99
0000012c03562b59
0000012c041c91f9
0000012c09e8f179
0000012c0d91db19
0000012c26e8ed59
0000012c3e3acb99
0000012c53492459
0000012cc3f20ff9
0000012cd2a856f9
0000012cd7d2a1f9
0000012cea3cc139
0000012cf41c98d9
0000012d2227c799
0000012d402baf39
0000012d4fc3cbb9
0000012d7073cd39
0000012d9c34c839
0000012da1afecf9
0000012daad127d9
0000012dae48a299
0000012dbf1d2ef9
0000012de98842f9
0000012df4dd7599
0000012e04677279
0000012e0bdee559
0000012e30736a19
0000012e937e0ed9
0000012ead477f59
0000012ef3934259
0000012f1c403979
0000012f1df948f9
0000012f53117a99
0000012f5df73579
0000012f62de8079
0000012fbb1c1819
0000013019e6b719
000001302ae444f9
000001303172d959
000001303e242a99
000001305d606499
0000013074de00d9
00000130786979d9
000001309acbcd59
00000130ae022079
00000130b89120b9
000001310900c9d9
000001312767fcd9
00000131420c7359
00000262c3d60861
0000000002232571
0000000000000181
000001317147cdf9
0000013174819e79
00000131ae475bd9
00000131d481e6d9
00000131d6ce62d9
000001323ba5f659
0000013244f2c9b9
000001325bab24b9
000001325bab38b9
0000013271d50839
0000013287feb0f9
00000132910fa5f9
000001329393feb9
00000132bc4dabf9
00000132bfe087b9
00000132e240f099
00000133035dfff9
00000133090588b9
0000013317f9d759
0000013323f82db9
0000013323f83259
0000013336f31139
000001333bdc62b9
0000013357305db9
000001337c866299
00000133a18895f9
00000133a5201ff9
00000133cfb38dd9
00000133e96ea719
00000133f754ca39
00000133fce08659
000001340148d4d9
00000134083589d9
0000013440ba34d9
00000134436a2879
0000013450d8a659
0000013463a10c59
0000013468ec1559
0000013493933339
00000134afe44d59
00000134b688c1f9
00000135967348d9
00000135d529cb19
00000135d77dd0b9
00000135eb6f8679
00000135f0b573f9
0000013610c5a3b9
000001361e2677f9
000001363a10dcd9
000001364b05e819
000001369c066dd9
00000136a2ef08b9
00000136ae9173f9
00000136bbd281b9
00000136eccb5819
0000013704364779
000001371fd47f39
000001372a5103f9
000001374d616dd9
000001376e650b79
0000013778dd32b9
0000013790d98759
000001379b491139
00000137a74a1d39
00000137fdf23079
00000137fe63d899
0000013828b42c19
0000013848562cd9
00000138485635f9
0000013848a45659
000001384fc5ce79
0000013876572439
000001387724c359
000001387724c539
000001388ee2f9b9
000001389aa6fbb9
00000138a404b019
00000138c1d25099
00000138c38dd2f9
00000138dde20659
00000138e157fd79
000001390ab853d9
000001393bf56139
0000013945f5ba59
000001395014cc79
000001396ca08459
0000013971633ab9
0000013981d35139
00000139ba0cc3b9
00000139c966a059
00000139eb8aa699
00000139f41f25f9
0000013a0a5789f9
0000013a2458f1d9
0000013a42fd7c99
0000013a7203bd19
0000013a77672659
0000013a7db2c199
0000013aa839edb9
000002756440a461
0000000002232571
0000000000000181
0000013ac06489d9
0000013ad099f0d9
0000013adf8ab8d9
0000013ae5ae83f9
0000013afbc831f9
0000013b13652419
0000013b434b8919
0000013b671f8a99
0000013b7395fc39
0000013b7e08fff9
0000013b92b08059
0000013b92b0b199
0000013ba499b8f9
0000013ba5883bf9
0000013bb20b5dd9
0000013bb20b5f79
0000013bd27b6239
0000013bf3036eb9
0000013bf95ea2d9
0000013c0a1ca179
0000013c1d5257f9
0000013c2f12e699
0000013c3d4a8819
0000013c69bffa19
0000013c6cfe46d9
0000013c72280899
0000013c8b69f8f9
0000013c8b6a0a59
0000013c8b6a1b79
0000013c98a38bf9
0000013c9b9a56d9
0000013ca0980dd9
0000013cb49b5839
0000013cc2cd20b9
0000013ce9755a99
0000013cef8a8ff9
0000013cf7b93bf9
0000013d27bf8fb9
0000013d3f80e3b9
0000013d4ca1da59
0000013d6f08b419
0000013d6f08c839
0000013d704c0999
0000013d7fdb5cd9
0000013d92b7aa39
0000013d947d9939
0000013db19529d9
0000013db1954d39
0000013db7fe2079
0000013ddaa9bad9
0000013e124f5859
0000013e257c1bd9
0000013e93e8fe59
0000013eb67effd9
0000013eba710c59
0000013ec2f5eaf9
0000013ed7d8e739
0000013ed7d8e919
0000013ed7d8fe59
0000013eeb6b7199
0000013ef0842e59
0000013ef323d099
0000013efe3ee019
0000013f07c2bab9
0000013f1907a0f9
0000013f2797d6d9
0000013f4215a019
0000013f4297f4d9
0000013f82c0d339
0000013f912f3939
0000013fa71d1eb9
0000013fafc557f9
0000013fb6878dd9
0000013fbb7ce3f9
0000013fdcaab4d9
0000013fe0061a59
0000013fe3cd02f9
0000013ff4c39639
000001401c3e3d79
000001401dbb6ed9
0000014038f3f739
0000014052b7d399
000001405fa85b59
000001406b6df199
0000014076f0ae99
0000014079bb5159
00000140a61f3e39
00000140c44b4899
00000140e503c9d9
00000140eea91e19
00000141488e0539
000001414b44a019
000001415e937679
000001416cc31599
000001417461c179
00000141d12ca539
00000141fb327db9
000001422fca6a19
000001427896ef19
000001427e5400f9
0000014291652f79
00000142a37883f9
0000014305d8fcd9
000001432e6c13b9
000001433af38fd9
0000014349d72a59
0000014361f167f9
0000014380698ef9
00000143a46dc6f9
00000143ce214ef9
00000143d6fdce79
00000143d701efd9
00000143ddffd959
0000028804ab4161
0000000002232571
0000000000000181
0000014429714e59
00000144297152d9
0000014439b96479
00000144403b13d9
0000014451886c19
00000144636657b9
00000144904bda79
00000144a7466f99
00000144c34994f9
00000144d53adb59
00000144db637679
00000144fe26ae59
00000145185c7659
0000014538befb99
0000014546e76619
0000014560ad82f9
000001458d232eb9
00000145bc706879
00000145bc707979
00000145bd016499
00000145c2a456b9
00000145c9051c99
00000145c9eec939
00000145c9eedf39
00000145d7d65939
00000145d9e775d9
00000145d9e78019
00000145e9b00fd9
00000145f5048999
00000145f504a139
00000145ff6e1859
00000145ff6e19f9
000001461caa6339
0000014622fee0b9
0000014671ea7419
000001468680f5f9
00000146ebccfc39
0000014723d30fb9
000001472f5b5ab9
0000014746d2e0b9
00000147517f54d9
0000014755848459
00000147558485f9
0000014755849419
0000014755849e19
000001475bcff059
00000147afd13c99
00000147afd15939
00000147bdaac7b9
00000148402bde59
0000014845ac5279
000001487b0889f9
0000014882ffb159
000001488a05ebb9
00000148b0d8f179
00000148ccbba8d9
00000148e676e619
00000148eb0d94b9
000001491c7322f9
00000149299fbc99
0000014929bcb579
000001493d776099
0000014949018e59
000001495339ec99
000001495572e059
000001495ac1ce99
000001495ac20539
000001495ac215d9
000001495ac23999
000001495c5a7b79
00000149a8038d59
00000149c3acf0d9
00000149d81c50b9
00000149d98eb4d9
00000149e626a0d9
00000149e8467959
00000149f33817b9
00000149f3383759
00000149f3384919
00000149fafab9f9
0000014a2bcd5919
0000014a4e39a5f9
0000014a90756459
0000014aad039359
0000014ab30a5739
0000014ac9cd4c99
0000014ad3b94ef9
0000014af6dbb479
0000014afaf9abd9
0000014b0d77c719
0000014b20c62959
0000014b2a77e479
0000014b2a782519
0000014b40b29f39
0000014b4e501a39
0000014b54d51439
0000014b54d515f9
0000014b5debcbf9
0000014b7a8b0219
0000014b83fd47b9
0000014b84765a59
0000014b89fa40f9
0000014bba194739
0000014be35f5cb9
0000014bedee1c99
0000014bf7605739
0000014c0c7a2379
0000014c0c7a2539
0000014c0df53f39
0000014c0ee964f9
0000014c34d17e39
0000014c48cf0e99
0000014c5e9f3b59
0000014c88ea5c19
0000014cdfded919
0000014cdfdeda79
0000014cfd28fad9
0000014d0b0a1619
0000014d154a7379
0000014d184c7a99
0000014d38ed78b9
0000029aa515de61
0000000002232571
0000000000000181
0000014d584bb799
0000014d6bc38e19
0000014d743304d9
0000014d97ed4b99
0000014da3dd0499
0000014dea88df99
0000014e0044a8f9
0000014e0456a9f9
0000014e182186d9
0000014e19b7fa19
0000014e19b80859
0000014e333b1a99
0000014e5005e9f9
0000014e520ccd39
0000014e520ce079
0000014e58929739
0000014e6aa6bd19
0000014e77e6edb9
0000014eaf63f6f9
0000014ebab76a39
0000014ec97c3559
0000014ee5a979b9
0000014ee94cfc39
0000014ef2d73099
0000014efdf19c99
0000014f05809e19
0000014f2c12c059
0000014f671bfd79
0000014f896d8859
0000014f8afdab59
0000014f97bf1c79
0000014f9918f579
0000014f991908b9
0000014f991912b9
0000014f99191439
0000014f997b5319
0000014fcb505619
0000014fd2203379
0000014fe0e03e79
0000014fe0e059b9
0000014fe8e4ba99
0000014feb8d8079
0000014ff1563359
0000015019c535d9
000001501f6244d9
0000015020773519
0000015026bbfa79
000001504333f539
000001504bd19c39
0000015060e65e79
00000150b024d919
00000150b5899f59
00000150cb2c3bb9
00000150d4a6e899
00000150fff3b6f9
0000015104c3ac19
000001511b69f9b9
000001512932f779
000001517aa1f379
00000151a7d18a79
00000151bc336ed9
00000151ce9118f9
00000151d27c18f9
00000151fa493c59
00000151fe923bf9
00000152363a44f9
000001528f8fe879
00000152bafe6839
00000152c0e1cd19
00000152cca57ab9
00000152d672e5d9
0000015327a82fb9
0000015388791519
000001538a00a339
00000153c62abb99
00000153ef276639
0000015403907b59
0000015406179739
00000154313dd979
0000015451a477f9
000001547500e639
0000015490b18e79
0000015493e26c59
00000154ad5dfeb9
00000154d357e819
00000154d357ee39
00000154d73e7479
00000154ec9bc579
00000154fba65139
00000155043df779
00000155261fa4b9
00000155261fb119
00000155b090e5d9
00000155c8ddaa79
00000155ce16fb79
00000155cff436f9
00000155d72ad3f9
00000155f89a65b9
00000155faf2a7b9
000001564dbc99d9
000001565aadd719
00000156628f8179
0000015693a31d79
000002ad45807a61
0000000002232571
0000000000000181
00000156a6e52fd9
00000156b34f7719
00000156b820da59
000001570b23ccd9
000001573a4040b9
0000015745220239
00000157541283f9
000001575935c4f9
00000157627f28f9
000001578ac09bb9
0000015793594499
00000157b11613d9
00000157bb1175b9
00000157bb118539
000001584795d299
000001586de91e59
000001586de96c79
0000015881939db9
000001588c7c5fb9
000001589d1c47d9
00000158b13a9439
00000158b24527b9
00000158cc0c6219
00000158da7b7a19
00000158da7b9059
00000158f068ccf9
00000158f068ee19
000001590c26b499
0000015927ca7f39
000001593ba0ea59
0000015957e117b9
000001595a1477f9
000001596b4c03b9
000001598c0e6af9
00000159a0a2bdd9
00000159b810b6d9
00000159dedf8499
00000159e2eae899
0000015a0a301c39
0000015a0a302159
0000015a0a522659
0000015a166996d9
0000015a5d4cbcb9
0000015aaf4ee0d9
0000015abacd6b59
0000015abacd7db9
0000015ac0cf1e59
0000015ac46e1d19
0000015b265068f9
0000015b3b5c9df9
0000015b44344399
0000015b51aa94d9
0000015b528ef559
0000015b5cabc839
0000015b6357b139
0000015b6357b2b9
0000015b6b2de119
0000015b6b2e0139
0000015b873c63b9
0000015b974671f9
0000015bc3d1ba59
0000015be1695f79
0000015be32f4f99
0000015be6405919
0000015becbb4f79
0000015bf8dde0b9
0000015c336f4919
0000015c4d4c8499
0000015c6f205cb9
0000015c8fde70f9
0000015c8fde9ed9
0000015c9219cc79
0000015c96910699
0000015c98c7f619
0000015c98c7fc99
0000015caac31999
0000015cc1aa3b19
0000015cd15ea599
0000015cf110db19
0000015cf8ad6ff9
0000015d1497a179
0000015d27ee00f9
0000015d3601bf59
0000015d3fec1219
0000015d3fec13d9
0000015d5f8bcd39
0000015d790ed3b9
0000015d7a6c7539
0000015dc84c30d9
0000015dd0721459
0000015dd1338d39
0000015e128022b9
0000015ea4a97599
0000015eaf2ac119
0000015ecafd85f9
0000015eddd8abf9
0000015f06150b79
0000015f36df81d9
0000015f52f949b9
0000015f61fe5139
0000015f93ef7039
0000015f94d33279
0000015f99b2f139
0000015f99b2f2f9
0000015fadb812b9
0000015fbbf5d3b9
0000015fbdb98319
0000015fcc564679
0000015fd9915299
000002bfe5eb1761
0000000002232571
0000000000000181
00000160002a6cb9
0000016007af4419
00000160369e0c99
0000016039bfac79
000001606c3c5459
0000016091352db9
0000016093b9ac79
00000160a9acff79
00000160c44b5699
00000160d56f7899
00000160e11ed7f9
00000160e980b8b9
00000160e992d1d9
00000160f5afb1d9
000001610ad57159
000001612d231519
0000016147c38359
0000016168194759
00000161849a6db9
0000016204e7d179
000001623b9c11d9
000001626be7f1f9
0000016273c8b319
000001629aa45219
00000162d9c0ce99
00000162f3cedf59
000001633c8748f9
00000163542e4679
000001637c958cb9
00000163949bfdb9
00000163b34e92f9
00000163b975afb9
00000163c4b24759
00000163c54bf679
00000163c7205939
00000163c88af2f9
00000163c8b17919
00000163d09154f9
00000163e5f47db9
00000164079a3099
000001642883d639
000001642de3d779
000001642de3f719
0000016463557ef9
00000164882dc899
0000016490c66a39
0000016491d706f9
000001649c801e59
00000164d7b69bb9
00000164dcb6ec39
00000164e3d079f9
00000164e7d4b959
00000165380f3bf9
000001654b962239
00000165888d2519
00000165ade81f79
00000165b4d77f59
00000165b73082b9
00000165bf38b299
00000165d4e29a79
000001662f5c1dd9
000001663195b219
00000166411ab659
0000016654e808d9
0000016658010a39
000001666ea27f59
0000016671bd6579
0000016693e26e19
00000166bc38fbd9
00000166c3163f39
00000166cbdb6e19
0000016700dcf2f9
00000167038a33b9
000001675dd27839
00000167a8b28299
00000167aa5761d9
00000167bc1574f9
00000167eb2c2c79
0000016805e2ec59
000001680fbabdb9
0000016813866579
000001681d193979
000001681d194799
0000016855836ff9
000001686d570d39
000001686f7bc999
0000016871f1a8d9
000001688af12079
000001689f7f92d9
000001689f7fa7d9
00000168b344fb19
00000168b34516d9
00000168b3452c19
00000168bfb5ea39
00000168dc8ed419
00000168fd00c579
000001690c0c2279
0000016917e93139
000002d28655b361
0000000002232571
0000000000000181
000001694a801279
00000169695f61d9
000001696e3b0e79
000001697129d4b9
0000016972519039
0000016998693bb9
00000169b1969459
00000169b38d4279
00000169b38d4c79
00000169b841a759
00000169c1a3f7d9
00000169c31312b9
00000169d67da299
0000016a00e69d39
0000016a34471919
0000016a494d18b9
0000016a541f0459
0000016ac5019879
0000016adaa55eb9
0000016aea620b59
0000016aea620d19
0000016b03df6539
0000016b0ef6a779
0000016b11d1a0f9
0000016b34e96f99
0000016b3ba58bf9
0000016b47d6ab19
0000016b81e2cb39
0000016b8d9cc959
0000016b9bd81bd9
0000016ba24f2179
0000016bbbc958f9
0000016bf2625d59
0000016c725c03f9
0000016c7dd88379
0000016c94d7ead9
0000016ce9fd4d99
0000016d04390519
0000016d4caa22b9
0000016d5d8f6259
0000016d61b13a99
0000016d671560b9
0000016d6e98de19
0000016dad3bd4b9
0000016dc7659239
0000016deb229839
0000016deb22ac79
0000016df5633eb9
0000016e4403da19
0000016e87d9d219
0000016e89eb5ff9
0000016e91a61ed9
0000016eede71539
0000016f23016a79
0000016f23017879
0000016f3955f0f9
0000016f4f8018f9
0000016f80b7d6d9
0000016f8ac51759
0000016fab015e39
0000016fc9022b59
0000016fcab7f539
0000017015f97ab9
000001701a8a2cf9
0000017031f77919
000001704821ebb9
0000017060d6bcf9
0000017068224619
000001707f818af9
00000170980e1b19
00000170a4c78819
00000170c10cfc39
00000170cb7c59b9
00000170cb7c6739
00000170d086d059
00000170fa6b18d9
00000171876f4799
000001718b526f59
00000171940b2719
000001719cf988b9
000001719cf99d39
00000171b0bcb1d9
00000171ce986379
00000171d3a34e79
00000171e7935679
00000171ea9f4c59
00000171ec05f979
0000017205b43339
0000017206ca8cf9
000001721b0260f9
0000017220404399
000001722fefd7b9
0000017246bee799
0000017246bf4119
000002e526c05061
0000000002232571
0000000000000181
00000172939fc8f9
00000172939fd239
00000172939fd979
00000172b9394559
00000172cc0f2139
00000172d8872819
00000172e0f31e79
00000172e92e3839
00000173044c6d19
0000017309b7a139
000001730e5b9299
000001730f25b899
00000173232b2639
0000017324ec15d9
0000017324ec17d9
0000017346a1bf39
000001734ed338d9
0000017363382df9
00000173689f7c79
000001736af30419
00000173b80b2fb9
00000173ba0822d9
00000173c4e44b79
00000173caf8eab9
00000173f4664559
0000017416b98ad9
000001741a7465d9
000001742ea3d2b9
00000174604a2619
0000017466c9b9d9
00000174ac8c7c99
00000174b2637d59
00000174b4358499
00000174c3c14df9
00000174c4de57f9
00000174ec062759
0000017523b141d9
000001753a5bf1b9
0000017555d798b9
00000175cd9be1d9
00000175d34441f9
00000175d80e6e99
00000175d90a68f9
00000175f7742c79
00000175fe4360b9
00000176198e0759
0000017629827019
000001762c430b39
000001762e29ff79
000001763ab519d9
0000017658bb99d9
0000017658bc24b9
000001765921daf9
0000017670faff39
00000176783cf419
00000176824188d9
000001768b638db9
0000017698b02099
000001769a1af5d9
000001769e6cbfd9
00000176ac2a3179
00000176adf73099
00000176d0784ff9
00000176ed078ed9
00000176ed0fe819
00000176ede73eb9
00000176eeaea619
00000176f5c6d999
000001774c0b73b9
000001775c554ad9
000001776897d579
000001777c714b59
000001779dd92799
00000177a9bb0399
00000177a9bb18b9
00000177d2b6cc99
00000177f8267859
00000178024ab5f9
0000017824f4c159
0000017857ef55f9
000001785c6b7519
000001785e6b4f99
00000178a8e22659
00000178bc1ff579
00000178d2dc5c59
00000178e4bb47b9
00000178ea558499
00000178f3afc8f9
000001790bb77eb9
00000179187406b9
00000179306f5cb9
00000179503dd599
00000179c0ffc7d9
00000179d5094579
00000179f000d839
00000179f0b16c39
0000017a032a92d9
0000017a06d73379
0000017a0e8e5659
0000017a27aa9579
0000017a4624d7b9
0000017a6c972759
0000017a6d231719
0000017a9142db59
0000017a919e8a99
0000017aa16b9419
0000017ac5fde899
0000017acfe7a719
0000017ad35223d9
0000017b4c4cde39
0000017b4e418899
0000017b5079f499
0000017b5fdaf699
0000017b7dab13d9
0000017b9aaa5739
0000017bcfa7f739
000002f7c72aec61
0000000002232571
0000000000000181
0000017c0f1c9cd9
0000017c171d7539
0000017c43d9ffb9
0000017c53535c99
0000017c6c1e5e39
0000017c6ff81999
0000017c83017679
0000017c9f8793f9
0000017cb02553d9
0000017cb6e32bb9
0000017cbb780599
0000017cbe28e279
0000017cc3382479
0000017d023b9279
0000017d0823c779
0000017d2a2f8619
0000017d518b8879
0000017d7eed62b9
0000017d83e06ed9
0000017d87aeb739
0000017dd6225b39
0000017dd8588cf9
0000017df62a3b39
0000017dfaa06199
0000017e0b17ffb9
0000017e1def21d9
0000017e2310e359
0000017e36d3d619
0000017e3f0688b9
0000017e4396ae99
0000017e52993e39
0000017e575b4639
0000017e6947c139
0000017e85fa34f9
0000017ea5601159
0000017eacc042b9
0000017f269054b9
0000017f269066b9
0000017f28d376f9
0000017f3185c6d9
0000017f376078d9
0000017f37608939
0000017f37609339
0000017f6cfb0bd9
0000017f6dd7fdb9
0000017f74923ef9
0000017f749240d9
0000017f96d57959
0000017ff68d16f9
000001801d614879
000001804de7d6d9
000001805cc41cf9
000001806227a4f9
00000180734e66f9
000001809a50a0b9
000001809b41c599
000001809b41d539
000001809b41da19
00000180b7330159
00000180d0295779
00000180d2028999
0000018105601879
0000018109965b59
0000018109965cd9
0000018119730bd9
000001816e336ad9
0000018174d97d79
00000181958b1c99
00000181a972d4b9
00000181aac86639
00000181aac87479
00000181d0ed2399
00000181d398ac39
00000181dbe00559
00000181e24e5539
00000181f39c1379
00000182122a2479
00000182317eb139
0000018243aaffd9
0000018243c97099
000001826b34e439
0000018275f0c1f9
00000182807b7c39
00000182821915b9
00000182b308ddd9
00000182befb0eb9
00000182d5774959
0000018308f110d9
000001830b3ec0d9
000001830bf48e39
0000018367724ef9
00000183b9e38ab9
00000183dd7559f9
00000183f02be519
0000018407e0a379
000001840dc1a8b9
00000184140aebb9
000001842f0a11d9
0000018448c8eb19
0000018453117ad9
000001845cccdc99
0000018470e8f559
000001849262e199
000001849262f419
00000184b196f739
00000184df5f2459
00000184e061b159
00000185114b19d9
000001851b09aaf9
0000030a67958961
0000000002232571
0000000000000181
0000018537756a99
0000018545fc6279
00000185522fab99
0000018557b25ef9
0000018564c869f9
000001856f887b99
000001857ba3fa19
00000185c9d33379
00000185fa8303d9
00000186005f3179
0000018600897539
000001863834d059
000001863e6ef3f9
0000018643f3deb9
000001865fa66ad9
000001865fa6ad79
000001866013caf9
000001867c016a99
00000186e9e7fe59
00000186f7519a99
00000187157a9799
000001871f5f9c99
0000018720a349b9
0000018720a359d9
000001872c46e199
000001872eccdfb9
0000018736ce9199
00000187be8130f9
00000187be813c99
00000187c7bd3399
00000187dee48e59
00000187eb445559
00000187ff251079
0000018803a01159
000001881efcc9b9
000001881efcda79
000001883f723b99
00000188530c2c99
0000018864006259
0000018887b4e7f9
00000188b0e85799
00000188cb760979
00000188d2915db9
00000188fc5d4179
00000189155f3d79
00000189155f8759
00000189163a9539
0000018923270459
0000018949166f19
00000189552748f9
000001895dedb619
00000189783e11f9
000001897b864e79
000001899c9e2839
00000189ee870ef9
00000189f53cb799
0000018a160144d9
0000018a249931b9
0000018a41c2f0f9
0000018a98ecda79
0000018aa5c6fdb9
0000018ab2460db9
0000018abce9bc39
0000018ac0303759
0000018b0bd9e319
0000018b0d913b79
0000018b1631ff39
0000018b29ad5d99
0000018b2b0978b9
0000018b31d7b739
0000018b38064e59
0000018b4101c919
0000018b960a6759
0000018bbf3e4099
0000018bc68af319
0000018c1c30dff9
0000018c2b887f19
0000018c3c0da459
0000018c43eef6b9
0000018c5ed220b9
0000018c642b7719
0000018c6a8843b9
0000018c891db899
0000018cb13984d9
0000018cb1398cf9
0000018cc0d76979
0000018cc8158599
0000018cd5f4b4d9
0000018ce0d72d39
0000018d0f3e2059
0000018d66c6fed9
0000018d699f7e79
0000018d8ebb0c99
0000018dbbafd779
0000018dbbafe9d9
0000018dcf51ec19
0000018dd8c5a719
0000018dec3a46f9
0000018df85fa179
0000018e0a434c19
0000018e13f3cb79
0000018e355c7e19
0000018e3ced1919
0000018e3ced2b99
0000018e422d6179
0000018e4a94efb9
0000018e54e22999
0000018e5a72a699
0000018e73912b39
0000031d08002661
0000000002232571
0000000000000181
0000018e9faabed9
0000018eacc42fd9
0000018eba06d139
0000018edc2814f9
0000018f011a6bf9
0000018f0a978779
0000018f23ef17d9
0000018f3713e439
0000018f38dfd019
0000018f4331a539
0000018f43479359
0000018f4706e1b9
0000018f4706f9b9
0000018f85083099
0000018f90167099
0000018fa99602f9
0000018fba207499
0000018fcd0bad39
0000018ff3dd2ad9
00000190003a5459
000001900d567d99
0000019033b67399
000001905627ae59
000001905c8ab3f9
000001905e457a19
0000019078a1f959
00000190793fbad9
000001908a553c39
0000019091955dd9
0000019091d53119
00000190bfd756b9
00000191022145f9
0000019102215dd9
000001911f1a95d9
0000019136a78f99
00000191648e5099
0000019176f1e7f9
000001918ebd6e99
000001919ec96fb9
00000191b2f77539
00000191c9a3c339
00000191dabb26b9
00000191eb8a4799
00000191f03988f9
00000192242d7279
000001924c013999
00000192617e9419
0000019287570b99
0000019287fd5df9
00000192a221cb79
00000192a94ae059
00000192a94ae1f9
00000192a94ae959
00000192a94af6f9
00000192c5cff9d9
00000192d127dbf9
00000192dc257bd9
00000192e7484d99
00000192e778f379
00000192f301eb19
000001933e584739
000001933ec65bd9
000001934fe5dc99
000001937bdb2319
00000193bb7edc79
00000193df048159
00000193e9424eb9
00000193fcb7ab59
000001942ece7859
0000019431037939
000001944b30c079
0000019482cc21d9
00000194a95f30d9
00000194c1251259
00000194ef7bbfd9
000001950725ae79
0000019547a87e19
0000019557d2eed9
00000195582da3b9
0000019562014299
0000019565e3c459
0000019575bf27f9
000001959f247319
00000195a5136139
00000195b252d739
00000195c4832e39
00000195d8cf4239
000001960eef7ef9
000001961c5bad39
000001963bd85ad9
000001964c3a37b9
000001965aca1f79
0000019701a12fd9
00000197136712d9
0000019723b71899
000001974cf92679
000001974cf927f9
000001974da6c799
00000197535ba439
000001977cc246d9
000001977cc248f9
000001977d5520d9
0000019784f74019
000001978e88f2f9
0000019799184879
00000197aceb3339
00000197bec06059
0000032fa86ac261
0000000002232571
0000000000000181
00000197e91e25b9
00000197ef3d0939
00000197f0d71f79
00000197feeed9d9
0000019804d4a199
000001982d41a7b9
0000019833f86d39
00000198526073b9
000001986912f739
00000198816b2ff9
00000198816b3f59
0000019897a9c099
000001989885ff99
00000198bc501279
00000198bf7a8079
00000198bf7a9879
00000198e2c98759
0000019906470539
000001990bf20259
000001992cb13af9
000001994c5e00b9
0000019976111579
0000019976113559
00000199a7b2c0f9
00000199ad6c8e39
00000199bc883c39
00000199d8391d39
00000199e55ac539
00000199fc16d0f9
0000019a41e160b9
0000019a41e170b9
0000019a617fa679
0000019a67302cd9
0000019a6bb93d79
0000019a8492b1f9
0000019ab3693239
0000019af2c455b9
0000019b33dcdb39
0000019b3749ea79
0000019b6e11ec39
0000019b7ff1a899
0000019b88c77b39
0000019b912b7e39
0000019b9194dcd9
0000019b9c3ad5b9
0000019ba3eb3319
0000019bc70b35d9
0000019c6179c4b9
0000019c6a8ec719
0000019c9d738a39
0000019cda92b6b9
0000019ce4d4fb99
0000019cee9b9959
0000019d165a6cd9
0000019d19dd8ef9
0000019d1ffa1eb9
0000019d2f59a379
0000019d44ad3e99
0000019d61ad6179
0000019d61adb6f9
0000019d69550eb9
0000019d70a5b419
0000019d9ef7f7d9
0000019da1d667f9
0000019da1d67af9
0000019db8399f19
0000019de09bebb9
0000019df9714259
0000019dfd3670d9
0000019e23854d59
0000019e6c8fb8f9
0000019e7c9d42d9
0000019e8019a019
0000019e88048b59
0000019ea129ef39
0000019ea129ffd9
0000019ecaebb6d9
0000019ef52cab79
0000019efe0df499
0000019f0d1e4679
0000019f1b221bd9
0000019f1f55b939
0000019f30555859
0000019f30556259
0000019f369a0a99
0000019f3cfb78b9
0000019f77ab0bf9
0000019f7824cf19
0000019f96b9c3f9
0000019fb34b7659
0000019fc50a66b9
0000019fd06a5e99
0000019fd06a68d9
0000019fdd38a499
0000019fddae10d9
0000019fe7afc399
0000019fef55d1b9
000001a02b3a3a19
000001a032027959
000001a05a6996d9
000001a095cec399
000001a09b8b88d9
000001a0a0ac3f19
000001a0a0ac4c59
000001a0b403feb9
000001a0c8e1e1d9
0000034248d55f61
0000000002232571
0000000000000181
000001a127e08799
000001a13d913c59
000001a15156fd99
000001a1515706b9
000001a15aeadbf9
000001a186c53db9
000001a19ea07139
000001a1b4b58439
000001a1baae3cf9
000001a1c1c4c4b9
000001a1c6f8b0f9
000001a1ce6f7fb9
000001a1f65f6159
000001a1ffe31a19
000001a21ccf1259
000001a22613cc79
000001a23314be39
000001a25e2aa8d9
000001a263153b79
000001a27a51bc19
000001a2961bf0f9
000001a29cdce5f9
000001a2abd614b9
000001a2c765fe39
000001a2ccaa9299
000001a2df299479
000001a2e3c193b9
000001a306b0b719
000001a311ad2cf9
000001a311ad4359
000001a35335cb19
000001a36f020499
000001a390d95299
000001a39dc7a9b9
000001a39dc7b259
000001a3bdf41b59
000001a3c56dfa19
000001a3f67fd8f9
000001a421d61159
000001a42e561579
000001a46d62af39
000001a49e0e5979
000001a4b466a559
000001a4be472cd9
000001a4ccf119f9
000001a4e0aa2539
000001a4ef6f14b9
000001a4ef6f15f9
000001a4fda54399
000001a4fdca8139
000001a5198cc239
000001a52d0f6bb9
000001a52f9d4499
000001a533d5af99
000001a556839cd9
000001a5745717f9
000001a577dc6c19
000001a58a120219
000001a5a1d1e7b9
000001a5a53a1459
000001a5f4929759
000001a615974819
000001a63b638359
000001a662f52c19
000001a673cee7f9
000001a67793fab9
000001a6c8630bd9
000001a6e2a3e779
000001a6f0245e59
000001a6fb84d5d9
000001a72fce3919
000001a735883519
000001a7920c0139
000001a7dca1ebf9
000001a80231ecb9
000001a8023200b9
000001a810732e39
000001a850508039
000001a869f17099
000001a880e1f339
000001a880e1f4f9
000001a880e1ff19
000001a880e20df9
000001a8c4a96719
000001a8c51fa8f9
000001a8f3837579
000001a8ff87ced9
000001a8ff87d6d9
000001a90d0c0f99
000001a92254c259
000001a9243e4919
000001a92e445a59
000001a952ae7819
000001a966e26479
000001a96ac1a6d9
000001a96ff20099
000001a99536b539
000001a99536cad9
000001a99777acf9
000001a9b24b21f9
000001a9c4c68079
000001a9c6437d99
000001a9cccad1d9
000001a9d244bb39
000001a9d68577b9
000001a9df218b39
000001a9e88d87b9
000001aa00b98ad9
000001aa38c5abf9
000001aa4aca7dd9
000001aa4fb76139
00000354e93ffb61
0000000002232571
0000000000000181
000001aa81661059
000001aaa0944f19
000001aaabff61d9
000001aaad436ab9
000001aabaefa519
000001aad47b4239
000001ab0bad0fb9
000001ab1c510e19
000001ab1cae9cb9
000001ab2d0f6d39
000001ab2e348fd9
000001ab33e3e099
000001ab33e3ef19
000001ab7a719899
000001ab7ba1beb9
000001ab8f33a159
000001ab90f5b279
000001aba71ef139
000001ac0e7f0e19
000001ac10641d59
000001ac109015b9
000001ac44221399
000001ac47319339
000001ac9124d2f9
000001ac9c5363d9
000001ac9f5fac39
000001acaa952459
000001acb56f9d59
000001acc2acccb9
000001acd1b952d9
000001acda901339
000001ace717d6f9
000001ad1b0a2bd9
000001ad8b8d2959
000001add861ee19
000001adf5b568b9
000001adf5b57b59
000001ae02834879
000001ae3b9650b9
000001ae562bce59
000001ae821524b9
000001aeb1b28319
000001aeb810c779
000001aebd897dd9
000001aec0f8e759
000001aec7499239
000001aece93d1b9
000001aede6cb1b9
000001aeebd232d9
000001af0b4ac5b9
000001af0f003039
000001af12d9c059
000001af21d52e39
000001af3731f7b9
000001af3891c719
000001af395ec379
000001af48cf50d9
000001af4b6402b9
000001af9bdeb6b9
000001afacfdfc19
000001afbea38299
000001afc13a6b39
000001afcc0326b9
000001afd8142db9
000001afe136b4b9
000001afeee00db9
000001aff04e0bb9
000001aff2c7ed79
000001aff2c7fd99
000001b019182959
000001b0298853f9
000001b04ce0a5b9
000001b05e32cff9
000001b065b25519
000001b0679f2139
000001b06b37cf39
000001b080f6d279
000001b0dc718739
000001b0e2fc0039
000001b0e4dc47b9
000001b11c8f59b9
000001b1493dfc19
000001b17b93f2f9
000001b17bd74c39
000001b17c329e39
000001b17e96c1d9
000001b1a43f52b9
000001b1b53929f9
000001b1c339e819
000001b1c7246d59
000001b1cfbeaf59
000001b1f1603639
000001b23019edb9
000001b239a8d059
000001b23e4834b9
000001b2591a0419
000001b2621ec899
000001b2df1ed3d9
000001b2e44d8fd9
000001b2fad71d59
000001b30ba1d1d9
000001b35c9dcb79
000001b3659127d9
000001b3705d94b9
000001b394226099
000001b394226959
000001b3b0a614b9
000001b3b4fe6b79
000001b3c1c6d099
0000036789aa9861
0000000002232571
0000000000000181
000001b3d5512619
000001b3d81e1859
000001b3edb9f9d9
000001b3f7490a99
000001b404b94c99
000001b414e18ef9
000001b41ac1ed99
000001b41ac20039
000001b42c812af9
000001b435ded3f9
000001b43f3fabd9
000001b4530182b9
000001b47e8919b9
000001b48ed642b9
000001b4d74667b9
000001b51a26f1f9
000001b51fa10bb9
000001b52db53519
000001b590fa56f9
000001b5a4389539
000001b5ae2a1139
000001b5b2cafe19
000001b5b81f4a19
000001b5b81f4ef9
000001b60b7c01b9
000001b60b7c1e79
000001b623a7d559
000001b650358cf9
000001b6650c0299
000001b67d863b19
000001b689a1f979
000001b6938189d9
000001b698684859
000001b6a0179a99
000001b6adf71d39
000001b6b77dd739
000001b6dafbcd59
000001b6dafc3f19
000001b6f02c2359
000001b716f351b9
000001b73f126a99
000001b7543daa79
000001b75fcd2bf9
000001b76c45ecd9
000001b77138f4d9
000001b77d08c059
000001b789d3f5f9
000001b79db266b9
000001b7bb862fb9
000001b7be15a979
000001b802dc2f19
000001b839a83759
000001b83e0f0819
000001b844dda219
000001b8587fca99
000001b874b11a59
000001b889bd0979
000001b889cc22d9
000001b88a2f6bf9
000001b88a8feb19
000001b8ac237259
000001b8d3ce13d9
000001b8e58aef59
000001b8e58b0399
000001b911352d99
000001b926263739
000001b92846bfb9
000001b9330b7e59
000001b94e799979
000001b950a1b2f9
000001b97cabc7f9
000001b9a5d01e39
000001b9db8357d9
000001b9e93fa379
000001ba1bac9bf9
000001ba3064e859
000001ba53b28259
000001ba5471bb39
000001ba55cf0819
000001ba5a1dd2f9
000001ba811efe59
000001ba82ed0e39
000001ba9c02eb99
000001bac98acab9
000001bac98ada19
000001baccb29419
000001bad0234239
000001baeb5c86d9
000001bafd77fed9
000001bb08ec6cf9
000001bb08ec7cb9
000001bb326fed39
000001bb4869bbd9
000001bb5dbbaf79
000001bb9d0efdd9
000001bbb9bd9e99
000001bbc3f62c79
000001bbc3f63699
000001bbcb406bf9
000001bbf46b0259
000001bc077accf9
000001bc0b046f39
000001bc1d9e3bb9
000001bc59b4a919
000001bc97f48af9
000001bcbe272b39
000001bcc7ae4979
000001bd0789be99
0000037a2a153561
0000000002232571
0000000000000181
000001bd16b562d9
000001bd1b718199
000001bd2f698159
000001bd527eb619
000001bd58f9a719
000001bd674818b9
000001bd718bf6d9
000001bd9172eed9
000001bd95f89239
000001bd975373d9
000001bdb05aad39
000001bdd0aa1bd9
000001be00763a39
000001be098760b9
000001be2ef29d59
000001be51632cb9
000001be8bbe6f39
000001beaf072199
000001beb00be659
000001beb1ca0099
000001beb1ca9b99
000001beb58a48b9
000001bec76cf339
000001bed26b55f9
000001bee6349479
000001bf067700f9
000001bf1c87af19
000001bf60765e79
000001bf6f7784f9
000001bf88466e79
000001bfaa4c29d9
000001bfaa4c4399
000001bfcb238ff9
000001bfccd80e99
000001bfd4c01339
000001bfd4c028b9
000001c0045cea39
000001c0415d3719
000001c04c54f1d9
000001c059b49019
000001c064273339
000001c07bd71139
000001c083bca1d9
000001c08f888659
000001c0925392d9
000001c097e24fd9
000001c09be00459
000001c0a4560879
000001c0a8ff4cd9
000001c0c73af199
000001c10363b639
000001c1095ff579
000001c133cbe099
000001c18ef93b19
000001c1caf8d319
000001c1cc076279
000001c1e0566c59
000001c1f7c24479
000001c21afcbd79
000001c23047e4b9
000001c238b00eb9
000001c245dce779
000001c24c57bd39
000001c26d41b1d9
000001c2797aa7f9
000001c280b8c4f9
000001c2f0d66f19
000001c2ffc10c19
000001c2ffc12099
000001c31856a299
000001c387d12bf9
000001c3afcad7d9
000001c3b5acde79
000001c3cb1bdb59
000001c3e36bb939
000001c3e97ea499
000001c3f12a8db9
000001c3f8576d79
000001c3fb3a6359
000001c408045f99
000001c41433ff99
000001c41cb22459
000001c41f215a59
000001c4358cb5f9
000001c43739f919
000001c44c31e839
000001c4561ca039
000001c45d8fb5b9
000001c47dd837f9
000001c499e90fd9
000001c4cbab5859
000001c51b539099
000001c5284d9559
000001c558d03179
000001c573897199
000001c58a95f9f9
000001c59b94e339
000001c5a12d7f99
000001c5a12d9699
000001c5a5a79c59
000001c5b82d3299
000001c5bf3768f9
000001c5d48de759
000001c5e54ecaf9
000001c5fc9bc419
000001c6031cc679
000001c61141dcb9
000001c62f514619
000001c630f910f9
000001c634cf84d9
000001c642eda2d9
0000038cca7fd161
0000000002232571
0000000000000181
000001c699994099
000001c6fde65c39
000001c722af41b9
000001c7303ab539
000001c7370b0279
000001c7414be5f9
000001c780633839
000001c79457e099
000001c79dd4d619
000001c7b7624179
000001c7fc6efd79
000001c8195b2cd9
000001c82b6d79b9
000001c8475e58b9
000001c85b341f19
000001c876437af9
000001c876438e59
000001c890646159
000001c90cd25059
000001c9636c1cf9
000001c97d93c859
000001c988e28ff9
000001c990b6ed39
000001c99a742c19
000001c99f66d9d9
000001c9a1f5b859
000001c9a3405559
000001c9a91f3039
000001c9b8b54419
000001ca13ceda39
000001ca3a419e39
000001ca46c4af59
000001ca4adaa9f9
000001ca7a9d3039
000001ca82340599
000001ca88f6fe59
000001ca93b3ed59
000001ca95fd97b9
000001caa959cc39
000001cb37634b59
000001cb4056b9f9
000001cb79908839
000001cb9e61b339
000001cba0222d79
000001cbcf3aa119
000001cbfb98e819
000001cc2f4a0519
000001cc7496bf99
000001cc81547919
000001cccddbfed9
000001cce567ae59
000001ccf1e79ab9
000001cd0c5710b9
000001cd14d52b59
000001cd884e8379
000001cd91833199
000001cd9f0939d9
000001cdb76e3659
000001cde822d9f9
000001cdf73c31f9
000001cdf992db99
000001cdfc84d7b9
000001ce02fbb319
000001ce02fbd059
000001ce0541d0b9
000001ce0a6cd3f9
000001ce2db148b9
000001ce5aa12e59
000001ce5e198639
000001ce68576019
000001ce795be8f9
000001ce7d582af9
000001ce94074b99
000001cec5978199
000001cec88daaf9
000001ced519d9d9
000001cee6e722f9
000001cef6570519
000001cf0cd085d9
000001cf0e258b99
000001cf44f6f099
000001cf44f72039
000001cf4bd32eb9
000001cf70c20a19
000001cf91b84679
000001cf95aeeef9
000001cf9f060359
000001cfa7dadaf9
0000039f6aea6e61
0000000002232571
0000000000000181
000001cfc560e5d9
000001cfcb267759
000001d015df8439
000001d047a74d79
000001d050005939
000001d063f97f39
000001d0868e0099
000001d08c60be79
000001d08c60d279
000001d099ac4099
000001d0abf187d9
000001d0b4c3d619
000001d0b5223ad9
000001d0d4cc8ed9
000001d0de001b79
000001d0f3722079
000001d110d00a99
000001d110d00c19
000001d116140399
000001d1512e7eb9
000001d15e724039
000001d1627e4bf9
000001d1684675b9
000001d16846af99
000001d171a9d7f9
000001d189d48779
000001d1a71f21f9
000001d1cad03599
000001d1e17eacb9
000001d1e17eb5b9
000001d1f7aaf179
000001d2370a8939
000001d2491fa4b9
000001d24dea1f79
000001d268b974f9
000001d2794cd119
000001d28d2204b9
000001d2d1b50619
000001d2df714af9
000001d2feec8779
000001d330cd4919
000001d343bfe159
000001d34d83eb39
000001d34d83fcb9
000001d355474a59
000001d3767678d9
000001d37f5ac3b9
000001d37f7b4579
000001d38d35c599
000001d3950bbcd9
000001d3986e3539
000001d398f99179
000001d3a3134ff9
000001d3a5a22d39
000001d3b313a519
000001d3b3c3c619
000001d3c8643d99
000001d3c8643f39
000001d3d24337d9
000001d3dd8e48b9
000001d3e925a9b9
000001d3f2a017d9
000001d466e27219
000001d46fadf6d9
000001d4705c0979
000001d4705c6ff9
000001d476f58b19
000001d48cd9fcf9
000001d4a058d819
000001d4cb85f799
000001d4ea373fd9
000001d4f2709239
000001d4f90549d9
000001d4f90557f9
000001d5075098d9
000001d51b183299
000001d53bb32199
000001d5920dcc39
000001d5c119ce79
000001d5d7104019
000001d5e38efe79
000001d5ebb82d59
000001d5f1d804d9
000001d60766bb59
000001d6495927d9
000001d655e538d9
000001d685ac8c19
000001d694707419
000001d6a3025dd9
000001d6af73f519
000001d6c5a00c59
000001d6fde96b19
000001d701d77639
000001d70913fb19
000001d7157bcc99
000001d735518419
000001d740888df9
000001d7558e2d39
000001d762bef459
000001d769bb2099
000001d775d4a039
000001d77fb24c59
000001d7a2ec2819
000001d7df9b8239
000001d80e8b19d9
000001d81aba82f9
000001d82539c759
000001d8533c5d99
000001d885ded779
000001d8a407f179
000001d8b00280f9
000001d8dabc6db9
000001d8f9b53c99
000003b20b550a61
0000000002232571
0000000000000181
000001d9544ba379
000001d955eb60b9
000001d95b47e199
000001d95b63f959
000001d97d581f19
000001d97dfe1699
000001d97dfe2799
000001d99e0c8d39
000001d9a6172cb9
000001d9b12f2a79
000001d9b12f2bf9
000001d9b262c479
000001d9b8be19f9
000001d9b8be3d79
000001d9c48f4a99
000001d9efb02439
000001d9f2f63819
000001d9fd2dfe79
000001da326de639
000001da35537859
000001da40346579
000001da8bc3a6d9
000001daa6a6e679
000001daaea11b39
000001daaea11f39
000001dac6489299
000001dac7db83f9
000001dad1fa4619
000001daf01daf99
000001db078bd1f9
000001db104bbf99
000001db3068fb59
000001db57b93a19
000001db7d6e4879
000001dba0fdefd9
000001dc04da43d9
000001dc18201059
000001dc51d006b9
000001dc68cdc1b9
000001dc7d5e6759
000001dc7d5e78f9
000001dc993f6639
000001dca0610879
000001dcb436e7b9
000001dcb436fc39
000001dcb43741f9
000001dcb4b0d419
000001dcb64eeb39
000001dcb72c3d39
000001dcdf331cf9
000001dce2198f59
000001dcf1edcab9
000001dcf1eddab9
000001dcf6d50fd9
000001dcfb8773b9
000001dcff02e619
000001dd1b3fdbf9
000001dd22579e59
000001dd57cbbc19
000001dd593606f9
000001dd5f9d1a79
000001dd9f8d1b59
000001ddb59b0779
000001de0145ff99
000001de14aa0739
000001de14aa1b59
000001de15b8c459
000001de23775c59
000001de3f2ddff9
000001de4853ac39
000001de4df14319
000001de7c9382f9
000001de9e852399
000001dea8c7d2f9
000001decfbef879
000001decfbf25d9
000001df093d7039
000001df1d7e5079
000001df2d783a59
000001df3c375f99
000001df79c2fe99
000001df7bfc3ef9
000001dfa5dca979
000001dfac5b0b39
000001dfd03ac979
000001dfed462319
000001dff5e5a579
000001e002d09db9
000001e014978ad9
000001e031331559
000001e06e80a1b9
000001e0772329f9
000001e0820adc39
000001e0831685f9
000001e0f93d6919
000001e100181b19
000001e1068fced9
000001e10e973d79
000001e11f650a99
000001e1228123b9
000001e133656659
000001e140efb279
000001e1449ebc59
000001e1633a4799
000001e1951298d9
000001e1a7d53f59
000001e1d8b08219
000001e1d9fbb639
000001e1f493b9f9
000001e20746b679
000001e209e6b6b9
000001e214c76239
000001e216b91f79
000001e22d40e679
000001e23823d019
000003c4abbfa761
0000000002232571
0000000000000181
000001e25fd4b899
000001e27c93ecf9
000001e2955573b9
000001e2a4346f19
000001e2a4706fb9
000001e2b699e159
000001e2b971dcd9
000001e2d162c519
000001e2fbe78bd9
000001e33b4df4d9
000001e3483dcdb9
000001e34b302039
000001e3607106b9
000001e361685e79
000001e3ac415af9
000001e3b9b3ee99
000001e3c00e0cd9
000001e3df230f19
000001e3df708ad9
000001e3e74d8979
000001e3f8330ad9
000001e40023e359
000001e41eac1f79
000001e43deb24f9
000001e4481f2299
000001e44e55acb9
000001e467c93379
000001e46c36c379
000001e492e4f359
000001e4b557e499
000001e4c6dbc579
000001e4e4ea0c99
000001e4f604db79
000001e4fc8d38f9
000001e50073d8d9
000001e52d2afeb9
000001e52f23ac59
000001e53c51c419
000001e577f01e39
000001e577f034d9
000001e5f6954719
000001e6338edff9
000001e64a7fbd19
000001e66308bd79
000001e67327b159
000001e67ee32b39
000001e689ed7d59
000001e6b42c8459
000001e6c5e769d9
000001e6c8f3a179
000001e6e13d42d9
000001e6e81f3dd9
000001e6eb3365d9
000001e6ef5d7ed9
000001e7033d7919
000001e71c54c8d9
000001e750583839
000001e756836eb9
000001e7624db2f9
000001e770643f39
000001e774025079
000001e77aed9079
000001e782f82e19
000001e789925e19
000001e79275c179
000001e7a239f379
000001e7e37f1db9
000001e7f34a5c59
000001e81ccb9ab9
000001e826336f39
000001e83218a7f9
000001e83684aa59
000001e8432dccd9
000001e868fd7239
000001e86d4c01f9
000001e880e5a439
000001e8902e8c39
000001e8a6016419
000001e8b8fe0ed9
000001e8be70ab79
000001e8cdfb9519
000001e8e106d639
000001e8f7c040f9
000001e933e49439
000001e95ac91039
000001e9717b1a99
000001e972baba99
000001e980ceb379
000001e9880a9fd9
000001e98eb86d59
000001e990f34559
000001e9aef74cb9
000001e9bfc46519
000001e9c1ac7819
000001ea4ed40959
000001ea76bc3c59
000001ea799c9559
000001ea7dc2a7b9
000001ea99c60d19
000001ea9b1e5f79
000001eac0328c79
000001eaec315d79
000001eb140b53b9
000001eb14ce8159
000001eb23f0a439
000001eb30e73359
000001eb54aa8399
000001eb5e7c2d79
000001eb6589ca79
000001eb6b4dd899
000001eb7162a399
000001eb7b23ddf9
000001eb7f5e7f99
000001eb837ef119
000003d74c2a4461
0000000002232571
0000000000000181
000001ebac3ca2b9
000001ebb23c9bb9
000001ebb6d7b859
000001ebccaa5cf9
000001ebd110d7d9
000001ebe6099879
000001ebf34e7859
000001ebf8daef99
000001ec254ac5f9
000001ec3c3bbc79
000001ec582acf59
000001ec60a4bb79
000001ec7163f439
000001ec79112fb9
000001ec9ec15939
000001eca185acd9
000001ecbe53d1d9
000001ecbe53e259
000001ecbe53e659
000001ece92c8619
000001ecedafb799
000001ed08f60c19
000001ed1ed9a899
000001ed2810faf9
000001ed336b2699
000001ed47071df9
000001ed4b04ff19
000001ed7b1292f9
000001ed829207b9
000001ed82921979
000001ed9a837559
000001edc2634bf9
000001edd21a3a59
000001ee0dff78d9
000001ee195744f9
000001ee5961e099
000001ee768d7ff9
000001ee7e14a979
000001ee8d5a5579
000001ee9a79c2b9
000001eec2a8fdf9
000001eec643d9b9
000001eec701ed39
000001eed40fa9d9
000001eee8a8e439
000001eeed5b5af9
000001eef4f2b759
000001ef0d516fd9
000001ef176fcb19
000001ef19636899
000001ef22bc1fd9
000001ef2f788759
000001ef6624ba99
000001ef716be9d9
000001ef7db8fe39
000001efaad7fd79
000001efdbf287b9
000001efedc51519
000001f00de3c059
000001f03fb1e459
000001f043d61239
000001f04945f579
000001f0655f7df9
000001f0677dbd59
000001f0677dcf59
000001f074d65959
000001f0a6117719
000001f0c744f319
000001f0e0574659
000001f0f40477f9
000001f141254199
000001f144300a19
000001f1746ea139
000001f1856c0819
000001f1abeb1ff9
000001f1d93d1559
000001f228599419
000001f23b941459
000001f2826e2e99
000001f2906a7719
000001f2aab5a559
000001f2b8967419
000001f2bcf1fcf9
000001f2d5000199
000001f2ebd72139
000001f32ba8b419
000001f334a81c99
000001f338d596f9
000001f33b62f359
000001f33b6306f9
000001f33b631119
000001f350d56b59
000001f36d6aff39
000001f3a08b22d9
000001f3e4b369d9
000001f4090abdf9
000001f41d3e75d9
000001f41e24d919
000001f4333564d9
000001f435afbe99
000001f435eb4e99
000001f43fcd8a19
000001f44887e2b9
000001f462b1ef39
000001f489ab30f9
000001f4d1137fd9
000003e9ec94e061
0000000002232571
0000000000000181
000001f4f8704a79
000001f5303cd1d9
000001f53b83e439
000001f56f56c539
000001f57124a239
000001f5a7afec19
000001f5afb0ab59
000001f5c707a4d9
000001f5ce614ed9
000001f5feae8cf9
000001f5feaf65f9
000001f5feaf7679
000001f5feaf7799
000001f5feaf8199
000001f618759059
000001f61875fd19
000001f63d956cf9
000001f651106259
000001f65c4d9899
000001f6613a13d9
000001f66299a519
000001f698920239
000001f6ce2e7899
000001f6e4115d39
000001f6e7d59fb9
000001f6e7d5b3b9
000001f6ecc6bd59
000001f6fa305f39
000001f7039b31f9
000001f745d82159
000001f754e02d19
000001f754e034b9
000001f7642a14f9
000001f7642a25b9
000001f77219d1f9
000001f77da47359
000001f793d3e6f9
000001f7b2855ef9
000001f7bdfe6699
000001f7c52f4e79
000001f7d60b6a19
000001f7e3d6f5d9
000001f7e979dd19
000001f7ec8bcd99
000001f7f4625239
000001f80c3d95b9
000001f81e75d119
000001f82895fa39
000001f834996d79
000001f8470d2399
000001f850dc0459
000001f85a2c55b9
000001f874b3de59
000001f8d08188f9
000001f8da0b2a99
000001f8dfd466b9
000001f8ed0136d9
000001f8edd278f9
000001f8f419f859
000001f9082d0b19
000001f9082d1839
000001f90f26c5f9
000001f9174a3b19
000001f928936a39
000001f92c4905f9
000001f951ce0519
000001f97be33cb9
000001f9adedba99
000001f9d9edad39
000001f9dc84a8f9
000001fa0031a9f9
000001fa0a22f7d9
000001fa2a3c6b59
000001fa4a107299
000001fa543cbb39
000001fa543cc879
000001fa626c1839
000001fa7f082099
000001fa99d25299
000001fab7af7bb9
000001faea1147f9
000001faed443099
000001faf5c853d9
000001faf5c8ca59
000001fb1ab71339
000001fb24772559
000001fb25897cd9
000001fb3114e059
000001fb9d3b7299
000001fbb853c859
000001fbba6c03f9
000001fbbb492999
000001fbc31ac1b9
000001fbcaf47839
000001fbcaf48839
000001fbe2998259
000001fc1c4d37f9
000001fc200ce619
000001fc5ee29b39
000001fc623a1779
000001fc6c1412f9
000001fc844cba19
000001fca4e42539
000001fcc13b63d9
000001fcf55d3b59
000001fd007f3ad9
000001fd04765539
000001fd08dee779
000001fd217c89d9
000001fd4e8c89d9
000001fd5cb3c159
000001fd77a70159
000001fd7af1f739
000001fdbdb029d9
000001fdd4ecb199
000001fddefe06f9
000001fde75c04d9
000001fdea4b4af9
000001fe00e228f9
000001fe12a12cd9
000001fe2b3c53f9
000001fe33ffbfb9
000003fc8cff7d61
0000000002232571
0000000000000181
000001fe52b95f19
000001fe56f25959
000001fe66d0bfb9
000001fe678667f9
000001fe7ed8afb9
000001fe9bcf1959
000001fea1fc76f9
000001fea1fc8ab9
000001feb9ffc419
000001feba0008f9
000001febd0a5ab9
000001feec752ed9
000001fefc7419d9
000001ff08cb0919
000001ff0c21ec99
000001ff0d487c59
000001ff1ad79b99
000001ff29e4d459
000001ff33f617b9
000001ff4c7b09d9
000001ff4c7b23d9
000001ff4f249f59
000001ff9bd9f599
000001ffb6c88119
000001ffc80a4219
000001ffcb2bb019
000001ffd5385059
000001ffd6e449d9
000001ffd9acc9f9
000001ffdac7d6f9
000001ffdc782039
000001ffddaca339
000001ffe3574f59
000001ffed1b98f9
000001fff0ba7639
000001fff0baa579
000001fff3b71339
0000020051d0b9d9
000002005f8d33d9
000002006ca1c039
00000200734dcd59
00000200c345e2f9
00000200c8cd0219
00000200efc10fd9
00000200efc126d9
00000200f74509d9
00000201396c68b9
000002013a2cbb99
0000020176142599
00000201b2e05559
00000201b4989ef9
00000201c86961f9
00000201e4142c79
00000201e5633b19
00000202057140f9
000002024ac93c59
00000202741b56b9
0000020293f7cc19
0000020298318f39
00000202ae8b4a99
00000202c0761f59
00000202c9285519
00000202c9793199
00000202c99972f9
00000202d31763d9
00000202d67e7e59
00000202ff61f379
0000020312923bb9
0000020327967db9
000002032ec5abb9
000002036c3062f9
000002036c306519
000002037feb84b9
00000203bae640b9
00000203eebdca39
000002043fcfddb9
000002044a79a219
000002044b3363d9
0000020452eff299
0000020458fd30f9
0000020460a97199
000002049f982cb9
00000204c5bb7639
0000020507d1b419
0000020524449339
000002052444a2f9
0000020526293279
000002054c494a99
000002058b18efb9
000002058edf6999
00000205ad620379
00000205ae40ac59
00000205bd562839
0000020614d857f9
0000020635a47379
0000020687362eb9
000002068b4320b9
000002068b433519
000002068eecc359
00000206a4715dd9
00000206ae1f7919
00000206c229d459
00000206c34aeff9
00000206ccf0bbb9
00000206f6ab77f9
00000207015e2419
000002072febe019
0000020738472819
0000020738f08079
0000020754a1de59
0000020754a1f1b9
0000020754a1fbd9
00000207689a1999
0000020772700439
000002078e403279
0000040f2d6a1a61
0000000002232571
0000000000000181
00000207b07c3a79
00000207b82d44d9
00000207c3601e19
00000207f161d279
00000207f161e039
0000020834f43799
0000020834f44859
000002083ae4db79
00000208448dd8f9
000002087087a5f9
000002087087b759
000002088ad47d99
00000208a54d8ff9
00000208a93c34b9
00000208a943f919
00000208ab2457f9
00000208b24afdf9
00000208b5f1fdb9
00000208bd4ec1b9
00000208c46f13b9
00000208f4df4659
0000020911b51859
000002093c29f8b9
00000209546262b9
00000209aa8ecd39
00000209b18c6b19
00000209b357bdd9
00000209bc0a9b99
00000209c589e139
00000209cb8f8e79
00000209cc57ced9
00000209fc616979
0000020a13ae7159
0000020a6d763719
0000020a8640c539
0000020ad1d0dd79
0000020ada4ab879
0000020b134b6339
0000020b1e8a7e79
0000020b22012719
0000020b3553fb19
0000020b418397f9
0000020b523c4d19
0000020b728c8a79
0000020b9de28639
0000020bb5292979
0000020c04060bb9
0000020c04063419
0000020c273d04d9
0000020c3252b0f9
0000020c43c189f9
0000020c711405b9
0000020cb324e8b9
0000020cc0e0d259
0000020cd031ab79
0000020cd031c559
0000020cd7b25dd9
0000020d06cc4679
0000020d251b5ad9
0000020d309b7c39
0000020d49feb279
0000020d4a809559
0000020d52519819
0000020d5f740b39
0000020d7b221419
0000020d963058d9
0000020dadf8f039
0000020daf76cad9
0000020de612fff9
0000020ded8833f9
0000020df377b1f9
0000020df5d764b9
0000020df84b4d19
0000020e14f6ea99
0000020e1c89fc79
0000020e2c775c79
0000020e45a6c499
0000020e4a470f19
0000020e66072f19
0000020e67c71cf9
0000020e8d44b7d9
0000020eb319ff59
0000020ee22f68b9
0000020ef4e20fd9
0000020f1155b299
0000020f29d098d9
0000020f488efa19
0000020f56297a59
0000020f5629db39
0000020f7f42a519
0000020fb0a291d9
0000020fb395c979
0000020fc21b9499
0000020fce7ac499
0000020fe7f49fb9
000002102a658f19
000002103ea71659
00000210449780f9
0000021045f84bd9
000002105035cc39
000002105092b599
000002105bdd31f9
000002106c465319
0000021079e307d9
00000210a052f6d9
00000210a1b4ae39
00000210a52e0d39
00000210b2efdef9
00000210cf699479
00000210d42e3e99
00000421cdd4b661
0000000002232571
0000000000000181
00000210eaa4c919
0000021115082c99
00000211172d4079
0000021132799e79
00000211440ada39
000002114de54f39
000002117262b499
00000211878ab479
0000021191486199
0000021191548819
000002119d2801d9
00000211e7deb499
00000211e7dec839
000002120a232119
000002121b3afb79
000002124a798df9
000002124dfa44d9
00000212523c4479
00000212a098e879
00000212b3476d59
00000212c566b159
00000212d599fb39
00000212dc839f99
00000212f11f90d9
000002130df60bf9
000002131616dcf9
0000021321875e19
000002133460c9b9
00000213873edcf9
000002139a705279
00000213a3b161f9
00000213bfb773d9
00000213d0328219
00000213f2cc01b9
0000021412df8159
000002141f229099
0000021436efe5f9
0000021474468819
0000021483b2cbd9
00000214b6df70b9
00000214bcec3df9
00000214be72b0f9
00000214c1e12959
000002151c75ed59
00000215211901b9
00000215230fb2f9
0000021535b5d879
000002155e9e09d9
0000021567c8c879
0000021586d42919
00000215c241ee19
00000215c53fd359
00000215cfac9eb9
0000021616631459
0000021638d9b759
000002164e36faf9
0000021651699319
0000021670c8cff9
00000216717bc3b9
000002168d77aaf9
00000216a3c87d19
00000216bb40ccd9
00000216c39f6239
00000216cf220cd9
00000216de5800b9
00000216f00e9439
000002172d4dabb9
000002172dedab39
0000021734d93c39
000002174ad9c439
000002179bbbc919
00000217b7b6c839
00000217c7699099
00000217c7699299
00000217cdb42a39
00000217cf2ab639
00000217f2d75499
00000218204a40d9
0000021823656579
000002183b3b1999
0000021842f31859
0000021842f32f79
0000021875b51ed9
0000021883b62d39
000002189fc524d9
00000218a2d2a779
00000218aebb0ff9
00000218af1d0bf9
00000218cddb8259
00000218e10b6999
00000218e8b538b9
00000218eb06afd9
00000219156d0079
000002192a325939
00000219488f8079
0000021949d1cd79
0000021973d01bf9
000002198811f319
000002198856c9f9
00000219cfbe1559
00000219d44cf939
0000021a238c6539
0000021a2ceea859
000004346e3f5361
0000000002232571
0000000000000181
0000021a6c7e9199
0000021a6c7ea4f9
0000021a818df239
0000021a9d7dd5f9
0000021aa421d719
0000021ac90a1cb9
0000021ae935b539
0000021ae9885619
0000021ae9886c79
0000021afe6662d9
0000021b0a252af9
0000021b27f73db9
0000021b35084e19
0000021b370940d9
0000021b6204c999
0000021b7d1ba779
0000021b8afe44f9
0000021b8afe5719
0000021bb5df4dd9
0000021bf0348eb9
0000021bf47e86d9
0000021c12defd19
0000021c15d5a519
0000021c2fc552d9
0000021c43c3cc99
0000021c43c3d6b9
0000021c637f3039
0000021c6bafebd9
0000021c75cad439
0000021c824c3499
0000021c923bad99
0000021ca27b11d9
0000021ce03d5119
0000021cebc6abb9
0000021cf5e9f299
0000021d1725dab9
0000021d25d6d699
0000021d264dd2d9
0000021d53c75ad9
0000021d57e70699
0000021da37f0879
0000021dd23d1a99
0000021de44311b9
0000021df7892219
0000021e04fd3459
0000021e34ebea99
0000021e58ee0659
0000021e74eb4899
0000021e79c5e239
0000021e9875ddf9
0000021e99aacdf9
0000021ec7d27b59
0000021ec7d28ff9
0000021ecc114db9
0000021edcfc8999
0000021ee2c61e19
0000021f0b7e4499
0000021f116f1859
0000021f2dcd3339
0000021f92a1a439
0000021f9d311b19
0000021fac609999
0000021fc3aa3599
0000021fc706aff9
0000021fc82a8499
0000021fcae23179
0000021fdc706199
0000021fe6f40ad9
000002200d31f219
000002200f5d90d9
00000220133cb499
000002201704f399
00000220170504d9
0000022017050679
000002201a0de5d9
000002202abee1b9
0000022030c276b9
0000022051ebadf9
00000220631a7219
000002209fd780b9
00000220a83369d9
00000220cb4070b9
00000220e3efebf9
00000221222e8639
0000022141dc2759
000002214ba5ef39
000002215006b979
0000022160202139
000002218857d8f9
000002219fa63259
00000221a2510ff9
00000221e6f75fd9
00000221ecd56199
00000221f8a957b9
00000222487ea719
00000222487ea899
000002228d677919
000002229cfcaad9
00000222abe74339
00000222f28edd59
000002230ee48e39
0000022315e1c7d9
00000223468c08d9
0000022376a57b99
000004470ea9f061
0000000002232571
0000000000000181
00000223a8de9dd9
00000223c43a7979
00000223de9876b9
00000223dedda1d9
00000223e8f83419
000002240a059c79
0000022424d95ab9
0000022445074c59
000002246c56f699
0000022490eeb579
0000022490eebf79
00000224ac32fc99
00000224b0431c99
00000224b44d21b9
00000224da4b4c99
00000224f39d2979
00000224f39d85f9
0000022530d630d9
0000022534a3f559
0000022549286af9
00000225620d49d9
0000022570f7a7d9
0000022582556d99
000002259d492cf9
00000225bf686d39
00000225ddc74ff9
00000225e11efeb9
00000225e828a939
00000225f11f6e79
00000225fa617339
000002260b8c1dd9
0000022633b730d9
000002264d61a8d9
000002264e9e1359
0000022657f64a39
000002265e628139
0000022661f39d19
00000226c5602539
00000226c8ad48f9
00000226c9f5d659
00000226f5307539
00000226fe19cc59
00000226fe19db99
00000227166fc599
000002271c162459
000002272c036bd9
000002272cbd5339
00000227647b73d9
0000022777ef4379
000002277d387279
0000022795b3b979
00000227988535d9
00000227a1763439
00000227b499ab79
00000227d9282a99
00000227dae80d39
00000227dd5ad4f9
00000228033bdbd9
000002281ee2c0d9
0000022827e48c39
000002282a58f9f9
0000022832f18a39
000002285097ee59
000002285841abd9
0000022883d8b999
0000022887a5f2f9
0000022897838179
00000228b154c5d9
00000228e5157919
000002292638df99
000002292c9647b9
0000022936851b39
000002297a7e0b99
0000022981f8c519
00000229a6b4fef9
00000229b408bc79
00000229c6043719
00000229c9a80c99
00000229ce38ac19
00000229d02496f9
00000229e0a9e2f9
00000229fcdceaf9
00000229fdb575f9
0000022a21fad899
0000022a536b6939
0000022a7d789039
0000022a980c6fd9
0000022ad1f42519
0000022ad8f12cd9
0000022ad95e12d9
0000022ade3f88b9
0000022adf35bb99
0000022aef030a39
0000022aef031999
0000022b0ea06df9
0000022b25f08c79
0000022b35d45679
0000022b52dc7399
0000022b90559459
0000022bb2fab079
0000022bb2fabe59
0000022bb2fae939
0000022bb41295d9
0000022bbdddd199
0000022bce478539
0000022bda670499
0000022c348d75f9
0000022c38c7c539
0000022c38c7c6d9
0000022c38c7d0d9
0000022c38c7d779
0000022c4c9714b9
0000022c5ff40879
00000459af148c61
0000000002232571
0000000000000181
0000022d21443739
0000022d2e7356b9
0000022d6a2386d9
0000022d84e33ef9
0000022d8617a279
0000022d8c20b459
0000022d8c3438b9
0000022d9c4f71f9
0000022dc2985ab9
0000022de02ecf39
0000022e08194c99
0000022e081966d9
0000022e1767ae19
0000022e20b13ff9
0000022e20b14a19
0000022e358b9339
0000022e49bb8f19
0000022e5f541d99
0000022e7faaddb9
0000022e9afbc5d9
0000022eb055ec79
0000022edf900759
0000022ee8f3b2b9
0000022f5d496239
0000022f82c62bb9
0000022f84f1f2b9
0000022fa9662c79
0000022fb24c4b79
0000022fb9dcff99
0000022fdd533a59
0000022ff6cf73b9
0000023001979c59
0000023004439699
00000230157341b9
0000023015c57cd9
000002301f2afe79
0000023031a260d9
000002304d588a39
0000023092b62cb9
000002309d1be2d9
00000231250d7519
000002312b5becf9
000002316d9930d9
00000231a1cb4319
00000231aecfd2b9
00000231b111b6f9
00000231e4bca999
00000231eb96e459
00000232113e1259
00000232206bfe99
000002323cef8c79
00000232643afe59
00000232659e8279
00000232659e92d9
00000232659e9cf9
00000232976f2639
00000232abcd5019
00000232d3c16079
00000232d8a8d279
00000232dce526f9
00000232e52a1f39
00000232f5bedef9
00000232fb3cb9f9
0000023338e9de59
000002334cd4f919
00000233555bd939
00000233556f2cb9
0000023363869d39
00000233661d4459
00000233698a72b9
00000233928547d9
00000233c9a20a39
000002341e189cf9
00000234287d98f9
000002342b0d3e39
000002343a4a45b9
0000023441eb9679
0000023455d2bf99
0000023464024d99
0000023494fbb1b9
00000234cd2c4739
00000234d8c66e19
00000234f95f6a39
000002350231cf99
000002350efdb7b9
000002353b121179
000002359ca58159
00000235d5f575f9
00000236048756d9
0000046c4f7f2961
0000000002232571
0000000000000181
000002362c473ef9
000002362e8085d9
000002364d3c70d9
000002364e8d6d19
0000023656086419
000002365aea1af9
00000236930afe79
00000236983ae559
00000236a42b16b9
00000236b71e68d9
00000236be3207d9
00000236f6917079
00000237108ed419
000002372c280899
000002372c280a79
000002372c280bb9
0000023736f6dd79
0000023738d18499
000002373db37219
0000023742e43219
0000023742e44239
00000237493f6499
000002374ec03459
00000237572c2979
00000237655319f9
000002376a6eab99
000002376a6eb439
0000023780789b99
00000237827fc119
00000237886d7a79
00000237886d8799
00000237919134f9
00000237a3503299
00000237aaaf6299
00000237e1187fd9
00000238041c30f9
000002381e426659
0000023828d191d9
0000023828d1a019
0000023867a36f79
0000023867b17f79
00000238e52a1e59
00000238ea6fbff9
00000238ec9feff9
000002391f2b6299
0000023921041359
00000239249530b9
0000023940b87bd9
000002396b6ed579
0000023972568cd9
0000023987a7d979
0000023989d5e3d9
0000023990068f59
000002399b39f259
00000239b0ea4cb9
00000239b82463d9
00000239cb44ad19
00000239ef66adf9
0000023a026fe559
0000023a41703eb9
0000023a51f8e719
0000023aa8841739
0000023aaae40659
0000023ac5a3a799
0000023ac995d479
0000023ad1d48d59
0000023ade27b1f9
0000023ae6fd6359
0000023af0fc5319
0000023afb048a99
0000023b27338dd9
0000023b3ea3cbb9
0000023b41df6499
0000023b559f6879
0000023b57037199
0000023b5c938059
0000023b7c32f359
0000023b8e3977d9
0000023b8fa49e79
0000023b8fa4abd9
0000023bd4c24939
0000023c2f4a3079
0000023c55b77419
0000023c7caf45b9
0000023c83cb2ed9
0000023ca5f8bed9
0000023cbc0ba479
0000023cdf7fa7d9
0000023ce049d919
0000023d01953419
0000023d25b4b4d9
0000023d45aca0d9
0000023d731e9f59
0000023d76edb9b9
0000023d8efe26f9
0000023d93966f39
0000023da1d6b0b9
0000023db37df659
0000023db9604dd9
0000023dbfb69159
0000023dc5e59f99
0000023dca584779
0000023dd0af7dd9
0000023dfb4e9d79
0000023dfdc4e139
0000023e13f4f239
0000023e1f0f3639
0000023e2823dad9
0000023e305fb659
0000023e5ed46459
0000023e79b38b99
0000023e94b47939
0000023eab62a759
0000023ed0e001b9
0000023edc03cd19
0000023ee94b2159
0000023f074165b9
0000023f109f91d9
0000023f3f0835f9
0000023f4508caf9
0000023f6ce019d9
0000023f70e36ed9
0000047eefe9c561
0000000002232571
0000000000000181
0000023fa329eef9
0000023fb28ad639
0000023fc0558bf9
0000023fc32fcc99
0000023fc32fd619
0000023ff764baf9
0000023ff764cb79
00000240768607f9
00000240a0919199
00000240c40fa199
00000240d136ea99
00000240dbe72c79
000002415116a5b9
000002415a7fd4d9
000002415a95d619
000002416e394159
0000024178786879
000002418144a3d9
00000241987751b9
00000241aab380b9
00000241dfde2179
00000241dfde2339
00000241f2b3cb39
0000024207e068f9
0000024216916679
000002421c999e79
000002421e29f599
000002421e2a0c59
000002423a816b39
000002423eb1a359
000002425a505879
00000242628b6819
0000024262905259
00000242b12b3f79
00000242f5025939
00000243060a2eb9
000002433217e159
000002435814aeb9
000002436bf0bcf9
000002437699b519
00000243830f3b19
00000243a72beed9
00000243aff72459
00000243db417699
00000243dbf5e399
00000244034aa8d9
0000024409c17a59
000002440c4853f9
000002441637b659
00000244185d9999
000002441f6d99d9
0000024427e06679
0000024451e34079
000002449be49b19
00000244a2b3fc39
00000244b0e731f9
00000244cc631bd9
00000244eb4dd539
00000244fb482a99
00000244fda8cbf9
0000024537268d19
0000024560056cd9
000002456737d719
0000024579dd6239
000002459d1980b9
00000245a7e33c79
00000245b54e1199
00000245c0139f99
00000245f1b21e99
00000245f1b22bf9
00000245f68b0eb9
00000245f68eab79
000002460cf1c4d9
000002462dcac219
000002464ec2a759
000002467361c839
000002468ba2ec39
0000024696b66e19
00000246ba64a519
00000246f973d819
000002473fae8659
000002474aae10d9
00000247685264f9
00000247722e8639
000002478f249239
000002479a2b35d9
000002479a2b4879
00000247c58de999
00000247e91e23d9
00000248061127b9
0000024853e6e8b9
0000024856424b19
000002486f594f39
000002487d9f32f9
000002487d9f4319
000002487fbfcaf9
0000024886b167d9
0000024887e35399
00000248a32845d9
00000248b5e64d59
00000248b5e67419
00000248c4b80f19
0000049190546261
0000000002232571
0000000000000181
00000248d07c0539
000002490c663519
000002496509e199
000002497cef0919
00000249af52c5b9
00000249c02af039
00000249d46bf859
0000024a0f737d99
0000024a26ce7d19
0000024a51b5b0d9
0000024a70519a39
0000024a76dd1cf9
0000024a77e35f59
0000024a8ab498d9
0000024a8ab4a7f9
0000024aab175f99
0000024abf05f139
0000024ad11dd779
0000024ad5345c39
0000024ad5345dd9
0000024ad5347179
0000024b02dd63b9
0000024b0e81f999
0000024b5a0afa79
0000024b6979ef19
0000024b697a0a39
0000024c1e24dd59
0000024c3eabf099
0000024c543e6d79
0000024c896221b9
0000024c95ea2999
0000024c95ea73f9
0000024c989557b9
0000024c9b499619
0000024cd9e33859
0000024cd9e35a59
0000024d0b668299
0000024d108dff19
0000024d31a84a59
0000024d4f77b8d9
0000024d5422f019
0000024d7be69e79
0000024d7fbee7d9
0000024da10f1999
0000024da9ee3919
0000024dcbeab6f9
0000024dcbf88b99
0000024dcc637979
0000024ddfe67bd9
0000024dfcf156f9
0000024e2be65d19
0000024e3c320ef9
0000024e3eea8299
0000024e5c906bd9
0000024e61f423d9
0000024e6dc51899
0000024ecef52bf9
0000024ee1a1a1d9
0000024ee1f04fd9
0000024efe18ce19
0000024f23e5ced9
0000024f3db7e3d9
0000024f7ea69f39
0000024f8368fab9
0000024fbf5a93b9
0000024fdcf6e979
0000024feb191c79
0000024fed47dc79
0000024fed47ef59
0000024ff3130819
0000025006b42b79
0000025015363b19
0000025017d2c019
000002502258ff79
000002502683b199
0000025030df48d9
000002504f3b2c79
00000250596eceb9
000002506e0a4759
000002508a4f6ed9
000002508e85fc99
00000250915255d9
00000250aa872159
00000250ad275499
00000250ee2b6119
000002510dc28799
000002512ea1dff9
000002513aa91959
0000025153903459
0000025190579f99
0000025190740db9
0000025199deedf9
00000251a6bad6b9
00000251a6bb1259
00000251cd34a1d9
00000251de70bc79
0000025206744699
00000252087e5059
000004a430beff61
0000000002232571
0000000000000181
0000025276a572f9
0000025288182a19
0000025288183e59
0000025288184859
00000252b2f14cb9
00000252b629b399
0000025317d25b99
00000253748b5739
00000253748b6ab9
000002539bd7e079
00000253cd9954b9
00000254068d7b79
0000025411ca3479
00000254250d0639
00000254250d0f19
00000254250d18f9
0000025430e1c759
000002546ecd2f39
0000025483570979
00000254bd999939
00000254c7f4a839
00000254e229c339
00000254f0163359
000002553af220f9
0000025578f07d79
0000025590d36599
00000255ab495ad9
00000255acdf1d79
00000255c2bd8c99
00000255d03f5079
00000255ef3969b9
000002561ee18639
0000025648222099
00000256613afc79
000002566c7baf19
0000025672b80119
00000256767c4299
00000256a9fce4f9
00000256e0439af9
00000256e4ebad99
00000256e7168099
00000256fd301559
000002572bb31eb9
0000025758f6db79
0000025782bc8df9
000002579c7db7b9
00000257accab739
00000257c3ddcdd9
00000257d6be8cd9
00000257ddbea059
00000257e3d49339
00000257ed2a51f9
000002582d11ce39
00000258410c4d39
0000025844431e39
000002584fabe379
000002586bac4b59
00000258902aed19
000002589aeecc39
00000258a64526d9
00000258be4972d9
00000258e3846019
00000258f318e2b9
00000258f3197ff9
00000258fa6e54d9
0000025904ec6c39
0000025908cb7c99
0000025915e341d9
0000025915e35739
000002594a80bfd9
000002594a80e479
00000259821fc859
00000259a3c206f9
00000259cc495f99
00000259f55964d9
0000025a22068ff9
0000025a43200339
0000025a4e623959
0000025a4eff8059
0000025a61fd4d19
0000025a69127619
0000025a8f264f59
0000025acc791b39
0000025adc86bcd9
0000025adde85799
0000025aeab27619
0000025afd7e7a19
000004b6d1299c61
0000000002232571
0000000000000181
0000025b6bea3219
0000025b99b05959
0000025bc0f1ef99
0000025beb566459
0000025c068c0d79
0000025c25c22459
0000025c25c237d9
0000025c2d22de59
0000025c46b86a99
0000025c8a8d4079
0000025ca1168f59
0000025cb6263659
0000025cbde23e39
0000025cc913df79
0000025cd4bf7719
0000025ceea18899
0000025ceea1a979
0000025d08c6ba19
0000025d0d64e819
0000025d28a65cb9
0000025d2d869cb9
0000025d499518f9
0000025d6d75cb19
0000025da2381bf9
0000025dad6700b9
0000025dad670279
0000025dfb661e79
0000025e01e73239
0000025e02f4ee99
0000025e15b79659
0000025e4db2ac99
0000025e61845179
0000025e7043ea99
0000025e93ec4579
0000025e9a641919
0000025ea6ce5019
0000025ec5f6b1d9
0000025ec6f80699
0000025ed2111519
0000025ed65d2799
0000025ed957d139
0000025f2896a599
0000025f2999b099
0000025f39d6ad79
0000025f586618b9
0000025f94bce2b9
0000025f966779b9
0000025fbe779f99
0000025fdf12d179
0000025fe722f619
0000026017ffc419
00000260185384b9
000002602dcec0f9
00000260642257b9
0000026070ada999
0000026075da5af9
000002608a2eb779
000002609f746a99
00000260bc19e3d9
00000260ca749599
00000260ec572fd9
00000261095839b9
0000026109a42159
000002610bfe8219
000002611e2e0579
0000026123cb9b99
000002612b62c5d9
000002614467f199
0000026149cf0cf9
000002614e073479
00000261583edcf9
0000026195aa6559
00000261daa0b8f9
00000262553dffb9
0000026258984219
000002625dc4f4b9
00000262835375d9
0000026287435bb9
000002628d6de1f9
0000026298ce0d99
00000262990dcc79
00000262bfd715d9
00000262cd6a29d9
00000262d84ae3b9
00000262e760e059
0000026308336e79
000002631886a4f9
000002634237fd79
00000263423819d9
000002635694e8f9
0000026364b0fb59
00000263655e6539
00000263e508ee19
0000026427794059
0000026461bfd599
000002647af084d9
00000264a45f5c59
000004c971943861
0000000002232571
0000000000000181
00000264c184f2d9
00000264c5a70679
00000264c5a70839
00000264df7caa39
00000264f167adf9
0000026514901519
0000026519842659
000002651a398a79
000002651a399e79
0000026520a70bd9
0000026526b09df9
000002654afa2299
000002654d6186d9
000002654f583a39
000002659d53efb9
00000265a39c9859
00000265af2969b9
00000265c43404b9
00000265c96dc9b9
00000265e058bc19
00000265e1d66f59
00000265ef59ecf9
00000265f5858179
00000265fbc61e39
000002663ef779d9
0000026671913e99
00000266b2ef3319
00000266b5d2a7f9
00000266b7ce1279
00000266f98abab9
00000267258f56f9
000002679384d459
00000267a7a4dc99
00000267b3467439
00000267b5216299
00000267e93c4859
000002680c4c7359
000002683a0d9fb9
000002687d06e519
000002688e5d9659
00000268a4efb4b9
00000268daee9459
00000268dddc42f9
00000268f155d599
000002694843d759
000002696a465679
00000269965746f9
000002699c5dd499
00000269c26cef39
00000269c9cb6399
0000026a1be64259
0000026a2d08f139
0000026a555babd9
0000026a634579b9
0000026a692fef59
0000026a78d861b9
0000026a8c7d1e99
0000026a99a733b9
0000026aa0c0bb19
0000026aa129b679
0000026aa353e0b9
0000026aa9fcfbd9
0000026ab7a12799
0000026ababb2799
0000026ac21d45b9
0000026ac4ddc579
0000026b29846859
0000026b30ed3f39
0000026b3329d879
0000026b380143d9
0000026b49bcc539
0000026b50997a39
0000026b7dd8f3d9
0000026b7e2e2379
0000026b971a9119
0000026b9dffcc39
0000026bdb083479
0000026bec65eab9
0000026c4d7eba79
0000026c6b5691f9
0000026c707904d9
0000026c7ab920f9
0000026c847b1799
0000026c8fada0d9
0000026ce1686179
0000026ce5ac7b19
0000026cf7e2d779
0000026cf7f705d9
0000026cf7f70779
0000026d083a3899
0000026d1d2d3159
0000026d498620f9
0000026d4a4de339
0000026d4a4df759
0000026d5386bf39
0000026d58ce5a59
0000026d8df6e959
0000026daf087f79
0000026ddf2a99d9
0000026de42548b9
0000026dff13b9f9
000004dc11fed561
0000000002232571
0000000000000181
0000026e1717f939
0000026e2001bdb9
0000026e84166399
0000026e89327279
0000026ea07addf9
0000026eb40fbb59
0000026ecb6618f9
0000026ed1585cd9
0000026efb84e239
0000026efb8500f9
0000026efb850af9
0000026f01d80999
0000026f17bf68d9
0000026f17bfaf59
0000026f29fd66b9
0000026f6698ddd9
0000026f71dbde39
0000026f7323b4d9
0000026f920a1d79
0000026f951609f9
0000026fd3b6ac59
0000026ffccb70b9
000002702f0781f9
0000027037277c19
00000270460c6199
000002704e8f4579
000002705561c399
00000270638e5ef9
000002707637dff9
000002707eee5cf9
00000270f7e96c79
0000027104d0fc79
000002711a0d8419
0000027134924e59
00000271361ba0b9
0000027148269479
00000271554718b9
000002715ed79a79
000002715ed7ac79
000002716fa9cef9
00000271704d3299
0000027170c48a59
00000271784e3019
0000027184bf0119
00000271b1c695d9
00000271fdab77f9
0000027210e63af9
0000027230474eb9
0000027236eb6279
000002724ef75bf9
000002726e2c97f9
00000272a3a36df9
00000272c522fdb9
00000272cf4e2219
00000272de6bf739
00000272e6be73d9
000002731d4c2b99
00000273559d7df9
0000027376b73ef9
000002737a6606d9
000002737dc388f9
000002737f1ec419
000002737fc41c39
0000027382bb2ef9
0000027382bb40f9
00000273f031f2b9
00000273f6b8ced9
00000273f6b8e399
00000274051c6579
000002741bfef439
0000027427ea1a59
0000027474c63bb9
0000027474c650d9
00000274e0ccdbd9
00000274fea09d19
00000274fea0a739
000002751ff74419
00000275214f6719
000002752ec4f659
000002752efc8399
000002755206d639
000002755d0e5199
000002756dbb03d9
0000027582c31699
0000027582c31e79
000002758560a219
00000275a6674db9
00000275af804159
00000275bb4b26d9
00000275e9ae4d19
00000275ec795559
00000275ee3afb99
0000027601fb8799
00000276246f6859
0000027647fde619
00000276688cedd9
00000276acde8b99
00000276be9d9399
00000276c54b6779
00000276c70d5e39
00000276d5cc3959
00000276e43769f9
00000276e4377f79
00000276e84c44f9
00000276f92c8819
0000027721351399
00000277297636f9
000002772cf60c59
00000277308e6cd9
000002774e579119
000004eeb2697261
0000000002232571
0000000000000181
0000027793aa1199
00000277b7b8d5f9
00000277b8491499
00000277dc77bf79
00000277eea9a259
00000277f935d619
000002781d916e99
000002782a844799
00000278317d8739
0000027835840f59
0000027857b24b99
0000027859e07ad9
0000027871774a99
000002789d37e8b9
00000278c7111df9
00000278ee4fbd99
0000027912500bf9
00000279186545b9
0000027919d09b99
0000027925c81399
000002792f8d8919
0000027951fa0339
0000027964369f39
00000279657f5b99
0000027979a5e999
00000279b1f529b9
00000279bc2ef559
00000279d2871e19
00000279ec515ed9
00000279ff820419
0000027a1883b339
0000027a1883c7d9
0000027a1f4511f9
0000027a25911c39
0000027a53d90459
0000027a54551559
0000027a5589e1d9
0000027a63788bf9
0000027a66d0deb9
0000027a67065639
0000027a6af24659
0000027a9c7afc39
0000027ab484fd59
0000027af6f157b9
0000027b201a8539
0000027b319c2719
0000027b353a5659
0000027b353a5f99
0000027b5a0b5f19
0000027b7caa8179
0000027b7e27fdd9
0000027b9150cb79
0000027ba1c0cd59
0000027bb1965639
0000027bd594d5f9
0000027bff43f8f9
0000027bff43fc59
0000027c0032a179
0000027c1200ac19
0000027c13c016b9
0000027c30965fb9
0000027c38362579
0000027c3899cad9
0000027c4dfec0b9
0000027c70b90359
0000027ccf023359
0000027cd478b679
0000027ce030c159
0000027ce75e2ef9
0000027d1f3274d9
0000027d221fb5b9
0000027d35d2f6b9
0000027d52b85979
0000027d6df80139
0000027d723a1e19
0000027d78c6ca59
0000027d79f79979
0000027d7b9c3d59
0000027d8c866cd9
0000027db238c899
0000027de65bddb9
0000027df9cd1ef9
0000027e06e7ca79
0000027e3c240119
0000027e3c241519
0000027e3fbe9299
0000027e8fd1e179
0000027ea28b0f39
0000027eae35f9f9
0000027ec56c26f9
0000027ec68fc2d9
0000027ee78fd979
0000027f286898f9
0000027f42e61319
0000027f8b2b69b9
0000027f9e0d5479
0000027faad2d0b9
0000027fae4d41d9
0000027fccdf0f19
0000027fdf03dd39
0000027fdffa3619
0000027ff389bad9
0000028006786899
00000280069d95f9
000002806c9f7ad9
0000028074452619
0000028074453159
000002808d684739
000002809ac1b119
000002809eb41119
0000050152d40f61
0000000002232571
0000000000000181
00000280ba75ea59
00000280d10dfff9
00000280d7f707f9
00000280d84278b9
00000280e43241f9
00000280e8e3c299
000002811a75cf59
000002812698bff9
0000028143c746b9
0000028150891cb9
00000281a0168019
00000281ca111cb9
00000281cd747c59
00000281f8062279
00000282001be519
00000282346dc4d9
000002823ca29eb9
000002826214d019
00000282674372d9
000002828ac63b99
000002828e34c159
00000282c52df9b9
00000282e42a0439
00000282ed7f8739
00000282f29164f9
00000282f894b7f9
00000283072f0ad9
000002832164c3d9
000002837528aaf9
000002838c12faf9
000002839412da59
00000283c4ccda59
00000283d98aa519
00000283f5821619
00000283f8a77079
00000283fd37e5b9
0000028402024c99
0000028402026e19
0000028403e4a019
00000284040ca299
000002841c31c3b9
0000028433e4f3f9
00000284470180f9
00000284783ef599
000002848309eb59
00000284e636ef59
00000284fe6708f9
00000285489427d9
000002855a295ab9
0000028571276179
0000028576d3c739
00000285a225be99
00000285a225d4d9
00000285be988fd9
00000285fbfc8939
0000028619814499
0000028637bb0f19
00000286682095d9
000002866acd8999
000002867967a779
00000286962d3a99
00000286cbfeefb9
00000286d897a699
00000286e6bd4bd9
00000286f596a0d9
00000287639a5779
0000028765744579
0000028774c270b9
000002877f6752d9
00000287a2b9f459
00000287d7a6f039
00000287e87b17f9
00000287f70db7b9
00000288674a3699
000002887a4495d9
000002888a3f75d9
00000288a4f79279
00000288a701bf99
00000288b639a239
00000289167de999
000002893bf50ef9
00000289467819f9
000002897bfce599
000002897d60b219
000002898b806119
00000289aca10859
00000289b5d90a59
00000289bae839b9
00000289bb9c8a39
00000289c143d8f9
00000289eb630139
00000289eb631079
00000289eb631a99
00000289f3a00459
00000289f5f5d419
00000513f33eab61
0000000002232571
0000000000000181
00000289fbc8eaf9
0000028a2e8bd1f9
0000028a7f20abb9
0000028a954cb659
0000028ab15decb9
0000028ac31f57d9
0000028ae602dcb9
0000028aecf2b479
0000028af44d4099
0000028af44d4999
0000028b1f05afd9
0000028b3bbdf239
0000028b528788b9
0000028b528792f9
0000028b79102af9
0000028b7ea6a239
0000028b95239099
0000028bbf900459
0000028bc019a439
0000028bc1aa7799
0000028c2b602019
0000028c2b607899
0000028c365e5319
0000028c4adbf0d9
0000028c4cb74ab9
0000028c529e4859
0000028c58760ff9
0000028c5b7e1399
0000028c5b7e2179
0000028c6e6b6af9
0000028c79157419
0000028c82816fd9
0000028cadda4719
0000028cb98354f9
0000028cdcacdfb9
0000028cdce0cf19
0000028cfae2c9b9
0000028d0a50a2f9
0000028d0cc24499
0000028d107b3719
0000028d1c496db9
0000028d2b5bc859
0000028d3b205959
0000028da6873c39
0000028da68744d9
0000028dafcaf299
0000028db79b07f9
0000028de1d095f9
0000028e031fe699
0000028e1d00c4f9
0000028e31526559
0000028e66bb3cf9
0000028e673589f9
0000028e76fbeff9
0000028e99aeaa99
0000028eacb294f9
0000028eafdd30b9
0000028ed6b2b959
0000028eeed332b9
0000028ef52ebb79
0000028f2ae16359
0000028f52b5ab19
0000028f7c35bfb9
0000028f9dd56fd9
0000028f9ef80399
0000028fa3b90dd9
0000028fb77f9ad9
0000028feae9c199
0000028ff3858ed9
000002901e26a139
0000029049767c99
0000029049769079
000002904aaaa779
0000029053dcf299
000002906ef865d9
00000290784869d9
000002907a1bc2b9
00000290cada7cb9
00000290ee6eef39
00000290fd362079
00000290fd363bb9
000002911e2059b9
0000029185e7ceb9
00000291d301d7f9
00000291e84cf899
00000291f98e1c59
00000291fc86bb19
00000291fc86ce99
00000291fc86d739
00000291fc86d899
00000291fc86e219
000002920007fb79
000002920118c7f9
00000292188bcb79
0000029222d65079
00000292452c2639
0000029253b82939
000002927297bdf9
0000029280bb49d9
0000029296ab70f9
00000292a190dbd9
00000292a2fb6579
00000292aff76499
00000292b6eeb4f9
00000292be9f1519
00000292be9f2df9
00000292f6589979
00000293003b7779
0000029302a597d9
0000029313a37c59
0000029321bf8d39
0000052693a94861
0000000002232571
0000000000000181
0000029356e341f9
000002935dee1479
000002935f966dd9
000002939e2ddfb9
00000293b1e6f3d9
00000293c16dfd19
00000293f3dab039
000002942f046499
000002944c55d5b9
000002944f910039
000002944f910199
0000029458426439
00000294658ee659
0000029467ce31f9
00000294a945c959
00000294b8204339
00000294c03447d9
00000294c92a91b9
00000294d4cae879
00000294e9282479
00000294f9e8b3d9
00000295289b9339
000002952b3fecd9
000002952e254879
00000295323640f9
000002953b5ef559
00000295663561f9
000002958056ef79
000002958501c2b9
00000295853a7fb9
00000295997217b9
00000295b8319599
00000295bdbfd3f9
00000295d5b784d9
00000295f2687559
00000296008b7c19
000002960111a639
0000029609edfc59
00000296183365f9
0000029625446af9
000002966c6adc39
000002966c6af0b9
0000029686763ad9
00000296be4e2b39
00000296fc0b0cd9
0000029703b32399
00000297050b54d9
00000297116510f9
000002974a4fdc19
0000029756dd2739
00000297742b87f9
0000029799984679
00000297b2773b39
00000297c07e19f9
00000297c07e2d99
00000297cf2177f9
000002980f280c19
0000029826129479
000002982abdc9f9
000002983c65d799
000002984aeed199
000002984fa6dd39
0000029857fcfa39
000002986d177819
000002986d9f8a19
0000029877e2b2b9
00000298938af019
00000298999b5e79
00000298c6651719
00000298d9d71d99
00000298e97d4019
00000298ed966159
00000299085de8f9
000002990da5f219
0000029917d9e679
000002994b12ed19
000002994b132739
00000299757b0c79
000002997fa8d059
000002997fa8e439
000002998d0d7c99
00000299a4ae64f9
00000299a8e65b59
00000299c71a52d9
00000299f166ec19
0000029a04b3eb59
0000029a227897d9
0000029a5001cbf9
0000029a8b3bd099
0000029a915d40d9
0000029aa1d7c7b9
0000029aba30ed39
0000029acf183dd9
0000029b186ac279
0000029b2812d159
0000029b29806d39
0000029b39a1f459
0000029b517b78b9
0000029b58c9f2f9
0000029b75c63719
0000029b7fd46b59
0000029b9bc8f8b9
0000029b9bc902d9
0000029b9bc90479
0000029ba876c199
0000029bbe978e99
0000029beab29cb9
0000029beac1ad59
0000029bf92f7bd9
0000029c2049e499
0000029c2f055c19
0000029c48978779
0000029c620c24f9
0000029c63a0f599
0000029c649bd139
0000029c7fd32d99
0000029c7fd33679
0000029c7fd33cb9
0000029c87a44459
0000029c8a33a5b9
000005393413e561
0000000002232571
0000000000000181
0000029ca90b97f9
0000029cc6297f79
0000029cd02352b9
0000029ce34f1959
0000029ce3512939
0000029ce3b64759
0000029cecdfe039
0000029cf02e2f79
0000029d1ee07d99
0000029d24a08259
0000029d24a09999
0000029d413c0399
0000029d7ee1f3d9
0000029d8ca81a59
0000029da4a45b99
0000029db1a1c4b9
0000029db3adbcb9
0000029dd0c8d579
0000029ddd1f4199
0000029de2f3a339
0000029def57a779
0000029e00af5399
0000029e0fd11f99
0000029e31c5ad99
0000029e83b5f859
0000029e99d75a19
0000029ed4626899
0000029f08a91699
0000029f16262659
0000029f7da3b559
0000029f83b374d9
0000029f9afd3619
0000029f9afd4019
0000029fb82c9379
0000029fbbb48279
0000029fd4132f79
0000029fe7474739
0000029ff1d777b9
000002a0bbb96459
000002a0f2d3b339
000002a10a9fbe19
000002a12ef2fd79
000002a13ce391f9
000002a151671df9
000002a1704a8159
000002a173b8af59
000002a17815b399
000002a17ccb0519
000002a191d56d99
000002a1b069db99
000002a1b165d939
000002a1c2563b19
000002a1f435fb79
000002a1fda84ad9
000002a20013dbd9
000002a21941df79
000002a21e4dc3d9
000002a223377c99
000002a2418a18b9
000002a26e3bb1f9
000002a27202e579
000002a28ad20b39
000002a291b5df39
000002a2b367f7d9
000002a2c90f6579
000002a2f280d7d9
000002a2ffd3cf19
000002a32bdf9f19
000002a35e9ed259
000002a384b416d9
000002a38c04da59
000002a3983ba4b9
000002a398c447b9
000002a3a2e98139
000002a3b0c99079
000002a3bd405919
000002a3dff77df9
000002a3e5819df9
000002a44052afb9
000002a483651e99
000002a4935e9699
000002a4935eded9
000002a4a8609179
000002a4b10d9a39
000002a4cd1556f9
000002a4eeeda7d9
000002a50667c6d9
000002a506865759
000002a51fce44d9
000002a52219cc59
000002a567e2e039
000002a56ce00b39
000002a5b8ad7779
000002a5c1c83279
000002a5ce4ee259
000002a5dc0cda79
0000054bd47e8261
0000000002232571
0000000000000181
000002a5ed9ee559
000002a5fc379399
000002a617872fd9
000002a6284c27f9
000002a63357c039
000002a63dd7ac19
000002a648ee8d19
000002a655d58819
000002a68971e559
000002a697e9fe79
000002a6b25f6c19
000002a6b25f7eb9
000002a6b852b679
000002a6d14d2019
000002a6d4af2819
000002a707caa919
000002a70c4e99f9
000002a7731d06d9
000002a77518eef9
000002a795ecdd19
000002a7971174f9
000002a79bceef99
000002a7b30347b9
000002a7bd2acfd9
000002a7e8ed8319
000002a7ed3bd2f9
000002a8004cd2d9
000002a80f503579
000002a8514c2179
000002a8710a4959
000002a8782a8c59
000002a883a4f8f9
000002a8a3c9fdf9
000002a8aaca6e99
000002a8e986d1f9
000002a8f8496d99
000002a92e9052b9
000002a93003a879
000002a93003aa79
000002a96f508c19
000002a9b061ead9
000002a9b061f779
000002a9cbae6839
000002a9d524c479
000002a9e98e56f9
000002a9eac33e19
000002aa02668719
000002aa192ff139
000002aa2e8c3cb9
000002aa34330f99
000002aa3eb472f9
000002aa403837b9
000002aa6be7e099
000002aa6d3e0d19
000002aa954972b9
000002aa9c5900b9
000002aaa6e19f19
000002aaaf9b1bf9
000002aad10df7f9
000002aad4f11cb9
000002ab00f13f59
000002ab0179ea99
000002ab320bbf79
000002ab55485dd9
000002ab55486619
000002ab979242b9
000002ab9a3e5f39
000002ab9de058d9
000002aba1533a59
000002aba8693a39
000002abba173e99
000002abbcfaaf39
000002abbd8a86f9
000002abbd8aab59
000002abf9b89919
000002abfbb9d5b9
000002ac290768f9
000002ac29077139
000002ac29077319
000002ac4c8aa339
000002ac4e232bd9
000002ac5e4ff079
000002ac6b2f19f9
000002ac714b5c39
000002ac714b5dd9
000002ac79e1ee39
000002ac8bf6d3b9
000002accdee8b79
000002acd44cf339
000002ad0764a999
000002ad57fb4ff9
000002ad8c65b159
000002ad9e1c2b99
000002adac2c2ed9
000002adc2438a39
000002add2265db9
000002ae32d350f9
000002ae87ee6579
000002aeb1d71fd9
000002aefb4fea39
000002af0f8ae2f9
000002af22d463b9
000002af23a41819
0000055e74e91e61
0000000002232571
0000000000000181
000002af44375b79
000002af5e6d3879
000002af7f097859
000002af8129c079
000002afb3a659b9
000002afba471bd9
000002afc19a5459
000002afee7df579
000002aff3c81819
000002aff8573479
000002b02c4bc6f9
000002b04747ee99
000002b0488811d9
000002b0558e0179
000002b05938c2b9
000002b08d7840b9
000002b098413f39
000002b09d2945f9
000002b0a8295d59
000002b0adf46cb9
000002b0cc9080d9
000002b0d6bec579
000002b0dc6cb879
000002b0efb43159
000002b0f3c8e839
000002b106eae2f9
000002b1080fd3d9
000002b114db4299
000002b123ba4419
000002b123ba4df9
000002b13dac2599
000002b13dac39b9
000002b16208edf9
000002b167f052b9
000002b189ce4a39
000002b1a3af7879
000002b1ac924159
000002b1d8b66579
000002b1fe6e9a79
000002b21743a379
000002b2215359d9
000002b2438e3a99
000002b25f77d8b9
000002b291537239
000002b2fa3c6d39
000002b3296913f9
000002b36cb4e7d9
000002b393c86939
000002b39cb85759
000002b3cd8209b9
000002b41787f1f9
000002b432117a39
000002b43b8bdfd9
000002b4515adff9
000002b46dac8e19
000002b46daca259
000002b4829e1ef9
000002b49a290539
000002b4b874b599
000002b4c292f779
000002b4c491a819
000002b4d138af59
000002b4ff9c4ff9
000002b52c01e019
000002b52d205c39
000002b53d2a3bd9
000002b557e25199
000002b574a04559
000002b5783813d9
000002b59c72dcd9
000002b5de353fb9
000002b5de3548b9
000002b5e6288cd9
000002b5fb046c59
000002b6099acc19
000002b61d91ec39
000002b630adb8f9
000002b68ace7619
000002b68caf46b9
000002b68de72fb9
000002b69e3c5bb9
000002b6a16afdf9
000002b6e646fe79
000002b71944ae99
000002b71c6bfe39
000002b71c6c7899
000002b71f248d39
000002b75f5b6d79
000002b768a117b9
000002b76b7b4159
000002b785243ef9
000002b7e061d879
000002b7fa22fbd9
000002b8398ca239
000002b86a7be3d9
000002b8792d2c79
000005711553bb61
0000000002232571
0000000000000181
000002b8c70193d9
000002b8d04e9079
000002b8d4b7ca39
000002b8e4121ab9
000002b902e3ad19
000002b909be0219
000002b91eb52c99
000002b94980a499
000002b9631b1059
000002b9727b56f9
000002b998867cb9
000002b9cbb1f7b9
000002b9cbb20b99
000002b9eef937b9
000002b9f07e01b9
000002b9f5bbf779
000002ba1588d859
000002ba1bbaa619
000002ba4ff92739
000002ba55ebaf99
000002ba6cfa6bd9
000002bab122ebf9
000002babfdfdb79
000002badf61b839
000002bae481fe79
000002bb2ad8df19
000002bb2ad8e859
000002bb2b3674f9
000002bb44a73e19
000002bb92de31b9
000002bba7ba8dd9
000002bbaad0e8f9
000002bbaef26919
000002bbb8cd7cb9
000002bbb8cd86b9
000002bbb8cd89d9
000002bbb8cd9b59
000002bbbc667f99
000002bbf4e4f9b9
000002bc073232d9
000002bc09b597f9
000002bc1b5f6fd9
000002bc1b5f86b9
000002bc1b5f9759
000002bc236a9c79
000002bc2af7fdb9
000002bc40a69c59
000002bc4186e559
000002bc4ce6e379
000002bc4db58579
000002bc632958d9
000002bc63c4e399
000002bc7d44f5d9
000002bd1bdebab9
000002bd2a9693b9
000002bd32a7c119
000002bd45f691d9
000002bd4c220019
000002bd736adf79
000002bdc3241019
000002bdcf902b59
000002bdd24cd0d9
000002bdd24cd999
000002bdeb4ca7f9
000002bdee728519
000002bdf0e9deb9
000002be1389c739
000002be5eb5b679
000002be6c0fb759
000002be8eeca299
000002be967a82b9
000002beb26c9659
000002bec02ebdd9
000002beef391f79
000002bef94e6a79
000002bf06598659
000002bf5c01ab59
000002bf5c01b499
000002bf5c01bc39
000002bf5c01c639
000002bf7480d179
000002bf962a79d9
000002bfa8afd319
000002bfa8afe7d9
000002c00388c5b9
000002c0093fe899
000002c0120d6ef9
000002c01a0c04f9
000002c03beeb799
000002c05328ea79
000002c077547e99
000002c07ec08979
000002c0885765f9
000002c088576799
000002c0885779b9
000002c0926dc9d9
000002c099601cd9
000002c0a27385b9
000002c0a7746b19
000002c0ac4d1879
000002c0dac82159
000002c0ec75a8f9
000002c0fb23a2f9
000002c1010f1039
000002c105a24f19
000002c109ed1379
000002c10d991d39
000002c10f197ed9
000002c10f198fb9
000002c117c501d9
000002c117c511f9
000002c117c52799
000002c117c531b9
000002c11eaa0639
000002c137ff2fd9
000002c13fbb0a59
000002c163784379
000002c17f1420d9
000002c1b15c47d9
000002c1b15c5519
000002c1c01badf9
000002c1c1a70959
000002c1cc9d9b79
000002c1d8405459
00000583b5be5861
0000000002232571
0000000000000181
000002c1f8465e39
000002c20ac40f19
000002c20f5cb5b9
000002c21bcd9979
000002c21bcdd6d9
000002c2210087f9
000002c225b220b9
000002c23c2c7519
000002c2522cf659
000002c26da8dc59
000002c27421cad9
000002c29e8c2e99
000002c29ec65699
000002c2a16d10b9
000002c2a4373dd9
000002c2ba96bb19
000002c2c11dc319
000002c2cafaa579
000002c2edc0f439
000002c30df97d59
000002c338b52499
000002c340939f59
000002c34b722319
000002c34c2df439
000002c35f074a39
000002c37ecd2399
000002c384f04819
000002c3960a5799
000002c3987e6b79
000002c3b1d6ad39
000002c3b2488159
000002c3dc505939
000002c400e18599
000002c411fd96b9
000002c41305c519
000002c4165658f9
000002c448778ff9
000002c45d7ca099
000002c4847a5519
000002c48ded44b9
000002c4af0131f9
000002c4b4466f39
000002c508e8ccf9
000002c50e358519
000002c54e926039
000002c552e3c799
000002c55aa404b9
000002c56eded719
000002c56f4481d9
000002c57c8421d9
000002c57fd52bf9
000002c58a424739
000002c59c5d89b9
000002c5bfa7b039
000002c5c4896239
000002c5c66b1bd9
000002c5d2407c79
000002c5f0517d19
000002c608861999
000002c637a955d9
000002c64503c1b9
000002c64d7eb9d9
000002c66f914d79
000002c677417759
000002c6b62b5999
000002c6bdcf4af9
000002c6de3e69b9
000002c7208c4139
000002c721dd2e99
000002c7581c7b39
000002c7949cac59
000002c7b0b086d9
000002c7be730439
000002c7d0225b99
000002c7d0226eb9
000002c7d02278d9
000002c7d89a7c19
000002c7da1bd0d9
000002c7dfe53099
000002c7ed326159
000002c7ee0be819
000002c7f3344859
000002c7f615ced9
000002c8288a1279
000002c857991c59
000002c8a41a3e19
000002c8cf969c79
000002c8d679e599
000002c8e8f639b9
000002c8eff0b359
000002c8f32d2059
000002c8f32d3119
000002c90bfe13f9
000002c94898ff59
000002c956816099
000002c95ca6e619
000002c977a41779
000002c9a2ff4459
000002c9dfa3f3f9
000002c9f00115f9
000002c9fe86d119
000002ca07d4f599
000002ca150e1a59
000002ca25c3bc79
000002ca2a494339
000002ca5a0ab099
000002ca7b1f4179
000002ca8b251ff9
000002ca91677519
000002caa6367299
000002cab26d9e99
000002cac6255339
000002cace927bb9
000002caec43e059
000002caf1249af9
000002cb08d45219
000005965628f561
0000000002232571
0000000000000181
000002cb40587df9
000002cb5151ac79
000002cb578ac939
000002cb59ab9f99
000002cb59abaff9
000002cb5c6d2f99
000002cb5cb45019
000002cb73c43499
000002cbabe854d9
000002cbfad525d9
000002cc01bb7d39
000002cc0a3f54f9
000002cc0b445119
000002cc25734099
000002cc48f540d9
000002cc558b9df9
000002cc84901ad9
000002cc8a0b8a19
000002ccbeda51b9
000002ccc5aa7b39
000002ccd0e9e4f9
000002ccdd5baa79
000002cd0e1437b9
000002cd18ade559
000002cd559e6b59
000002cd77ac6e79
000002cda86bfad9
000002cdc768fdd9
000002cdc81003d9
000002cdd3430019
000002cde4426fd9
000002ce04e1b319
000002ce0e683059
000002ce1e598ed9
000002ce1f693219
000002ce3c4bdb59
000002ce4461ba39
000002ce50048279
000002ce52b7ad99
000002ce75346139
000002ce9857fc79
000002ceb06fe899
000002ceb3738cb9
000002cec34378b9
000002cecbbf85f9
000002cecca92e79
000002cef2ac53d9
000002cf11a8b859
000002cf240eca99
000002cf24581cf9
000002cf75ca8db9
000002cf8273e499
000002cf96775cb9
000002cfae1f2ef9
000002cfb8d17679
000002cfc16fc0b9
000002d01d1a6e79
000002d041377179
000002d04855fa59
000002d053120ad9
000002d07cd6c139
000002d09d5eb839
000002d0aca2ec19
000002d0b0f97139
000002d0b1e8bfb9
000002d0b67dd1d9
000002d0e8ac68b9
000002d11abd5a59
000002d14988af19
000002d1539b7679
000002d161ca1f59
000002d1676b4d19
000002d19b967619
000002d19ec5fbf9
000002d19ec681d9
000002d19ed3f279
000002d1cc58d119
000002d1dc8a23d9
000002d1f63ef639
000002d208d6edb9
000002d23720e679
000002d25ccfc199
000002d286dd9fd9
000002d28feaa419
000002d295d931f9
000002d2a0769ab9
000002d2b212dc19
000002d2caf80a19
000002d2ed979339
000002d33ccce8b9
000002d343386039
000002d34ad1a699
000002d351e66ad9
000002d351e66c59
000002d3624d6419
000002d37ac43739
000002d3a61e9d39
000002d3b469a559
000002d3dbb0dcb9
000002d3e69fc9b9
000002d3eabb2ff9
000002d3f0f1b5f9
000002d41bf5ed19
000002d445848219
000005a8f6939161
0000000002232571
0000000000000181
000002d4a0ca1d79
000002d4ac92f319
000002d51d2f2a39
000002d51d2f32f9
000002d5286d07f9
000002d5306a1839
000002d533c33df9
000002d53d74e859
000002d550c89c59
000002d550c8a8d9
000002d554de68d9
000002d561251019
000002d57b44c3f9
000002d59e7bec99
000002d5c1e887f9
000002d5c68df8d9
000002d5c9e6dd99
000002d5fce01cb9
000002d5fdbf3fd9
000002d602ff0359
000002d640764539
000002d646e6f719
000002d66d71f159
000002d671d9b599
000002d68d8093b9
000002d68fe09f79
000002d6ada91019
000002d6c1461919
000002d6cd96d539
000002d6e70aea59
000002d702875299
000002d752b52f19
000002d75bdab379
000002d7655cd819
000002d784e40bf9
000002d7bdb64a79
000002d7c68c91b9
000002d7c78ac4b9
000002d7d4fae5d9
000002d7ea538eb9
000002d80989d1f9
000002d810315ed9
000002d81b6f1a39
000002d84dac55f9
000002d85ecd5759
000002d8886e9d79
000002d8886eaef9
000002d8b92951b9
000002d8ed274c19
000002d90ea6e319
000002d92401ecb9
000002d93636a559
000002d95ce18d59
000002d96aae20b9
000002d9a3af6519
000002d9a3af74f9
000002d9ad2cf1b9
000002d9b912d179
000002d9d8540599
000002d9de419019
000002d9e1fb6e19
000002d9f1826cf9
000002d9f5ffd219
000002da2f2c1ad9
000002da2f3b7939
000002da42615539
000002da9d63e659
000002dab0140df9
000002daf0759ad9
000002daf73c2c99
000002db0d2e4af9
000002db5b1f7f99
000002db73f8acd9
000002db73f8bf79
000002db73f8c119
000002db73f8e959
000002db7cb096b9
000002dbc14ed339
000002dbe8db39f9
000002dbf265d1d9
000002dc029462b9
000002dc055a2b39
000002dc2ea1d459
000002dc5175bdb9
000002dc79bce8f9
000002dc7fb7c3b9
000002dca290e839
000002dca59138b9
000002dcd3a6a379
000002dcdb1a0ed9
000002dce909c059
000002dcea472f79
000002dd01462259
000002dd21c6b839
000002dd35633919
000002dd38b83219
000002dd3ea3b339
000002dd4d4518d9
000002dd78ecb7f9
000002dd8b6c9239
000002dd99b303f9
000002dd9f08fe79
000002dda5115619
000002ddbfdbe399
000002ddc1d36bd9
000005bb96fe2e61
0000000002232571
0000000000000181
000002ddcc8ba139
000002ddd42356f9
000002de034d9d59
000002de515cc219
000002de515cd479
000002de5498fd19
000002de54a67e79
000002deaeb24b99
000002deb28ded19
000002deb28dfff9
000002dec1b32ff9
000002ded380b079
000002dedab82f79
000002dee76a5d99
000002df13e10179
000002df5c963839
000002df640cd259
000002df78712499
000002dfd5d8f859
000002e027ade699
000002e02d42f419
000002e034940e39
000002e07b625099
000002e0a8538459
000002e0aea9c3d9
000002e0cc66cf79
000002e0e09f57d9
000002e0f36939d9
000002e0fb4322d9
000002e16a27abf9
000002e16c58e759
000002e16db9f5d9
000002e18be717b9
000002e18be72979
000002e1a0c57299
000002e1b23e9779
000002e1b8f60239
000002e1dda2cf39
000002e1e2c19dd9
000002e1f11e74d9
000002e1f4b67ff9
000002e21fb2b379
000002e251284039
000002e266589f99
000002e26ed03119
000002e28031f9f9
000002e2811f0659
000002e2a1bbbdb9
000002e2b174dfd9
000002e2ba55b919
000002e2d1cd1119
000002e2e5b07f39
000002e2e5b09039
000002e2e5b09159
000002e2f1cbd7b9
000002e31d777899
000002e3205e9179
000002e325822a79
000002e328124b19
000002e331bd3fd9
000002e33827d8d9
000002e37f2dccf9
000002e38e1f61f9
000002e3b0eb9fd9
000002e3ba258c59
000002e3c18e3699
000002e3e271bef9
000002e3f81d1bb9
000002e40760d3b9
000002e40da911f9
000002e438b0ebb9
000002e43ddfc5f9
000002e465cd7f59
000002e4acf004f9
000002e4ebd3ca59
000002e4fffd5979
000002e4fffd6a79
000002e51662c3b9
000002e53099ffd9
000002e5a8e9ef99
000002e5d94d0d19
000002e5dfdd2779
000002e5e95469d9
000002e60aadec79
000002e631d0a8b9
000002e678d25799
000002e68576eef9
000002e68d57c879
000002e695cef1b9
000002e6b46b51b9
000002e6d647d3f9
000002e6d7996e99
000002e6de1424b9
000002e6ea5b67d9
000002e7011e7ab9
000002e710c68119
000002e710c69939
000005ce3768cb61
0000000002232571
0000000000000181
000002e726c14e99
000002e739fa33d9
000002e75938b3b9
000002e765e5bd59
000002e770211279
000002e78c5bae59
000002e793e833b9
000002e793e83db9
000002e793e84879
000002e7a5c2fbd9
000002e7b4654ef9
000002e7b9c95979
000002e8073f7f79
000002e81a3e6819
000002e822227739
000002e83d8c5659
000002e83ef03eb9
000002e845c5af79
000002e845c5c0f9
000002e8746fc379
000002e87e8f2ef9
000002e8ab6e4819
000002e8acd14539
000002e8ad7d02f9
000002e8ca400fd9
000002e8d155a6f9
000002e8dd8a1659
000002e8f10835d9
000002e910d155b9
000002e93290af39
000002e94f613059
000002e967908659
000002e97d3efe99
000002e98fcdc4f9
000002e99e5a99f9
000002e9a36a82b9
000002e9bf0b9b39
000002e9c0377079
000002e9df598359
000002e9e1cd7f79
000002e9eb20cb59
000002ea066245b9
000002ea088c9759
000002ea0d1a6c19
000002ea0e3dc379
000002ea1f7eb7b9
000002ea23d06979
000002ea25c1e039
000002ea673abd79
000002ea7e131ff9
000002ea83b96bd9
000002eaa14aaef9
000002eac9bc56d9
000002eaecada0d9
000002eaf6c21b79
000002eaf8ccd559
000002eafc3b6219
000002eb079bc5b9
000002eb25470cb9
000002eb5faaeb19
000002eb710b4739
000002ebb575b339
000002ebc537d1f9
000002ebd6f01e59
000002ebe3920899
000002ec032831f9
000002ec17241ed9
000002ec1a82cc39
000002ec23e1e879
000002ec2a9a51f9
000002ec2fd837b9
000002ec3b4e6a19
000002ec7cc66959
000002ec8188f1d9
000002ec9f503179
000002eca68e7b79
000002eca68e8b59
000002ecafb9a6f9
000002ecc71e8d19
000002ecd7f5f599
000002eceb8b5e19
000002ed019fc759
000002ed067c8179
000002ed163503d9
000002ed637c9f79
000002ed65243db9
000002ed706073f9
000002ed88caa079
000002edab2dd219
000002edadcac379
000002edb90eb399
000002ee16aea399
000002ee16aeb439
000002ee192231f9
000002ee3a275919
000002ee6614a919
000002ee73e95439
000002ee7c5eee19
000002ee7d49d059
000002ee802995b9
000002ee80299f59
000002ee98a173b9
000002ee9c2dc179
000002eea3b48f59
000002eea5fbacf9
000002eea9ecbe59
000002eeb0d0d8d9
000002ef0925d5b9
000002ef42a71a19
000002ef4a9c2c59
000002ef8cafa159
000002efac401159
000002efc15a29b9
000002effc3d5ef9
000002f029434a59
000002f05fcc0ff9
000002f0617fa419
000005e0d7d36861
0000000002232571
0000000000000181
000002f07e5e6139
000002f0ac9b62d9
000002f0c5e67b99
000002f0c8f51b99
000002f0f8203c79
000002f0fab4b439
000002f0ff26f139
000002f140183bb9
000002f140185e39
000002f14d820bf9
000002f15a053199
000002f15f8ea4b9
000002f164df0dd9
000002f1678f9559
000002f1a25b4879
000002f1b00a35b9
000002f1d4c529b9
000002f1dcf4c119
000002f1df453059
000002f1f3e0d639
000002f1f4029239
000002f1fa17c359
000002f1fef6fa19
000002f1ff3aca79
000002f210707419
000002f226f972b9
000002f226f97bd9
000002f2782e7d59
000002f27ce13379
000002f285446cb9
000002f2b4b3ba19
000002f2b8741119
000002f2f8959959
000002f323f1a7d9
000002f33b666e79
000002f33b667fb9
000002f34c3f1979
000002f3707a5e19
000002f373a402d9
000002f39b8effd9
000002f3cd4a5759
000002f3ddb73659
000002f3e8925199
000002f40d2edc59
000002f41d1cb439
000002f41db28019
000002f425059b99
000002f44ac91479
000002f47c2601d9
000002f489e14c59
000002f49b09faf9
000002f4bc27b619
000002f4bc27bf19
000002f5009a1bb9
000002f50774a279
000002f5149901b9
000002f514ea5259
000002f5164ae759
000002f5220707b9
000002f5432f45d9
000002f553b7d0d9
000002f56894eff9
000002f57e813519
000002f594626cf9
000002f599a721b9
000002f599a74ad9
000002f5c50c6f79
000002f60b791739
000002f61c9a8c19
000002f63ddfa8f9
000002f647d5a7d9
000002f671c43139
000002f682fb1519
000002f68f296019
000002f68f296959
000002f68f2972d9
000002f6a4fdac19
000002f6af15c5d9
000002f6dc5ad179
000002f70731c779
000002f70cb68619
000002f71a040e99
000002f72d93bf39
000002f73bda6299
000002f759c7b539
000002f761044079
000002f772f94599
000002f7840fead9
000002f796380e99
000002f7ab815d59
000002f7ac84d719
000002f7f26cf219
000002f8361a4f99
000002f83b011b79
000002f84a856359
000002f87e39cc59
000002f887ab4fb9
000002f89eac28d9
000002f8aa62f059
000002f8de7b3f79
000002f8ec40e939
000002f8f62cfe59
000002f90cd8c559
000002f919ef5919
000002f93acd6879
000002f95302c859
000002f95302d859
000002f978c81679
000002f9791228f9
000005f3783e0461
0000000002232571
0000000000000181
000002f9c59f1679
000002f9d47304f9
000002f9eab920b9
000002f9f09be1b9
000002f9fe722439
000002fa1f484ad9
000002fa4eceaab9
000002fa510b5ad9
000002fa5764c279
000002fa995d8439
000002faa0f3c939
000002fac0a9f519
000002facb460df9
000002faf1985c39
000002fb07cb58d9
000002fb3153f059
000002fb3fd59159
000002fb414ef139
000002fb5a0cf099
000002fb62772fb9
000002fb7fbd12d9
000002fb8842df19
000002fb8842fb19
000002fb91b4f019
000002fb93bcd7d9
000002fbe09fde39
000002fc29b72a19
000002fc66add139
000002fc7aff9779
000002fc84853bf9
000002fc954f03f9
000002fcc1c98499
000002fcc4678859
000002fcddf0c839
000002fcded38cd9
000002fce9885879
000002fce9885a59
000002fcf109f519
000002fd0093af99
000002fd09cc9099
000002fd0e5528d9
000002fd3db52179
000002fd5fcdba39
000002fd62e83979
000002fd672f7719
000002fd9aa2dfb9
000002fd9c7576d9
000002fdbcb66479
000002fdbd38add9
000002fdbd38c7b9
000002fddc3d5c59
000002fe1813d1b9
000002fe3c178df9
000002fe7c174279
000002fe82bcc299
000002feaf2083b9
000002fec17208f9
000002fee1ef0939
000002ff13263d59
000002ff17d47a39
000002ff29cfc9f9
000002ff3b7a4479
000002ff6105cdf9
000002ff7a6b03b9
000002ff9e7e13f9
000002ffd83c2579
000002ffdd23fff9
000002ffeb0c0959
0000030008ee21b9
0000030014079699
0000030028c70b79
000003002af55d99
0000030042c6b179
0000030042d23319
000003005906e479
000003007dd0f559
0000030086e63ef9
00000300a18d3c79
00000300b11c58f9
00000300b65353b9
00000300b6536299
00000300bef0f1f9
00000300c31a7b39
00000300dc23d499
00000300e0f2cfd9
00000300e8c90a19
00000300eb1fef59
00000300eb1fff59
00000300f52cd459
00000300f52ce799
0000030149ef4539
000003016b936e99
0000030183e9a739
000003018f456eb9
00000301aa8883d9
00000301aa998b19
00000301e4343099
00000301f9111059
00000302387b71b9
000003025a928199
00000302699369f9
000003027154ad99
00000302805ba1d9
0000030285eb5c99
00000302ab54e019
00000302e1edab99
00000302fe60e0d9
0000060618a8a161
0000000002232571
0000000000000181
0000030310d00939
0000030350a382b9
0000030364b658f9
0000030364b66c99
000003036b1fda19
0000030402cf5599
000003042afd8f99
000003044fb0cd59
000003046c86a5b9
000003046c86ec99
0000030472655e19
000003047a847d79
000003047c48d499
00000304a8b13fb9
00000304bd6f0859
0000030501cc5fb9
000003050f5e66f9
000003053a59f0b9
000003054b56b859
000003056e380419
00000305ad2d46f9
00000305b7f93639
00000305fe6b2cf9
00000306036df499
000003061c1cd3f9
00000306291b2359
000003062fee3919
000003064ff51319
000003067117bd19
0000030685be5a19
00000306a42374b9
00000306b987ad39
00000306bc78a2f9
00000306c3cd94f9
00000306ce6decb9
00000306e4c9b659
00000306f06b54f9
00000306feb72599
0000030718a09e19
000003074c018db9
00000307575a10d9
0000030765beab39
000003076e00b359
000003077a74b779
000003079b416dd9
00000307a67235d9
00000307cca8b419
000003080fd13939
0000030822426bf9
00000308309ffe99
00000308378b20b9
0000030848809459
0000030884c1b1f9
00000308bf361ed9
00000308cab7c119
00000308cfbb0bd9
00000308f92e2db9
00000308ff43bc59
00000309189b0f59
000003092d0988d9
0000030946885899
0000030966ee6479
0000030966ee65d9
0000030966ee6fd9
000003099fc25339
00000309a9238b79
00000309ac714ad9
00000309afd7cf79
00000309c8351cd9
00000309d7e04c59
00000309dae81159
0000030a26b88639
0000030a4c8d83d9
0000030a4e81e2d9
0000030a62160559
0000030a65c6d8f9
0000030a80568d19
0000030a81d42f99
0000030a8c0c1299
0000030a99bee979
0000030a9a812eb9
0000030ab41d5cd9
0000030ab41d6b79
0000030aed40f6f9
0000030af5ca6d79
0000030b395f3819
0000030b4f82d339
0000030b67da2d99
0000030b6d6d9cf9
0000030b75efe6b9
0000030b75eff519
0000030b75f00359
0000030b7a4a4b19
0000030b90987d59
0000030ba0fcd3f9
0000030bb34e64d9
0000030bb880e099
0000030bbc6e04b9
0000030c1ea07a39
0000030c23b5d3b9
0000030c24a02cb9
0000030c2a022af9
00000618b9133e61
0000000002232571
0000000000000181
0000030c66276e99
0000030c72ceef19
0000030ca61faed9
0000030cc597a739
0000030d06fb02d9
0000030d0fb15339
0000030d2e1ec459
0000030d3298ebd9
0000030d3298fb39
0000030d35769119
0000030d36b81339
0000030d3b4001f9
0000030d3ccb4179
0000030d6d6d1cf9
0000030d73eac7f9
0000030d7fd03d79
0000030db8cac359
0000030db90b7c99
0000030dc11bf7b9
0000030dc866f259
0000030dd9a0e1d9
0000030e00beea19
0000030e186e8c99
0000030e304d7a99
0000030e304d7c19
0000030e58a98d59
0000030e6b37d759
0000030e714adff9
0000030e71b013b9
0000030ea8759d19
0000030eca9bd3b9
0000030eeb5778b9
0000030efb70c559
0000030f1cebe999
0000030f1d74d419
0000030f4c7897d9
0000030f84e05af9
0000030f88477eb9
0000030f88478059
0000030f9663e4b9
0000030fb42b7c99
0000030fc6aea9f9
0000030fcc146559
000003100f2f0519
0000031027aab659
0000031027aab819
0000031027aaba39
0000031027aac219
0000031027aac459
000003103db64299
000003104032a859
000003105171e379
0000031056528c99
000003106e2b8779
0000031083982f59
0000031098720e99
000003109b1c88b9
000003109d4700d9
000003109e0e9a79
00000310c9195959
00000310e1290059
00000310e12910d9
00000310e44e7919
00000310efc99459
00000310fe243039
0000031126d6c499
0000031131a0a619
000003114a0a1ff9
0000031153711699
0000031168345f39
000003116b3b8479
000003119b0e8379
00000311b04bbe19
00000311cb2e2c99
00000311efe308b9
0000031200d94d59
0000031203596899
000003120d0ca179
000003120d8bc479
00000312125432d9
000003122fbc7419
0000031272d010f9
0000031277cbebf9
00000312979ccbf9
00000312a9246e79
00000312b1a53f19
00000312cbfb93b9
00000312d71e0159
000003130952eb99
000003130f7b3359
0000031327eaa599
0000031353e3d5b9
0000031363801659
00000313bee07eb9
00000313e58caf99
00000313fe4497d9
000003140f9e8af9
0000031413ee6159
000003142f9c0619
0000031441386199
000003144584e799
000003146f7642b9
0000031477ddf599
000003148759d979
00000314c231b8d9
00000314e2f31f19
00000314ecd05cf9
00000314f2e48839
0000031528125f79
000003158156c159
000003159eb3ad79
00000315a1344059
00000315a1d98399
0000062b597ddb61
0000000002232571
0000000000000181
00000315bb413b79
00000315d0afae79
00000315d74cb8f9
00000315dfb07ef9
00000315ee56c499
000003165db68679
00000316642392b9
00000316664c91b9
0000031680fb2a39
000003168ad5be39
0000031698fbafb9
00000316ab15a359
00000316aef1d6d9
00000316aef1e679
00000316af3e4699
00000316b97be719
00000316d639d079
00000316de3951d9
00000316f915a359
0000031713b892f9
000003172f9c88d9
000003173a738059
000003175acf27f9
0000031764fd9ad9
000003176b8fff39
000003177fff45f9
00000317e0c6ff39
00000318133fc099
000003181fc53ab9
000003183a348099
0000031841879b59
000003186daeb2f9
0000031873f47699
000003189820f859
00000318c4f7c0f9
00000318cb6491b9
000003192000ae19
000003192a938299
000003197e0995d9
000003197ee0bb99
0000031981081799
0000031989810bb9
0000031996832ed9
00000319e801ce39
0000031a07a1da79
0000031a0fba2579
0000031a2deab179
0000031a86ddaa99
0000031a8bca9c79
0000031a9f8ba499
0000031ae997fa39
0000031aecaa9ab9
0000031af6fb0219
0000031b003ede99
0000031b1bb34019
0000031b2dcf0b79
0000031b58093db9
0000031b641adb59
0000031b8f73f119
0000031bb339f759
0000031bb3db2099
0000031bbce93519
0000031bd3794c39
0000031c0b2e5eb9
0000031c22ee1b19
0000031c3fa63cd9
0000031c4a78b699
0000031c6ec92619
0000031c824f90b9
0000031ca9bc20d9
0000031cae5abdb9
0000031d0b49c139
0000031d0e277019
0000031d3a539b59
0000031d5efbddf9
0000031daebd1819
0000031dd02cbed9
0000031df228e999
0000031dfdf0bd99
0000031dfdf0d579
0000031e4993d3b9
0000031e67054c99
0000031e6f6d8319
0000031e73273e39
0000031e87115479
0000031e8e3741b9
0000031e9beafaf9
0000031ea1735939
0000031ea17362b9
0000031eb9b6cb59
0000031ecf0e5ef9
0000063df9e87761
0000000002232571
0000000000000181
0000031f08d891b9
0000031f11719a79
0000031f38c2ec19
0000031f3c4db779
0000031f715f4999
0000031f83169599
0000031faee00379
0000031fc43993f9
0000031fc9f1b599
0000031fe5bf84b9
0000031feeb5beb9
00000320c12a8279
00000320c4c61539
00000320cfebb739
00000320f1d75179
0000032113e16d39
0000032134e40319
000003214dbca279
0000032153b28159
0000032153c9ff39
000003218a6a6739
00000321ac06bf39
00000321d11100b9
00000321d574ee39
00000321df5b11d9
00000321e359ce39
00000321e6e75e19
00000321ede10f99
00000321effeac99
0000032207405b19
000003221986e5d9
0000032219872f59
0000032219966a99
00000322267eaa99
000003223ab53519
0000032259b9c7b9
0000032272ae1259
0000032282446e79
00000322a64f0219
00000322d059ea19
00000322f9992979
00000323092f0059
000003231a7a75d9
00000323324450d9
0000032333026159
0000032364113319
0000032395674379
00000323b6b8a8f9
00000323bfabd3f9
00000323c6f2ef99
00000323cfbb2bd9
00000323d4eb8f19
00000323e24029b9
00000323fe6e1d39
0000032400ea9d39
000003240ed85899
0000032423e69a39
0000032423e6ab39
0000032434a7cc59
00000324390d3839
00000324559aa339
00000324637be8f9
0000032469167ad9
00000324b96e1f99
00000324d10ea019
00000324d241f2f9
00000324e946a439
0000032503c72439
000003250f78be39
0000032538ac1ad9
00000325538a9dd9
0000032558008799
0000032565584e39
00000325655865b9
000003257956ce79
000003257c2c4579
000003257c8932f9
000003258f811d79
0000032591bf7b99
00000325999786f9
00000325afdb17d9
00000325afdb2519
00000325b4b383f9
00000325c54064f9
00000325c56b8b99
00000325d71ad2b9
00000325d8263479
000003260681a0b9
0000032615048f99
000003262589dc79
0000032635fd91b9
0000032635fd9339
000003263bcf8fd9
0000032666948cb9
00000326929f97b9
00000326b3f7d819
00000326ec23ca99
00000326f6b16f79
00000326f6b19e59
0000032701d60c59
0000032720fdae99
0000032727226319
000003272bf2b2d9
000003272bf2cd19
000003273a5820b9
000003273f5f2bf9
00000327509beb79
00000327988a0239
000003279d7de7b9
00000327a1402f59
00000327aa378439
00000327c543ab99
00000327c543ced9
00000327e1dbac39
00000327e2e852f9
000003281066a599
000003281812a9f9
000003281c119579
000003281c677f59
000003283a676a59
000003283ce57099
0000032840ca15f9
000006509a531461
0000000002232571
0000000000000181
000003285eae4eb9
00000328626c0c39
0000032880133b19
0000032881b1ebb9
0000032882c1a919
00000328978c76f9
00000328ac860499
00000328ba7f3d99
00000328c3c2a1d9
00000328dd55f059
00000328ef9414f9
0000032915a0cd19
000003298f9c0799
0000032996edda59
00000329ce65c7d9
0000032a33a91eb9
0000032a4253cd99
0000032a46f5ba79
0000032a5924c0b9
0000032a788512d9
0000032a898d73d9
0000032a92e77f79
0000032aa2aee8f9
0000032aa8485139
0000032ab889dc59
0000032ae52eaef9
0000032afb99a439
0000032b239d9159
0000032b2ebfcd59
0000032b6b86adf9
0000032b78699b39
0000032b9e0a3839
0000032ba8a6fa99
0000032bd638fbd9
0000032be9c7de19
0000032becadbf99
0000032c018a9179
0000032c1c71ead9
0000032c230d9739
0000032c240d7c59
0000032c24466dd9
0000032c56eb4dd9
0000032c5b6d52d9
0000032c754de179
0000032c7d3168b9
0000032c7f9ddb39
0000032c901cc759
0000032c9600f879
0000032cecf227b9
0000032d05d5ea59
0000032d09766ab9
0000032d0cab37d9
0000032d134c5439
0000032d25faa739
0000032d26729299
0000032d29fea5b9
0000032d4dd05dd9
0000032d68ce66b9
0000032d69752079
0000032d701c8739
0000032d71f45ed9
0000032d8f58e799
0000032d8f58f499
0000032d925da939
0000032d93da6539
0000032d9fd29799
0000032de3ca3f19
0000032e0a140b39
0000032e1b21bd99
0000032e8a8755f9
0000032e8eb06019
0000032ebe609f39
0000032edca6ec19
0000032ee0e7af59
0000032eea437a19
0000032eebdc61f9
0000032eed7df279
0000032f01710ff9
0000032f1ddfde59
0000032f24ba4cd9
0000032f33632379
0000032f3390f139
0000032f40b475b9
0000032f58a349d9
0000032f8a941079
0000032ff3914379
000003300a0cb799
000003301ac683d9
000003302144f8f9
000003304690bbf9
0000033083e79219
00000330846a3d59
00000330a32fd3f9
00000330a32fef59
00000330a720c2b9
00000330ae7f0b99
00000330d398bc39
00000330e3c96d79
00000330fb726ff9
00000330fd664379
00000330fd664459
00000331060ba7b9
000003313bfb4439
0000033166f941b9
0000033166f94339
0000033166f98419
000003316d382079
000003317641b739
00000331890ee179
000006633abdb161
0000000002232571
0000000000000181
000003319cb21b59
00000331af44ce79
00000331bb99f1b9
00000331caacf3d9
00000331cbc35d59
00000331d3bfe0f9
00000331dc546419
00000331e6896359
000003320608bf19
0000033218799259
000003321b6fd3f9
00000332322e1df9
000003325ceec779
000003325ceedcf9
000003325ceee719
000003325cef3eb9
000003326dd2a039
000003327b3c8d79
000003328add0059
00000332af4f7e59
00000332c02dcfb9
000003331f130839
00000333250f9b59
000003332e2f1b19
000003332e41ea39
000003332fd2afd9
000003335812d9d9
0000033364127719
0000033388cb7ed9
000003338b48d9d9
000003338e852739
00000333b81f2579
00000333c8c35799
00000333eb8e7cf9
00000333f6cf84d9
0000033433522ed9
0000033445c4d479
0000033464f75f19
000003347fc5ba99
000003348029cc59
0000033484b46b99
00000334a1a8bdb9
00000334b1dfc759
00000334bd975ff9
00000334d1c17219
00000334f6657099
00000334f6658df9
000003350ded7bb9
000003351f318139
00000335270edbd9
000003352d22e519
000003353e528579
0000033542cd81d9
000003355eb56d99
000003357458f0b9
000003357cce27d9
000003358e3f4e79
000003359f90be19
00000335af784b19
00000335b0305bd9
00000335c4534919
00000335eaaed679
000003360fcec559
0000033616cd4399
000003363045a0b9
0000033634540d99
00000336455864f9
0000033663983099
000003366db4ead9
000003367c2fa099
000003367c2fac99
00000336ba8c3219
00000336e8ed7259
00000336e8ed83f9
000003371b94bc19
000003371c5ff459
000003372c2f6cf9
0000033732f6ac99
000003378b95a0b9
00000337c9f98279
00000337ff983b99
00000338026da779
0000033804a62059
000003383a91ea39
000003383d668e19
000003384a993a79
000003388df1a7f9
000003389cb49c59
00000338a9a4d8d9
00000338abb727f9
00000338abb74419
00000338c917aa99
00000338efa7b5f9
00000338f012b919
00000338f568e759
00000338fae8eb79
00000338fe9c6399
000003391da555d9
0000033921d4ac59
000003393fe4bf59
000003396f31ae19
000003397b1e1bf9
0000033984a2a519
0000033998ac9a39
000003399e548a59
00000339a5e576f9
00000339ae2389d9
00000339b4843d19
00000339cb9de139
00000339d2276c19
00000339d6f078f9
00000339f197eb59
0000033a0ca9ec19
0000033a16ceff39
0000033a604f9db9
0000033a638c0779
0000033a739cce59
0000033aa726d2b9
0000033ab684f8b9
0000033ac89f7d59
00000675db284e61
0000000002232571
0000000000000181
0000033b08fa3439
0000033b21e96539
0000033b2bbcc7b9
0000033b3d88d9b9
0000033b614c6d99
0000033c0bd8a039
0000033c2d16c659
0000033c3bba87d9
0000033c5a4639d9
0000033c65461d99
0000033c993968d9
0000033ca6c857b9
0000033ce71f2ab9
0000033d18e34ed9
0000033d2a7d6df9
0000033d4813e3d9
0000033d63f80d39
0000033db8e4dff9
0000033dc52c6fd9
0000033df6f5c4f9
0000033dfa684159
0000033e095408f9
0000033e3c1f4519
0000033e61e50299
0000033e7121f959
0000033e8c631df9
0000033ee53e8a59
0000033ee9e4d3f9
0000033ef6028339
0000033f01168159
0000033f66f38579
0000033f769ebeb9
0000033fc8e67cb9
0000033fd77a8bf9
0000033fe924b679
0000033ff6c894d9
00000340081990f9
0000034011310d39
000003402bd4ded9
000003404429c799
0000034050b94bd9
000003405654f939
0000034056550eb9
00000340864f01b9
000003408bdd4359
00000340c64a21b9
00000340c693aab9
00000340c99697f9
00000340e2dea1f9
00000340f4ef15d9
000003411589bd39
0000034123492339
0000034131bd54f9
000003414ab6ff79
0000034169b8ddd9
0000034184659ef9
00000341a55e7859
00000341b29d2bb9
00000341d96bd459
00000341e5075699
00000341efab8079
00000341efdf1d59
0000034218fb4bd9
00000342286ef679
0000034243ac2839
000003425696e4f9
000003425e3195b9
00000342674eb0f9
000003427ba2d019
0000034287869e59
000003428d83bf79
00000342dce88d39
00000342eae853b9
0000034313a135f9
000003432c3534f9
000003433150b4f9
000003433150c6b9
0000034344e02bf9
000003434ab0e0f9
0000034382825439
0000034399f04799
00000343a5ba8c79
00000343c92eadf9
00000343cc48b859
00000343cc48c8f9
00000343e19797f9
00000343e516ac19
00000343f713dad9
000003440f63bcf9
000003441d85f219
0000034427e7b139
0000034435bc7e59
000006887b92ea61
0000000002232571
0000000000000181
0000034447a4eab9
00000344870ce359
00000344a0eeae99
00000344a4394ef9
00000344c1b8d079
00000344d6acadd9
00000344e2c64459
000003451b6fba39
000003451d833979
0000034528137559
0000034528137719
0000034528138479
0000034528138e79
0000034528139839
00000345638f25f9
0000034564bd3f99
000003457f979199
000003458651d9b9
000003458be99c59
000003459321fc39
0000034593220919
0000034593221a39
000003459d552a39
00000345adfe3cf9
00000345c606bad9
00000345eeb495d9
00000346130c5899
0000034649ab4bf9
000003464e89ef19
0000034657a9b859
0000034684eecf19
000003468c029df9
00000346afb75119
00000346d208f279
00000346eb05df19
00000346f50b82d9
000003470d0e8339
000003470d0e9c79
0000034711822a39
0000034712359419
000003471235a0d9
000003471385b339
0000034715f2aab9
0000034735fa1419
0000034746fdb0f9
000003476de3ef59
00000347bdefbd39
00000347ca0a9a99
00000347d9f73139
0000034807b7f499
0000034831af9939
0000034863c59219
000003489d93a439
00000348b88a0139
00000348cfb2aa39
0000034913afecb9
0000034913affcf9
00000349397da639
000003493b4a61d9
0000034950f37939
000003496a548319
000003499d1dea39
00000349dc2ce459
00000349ef9e0499
0000034a0e505299
0000034a3df3fe19
0000034a53dcd039
0000034a613b60d9
0000034a6a5c4239
0000034a899fc739
0000034a899fe159
0000034aa9517819
0000034ab89e6f39
0000034ac1b0ee99
0000034ac31dd879
0000034ad2478259
0000034b01f7c3d9
0000034b01f7c5f9
0000034b01f7da99
0000034b01f7e4b9
0000034b0efd3979
0000034b2eab6c99
0000034b38a16559
0000034b408cd719
0000034b61cd2a99
0000034b65c8b3f9
0000034b69832579
0000034b8e4d8ed9
0000034ba6121fd9
0000034ba89818b9
0000034bd9500499
0000034be36d8419
0000034be36d95f9
0000034c0bfe68b9
0000034c19debc99
0000034c2031e939
0000034c2fcf0879
0000034c338f6d79
0000034c4c1e51f9
0000034c63db6339
0000034c6764f5f9
0000034c80071cb9
0000034c85c30599
0000034c8bdf71b9
0000034ca6aa7f99
0000034ca9613d59
0000034cae046b39
0000034cb57d43b9
0000034cbefc1899
0000034cd2366399
0000034cde0768b9
0000034ce2c9a5b9
0000034cf99ccfd9
0000034d0e558e19
0000034d0e55b8b9
0000034d36702859
0000034d37faec99
0000034d5ba1e559
0000034d5ba1eef9
0000069b1bfd8761
0000000002232571
0000000000000181
0000034dbac055f9
0000034dd492fa59
0000034de203d359
0000034de4c43cf9
0000034dfd0f90b9
0000034e0f12f8f9
0000034e12b56d59
0000034e174fd679
0000034e639a4c59
0000034e63ce4779
0000034e7c268779
0000034e8b61e739
0000034ee305cc19
0000034ef8d6af59
0000034efcc4d619
0000034efcc4d7d9
0000034f0d50feb9
0000034f20b15bd9
0000034f20b19c79
0000034f2d7d2f79
0000034f3aceae59
0000034f7611cd59
0000034f814b98d9
0000034fa31dc9b9
0000034fac0f88f9
0000034fcd782b79
0000034fd20cb0b9
0000034fe3755df9
0000034fe4039079
0000034fe8d35719
0000034fe9de5339
0000034fecd7fc39
0000034ff18eeaf9
0000034ff260d699
00000350002b8e19
0000035031b0ef59
0000035036a701d9
000003509d1ea8d9
00000350a4bd0119
00000350b8be3c39
00000350c6324059
00000350cbba48b9
00000350e11424d9
00000350e33945d9
00000350fe006939
0000035108a6ff79
000003510a3631b9
000003510a42bc59
00000351296e5c79
0000035149c56119
000003516e2f4cf9
0000035170f9d7b9
000003518901c0f9
000003518f9fd0f9
00000352071d2d59
0000035215548539
0000035228c63239
000003522eeac6d9
000003523244d599
0000035258678c39
000003525a820bf9
00000352cfb54f19
00000352d6415f39
00000352dc409619
00000352df4f9199
00000352fa143459
00000352fe795f99
000003530e0f8a19
000003531607e659
0000035328d1b739
000003534f04b219
000003536115ce19
00000353c9adedb9
00000353dbc84419
00000353e16ff8d9
00000353f9646e59
00000353f96477b9
00000353fa3bea79
00000354033d0e59
000003540d8367f9
000003546f827bf9
00000354792607b9
000003547c58e059
0000035484018a99
00000354d1dc1239
00000354e2400bd9
00000354fc8b7ed9
000003550226e599
00000355245895d9
000003553195e6f9
00000355352f2f99
000003554139c719
00000355490eea59
0000035553488b99
000003555e6967d9
00000355602de199
0000035565c80059
00000355666e2859
00000355e3e11199
00000355f29da039
00000355f7aed1b9
00000355f95b14b9
0000035611a4fbb9
000003561525b119
000003561525c859
00000356175ff1d9
0000035649b1b779
000003568403dc19
0000035685b73bd9
0000035688c63b19
000003569afbd379
00000356c789f739
00000356d35556f9
000006adbc682461
0000000002232571
0000000000000181
00000356e8107259
0000035705edd339
00000357286861b9
0000035760327119
0000035761bef439
0000035763385219
00000357793e1559
000003579a738f39
00000357a2a8b9f9
00000357c71a19f9
00000357df284899
00000357ed8222f9
000003580e4c2799
000003584c7027f9
0000035851d16719
0000035859349879
000003585dde2ed9
0000035879542c99
000003588a519339
00000358989e4df9
00000358c22389b9
00000358cc28d519
00000358d2e7ba19
00000358e9161af9
00000358fcd4b739
0000035922612e59
000003592f958f59
0000035933beed39
0000035953c8af39
0000035970554639
00000359c77d5c59
00000359d9e7e199
0000035a015df6f9
0000035a015df8f9
0000035a164aaa79
0000035a31422af9
0000035a336197f9
0000035a38faf559
0000035a5b734919
0000035a78fc1c79
0000035a7ccc4b99
0000035a7ccc5c39
0000035a897937f9
0000035ab0004eb9
0000035abc00f5b9
0000035ac2bbce39
0000035ac4919979
0000035ac8b8e6f9
0000035b33498719
0000035b40e89939
0000035b742c3459
0000035b775ec1d9
0000035b7cb34159
0000035bae408819
0000035bda1b1999
0000035bda1b1b39
0000035c122568d9
0000035c21c31439
0000035c21c32bb9
0000035c35b8b7b9
0000035c4fb31459
0000035c4fb316d9
0000035c7bff3599
0000035c7db61d59
0000035c7f494a59
0000035ca9de4799
0000035cb0408499
0000035cb77b2a19
0000035cb94c71b9
0000035cd86cdad9
0000035d045e5459
0000035d10e61799
0000035d1569a739
0000035d188e2339
0000035d297f8539
0000035d2aef5819
0000035d2c29f3f9
0000035d3a2c45b9
0000035d4f8f6699
0000035d5942d219
0000035d5a1caa99
0000035d65a7c279
0000035d85eeb9b9
0000035d8ad76dd9
0000035d9312c719
0000035d9fc0a2b9
0000035ddd5c45b9
0000035df1ae3b59
0000035e006bbb59
0000035e36b219b9
0000035e3f2fbd39
0000035e3f2fc639
0000035e506cd879
0000035e506cd9d9
0000035e51210c19
0000035e7d76f179
0000035ea0b45499
0000035eddc92e79
0000035ef7f3d159
0000035effd57dd9
0000035f2dfe7279
0000035f338a6299
0000035f3612b879
0000035f3d8b4ef9
0000035f56735419
0000035fb06d0919
0000035fbf10efb9
0000035fd21cd059
0000035fd38451b9
0000035fda929019
0000035fecc6e2b9
0000035fecc6e479
0000035fefcc24d9
000006c05cd2c061
0000000002232571
0000000000000181
0000036036f84199
0000036041facb79
0000036061672219
00000360626965d9
00000360746fd179
0000036099c51db9
00000360a0ce3079
00000360a6575619
00000360bd8543b9
00000360bd855ad9
00000360c3f4e359
00000360f13984b9
00000360fc639e19
00000361027d5339
00000361245f0039
0000036145d6e5b9
0000036152e99119
0000036157a5f459
00000361741e05f9
0000036181ac0ab9
0000036181ac1bf9
0000036184164c99
000003618656ded9
00000361a8f3e3f9
00000361be90a379
00000361ceee4f59
00000361d674c079
00000361e0953f19
000003626264a299
000003629933e179
000003629933e959
000003629dba7b39
00000362a8e89bd9
00000362ac29bcf9
00000362ac29cf19
00000362ae79d079
00000362d04c0fb9
00000362fee0d659
0000036303ff4d59
00000363056cfaf9
00000363209c8f79
000003632291c1d9
000003632d6af439
00000363346ab7d9
00000363362b77b9
0000036363c991d9
000003637f563499
000003638bca2499
00000363a2ffe3b9
00000363dd77d619
00000363feca79d9
00000364058d28d9
000003640f2d3139
0000036428b1b859
0000036440e58ff9
0000036445388e19
000003646ba23819
000003647e728719
000003647ec7fcf9
0000036493438899
00000364a6cdc139
00000364ae52c799
00000364c0de99b9
00000364cb6e2319
00000364d1be5e19
00000364d3469599
00000364d655e319
000003651b22b5d9
00000365487b9e19
000003655c7d7279
0000036585f83d99
000003658b6ca859
00000365dcfb2b39
00000365dd2d8259
00000365dd9199d9
00000365e69fc399
0000036601689ab9
000003660af3e819
000003660af3f5b9
0000036620a35179
000003664bf8f119
0000036660ec3139
0000036667158b79
0000036670248359
000003668bb5d119
00000366a12c64b9
00000366b1595539
00000366bbe89dd9
00000366c9a23b99
00000366e6a5c379
00000366e6a5da19
0000036705f3a5d9
0000036716ba31b9
0000036724550a79
000003672e57cb59
000003673cfd1ad9
00000367491c7159
000003676d556bd9
0000036794d1c599
00000367b4664c39
00000367bd652899
00000367bd653fb9
00000367d13828b9
00000367d1af1119
00000367d20ab919
00000368033f0cb9
00000368082dcd99
000003681fe8b219
0000036828b17b59
000003685f71cf39
0000036878314219
000003688a0ec7f9
000003689d8729d9
00000368b4cee059
00000368e5117499
00000368f047e8d9
000003691308adf9
000003691e054c79
000003692f5f4359
0000036934b6c1b9
000003696e8fab39
000003696e8fb919
000006d2fd3d5d61
0000000002232571
0000000000000181
000003699020b5f9
000003699020e5b9
00000369993974f9
00000369abce0ab9
00000369c6885519
00000369f31e1859
00000369f31e29b9
00000369f31e33b9
00000369f31e3979
00000369f39cd9d9
0000036a05560af9
0000036a091acbd9
0000036a29eb0e99
0000036a3687df39
0000036a7e506519
0000036a8fded519
0000036ab26097b9
0000036abda3c1d9
0000036ac5a5ec59
0000036acdf19159
0000036af2dfedf9
0000036b05c3daf9
0000036b16b5b619
0000036b3b20bad9
0000036b4d2368b9
0000036b6bdbdb39
0000036b8420e4f9
0000036bb75670b9
0000036bbf396f19
0000036bed132a79
0000036bf514b859
0000036c031aae59
0000036c4656ecf9
0000036c5e131939
0000036c695c4559
0000036c6bc61dd9
0000036cac265a79
0000036cadab3459
0000036caee037f9
0000036caee04539
0000036ce768c399
0000036d21288099
0000036d6dd27899
0000036da80f6cf9
0000036dbc0351d9
0000036df2ccb319
0000036e47f83319
0000036e6ce67679
0000036e7af00659
0000036e7b032ef9
0000036e816d32d9
0000036e842cf399
0000036e99f938d9
0000036eea221f39
0000036efb10c359
0000036f1ca78239
0000036f3f772db9
0000036f653667f9
0000036f65a59d39
0000036f8be18799
0000036f9634cd19
0000036f9ba6d779
0000036fc3059239
0000036fc4ceb619
0000036fcebe03d9
0000036fd1854699
0000036ff0990379
0000036ffd8dfb39
000003701f66f939
000003701fbdb859
0000037068bef539
00000370a3549859
00000370a9edead9
00000370b68fb659
00000370b68fd279
00000370f27615f9
00000370f27628b9
000003710b6a9ef9
000003712cb4a339
0000037146ca3799
0000037146ca4e79
00000371baba25f9
00000371c46007f9
00000371ca2f81b9
00000371cb598b39
00000371dd339eb9
0000037203167439
0000037216f05c19
000003722d568d19
0000037233fed899
0000037261cc2779
000003726c14a619
000003726cf34b19
000003727f216619
00000372828d8cd9
00000372b65fbc79
00000372ca72ba19
000006e59da7fa61
0000000002232571
0000000000000181
00000372e5171ab9
000003734e4a4839
000003735b7a40d9
0000037366a41739
000003737c59dd79
00000373a23a6199
00000373efa0c679
00000373f79f4f39
00000374139d2fb9
00000374272ce059
000003742e867699
0000037440cfe1d9
00000374516b7419
0000037458317e19
00000374740c2999
00000374827c7799
00000374883e7f39
000003748c8b7919
000003749fa40019
000003749fa40f99
00000374a9182fd9
00000374e9365019
00000375082c23b9
00000375147c1119
000003752678baf9
000003753ed2be99
0000037541c63079
0000037551f9f259
000003758f781019
00000375a4b30f39
00000375a724de19
00000375a724f379
00000375dd485439
00000375f73b63b9
00000375fff54479
0000037609b11099
000003762f24e359
000003763a70f779
000003764e475af9
000003765f28f9d9
0000037669c3e419
00000376991f3479
00000376e053b0f9
00000376e2df99f9
00000376fd07b439
0000037705183e59
000003770dd47539
000003771583c499
0000037739e93e39
0000037756318719
0000037758c1b119
0000037771e37439
0000037771f37759
0000037772196d79
0000037772197d99
0000037772198c79
00000377a1de8339
00000377a8a13099
00000377aaae6db9
00000377c1735179
00000377ca0547f9
00000377cb1c52f9
00000377d9bee9b9
00000377d9bef3d9
00000377dfd7f1f9
000003782a8f0839
00000378697cbfb9
000003789371f599
00000378bd74d499
00000378c27933f9
00000378d3730fb9
00000378d70df5f9
00000378e5959299
00000379218a0619
00000379218a09b9
00000379263b5e39
0000037934c8f3d9
000003793ba2f0b9
000003794fdc22f9
0000037965476359
00000379946a18b9
0000037999d3a9b9
00000379c01056d9
00000379fc5a7919
0000037a03ef4499
0000037a2323e5d9
0000037a3861ffb9
0000037a45371559
0000037a92edd599
0000037aa6f35759
0000037ab0084419
0000037b038bf2f9
0000037b190785b9
0000037b1dc86cf9
0000037b5e0e26d9
0000037b71fb3479
0000037b72048179
0000037b7a7164b9
0000037b83931d19
0000037b9181f099
0000037bb8c3a739
0000037bbfa9df99
0000037bc4047a99
0000037bd7362df9
0000037bf1f88b79
0000037c112b7b79
000006f83e129661
0000000002232571
0000000000000181
0000037c476d5a59
0000037c4d58c8f9
0000037c70317659
0000037c75c321d9
0000037c75fd7dd9
0000037ca3ecccb9
0000037cab930a39
0000037cbcd1bfd9
0000037cc06e8f79
0000037cc1f747f9
0000037cc855fb99
0000037ce566fcd9
0000037d084c6179
0000037d1760d099
0000037d2656fc99
0000037d746288b9
0000037d81144519
0000037d8120e9f9
0000037d997bfb59
0000037dae142339
0000037e006581f9
0000037e1cb90699
0000037e69a8a2d9
0000037e784840f9
0000037e9d261cb9
0000037ee28e9359
0000037eeeda0799
0000037eefad6779
0000037ef3260df9
0000037f05d32419
0000037f334c7c59
0000037f4014a4d9
0000037f59a603f9
0000037f603cf879
0000037f6d502af9
0000037f72f1c839
0000037f72f1d5d9
0000037f84482479
0000037f9b07faf9
0000037fe8abbdb9
0000037ff5c17279
000003800d442639
000003800dfc56f9
000003804a01bed9
000003804cc71d99
000003804d022379
000003804fb11339
0000038055f8c3f9
000003807b86a099
0000038098c2d7d9
00000380a2b46dd9
00000380a6de5b39
00000380cd1635d9
00000380cf199499
00000380cf1ce179
0000038108c6f4f9
0000038111c993d9
0000038111c9ad79
00000381507e57b9
000003815433ba59
000003815ac59f19
000003818bbadf39
000003819d48bb79
00000381a4d95599
0000038230c6adf9
000003824ac4d3b9
000003824b7f6559
000003824c9b4719
0000038259a39f79
000003825fb2b5b9
0000038274c34159
0000038274c352d9
000003829d0ce1b9
000003829d590c19
000003829d592759
00000382a92b0179
00000382b17f1dd9
00000382b4563799
00000382ca19b2b9
00000382d92f4379
00000382fae4d519
000003832cde8dd9
000003835974ca99
0000038369766f39
00000383773fb299
00000383abf3d719
00000383dd0a84b9
00000383ec242d39
00000383f91decd9
00000384038b1319
0000038407590bf9
000003843808f159
0000038441d33cb9
000003847f103e79
000003848974d139
00000384c23b4019
00000384cb856f19
00000384cb85a239
00000384f4e70719
00000384fc38ff79
00000385065b9ed9
000003851c8f9079
00000385314b22f9
00000385382545d9
0000070ade7d3361
0000000002232571
0000000000000181
0000038578511979
0000038594ba93b9
00000385b455b459
00000385d047bd79
0000038606a47779
000003862090f659
000003864b3c7cb9
0000038656fb1ed9
000003865c043af9
00000386658cdb39
00000386a746ad99
00000386a746b779
00000386c04e0f79
00000386c7827b99
00000386caa67479
00000386cdc4c6f9
0000038717989b79
000003871b76f159
000003872af15419
000003872b8bf3f9
0000038732d38519
00000387402cccd9
0000038742f45039
000003874cb08db9
0000038797719459
000003879ad05119
00000387ab529459
00000387d95a6539
00000387e3f03159
00000387e4f515b9
000003883d578579
0000038847e2f639
000003887be508f9
0000038892d0a059
000003889a102019
00000388bf4a0779
00000388c6e60d59
00000388f352fef9
0000038903412d19
000003894af74319
000003898f5cc239
000003899d3411d9
00000389a24287b9
00000389aaf98e99
00000389b1de2b59
00000389beb691b9
00000389d212abb9
00000389d212ad79
0000038a478615f9
0000038a4a3a33b9
0000038a5dedb399
0000038a7a6bd179
0000038a89880079
0000038aa103f339
0000038aab4f42b9
0000038ab0e4bf19
0000038ab0e4cf99
0000038ab0e4d999
0000038ab0e4e3b9
0000038ac5e49599
0000038ad6e64c79
0000038adceb7f39
0000038aeec32e99
0000038b07e69c59
0000038b3e6fb779
0000038b745c8e99
0000038b8b056979
0000038b95eefd39
0000038b9a2b91b9
0000038ba4aac8d9
0000038baac64e79
0000038bd2765179
0000038bda84c1d9
0000038be5cfc1f9
0000038c0cca96f9
0000038c19b48559
0000038c3cf99ed9
0000038c53801fd9
0000038c564c5ed9
0000038c74759899
0000038c8552b399
0000038c8ebfccb9
0000038c9bd97b79
0000038cf6bc33f9
0000038cfbedc379
0000038d154f6299
0000038d32045dd9
0000038d399fd339
0000038d471458d9
0000038d4c3c2979
0000038d71764d99
0000038da3f8a4f9
0000038db8464999
0000038dcac181d9
0000038dd3ea3879
0000038dd5004b79
0000038ddfdd2bb9
0000038e1f16adf9
0000038e2ab10c79
0000038e552ecf19
0000038e68dbfdb9
0000038e86e39df9
0000038e900f73f9
0000038eac8cf8d9
0000071d7ee7d061
0000000002232571
0000000000000181
0000038ec44f6ff9
0000038ee0734239
0000038ee35fc679
0000038ef7e39819
0000038efecec0d9
0000038f0aa39259
0000038f0b323839
0000038f0c56cc39
0000038f1d40d7b9
0000038f4f140559
0000038f794d9359
0000038f86b45319
0000038f9983fa39
0000038f9b5a6bd9
0000038fa634f5f9
0000038ff9bf5359
0000039005f02f19
0000039010de1c59
0000039011bb3499
0000039021eeb619
0000039037993b19
000003904d028499
0000039066a46d99
00000390901b84f9
0000039093b34bd9
00000390a1a38779
00000390aecc2b39
00000390f52c6cf9
00000390f9ee5099
00000390fe8d1ad9
0000039117946ff9
0000039122fa5c39
0000039145ca3ed9
0000039152ec82d9
00000391578d4619
0000039178e53719
000003917a162a39
000003917efc9e19
00000391965c3879
00000391d274ea19
00000391e47d4799
00000391f8bd50b9
000003921528c6b9
000003921528d0b9
000003921d813159
000003922182d879
000003922182f099
00000392544f1019
000003925a171e39
0000039260f73df9
00000392b989b699
00000392c9cdb139
00000392ca886f59
000003932d58c7f9
000003934698b1b9
000003935cb4e7d9
000003936f0a3fd9
0000039378aa59d9
000003938f5cdcd9
000003939af1a6d9
00000393bd9a8a39
00000393c9f08859
00000393e2952239
00000393f4438259
000003942c389a59
000003943890f4d9
0000039477290c19
000003949db7fc19
000003949db80e79
00000394a1357cf9
00000394c39add99
00000394c67e7879
00000394e9c73939
0000039503c2a039
0000039504d587d9
0000039504d599f9
000003950e5fc859
000003951654eb19
00000395170228f9
000003952c9d2019
00000395334278b9
0000039548f95d79
000003957edd8cd9
0000039587a86af9
000003958890acd9
00000395a4d63819
00000395b38c41f9
0000039603d363d9
000003960cf8f019
0000039620fe45b9
00000396228c8139
000003962d5bfd79
0000039637198f19
00000396399cc479
00000396405cb039
000003964ffb12f9
0000039653bfff39
00000396665005d9
000003966fe12e59
00000396886b9d19
000003968fd7d8b9
000003969be238b9
00000396c13f9639
00000396d7ce4dd9
00000396dcf428f9
00000397289aa499
000003973cefeef9
0000039746ca3259
0000039746ca53b9
000003975db7aeb9
000003977a7c3c59
0000039780d69839
0000039798a54459
00000397c8045739
00000397da409fd9
00000397e0f71cd9
000007301f526c61
0000000002232571
0000000000000181
000003982b165119
000003984d9816b9
000003986d325bb9
0000039870ac5bb9
0000039872ecea99
00000398865cc8b9
0000039891563c59
00000398b153ad99
00000398c8676559
00000398f08af279
000003990f00b319
000003992bc8a199
0000039948a4c159
0000039973800859
0000039981b658f9
00000399b3b0d179
00000399b6a67fb9
00000399b94afff9
00000399cd49f399
00000399e84d4619
0000039a4b58f999
0000039a603f3df9
0000039a646b2eb9
0000039a7b4bb839
0000039a7b4bc959
0000039a85acf9b9
0000039a8c8bd859
0000039a953dbdd9
0000039a996b71f9
0000039af36624d9
0000039af9551739
0000039b099dc939
0000039b0eb42f59
0000039b2791e159
0000039b2966cef9
0000039b2d228919
0000039b3b5babf9
0000039b74afd559
0000039b95d81719
0000039bac3abf19
0000039bb2e4d879
0000039bbfa0fe39
0000039bc1251619
0000039bc1252af9
0000039c17f40559
0000039c25e3ee99
0000039c289ea559
0000039c3f4d66d9
0000039c79a94479
0000039c9dacaa79
0000039cab668699
0000039cbcc5dfb9
0000039d02ad4d59
0000039d502b2759
0000039d6747b3b9
0000039d6a9c4b59
0000039d6f0a7a39
0000039d717ee699
0000039da611ddd9
0000039dc0f84679
0000039de5310059
0000039df9b855b9
0000039e384bc9b9
0000039e3c9b9599
0000039e448405f9
0000039e54196c79
0000039e560a5d79
0000039e637b05d9
0000039e7da7b099
0000039e86c9dbd9
0000039e8987b619
0000039e8ccc7a59
0000039e9e550819
0000039eb7d71879
0000039ee0cf2ab9
0000039f04b056f9
0000039f1f9f3e19
0000039f254d3a59
0000039f43565a59
0000039f4b06b759
0000039f69036239
0000039f6f5a8359
0000039f833efeb9
0000039f8c1783b9
0000039fac850fd9
0000039fac851a19
0000039fe09b49d9
0000039fefa04079
0000039ffa2a7a19
0000039ffe1eff79
000003a008eab099
000003a00919f239
000003a0538f9c19
000003a061f2f359
000003a06672d899
000003a09bedc359
000003a0a74c4879
000003a0b5e2b759
000003a0c74a6779
000003a0d4e7e939
000003a0d4e80099
000003a0e61aeb79
000003a101460c59
000003a11db625d9
000003a11e3fd3f9
000003a13fa3f619
000003a14d226739
00000742bfbd0961
0000000002232571
0000000000000181
000003a1bdc64b79
000003a1c86bd659
000003a1c95358d9
000003a1de87e859
000003a1ece9f979
000003a2084a2499
000003a20fa63839
000003a21add5d79
000003a26dfa4999
000003a26dfa4b19
000003a284cbdab9
000003a289da14b9
000003a2adbc1159
000003a2bf98fed9
000003a2bf991a99
000003a2cee93239
000003a2fe8aed99
000003a3172a57b9
000003a3269c8fd9
000003a326a6eb39
000003a345f79699
000003a3556f6bd9
000003a39f419239
000003a3b66016f9
000003a3bdc4bcd9
000003a3c4e6f7b9
000003a3f895b959
000003a406e71399
000003a406e724f9
000003a406e72ef9
000003a41f364199
000003a448c2a719
000003a45cd91599
000003a496939739
000003a49dac98b9
000003a4aa98ee59
000003a4c8b5ecf9
000003a50c0e5e99
000003a51ac92679
000003a51e34e379
000003a533da1f99
000003a53a5ef279
000003a5493a0939
000003a54be1c659
000003a54fb87ff9
000003a54fb88d19
000003a556725439
000003a5590847b9
000003a5779bf799
000003a586b76719
000003a591f36fb9
000003a5a4b40039
000003a5aa470b39
000003a5fab5ea99
000003a600e9e079
000003a60b2ece19
000003a65d4d0ff9
000003a66312dc39
000003a673644e59
000003a6e75688b9
000003a6ed5ebc39
000003a6ed5eccd9
000003a6f80d03f9
000003a6f8811ff9
000003a70fddd879
000003a7256d8139
000003a745bda9b9
000003a75aacb1d9
000003a76e246019
000003a7849579f9
000003a7bb0dd4f9
000003a7c499d0f9
000003a7d811ac19
000003a7d811bd99
000003a7f41692b9
000003a825ef7999
000003a83e7fab19
000003a845a3bf99
000003a84c8fb299
000003a84f61f5b9
000003a880adb339
000003a8bed01459
000003a8d024be79
000003a8e3fb9cb9
000003a8f27e19d9
000003a8f27e31f9
000003a8f8a835b9
000003a942211b39
000003a970d97119
000003a97c2e3419
000003a997fa2ad9
000003a9c8c5d939
000003a9f6702659
000003aa2d158d59
000003aa34c78ab9
000003aa3ddfebb9
000003aa54f93f39
000003aa763def79
000003aa774cea19
000003aa79ec7179
000003aa801ddc39
000003aa90409339
000003aa952401d9
000007556027a661
0000000002232571
0000000000000181
000003aab0878559
000003aab0879539
000003aac4f0eef9
000003aad2622539
000003aadbce4a19
000003ab3d4500d9
000003ab56f37fb9
000003ab5fd9b739
000003ab89596919
000003ab9def6e59
000003abab77e999
000003abb95b03f9
000003abd39cae79
000003abd7669f99
000003abdf644759
000003ac42eafe39
000003ac42eb0fb9
000003ac42eb1c39
000003ac42eb1eb9
000003ac52587bf9
000003ac61dc0ff9
000003ac8128e519
000003ac94421cf9
000003acd58ce799
000003acdb525319
000003acecb78e79
000003acf26dbdf9
000003ad08bf5b19
000003ad2dadde99
000003ad2efa8819
000003ad72d869d9
000003ad79fdb379
000003ad7ca80739
000003ad7ca81119
000003ad88756f19
000003ad8cd82859
000003ad9f518ed9
000003adb011d5f9
000003adb7169219
000003addd6002b9
000003adde0379f9
000003ae07e05d59
000003ae2792d8d9
000003ae2fa06259
000003ae30ce5f99
000003ae3f84fbd9
000003ae9bbae7f9
000003ae9d02fcb9
000003aea87891f9
000003aee7a12ad9
000003af026bed19
000003af194aeb99
000003af249c6b79
000003af28c4d899
000003af2b1a03b9
000003af551e52f9
000003af6d91d579
000003af8a93b459
000003af8c9bccd9
000003af97d147d9
000003b01bb00c99
000003b01c46bb79
000003b038e73a59
000003b043691699
000003b043691839
000003b043695c19
000003b091b4afb9
000003b091bc72d9
000003b091bc8019
000003b0acf63f99
000003b0b5141fd9
000003b0d63d8f59
000003b0e69d26d9
000003b0fc0540b9
000003b0fc0542b9
000003b10c4c4c99
000003b11570ecf9
000003b12fe598b9
000003b13030f059
000003b130312bd9
000003b13ac051f9
000003b14912e059
000003b159e86219
000003b178434e39
000003b196eb31d9
000003b198747799
000003b198747939
000003b199cb21b9
000003b1abddaf59
000003b1c3dedd59
000003b208bbc059
000003b20c0f2199
000003b220745d19
000003b2408bbcd9
000003b245043019
000003b245a1a839
000003b260bbb859
000003b2622c3dd9
000003b265090879
000003b273ca5639
000003b29dc994d9
000003b2a90f7f59
000003b2bbd431d9
000003b2f94dbf19
000003b317f9fc79
000003b32130a5f9
000003b322587dd9
000003b3272d7af9
000003b3382162d9
000003b34bc60759
000003b35dced0d9
000003b375353c39
000003b378403019
000003b3a92353d9
000003b3f372cad9
000003b3f3733159
000003b3f37a3999
0000076800924261
0000000002232571
0000000000000181
000003b44f0ddb79
000003b4687bd719
000003b46c032839
000003b476b47cd9
000003b47c33dad9
000003b489830359
000003b493996bf9
000003b4aaa875f9
000003b4b48361d9
000003b4d4e5ad59
000003b4e335d2d9
000003b4e4667659
000003b4f7fe67b9
000003b4f7fe6fb9
000003b523087559
000003b526747d39
000003b53e662d59
000003b56119d739
000003b58794cd39
000003b59f4bffd9
000003b5a9a96199
000003b5fc7600b9
000003b633926999
000003b6340587f9
000003b644da8d19
000003b6539ea879
000003b67ef19479
000003b67fddb2f9
000003b68cfa81f9
000003b6ab131e59
000003b6c1e54a59
000003b73db4b099
000003b75f011e39
000003b77e0d26b9
000003b786460db9
000003b789c2d259
000003b79b0da499
000003b79b0dcbb9
000003b79c945119
000003b7af290cb9
000003b7b69f8cb9
000003b7cfc90db9
000003b7f39d3199
000003b7f65c0739
000003b7fc5185b9
000003b814de3df9
000003b82eb8d599
000003b8570f9ab9
000003b8597f4859
000003b87c361ff9
000003b87fd09af9
000003b88103a839
000003b8d8b93699
000003b902ea7359
000003b91311cf59
000003b9239fee19
000003b929475039
000003b9354f94d9
000003b939349c79
000003b9635a2bb9
000003b9635a4939
000003b996d62119
000003b9a23ce8f9
000003b9cd9ebd39
000003b9e8aadb19
000003ba15c53ad9
000003ba3af0db79
000003ba5dad8cf9
000003ba6932a239
000003ba8d38af19
000003ba996df2d9
000003bac7d15c59
000003bae7358799
000003bae92f8319
000003baf4eaf079
000003baf5d25599
000003bb3e9b45b9
000003bb4bf04539
000003bb4dd593f9
000003bb4f9f88b9
000003bb8e016099
000003bba02c6479
000003bba86065f9
000003bbb3b35759
000003bbbb296059
000003bbbbd8a559
000003bbcbd2f119
000003bbee077cf9
000003bc08e07c59
000003bc26c6a199
000003bc731f1dd9
000003bc7e2bfa79
000003bc96160059
000003bc9f768e39
000003bca6cc47d9
000003bca9238d19
000003bcabfc5499
000003bcecdc1679
000003bd1496c4b9
000003bd1f8032f9
0000077aa0fcdf61
0000000002232571
0000000000000181
000003bd67c26eb9
000003bd983178b9
000003bd9fd49359
000003bda159a199
000003bdd604ec19
000003bdda359519
000003bde2042b19
000003bde2048ed9
000003bde67fd739
000003bdea441959
000003bdf4ca0d39
000003be17e515b9
000003be3ba6a239
000003be4db900b9
000003be82234cd9
000003be8fd45139
000003bee4694359
000003bef7794e59
000003bf2324a2d9
000003bf527989d9
000003bf812597f9
000003bfc789ccb9
000003bfcbc056b9
000003bfd573d3d9
000003bfdc1294d9
000003bfe2353739
000003bff8cc5099
000003c00864e199
000003c008769179
000003c0174809b9
000003c027e417b9
000003c04e706179
000003c05081ccb9
000003c0778dc259
000003c07e154cb9
000003c093083619
000003c0993dd2b9
000003c0ce2116f9
000003c0ddd2f1b9
000003c0e0dd0199
000003c103bbb819
000003c13616c8b9
000003c136a5d159
000003c13a5a5759
000003c154096439
000003c154cc10b9
000003c1676b8bb9
000003c175190db9
000003c190aa59f9
000003c194b63319
000003c19808c779
000003c1be6f79d9
000003c1d2438199
000003c1d7c71a79
000003c1d860b999
000003c1ff37feb9
000003c20984ef59
000003c209852e79
000003c2218bb079
000003c22b87fc59
000003c23eb4dc19
000003c25eb5a639
000003c29c995799
000003c29c996d79
000003c2aa7694f9
000003c2bed786d9
000003c2c24e8af9
000003c2c7197d39
000003c2dfc373d9
000003c2effb71b9
000003c2f1bfa199
000003c3032de3b9
000003c304bad999
000003c30ac95319
000003c315755f79
000003c328880dd9
000003c32f308539
000003c353e1df79
000003c365449519
000003c3cfdef6d9
000003c3f721e4b9
000003c4068eafb9
000003c4235aa539
000003c446976999
000003c4c42af1f9
000003c4e03a7d59
000003c4f1d053b9
000003c4f6886f99
000003c50b444fd9
000003c5478055f9
000003c54a6d5ef9
000003c54eff2fb9
000003c56d0d4d19
000003c573600019
000003c574884399
000003c5860e2ff9
000003c5898b44b9
000003c59389bc99
000003c5bd119b19
000003c61cd2df99
000003c628b8b9d9
000003c63fcf17b9
000003c64a0fff59
000003c66ed27e79
000003c68aaad0d9
000003c68f2d4339
0000078d41677c61
0000000002232571
0000000000000181
000003c6e4bac3d9
000003c6ebb32239
000003c6fe9cd399
000003c7095de359
000003c710d2b1d9
000003c711753959
000003c7257ef379
000003c728bce1f9
000003c72def71d9
000003c747f77e99
000003c75548f919
000003c75a7990b9
000003c787a88919
000003c791c7c019
000003c79f728779
000003c7c290e419
000003c7cb2f06f9
000003c7db157739
000003c7dc7a8b39
000003c81442ce39
000003c81442d319
000003c8309a93d9
000003c83c508959
000003c83e5f9e99
000003c8428aaf79
000003c882b97159
000003c890d686d9
000003c8b007b779
000003c8b25e44d9
000003c8c114e4f9
000003c8c9034d99
000003c8d646ea79
000003c8eb87e759
000003c90c75fc19
000003c921c72b99
000003c9265ef719
000003c92b20d6f9
000003c930e2e159
000003c944195919
000003c945eb7b39
000003c95a02b179
000003c99663bff9
000003c9972db199
000003c9972dc359
000003c9972dcd59
000003c9972dd559
000003c9a46ef819
000003c9ab282a99
000003c9ab2841b9
000003c9b342da39
000003c9b419d799
000003c9c9d01b99
000003c9e151fd79
000003ca047553b9
000003ca07512699
000003ca11a66699
000003ca1a041e59
000003ca24fd4599
000003ca37f5f2d9
000003ca62e3c979
000003ca6a05c579
000003ca6c35c879
000003ca75569d59
000003ca7645ad59
000003ca8f9568f9
000003ca9cc8a099
000003caaeb0e6d9
000003cab7ace999
000003caf6498959
000003cb000e4db9
000003cb077f7479
000003cb1f5e4df9
000003cb333acc39
000003cb418ba679
000003cb50408e19
000003cb5c6bb159
000003cb6e40e299
000003cb7acf2699
000003cb92bee9b9
000003cb97975019
000003cbd6475679
000003cbe15fe239
000003cc3e6a8f99
000003cc5e1ba039
000003cc63b4a279
000003cc8a23cb59
000003cc8c13c359
000003cc99fa3d79
000003ccc74371d9
000003ccdfa989d9
000003ccf27a16d9
000003cd0d873499
000003cd0e47e9f9
000003cd902ca119
000003cd9771b939
000003cde0e9fd79
000003cde3c5ec79
000003cde4100079
000003cdf533c3d9
000003ce1c716239
000003ce3ff01cb9
000003ce4a788899
000003ce61f736d9
000003ce7fb1ca99
000003ce985b65b9
000003ce9a5376f9
000003cea6b39c39
000003cec1e45cf9
000003cee72b9439
000003cef7e63d59
000003cf08d9a1d9
000003cf13555a99
000003cf23c876b9
000003cf2b63f819
000003cf2cca44d9
000003cf2f4856f9
000003cf35748d79
000003cf3ff11f99
000003cf5d1e7c79
000003cfadb5c2f9
000003cfe70d2859
0000079fe1d21861
0000000002232571
0000000000000181
000003d005579e39
000003d0680435d9
000003d06dc0d519
000003d0719d6f39
000003d09683a079
000003d0a1e35b59
000003d0c7fd3959
000003d0ca745a19
000003d0d63c29b9
000003d1025ca1f9
000003d1025cae79
000003d124564759
000003d13116a199
000003d15aa9f719
000003d162837c19
000003d1663815b9
000003d197b805b9
000003d197b873d9
000003d19e8003b9
000003d1acbf6d39
000003d1bf24c1d9
000003d1eaf08cb9
000003d1ec8aeeb9
000003d20abc3319
000003d22fdd6799
000003d235652d99
000003d263f37ab9
000003d27d81b0f9
000003d2b2877f39
000003d2c1ff8119
000003d2d2e660d9
000003d2f5d97e19
000003d306acf5f9
000003d3076bedf9
000003d30a491419
000003d315858579
000003d32ca21479
000003d332fe5299
000003d36406c839
000003d36deb4ad9
000003d3aa111a39
000003d3b08bc0d9
000003d3cc47a2d9
000003d3d4585159
000003d3e948fad9
000003d3eea61a99
000003d3f425b379
000003d3ff8c1ff9
000003d4141de359
000003d415df1c39
000003d418b30519
000003d42ab5cb99
000003d441731d59
000003d4509131f9
000003d46ffbaab9
000003d47c814459
000003d4c9ddef19
000003d4f18705b9
000003d50e118c19
000003d52da02159
000003d552f5d599
000003d578a895d9
000003d58a505759
000003d58ade0f99
000003d591cdfc59
000003d591ce13f9
000003d591ce1df9
000003d5c7c6c8f9
000003d5dbe6e239
000003d602959c19
000003d605ad33d9
000003d608013b19
000003d679cd1b39
000003d6806f9079
000003d6af52a9f9
000003d6c4bb3d99
000003d6ca1503d9
000003d71412f7b9
000003d750e33959
000003d753c3d939
000003d763e5d399
000003d779a0f099
000003d796626719
000003d796627699
000003d7c15d1519
000003d7db70e439
000003d7ecd803b9
000003d801f3b759
000003d807862eb9
000003d817cdb2f9
000003d84c93c6b9
000003d851347f99
000003d8563f1339
000003d8563f2299
000003d858b00679
000003d86904d5d9
000003d8f8885339
000003d8fe267559
000003d9073f0119
000003d92b227199
000007b2823cb561
0000000002232571
0000000000000181
000003d943586f79
000003d94b8102f9
000003d95a07e619
000003d9650f6399
000003d9696436f9
000003d9c678ef79
000003d9faa41759
000003da19198599
000003da1baae639
000003da520e3599
000003da778ecf19
000003da7fedbc59
000003da939742b9
000003daa5257c79
000003dadbda15f9
000003db5b7cd1b9
000003db96cbf279
000003db9dd12d99
000003dbf88fb679
000003dbf88fc859
000003dc12c3c4b9
000003dc2465b959
000003dc38c57bb9
000003dc8fb75759
000003dccc237f39
000003dccecf7cb9
000003dccfa0eff9
000003dcf74c6239
000003dd08487b79
000003dd506fd679
000003dd5ac66339
000003dd6ce17219
000003dd8316d6d9
000003dd98be1cf9
000003ddf2af4499
000003de01127ad9
000003de237a59b9
000003de2843d879
000003de4403f839
000003de62608f59
000003de6dd8c079
000003de6dd8d459
000003de8abeacd9
000003de9b678839
000003de9e9e4659
000003dea635a059
000003dea9748619
000003dec3bad7d9
000003ded8f81af9
000003defaea6559
000003df05336739
000003df0b3e7839
000003df97825759
000003dfb39938d9
000003dfb57814b9
000003e023704599
000003e035c786b9
000003e046191c99
000003e049706d99
000003e05b899279
000003e0627813b9
000003e06f50b239
000003e077c67df9
000003e0913b8299
000003e0a5cc2fb9
000003e0b4b93519
000003e0f4e20219
000003e10a509859
000003e10a50a0f9
000003e1159f55f9
000003e116d9ba39
000003e127d035d9
000003e149918359
000003e166389e79
000003e181878cb9
000003e1869144b9
000003e18b191759
000003e19a603b59
000003e2140387b9
000003e2208dcff9
000003e23ac23839
000003e23e9122d9
000003e25bacba39
000003e275236219
000003e277ecd119
000003e28cedbb39
000007c522a75261
0000000002232571
0000000000000181
000003e29588b779
000003e2a680e5d9
000003e2b27e5979
000003e2b5ed2b79
000003e2b914e859
000003e2c8ed7919
000003e2d74ca059
000003e2dd4a2259
000003e30cf12879
000003e311b951b9
000003e322989319
000003e32298a079
000003e33f2412f9
000003e38bd5f6b9
000003e38bd600b9
000003e3bb51a179
000003e3bb51aa19
000003e3bb51b439
000003e3ec5a7559
000003e3f5596419
000003e41f6906f9
000003e433bff3b9
000003e433c00939
000003e4395667d9
000003e43bea84b9
000003e464b33859
000003e48d06a8b9
000003e494ba1379
000003e4981fd9d9
000003e4981ffc39
000003e4b7a4ac59
000003e4bb2c0b39
000003e4bee9bab9
000003e4befe6a39
000003e4c47ce5b9
000003e4ee905f59
000003e4f1e8a399
000003e4f1e8b319
000003e529afd979
000003e55b9bf619
000003e560d38259
000003e565989b79
000003e566634719
000003e56c4cfd19
000003e593dd01b9
000003e5a871bbf9
000003e5d1babd19
000003e5ea663c39
000003e5ea664b39
000003e5ed85ead9
000003e622aac399
000003e6269e1ed9
000003e62d08d719
000003e62d08da39
000003e65402a379
000003e658c19eb9
000003e66f661f99
000003e674581859
000003e68d735ff9
000003e690b29019
000003e6ae1d87f9
000003e6d7a35079
000003e6ef446c59
000003e73313de59
000003e780fba579
000003e7828ffdf9
000003e7c1ab5c59
000003e7c62e1a79
000003e7c655db19
000003e80d4dfeb9
000003e82d824279
000003e83c061599
000003e8402b6539
000003e856037bb9
000003e8747129f9
000003e88cd4b099
000003e8a4708c39
000003e8c8327eb9
000003e906647fd9
000003e9078b20b9
000003e95715a0d9
000003e95def8299
000003e961d87bd9
000003e962ac5559
000003e996d73959
000003e99eea2eb9
000003e9a48813f9
000003ea0705cab9
000003ea07b1eaf9
000003ea0dbad1d9
000003ea31b4e579
000003ea365c2799
000003ea473cfc99
000003ea47d9ebd9
000003ea6489afd9
000003ea68a067b9
000003ea6a9b5b79
000003ea84fc0119
000003ea8e2de519
000003eaa018b699
000003eabbbba1b9
000003eac1e73239
000003eac3134659
000003ead3d84b59
000003ead5d84b39
000003eaeea2d099
000003eaf235b9d9
000003eaf57b9879
000003eaf57ba5d9
000003eafc274d79
000003eaff302159
000003eb2c7b24f9
000003eb3bb2e2b9
000003eb61c60319
000003eb6e4cbd19
000003eb9bf91a39
000003ebcc3e3cf9
000007d7c311ee61
0000000002232571
0000000000000181
000003ec07bc6fb9
000003ec1e5ded79
000003ec244c8cd9
000003ec3673c2d9
000003ec6496d5f9
000003ec7511f959
000003ec8abbe819
000003ec9e2171d9
000003eca28a22f9
000003ecab7ad7d9
000003ecca1ffa59
000003ed522b5559
000003ed8c947379
000003ed93f6d139
000003ed9b1a7d59
000003ed9ca651b9
000003edc948d619
000003edd1459ef9
000003edd1a71459
000003edf9faa599
000003edfea495b9
000003ee028f5599
000003ee10e41059
000003ee1614c779
000003ee2237a719
000003ee2b120079
000003ee4a671799
000003ee64bfc359
000003ee67390fd9
000003ee7c8996d9
000003ee7e734539
000003ee99739cb9
000003eea1954019
000003eee36a9f59
000003eee8e3e6f9
000003eef7b41959
000003ef415959d9
000003ef47736759
000003ef4e159f79
000003ef60cda459
000003ef876dcdd9
000003ef8d919d99
000003efa00c7bd9
000003efa2662699
000003efa279a9d9
000003efd05d25b9
000003efe24d8399
000003eff1c15f39
000003eff395d8b9
000003f003555ff9
000003f070e34ef9
000003f07601c299
000003f07688b439
000003f0a1d68dd9
000003f0b59a5b19
000003f0b59a5cb9
000003f0ebf6e259
000003f0f1b9f4d9
000003f0f41a7139
000003f100b8d9b9
000003f10d3f43b9
000003f11205a2b9
000003f15b12aa99
000003f15b709239
000003f17a52de99
000003f1928b04f9
000003f1bfe23799
000003f1d47fa079
000003f1e2630199
000003f2277f3639
000003f245e41599
000003f24f4c5019
000003f26c9c5019
000003f280d955d9
000003f280d95719
000003f29814c4f9
000003f29f2f5bf9
000003f2c897c399
000003f2d7ab3d79
000003f2d9db0619
000003f2fc154a19
000003f2fe8fb9d9
000003f33b6c9f19
000003f3457bfad9
000003f374d326d9
000003f37b270e39
000003f38392e959
000003f413dff6f9
000003f413dff8f9
000003f41e7cf819
000003f43b369a59
000003f48d177a99
000003f4d66193d9
000003f4e2028199
000003f4e8944a59
000007ea637c8b61
0000000002232571
0000000000000181
000003f54cc9d9f9
000003f55ad45c99
000003f59c64f3b9
000003f5c5ac29f9
000003f62fc9e7d9
000003f63ad0ae99
000003f643549479
000003f6a03e81d9
000003f6a07d6f39
000003f6bccbd599
000003f6ee124d39
000003f71e883719
000003f71e8838d9
000003f71e883a79
000003f7230cff19
000003f7338739d9
000003f733874919
000003f746d73459
000003f74ae618f9
000003f74ae62b19
000003f75b907a19
000003f768f67179
000003f7906f8159
000003f79a837919
000003f7b9581339
000003f7c07d7979
000003f7c730c7b9
000003f7f15d2a19
000003f802998a19
000003f805022eb9
000003f81c13fc99
000003f836523cd9
000003f8392188d9
000003f847785319
000003f8478f6fd9
000003f8597430d9
000003f880867919
000003f88196fc99
000003f8ad3eb4f9
000003f8b65799b9
000003f8d291b559
000003f8e363ecb9
000003f91431c679
000003f91e8155d9
000003f97a93ec99
000003f9a9541859
000003f9b9671899
000003f9cdc3c239
000003f9cdc3d899
000003f9cf53dd79
000003f9d1808579
000003f9d27f8e59
000003f9ead80bd9
000003fa07d04cd9
000003fa10319439
000003fa1bb90ab9
000003fa2588b079
000003fa34339a59
000003fa36ce2539
000003fa49dd1219
000003fa4b2c33b9
000003fa98caf739
000003fadc46ff99
000003fb261d29b9
000003fb58b5a759
000003fb641bd439
000003fb66844279
000003fb8e306779
000003fbc0dfc8d9
000003fbc2d89c59
000003fbc2d8b219
000003fbf47c4f99
000003fbf5b7c8f9
000003fc0f7563f9
000003fc258221d9
000003fc2e409ad9
000003fc3b828b59
000003fc3b829459
000003fc49976479
000003fc7168fd59
000003fc721774f9
000003fc995e8379
000003fca2283d19
000003fca5117119
000003fcaa5b1f39
000003fcb27e7599
000003fcc678cc79
000003fd06fe5239
000003fd0e349bd9
000003fd0e6d5e19
000003fd0fbea6b9
000003fd1aa1d059
000003fd1aa1f1d9
000003fd4fd2a779
000003fd4fd2ab19
000003fd51271279
000003fd6bcb4499
000003fd72db9df9
000003fd74d6c679
000003fdee092819
000003fe782c70d9
000007fd03e72861
0000000002232571
0000000000000181
000003ff0311a479
000003ff0be55879
000003ff11d23799
000003ff19b89e19
000003ff1e631fd9
000003ff2cb992b9
000003ff323e81f9
000003ff447dfe79
000003ff75362a79
000003ff7bac9d79
000003ff91eeced9
000003ffb8a48219
000003ffbf7c63d9
000003ffcbd11259
000003ffce80f2f9
000003ffd9c08819
000003ffe4f3b1b9
000003fff6b97d99
000004006459c379
000004007c1b4ff9
0000040097ddb379
00000400a56b7d19
00000400c4fc6ed9
00000400e3e7b999
00000400e8fbe8f9
00000400f1716f79
00000400fbe47259
000004012ac37239
00000401319990f9
0000040135a87879
000004014223d0f9
000004014223daf9
00000401609d0c99
000004016fd7b6b9
000004017bafac39
00000401a339f5f9
00000401c12a2779
00000401d4fbe1d9
000004022a47c019
0000040242afb459
000004026ca74479
00000402827fea99
000004028c5ca3f9
00000402b797a479
00000402df820519
00000402ea480099
000004034c265d19
000004034c266df9
00000403540c6299
0000040355c9a3b9
0000040398ba63f9
00000403a9d367b9
00000403c2d52799
00000403d9ebead9
00000403dc5ccad9
00000403ef5de2b9
000004040d56d859
000004041f72b6d9
000004042c229ab9
000004045f45f599
000004048b3809f9
000004049d03ba99
00000404df83d539
00000404e21460d9
00000405010a2779
000004050621e3d9
0000040554f2b859
0000040554f2ccb9
000004055635ad19
000004055b2accb9
000004056b9a5ef9
0000040583420759
00000405932b2b19
00000405959d9fd9
00000405b60b3919
00000405b60b3ad9
00000405ba5419b9
00000405fcd9e239
0000040601861819
0000040619315c19
000004062813fb99
000004066251e1d9
00000406633da7d9
00000406755630d9
0000040679c25739
00000406ade69ed9
00000406ade6a099
00000406c5c5ffd9
00000406c70589b9
00000406ed0b9bd9
00000406fc941299
00000406ff470b19
0000040705711099
0000040710cebe19
000004071126e2f9
0000040734be2df9
000004073a10cdd9
0000040745fb0779
000004074bbc7c39
000004075ca93d39
0000040772049ad9
0000040772a57bb9
000004077e12db79
00000407a86a98b9
00000407bb5079b9
00000407d07452b9
0000080fa451c461
0000000002232571
0000000000000181
00000407ec8fde19
00000407ffecc779
000004080a668139
000004081df2fa79
00000408287b4459
000004086a40a7b9
0000040871490339
000004087371fa39
000004087c05ca39
00000408a107f479
00000408bdd25dd9
000004090f9d05d9
0000040945c4c7b9
00000409680d1c19
0000040979101b79
00000409c029e0b9
00000409c9169b19
00000409d3566dd9
0000040a20044a79
0000040a21101f79
0000040a2257bff9
0000040a2c009ab9
0000040a443f99f9
0000040a5d77a359
0000040a6db40a99
0000040a7a0a3079
0000040a7edcf379
0000040a9bd97599
0000040aba1b57d9
0000040ac320e119
0000040acd403419
0000040af2e0f0d9
0000040af85d7559
0000040afce484f9
0000040b0ac0d439
0000040b18c172b9
0000040b24cbda99
0000040b360675f9
0000040b53e61b39
0000040b6b435419
0000040b76c48bf9
0000040b8747b199
0000040b8b9c7d59
0000040ba9c138f9
0000040bbf5cceb9
0000040bbfc1af19
0000040bc66ee179
0000040bdfbbff99
0000040be2b9f119
0000040c1ca2f359
0000040c44a861d9
0000040c4507d419
0000040c88bd3bd9
0000040c918f47f9
0000040ca19b9859
0000040cc1b19a79
0000040d021555b9
0000040d02156699
0000040d30b96999
0000040d491f52b9
0000040d5bb7b279
0000040d6c734af9
0000040d833426b9
0000040daa358319
0000040db04f51b9
0000040db7e30a59
0000040e07c09e99
0000040e091eb519
0000040e389b35f9
0000040e389b37d9
0000040e5537bed9
0000040e5b557c79
0000040e626e28b9
0000040e90ee7c39
0000040e9b43a059
0000040e9fc332d9
0000040ea770c1b9
0000040ec19e7799
0000040ece613c39
0000040ed8039df9
0000040f0dc477d9
0000040f1cfa67f9
0000040f1cfa69b9
0000040f212c9659
0000040f5ad89c59
0000040f5ad8b219
0000040f6bd82d19
0000040f6ff3f7f9
0000040f7bac42d9
0000040f9ec97d19
0000040fd68327b9
0000040ff441d5d9
0000041006a62e39
000004101b7cc119
000004102a3c59b9
00000410324c0cd9
00000410761887d9
000004108328ffb9
000004109bc4a0f9
00000410a24da479
00000410c947e319
00000410d65272f9
00000410d73bf539
00000410e62db519
00000410ea81dc39
00000410fe707079
0000082244bc6161
0000000002232571
0000000000000181
000004112beca1b9
00000411379285d9
000004113e7829b9
0000041140e55699
00000411441355b9
000004115237cd99
000004115c92b019
000004116d557519
00000411741b1db9
0000041174c8f679
000004117a234a19
000004117bfbc379
00000411871e94d9
00000411871ea839
00000411a81372b9
00000411a9d8c4d9
00000411aac2c179
00000411b8498fb9
00000411be5b4359
00000411c888cc79
00000411c888e459
00000411c888ee59
00000411ca5d0cf9
00000411cd736359
00000411e21d1839
00000411e5c83259
000004120971e719
0000041216f92119
000004122c905459
0000041234051099
0000041234053999
00000412368b8839
00000412499388b9
0000041249b6a259
0000041254ad2af9
0000041255cacd79
00000412578bc339
0000041263f24fd9
0000041278250059
00000412849e1ed9
00000412ac9ddb79
00000412b61b54d9
00000412d0ff2bd9
00000412f473cc39
0000041318ae82f9
000004133b73b999
000004136dfa2139
000004137cbdd8f9
0000041387c02f39
00000413cd7d2199
00000413d90c2e59
00000413f6b2e8f9
0000041418188e99
00000414274f1819
0000041433b9d839
000004143e1f6a99
000004143f5d8499
000004145f6c21b9
00000414729eab39
00000414729edbf9
00000414b1795259
00000415036e3939
00000415080755b9
000004151284f799
000004152b931019
000004152b931f99
0000041534e23b99
000004154a612e59
0000041557f235f9
0000041582380df9
0000041582590459
0000041597fe6039
00000415d0be2839
00000415edd584d9
000004160e382659
0000041631c57c79
0000041661afbd79
00000416652b4af9
000004166fd83939
000004167ce4b3d9
00000416817ffd79
00000416880a06f9
000004169e08e419
00000416a3ca4119
00000416b30e0679
00000416cd2f3eb9
00000416d70d2cf9
00000416eccca059
00000416fac6ac59
000004171a9238f9
0000041735182ad9
000004177a745b39
00000417978115b9
00000417a5f7aed9
00000417c8986059
00000417c8987439
00000417cd2217f9
00000417d27cb939
00000417e6d3e0d9
00000417e84eb519
00000417e84eb719
00000417e84ec979
00000417e84ed379
00000417f4785179
00000418182387b9
0000041818e2fd79
000004182ec06e59
000004188f216e19
00000418dde2d5d9
00000418ed984b39
000004190290bdf9
0000041904a284d9
0000041904b9b339
0000041911081cd9
000004191405bf79
000004191405c7f9
000004191408d9b9
00000419344d3f59
0000041937591c19
0000041978d5fad9
00000419a91f8759
00000419c64d7119
0000041a20dc9a79
0000041a2aa529d9
0000041a2da5e4b9
0000041a4a6dbad9
0000041a4efea159
0000041a5d995f19
0000041a6ef95259
00000834e526fd61
0000000002232571
0000000000000181
0000041aaad7b959
0000041ab51f8899
0000041ac77ca4f9
0000041adb3bd619
0000041aee859319
0000041aff1b4159
0000041b3d1bebb9
0000041b3f5abbf9
0000041b4a64d979
0000041b539a02b9
0000041b580fb079
0000041b6f3d9fb9
0000041b82bba399
0000041bc75d5d79
0000041bdfaff319
0000041c155b8fb9
0000041c236b47b9
0000041c37987439
0000041c403fcfd9
0000041c44aa54b9
0000041c5138caf9
0000041c5e56bcf9
0000041c8a2500f9
0000041c98754e19
0000041cb2ef90f9
0000041cb6070e79
0000041cb863b819
0000041cba44c079
0000041cd6ada019
0000041cdac6fb19
0000041ce79488d9
0000041cf7865299
0000041cfee3c619
0000041d165698f9
0000041d1656a9f9
0000041d1656abd9
0000041d1656b3f9
0000041d1bb5aa79
0000041d1bb5bdd9
0000041d1bb5d579
0000041d29309379
0000041d357a8499
0000041d357a86f9
0000041d5640dfd9
0000041d960e2f99
0000041dba0484b9
0000041dd004eb59
0000041df00a8999
0000041e163319b9
0000041e3144d119
0000041e82862179
0000041e87ca6039
0000041ea5d99219
0000041ea5d9ad99
0000041ebccb2359
0000041edd24a419
0000041f074ed2d9
0000041f1f8d6d59
0000041f33667919
0000041f76156a39
0000041fa3efc659
0000041fa9277f79
0000041fbe21fab9
0000041fc3c40959
0000041fc481c619
0000041fca7692d9
0000041fca76e739
0000041fca76f839
0000041ff6233c39
0000041fff80b899
000004200f178e59
0000042024f875f9
0000042044a1e8d9
000004204a607d99
00000420610ca3f9
0000042078e08e39
0000042091b75e39
0000042102e4f939
000004210555d119
0000042108bb9919
000004213b680a19
000004215d8bd519
00000421646d1af9
00000421725edb99
00000421755b93f9
0000042198400559
000004221ad4ce99
0000042226c60e79
0000042247d9a599
000004226508a739
000004226508a919
000004229521b539
00000422ae476ff9
0000042300a74059
00000423079e03b9
0000042323eb3179
000004232c98b259
000004234cda8479
0000042356c478d9
0000042384206299
000004238be899f9
000004239f1948f9
0000084785919a61
0000000002232571
0000000000000181
00000423dcad5b79
00000423df7e4af9
00000423e8b024d9
00000423e8b037b9
0000042409a819f9
000004241d2e6e39
000004244cdb1339
000004245f7c6079
000004248498daf9
000004248d061d39
00000424d0070c59
00000424eedebfb9
00000424fea0ad19
0000042502823f19
0000042502f03df9
000004252e023f99
000004252f09b8d9
0000042542834959
00000425548ecb99
000004256465c999
000004257ccffe79
00000425bbd12719
00000425bf42c859
00000425c29980f9
00000425fbb040f9
000004260a150e79
00000426242a0c79
000004262efd7ab9
00000426337ff8d9
0000042644507d19
0000042644508c79
00000426445094d9
0000042644509679
0000042644509bf9
000004264450a4d9
000004264450a5f9
000004268dff4979
00000426ae130099
00000426b9fd8599
00000427272de9f9
000004272a202e59
000004272a203df9
000004276b344db9
00000427757d4f99
0000042786b8e219
000004278b0b2ed9
00000427a120f099
00000427a249d079
00000427b4d26e79
00000427df31e879
00000427e3a72719
00000427e7c14859
00000427f5019cf9
0000042801e7f6f9
0000042801e80979
00000428039e05b9
000004280fd083f9
000004280fd09539
000004281caa37b9
000004281caa4ef9
000004281caa5919
0000042846c29459
000004288790e399
00000428955d0c79
000004289b272659
00000428b07e4639
00000428cbf71939
00000428d0510299
00000428e75be279
0000042905dc3e19
00000429244b1bf9
00000429318ee199
00000429813348b9
000004298dff31d9
00000429a580cc99
00000429a88eac59
00000429ace54e99
00000429b26ac739
00000429c05f85d9
00000429c4986959
00000429ca5bb499
00000429ecfe7c99
00000429fc8ea599
0000042a31fbc479
0000042a3e7bb2d9
0000042a5b1ac8f9
0000042a6d85ea79
0000042a86870579
0000042a8f8c1ed9
0000042ad410dfb9
0000042adc6ab559
0000042ae09351b9
0000042ae4e37cf9
0000042b0e789519
0000042b552a87f9
0000042b7a0e2b19
0000042b7a469bd9
0000042bc274de19
0000042c1d56d599
0000042c206acf59
0000042c387a46d9
0000042c4d1243b9
0000042c843f6db9
0000042ca5b9c099
0000042cb5cfe499
0000085a25fc3661
0000000002232571
0000000000000181
0000042d1b8ac379
0000042d353cbed9
0000042d394ee099
0000042d4ea2a739
0000042d4ea2ba99
0000042d4ea2c499
0000042d4ee431b9
0000042d574abf59
0000042d6cb31959
0000042d9dcba1b9
0000042da8be8699
0000042db877b299
0000042db97490f9
0000042dbabc2dd9
0000042dda3051f9
0000042dda67e8f9
0000042ded20d539
0000042df5dbaf79
0000042e12691219
0000042e3be4dbd9
0000042e3cf397d9
0000042e56b89739
0000042e70cfe1f9
0000042e72829bb9
0000042e851efcd9
0000042e97dfc1d9
0000042ecef5e159
0000042ee88446f9
0000042eed804ef9
0000042eed80a479
0000042ef9f39e39
0000042efb7eeb59
0000042f26e99159
0000042f41622a59
0000042f462b50d9
0000042f513943b9
0000042f7d5a8079
0000042f8484dc79
0000042f84fca459
0000042f882e09f9
0000042f9a6e7999
0000042f9a6e8e79
0000042fa3c97799
0000042fb9ddadf9
0000042fc39f2039
0000042fc58242f9
0000042fd00701d9
0000042ff0952a59
0000042ff280de99
0000042ff73c1e79
000004302d1e5c99
0000043073b7e579
000004307f74e039
0000043094bc75d9
0000043094bc83d9
00000430c80261d9
00000430db3b3b99
00000430fffb7839
0000043102882699
00000431596b4d39
0000043174d68239
00000431861d02f9
00000431992fcf79
00000431af5a1b19
00000431b27d3ff9
00000431d4114779
00000431dfd86359
0000043200c9aff9
000004321fab6ef9
000004325a788a79
00000432ad5341d9
00000432d33b2f79
00000432f2ca6079
000004330a905919
000004330a9daf39
000004331f2f4f19
000004331f2f63b9
00000433317604b9
0000043336c158b9
00000433389d4399
000004333fe209b9
0000043349baad19
0000043356fc1b99
000004335f5a1199
000004336fdb1139
00000433a65eb1d9
00000433aaba61b9
00000433abba8139
00000433bcb083b9
00000433fe92ee99
00000433fed93659
00000434060543b9
00000434620f14f9
000004347bc58099
000004348d02ca19
000004348e4d09b9
000004348e4d1259
000004349f277919
00000434a756b0d9
00000434c2aa68d9
00000434c2d3c839
00000434d0c0c979
0000043508d4c0f9
0000043538f8ab59
0000043538f8acf9
000004354d504b19
000004354eed5939
000004355337d059
000004356111b019
0000043591b380d9
000004359c5d6119
00000435d56c31b9
00000435f49c6c19
00000435f6453a99
00000436067fbed9
000004360a3b9e19
000004361cadb5f9
0000043635745599
00000436378031f9
0000043660364b39
0000086cc666d361
0000000002232571
0000000000000181
0000043669fe69f9
000004366de9bd39
000004367237c659
000004367fa870f9
000004368998bd39
000004368aaf62d9
000004369b063cd9
00000436b25fde99
00000436b49c52d9
00000436d04740f9
00000436d6f5d159
000004371ff8f059
00000437251837b9
00000437599e77b9
00000437599e7a59
000004375bbf37b9
000004375f1b44d9
000004378643c379
000004378be13739
00000437aae36db9
00000437c7f76ab9
00000437e78a5ab9
00000437e8056ed9
00000437ee9f4779
000004383533c559
0000043861cab759
000004386a75f2f9
000004386b7e4199
000004386f1d1e99
00000438a4da9859
00000438b06267b9
00000438d58ab859
00000438fac09979
00000438ff4556b9
00000439038d3939
00000439078f6379
00000439097446b9
000004391d75c9b9
000004393022f799
0000043938cabeb9
000004394a9ad779
000004397d18b759
000004398cdd1b19
00000439939ea7b9
00000439967c5939
00000439a71c21f9
00000439e719d7b9
00000439ee0cea79
00000439ee0cf2b9
00000439ff88cdd9
0000043a004fcb19
0000043a0496ee59
0000043a0496f079
0000043a30e26399
0000043a4915e219
0000043a5b0724b9
0000043a79352839
0000043a957b1999
0000043aaf7a5e39
0000043ab7d88fb9
0000043aec06e119
0000043af84bb2d9
0000043b05112299
0000043b0f08f059
0000043b39e63f59
0000043b4486e179
0000043b4b3c09b9
0000043b557b8779
0000043b67657d59
0000043b714ed359
0000043b7305e259
0000043b9d70ad59
0000043bac6bb999
0000043bbcfbaa59
0000043bbe8e5eb9
0000043bbe8e8159
0000043be7da7799
0000043bf5b2a3b9
0000043c2a284c39
0000043c4ee10db9
0000043c65ed1399
0000043c7cdbcb99
0000043c9eaffc39
0000043cbe4e65d9
0000043ccb942d19
0000043ce0abde99
0000043cf5587299
0000043cf5d88cd9
0000043d071042d9
0000043d35b83879
0000043d489cb899
0000043d8f236c99
0000043dad1d7819
0000043dcdc2d3b9
0000043dff4e1939
0000043e0fe1b2b9
0000043e37465a19
0000043e37467259
0000043e415c2879
0000043e4adba799
0000043e6fb97c99
0000043e8e6bb759
0000043e95f3cc39
0000043eba37fd39
0000043ee2023259
0000043ee2ab7859
0000043f0e0018d9
0000043f31a0b6b9
0000043f5f0eb1b9
0000043f620260f9
0000043f7918add9
0000043f8fd53479
0000087f66d17061
0000000002232571
0000000000000181
0000043fbc1cbaf9
0000043fca531bb9
0000043fd30e8359
0000043ffa1264b9
0000043ffd5ea699
000004401349f279
0000044069315399
000004409654cf39
0000044104950f99
0000044116bb7b99
0000044117df2599
0000044126eed5f9
000004412ffeff59
000004416e593d39
00000441ad0dd979
00000441bb86aed9
00000441d56ecb39
0000044220929e39
000004422f1be0f9
000004424c2e95b9
0000044252fc7859
0000044252fd1a79
000004425b076379
000004426604ae59
0000044268a3b6b9
0000044269585cf9
0000044271cab4d9
00000442849b98d9
0000044285467059
000004428e375239
0000044292201799
00000442a1eb9619
00000442b6bf4ef9
00000442c8e06179
00000442d20f4519
000004430958ae19
000004431699adf9
0000044319eb2319
00000443608afd39
00000443608b0e99
0000044367905959
0000044372ea6cb9
0000044376cb8bb9
00000443795cdc79
000004437a122d39
00000443a5c8b7b9
00000443b043c959
00000443bd0e95f9
00000443c658fc59
00000443c96e80d9
00000443cd980439
00000443dc779299
00000443eb9d7619
000004443c0103f9
000004443c0166b9
000004443c016879
0000044470386f59
00000444745e7739
0000044481ea8339
00000444aa419079
00000444ad5af559
00000444d60d3379
00000444fe153559
000004452892d379
0000044544572959
000004454e99f939
0000044552c0bb59
000004456edef979
0000044578b54eb9
000004457ac3cc39
0000044583076c99
0000044583e2cf79
000004458a242699
000004458e54e579
000004458f2b49f9
0000044591d0d9f9
000004459897c9d9
00000445bbce44d9
00000445d60ea759
00000445e29e4339
000004462c789bb9
000004464660ccd9
0000044687f4a379
00000446a28b6ff9
00000446aa05f259
00000446ad34a1d9
00000446b0a7cf59
00000446b3575c99
00000446ba160559
00000446c7c15ef9
00000446d1851cf9
00000446d366fd99
00000446d5ddaf19
00000446d60589b9
00000446e03622d9
00000446f6427f79
00000446fb6c9499
0000044702276079
000004470b7b0739
00000447755cc1f9
0000044778acd3f9
0000044797c57a59
00000447e1947ff9
000004480718e039
000004483f40a0b9
0000044847149fb9
00000448612b4579
00000448808d6959
00000448818c9759
00000448a10db4b9
00000448a10dc079
00000448a9c1d4d9
00000448a9c1e859
00000448c9678139
00000448ceec3b19
00000448ff80d9d9
00000892073c0c61
0000000002232571
0000000000000181
0000044909896539
000004491aff64d9
00000449537151f9
000004495c528779
000004496a0e39f9
00000449730c2519
000004498d899279
000004498e013899
000004499bfec7d9
00000449a30a80f9
00000449ae0e4119
00000449c5f0c759
00000449d3cf6059
00000449e19a0b59
00000449e3457619
00000449e4c5c2b9
00000449ea1294b9
0000044a1ad6d4d9
0000044a2958c339
0000044a58b51b79
0000044a71be5e19
0000044a888ee319
0000044a998199b9
0000044aa8b5e059
0000044aac7b5819
0000044ad194c519
0000044ad194ce99
0000044b03d2b879
0000044b094ab9d9
0000044b13ff6b79
0000044b1ba1ed99
0000044b65c55959
0000044b662f5859
0000044b6cc5c019
0000044b74bdeff9
0000044b834e0299
0000044bc62cf819
0000044c19ba9f19
0000044c1a794619
0000044c2142f459
0000044c39167db9
0000044c391d5e59
0000044c67fc5e79
0000044c85414219
0000044c8dc778f9
0000044c9343b179
0000044ce66d8939
0000044ceec7adf9
0000044cf41c26d9
0000044d35535299
0000044d3e06c979
0000044d4fbf85b9
0000044d62c9f319
0000044d707653f9
0000044d757c4dd9
0000044d8e566d79
0000044da6502319
0000044dc15665b9
0000044dc4985239
0000044dd2416479
0000044de4688e99
0000044de4ea9359
0000044ded433719
0000044e06f5bdf9
0000044e07dfffb9
0000044e1323d819
0000044e2754cc19
0000044e31d82499
0000044e3cadeed9
0000044e49ceffb9
0000044e4b670a79
0000044e67c90739
0000044e75a68a79
0000044e9cb39a19
0000044ed303a799
0000044ed6b88fb9
0000044f0a743079
0000044f0a743d99
0000044f0a744dd9
0000044f0a745659
0000044f0ab64f79
0000044f41751ab9
0000044f5c379ad9
0000044f7642bc59
0000044f79447879
0000044f856fa4f9
0000044fae551cb9
0000044fafdab699
0000044fd2d38119
0000044fd5db5a79
0000044ffd623d19
000004502761f3b9
000004502fe6e1b9
0000045044d66839
0000045077295779
000004507b1e3a79
0000045088f20119
000004509005a339
000004509eda3599
00000450a4290b19
00000450a7819bf9
00000450c5498539
00000450c57d55f9
00000450d697b6b9
00000450f50d2c19
0000045115d93b39
0000045115d9a639
0000045120926ad9
00000451bfd6ee19
00000451d7eb9739
00000451e54527d9
00000451e9458819
00000452030c6319
0000045235f142d9
000004524c1e8019
0000045251ac16d9
000008a4a7a6a961
0000000002232571
0000000000000181
00000452616746f9
000004526b32e659
000004529322fe19
00000452d5200879
00000452d5202819
00000452dc33d479
00000452dc33d879
00000452dc33ffb9
00000452ec980159
000004536723a299
000004536723b339
000004536a9374f9
000004539f0df139
00000453bc783f39
00000453cd35c6f9
00000453ed9c3399
00000454005c9ad9
000004540d306bd9
000004544ef9baf9
0000045464baf199
00000454b1234cd9
00000454d566a5d9
00000454e230f739
00000454e3617a19
00000454e3618939
00000454f2b81579
0000045507c92159
00000455151be5f9
000004551bcd7039
0000045521f41779
00000455a3175519
00000455eb87b279
00000455ffb714d9
000004560ac40c59
0000045612bd9d39
000004561be495f9
00000456445c0759
00000456445c1d79
000004565430e999
00000456545d3339
000004565aff93d9
0000045664381e59
000004566ab8aab9
0000045678b80c39
000004568d614a39
000004568db96d19
000004568db98cb9
000004569d372339
00000456a92acc59
00000456c81789d9
000004570c092019
00000457261c5459
000004573472ff39
0000045740f06b39
000004574782b519
000004575ab989d9
000004575c456d39
000004577b9957d9
00000457998dfaf9
00000457b165e6f9
00000457b8983c59
00000457d6a54b59
00000457e5d8ef99
00000457ede86ff9
00000457fc929c79
0000045801b6c8f9
0000045814605a99
00000458180527f9
0000045818057eb9
00000458af5a5bb9
00000458b6648f39
00000458f12885d9
00000458f1289e59
00000458f128ae19
00000459113f8f99
0000045926cf1359
0000045930198df9
00000459808f95b9
00000459a139f7f9
00000459b21a06b9
00000459ba7633d9
00000459c04489d9
00000459f3c5f399
0000045a17d52c39
0000045a19b55919
0000045a269d06f9
0000045a35d13b59
0000045a3bb6b2b9
0000045a4b0326d9
0000045a99725e59
0000045ab6b5e7d9
0000045ad2f36479
0000045ade4337b9
0000045ae2df9559
0000045ae2dfaab9
0000045b046f0819
0000045b6ac58f79
0000045b84e5a759
0000045b9a78b179
0000045ba2b67279
000008b748114561
0000000002232571
0000000000000181
0000045bae407a19
0000045bc1e627f9
0000045bc1e62959
0000045bc91149d9
0000045bd633d239
0000045bdfbceb39
0000045bdfbcfb79
0000045be3d811f9
0000045c0acd1f19
0000045c152f6e59
0000045c18033899
0000045c22627bd9
0000045c44e8c659
0000045c8c9618f9
0000045c8e5221d9
0000045c9f0d4c59
0000045caf940939
0000045cf04a1df9
0000045d11557d39
0000045d11558099
0000045d3c581d99
0000045d426f6cf9
0000045d545257d9
0000045d99b1ee59
0000045dc09590b9
0000045e07e7d219
0000045e2b7ceef9
0000045e6a248ad9
0000045e9332a2b9
0000045ea8ff0379
0000045ecc260e39
0000045f188a1c79
0000045f188a33b9
0000045f3cf08cb9
0000045f4121efb9
0000045f412676d9
0000045fa34389b9
0000045fa6504a19
0000045fc3ff7939
0000045fc633b639
0000045fc75caa99
000004606c8bc4d9
000004606d857f99
000004606d858b59
0000046074de3a79
00000460775a7659
00000460cbd92779
00000460cdb68539
00000460ceab6599
00000460d86db1b9
00000460dec61f79
00000460e0669af9
00000460fd09ff19
0000046135eedeb9
0000046139862e39
000004617650af99
000004618ab4c719
0000046198b81279
0000046199051519
00000461b45945d9
00000461b6a247b9
00000461c5e3b9d9
00000461db6d7d79
00000461edc1ec59
00000461f1c1ec79
0000046221ec0e59
00000462247fef19
0000046230785839
000004623d493439
0000046241039bf9
0000046245ee8b79
00000462a8f3af59
00000462b7cb4e39
00000462c48138d9
00000462fe78bf39
000004631907bd79
0000046372531f59
0000046383b0a0b9
00000463c67a00f9
00000463e9944439
00000463ecea32f9
00000464056e1bf9
00000464056e1df9
00000464056e2619
00000464056e6f39
000004642bec22b9
000004642e50ae59
000004643363c979
000004644d470119
000004644d470e79
000004644f179c39
0000046463c6f819
0000046472a397f9
000004648a9e61b9
000004648c58a319
000004648c90de19
00000464b5f0de79
00000464ed303dd9
00000464f0918059
000008c9e87be261
0000000002232571
0000000000000181
00000464fcb21559
000004651b0f5779
00000465461c43d9
00000465610c01d9
0000046572c8bd59
000004658b800c19
000004658bc98759
0000046594a84539
000004659989a079
00000465a9ba7199
00000465df7f1a99
00000465e32517f9
00000465f0332fd9
00000465f0b31b19
000004662c8d4559
00000466512b4259
00000466514cf999
00000466657eb199
0000046677059879
000004668614f3b9
0000046688479e59
00000466b118aab9
00000466bcf5b619
00000466fd7800b9
000004672d8a1039
0000046761aaca59
0000046771cbe6b9
00000467c5dd9879
00000467debfe2f9
00000468070e10f9
000004680c724f39
00000468135fe9f9
00000468578e5199
000004687e74fb19
0000046880a6cc59
00000468c689c8b9
00000468cc671079
00000468faaaebb9
0000046902f186f9
0000046903f91519
0000046907896159
000004691a958519
000004691a9595f9
0000046925b8fcf9
0000046926d31759
00000469324b34f9
00000469a531f2b9
00000469ead48e99
00000469fe8a6ff9
0000046a0b44c0d9
0000046a105dbe79
0000046a105dd0d9
0000046a1367e979
0000046a1fc6f559
0000046a2b4122d9
0000046a30a5b3b9
0000046a46167b79
0000046a4cb63059
0000046a715c8df9
0000046a71e3d699
0000046a75888139
0000046a9e7b1839
0000046ad3c5b7d9
0000046ae1f81099
0000046ae63a0a99
0000046b0ee424f9
0000046b265ddbb9
0000046b349b6359
0000046b3ec80ed9
0000046b518f55d9
0000046b7fda0f79
0000046b90cece19
0000046b90cedb79
0000046b90cee359
0000046bc2f78059
0000046bdc12a359
0000046be23fb279
0000046c036917b9
0000046c412628f9
0000046c66329cb9
0000046c7d45e8b9
0000046c9bc9cd19
0000046c9bca0199
0000046ca350fcd9
0000046cae43ff99
0000046cfbf29239
0000046cfd0268b9
0000046d03d68459
0000046d27ca2fd9
0000046d48816159
0000046d4a3e3339
0000046d4a3e40d9
0000046d5f683339
0000046d5f684d19
0000046d5f6855f9
0000046d639c2119
0000046d64b19cb9
0000046d8492b059
0000046dad6a3899
0000046db76e49b9
0000046dbfe8bc99
0000046dc3e556d9
0000046dc489ef99
0000046dd76c8399
0000046ddb3d4cd9
0000046dee8fbe19
0000046e2a73dab9
0000046e2c65f3b9
000008dc88e67e61
0000000002232571
0000000000000181
0000046e453a5d59
0000046e516fddd9
0000046e519d1799
0000046e62748ef9
0000046e741ea419
0000046edc0cf5f9
0000046f5a6a84f9
0000046f5d05ee99
0000046f9f124dd9
0000046fae27a9b9
0000046fc2fcfd59
0000046fcb40ce99
0000046fd50bf8f9
0000046ff06b55f9
0000047000f1cd19
000004702509db19
00000470305cf6f9
0000047047d76db9
000004704dee7ad9
00000470669c82d9
0000047074d2f459
00000470e56b8e99
0000047125056a99
0000047126f4c9d9
0000047149486fb9
00000471a175a5d9
00000471a33f6f59
00000471ab00ab79
00000471d3c09c99
0000047210277d99
0000047224e9e5b9
000004722c323bd9
000004723fc35139
0000047256a3f159
000004725a32d119
000004725ef42559
0000047270b84199
000004729c467199
00000472a605bfd9
00000472bec18439
00000472cb239f19
00000472df1c6a79
00000472fc33f6f9
00000472fc98e9b9
00000472fd7c5ab9
000004732ed7a0b9
0000047337f52a19
0000047340a818f9
000004735d5c9ab9
000004737afd78b9
0000047386185459
0000047387d269d9
00000473bdd47fd9
00000473bfdabc79
00000473e185c179
0000047406a30dd9
0000047449f8f9d9
000004744ff7a1b9
00000474634a57f9
0000047468567bf9
000004746995d959
000004746e421b39
0000047491d0f8f9
000004749304ed99
00000474af55b799
00000474b0c8fcf9
00000474f702a639
0000047535d33379
00000475475333f9
0000047547534eb9
0000047577798af9
0000047590069d59
0000047592770af9
00000475ac392d99
00000475ba810699
00000475d477d7b9
00000475d67e1eb9
00000475dbf64df9
00000476044c8b59
000004761bcb35b9
000004762b9119f9
000004762b911bf9
00000476351867f9
000004763cc91cf9
00000476549ac379
000004765fd395d9
0000047699d522f9
000004769f6a6a19
00000476b743b619
00000476c1445c19
00000476d06e7759
00000476dcef6fb9
00000476eea3e599
00000476faa3cab9
00000476ff062fd9
0000047720e610b9
0000047729234819
000004773dc380f9
000004774ac29d79
000004775df8c339
000004776854c8b9
000004776d455ef9
000004777d518959
00000477937b26d9
000008ef29511b61
0000000002232571
0000000000000181
000004779c456eb9
000004779de10179
00000477b3440419
00000477b815ce59
00000477bc153099
00000477c89e77b9
00000477deeeec99
00000477f10c6e59
0000047815d01539
0000047833326ab9
000004783846e5d9
00000478496c9b19
000004785af4e2d9
00000478a48a1939
00000478a48a2779
00000478b8dcc3b9
00000478badf5239
00000478e11ea5f9
0000047958160b79
0000047958160e19
0000047958160fb9
000004795ee9ffd9
0000047961018079
0000047974f59139
0000047974f592b9
0000047974f59cb9
0000047974f5a199
0000047974f5a379
0000047974f5b5f9
0000047974f5b9d9
00000479849210d9
0000047986e05479
00000479947c0b19
0000047995132859
000004799cc1aef9
00000479ad867339
00000479ad868919
00000479e0a66699
00000479f018d059
0000047a00045a79
0000047a45dec899
0000047a5438fc59
0000047a565a4ab9
0000047a565a5fb9
0000047a7245fc99
0000047a76750259
0000047aa0ca0979
0000047ab64d3ab9
0000047ab8b77739
0000047ac1aa2659
0000047ac265e419
0000047acb3b60d9
0000047ad311f279
0000047afc39a179
0000047b0ab46699
0000047b11818a59
0000047b20110659
0000047b40bac8d9
0000047b561a0e19
0000047b5b65eb39
0000047b9e36e9d9
0000047bb0325a79
0000047bbd49e8d9
0000047bc043c6b9
0000047bd1d2b5f9
0000047c02067419
0000047c12f888f9
0000047c435c62f9
0000047c7383f139
0000047c7d0ec199
0000047c7d0f1139
0000047c890b1519
0000047c8b413cd9
0000047c8b415159
0000047c933b6db9
0000047ccad773f9
0000047cec922b39
0000047cec924b19
0000047cf01b15d9
0000047cfcc16c79
0000047cfeea3099
0000047d27c635d9
0000047d3b095739
0000047d41f99339
0000047d45cdb1d9
0000047de9d8b199
0000047e1ac54d39
0000047e33c073f9
0000047e63591a99
0000047e6574d879
0000047e6d856b39
0000047e7c631859
0000047ea2f7db59
0000047eacb85b19
0000047eb27a9a99
0000047ee036de19
0000047ee1f03879
0000047ee68efc59
0000047f09e33a99
0000047f2620f539
0000047f2953e039
0000047f4ff5dc79
0000047f51e40f39
0000047f58675a59
0000047f69794af9
0000047f6c814419
0000047f9e192579
0000047fdcef3579
0000047fe9b771b9
000004800c67d659
0000048043ea1019
000004807069c399
00000480a9d605d9
00000480b753b959
00000480c5aef019
00000480d050dc59
00000901c9bbb761
0000000002232571
0000000000000181
00000480e417f4d9
0000048101378a39
00000481076bb739
00000481190d6e39
000004812bfe8ed9
000004813145a0d9
0000048141ba8ad9
0000048141badcf9
000004815035ead9
000004818c5c7159
00000481b8032a39
00000481c014aaf9
00000481c9797cf9
00000481d65b5779
00000481ebaec719
000004821cfafcf9
000004821cfb0479
000004821ff9f4b9
000004823c879559
0000048247273159
0000048252d00139
000004825e8aa4b9
000004826a184af9
000004827793b699
0000048285c6a9b9
0000048299a240b9
000004829f60c359
00000482a4996879
00000482b88c05b9
000004837f544099
000004838d417279
000004839aeae079
00000483a5a99a79
00000483a7499d59
00000483ab7695d9
0000048410f52279
0000048412f79c59
0000048417b014f9
000004842b1d6f19
00000484443699b9
0000048445e6bd79
0000048466750e39
0000048470ca0ad9
0000048471a403d9
00000484a42274b9
00000484b87e9d39
00000484d50d2679
00000484dcce21b9
00000484e343e439
000004850b63d479
00000485536f42b9
000004855acec8b9
000004855d2889f9
0000048562a22a19
00000485ac90d3f9
00000485af25ea99
00000485af25fcf9
00000485c1159ff9
00000485c115aff9
00000485c558c179
00000485d2912e19
000004862590d419
0000048631fab0b9
000004863c546c39
0000048691f81cd9
00000486a13a4c99
00000486b4445739
00000486e35a8e19
00000487254f8779
0000048727ba79b9
0000048742369d19
0000048757ab0239
0000048789236f39
00000487967b20d9
00000487a4dbb9d9
00000487ba15b1d9
00000487c297cdb9
0000048809fbb079
00000488be78bd59
00000488c9fb6799
00000488e0127579
00000488e0127779
00000489011db139
000004891d970df9
000004892463aa79
00000489364e9b59
000004894656f779
000004894ee11039
000004895c650359
000004896de1c599
00000489ab940519
00000489c17cab59
00000489c3b6a779
00000489cf171459
00000489d6277c39
00000489e6357cf9
0000048a1a098bb9
0000048a1d715e19
0000048a1d942f99
000009146a265461
0000000002232571
0000000000000181
0000048a34b2f179
0000048a3a24d899
0000048a4aab45f9
0000048a4e8f81b9
0000048a823a49d9
0000048a890974f9
0000048ac3856cd9
0000048b08a7d1f9
0000048b11f459d9
0000048b16d22f19
0000048b250880f9
0000048b35b54c39
0000048b36285b79
0000048b3d7988b9
0000048b5c1e81b9
0000048b8108e6b9
0000048b979e2ef9
0000048bbdb43799
0000048bc35ed859
0000048bd6002b39
0000048c1735b5d9
0000048c38cd0ff9
0000048c3dfd9a59
0000048c5803f3b9
0000048c6faf7ef9
0000048c701386d9
0000048c91dc8479
0000048c96630a59
0000048cc6f9d739
0000048cfadb5b99
0000048d046e5839
0000048d08810e39
0000048d181cf619
0000048d1ec317f9
0000048d1fd59639
0000048d21e4b5f9
0000048d3319a379
0000048d4c2f4f39
0000048d837a13b9
0000048d873dfab9
0000048da4b33ef9
0000048db2a96b99
0000048dc73be279
0000048dc95485d9
0000048e271273b9
0000048e57992ed9
0000048e6220b039
0000048e660555b9
0000048e7ee483d9
0000048e81ad8359
0000048e9a4879d9
0000048e9d010219
0000048ec4800f59
0000048ecf616c39
0000048edeb828f9
0000048ee6a2b579
0000048f010e0139
0000048f0dcc2279
0000048f2ad2bcf9
0000048f3daba5f9
0000048f5eb65a59
0000048f60602dd9
0000048f620d3bf9
0000048f69581cd9
0000048f6baa5a59
0000048f6ffdf3f9
0000048f8ec9c039
0000048f951f0c99
0000048faa72b0d9
0000048fd90c5259
0000048fd90c6079
0000048fffd07819
000004900fd822b9
0000049028d39639
000004902b1a2cf9
000004903e984899
0000049060250679
000004906750b959
000004906ebbe0b9
00000490779be079
0000049077bf1ff9
0000049077f83e19
000004907faabeb9
0000049085a5e319
000004909996bd19
00000490a7439319
00000490a743b1f9
00000490b162f519
00000490bbc37b39
00000490be6cd4d9
00000490e9564b39
00000490ec3c1879
00000490f1d5fe59
00000490f47eda39
00000490ffa1ea99
000004911e4e3c79
00000491246a5639
0000049124ed5879
0000049128f5f319
00000491656d8f79
0000049168ac8299
00000491696abd59
00000491696ad639
00000491701d5979
000004918a697ed9
00000491a1ebe2b9
00000491c2dc4179
00000491dc9cd6d9
0000049201c4a779
0000049206f34639
0000049215ffa5d9
0000049215ffb259
000004923615d7d9
000004923f0f1e99
0000049243a5e279
000004925a4029f9
000004927cc51639
00000492a4e215d9
00000492aee76df9
00000492ccb3f239
0000049309140739
00000493221bd2d9
0000049332158679
000004935c57e1f9
0000049375aa73b9
000009270a90f061
0000000002232571
0000000000000181
00000493a4176799
00000493ab506619
00000493ab508399
00000493c45a38b9
00000493d0f9bb59
0000049428d87e59
000004943f412459
000004945ed63099
00000494705f9e79
000004947bf6fb39
000004949d3c5e59
00000494b3bf0d19
00000494c02a5079
00000494e7d37a79
00000494ea6a7799
00000494f54e3c99
00000494f7295699
00000495346e5319
00000495458c2a79
0000049587005a79
0000049588625779
00000495c200eab9
00000495f51972d9
0000049624d22039
00000496b9e741b9
00000496d91577b9
00000496eb490859
0000049711dec359
0000049726e06439
00000497407cee79
000004975de02d39
000004976fe5f9d9
00000497849fdd79
000004979b053cf9
00000497a256f319
00000497a8937cb9
00000497a8937e19
00000497cb132199
00000497df4c04b9
00000497f5e3c879
00000497f5e3d9d9
000004980e8dc0d9
00000498197f82f9
000004984f89f479
0000049884448239
00000498a7a8b819
00000498c34424b9
00000498d4b5b7f9
00000498e6ca89b9
00000499192e82f9
00000499233f77d9
00000499308aeb79
00000499345359f9
00000499488e98f9
0000049988ee8959
00000499a1f25719
00000499ab2476b9
00000499b723a519
00000499c1eda799
00000499e3bc70f9
00000499e65d7a79
00000499ea3cd119
00000499fa2ad439
0000049a31f51d59
0000049a390158b9
0000049a39094a59
0000049a3c70c299
0000049a5c37f3d9
0000049a691ade79
0000049a7ab86c19
0000049a8103cf19
0000049aae71ddb9
0000049ac54e0859
0000049ac54e1bf9
0000049acec4eb39
0000049b1b8bb779
0000049b27a859b9
0000049b2c8062d9
0000049b2c80df79
0000049b2c80e979
0000049b7d0df959
0000049ba6daddb9
0000049bb80c6139
0000049bedcac679
0000049bef12b8b9
0000049c2ba39739
0000049c63154919
0000049c65472339
0000049c688ec4d9
0000049c7b9502d9
0000049c8e472fd9
0000049ca322aad9
0000049cb8c24c19
0000049cb910ef39
0000049cd24b5139
00000939aafb8d61
0000000002232571
0000000000000181
0000049ce090bbf9
0000049cfa133839
0000049d1ac1c519
0000049d669edf19
0000049d669ef179
0000049d74382e39
0000049d8e651499
0000049dc9e1c1d9
0000049dd523eed9
0000049dec085c79
0000049e079925d9
0000049e22449759
0000049e24b2ff99
0000049e2cadabd9
0000049e441bd319
0000049e50ba4399
0000049ea5d820b9
0000049ec8ab65b9
0000049f089ff3f9
0000049f09b484d9
0000049f1044a3d9
0000049f5587a2d9
0000049f6df1e879
0000049f8ad4c7f9
0000049f98131259
0000049fa2d0c619
0000049fb3cc0739
0000049fb4652b19
0000049fcf73e839
0000049ff8e90479
000004a008ce43f9
000004a008ce55d9
000004a02daf4239
000004a0853a76f9
000004a0a16130d9
000004a0a1613a19
000004a0a1980f59
000004a0ab29a0b9
000004a0b55bda79
000004a0d10b55d9
000004a0dd37ed99
000004a0e6541bd9
000004a0f0ba2e19
000004a14b7df839
000004a14c838399
000004a15949aab9
000004a161bca079
000004a17669e239
000004a199ebc0f9
000004a1b21b7ad9
000004a1fb2fe319
000004a22db40ab9
000004a261fe3239
000004a27a352559
000004a27e4ca6b9
000004a27e4cbd79
000004a294fd58f9
000004a2956af279
000004a2d1c477b9
000004a312a5bc19
000004a315f280d9
000004a36d8c71f9
000004a3f5cbba99
000004a400e213b9
000004a43534d2b9
000004a435356f99
000004a4369a0c39
000004a437977c99
000004a441e756d9
000004a4742562f9
000004a4742580d9
000004a4873b44b9
000004a4b7714fd9
000004a4dd699179
000004a4e9291f79
000004a50d0f2cb9
000004a533e5e2b9
000004a54a6fdcf9
000004a5501f5a19
000004a553d62519
000004a55b58ded9
000004a55c153399
000004a56654fa59
000004a56d5efb19
000004a571bfded9
000004a584296f99
000004a58a54fd79
000004a58c32be19
000004a58eb7de19
000004a5a6da1e19
000004a5b3e5a239
000004a5bc273f79
000004a5e36c8979
000004a5e51309d9
000004a5f99b3eb9
000004a605be4d39
000004a61a593479
000004a6209c3a79
0000094c4b662961
0000000002232571
0000000000000181
000004a667361f39
000004a66a662059
000004a68a98b639
000004a6acaf5719
000004a6b41887b9
000004a6c4e24e19
000004a6c9fad9f9
000004a6cf677119
000004a6d1db4bb9
000004a6e6a68fb9
000004a7131f77d9
000004a714529579
000004a71764f459
000004a721b80b99
000004a764f6ac59
000004a7834dee99
000004a7a3578099
000004a7a35782d9
000004a7cb694e79
000004a7d0dce1d9
000004a80b04d4d9
000004a814efd099
000004a81f0ef6f9
000004a872048459
000004a87ada8399
000004a8c25cd4d9
000004a8d4262af9
000004a8dc1fcb79
000004a914cf9119
000004a9231fde39
000004a93a6ed899
000004a95b53f199
000004a9766b4419
000004a98039ead9
000004a9960f5819
000004a9ac8cd1f9
000004a9e48539d9
000004a9efd31d19
000004aa007a4c79
000004aa1a049359
000004aa1f5e6c59
000004aa253b5fb9
000004aa3b8bd7d9
000004aa437e6459
000004aa96375679
000004aae1a61b99
000004aae42e9079
000004aae4f0b4d9
000004aae4f0d179
000004aae7a05239
000004aaf447ef59
000004ab0afd1679
000004ab0afd2bd9
000004ab1041fcb9
000004ab176a2079
000004ab4eb04af9
000004ab92893b39
000004ab9ff6c7b9
000004aba81f40f9
000004aba82f1999
000004abac4e5499
000004abac4e6ad9
000004abd012f459
000004abd01306f9
000004ac03fe7db9
000004ac0d2da4f9
000004ac5c3fe6d9
000004ac5cc7e639
000004ac883388b9
000004aca66ccaf9
000004acfbbc26b9
000004ad361038b9
000004ad447be0f9
000004ad483e8219
000004ad5bc9ae19
000004ad61fd99d9
000004ad6db77379
000004ad767f7ef9
000004ad8d727d59
000004ada41056b9
000004ada7004719
000004adb44730b9
000004adc8692bb9
000004addc25e419
000004adf4169019
000004adfa710b79
000004ae2abe51d9
000004ae36c7d6d9
000004ae3c5e2fb9
000004ae3c5e3199
000004ae8590f8b9
000004ae85910d59
000004ae9d62be19
000004ae9f8c2cb9
000004ae9f8c3ef9
000004aef16ac4f9
000004aefcba41b9
000004af47275579
000004af5b304b19
0000095eebd0c661
0000000002232571
0000000000000181
000004af7da25219
000004af9a633f19
000004aff20b2fd9
000004aff20b44d9
000004aff20b4ef9
000004affcebed59
000004b00e5ffc79
000004b01b414819
000004b01b414a19
000004b01ca977b9
000004b023040f99
000004b07f7c83f9
000004b07f7c93b9
000004b099946079
000004b0999462d9
000004b0a14be019
000004b0a5465dd9
000004b0c44c9839
000004b0e28978d9
000004b11e9649b9
000004b156799d39
000004b15807eab9
000004b16239e059
000004b171bfe779
000004b1b3e59cb9
000004b1b52172f9
000004b1d3d3c459
000004b1dfa7b019
000004b1e64375b9
000004b1f31864b9
000004b1f4c4f359
000004b21104d439
000004b23353a339
000004b247f56959
000004b2501e7659
000004b2f646e7b9
000004b3600a7f39
000004b371ba7d59
000004b38068baf9
000004b385aa2d99
000004b38c4ef959
000004b3a29fe999
000004b3a71afed9
000004b3be34f839
000004b3eff67bf9
000004b3f3745279
000004b444479819
000004b44bd35199
000004b4512fcf59
000004b45f35a6b9
000004b4683e5a39
000004b4683e6f79
000004b4683e7999
000004b470f15179
000004b4752e58d9
000004b4986dd599
000004b4a6ca0f99
000004b4c1512dd9
000004b4c6c4e599
000004b4d5f8b2f9
000004b4ec884179
000004b518d36139
000004b54abee779
000004b54e4e7459
000004b55acd7179
000004b5776cfdf9
000004b58019ae99
000004b5bdcfa8b9
000004b5d381f3f9
000004b5dff27159
000004b5ea678b39
000004b61737d879
000004b61faecc99
000004b620fcb519
000004b64bf4a8d9
000004b653fdf3f9
000004b660534539
000004b69b348479
000004b6b447cb99
000004b6be7890d9
000004b71e5bb099
000004b7340b5539
000004b753f85939
000004b75e658719
000004b761df2b59
000004b78b581d79
000004b78b5830f9
000004b79403d3b9
000004b7aed67b59
000004b7ca794c39
000004b807029ef9
000004b8300f27d9
000004b834f098b9
000004b837b9a039
000004b837b9b039
000004b84c01a4d9
000004b87862b199
000004b87a97e9f9
000004b87c2442b9
000009718c3b6261
0000000002232571
0000000000000181
000004b907c61af9
000004b91a1b9959
000004b9211d1279
000004b923e35b99
000004b94ddd8ed9
000004b975dd3879
000004b979b04799
000004b97a3ebe99
000004b986f1f9d9
000004b992ce5259
000004b9ade9c1f9
000004b9b354a1d9
000004b9be48b819
000004b9eb032ab9
000004b9eceb5159
000004ba14aa7839
000004ba3d423c19
000004ba3f504e39
000004ba4b167499
000004ba5683d859
000004ba80ca0959
000004ba9f121119
000004ba9fe41f59
000004baa7252d19
000004baafcfd519
000004bab8602159
000004bab8e0e6f9
000004baff9327b9
000004baff934419
000004bb03b0a619
000004bb25e848b9
000004bb325210d9
000004bb4b327779
000004bb4b328879
000004bb4b32b0f9
000004bb4c6baef9
000004bb4cff9639
000004bb5a824eb9
000004bb5aec2af9
000004bbb3cde719
000004bbedcf6519
000004bbf14d47f9
000004bbf14d49f9
000004bc0af91f79
000004bc0afed1b9
000004bc0edcf8b9
000004bc2bf59439
000004bc3a587e79
000004bc3d4d5fb9
000004bc55522d99
000004bc6655ca39
000004bc7a4d5dd9
000004bc86b4c419
000004bc98d20d59
000004bcb9781e39
000004bcb9784579
000004bcbf782e39
000004bcce373eb9
000004bcd7278c19
000004bcdbc68679
000004bce9a59879
000004bcf32e5299
000004bcfe9e0c59
000004bd32e5fc59
000004bd39ebe079
000004bd3b6cc459
000004bd61ad5ff9
000004bd7082fcf9
000004bdd19a9ab9
000004bde126a599
000004bde63361b9
000004bdeee82459
000004bdfbcb9839
000004be06b4dc39
000004be0af69f39
000004be2d9adc79
000004be4b8edc79
000004be55c02139
000004be8f671a59
000004bed38349f9
000004beeb921bf9
000004bef66ba339
000004bf1ad17659
000004bf216a92b9
000004bf2de3c239
000004bf2ee77e39
000004bf306cdc99
000004bf3b029cb9
000004bf52089639
000004bf6431d8f9
000004bf6baef139
000004bf76ef52b9
000004bf7bdb3e99
000004bf853e19b9
000004bff67e92d9
000004c003623e19
000004c02d880219
000004c034d1d0d9
000004c07cdc1eb9
000004c07d30e259
000004c092e19d19
000004c0b1b3f799
000004c0b2e81db9
000004c0c3cad199
000004c0fd843999
000004c0ff4e1c19
000004c1017a4319
000004c13ec6dcb9
000004c14badb559
000004c165a0ae99
000004c1d7d636b9
000004c1e3191a99
000004c20ba07339
000009842ca5ff61
0000000002232571
0000000000000181
000004c216f06f19
000004c233add999
000004c24d8d16d9
000004c259125ad9
000004c264f9c559
000004c277e7a499
000004c2a81b2839
000004c2a81b3db9
000004c2b5c48bb9
000004c2b6785839
000004c2e4919019
000004c310dd8ed9
000004c31fbdc7d9
000004c324f3bb59
000004c336397c79
000004c3676de5b9
000004c3676dfbd9
000004c368313c59
000004c3b02da6f9
000004c3dcb70799
000004c413595799
000004c416d56259
000004c4184b3379
000004c42cdd4499
000004c449165979
000004c4a00f19d9
000004c4de78de79
000004c509a83879
000004c51138cbd9
000004c51138ebd9
000004c51a6c0ab9
000004c580fd9239
000004c589156db9
000004c59d75d979
000004c5be00c2f9
000004c5dfb32ff9
000004c5fcb35399
000004c61f443619
000004c620b78b39
000004c62952f3f9
000004c62eb3b2d9
000004c64ed87bf9
000004c687a5f8f9
000004c696584df9
000004c6aa288a19
000004c6b0cb2899
000004c6ca7bde99
000004c6e25874b9
000004c6f6d896d9
000004c727a7fd39
000004c7567c88d9
000004c779dd43d9
000004c779dd53f9
000004c78411a379
000004c79923f7f9
000004c7dca018d9
000004c8148d4b79
000004c8181fed79
000004c82156e139
000004c83f3dedf9
000004c840e02c99
000004c845232a79
000004c857cb1999
000004c85bb3beb9
000004c8644767d9
000004c878c01db9
000004c8843c1419
000004c89ffa8a59
000004c8b3b09fb9
000004c8de4b6ef9
000004c9068ac639
000004c914a25c19
000004c920de2c39
000004c924e93bd9
000004c926006ef9
000004c926007779
000004c92bcc7999
000004c97fc378f9
000004c99038ac59
000004c998af1819
000004c998af2a59
000004c9b5b67079
000004c9dbcc7499
000004c9fd5abb39
000004ca0af9b939
000004ca2da20999
000004ca2e44a339
000004ca5ad1c099
000004ca8f8025f9
000004ca9398eb79
000004cae6854f59
000004caf4e981d9
000004cb01188df9
000004cb02247539
00000996cd109b61
0000000002232571
0000000000000181
000004cb662c2959
000004cb7668e8d9
000004cb863aa3f9
000004cb97a0ec99
000004cbae633fb9
000004cbb4100879
000004cbce58e459
000004cc67cbf8b9
000004cc93ecc619
000004cc9979f879
000004cca608e979
000004cca6090719
000004ccab625d19
000004ccb2f606f9
000004ccc8acbb99
000004cccc460d79
000004cccf58dc19
000004cce506a259
000004cce59d5cf9
000004cd05c1dbd9
000004cd15507499
000004cd15508659
000004cd16120eb9
000004cd2da073d9
000004cd7d405b59
000004cd7e207df9
000004cd82ccd059
000004cdbb898cd9
000004cde181e599
000004cdf3d97a79
000004ce446fb239
000004ce66508759
000004ce66509ad9
000004cea43604f9
000004ceb8426819
000004ceb8739919
000004cec4845779
000004cee31fb139
000004cf2493d1f9
000004cf273ceb99
000004cf45d2f819
000004cf45d2fc39
000004cf5003c859
000004cf61ba1259
000004cf783c5999
000004cf8bd94cb9
000004cf9878acd9
000004cf9f4222b9
000004cfb735b279
000004cfd790e2d9
000004cfdcbd6659
000004cfe7d635d9
000004cfeb7e5919
000004cfeb7e7159
000004cff4534cb9
000004cffa219539
000004cffe4eca19
000004d000720379
000004d0334b3af9
000004d05b198db9
000004d0b9e82fb9
000004d0cc6ddff9
000004d0f464b459
000004d0f4ec0e79
000004d1255ef4d9
000004d1343137d9
000004d140251ad9
000004d14eb2ccf9
000004d157c1e4d9
000004d17567d2b9
000004d17567d6b9
000004d17d73d199
000004d1a52b26b9
000004d1b4993cf9
000004d1cefe5bb9
000004d22571e3d9
000004d2405ca359
000004d24e7c5939
000004d25ee3dbb9
000004d27cce8ed9
000004d286422399
000004d287ca8519
000004d28e03feb9
000004d2cd6b3379
000004d2f3e9aa99
000004d2f3e9c0f9
000004d302e77e79
000004d30b357239
000004d328a9c219
000004d33db2b7f9
000004d341e2e079
000004d357625bd9
000004d35e7f3a59
000004d37866ad79
000004d3b87e0ef9
000004d3bcc0aa99
000004d3c2fc6b19
000004d3ca890859
000004d3db762799
000004d3dda705f9
000004d3fa9fa159
000004d3fb828dd9
000004d3fee41919
000004d4048611b9
000004d404862539
000004d414d26339
000004d414d26d19
000004d420622699
000004d460dc8499
000004d460f02579
000004d4677d5cd9
000004d4677d73d9
000004d4677d7df9
000004d4677d8339
000004d468c2b199
000004d46b732079
000004d4a2e44f79
000004d4a4a0aaf9
000004d4b3b1ba99
000009a96d7b3761
0000000002232571
0000000000000181
000004d4bbd52d19
000004d4ccdb84f9
000004d4cdecaf59
000004d4d2785f59
000004d4d9f4c4d9
000004d4d9f4ce59
000004d4dd645919
000004d4ea3e8f19
000004d501a9ba59
000004d520f547d9
000004d54430e179
000004d54f18c159
000004d5599b4279
000004d59bbeed39
000004d5c5ee2799
000004d5d45323f9
000004d60ae41519
000004d6212b5699
000004d627c9dcf9
000004d627c9def9
000004d640a6a759
000004d640a6b759
000004d640c25939
000004d6462665d9
000004d64627c6b9
000004d65901a519
000004d6642fd979
000004d66615be59
000004d66ebc8a59
000004d673f66f99
000004d67a0330f9
000004d6998a1679
000004d69af9c5b9
000004d6a4e369d9
000004d6a9fe0099
000004d6c765a419
000004d6cf908039
000004d6f0daf759
000004d7057f7d79
000004d7216920b9
000004d72e267a79
000004d733cbdcf9
000004d73c49f7d9
000004d7493e8dd9
000004d76679fb39
000004d77d22e779
000004d7a5db5b99
000004d7ae5f5d19
000004d7c7ecc439
000004d7fdcc6f39
000004d7fdcc82f9
000004d80178e179
000004d8268907b9
000004d82f641f59
000004d83b7ffd99
000004d844b16619
000004d852b80059
000004d861496119
000004d878083ed9
000004d890cc1839
000004d8c181be79
000004d8cb2d2c99
000004d8ee4c4ff9
000004d914f6f919
000004d94a7a8cf9
000004d95d968759
000004d978c643b9
000004d978c65499
000004d988f82d99
000004d999eb4599
000004d999eb5cf9
000004d999eb66f9
000004d9a4ec6399
000004d9b92e06b9
000004d9c0d1ecd9
000004d9df62d599
000004d9e594ecf9
000004d9e5950959
000004d9e5951179
000004d9e5951379
000004da28ec4259
000004da3ca9a119
000004da64cee1d9
000004da81ebfa59
000004daad986699
000004dabda19a79
000004dabfbf9d79
000004dacc2e33b9
000004daf22b5319
000004db3ec719d9
000004db40237ff9
000004db4583e219
000004dbab7c7159
000004dbc2472ed9
000004dbf3ae1e59
000004dbf74ed119
000004dc0b945559
000004dc14dfe699
000004dc21b5df59
000004dc274b52d9
000004dc3b5a2279
000004dc43b92a79
000004dc58053499
000004dc6c4077d9
000004dc75f4c939
000004dc8fbbea79
000004dcabbe9399
000004dcb408e999
000004dcb4090539
000004dcd4080c39
000004dce21fbc79
000004dcfb595959
000004dd0fb59a59
000004dd231f2979
000004dd2b8dcd79
000004dd586c4339
000004dd6146f7d9
000004dd6ab2a579
000004dd70b8c6d9
000004dd836a40f9
000004dd9114ee99
000004dda5705d79
000004ddaa60bd59
000004ddd91cd4f9
000009bc0de5d461
0000000002232571
0000000000000181
000004de0c7d3719
000004de11655539
000004de21e7bcd9
000004de23c14079
000004de39006b79
000004de42ccdc79
000004de78fde839
000004de7b4b6d59
000004de8f4f16d9
000004debd27f8b9
000004dec004d3b9
000004ded79957f9
000004dee593a239
000004df1c81d679
000004df4bf9e8f9
000004df50954179
000004dfa7e7a559
000004dfaab98879
000004dfb06f4899
000004dfb7ddae19
000004dfc2c6c019
000004dfda0dccf9
000004dfe7c6d639
000004dfe8adcbb9
000004dff03a9bd9
000004e0057799b9
000004e0198c4df9
000004e026c5e079
000004e0272b57f9
000004e056aacbd9
000004e05acb7c19
000004e07fd9d259
000004e080feae59
000004e094b1dbf9
000004e09e42f419
000004e0c3ca6e39
000004e0e2c718b9
000004e117392b59
000004e117393bb9
000004e117393eb9
000004e1173945d9
000004e13769a019
000004e14f8e72b9
000004e166e628b9
000004e166e62fd9
000004e1795b6399
000004e1911f49b9
000004e1955182d9
000004e1955194f9
000004e1b5205019
000004e1b6f29599
000004e1def0f9b9
000004e1e0786819
000004e1ed673179
000004e208030519
000004e20a27adf9
000004e218510c59
000004e226444d59
000004e226c800b9
000004e226fd7e59
000004e22842acd9
000004e2353ad819
000004e244490239
000004e267e809b9
000004e270ee20b9
000004e2787212d9
000004e27aa0dc59
000004e281886a19
000004e281887bd9
000004e284bb1299
000004e2a7b330d9
000004e2c4166299
000004e2d2994ff9
000004e2e642af99
000004e2e642be79
000004e2ea673ad9
000004e3177e6279
000004e31803ad59
000004e36af1d5d9
000004e3729a3899
000004e3934b3a79
000004e39592a079
000004e3d6604eb9
000004e3de84f0d9
000004e41d6e1e99
000004e42a672839
000004e434e9e819
000004e464f32bd9
000004e488380e79
000004e49d124cf9
000004e4b1427bd9
000004e4d3cfeed9
000004e4d5b02a59
000004e4e7679799
000004e516de5479
000004e520db9bf9
000004e55623dcf9
000004e5633e7519
000004e5897bc659
000004e58afaebd9
000004e58ba9d659
000004e597494ef9
000004e59d8f4d79
000004e5a5e8e659
000004e5b5a5ea39
000004e5d5f62e79
000004e5e2b6a2d9
000004e5fc3cd659
000004e617458239
000004e62c879559
000004e64edd7cd9
000004e6a0ef55d9
000004e6b6dd8139
000004e6b7431339
000004e6d78c08b9
000004e6eeb8aeb9
000004e70d3ddbf9
000004e712fe0bd9
000004e722939839
000004e7395d0299
000009ceae507061
0000000002232571
0000000000000181
000004e76fcd4bd9
000004e779a1c259
000004e78411d419
000004e79108c419
000004e7ab946239
000004e7b5858859
000004e7cdc82539
000004e7d41e13f9
000004e7dec576b9
000004e7e6a4b8b9
000004e7e74cb219
000004e7f193caf9
000004e7f42a4799
000004e81f796e99
000004e82c8eacd9
000004e854477999
000004e8582e3459
000004e859aa83f9
000004e86c163b19
000004e89a2979b9
000004e8a7425df9
000004e8d7aac939
000004e8ed731579
000004e8ed732439
000004e92badb579
000004e93b9f2499
000004e93d743a19
000004e94d4c3fb9
000004e956e24d99
000004e9869b6199
000004e98aa76b39
000004e98ef17f59
000004e9eb726879
000004ea09048f39
000004ea1885f439
000004ea34f62a79
000004ea3c39ef59
000004ea429571b9
000004ea693617d9
000004eac3eba639
000004eadb481cb9
000004eaec3de339
000004eaefcf26d9
000004eaf75624d9
000004eb007e79b9
000004eb06125819
000004eb1bb4cdd9
000004eb2cc8f4b9
000004eb75925999
000004eb95de0a79
000004ebae422719
000004ebb3d396b9
000004ebc3f5e759
000004ebe0e03cb9
000004ec00d23cd9
000004ec0d2c0c59
000004ec0e2b3d59
000004ec27c2ac19
000004ec3cb420b9
000004ec4099ce19
000004ec528b7d59
000004ec528b8699
000004ec67f60879
000004ec6c47f359
000004ec75f51db9
000004ec907bc2d9
000004ecbb83d7f9
000004ecc27373f9
000004ece9046c99
000004ece9046df9
000004ed00d77db9
000004ed00d79139
000004ed0dafa939
000004ed2bf368b9
000004ed4c151959
000004ed5891d699
000004ed6eee09f9
000004ed86ed4bb9
000004ed91bdc8d9
000004ed94527e99
000004edb0e34ff9
000004edb4b20f19
000004edd8542039
000004ee03e0f8b9
000004ee0a9b26d9
000004ee2774b4d9
000004ee300190b9
000004ee32f1e599
000004ee3bdb04f9
000004ee3eadb379
000004ee3eae0b19
000004ee61cc69f9
000004ee72a46119
000004ee74766c19
000004ee74ef7879
000004eed8069e19
000004eeeaf74419
000004eef58e5f59
000004eef58e6f19
000004ef01449bd9
000004ef03770959
000004ef19dff039
000004ef52f21399
000004ef52f22939
000004ef748afcf9
000004ef748b0399
000004ef9565ceb9
000004ef97c0ced9
000004efb6d1bcb9
000004efbbfb0a59
000004efc0317ef9
000004efdce017f9
000004efeaa95b79
000004eff0044859
000004f014879339
000004f01cf7d259
000004f0322d5fb9
000004f0322d7339
000004f0441c8e59
000004f045741f79
000004f055306b39
000004f064038879
000004f09e278e99
000009e14ebb0d61
0000000002232571
0000000000000181
000004f0a8d116d9
000004f0ccfdbed9
000004f0eb81d419
000004f0ec83c6d9
000004f0f4871e59
000004f117743939
000004f1186421b9
000004f125991f19
000004f125b22f79
000004f133dc5a39
000004f153ff71f9
000004f157d55bd9
000004f164844af9
000004f17122f199
000004f199e19259
000004f1bf86bb19
000004f1e53622d9
000004f1feee72f9
000004f218687079
000004f21d239b59
000004f224fac0b9
000004f25b237019
000004f26871bb99
000004f26d6984b9
000004f29414cd59
000004f2b03fc279
000004f2e52825b9
000004f309a70039
000004f30db9d7b9
000004f30e409ed9
000004f3104571f9
000004f3345e8cf9
000004f344a532b9
000004f354aca9d9
000004f39bc034f9
000004f3ad2e3199
000004f3caa646b9
000004f3e98dec99
000004f3f1365fb9
000004f42e4ca8b9
000004f4497b9f39
000004f459cceb19
000004f45e91bdd9
000004f46309ef79
000004f47b358ad9
000004f48fbee3d9
000004f491d9fa39
000004f4c71633b9
000004f4eced8039
000004f4f2d48d79
000004f544a43fb9
000004f55b9706d9
000004f56991d4f9
000004f5a41ee8d9
000004f5bccaff99
000004f5c83daf39
000004f5d0882259
000004f5e9dbc2d9
000004f60ce697d9
000004f628164af9
000004f631122bf9
000004f63b0b0979
000004f667f61939
000004f683fc6239
000004f6b7478b39
000004f6b747a499
000004f6c34e7cb9
000004f6c4747bf9
000004f6d06a3d19
000004f6ddfa92f9
000004f6df48de39
000004f6f3ddfd59
000004f72ef411b9
000004f7337cc959
000004f73b3bac99
000004f7454c9819
000004f7595dc5b9
000004f76eeaa039
000004f77167a079
000004f77fb24d79
000004f787767b99
000004f8493f11b9
000004f8608100d9
000004f86b7503d9
000004f872d3dd39
000004f8741ef2d9
000004f8b03fb739
000004f8fa3cc119
000004f90568b6f9
000004f90568ced9
000004f952145e39
000004f9521473d9
000004f952f25db9
000004f9535b0139
000004f96d89e279
000004f97055f859
000004f98700c4f9
000004f9a80b4d19
000004f9aba72e79
000004f9e7748539
000004f9e91720f9
000009f3ef25a961
0000000002232571
0000000000000181
000004fa138238f9
000004fa17686399
000004fa1dafe479
000004fa1daff4f9
000004fa72e58459
000004fa75de9319
000004faace65939
000004facbe7f379
000004fad1c59e19
000004fad2a834b9
000004fae12e04f9
000004fae12e25f9
000004fae59ca799
000004faffed4d79
000004fb06982f59
000004fb0b052739
000004fb2f14f279
000004fb3ed2b719
000004fb50082ff9
000004fb605b91f9
000004fb68cec559
000004fb719c1fd9
000004fb86837879
000004fb9b4722d9
000004fbbe050999
000004fc069c27f9
000004fc1ee9e799
000004fc2df9d519
000004fc35016c59
000004fc3b9ee7f9
000004fc4452f439
000004fc757f7dd9
000004fc79dde1f9
000004fcae995cb9
000004fcaedefed9
000004fcb3b71559
000004fcc8fc3359
000004fcd9a9a899
000004fd1509c359
000004fd43ac97f9
000004fd80b9fb59
000004fdb22f8059
000004fdc2140d19
000004fdc25321d9
000004fdd5ba5fb9
000004fdd8500839
000004fde0f676f9
000004fdebe147d9
000004fdec9500f9
000004fe3a9555f9
000004fe5e159c59
000004fec8dd22d9
000004fee561b839
000004fef4498339
000004fefd475f59
000004ff027f98b9
000004ff031c34b9
000004ff05beff19
000004ff1445c6d9
000004ff2c2f36f9
000004ff2c2f38b9
000004ff61cdaaf9
000004ff6d0d86f9
000004ff6e7e4839
000004ff8db65059
000004ff9c3f2f79
000004ffb81a1879
000004ffc85199f9
000004ffddb860f9
000004ffe3c18c39
00000500072e81b9
000005000eb738f9
000005000ee506f9
0000050025567f19
0000050027355699
00000500469409f9
000005004cfb46b9
0000050085d08c19
00000500cd1dd639
00000500cd9c6659
00000500ce1c6b59
00000500f3a429d9
0000050107408819
000005011cf22739
00000501235a2259
00000501235a2439
000005015a6745b9
000005015a676279
00000501637ccc59
00000501965ab019
00000501aba75e39
00000501b4ca5b59
00000501bc0cedd9
00000501c50dc279
00000501d3a05e99
00000501dede5ff9
00000501f05846b9
000005023aa06239
000005025b1979d9
0000050261259659
00000502663fe6f9
00000502e2db3d39
00000502ffe06979
0000050322a9a419
000005032d7fd059
000005033825f8b9
00000a068f904561
0000000002232571
0000000000000181
000005034db5e9b9
0000050368a23ef9
000005038b462679
000005039cf77f39
00000503bdc58259
00000503e18729d9
00000503f7245a19
0000050444b84139
0000050491cbb599
0000050493648579
00000504a831ebb9
00000504bb10d439
00000504f1ab4c59
000005053a907659
000005053c61cd19
000005053ed1a459
0000050572ccb599
0000050577faf539
000005057f63dc79
0000050583f7f959
00000505872b35f9
00000505882bd299
0000050597d4d9d9
00000505b26e47f9
00000505b9a6e5f9
00000505bff8e719
00000505ccfbb3b9
0000050608ce1119
0000050608cea9f9
000005061b11a159
000005061bbb3379
000005062450a939
000005062b523e19
000005062f4344b9
0000050656f05cd9
000005065bff34b9
00000506608eecd9
0000050664d206d9
000005067c9e7039
000005068689b179
00000506b151a1d9
00000506e1d7e7d9
00000506f20b9419
000005071f6c0399
000005074e6d1199
0000050765eb4919
0000050774be21b9
00000507c4eff939
00000507c4f02a59
00000507c4f032b9
00000507c5e555d9
00000507d5143119
00000507dd72e2b9
000005080940d819
0000050825525719
000005083e724719
0000050860606119
000005088e149419
00000508920233f9
00000508aa402939
00000508cb877999
00000508cc3383d9
00000508d4ea1fd9
00000508f350e739
0000050915290979
000005091ee9cb19
00000509706d5319
00000509760a6ef9
00000509b00e39d9
00000509b12ed2d9
00000509eac51bf9
00000509f2649ed9
00000509fc8f0239
0000050a1850d879
0000050a2cfce239
0000050a2f4c6eb9
0000050a33e6ac39
0000050a33e6c259
0000050a3712d1f9
0000050a3de2c319
0000050a3e2de379
0000050a4426ddb9
0000050a5841afd9
0000050a6c6095f9
0000050a8b21aab9
0000050a928e7679
0000050aaad36619
0000050aacec6dd9
0000050aaf6f20d9
0000050acbc89ad9
0000050af02984f9
0000050afcc7c279
0000050b1752daf9
0000050b3064d199
0000050b5bb84dd9
0000050b5c2bb5b9
0000050b6dec2e79
0000050b7a28f0d9
0000050b7ea84f59
0000050b93ed15d9
0000050ba24717d9
0000050ba3e806b9
0000050ba4a0be19
0000050ba55b95b9
0000050bbea24ab9
0000050bc718c179
0000050bcf186439
0000050be119add9
0000050c30998cd9
0000050c34925139
0000050c3ca800d9
0000050c4ba5a3d9
0000050c563fb759
0000050c5937d639
0000050c6006a7d9
0000050c84898079
00000a192ffae261
0000000002232571
0000000000000181
0000050c99d5f039
0000050cafd17b19
0000050cd08eee99
0000050cd5f42659
0000050d001ff659
0000050d0fb3d179
0000050d15b83819
0000050d17b28fb9
0000050d310bf399
0000050d3fde1dd9
0000050d46229d59
0000050d4b3fd5f9
0000050d626837b9
0000050d65edcfb9
0000050d79bdb579
0000050d7fcebe59
0000050d90091539
0000050de538d399
0000050de89a8139
0000050de89acb39
0000050e095d1a99
0000050e29cd20b9
0000050e320a98f9
0000050e4a2664b9
0000050e4ce3bb19
0000050e5abff8d9
0000050e5ac00e39
0000050e6cdc1479
0000050eb437c599
0000050ebe4cfc19
0000050ec6578979
0000050ed78f6419
0000050f046843f9
0000050f5db1f439
0000050f67590799
0000050f6fafd179
0000050f744786b9
0000050f7e2c1cd9
0000050f80e5c3d9
0000050f8ee4db79
0000050fa8f8c679
0000050fb3bf2f59
0000050fc2593719
0000050fc2593919
0000050fcfcbf819
0000050fd225a579
0000050fd8034379
0000050fdacc2f79
0000050ff4177339
00000510387616f9
000005104e5881f9
000005105c8b64b9
00000510778f5d99
000005108752e199
0000051094fa4599
00000510a53ea879
00000510c4c31199
00000510db04f1f9
00000511433503b9
0000051143351979
000005114debc579
000005114e9841b9
000005116f065bf9
000005117fcfbff9
000005119ebdc9d9
00000511a77fca99
00000511abeb4699
00000511cfe5a379
00000511cfe5b639
00000511e2b374f9
00000511ee113459
00000511f22162d9
00000512232c4b79
0000051241fe73f9
0000051245cb5479
000005126870cdf9
0000051285523eb9
00000512a85f16b9
00000512d40b1d79
00000512dac86a19
00000512ec8bb3b9
00000512efed0c39
00000512f80b1bb9
00000513027c9659
0000051308e93919
00000513381e0b79
0000051351d0c439
0000051355f8bd79
0000051366014c59
0000051366016319
000005136eb301b9
000005138127c2b9
00000513915db619
0000051394b98bb9
00000513b0b24b79
00000513c3a22db9
00000513ea700b79
00000513ff9decb9
000005140c622019
0000051437442379
0000051442e75f59
0000051458cb6719
0000051458cb68d9
000005147efa6af9
000005148f2d6679
0000051497ba9019
0000051497f0e679
000005149fb437d9
00000514a6b5c7f9
00000514b0b21a99
00000514cac2f2f9
00000514d9fbb599
00000514efac1119
00000515061e5eb9
00000515509aed19
000005155ddb8459
0000051563c4b4b9
000005156c29b339
000005159c1f2999
00000515baa6ad59
00000515cf649e99
00000a2bd0657e61
0000000002232571
0000000000000181
000005160d3e9119
0000051641a66bf9
000005165c8d9819
0000051677964619
00000516a665ee39
00000516a7c33d59
00000516dcb59a59
00000516fa470c99
00000517114e4cb9
00000517124aec59
00000517177c3679
0000051746bdad39
000005175b2703b9
000005175f31a199
00000517a1aeb759
00000517aa955279
00000517c0261599
00000517d4db6279
00000517f523c219
00000518081b90f9
00000518126bb179
000005181eaafd19
00000518210e18f9
0000051831938879
0000051836169b39
000005183bb26519
00000518616b7db9
0000051868097899
000005186a3f5af9
000005189a51ccf9
00000518b05d5979
00000518b10d5599
00000518c4804df9
00000518d805c9f9
00000518e0dd4119
00000518f2c84a59
00000518f5b130d9
0000051960f62219
000005196b828179
000005196be04199
000005199dfefd59
00000519a3c5c959
00000519a3c5d939
00000519bd2993f9
00000519d486e459
00000519ef7c0b79
0000051a0b446bb9
0000051a2b7b1939
0000051a2be9dc39
0000051a3c32d439
0000051a6040c119
0000051a9c2c6d39
0000051aad770b59
0000051aad7721d9
0000051aaf672739
0000051ab5a1b739
0000051ad8cfcc99
0000051adb8e0d99
0000051af00acef9
0000051af635c979
0000051b0274a319
0000051b06cc3bd9
0000051b06d8b1b9
0000051b0895e059
0000051b0d04cb19
0000051b2c7b1239
0000051b73dda659
0000051b73dda7d9
0000051b849c0099
0000051bad575af9
0000051bbc769919
0000051be84c2f99
0000051beb984559
0000051c037a0839
0000051c2cdb8df9
0000051c38e16159
0000051c39ab9679
0000051c5b8036f9
0000051c71f502b9
0000051cead84999
0000051cead85979
0000051cead85c19
0000051d11210e59
0000051d1f0168d9
0000051d208dc919
0000051d63dcf179
0000051d6f874ad9
0000051d715d40d9
0000051d769bfb99
0000051d7dac3759
0000051d81cd9c99
0000051d8fda55b9
0000051d9e5950d9
0000051da158cb19
0000051dc0f4c439
0000051dca860259
0000051df53cd579
0000051e01fbe5f9
0000051e01fbf379
0000051e04df68b9
0000051e08841e59
0000051e12488879
0000051e2e30d2b9
0000051e33c17a79
0000051e45da7359
0000051e751c4e19
0000051e979eeed9
0000051ea89a88d9
0000051ec05c5119
0000051edfe01599
0000051f1654b6d9
0000051f2fd75359
00000a3e70d01a61
0000000002232571
0000000000000181
0000051f4d369579
0000051f6c44e459
0000051fa4719c59
0000051fbcf3cad9
0000051fc8670d59
0000051fe208aeb9
0000052013a1cb39
0000052014dca819
000005201609f839
00000520514d5e59
00000520514dcb19
00000520579b58b9
00000520c5149679
00000520fccd5d79
00000520fe355c39
000005212a33f899
000005212e175bf9
000005215c98c539
0000052160a2e3b9
000005216e8ed759
000005216e8ee0d9
0000052185a23499
000005218624b6d9
00000521b5c90e79
00000521b7168419
00000521cf0650b9
0000052241523719
0000052241524f59
0000052257f9d019
0000052270a6b559
00000522cd4cb0b9
00000522cd4cc019
00000522de008979
00000522fed1cc39
0000052308ce0ef9
000005230b4f9bd9
000005230ce51399
000005231682da99
000005232d7937d9
00000523407cce39
0000052349fdd299
000005236151a4d9
0000052363139d39
00000523719dd239
00000523b0b6c0b9
00000523b536f419
00000523d24b9639
00000523e7ebca79
00000523f1889159
00000523f3bb93b9
00000523fc0977f9
000005242d88ab59
000005243cb3f3f9
0000052445a63319
00000524502d6039
00000524556028b9
00000524633758b9
000005247b2d7079
00000524d64939f9
00000525416477b9
0000052542a0ec79
0000052543dcfc19
000005257bb96299
00000525b77c5c19
00000525beac9a39
00000525cbd158f9
00000525cd1fc039
00000525f70fbed9
00000525feebe5b9
0000052613f4b259
000005261cbc5899
000005262cfb6e59
00000526321b83d9
000005263895f779
0000052665d30319
000005266cb6fd59
000005266d109cb9
0000052673a84099
00000526767987b9
00000526a27c3d79
00000526db9b0199
00000526e78d72d9
00000526f0587ff9
000005270c891179
0000052727714879
000005276b6d9439
000005276bd8b679
00000527725757b9
00000527a51c2d79
00000527ced31f59
00000527fa7b8a99
000005280c6ae1f9
000005281844c6d9
000005281e0d8219
0000052821245299
0000052829fc02b9
000005282bc2c079
0000052841db54f9
00000a51113ab761
0000000002232571
0000000000000181
00000528afe77179
00000528d378ec39
00000528d53f3419
00000528d9e58459
00000528edd27c39
00000528fc47b6f9
000005290ee465f9
000005291a4284d9
000005291a431879
00000529212d95d9
0000052923584e59
00000529257071d9
000005293efdb779
000005295609db79
000005295f63d939
00000529663bb419
000005298337d779
00000529ba66ed59
00000529bcf43e19
00000529c2b63419
00000529f7621fb9
0000052a045e7af9
0000052a06f28b59
0000052a205b6c79
0000052a356652d9
0000052a677f0979
0000052a6c0b2299
0000052a6c544379
0000052abd203019
0000052add959d19
0000052b0ba85ff9
0000052b13652759
0000052b376986f9
0000052b5b7f68f9
0000052b669b8dd9
0000052b680b8d99
0000052b680ba359
0000052b6cf93c79
0000052b6eb72559
0000052b9d3ab299
0000052bdf161fd9
0000052be60083b9
0000052c0c63a1f9
0000052c0cdd35f9
0000052c1a133439
0000052c22a49ef9
0000052c50c66559
0000052c50e48af9
0000052c50e4de59
0000052c8ffc8f19
0000052ca13636d9
0000052cb03c5679
0000052cb8349219
0000052cbb64d759
0000052d086febb9
0000052d1b24bc79
0000052d38040759
0000052d3bd8fbf9
0000052d44e2bf79
0000052d4725e919
0000052d6782cbb9
0000052d6782df79
0000052d74d23b59
0000052d79d876f9
0000052d79d88859
0000052d8282e919
0000052dfe4f0c59
0000052e41b29c79
0000052e593ccd39
0000052ea5707979
0000052ecc8cd719
0000052ed69a2d79
0000052eeefabd39
0000052f1d61d5f9
0000052f1d61e979
0000052f2e3abc99
0000052f39539759
0000052f3953b3f9
0000052f3953c499
0000052f4870fd79
0000052f6fabfab9
0000052f73190179
0000052f7b3f1bf9
0000052f8a5fa219
0000052f8ce68e99
0000052fa529a239
000005302a4b0159
000005304f422039
00000530641b28d9
00000530726ab819
0000053083fbc939
000005308eff7cf9
000005308eff95b9
0000053096fb2d19
00000530a2b76599
00000530c5e60819
00000530c6dc6a19
00000530d04ea499
00000530d07dcdd9
00000530e4fe3039
00000530e7428979
00000530f1a322d9
000005311a62ba59
00000531496a00d9
0000053158d926b9
000005318822f679
00000531c3b63759
00000a63b1a55361
0000000002232571
0000000000000181
00000531d93733f9
00000531de8a5c19
00000531de8a68d9
00000531f2cb6179
00000531f3174299
00000531f5d13779
00000531f5d14199
00000531f5d148b9
000005322abe97f9
000005323bd9d2d9
0000053271656e39
000005328243fad9
00000532a4012db9
00000533003ba379
0000053315224379
000005331522d579
000005331522e6b9
000005331aacceb9
000005332c1172d9
000005334025b2b9
00000533470473d9
0000053377812c19
000005337d51ae19
0000053387f504d9
00000533cbba6d19
0000053411cc8179
00000534192d1619
00000534192d3139
00000534231b9ef9
000005342621a499
00000534444efff9
000005344df40039
00000534aa044e39
00000534daac4d19
0000053516031a79
000005354b0eb699
000005358977dbb9
00000535f9147b99
00000535fc76e899
000005362924bcb9
0000053632d9d679
000005364d9f6c19
00000536783d3419
00000536783d8659
000005367a827979
00000536961acf19
000005369fb5d819
00000536a02b26b9
00000536a65382f9
00000536b4f3ad99
00000536bc5c0439
00000536bda6ac39
00000536c923a7b9
00000536c923bdb9
00000536d9d4d159
00000536dbc9d2d9
000005371e12a379
00000537206966f9
0000053740127ff9
00000537421b2bd9
00000537573b9e39
00000537811e23d9
00000537811ea499
00000537811eaeb9
00000537955488d9
00000537cac53cb9
00000537cac53ef9
00000537d61a0199
00000537d7792e39
00000537de148439
00000537e0fddd79
00000537e76171f9
00000537ed2baf99
00000538088bd3b9
00000538198fdad9
000005385bd50bb9
00000538785a33f9
00000538bf5012f9
00000538c1667ff9
00000538c3790d99
00000538d2b5c5b9
00000538f2d503f9
000005391e258bb9
000005392b1d2cb9
00000539772fef39
0000053981710579
0000053981711a59
00000539a1949f59
0000053a257b9c39
0000053a4abc9999
0000053a4e5f2d79
0000053ad33db739
0000053b0c934819
0000053b1b2500b9
00000a76520fef61
0000000002232571
0000000000000181
0000053b3ca77f19
0000053b3e4c2359
0000053b4081cf79
0000053b41d6df39
0000053b5f999119
0000053b80da42d9
0000053bb25deed9
0000053bcba40c39
0000053bd02a4159
0000053c40e3e919
0000053c5464e999
0000053c5c1eb119
0000053c70b71d99
0000053c71ca0219
0000053c7b1f00d9
0000053c8315bbd9
0000053cc0a2f1f9
0000053ce6ffb299
0000053cf3b30b79
0000053d019655d9
0000053d3bfe1c39
0000053d44959079
0000053d52f50e79
0000053d65241339
0000053d7e579eb9
0000053da683a3d9
0000053dd52f69b9
0000053de24f0359
0000053de24f09d9
0000053dfe2a60d9
0000053e1a2ba159
0000053e74e8a179
0000053e95516599
0000053eadee34d9
0000053ec908d4f9
0000053edc2bfa19
0000053ee1ac3099
0000053f22461f19
0000053f24c53439
0000053f2e9a79b9
0000053f325fefd9
0000053f718dd979
0000053f72ef94f9
0000053f748e09b9
0000053f8f1fc719
0000053fb812d8b9
0000053fcc40d419
0000053fd7cba999
0000053ff3d81e59
0000054009a30679
000005402be06bd9
0000054043e997d9
0000054048d1be99
000005408da806f9
0000054093ce6d39
000005409dab6759
00000540f5ff8cf9
0000054117c78539
0000054173889939
0000054178a1d999
0000054196f9abf9
00000541ba201cd9
00000541bdc07639
00000541bdc08819
00000541e35a35d9
00000541ff107d19
000005420712a2d9
000005421c4c9579
000005423b944ab9
00000542478e6e39
0000054263beb919
0000054274615d59
00000542c6219739
00000542cf14ab39
00000542e508eaf9
0000054306719e79
000005434a0b1499
000005439def6379
00000543aff20d39
00000543bc6e28f9
00000543eab5fd19
00000543f40d98b9
0000054449ddc479
000005445e503219
00000544631db8b9
00000a88f27a8b61
0000000002232571
0000000000000181
0000054492c48e99
00000544abf787f9
00000544ccdeb0b9
00000544d784b499
00000544d784bbb9
00000544daa4b459
000005453e69e699
000005455d03ca79
0000054560cc9199
0000054563be36b9
00000545810cac79
000005458154a939
0000054586abd299
00000545a8cfa579
00000545cc738cb9
00000545dfc1ac99
00000545eb93c5b9
00000545f2bf7b79
00000545f9465a19
00000545fcd479d9
0000054607b91a99
000005460d5c6f19
0000054623811519
000005463e7487d9
00000546825681f9
0000054688f507f9
00000546b4199a19
00000546c1a94359
00000546d936e6f9
00000546f062b1f9
00000546fb27deb9
000005470a2ca359
0000054712065ef9
000005471354fdb9
00000547171d8279
000005472fb0cf79
000005474abd6719
0000054776ca26d9
00000547a2084799
00000547a7aac5f9
00000547b1ff03b9
00000547b26b2c19
00000547bc52b759
00000547c6235499
00000547e24beaf9
00000548726ce8d9
00000548a94d1e59
00000548df23a379
00000548e94114f9
00000548fdd79df9
000005492531a219
000005493e09b719
0000054943116159
00000549a829c8d9
00000549c655edd9
00000549ce6c8919
00000549e67d1919
00000549e891b639
00000549f64666d9
00000549f7ef0a99
00000549fe4a4899
0000054a02ddf559
0000054a1ab44c39
0000054a44db5a19
0000054a630b88d9
0000054a6e0a8ab9
0000054a7e138219
0000054a7f172bf9
0000054a80f9da39
0000054a8e7eabf9
0000054aa2e5c8b9
0000054aaff86c59
0000054ab4ee7a59
0000054ac5e8fcf9
0000054ad8c721f9
0000054afb6bd579
0000054b00ba78d9
0000054b9cf60e19
0000054ba1a05459
0000054ba3557fd9
0000054ba3659b59
0000054bb643d4d9
0000054bc30319b9
0000054c15ae5a19
0000054c43ab1519
0000054c43ab26b9
0000054c4a95fb19
0000054c5b264b99
0000054c60f354b9
0000054c65a62259
0000054c92af1e99
0000054ccc9d4719
0000054cd1ed75f9
0000054d0ac06519
0000054d0ac08499
0000054d0ac086f9
0000054d1a2f9939
0000054d65942259
0000054d6eddaa19
0000054d7a0e8479
0000054d7a0e9f99
0000054d9bf90699
0000054dab810ad9
00000a9b92e52861
0000000002232571
0000000000000181
0000054df00f2199
0000054df85e9e39
0000054e0214f379
0000054e1ba906b9
0000054e27756639
0000054e72e50f39
0000054e7d2c42d9
0000054e7fb50119
0000054e87f52239
0000054e87f531f9
0000054e8d9863f9
0000054ea6cd7899
0000054ebde96459
0000054ec55f1659
0000054ed2118e59
0000054eeeb45459
0000054ef2a3a399
0000054ef2a3ad99
0000054ef912e719
0000054f06889a79
0000054f3aa9b3d9
0000054f3dab1bb9
0000054f6a4611f9
0000054f754e4359
0000054f90f7e9d9
0000054f90f7f2f9
0000054fabd297d9
0000054ff643e4d9
0000054ff7ec6ad9
0000055002cf0cf9
000005501a27f5b9
000005501d588779
0000055028e503b9
000005504a616319
00000550651692d9
000005506516a9d9
00000550695ae179
0000055088560d99
000005509abcff39
000005509bc1fcd9
00000550bab688f9
00000550c839a6d9
00000550cdc5f319
00000550cdfdc599
00000550dd2c1a79
00000550f56fa319
00000550f5b11919
00000550fb0145f9
0000055100de1379
000005511e89ee19
000005513408ce59
000005513408e459
0000055151519019
00000551534f61f9
0000055162e148d9
000005516dfe8b79
0000055196a27e39
00000551ca8610b9
00000551d5b3ff59
0000055201371159
000005520d9da359
000005522706c219
000005522706d379
000005522706dd99
000005522706e0d9
000005522a6f0999
000005523334fbf9
000005523c1b6199
0000055245576b59
000005525390ebd9
0000055268be9cb9
0000055298a43639
00000552a67fb5f9
00000552d35ad639
00000552db6dd139
00000552dd22f9f9
00000552e72bf259
00000552f280b6d9
00000552f8a81c39
00000552f8d2f719
000005535d1ed139
000005536867af99
000005539d734859
000005539dc8cc79
00000553cfba7099
00000553e7a31fd9
00000554263f5179
000005542793f9f9
00000554629b8b19
000005546d183619
000005549a204119
00000554a03737f9
00000554bc0fd7f9
00000554f72a18d9
0000055501213f79
0000055503004299
00000555035bf679
00000555084c5919
00000555191fec59
000005552b7bf879
0000055532873959
000005556a6ff2b9
000005557111e8f9
00000555832420f9
0000055588471499
0000055594b33099
0000055599edd519
00000555a5ad34f9
00000555e734cf19
0000055613d98ef9
00000556315b33f9
0000055635333319
0000055644496a99
0000055647af1739
0000055655120f59
0000055655122419
0000055667d1cef9
000005566ed6dff9
000005567223de19
0000055675feb1f9
0000055696e47e79
0000055698cec8f9
000005569e7581d9
00000556a64a6ed9
00000556a64a8619
00000556bad07779
00000556ceb919b9
00000556d8b5f779
00000556e32eae99
00000556ebc75639
00000557093df699
00000aae334fc461
0000000002232571
0000000000000181
0000055729e30959
0000055729e31759
0000055741106439
0000055749f80059
000005575feb18f9
000005576432eeb9
00000557701cc8b9
0000055776d3fe79
000005578660bdd9
00000557b5d8c059
00000557bb998ab9
00000557c2db3739
00000557dd982059
00000557edc323d9
000005582d3bdc79
000005584b8897f9
0000055860ff02b9
000005589fde8fb9
00000558a669c199
00000558cc45c299
00000558d3de6f99
00000558d3de7e39
00000558d3de7fd9
00000558d6a1ccf9
00000558f80bfd59
0000055912ce8359
0000055917e651d9
0000055941214019
0000055941217d59
0000055971b13919
00000559970f5f39
00000559e0dcbf39
00000559f35ad9f9
0000055a27e40b59
0000055a2c7b7b79
0000055a358d6d39
0000055a4c448ed9
0000055a587e63b9
0000055a5cc691d9
0000055a812917b9
0000055a827e3a99
0000055ab7c4f9b9
0000055acbceb799
0000055ad36c3499
0000055adb955f39
0000055b020f3f99
0000055b059fc419
0000055b196cf179
0000055b2337cc79
0000055b4512ce99
0000055b8127d739
0000055b9cb80c99
0000055b9d7c23f9
0000055ba46f1d19
0000055bb19f1139
0000055bc9558659
0000055bf5cfa959
0000055c2cbf2999
0000055c8c0b2739
0000055c92aa7bd9
0000055cc6bd1ed9
0000055cc73d55f9
0000055cddf41cd9
0000055cf52793b9
0000055d012f8939
0000055d14e098f9
0000055d16e7f019
0000055d2154e8f9
0000055d2aa3c539
0000055d36707839
0000055d39b73e19
0000055d3fb94739
0000055d4296bbd9
0000055d6bac2379
0000055d6f953bb9
0000055d720bef59
0000055d746b87d9
0000055d87032f99
0000055daa114899
0000055db8a4ff59
0000055dd69b38f9
0000055dd69b4279
0000055dd69b4599
0000055dd69b5ed9
0000055de3f9fa59
0000055e15f2fef9
0000055e2110a799
0000055e21d9f899
0000055e719992b9
0000055e8a529739
0000055e969e2979
0000055e969e3219
0000055e9b5a05f9
0000055eae9787b9
0000055eb3c91fb9
0000055ebc4644b9
0000055ec1303559
0000055ed1367bb9
0000055edc9ebaf9
0000055ee7557d19
0000055ef7d3b239
0000055effe51699
0000055f19179279
0000055f282b1f19
0000055f32739879
0000055f3d7d4bd9
0000055f41acf179
0000055f54440799
0000055f8ac89fd9
0000055fae213359
0000055fae213d59
0000055fcd210559
0000055ff4ef9779
0000055fff10f0b9
0000055fff10f299
0000055fff113dd9
00000ac0d3ba6061
0000000002232571
0000000000000181
0000056077e20f59
000005607fbd6099
000005608328ebf9
0000056095a943f9
0000056095a95099
00000560a4f2e739
00000560ac4186b9
00000560ac4190f9
00000560ce1a0ff9
00000560fba8fbd9
000005611be3e919
000005614188ff39
00000561499fa679
000005615300a839
00000561910e5b79
00000561a6d89919
00000561a8faef39
00000562132e3ab9
000005623d830a79
000005623ddb26f9
000005623e894679
0000056268fe14f9
000005629506baf9
00000562b181e959
00000562ba156a39
00000562cce06bf9
00000562da892b59
00000562e9f02879
0000056330d4f3f9
000005633d881fd9
000005635ef86879
00000563784cf979
000005638b808ad9
00000563b6238499
00000563b6238e99
00000563c7aca3b9
00000563cb20fbb9
000005640f535e79
000005641bacfbb9
000005641f00cc39
00000564448056d9
00000564448076b9
000005644ccd0e39
00000564b60bcf79
00000564f53f9919
000005650d7151b9
0000056529c835d9
0000056532cd10d9
0000056537d90e79
000005653e5a7399
0000056589da0959
0000056591081e19
00000566074cb239
000005662bf1f919
0000056632667879
000005664beacaf9
0000056650ceb859
0000056658a1a099
0000056659cd6539
000005666760e3b9
000005666ba53d59
000005666fd45999
0000056677881b99
000005668f372d39
00000566942c7a59
00000566d1c9ad59
00000566fe9c2b39
0000056708b1fa99
0000056714386019
000005673224f519
0000056733b25999
000005675cae2bb9
00000567b483a119
00000567c927f6d9
0000056805813ed9
000005681a224199
000005682dbf7c79
000005683ee090f9
0000056869fd2db9
00000568728de3d9
000005687c4f56f9
0000056895f8eb59
0000056898578539
0000056898578f39
0000056898579459
0000056898579e79
000005689a22dd59
00000568a5ba1479
00000568cebe6219
00000568dbbef779
00000568dfc5da59
00000568ec8ac659
00000568f696dcf9
000005690a3f6259
000005690a3f7119
0000056932298099
00000569aacbc8f9
00000569b38eddf9
00000ad37424fc61
0000000002232571
0000000000000181
00000569ed9a9f79
00000569fde079b9
0000056a021a9ed9
0000056a19922ab9
0000056a5e4b6959
0000056aa4cd8df9
0000056aa8b546f9
0000056acccfbd59
0000056ad3e72c19
0000056ae9797039
0000056af95ae7d9
0000056afa262d79
0000056b2a51e739
0000056b4651c719
0000056b66fd54f9
0000056b7e06c9f9
0000056bea0710d9
0000056bf1c55fb9
0000056bf7656439
0000056c12aae0b9
0000056c495960b9
0000056c79f60819
0000056c7fb83e19
0000056c951c8619
0000056ccf0978b9
0000056ce1621679
0000056d11f7ed79
0000056d13bde5b9
0000056d13bdee79
0000056d19bafe19
0000056d41391039
0000056d72d3cd59
0000056d7a1f0879
0000056d853f8879
0000056d9fc4f6d9
0000056d9fc50d19
0000056d9fc51d99
0000056dbffbae39
0000056df68b7359
0000056e36aa0999
0000056e6a37fbb9
0000056e85e8b579
0000056e85e9cc39
0000056ea1386679
0000056ed4e32659
0000056eda0db759
0000056ef52e6419
0000056efdf3b859
0000056f20466a59
0000056f214ca8f9
0000056f5ffcee79
0000056f6d2c6ad9
0000056f70de5999
0000056fb1fcc7f9
0000056fbf6f00d9
0000056fd4c04a79
0000056fe9006039
0000056ffd9ee739
0000057016676db9
0000057024789919
00000570359d4819
000005703fcbb519
0000057068f28819
000005707fade6f9
000005709df74419
00000570c6f24899
00000570c8609999
00000570d68344b9
00000570daa5d6d9
00000570f480e079
00000570f5f7eb99
00000571170de879
000005711f5b7d59
0000057123a47239
00000571865441b9
0000057193aab339
0000057193e68359
00000571aa2cd2d9
00000571aaf50f79
00000571aee179f9
0000057220e9e119
0000057236811679
000005724ad5a9d9
000005725eed9fd9
000005725eedb539
00000572610d9b39
00000572610dbd59
000005727b8bfdb9
000005728fda4639
000005728fdb0179
000005728fdb0b79
0000057291092df9
0000057291093cb9
0000057293df96b9
00000572c188db59
00000572cae479f9
00000572cae4bd39
00000572cb3994b9
00000572d9765999
0000057306aea699
0000057308180419
00000573085e8679
00000ae6148f9861
0000000002232571
0000000000000181
000005730aead599
000005733b9f1a79
000005733c359af9
000005735b6a40b9
000005736d1188f9
00000573775088b9
000005737a433a99
00000573c0500df9
00000573c9578719
00000573d8baf6f9
00000574561115f9
0000057460358ed9
0000057470dc90d9
0000057481c977b9
00000574a24dc899
00000574de98be19
000005750c2a9639
000005752415d679
00000575365b13b9
00000575365b1579
0000057541afe239
00000575423d0bb9
00000575511ab039
0000057553f9d039
000005759bd6a199
000005759d005419
00000575cd59fe39
00000575d2c42ef9
00000575f5e1b499
00000575fb858299
00000575fb859af9
000005761e6cceb9
000005765c6cc899
0000057663120499
0000057671851d99
000005768e796259
000005769b4042b9
00000576a5628879
00000576a562a739
00000576b171bb79
00000576bff30699
00000576e512fe99
000005774e083c59
000005775d66dff9
00000aeedc757461
0000000002232571
0000000000000181
